dataset,query_id,policy,work_budget,dense_depth,sparse_depth,actual_work,dense_work_share,absolute_depth_gap,certified_k_cap100,certified_at_least_100,next_certificate_gap,seen_candidates,returned_ndcg_at10,full_ndcg_at10,ndcg_retention,returned_recall_at100,full_recall_at100,recall_retention
msmarco-passage-trec-dl-2019,156493,balanced,128,64,64,128,0.5,0,18,0,-0.001752760261297226,91,0.8865613677260855,0.8865613677260855,1.0,0.13533834586466165,0.6466165413533834,0.20930232558139536
msmarco-passage-trec-dl-2019,156493,balanced,256,128,128,256,0.5,0,24,0,-0.0005608722567558289,187,0.8865613677260855,0.8865613677260855,1.0,0.18045112781954886,0.6466165413533834,0.27906976744186046
msmarco-passage-trec-dl-2019,156493,balanced,512,256,256,512,0.5,0,63,0,-1.9834376871585846e-05,382,0.8865613677260855,0.8865613677260855,1.0,0.46616541353383456,0.6466165413533834,0.7209302325581395
msmarco-passage-trec-dl-2019,156493,balanced,1024,512,512,1024,0.5,0,74,0,-5.2080489695072174e-05,698,0.8865613677260855,0.8865613677260855,1.0,0.5338345864661654,0.6466165413533834,0.8255813953488373
msmarco-passage-trec-dl-2019,156493,balanced,2048,1024,1024,2048,0.5,0,100,1,-inf,1371,0.8865613677260855,0.8865613677260855,1.0,0.6466165413533834,0.6466165413533834,1.0
msmarco-passage-trec-dl-2019,156493,balanced,4096,2048,2048,4096,0.5,0,100,1,-inf,3137,0.8865613677260855,0.8865613677260855,1.0,0.6466165413533834,0.6466165413533834,1.0
msmarco-passage-trec-dl-2019,156493,balanced,8192,4096,4096,8192,0.5,0,100,1,-inf,7001,0.8865613677260855,0.8865613677260855,1.0,0.6466165413533834,0.6466165413533834,1.0
msmarco-passage-trec-dl-2019,156493,balanced,10000,5000,5000,10000,0.5,0,100,1,-inf,8726,0.8865613677260855,0.8865613677260855,1.0,0.6466165413533834,0.6466165413533834,1.0
msmarco-passage-trec-dl-2019,156493,blocker,128,64,64,128,0.5,0,18,0,-0.001752760261297226,91,0.8865613677260855,0.8865613677260855,1.0,0.13533834586466165,0.6466165413533834,0.20930232558139536
msmarco-passage-trec-dl-2019,156493,blocker,256,96,160,256,0.375,64,25,0,-0.0002261381596326828,189,0.8865613677260855,0.8865613677260855,1.0,0.18796992481203006,0.6466165413533834,0.29069767441860467
msmarco-passage-trec-dl-2019,156493,blocker,512,320,192,512,0.625,128,66,0,-4.5064836740493774e-05,386,0.8865613677260855,0.8865613677260855,1.0,0.48872180451127817,0.6466165413533834,0.7558139534883721
msmarco-passage-trec-dl-2019,156493,blocker,1024,704,320,1024,0.6875,384,88,0,-0.00016165245324373245,761,0.8865613677260855,0.8865613677260855,1.0,0.5939849624060151,0.6466165413533834,0.9186046511627908
msmarco-passage-trec-dl-2019,156493,blocker,2048,1024,1024,2048,0.5,0,100,1,-inf,1371,0.8865613677260855,0.8865613677260855,1.0,0.6466165413533834,0.6466165413533834,1.0
msmarco-passage-trec-dl-2019,156493,blocker,4096,2048,2048,4096,0.5,0,100,1,-inf,3137,0.8865613677260855,0.8865613677260855,1.0,0.6466165413533834,0.6466165413533834,1.0
msmarco-passage-trec-dl-2019,156493,blocker,8192,4096,4096,8192,0.5,0,100,1,-inf,7001,0.8865613677260855,0.8865613677260855,1.0,0.6466165413533834,0.6466165413533834,1.0
msmarco-passage-trec-dl-2019,156493,blocker,10000,5000,5000,10000,0.5,0,100,1,-inf,8726,0.8865613677260855,0.8865613677260855,1.0,0.6466165413533834,0.6466165413533834,1.0
msmarco-passage-trec-dl-2019,156493,candidate,128,64,64,128,0.5,0,18,0,-0.001752760261297226,91,0.8865613677260855,0.8865613677260855,1.0,0.13533834586466165,0.6466165413533834,0.20930232558139536
msmarco-passage-trec-dl-2019,156493,candidate,256,96,160,256,0.375,64,25,0,-0.0002261381596326828,189,0.8865613677260855,0.8865613677260855,1.0,0.18796992481203006,0.6466165413533834,0.29069767441860467
msmarco-passage-trec-dl-2019,156493,candidate,512,320,192,512,0.625,128,66,0,-4.5064836740493774e-05,386,0.8865613677260855,0.8865613677260855,1.0,0.48872180451127817,0.6466165413533834,0.7558139534883721
msmarco-passage-trec-dl-2019,156493,candidate,1024,704,320,1024,0.6875,384,88,0,-0.00016165245324373245,761,0.8865613677260855,0.8865613677260855,1.0,0.5939849624060151,0.6466165413533834,0.9186046511627908
msmarco-passage-trec-dl-2019,156493,candidate,2048,1024,1024,2048,0.5,0,100,1,-inf,1371,0.8865613677260855,0.8865613677260855,1.0,0.6466165413533834,0.6466165413533834,1.0
msmarco-passage-trec-dl-2019,156493,candidate,4096,2048,2048,4096,0.5,0,100,1,-inf,3137,0.8865613677260855,0.8865613677260855,1.0,0.6466165413533834,0.6466165413533834,1.0
msmarco-passage-trec-dl-2019,156493,candidate,8192,4096,4096,8192,0.5,0,100,1,-inf,7001,0.8865613677260855,0.8865613677260855,1.0,0.6466165413533834,0.6466165413533834,1.0
msmarco-passage-trec-dl-2019,156493,candidate,10000,5000,5000,10000,0.5,0,100,1,-inf,8726,0.8865613677260855,0.8865613677260855,1.0,0.6466165413533834,0.6466165413533834,1.0
msmarco-passage-trec-dl-2019,156493,candidate-safe,128,64,64,128,0.5,0,18,0,-0.001752760261297226,91,0.8865613677260855,0.8865613677260855,1.0,0.13533834586466165,0.6466165413533834,0.20930232558139536
msmarco-passage-trec-dl-2019,156493,candidate-safe,256,96,160,256,0.375,64,25,0,-0.0002261381596326828,189,0.8865613677260855,0.8865613677260855,1.0,0.18796992481203006,0.6466165413533834,0.29069767441860467
msmarco-passage-trec-dl-2019,156493,candidate-safe,512,320,192,512,0.625,128,66,0,-4.5064836740493774e-05,386,0.8865613677260855,0.8865613677260855,1.0,0.48872180451127817,0.6466165413533834,0.7558139534883721
msmarco-passage-trec-dl-2019,156493,candidate-safe,1024,704,320,1024,0.6875,384,88,0,-0.00016165245324373245,761,0.8865613677260855,0.8865613677260855,1.0,0.5939849624060151,0.6466165413533834,0.9186046511627908
msmarco-passage-trec-dl-2019,156493,candidate-safe,2048,1024,1024,2048,0.5,0,100,1,-inf,1371,0.8865613677260855,0.8865613677260855,1.0,0.6466165413533834,0.6466165413533834,1.0
msmarco-passage-trec-dl-2019,156493,candidate-safe,4096,2048,2048,4096,0.5,0,100,1,-inf,3137,0.8865613677260855,0.8865613677260855,1.0,0.6466165413533834,0.6466165413533834,1.0
msmarco-passage-trec-dl-2019,156493,candidate-safe,8192,4096,4096,8192,0.5,0,100,1,-inf,7001,0.8865613677260855,0.8865613677260855,1.0,0.6466165413533834,0.6466165413533834,1.0
msmarco-passage-trec-dl-2019,156493,candidate-safe,10000,5000,5000,10000,0.5,0,100,1,-inf,8726,0.8865613677260855,0.8865613677260855,1.0,0.6466165413533834,0.6466165413533834,1.0
msmarco-passage-trec-dl-2019,156493,pressure,128,64,64,128,0.5,0,18,0,-0.001752760261297226,91,0.8865613677260855,0.8865613677260855,1.0,0.13533834586466165,0.6466165413533834,0.20930232558139536
msmarco-passage-trec-dl-2019,156493,pressure,256,96,160,256,0.375,64,25,0,-0.0002261381596326828,189,0.8865613677260855,0.8865613677260855,1.0,0.18796992481203006,0.6466165413533834,0.29069767441860467
msmarco-passage-trec-dl-2019,156493,pressure,512,320,192,512,0.625,128,66,0,-4.5064836740493774e-05,386,0.8865613677260855,0.8865613677260855,1.0,0.48872180451127817,0.6466165413533834,0.7558139534883721
msmarco-passage-trec-dl-2019,156493,pressure,1024,704,320,1024,0.6875,384,88,0,-0.00016165245324373245,761,0.8865613677260855,0.8865613677260855,1.0,0.5939849624060151,0.6466165413533834,0.9186046511627908
msmarco-passage-trec-dl-2019,156493,pressure,2048,1024,1024,2048,0.5,0,100,1,-inf,1371,0.8865613677260855,0.8865613677260855,1.0,0.6466165413533834,0.6466165413533834,1.0
msmarco-passage-trec-dl-2019,156493,pressure,4096,2048,2048,4096,0.5,0,100,1,-inf,3137,0.8865613677260855,0.8865613677260855,1.0,0.6466165413533834,0.6466165413533834,1.0
msmarco-passage-trec-dl-2019,156493,pressure,8192,4096,4096,8192,0.5,0,100,1,-inf,7001,0.8865613677260855,0.8865613677260855,1.0,0.6466165413533834,0.6466165413533834,1.0
msmarco-passage-trec-dl-2019,156493,pressure,10000,5000,5000,10000,0.5,0,100,1,-inf,8726,0.8865613677260855,0.8865613677260855,1.0,0.6466165413533834,0.6466165413533834,1.0
msmarco-passage-trec-dl-2019,156493,allocation-grid-oracle,128,64,64,128,0.5,0,18,0,-0.001752760261297226,91,0.8865613677260855,0.8865613677260855,1.0,0.13533834586466165,0.6466165413533834,0.20930232558139536
msmarco-passage-trec-dl-2019,156493,allocation-grid-oracle,256,96,160,256,0.375,64,25,0,-0.0002261381596326828,189,0.8865613677260855,0.8865613677260855,1.0,0.18796992481203006,0.6466165413533834,0.29069767441860467
msmarco-passage-trec-dl-2019,156493,allocation-grid-oracle,512,320,192,512,0.625,128,66,0,-4.5064836740493774e-05,386,0.8865613677260855,0.8865613677260855,1.0,0.48872180451127817,0.6466165413533834,0.7558139534883721
msmarco-passage-trec-dl-2019,156493,allocation-grid-oracle,1024,704,320,1024,0.6875,384,88,0,-0.00016165245324373245,761,0.8865613677260855,0.8865613677260855,1.0,0.5939849624060151,0.6466165413533834,0.9186046511627908
msmarco-passage-trec-dl-2019,156493,allocation-grid-oracle,2048,1024,1024,2048,0.5,0,100,1,-inf,1371,0.8865613677260855,0.8865613677260855,1.0,0.6466165413533834,0.6466165413533834,1.0
msmarco-passage-trec-dl-2019,156493,allocation-grid-oracle,4096,2048,2048,4096,0.5,0,100,1,-inf,3137,0.8865613677260855,0.8865613677260855,1.0,0.6466165413533834,0.6466165413533834,1.0
msmarco-passage-trec-dl-2019,156493,allocation-grid-oracle,8192,4096,4096,8192,0.5,0,100,1,-inf,7001,0.8865613677260855,0.8865613677260855,1.0,0.6466165413533834,0.6466165413533834,1.0
msmarco-passage-trec-dl-2019,156493,allocation-grid-oracle,10000,5000,5000,10000,0.5,0,100,1,-inf,8726,0.8865613677260855,0.8865613677260855,1.0,0.6466165413533834,0.6466165413533834,1.0
msmarco-passage-trec-dl-2019,1110199,balanced,128,64,64,128,0.5,0,3,0,-0.002260623499751091,124,0.2008536749993501,0.4492665775732898,0.44707014727037964,0.08571428571428572,0.5142857142857142,0.16666666666666669
msmarco-passage-trec-dl-2019,1110199,balanced,256,128,128,256,0.5,0,6,0,-0.0038930103182792664,245,0.28387916889131604,0.4492665775732898,0.6318724406891947,0.14285714285714285,0.5142857142857142,0.2777777777777778
msmarco-passage-trec-dl-2019,1110199,balanced,512,256,256,512,0.5,0,7,0,-0.0009804386645555496,480,0.37078383961757416,0.4492665775732898,0.8253091997636691,0.17142857142857143,0.5142857142857142,0.33333333333333337
msmarco-passage-trec-dl-2019,1110199,balanced,1024,512,512,1024,0.5,0,10,0,-0.0002128221094608307,948,0.4492665775732898,0.4492665775732898,1.0,0.2,0.5142857142857142,0.38888888888888895
msmarco-passage-trec-dl-2019,1110199,balanced,2048,1024,1024,2048,0.5,0,15,0,-0.000290941447019577,1757,0.4492665775732898,0.4492665775732898,1.0,0.22857142857142856,0.5142857142857142,0.4444444444444445
msmarco-passage-trec-dl-2019,1110199,balanced,4096,2048,2048,4096,0.5,0,17,0,-0.00025356560945510864,3372,0.4492665775732898,0.4492665775732898,1.0,0.2571428571428571,0.5142857142857142,0.5
msmarco-passage-trec-dl-2019,1110199,balanced,8192,4096,4096,8192,0.5,0,17,0,-1.9798055291175842e-05,6476,0.4492665775732898,0.4492665775732898,1.0,0.2571428571428571,0.5142857142857142,0.5
msmarco-passage-trec-dl-2019,1110199,balanced,10000,5000,5000,10000,0.5,0,19,0,-7.727183401584625e-05,8013,0.4492665775732898,0.4492665775732898,1.0,0.2857142857142857,0.5142857142857142,0.5555555555555556
msmarco-passage-trec-dl-2019,1110199,blocker,128,64,64,128,0.5,0,3,0,-0.002260623499751091,124,0.2008536749993501,0.4492665775732898,0.44707014727037964,0.08571428571428572,0.5142857142857142,0.16666666666666669
msmarco-passage-trec-dl-2019,1110199,blocker,256,128,128,256,0.5,0,6,0,-0.0038930103182792664,245,0.28387916889131604,0.4492665775732898,0.6318724406891947,0.14285714285714285,0.5142857142857142,0.2777777777777778
msmarco-passage-trec-dl-2019,1110199,blocker,512,240,272,512,0.46875,32,7,0,-0.0008848048746585846,479,0.37078383961757416,0.4492665775732898,0.8253091997636691,0.17142857142857143,0.5142857142857142,0.33333333333333337
msmarco-passage-trec-dl-2019,1110199,blocker,1024,512,512,1024,0.5,0,10,0,-0.0002128221094608307,948,0.4492665775732898,0.4492665775732898,1.0,0.2,0.5142857142857142,0.38888888888888895
msmarco-passage-trec-dl-2019,1110199,blocker,2048,672,1376,2048,0.328125,704,15,0,-6.481260061264038e-05,1798,0.4492665775732898,0.4492665775732898,1.0,0.22857142857142856,0.5142857142857142,0.4444444444444445
msmarco-passage-trec-dl-2019,1110199,blocker,4096,1168,2928,4096,0.28515625,1760,17,0,-0.0001224186271429062,3457,0.4492665775732898,0.4492665775732898,1.0,0.2571428571428571,0.5142857142857142,0.5
msmarco-passage-trec-dl-2019,1110199,blocker,8192,3192,5000,8192,0.3896484375,1808,19,0,-7.727183401584625e-05,6621,0.4492665775732898,0.4492665775732898,1.0,0.2857142857142857,0.5142857142857142,0.5555555555555556
msmarco-passage-trec-dl-2019,1110199,blocker,10000,5000,5000,10000,0.5,0,19,0,-7.727183401584625e-05,8013,0.4492665775732898,0.4492665775732898,1.0,0.2857142857142857,0.5142857142857142,0.5555555555555556
msmarco-passage-trec-dl-2019,1110199,candidate,128,32,96,128,0.25,64,3,0,-0.010596340522170067,125,0.2008536749993501,0.4492665775732898,0.44707014727037964,0.08571428571428572,0.5142857142857142,0.16666666666666669
msmarco-passage-trec-dl-2019,1110199,candidate,256,64,192,256,0.25,128,3,0,-0.0019873976707458496,248,0.2008536749993501,0.4492665775732898,0.44707014727037964,0.08571428571428572,0.5142857142857142,0.16666666666666669
msmarco-passage-trec-dl-2019,1110199,candidate,512,240,272,512,0.46875,32,7,0,-0.0008848048746585846,479,0.37078383961757416,0.4492665775732898,0.8253091997636691,0.17142857142857143,0.5142857142857142,0.33333333333333337
msmarco-passage-trec-dl-2019,1110199,candidate,1024,512,512,1024,0.5,0,10,0,-0.0002128221094608307,948,0.4492665775732898,0.4492665775732898,1.0,0.2,0.5142857142857142,0.38888888888888895
msmarco-passage-trec-dl-2019,1110199,candidate,2048,672,1376,2048,0.328125,704,15,0,-6.481260061264038e-05,1798,0.4492665775732898,0.4492665775732898,1.0,0.22857142857142856,0.5142857142857142,0.4444444444444445
msmarco-passage-trec-dl-2019,1110199,candidate,4096,1168,2928,4096,0.28515625,1760,17,0,-0.0001224186271429062,3457,0.4492665775732898,0.4492665775732898,1.0,0.2571428571428571,0.5142857142857142,0.5
msmarco-passage-trec-dl-2019,1110199,candidate,8192,3192,5000,8192,0.3896484375,1808,19,0,-7.727183401584625e-05,6621,0.4492665775732898,0.4492665775732898,1.0,0.2857142857142857,0.5142857142857142,0.5555555555555556
msmarco-passage-trec-dl-2019,1110199,candidate,10000,5000,5000,10000,0.5,0,19,0,-7.727183401584625e-05,8013,0.4492665775732898,0.4492665775732898,1.0,0.2857142857142857,0.5142857142857142,0.5555555555555556
msmarco-passage-trec-dl-2019,1110199,candidate-safe,128,32,96,128,0.25,64,3,0,-0.010596340522170067,125,0.2008536749993501,0.4492665775732898,0.44707014727037964,0.08571428571428572,0.5142857142857142,0.16666666666666669
msmarco-passage-trec-dl-2019,1110199,candidate-safe,256,64,192,256,0.25,128,3,0,-0.0019873976707458496,248,0.2008536749993501,0.4492665775732898,0.44707014727037964,0.08571428571428572,0.5142857142857142,0.16666666666666669
msmarco-passage-trec-dl-2019,1110199,candidate-safe,512,240,272,512,0.46875,32,7,0,-0.0008848048746585846,479,0.37078383961757416,0.4492665775732898,0.8253091997636691,0.17142857142857143,0.5142857142857142,0.33333333333333337
msmarco-passage-trec-dl-2019,1110199,candidate-safe,1024,512,512,1024,0.5,0,10,0,-0.0002128221094608307,948,0.4492665775732898,0.4492665775732898,1.0,0.2,0.5142857142857142,0.38888888888888895
msmarco-passage-trec-dl-2019,1110199,candidate-safe,2048,672,1376,2048,0.328125,704,15,0,-6.481260061264038e-05,1798,0.4492665775732898,0.4492665775732898,1.0,0.22857142857142856,0.5142857142857142,0.4444444444444445
msmarco-passage-trec-dl-2019,1110199,candidate-safe,4096,1168,2928,4096,0.28515625,1760,17,0,-0.0001224186271429062,3457,0.4492665775732898,0.4492665775732898,1.0,0.2571428571428571,0.5142857142857142,0.5
msmarco-passage-trec-dl-2019,1110199,candidate-safe,8192,3192,5000,8192,0.3896484375,1808,19,0,-7.727183401584625e-05,6621,0.4492665775732898,0.4492665775732898,1.0,0.2857142857142857,0.5142857142857142,0.5555555555555556
msmarco-passage-trec-dl-2019,1110199,candidate-safe,10000,5000,5000,10000,0.5,0,19,0,-7.727183401584625e-05,8013,0.4492665775732898,0.4492665775732898,1.0,0.2857142857142857,0.5142857142857142,0.5555555555555556
msmarco-passage-trec-dl-2019,1110199,pressure,128,64,64,128,0.5,0,3,0,-0.002260623499751091,124,0.2008536749993501,0.4492665775732898,0.44707014727037964,0.08571428571428572,0.5142857142857142,0.16666666666666669
msmarco-passage-trec-dl-2019,1110199,pressure,256,128,128,256,0.5,0,6,0,-0.0038930103182792664,245,0.28387916889131604,0.4492665775732898,0.6318724406891947,0.14285714285714285,0.5142857142857142,0.2777777777777778
msmarco-passage-trec-dl-2019,1110199,pressure,512,256,256,512,0.5,0,7,0,-0.0009804386645555496,480,0.37078383961757416,0.4492665775732898,0.8253091997636691,0.17142857142857143,0.5142857142857142,0.33333333333333337
msmarco-passage-trec-dl-2019,1110199,pressure,1024,512,512,1024,0.5,0,10,0,-0.0002128221094608307,948,0.4492665775732898,0.4492665775732898,1.0,0.2,0.5142857142857142,0.38888888888888895
msmarco-passage-trec-dl-2019,1110199,pressure,2048,672,1376,2048,0.328125,704,15,0,-6.481260061264038e-05,1798,0.4492665775732898,0.4492665775732898,1.0,0.22857142857142856,0.5142857142857142,0.4444444444444445
msmarco-passage-trec-dl-2019,1110199,pressure,4096,1360,2736,4096,0.33203125,1376,17,0,-0.0001368355005979538,3432,0.4492665775732898,0.4492665775732898,1.0,0.2571428571428571,0.5142857142857142,0.5
msmarco-passage-trec-dl-2019,1110199,pressure,8192,3192,5000,8192,0.3896484375,1808,19,0,-7.727183401584625e-05,6621,0.4492665775732898,0.4492665775732898,1.0,0.2857142857142857,0.5142857142857142,0.5555555555555556
msmarco-passage-trec-dl-2019,1110199,pressure,10000,5000,5000,10000,0.5,0,19,0,-7.727183401584625e-05,8013,0.4492665775732898,0.4492665775732898,1.0,0.2857142857142857,0.5142857142857142,0.5555555555555556
msmarco-passage-trec-dl-2019,1110199,allocation-grid-oracle,128,64,64,128,0.5,0,3,0,-0.002260623499751091,124,0.2008536749993501,0.4492665775732898,0.44707014727037964,0.08571428571428572,0.5142857142857142,0.16666666666666669
msmarco-passage-trec-dl-2019,1110199,allocation-grid-oracle,256,128,128,256,0.5,0,6,0,-0.0038930103182792664,245,0.28387916889131604,0.4492665775732898,0.6318724406891947,0.14285714285714285,0.5142857142857142,0.2777777777777778
msmarco-passage-trec-dl-2019,1110199,allocation-grid-oracle,512,240,272,512,0.46875,32,7,0,-0.0008848048746585846,479,0.37078383961757416,0.4492665775732898,0.8253091997636691,0.17142857142857143,0.5142857142857142,0.33333333333333337
msmarco-passage-trec-dl-2019,1110199,allocation-grid-oracle,1024,512,512,1024,0.5,0,10,0,-0.0002128221094608307,948,0.4492665775732898,0.4492665775732898,1.0,0.2,0.5142857142857142,0.38888888888888895
msmarco-passage-trec-dl-2019,1110199,allocation-grid-oracle,2048,672,1376,2048,0.328125,704,15,0,-6.481260061264038e-05,1798,0.4492665775732898,0.4492665775732898,1.0,0.22857142857142856,0.5142857142857142,0.4444444444444445
msmarco-passage-trec-dl-2019,1110199,allocation-grid-oracle,4096,1168,2928,4096,0.28515625,1760,17,0,-0.0001224186271429062,3457,0.4492665775732898,0.4492665775732898,1.0,0.2571428571428571,0.5142857142857142,0.5
msmarco-passage-trec-dl-2019,1110199,allocation-grid-oracle,8192,3192,5000,8192,0.3896484375,1808,19,0,-7.727183401584625e-05,6621,0.4492665775732898,0.4492665775732898,1.0,0.2857142857142857,0.5142857142857142,0.5555555555555556
msmarco-passage-trec-dl-2019,1110199,allocation-grid-oracle,10000,5000,5000,10000,0.5,0,19,0,-7.727183401584625e-05,8013,0.4492665775732898,0.4492665775732898,1.0,0.2857142857142857,0.5142857142857142,0.5555555555555556
msmarco-passage-trec-dl-2019,1063750,balanced,128,64,64,128,0.5,0,4,0,-0.0004887599498033524,122,0.2885562289271896,0.37641213526708334,0.7665965092290248,0.010869565217391304,0.15579710144927536,0.06976744186046512
msmarco-passage-trec-dl-2019,1063750,balanced,256,128,128,256,0.5,0,6,0,-0.0029861684888601303,243,0.2885562289271896,0.37641213526708334,0.7665965092290248,0.010869565217391304,0.15579710144927536,0.06976744186046512
msmarco-passage-trec-dl-2019,1063750,balanced,512,256,256,512,0.5,0,6,0,-0.0008242204785346985,488,0.2885562289271896,0.37641213526708334,0.7665965092290248,0.010869565217391304,0.15579710144927536,0.06976744186046512
msmarco-passage-trec-dl-2019,1063750,balanced,1024,512,512,1024,0.5,0,8,0,-0.00016274116933345795,984,0.37641213526708334,0.37641213526708334,1.0,0.018115942028985508,0.15579710144927536,0.11627906976744187
msmarco-passage-trec-dl-2019,1063750,balanced,2048,1024,1024,2048,0.5,0,10,0,-0.0002489108592271805,1981,0.37641213526708334,0.37641213526708334,1.0,0.018115942028985508,0.15579710144927536,0.11627906976744187
msmarco-passage-trec-dl-2019,1063750,balanced,4096,2048,2048,4096,0.5,0,16,0,-0.0002008490264415741,3969,0.37641213526708334,0.37641213526708334,1.0,0.03260869565217391,0.15579710144927536,0.20930232558139533
msmarco-passage-trec-dl-2019,1063750,balanced,8192,4096,4096,8192,0.5,0,17,0,-0.00019367411732673645,7949,0.37641213526708334,0.37641213526708334,1.0,0.03260869565217391,0.15579710144927536,0.20930232558139533
msmarco-passage-trec-dl-2019,1063750,balanced,10000,5000,5000,10000,0.5,0,17,0,-0.0001506861299276352,9713,0.37641213526708334,0.37641213526708334,1.0,0.03260869565217391,0.15579710144927536,0.20930232558139533
msmarco-passage-trec-dl-2019,1063750,blocker,128,64,64,128,0.5,0,4,0,-0.0004887599498033524,122,0.2885562289271896,0.37641213526708334,0.7665965092290248,0.010869565217391304,0.15579710144927536,0.06976744186046512
msmarco-passage-trec-dl-2019,1063750,blocker,256,144,112,256,0.5625,32,6,0,-0.0026873238384723663,243,0.2885562289271896,0.37641213526708334,0.7665965092290248,0.010869565217391304,0.15579710144927536,0.06976744186046512
msmarco-passage-trec-dl-2019,1063750,blocker,512,288,224,512,0.5625,64,6,0,-0.000533226877450943,488,0.2885562289271896,0.37641213526708334,0.7665965092290248,0.010869565217391304,0.15579710144927536,0.06976744186046512
msmarco-passage-trec-dl-2019,1063750,blocker,1024,640,384,1024,0.625,256,9,0,-0.0005281157791614532,986,0.37641213526708334,0.37641213526708334,1.0,0.018115942028985508,0.15579710144927536,0.11627906976744187
msmarco-passage-trec-dl-2019,1063750,blocker,2048,1424,624,2048,0.6953125,800,10,0,-2.5704503059387207e-07,1983,0.37641213526708334,0.37641213526708334,1.0,0.018115942028985508,0.15579710144927536,0.11627906976744187
msmarco-passage-trec-dl-2019,1063750,blocker,4096,2016,2080,4096,0.4921875,64,16,0,-0.00019375421106815338,3967,0.37641213526708334,0.37641213526708334,1.0,0.03260869565217391,0.15579710144927536,0.20930232558139533
msmarco-passage-trec-dl-2019,1063750,blocker,8192,3192,5000,8192,0.3896484375,1808,17,0,-0.0001506861299276352,7969,0.37641213526708334,0.37641213526708334,1.0,0.03260869565217391,0.15579710144927536,0.20930232558139533
msmarco-passage-trec-dl-2019,1063750,blocker,10000,5000,5000,10000,0.5,0,17,0,-0.0001506861299276352,9713,0.37641213526708334,0.37641213526708334,1.0,0.03260869565217391,0.15579710144927536,0.20930232558139533
msmarco-passage-trec-dl-2019,1063750,candidate,128,64,64,128,0.5,0,4,0,-0.0004887599498033524,122,0.2885562289271896,0.37641213526708334,0.7665965092290248,0.010869565217391304,0.15579710144927536,0.06976744186046512
msmarco-passage-trec-dl-2019,1063750,candidate,256,144,112,256,0.5625,32,6,0,-0.0026873238384723663,243,0.2885562289271896,0.37641213526708334,0.7665965092290248,0.010869565217391304,0.15579710144927536,0.06976744186046512
msmarco-passage-trec-dl-2019,1063750,candidate,512,288,224,512,0.5625,64,6,0,-0.000533226877450943,488,0.2885562289271896,0.37641213526708334,0.7665965092290248,0.010869565217391304,0.15579710144927536,0.06976744186046512
msmarco-passage-trec-dl-2019,1063750,candidate,1024,640,384,1024,0.625,256,9,0,-0.0005281157791614532,986,0.37641213526708334,0.37641213526708334,1.0,0.018115942028985508,0.15579710144927536,0.11627906976744187
msmarco-passage-trec-dl-2019,1063750,candidate,2048,1424,624,2048,0.6953125,800,10,0,-2.5704503059387207e-07,1983,0.37641213526708334,0.37641213526708334,1.0,0.018115942028985508,0.15579710144927536,0.11627906976744187
msmarco-passage-trec-dl-2019,1063750,candidate,4096,3360,736,4096,0.8203125,2624,14,0,-0.0004626307636499405,3995,0.37641213526708334,0.37641213526708334,1.0,0.028985507246376812,0.15579710144927536,0.18604651162790697
msmarco-passage-trec-dl-2019,1063750,candidate,8192,5000,3192,8192,0.6103515625,1808,16,0,-3.396719694137573e-05,7947,0.37641213526708334,0.37641213526708334,1.0,0.03260869565217391,0.15579710144927536,0.20930232558139533
msmarco-passage-trec-dl-2019,1063750,candidate,10000,5000,5000,10000,0.5,0,17,0,-0.0001506861299276352,9713,0.37641213526708334,0.37641213526708334,1.0,0.03260869565217391,0.15579710144927536,0.20930232558139533
msmarco-passage-trec-dl-2019,1063750,candidate-safe,128,64,64,128,0.5,0,4,0,-0.0004887599498033524,122,0.2885562289271896,0.37641213526708334,0.7665965092290248,0.010869565217391304,0.15579710144927536,0.06976744186046512
msmarco-passage-trec-dl-2019,1063750,candidate-safe,256,144,112,256,0.5625,32,6,0,-0.0026873238384723663,243,0.2885562289271896,0.37641213526708334,0.7665965092290248,0.010869565217391304,0.15579710144927536,0.06976744186046512
msmarco-passage-trec-dl-2019,1063750,candidate-safe,512,288,224,512,0.5625,64,6,0,-0.000533226877450943,488,0.2885562289271896,0.37641213526708334,0.7665965092290248,0.010869565217391304,0.15579710144927536,0.06976744186046512
msmarco-passage-trec-dl-2019,1063750,candidate-safe,1024,640,384,1024,0.625,256,9,0,-0.0005281157791614532,986,0.37641213526708334,0.37641213526708334,1.0,0.018115942028985508,0.15579710144927536,0.11627906976744187
msmarco-passage-trec-dl-2019,1063750,candidate-safe,2048,1424,624,2048,0.6953125,800,10,0,-2.5704503059387207e-07,1983,0.37641213526708334,0.37641213526708334,1.0,0.018115942028985508,0.15579710144927536,0.11627906976744187
msmarco-passage-trec-dl-2019,1063750,candidate-safe,4096,3360,736,4096,0.8203125,2624,14,0,-0.0004626307636499405,3995,0.37641213526708334,0.37641213526708334,1.0,0.028985507246376812,0.15579710144927536,0.18604651162790697
msmarco-passage-trec-dl-2019,1063750,candidate-safe,8192,5000,3192,8192,0.6103515625,1808,16,0,-3.396719694137573e-05,7947,0.37641213526708334,0.37641213526708334,1.0,0.03260869565217391,0.15579710144927536,0.20930232558139533
msmarco-passage-trec-dl-2019,1063750,candidate-safe,10000,5000,5000,10000,0.5,0,17,0,-0.0001506861299276352,9713,0.37641213526708334,0.37641213526708334,1.0,0.03260869565217391,0.15579710144927536,0.20930232558139533
msmarco-passage-trec-dl-2019,1063750,pressure,128,64,64,128,0.5,0,4,0,-0.0004887599498033524,122,0.2885562289271896,0.37641213526708334,0.7665965092290248,0.010869565217391304,0.15579710144927536,0.06976744186046512
msmarco-passage-trec-dl-2019,1063750,pressure,256,128,128,256,0.5,0,6,0,-0.0029861684888601303,243,0.2885562289271896,0.37641213526708334,0.7665965092290248,0.010869565217391304,0.15579710144927536,0.06976744186046512
msmarco-passage-trec-dl-2019,1063750,pressure,512,272,240,512,0.53125,32,6,0,-0.0006717108190059662,488,0.2885562289271896,0.37641213526708334,0.7665965092290248,0.010869565217391304,0.15579710144927536,0.06976744186046512
msmarco-passage-trec-dl-2019,1063750,pressure,1024,576,448,1024,0.5625,128,9,0,-0.0006418414413928986,985,0.37641213526708334,0.37641213526708334,1.0,0.018115942028985508,0.15579710144927536,0.11627906976744187
msmarco-passage-trec-dl-2019,1063750,pressure,2048,1424,624,2048,0.6953125,800,10,0,-2.5704503059387207e-07,1983,0.37641213526708334,0.37641213526708334,1.0,0.018115942028985508,0.15579710144927536,0.11627906976744187
msmarco-passage-trec-dl-2019,1063750,pressure,4096,2016,2080,4096,0.4921875,64,16,0,-0.00019375421106815338,3967,0.37641213526708334,0.37641213526708334,1.0,0.03260869565217391,0.15579710144927536,0.20930232558139533
msmarco-passage-trec-dl-2019,1063750,pressure,8192,3344,4848,8192,0.408203125,1504,17,0,-0.00015680678188800812,7967,0.37641213526708334,0.37641213526708334,1.0,0.03260869565217391,0.15579710144927536,0.20930232558139533
msmarco-passage-trec-dl-2019,1063750,pressure,10000,5000,5000,10000,0.5,0,17,0,-0.0001506861299276352,9713,0.37641213526708334,0.37641213526708334,1.0,0.03260869565217391,0.15579710144927536,0.20930232558139533
msmarco-passage-trec-dl-2019,1063750,allocation-grid-oracle,128,64,64,128,0.5,0,4,0,-0.0004887599498033524,122,0.2885562289271896,0.37641213526708334,0.7665965092290248,0.010869565217391304,0.15579710144927536,0.06976744186046512
msmarco-passage-trec-dl-2019,1063750,allocation-grid-oracle,256,144,112,256,0.5625,32,6,0,-0.0026873238384723663,243,0.2885562289271896,0.37641213526708334,0.7665965092290248,0.010869565217391304,0.15579710144927536,0.06976744186046512
msmarco-passage-trec-dl-2019,1063750,allocation-grid-oracle,512,288,224,512,0.5625,64,6,0,-0.000533226877450943,488,0.2885562289271896,0.37641213526708334,0.7665965092290248,0.010869565217391304,0.15579710144927536,0.06976744186046512
msmarco-passage-trec-dl-2019,1063750,allocation-grid-oracle,1024,640,384,1024,0.625,256,9,0,-0.0005281157791614532,986,0.37641213526708334,0.37641213526708334,1.0,0.018115942028985508,0.15579710144927536,0.11627906976744187
msmarco-passage-trec-dl-2019,1063750,allocation-grid-oracle,2048,1424,624,2048,0.6953125,800,10,0,-2.5704503059387207e-07,1983,0.37641213526708334,0.37641213526708334,1.0,0.018115942028985508,0.15579710144927536,0.11627906976744187
msmarco-passage-trec-dl-2019,1063750,allocation-grid-oracle,4096,2016,2080,4096,0.4921875,64,16,0,-0.00019375421106815338,3967,0.37641213526708334,0.37641213526708334,1.0,0.03260869565217391,0.15579710144927536,0.20930232558139533
msmarco-passage-trec-dl-2019,1063750,allocation-grid-oracle,8192,3192,5000,8192,0.3896484375,1808,17,0,-0.0001506861299276352,7969,0.37641213526708334,0.37641213526708334,1.0,0.03260869565217391,0.15579710144927536,0.20930232558139533
msmarco-passage-trec-dl-2019,1063750,allocation-grid-oracle,10000,5000,5000,10000,0.5,0,17,0,-0.0001506861299276352,9713,0.37641213526708334,0.37641213526708334,1.0,0.03260869565217391,0.15579710144927536,0.20930232558139533
msmarco-passage-trec-dl-2019,130510,balanced,128,64,64,128,0.5,0,22,0,-0.0037715863436460495,105,0.7468404933801904,0.7468404933801904,1.0,0.75,0.9642857142857143,0.7777777777777778
msmarco-passage-trec-dl-2019,130510,balanced,256,128,128,256,0.5,0,25,0,-0.0003674570471048355,223,0.7468404933801904,0.7468404933801904,1.0,0.7857142857142857,0.9642857142857143,0.8148148148148148
msmarco-passage-trec-dl-2019,130510,balanced,512,256,256,512,0.5,0,27,0,-0.0001767091453075409,459,0.7468404933801904,0.7468404933801904,1.0,0.7857142857142857,0.9642857142857143,0.8148148148148148
msmarco-passage-trec-dl-2019,130510,balanced,1024,512,512,1024,0.5,0,32,0,-0.0010843686759471893,928,0.7468404933801904,0.7468404933801904,1.0,0.8571428571428571,0.9642857142857143,0.8888888888888888
msmarco-passage-trec-dl-2019,130510,balanced,2048,1024,1024,2048,0.5,0,32,0,-0.00025862548500299454,1871,0.7468404933801904,0.7468404933801904,1.0,0.8571428571428571,0.9642857142857143,0.8888888888888888
msmarco-passage-trec-dl-2019,130510,balanced,4096,2048,2048,4096,0.5,0,33,0,-0.00044170860201120377,3660,0.7468404933801904,0.7468404933801904,1.0,0.8571428571428571,0.9642857142857143,0.8888888888888888
msmarco-passage-trec-dl-2019,130510,balanced,8192,4096,4096,8192,0.5,0,33,0,-0.00020794104784727097,7255,0.7468404933801904,0.7468404933801904,1.0,0.8571428571428571,0.9642857142857143,0.8888888888888888
msmarco-passage-trec-dl-2019,130510,balanced,10000,5000,5000,10000,0.5,0,33,0,-0.00016495399177074432,8883,0.7468404933801904,0.7468404933801904,1.0,0.8571428571428571,0.9642857142857143,0.8888888888888888
msmarco-passage-trec-dl-2019,130510,blocker,128,64,64,128,0.5,0,22,0,-0.0037715863436460495,105,0.7468404933801904,0.7468404933801904,1.0,0.75,0.9642857142857143,0.7777777777777778
msmarco-passage-trec-dl-2019,130510,blocker,256,160,96,256,0.625,64,26,0,-0.001637762412428856,223,0.7468404933801904,0.7468404933801904,1.0,0.7857142857142857,0.9642857142857143,0.8148148148148148
msmarco-passage-trec-dl-2019,130510,blocker,512,336,176,512,0.65625,160,30,0,-0.00028232671320438385,456,0.7468404933801904,0.7468404933801904,1.0,0.8571428571428571,0.9642857142857143,0.8888888888888888
msmarco-passage-trec-dl-2019,130510,blocker,1024,752,272,1024,0.734375,480,32,0,-0.0005676429718732834,938,0.7468404933801904,0.7468404933801904,1.0,0.8571428571428571,0.9642857142857143,0.8888888888888888
msmarco-passage-trec-dl-2019,130510,blocker,2048,1680,368,2048,0.8203125,1312,33,0,-0.00054203812032938,1916,0.7468404933801904,0.7468404933801904,1.0,0.8571428571428571,0.9642857142857143,0.8888888888888888
msmarco-passage-trec-dl-2019,130510,blocker,4096,3680,416,4096,0.8984375,3264,33,0,-0.0002347053959965706,3928,0.7468404933801904,0.7468404933801904,1.0,0.8571428571428571,0.9642857142857143,0.8888888888888888
msmarco-passage-trec-dl-2019,130510,blocker,8192,5000,3192,8192,0.6103515625,1808,33,0,-0.00016495399177074432,7306,0.7468404933801904,0.7468404933801904,1.0,0.8571428571428571,0.9642857142857143,0.8888888888888888
msmarco-passage-trec-dl-2019,130510,blocker,10000,5000,5000,10000,0.5,0,33,0,-0.00016495399177074432,8883,0.7468404933801904,0.7468404933801904,1.0,0.8571428571428571,0.9642857142857143,0.8888888888888888
msmarco-passage-trec-dl-2019,130510,candidate,128,64,64,128,0.5,0,22,0,-0.0037715863436460495,105,0.7468404933801904,0.7468404933801904,1.0,0.75,0.9642857142857143,0.7777777777777778
msmarco-passage-trec-dl-2019,130510,candidate,256,160,96,256,0.625,64,26,0,-0.001637762412428856,223,0.7468404933801904,0.7468404933801904,1.0,0.7857142857142857,0.9642857142857143,0.8148148148148148
msmarco-passage-trec-dl-2019,130510,candidate,512,336,176,512,0.65625,160,30,0,-0.00028232671320438385,456,0.7468404933801904,0.7468404933801904,1.0,0.8571428571428571,0.9642857142857143,0.8888888888888888
msmarco-passage-trec-dl-2019,130510,candidate,1024,752,272,1024,0.734375,480,32,0,-0.0005676429718732834,938,0.7468404933801904,0.7468404933801904,1.0,0.8571428571428571,0.9642857142857143,0.8888888888888888
msmarco-passage-trec-dl-2019,130510,candidate,2048,1680,368,2048,0.8203125,1312,33,0,-0.00054203812032938,1916,0.7468404933801904,0.7468404933801904,1.0,0.8571428571428571,0.9642857142857143,0.8888888888888888
msmarco-passage-trec-dl-2019,130510,candidate,4096,3680,416,4096,0.8984375,3264,33,0,-0.0002347053959965706,3928,0.7468404933801904,0.7468404933801904,1.0,0.8571428571428571,0.9642857142857143,0.8888888888888888
msmarco-passage-trec-dl-2019,130510,candidate,8192,5000,3192,8192,0.6103515625,1808,33,0,-0.00016495399177074432,7306,0.7468404933801904,0.7468404933801904,1.0,0.8571428571428571,0.9642857142857143,0.8888888888888888
msmarco-passage-trec-dl-2019,130510,candidate,10000,5000,5000,10000,0.5,0,33,0,-0.00016495399177074432,8883,0.7468404933801904,0.7468404933801904,1.0,0.8571428571428571,0.9642857142857143,0.8888888888888888
msmarco-passage-trec-dl-2019,130510,candidate-safe,128,64,64,128,0.5,0,22,0,-0.0037715863436460495,105,0.7468404933801904,0.7468404933801904,1.0,0.75,0.9642857142857143,0.7777777777777778
msmarco-passage-trec-dl-2019,130510,candidate-safe,256,160,96,256,0.625,64,26,0,-0.001637762412428856,223,0.7468404933801904,0.7468404933801904,1.0,0.7857142857142857,0.9642857142857143,0.8148148148148148
msmarco-passage-trec-dl-2019,130510,candidate-safe,512,336,176,512,0.65625,160,30,0,-0.00028232671320438385,456,0.7468404933801904,0.7468404933801904,1.0,0.8571428571428571,0.9642857142857143,0.8888888888888888
msmarco-passage-trec-dl-2019,130510,candidate-safe,1024,752,272,1024,0.734375,480,32,0,-0.0005676429718732834,938,0.7468404933801904,0.7468404933801904,1.0,0.8571428571428571,0.9642857142857143,0.8888888888888888
msmarco-passage-trec-dl-2019,130510,candidate-safe,2048,1680,368,2048,0.8203125,1312,33,0,-0.00054203812032938,1916,0.7468404933801904,0.7468404933801904,1.0,0.8571428571428571,0.9642857142857143,0.8888888888888888
msmarco-passage-trec-dl-2019,130510,candidate-safe,4096,3680,416,4096,0.8984375,3264,33,0,-0.0002347053959965706,3928,0.7468404933801904,0.7468404933801904,1.0,0.8571428571428571,0.9642857142857143,0.8888888888888888
msmarco-passage-trec-dl-2019,130510,candidate-safe,8192,5000,3192,8192,0.6103515625,1808,33,0,-0.00016495399177074432,7306,0.7468404933801904,0.7468404933801904,1.0,0.8571428571428571,0.9642857142857143,0.8888888888888888
msmarco-passage-trec-dl-2019,130510,candidate-safe,10000,5000,5000,10000,0.5,0,33,0,-0.00016495399177074432,8883,0.7468404933801904,0.7468404933801904,1.0,0.8571428571428571,0.9642857142857143,0.8888888888888888
msmarco-passage-trec-dl-2019,130510,pressure,128,64,64,128,0.5,0,22,0,-0.0037715863436460495,105,0.7468404933801904,0.7468404933801904,1.0,0.75,0.9642857142857143,0.7777777777777778
msmarco-passage-trec-dl-2019,130510,pressure,256,144,112,256,0.5625,32,26,0,-0.0010174084454774857,222,0.7468404933801904,0.7468404933801904,1.0,0.7857142857142857,0.9642857142857143,0.8148148148148148
msmarco-passage-trec-dl-2019,130510,pressure,512,336,176,512,0.65625,160,30,0,-0.00028232671320438385,456,0.7468404933801904,0.7468404933801904,1.0,0.8571428571428571,0.9642857142857143,0.8888888888888888
msmarco-passage-trec-dl-2019,130510,pressure,1024,672,352,1024,0.65625,320,32,0,-0.0007022358477115631,938,0.7468404933801904,0.7468404933801904,1.0,0.8571428571428571,0.9642857142857143,0.8888888888888888
msmarco-passage-trec-dl-2019,130510,pressure,2048,1568,480,2048,0.765625,1088,33,0,-0.0005815764889121056,1907,0.7468404933801904,0.7468404933801904,1.0,0.8571428571428571,0.9642857142857143,0.8888888888888888
msmarco-passage-trec-dl-2019,130510,pressure,4096,3616,480,4096,0.8828125,3136,33,0,-0.00023936014622449875,3916,0.7468404933801904,0.7468404933801904,1.0,0.8571428571428571,0.9642857142857143,0.8888888888888888
msmarco-passage-trec-dl-2019,130510,pressure,8192,5000,3192,8192,0.6103515625,1808,33,0,-0.00016495399177074432,7306,0.7468404933801904,0.7468404933801904,1.0,0.8571428571428571,0.9642857142857143,0.8888888888888888
msmarco-passage-trec-dl-2019,130510,pressure,10000,5000,5000,10000,0.5,0,33,0,-0.00016495399177074432,8883,0.7468404933801904,0.7468404933801904,1.0,0.8571428571428571,0.9642857142857143,0.8888888888888888
msmarco-passage-trec-dl-2019,130510,allocation-grid-oracle,128,64,64,128,0.5,0,22,0,-0.0037715863436460495,105,0.7468404933801904,0.7468404933801904,1.0,0.75,0.9642857142857143,0.7777777777777778
msmarco-passage-trec-dl-2019,130510,allocation-grid-oracle,256,144,112,256,0.5625,32,26,0,-0.0010174084454774857,222,0.7468404933801904,0.7468404933801904,1.0,0.7857142857142857,0.9642857142857143,0.8148148148148148
msmarco-passage-trec-dl-2019,130510,allocation-grid-oracle,512,336,176,512,0.65625,160,30,0,-0.00028232671320438385,456,0.7468404933801904,0.7468404933801904,1.0,0.8571428571428571,0.9642857142857143,0.8888888888888888
msmarco-passage-trec-dl-2019,130510,allocation-grid-oracle,1024,752,272,1024,0.734375,480,32,0,-0.0005676429718732834,938,0.7468404933801904,0.7468404933801904,1.0,0.8571428571428571,0.9642857142857143,0.8888888888888888
msmarco-passage-trec-dl-2019,130510,allocation-grid-oracle,2048,1680,368,2048,0.8203125,1312,33,0,-0.00054203812032938,1916,0.7468404933801904,0.7468404933801904,1.0,0.8571428571428571,0.9642857142857143,0.8888888888888888
msmarco-passage-trec-dl-2019,130510,allocation-grid-oracle,4096,3680,416,4096,0.8984375,3264,33,0,-0.0002347053959965706,3928,0.7468404933801904,0.7468404933801904,1.0,0.8571428571428571,0.9642857142857143,0.8888888888888888
msmarco-passage-trec-dl-2019,130510,allocation-grid-oracle,8192,5000,3192,8192,0.6103515625,1808,33,0,-0.00016495399177074432,7306,0.7468404933801904,0.7468404933801904,1.0,0.8571428571428571,0.9642857142857143,0.8888888888888888
msmarco-passage-trec-dl-2019,130510,allocation-grid-oracle,10000,5000,5000,10000,0.5,0,33,0,-0.00016495399177074432,8883,0.7468404933801904,0.7468404933801904,1.0,0.8571428571428571,0.9642857142857143,0.8888888888888888
msmarco-passage-trec-dl-2019,489204,balanced,128,64,64,128,0.5,0,4,0,-0.0006158854812383652,117,0.315450506619481,0.33565433467531713,0.9398076355087754,0.041666666666666664,0.17708333333333334,0.2352941176470588
msmarco-passage-trec-dl-2019,489204,balanced,256,128,128,256,0.5,0,7,0,-0.00013896822929382324,225,0.33565433467531713,0.33565433467531713,1.0,0.052083333333333336,0.17708333333333334,0.29411764705882354
msmarco-passage-trec-dl-2019,489204,balanced,512,256,256,512,0.5,0,10,0,-0.0001988094300031662,451,0.33565433467531713,0.33565433467531713,1.0,0.052083333333333336,0.17708333333333334,0.29411764705882354
msmarco-passage-trec-dl-2019,489204,balanced,1024,512,512,1024,0.5,0,21,0,-0.00012992508709430695,880,0.33565433467531713,0.33565433467531713,1.0,0.08333333333333333,0.17708333333333334,0.4705882352941176
msmarco-passage-trec-dl-2019,489204,balanced,2048,1024,1024,2048,0.5,0,24,0,-5.963630974292755e-05,1714,0.33565433467531713,0.33565433467531713,1.0,0.09375,0.17708333333333334,0.5294117647058824
msmarco-passage-trec-dl-2019,489204,balanced,4096,2048,2048,4096,0.5,0,26,0,-0.0002935584634542465,3266,0.33565433467531713,0.33565433467531713,1.0,0.09375,0.17708333333333334,0.5294117647058824
msmarco-passage-trec-dl-2019,489204,balanced,8192,4096,4096,8192,0.5,0,28,0,-0.00016493722796440125,6544,0.33565433467531713,0.33565433467531713,1.0,0.10416666666666667,0.17708333333333334,0.5882352941176471
msmarco-passage-trec-dl-2019,489204,balanced,10000,5000,5000,10000,0.5,0,28,0,-0.00012194924056529999,8076,0.33565433467531713,0.33565433467531713,1.0,0.10416666666666667,0.17708333333333334,0.5882352941176471
msmarco-passage-trec-dl-2019,489204,blocker,128,64,64,128,0.5,0,4,0,-0.0006158854812383652,117,0.315450506619481,0.33565433467531713,0.9398076355087754,0.041666666666666664,0.17708333333333334,0.2352941176470588
msmarco-passage-trec-dl-2019,489204,blocker,256,112,144,256,0.4375,32,7,0,-9.613670408725739e-05,231,0.33565433467531713,0.33565433467531713,1.0,0.052083333333333336,0.17708333333333334,0.29411764705882354
msmarco-passage-trec-dl-2019,489204,blocker,512,224,288,512,0.4375,64,10,0,-1.7741695046424866e-05,453,0.33565433467531713,0.33565433467531713,1.0,0.052083333333333336,0.17708333333333334,0.29411764705882354
msmarco-passage-trec-dl-2019,489204,blocker,1024,384,640,1024,0.375,256,22,0,-0.0003998018801212311,903,0.33565433467531713,0.33565433467531713,1.0,0.09375,0.17708333333333334,0.5294117647058824
msmarco-passage-trec-dl-2019,489204,blocker,2048,624,1424,2048,0.3046875,800,26,0,-0.0004930291324853897,1751,0.33565433467531713,0.33565433467531713,1.0,0.09375,0.17708333333333334,0.5294117647058824
msmarco-passage-trec-dl-2019,489204,blocker,4096,1120,2976,4096,0.2734375,1856,28,0,-0.0002537015825510025,3364,0.33565433467531713,0.33565433467531713,1.0,0.10416666666666667,0.17708333333333334,0.5882352941176471
msmarco-passage-trec-dl-2019,489204,blocker,8192,3192,5000,8192,0.3896484375,1808,28,0,-0.00012194924056529999,6644,0.33565433467531713,0.33565433467531713,1.0,0.10416666666666667,0.17708333333333334,0.5882352941176471
msmarco-passage-trec-dl-2019,489204,blocker,10000,5000,5000,10000,0.5,0,28,0,-0.00012194924056529999,8076,0.33565433467531713,0.33565433467531713,1.0,0.10416666666666667,0.17708333333333334,0.5882352941176471
msmarco-passage-trec-dl-2019,489204,candidate,128,64,64,128,0.5,0,4,0,-0.0006158854812383652,117,0.315450506619481,0.33565433467531713,0.9398076355087754,0.041666666666666664,0.17708333333333334,0.2352941176470588
msmarco-passage-trec-dl-2019,489204,candidate,256,112,144,256,0.4375,32,7,0,-9.613670408725739e-05,231,0.33565433467531713,0.33565433467531713,1.0,0.052083333333333336,0.17708333333333334,0.29411764705882354
msmarco-passage-trec-dl-2019,489204,candidate,512,224,288,512,0.4375,64,10,0,-1.7741695046424866e-05,453,0.33565433467531713,0.33565433467531713,1.0,0.052083333333333336,0.17708333333333334,0.29411764705882354
msmarco-passage-trec-dl-2019,489204,candidate,1024,384,640,1024,0.375,256,22,0,-0.0003998018801212311,903,0.33565433467531713,0.33565433467531713,1.0,0.09375,0.17708333333333334,0.5294117647058824
msmarco-passage-trec-dl-2019,489204,candidate,2048,624,1424,2048,0.3046875,800,26,0,-0.0004930291324853897,1751,0.33565433467531713,0.33565433467531713,1.0,0.09375,0.17708333333333334,0.5294117647058824
msmarco-passage-trec-dl-2019,489204,candidate,4096,1120,2976,4096,0.2734375,1856,28,0,-0.0002537015825510025,3364,0.33565433467531713,0.33565433467531713,1.0,0.10416666666666667,0.17708333333333334,0.5882352941176471
msmarco-passage-trec-dl-2019,489204,candidate,8192,3192,5000,8192,0.3896484375,1808,28,0,-0.00012194924056529999,6644,0.33565433467531713,0.33565433467531713,1.0,0.10416666666666667,0.17708333333333334,0.5882352941176471
msmarco-passage-trec-dl-2019,489204,candidate,10000,5000,5000,10000,0.5,0,28,0,-0.00012194924056529999,8076,0.33565433467531713,0.33565433467531713,1.0,0.10416666666666667,0.17708333333333334,0.5882352941176471
msmarco-passage-trec-dl-2019,489204,candidate-safe,128,64,64,128,0.5,0,4,0,-0.0006158854812383652,117,0.315450506619481,0.33565433467531713,0.9398076355087754,0.041666666666666664,0.17708333333333334,0.2352941176470588
msmarco-passage-trec-dl-2019,489204,candidate-safe,256,112,144,256,0.4375,32,7,0,-9.613670408725739e-05,231,0.33565433467531713,0.33565433467531713,1.0,0.052083333333333336,0.17708333333333334,0.29411764705882354
msmarco-passage-trec-dl-2019,489204,candidate-safe,512,224,288,512,0.4375,64,10,0,-1.7741695046424866e-05,453,0.33565433467531713,0.33565433467531713,1.0,0.052083333333333336,0.17708333333333334,0.29411764705882354
msmarco-passage-trec-dl-2019,489204,candidate-safe,1024,384,640,1024,0.375,256,22,0,-0.0003998018801212311,903,0.33565433467531713,0.33565433467531713,1.0,0.09375,0.17708333333333334,0.5294117647058824
msmarco-passage-trec-dl-2019,489204,candidate-safe,2048,624,1424,2048,0.3046875,800,26,0,-0.0004930291324853897,1751,0.33565433467531713,0.33565433467531713,1.0,0.09375,0.17708333333333334,0.5294117647058824
msmarco-passage-trec-dl-2019,489204,candidate-safe,4096,1120,2976,4096,0.2734375,1856,28,0,-0.0002537015825510025,3364,0.33565433467531713,0.33565433467531713,1.0,0.10416666666666667,0.17708333333333334,0.5882352941176471
msmarco-passage-trec-dl-2019,489204,candidate-safe,8192,3192,5000,8192,0.3896484375,1808,28,0,-0.00012194924056529999,6644,0.33565433467531713,0.33565433467531713,1.0,0.10416666666666667,0.17708333333333334,0.5882352941176471
msmarco-passage-trec-dl-2019,489204,candidate-safe,10000,5000,5000,10000,0.5,0,28,0,-0.00012194924056529999,8076,0.33565433467531713,0.33565433467531713,1.0,0.10416666666666667,0.17708333333333334,0.5882352941176471
msmarco-passage-trec-dl-2019,489204,pressure,128,64,64,128,0.5,0,4,0,-0.0006158854812383652,117,0.315450506619481,0.33565433467531713,0.9398076355087754,0.041666666666666664,0.17708333333333334,0.2352941176470588
msmarco-passage-trec-dl-2019,489204,pressure,256,128,128,256,0.5,0,7,0,-0.00013896822929382324,225,0.33565433467531713,0.33565433467531713,1.0,0.052083333333333336,0.17708333333333334,0.29411764705882354
msmarco-passage-trec-dl-2019,489204,pressure,512,240,272,512,0.46875,32,10,0,-4.62997704744339e-05,453,0.33565433467531713,0.33565433467531713,1.0,0.052083333333333336,0.17708333333333334,0.29411764705882354
msmarco-passage-trec-dl-2019,489204,pressure,1024,432,592,1024,0.421875,160,22,0,-0.0004749428480863571,893,0.33565433467531713,0.33565433467531713,1.0,0.09375,0.17708333333333334,0.5294117647058824
msmarco-passage-trec-dl-2019,489204,pressure,2048,736,1312,2048,0.359375,576,26,0,-0.0005480367690324783,1727,0.33565433467531713,0.33565433467531713,1.0,0.09375,0.17708333333333334,0.5294117647058824
msmarco-passage-trec-dl-2019,489204,pressure,4096,1136,2960,4096,0.27734375,1824,28,0,-0.0002554468810558319,3358,0.33565433467531713,0.33565433467531713,1.0,0.10416666666666667,0.17708333333333334,0.5882352941176471
msmarco-passage-trec-dl-2019,489204,pressure,8192,3192,5000,8192,0.3896484375,1808,28,0,-0.00012194924056529999,6644,0.33565433467531713,0.33565433467531713,1.0,0.10416666666666667,0.17708333333333334,0.5882352941176471
msmarco-passage-trec-dl-2019,489204,pressure,10000,5000,5000,10000,0.5,0,28,0,-0.00012194924056529999,8076,0.33565433467531713,0.33565433467531713,1.0,0.10416666666666667,0.17708333333333334,0.5882352941176471
msmarco-passage-trec-dl-2019,489204,allocation-grid-oracle,128,64,64,128,0.5,0,4,0,-0.0006158854812383652,117,0.315450506619481,0.33565433467531713,0.9398076355087754,0.041666666666666664,0.17708333333333334,0.2352941176470588
msmarco-passage-trec-dl-2019,489204,allocation-grid-oracle,256,112,144,256,0.4375,32,7,0,-9.613670408725739e-05,231,0.33565433467531713,0.33565433467531713,1.0,0.052083333333333336,0.17708333333333334,0.29411764705882354
msmarco-passage-trec-dl-2019,489204,allocation-grid-oracle,512,224,288,512,0.4375,64,10,0,-1.7741695046424866e-05,453,0.33565433467531713,0.33565433467531713,1.0,0.052083333333333336,0.17708333333333334,0.29411764705882354
msmarco-passage-trec-dl-2019,489204,allocation-grid-oracle,1024,384,640,1024,0.375,256,22,0,-0.0003998018801212311,903,0.33565433467531713,0.33565433467531713,1.0,0.09375,0.17708333333333334,0.5294117647058824
msmarco-passage-trec-dl-2019,489204,allocation-grid-oracle,2048,624,1424,2048,0.3046875,800,26,0,-0.0004930291324853897,1751,0.33565433467531713,0.33565433467531713,1.0,0.09375,0.17708333333333334,0.5294117647058824
msmarco-passage-trec-dl-2019,489204,allocation-grid-oracle,4096,1120,2976,4096,0.2734375,1856,28,0,-0.0002537015825510025,3364,0.33565433467531713,0.33565433467531713,1.0,0.10416666666666667,0.17708333333333334,0.5882352941176471
msmarco-passage-trec-dl-2019,489204,allocation-grid-oracle,8192,3192,5000,8192,0.3896484375,1808,28,0,-0.00012194924056529999,6644,0.33565433467531713,0.33565433467531713,1.0,0.10416666666666667,0.17708333333333334,0.5882352941176471
msmarco-passage-trec-dl-2019,489204,allocation-grid-oracle,10000,5000,5000,10000,0.5,0,28,0,-0.00012194924056529999,8076,0.33565433467531713,0.33565433467531713,1.0,0.10416666666666667,0.17708333333333334,0.5882352941176471
msmarco-passage-trec-dl-2019,573724,balanced,128,64,64,128,0.5,0,18,0,-0.0008675474673509598,89,0.44917869508352665,0.44917869508352665,1.0,0.2608695652173913,0.7971014492753623,0.32727272727272727
msmarco-passage-trec-dl-2019,573724,balanced,256,128,128,256,0.5,0,25,0,-0.00028748251497745514,177,0.44917869508352665,0.44917869508352665,1.0,0.30434782608695654,0.7971014492753623,0.38181818181818183
msmarco-passage-trec-dl-2019,573724,balanced,512,256,256,512,0.5,0,66,0,-5.784817039966583e-05,399,0.44917869508352665,0.44917869508352665,1.0,0.6521739130434783,0.7971014492753623,0.8181818181818182
msmarco-passage-trec-dl-2019,573724,balanced,1024,512,512,1024,0.5,0,76,0,-1.724623143672943e-05,879,0.44917869508352665,0.44917869508352665,1.0,0.7246376811594203,0.7971014492753623,0.9090909090909091
msmarco-passage-trec-dl-2019,573724,balanced,2048,1024,1024,2048,0.5,0,82,0,-6.479676812887192e-05,1853,0.44917869508352665,0.44917869508352665,1.0,0.7536231884057971,0.7971014492753623,0.9454545454545454
msmarco-passage-trec-dl-2019,573724,balanced,4096,2048,2048,4096,0.5,0,91,0,-7.843691855669022e-05,3757,0.44917869508352665,0.44917869508352665,1.0,0.782608695652174,0.7971014492753623,0.9818181818181819
msmarco-passage-trec-dl-2019,573724,balanced,8192,4096,4096,8192,0.5,0,94,0,-8.701160550117493e-05,7560,0.44917869508352665,0.44917869508352665,1.0,0.7971014492753623,0.7971014492753623,1.0
msmarco-passage-trec-dl-2019,573724,balanced,10000,5000,5000,10000,0.5,0,94,0,-4.4024549424648285e-05,9273,0.44917869508352665,0.44917869508352665,1.0,0.7971014492753623,0.7971014492753623,1.0
msmarco-passage-trec-dl-2019,573724,blocker,128,64,64,128,0.5,0,18,0,-0.0008675474673509598,89,0.44917869508352665,0.44917869508352665,1.0,0.2608695652173913,0.7971014492753623,0.32727272727272727
msmarco-passage-trec-dl-2019,573724,blocker,256,112,144,256,0.4375,32,27,0,-2.339482307434082e-05,174,0.44917869508352665,0.44917869508352665,1.0,0.3333333333333333,0.7971014492753623,0.41818181818181815
msmarco-passage-trec-dl-2019,573724,blocker,512,320,192,512,0.625,128,72,0,-0.00010382197797298431,399,0.44917869508352665,0.44917869508352665,1.0,0.7101449275362319,0.7971014492753623,0.890909090909091
msmarco-passage-trec-dl-2019,573724,blocker,1024,768,256,1024,0.75,512,79,0,-6.392132490873337e-05,901,0.44917869508352665,0.44917869508352665,1.0,0.7246376811594203,0.7971014492753623,0.9090909090909091
msmarco-passage-trec-dl-2019,573724,blocker,2048,1744,304,2048,0.8515625,1440,90,0,-3.576930612325668e-05,1903,0.44917869508352665,0.44917869508352665,1.0,0.782608695652174,0.7971014492753623,0.9818181818181819
msmarco-passage-trec-dl-2019,573724,blocker,4096,3680,416,4096,0.8984375,3264,93,0,-2.160482108592987e-05,3920,0.44917869508352665,0.44917869508352665,1.0,0.782608695652174,0.7971014492753623,0.9818181818181819
msmarco-passage-trec-dl-2019,573724,blocker,8192,5000,3192,8192,0.6103515625,1808,94,0,-4.4024549424648285e-05,7605,0.44917869508352665,0.44917869508352665,1.0,0.7971014492753623,0.7971014492753623,1.0
msmarco-passage-trec-dl-2019,573724,blocker,10000,5000,5000,10000,0.5,0,94,0,-4.4024549424648285e-05,9273,0.44917869508352665,0.44917869508352665,1.0,0.7971014492753623,0.7971014492753623,1.0
msmarco-passage-trec-dl-2019,573724,candidate,128,64,64,128,0.5,0,18,0,-0.0008675474673509598,89,0.44917869508352665,0.44917869508352665,1.0,0.2608695652173913,0.7971014492753623,0.32727272727272727
msmarco-passage-trec-dl-2019,573724,candidate,256,112,144,256,0.4375,32,27,0,-2.339482307434082e-05,174,0.44917869508352665,0.44917869508352665,1.0,0.3333333333333333,0.7971014492753623,0.41818181818181815
msmarco-passage-trec-dl-2019,573724,candidate,512,320,192,512,0.625,128,72,0,-0.00010382197797298431,399,0.44917869508352665,0.44917869508352665,1.0,0.7101449275362319,0.7971014492753623,0.890909090909091
msmarco-passage-trec-dl-2019,573724,candidate,1024,768,256,1024,0.75,512,79,0,-6.392132490873337e-05,901,0.44917869508352665,0.44917869508352665,1.0,0.7246376811594203,0.7971014492753623,0.9090909090909091
msmarco-passage-trec-dl-2019,573724,candidate,2048,1744,304,2048,0.8515625,1440,90,0,-3.576930612325668e-05,1903,0.44917869508352665,0.44917869508352665,1.0,0.782608695652174,0.7971014492753623,0.9818181818181819
msmarco-passage-trec-dl-2019,573724,candidate,4096,3760,336,4096,0.91796875,3424,92,0,-0.00033013056963682175,3933,0.44917869508352665,0.44917869508352665,1.0,0.782608695652174,0.7971014492753623,0.9818181818181819
msmarco-passage-trec-dl-2019,573724,candidate,8192,5000,3192,8192,0.6103515625,1808,94,0,-4.4024549424648285e-05,7605,0.44917869508352665,0.44917869508352665,1.0,0.7971014492753623,0.7971014492753623,1.0
msmarco-passage-trec-dl-2019,573724,candidate,10000,5000,5000,10000,0.5,0,94,0,-4.4024549424648285e-05,9273,0.44917869508352665,0.44917869508352665,1.0,0.7971014492753623,0.7971014492753623,1.0
msmarco-passage-trec-dl-2019,573724,candidate-safe,128,64,64,128,0.5,0,18,0,-0.0008675474673509598,89,0.44917869508352665,0.44917869508352665,1.0,0.2608695652173913,0.7971014492753623,0.32727272727272727
msmarco-passage-trec-dl-2019,573724,candidate-safe,256,112,144,256,0.4375,32,27,0,-2.339482307434082e-05,174,0.44917869508352665,0.44917869508352665,1.0,0.3333333333333333,0.7971014492753623,0.41818181818181815
msmarco-passage-trec-dl-2019,573724,candidate-safe,512,320,192,512,0.625,128,72,0,-0.00010382197797298431,399,0.44917869508352665,0.44917869508352665,1.0,0.7101449275362319,0.7971014492753623,0.890909090909091
msmarco-passage-trec-dl-2019,573724,candidate-safe,1024,768,256,1024,0.75,512,79,0,-6.392132490873337e-05,901,0.44917869508352665,0.44917869508352665,1.0,0.7246376811594203,0.7971014492753623,0.9090909090909091
msmarco-passage-trec-dl-2019,573724,candidate-safe,2048,1744,304,2048,0.8515625,1440,90,0,-3.576930612325668e-05,1903,0.44917869508352665,0.44917869508352665,1.0,0.782608695652174,0.7971014492753623,0.9818181818181819
msmarco-passage-trec-dl-2019,573724,candidate-safe,4096,3760,336,4096,0.91796875,3424,92,0,-0.00033013056963682175,3933,0.44917869508352665,0.44917869508352665,1.0,0.782608695652174,0.7971014492753623,0.9818181818181819
msmarco-passage-trec-dl-2019,573724,candidate-safe,8192,5000,3192,8192,0.6103515625,1808,94,0,-4.4024549424648285e-05,7605,0.44917869508352665,0.44917869508352665,1.0,0.7971014492753623,0.7971014492753623,1.0
msmarco-passage-trec-dl-2019,573724,candidate-safe,10000,5000,5000,10000,0.5,0,94,0,-4.4024549424648285e-05,9273,0.44917869508352665,0.44917869508352665,1.0,0.7971014492753623,0.7971014492753623,1.0
msmarco-passage-trec-dl-2019,573724,pressure,128,64,64,128,0.5,0,18,0,-0.0008675474673509598,89,0.44917869508352665,0.44917869508352665,1.0,0.2608695652173913,0.7971014492753623,0.32727272727272727
msmarco-passage-trec-dl-2019,573724,pressure,256,112,144,256,0.4375,32,27,0,-2.339482307434082e-05,174,0.44917869508352665,0.44917869508352665,1.0,0.3333333333333333,0.7971014492753623,0.41818181818181815
msmarco-passage-trec-dl-2019,573724,pressure,512,320,192,512,0.625,128,72,0,-0.00010382197797298431,399,0.44917869508352665,0.44917869508352665,1.0,0.7101449275362319,0.7971014492753623,0.890909090909091
msmarco-passage-trec-dl-2019,573724,pressure,1024,768,256,1024,0.75,512,79,0,-6.392132490873337e-05,901,0.44917869508352665,0.44917869508352665,1.0,0.7246376811594203,0.7971014492753623,0.9090909090909091
msmarco-passage-trec-dl-2019,573724,pressure,2048,1744,304,2048,0.8515625,1440,90,0,-3.576930612325668e-05,1903,0.44917869508352665,0.44917869508352665,1.0,0.782608695652174,0.7971014492753623,0.9818181818181819
msmarco-passage-trec-dl-2019,573724,pressure,4096,3680,416,4096,0.8984375,3264,93,0,-2.160482108592987e-05,3920,0.44917869508352665,0.44917869508352665,1.0,0.782608695652174,0.7971014492753623,0.9818181818181819
msmarco-passage-trec-dl-2019,573724,pressure,8192,5000,3192,8192,0.6103515625,1808,94,0,-4.4024549424648285e-05,7605,0.44917869508352665,0.44917869508352665,1.0,0.7971014492753623,0.7971014492753623,1.0
msmarco-passage-trec-dl-2019,573724,pressure,10000,5000,5000,10000,0.5,0,94,0,-4.4024549424648285e-05,9273,0.44917869508352665,0.44917869508352665,1.0,0.7971014492753623,0.7971014492753623,1.0
msmarco-passage-trec-dl-2019,573724,allocation-grid-oracle,128,64,64,128,0.5,0,18,0,-0.0008675474673509598,89,0.44917869508352665,0.44917869508352665,1.0,0.2608695652173913,0.7971014492753623,0.32727272727272727
msmarco-passage-trec-dl-2019,573724,allocation-grid-oracle,256,112,144,256,0.4375,32,27,0,-2.339482307434082e-05,174,0.44917869508352665,0.44917869508352665,1.0,0.3333333333333333,0.7971014492753623,0.41818181818181815
msmarco-passage-trec-dl-2019,573724,allocation-grid-oracle,512,320,192,512,0.625,128,72,0,-0.00010382197797298431,399,0.44917869508352665,0.44917869508352665,1.0,0.7101449275362319,0.7971014492753623,0.890909090909091
msmarco-passage-trec-dl-2019,573724,allocation-grid-oracle,1024,768,256,1024,0.75,512,79,0,-6.392132490873337e-05,901,0.44917869508352665,0.44917869508352665,1.0,0.7246376811594203,0.7971014492753623,0.9090909090909091
msmarco-passage-trec-dl-2019,573724,allocation-grid-oracle,2048,1744,304,2048,0.8515625,1440,90,0,-3.576930612325668e-05,1903,0.44917869508352665,0.44917869508352665,1.0,0.782608695652174,0.7971014492753623,0.9818181818181819
msmarco-passage-trec-dl-2019,573724,allocation-grid-oracle,4096,3680,416,4096,0.8984375,3264,93,0,-2.160482108592987e-05,3920,0.44917869508352665,0.44917869508352665,1.0,0.782608695652174,0.7971014492753623,0.9818181818181819
msmarco-passage-trec-dl-2019,573724,allocation-grid-oracle,8192,5000,3192,8192,0.6103515625,1808,94,0,-4.4024549424648285e-05,7605,0.44917869508352665,0.44917869508352665,1.0,0.7971014492753623,0.7971014492753623,1.0
msmarco-passage-trec-dl-2019,573724,allocation-grid-oracle,10000,5000,5000,10000,0.5,0,94,0,-4.4024549424648285e-05,9273,0.44917869508352665,0.44917869508352665,1.0,0.7971014492753623,0.7971014492753623,1.0
msmarco-passage-trec-dl-2019,168216,balanced,128,64,64,128,0.5,0,9,0,-0.00023372098803520203,98,0.9363792118010483,1.0,0.9363792118010483,0.031141868512110725,0.3460207612456747,0.09
msmarco-passage-trec-dl-2019,168216,balanced,256,128,128,256,0.5,0,24,0,-9.356439113616943e-05,178,1.0,1.0,1.0,0.08304498269896193,0.3460207612456747,0.24000000000000002
msmarco-passage-trec-dl-2019,168216,balanced,512,256,256,512,0.5,0,86,0,-0.0001169620081782341,351,1.0,1.0,1.0,0.2975778546712803,0.3460207612456747,0.8600000000000001
msmarco-passage-trec-dl-2019,168216,balanced,1024,512,512,1024,0.5,0,100,1,-inf,742,1.0,1.0,1.0,0.3460207612456747,0.3460207612456747,1.0
msmarco-passage-trec-dl-2019,168216,balanced,2048,1024,1024,2048,0.5,0,100,1,-inf,1462,1.0,1.0,1.0,0.3460207612456747,0.3460207612456747,1.0
msmarco-passage-trec-dl-2019,168216,balanced,4096,2048,2048,4096,0.5,0,100,1,-inf,2898,1.0,1.0,1.0,0.3460207612456747,0.3460207612456747,1.0
msmarco-passage-trec-dl-2019,168216,balanced,8192,4096,4096,8192,0.5,0,100,1,-inf,5987,1.0,1.0,1.0,0.3460207612456747,0.3460207612456747,1.0
msmarco-passage-trec-dl-2019,168216,balanced,10000,5000,5000,10000,0.5,0,100,1,-inf,7357,1.0,1.0,1.0,0.3460207612456747,0.3460207612456747,1.0
msmarco-passage-trec-dl-2019,168216,blocker,128,64,64,128,0.5,0,9,0,-0.00023372098803520203,98,0.9363792118010483,1.0,0.9363792118010483,0.031141868512110725,0.3460207612456747,0.09
msmarco-passage-trec-dl-2019,168216,blocker,256,112,144,256,0.4375,32,27,0,-0.00029576942324638367,178,1.0,1.0,1.0,0.09342560553633218,0.3460207612456747,0.27
msmarco-passage-trec-dl-2019,168216,blocker,512,304,208,512,0.59375,96,89,0,-0.00014475081115961075,361,1.0,1.0,1.0,0.3079584775086505,0.3460207612456747,0.8900000000000001
msmarco-passage-trec-dl-2019,168216,blocker,1024,512,512,1024,0.5,0,100,1,-inf,742,1.0,1.0,1.0,0.3460207612456747,0.3460207612456747,1.0
msmarco-passage-trec-dl-2019,168216,blocker,2048,1024,1024,2048,0.5,0,100,1,-inf,1462,1.0,1.0,1.0,0.3460207612456747,0.3460207612456747,1.0
msmarco-passage-trec-dl-2019,168216,blocker,4096,2048,2048,4096,0.5,0,100,1,-inf,2898,1.0,1.0,1.0,0.3460207612456747,0.3460207612456747,1.0
msmarco-passage-trec-dl-2019,168216,blocker,8192,4096,4096,8192,0.5,0,100,1,-inf,5987,1.0,1.0,1.0,0.3460207612456747,0.3460207612456747,1.0
msmarco-passage-trec-dl-2019,168216,blocker,10000,5000,5000,10000,0.5,0,100,1,-inf,7357,1.0,1.0,1.0,0.3460207612456747,0.3460207612456747,1.0
msmarco-passage-trec-dl-2019,168216,candidate,128,64,64,128,0.5,0,9,0,-0.00023372098803520203,98,0.9363792118010483,1.0,0.9363792118010483,0.031141868512110725,0.3460207612456747,0.09
msmarco-passage-trec-dl-2019,168216,candidate,256,112,144,256,0.4375,32,27,0,-0.00029576942324638367,178,1.0,1.0,1.0,0.09342560553633218,0.3460207612456747,0.27
msmarco-passage-trec-dl-2019,168216,candidate,512,304,208,512,0.59375,96,89,0,-0.00014475081115961075,361,1.0,1.0,1.0,0.3079584775086505,0.3460207612456747,0.8900000000000001
msmarco-passage-trec-dl-2019,168216,candidate,1024,512,512,1024,0.5,0,100,1,-inf,742,1.0,1.0,1.0,0.3460207612456747,0.3460207612456747,1.0
msmarco-passage-trec-dl-2019,168216,candidate,2048,1024,1024,2048,0.5,0,100,1,-inf,1462,1.0,1.0,1.0,0.3460207612456747,0.3460207612456747,1.0
msmarco-passage-trec-dl-2019,168216,candidate,4096,2048,2048,4096,0.5,0,100,1,-inf,2898,1.0,1.0,1.0,0.3460207612456747,0.3460207612456747,1.0
msmarco-passage-trec-dl-2019,168216,candidate,8192,4096,4096,8192,0.5,0,100,1,-inf,5987,1.0,1.0,1.0,0.3460207612456747,0.3460207612456747,1.0
msmarco-passage-trec-dl-2019,168216,candidate,10000,5000,5000,10000,0.5,0,100,1,-inf,7357,1.0,1.0,1.0,0.3460207612456747,0.3460207612456747,1.0
msmarco-passage-trec-dl-2019,168216,candidate-safe,128,64,64,128,0.5,0,9,0,-0.00023372098803520203,98,0.9363792118010483,1.0,0.9363792118010483,0.031141868512110725,0.3460207612456747,0.09
msmarco-passage-trec-dl-2019,168216,candidate-safe,256,112,144,256,0.4375,32,27,0,-0.00029576942324638367,178,1.0,1.0,1.0,0.09342560553633218,0.3460207612456747,0.27
msmarco-passage-trec-dl-2019,168216,candidate-safe,512,304,208,512,0.59375,96,89,0,-0.00014475081115961075,361,1.0,1.0,1.0,0.3079584775086505,0.3460207612456747,0.8900000000000001
msmarco-passage-trec-dl-2019,168216,candidate-safe,1024,512,512,1024,0.5,0,100,1,-inf,742,1.0,1.0,1.0,0.3460207612456747,0.3460207612456747,1.0
msmarco-passage-trec-dl-2019,168216,candidate-safe,2048,1024,1024,2048,0.5,0,100,1,-inf,1462,1.0,1.0,1.0,0.3460207612456747,0.3460207612456747,1.0
msmarco-passage-trec-dl-2019,168216,candidate-safe,4096,2048,2048,4096,0.5,0,100,1,-inf,2898,1.0,1.0,1.0,0.3460207612456747,0.3460207612456747,1.0
msmarco-passage-trec-dl-2019,168216,candidate-safe,8192,4096,4096,8192,0.5,0,100,1,-inf,5987,1.0,1.0,1.0,0.3460207612456747,0.3460207612456747,1.0
msmarco-passage-trec-dl-2019,168216,candidate-safe,10000,5000,5000,10000,0.5,0,100,1,-inf,7357,1.0,1.0,1.0,0.3460207612456747,0.3460207612456747,1.0
msmarco-passage-trec-dl-2019,168216,pressure,128,64,64,128,0.5,0,9,0,-0.00023372098803520203,98,0.9363792118010483,1.0,0.9363792118010483,0.031141868512110725,0.3460207612456747,0.09
msmarco-passage-trec-dl-2019,168216,pressure,256,112,144,256,0.4375,32,27,0,-0.00029576942324638367,178,1.0,1.0,1.0,0.09342560553633218,0.3460207612456747,0.27
msmarco-passage-trec-dl-2019,168216,pressure,512,288,224,512,0.5625,64,89,0,-0.00015653669834136963,355,1.0,1.0,1.0,0.3079584775086505,0.3460207612456747,0.8900000000000001
msmarco-passage-trec-dl-2019,168216,pressure,1024,512,512,1024,0.5,0,100,1,-inf,742,1.0,1.0,1.0,0.3460207612456747,0.3460207612456747,1.0
msmarco-passage-trec-dl-2019,168216,pressure,2048,1024,1024,2048,0.5,0,100,1,-inf,1462,1.0,1.0,1.0,0.3460207612456747,0.3460207612456747,1.0
msmarco-passage-trec-dl-2019,168216,pressure,4096,2048,2048,4096,0.5,0,100,1,-inf,2898,1.0,1.0,1.0,0.3460207612456747,0.3460207612456747,1.0
msmarco-passage-trec-dl-2019,168216,pressure,8192,4096,4096,8192,0.5,0,100,1,-inf,5987,1.0,1.0,1.0,0.3460207612456747,0.3460207612456747,1.0
msmarco-passage-trec-dl-2019,168216,pressure,10000,5000,5000,10000,0.5,0,100,1,-inf,7357,1.0,1.0,1.0,0.3460207612456747,0.3460207612456747,1.0
msmarco-passage-trec-dl-2019,168216,allocation-grid-oracle,128,64,64,128,0.5,0,9,0,-0.00023372098803520203,98,0.9363792118010483,1.0,0.9363792118010483,0.031141868512110725,0.3460207612456747,0.09
msmarco-passage-trec-dl-2019,168216,allocation-grid-oracle,256,112,144,256,0.4375,32,27,0,-0.00029576942324638367,178,1.0,1.0,1.0,0.09342560553633218,0.3460207612456747,0.27
msmarco-passage-trec-dl-2019,168216,allocation-grid-oracle,512,304,208,512,0.59375,96,89,0,-0.00014475081115961075,361,1.0,1.0,1.0,0.3079584775086505,0.3460207612456747,0.8900000000000001
msmarco-passage-trec-dl-2019,168216,allocation-grid-oracle,1024,512,512,1024,0.5,0,100,1,-inf,742,1.0,1.0,1.0,0.3460207612456747,0.3460207612456747,1.0
msmarco-passage-trec-dl-2019,168216,allocation-grid-oracle,2048,1024,1024,2048,0.5,0,100,1,-inf,1462,1.0,1.0,1.0,0.3460207612456747,0.3460207612456747,1.0
msmarco-passage-trec-dl-2019,168216,allocation-grid-oracle,4096,2048,2048,4096,0.5,0,100,1,-inf,2898,1.0,1.0,1.0,0.3460207612456747,0.3460207612456747,1.0
msmarco-passage-trec-dl-2019,168216,allocation-grid-oracle,8192,4096,4096,8192,0.5,0,100,1,-inf,5987,1.0,1.0,1.0,0.3460207612456747,0.3460207612456747,1.0
msmarco-passage-trec-dl-2019,168216,allocation-grid-oracle,10000,5000,5000,10000,0.5,0,100,1,-inf,7357,1.0,1.0,1.0,0.3460207612456747,0.3460207612456747,1.0
msmarco-passage-trec-dl-2019,1133167,balanced,128,64,64,128,0.5,0,6,0,-0.0018740389496088028,117,0.3117127904187951,0.4506561777891266,0.6916864913469652,0.021052631578947368,0.34385964912280703,0.061224489795918366
msmarco-passage-trec-dl-2019,1133167,balanced,256,128,128,256,0.5,0,11,0,-6.74370676279068e-05,195,0.4506561777891266,0.4506561777891266,1.0,0.03859649122807018,0.34385964912280703,0.11224489795918367
msmarco-passage-trec-dl-2019,1133167,balanced,512,256,256,512,0.5,0,26,0,-0.0005113501101732254,376,0.4506561777891266,0.4506561777891266,1.0,0.0912280701754386,0.34385964912280703,0.2653061224489796
msmarco-passage-trec-dl-2019,1133167,balanced,1024,512,512,1024,0.5,0,36,0,-1.8883496522903442e-05,834,0.4506561777891266,0.4506561777891266,1.0,0.12631578947368421,0.34385964912280703,0.3673469387755102
msmarco-passage-trec-dl-2019,1133167,balanced,2048,1024,1024,2048,0.5,0,50,0,-0.00011682696640491486,1825,0.4506561777891266,0.4506561777891266,1.0,0.17543859649122806,0.34385964912280703,0.510204081632653
msmarco-passage-trec-dl-2019,1133167,balanced,4096,2048,2048,4096,0.5,0,90,0,-7.691793143749237e-06,3832,0.4506561777891266,0.4506561777891266,1.0,0.312280701754386,0.34385964912280703,0.9081632653061225
msmarco-passage-trec-dl-2019,1133167,balanced,8192,4096,4096,8192,0.5,0,100,1,-inf,7858,0.4506561777891266,0.4506561777891266,1.0,0.34385964912280703,0.34385964912280703,1.0
msmarco-passage-trec-dl-2019,1133167,balanced,10000,5000,5000,10000,0.5,0,100,1,-inf,9626,0.4506561777891266,0.4506561777891266,1.0,0.34385964912280703,0.34385964912280703,1.0
msmarco-passage-trec-dl-2019,1133167,blocker,128,64,64,128,0.5,0,6,0,-0.0018740389496088028,117,0.3117127904187951,0.4506561777891266,0.6916864913469652,0.021052631578947368,0.34385964912280703,0.061224489795918366
msmarco-passage-trec-dl-2019,1133167,blocker,256,144,112,256,0.5625,32,11,0,-2.4605542421340942e-05,195,0.4506561777891266,0.4506561777891266,1.0,0.03859649122807018,0.34385964912280703,0.11224489795918367
msmarco-passage-trec-dl-2019,1133167,blocker,512,256,256,512,0.5,0,26,0,-0.0005113501101732254,376,0.4506561777891266,0.4506561777891266,1.0,0.0912280701754386,0.34385964912280703,0.2653061224489796
msmarco-passage-trec-dl-2019,1133167,blocker,1024,352,672,1024,0.34375,320,39,0,-6.123259663581848e-05,841,0.4506561777891266,0.4506561777891266,1.0,0.1368421052631579,0.34385964912280703,0.3979591836734694
msmarco-passage-trec-dl-2019,1133167,blocker,2048,960,1088,2048,0.46875,128,82,0,-0.00011712312698364258,1822,0.4506561777891266,0.4506561777891266,1.0,0.28771929824561404,0.34385964912280703,0.836734693877551
msmarco-passage-trec-dl-2019,1133167,blocker,4096,2912,1184,4096,0.7109375,1728,92,0,-1.886952668428421e-05,3836,0.4506561777891266,0.4506561777891266,1.0,0.3192982456140351,0.34385964912280703,0.9285714285714285
msmarco-passage-trec-dl-2019,1133167,blocker,8192,4096,4096,8192,0.5,0,100,1,-inf,7858,0.4506561777891266,0.4506561777891266,1.0,0.34385964912280703,0.34385964912280703,1.0
msmarco-passage-trec-dl-2019,1133167,blocker,10000,5000,5000,10000,0.5,0,100,1,-inf,9626,0.4506561777891266,0.4506561777891266,1.0,0.34385964912280703,0.34385964912280703,1.0
msmarco-passage-trec-dl-2019,1133167,candidate,128,64,64,128,0.5,0,6,0,-0.0018740389496088028,117,0.3117127904187951,0.4506561777891266,0.6916864913469652,0.021052631578947368,0.34385964912280703,0.061224489795918366
msmarco-passage-trec-dl-2019,1133167,candidate,256,144,112,256,0.5625,32,11,0,-2.4605542421340942e-05,195,0.4506561777891266,0.4506561777891266,1.0,0.03859649122807018,0.34385964912280703,0.11224489795918367
msmarco-passage-trec-dl-2019,1133167,candidate,512,256,256,512,0.5,0,26,0,-0.0005113501101732254,376,0.4506561777891266,0.4506561777891266,1.0,0.0912280701754386,0.34385964912280703,0.2653061224489796
msmarco-passage-trec-dl-2019,1133167,candidate,1024,352,672,1024,0.34375,320,39,0,-6.123259663581848e-05,841,0.4506561777891266,0.4506561777891266,1.0,0.1368421052631579,0.34385964912280703,0.3979591836734694
msmarco-passage-trec-dl-2019,1133167,candidate,2048,960,1088,2048,0.46875,128,82,0,-0.00011712312698364258,1822,0.4506561777891266,0.4506561777891266,1.0,0.28771929824561404,0.34385964912280703,0.836734693877551
msmarco-passage-trec-dl-2019,1133167,candidate,4096,2912,1184,4096,0.7109375,1728,92,0,-1.886952668428421e-05,3836,0.4506561777891266,0.4506561777891266,1.0,0.3192982456140351,0.34385964912280703,0.9285714285714285
msmarco-passage-trec-dl-2019,1133167,candidate,8192,4096,4096,8192,0.5,0,100,1,-inf,7858,0.4506561777891266,0.4506561777891266,1.0,0.34385964912280703,0.34385964912280703,1.0
msmarco-passage-trec-dl-2019,1133167,candidate,10000,5000,5000,10000,0.5,0,100,1,-inf,9626,0.4506561777891266,0.4506561777891266,1.0,0.34385964912280703,0.34385964912280703,1.0
msmarco-passage-trec-dl-2019,1133167,candidate-safe,128,64,64,128,0.5,0,6,0,-0.0018740389496088028,117,0.3117127904187951,0.4506561777891266,0.6916864913469652,0.021052631578947368,0.34385964912280703,0.061224489795918366
msmarco-passage-trec-dl-2019,1133167,candidate-safe,256,144,112,256,0.5625,32,11,0,-2.4605542421340942e-05,195,0.4506561777891266,0.4506561777891266,1.0,0.03859649122807018,0.34385964912280703,0.11224489795918367
msmarco-passage-trec-dl-2019,1133167,candidate-safe,512,256,256,512,0.5,0,26,0,-0.0005113501101732254,376,0.4506561777891266,0.4506561777891266,1.0,0.0912280701754386,0.34385964912280703,0.2653061224489796
msmarco-passage-trec-dl-2019,1133167,candidate-safe,1024,352,672,1024,0.34375,320,39,0,-6.123259663581848e-05,841,0.4506561777891266,0.4506561777891266,1.0,0.1368421052631579,0.34385964912280703,0.3979591836734694
msmarco-passage-trec-dl-2019,1133167,candidate-safe,2048,960,1088,2048,0.46875,128,82,0,-0.00011712312698364258,1822,0.4506561777891266,0.4506561777891266,1.0,0.28771929824561404,0.34385964912280703,0.836734693877551
msmarco-passage-trec-dl-2019,1133167,candidate-safe,4096,2912,1184,4096,0.7109375,1728,92,0,-1.886952668428421e-05,3836,0.4506561777891266,0.4506561777891266,1.0,0.3192982456140351,0.34385964912280703,0.9285714285714285
msmarco-passage-trec-dl-2019,1133167,candidate-safe,8192,4096,4096,8192,0.5,0,100,1,-inf,7858,0.4506561777891266,0.4506561777891266,1.0,0.34385964912280703,0.34385964912280703,1.0
msmarco-passage-trec-dl-2019,1133167,candidate-safe,10000,5000,5000,10000,0.5,0,100,1,-inf,9626,0.4506561777891266,0.4506561777891266,1.0,0.34385964912280703,0.34385964912280703,1.0
msmarco-passage-trec-dl-2019,1133167,pressure,128,64,64,128,0.5,0,6,0,-0.0018740389496088028,117,0.3117127904187951,0.4506561777891266,0.6916864913469652,0.021052631578947368,0.34385964912280703,0.061224489795918366
msmarco-passage-trec-dl-2019,1133167,pressure,256,128,128,256,0.5,0,11,0,-6.74370676279068e-05,195,0.4506561777891266,0.4506561777891266,1.0,0.03859649122807018,0.34385964912280703,0.11224489795918367
msmarco-passage-trec-dl-2019,1133167,pressure,512,256,256,512,0.5,0,26,0,-0.0005113501101732254,376,0.4506561777891266,0.4506561777891266,1.0,0.0912280701754386,0.34385964912280703,0.2653061224489796
msmarco-passage-trec-dl-2019,1133167,pressure,1024,352,672,1024,0.34375,320,39,0,-6.123259663581848e-05,841,0.4506561777891266,0.4506561777891266,1.0,0.1368421052631579,0.34385964912280703,0.3979591836734694
msmarco-passage-trec-dl-2019,1133167,pressure,2048,960,1088,2048,0.46875,128,82,0,-0.00011712312698364258,1822,0.4506561777891266,0.4506561777891266,1.0,0.28771929824561404,0.34385964912280703,0.836734693877551
msmarco-passage-trec-dl-2019,1133167,pressure,4096,2912,1184,4096,0.7109375,1728,92,0,-1.886952668428421e-05,3836,0.4506561777891266,0.4506561777891266,1.0,0.3192982456140351,0.34385964912280703,0.9285714285714285
msmarco-passage-trec-dl-2019,1133167,pressure,8192,4096,4096,8192,0.5,0,100,1,-inf,7858,0.4506561777891266,0.4506561777891266,1.0,0.34385964912280703,0.34385964912280703,1.0
msmarco-passage-trec-dl-2019,1133167,pressure,10000,5000,5000,10000,0.5,0,100,1,-inf,9626,0.4506561777891266,0.4506561777891266,1.0,0.34385964912280703,0.34385964912280703,1.0
msmarco-passage-trec-dl-2019,1133167,allocation-grid-oracle,128,64,64,128,0.5,0,6,0,-0.0018740389496088028,117,0.3117127904187951,0.4506561777891266,0.6916864913469652,0.021052631578947368,0.34385964912280703,0.061224489795918366
msmarco-passage-trec-dl-2019,1133167,allocation-grid-oracle,256,144,112,256,0.5625,32,11,0,-2.4605542421340942e-05,195,0.4506561777891266,0.4506561777891266,1.0,0.03859649122807018,0.34385964912280703,0.11224489795918367
msmarco-passage-trec-dl-2019,1133167,allocation-grid-oracle,512,256,256,512,0.5,0,26,0,-0.0005113501101732254,376,0.4506561777891266,0.4506561777891266,1.0,0.0912280701754386,0.34385964912280703,0.2653061224489796
msmarco-passage-trec-dl-2019,1133167,allocation-grid-oracle,1024,352,672,1024,0.34375,320,39,0,-6.123259663581848e-05,841,0.4506561777891266,0.4506561777891266,1.0,0.1368421052631579,0.34385964912280703,0.3979591836734694
msmarco-passage-trec-dl-2019,1133167,allocation-grid-oracle,2048,960,1088,2048,0.46875,128,82,0,-0.00011712312698364258,1822,0.4506561777891266,0.4506561777891266,1.0,0.28771929824561404,0.34385964912280703,0.836734693877551
msmarco-passage-trec-dl-2019,1133167,allocation-grid-oracle,4096,2912,1184,4096,0.7109375,1728,92,0,-1.886952668428421e-05,3836,0.4506561777891266,0.4506561777891266,1.0,0.3192982456140351,0.34385964912280703,0.9285714285714285
msmarco-passage-trec-dl-2019,1133167,allocation-grid-oracle,8192,4096,4096,8192,0.5,0,100,1,-inf,7858,0.4506561777891266,0.4506561777891266,1.0,0.34385964912280703,0.34385964912280703,1.0
msmarco-passage-trec-dl-2019,1133167,allocation-grid-oracle,10000,5000,5000,10000,0.5,0,100,1,-inf,9626,0.4506561777891266,0.4506561777891266,1.0,0.34385964912280703,0.34385964912280703,1.0
msmarco-passage-trec-dl-2019,527433,balanced,128,64,64,128,0.5,0,6,0,-3.793090581893921e-05,115,0.4861439509342491,0.6122899763058403,0.7939766609725113,0.08,0.38666666666666666,0.20689655172413793
msmarco-passage-trec-dl-2019,527433,balanced,256,128,128,256,0.5,0,12,0,-0.0005337465554475784,232,0.6122899763058403,0.6122899763058403,1.0,0.12,0.38666666666666666,0.3103448275862069
msmarco-passage-trec-dl-2019,527433,balanced,512,256,256,512,0.5,0,14,0,-0.0004068594425916672,444,0.6122899763058403,0.6122899763058403,1.0,0.13333333333333333,0.38666666666666666,0.3448275862068966
msmarco-passage-trec-dl-2019,527433,balanced,1024,512,512,1024,0.5,0,15,0,-1.6694888472557068e-05,832,0.6122899763058403,0.6122899763058403,1.0,0.13333333333333333,0.38666666666666666,0.3448275862068966
msmarco-passage-trec-dl-2019,527433,balanced,2048,1024,1024,2048,0.5,0,20,0,-3.257580101490021e-05,1600,0.6122899763058403,0.6122899763058403,1.0,0.14666666666666667,0.38666666666666666,0.37931034482758624
msmarco-passage-trec-dl-2019,527433,balanced,4096,2048,2048,4096,0.5,0,24,0,-0.0001422334462404251,3343,0.6122899763058403,0.6122899763058403,1.0,0.17333333333333334,0.38666666666666666,0.4482758620689655
msmarco-passage-trec-dl-2019,527433,balanced,8192,4096,4096,8192,0.5,0,92,0,-1.2129545211791992e-05,7146,0.6122899763058403,0.6122899763058403,1.0,0.37333333333333335,0.38666666666666666,0.9655172413793104
msmarco-passage-trec-dl-2019,527433,balanced,10000,5000,5000,10000,0.5,0,93,0,-2.2535212337970734e-05,8816,0.6122899763058403,0.6122899763058403,1.0,0.37333333333333335,0.38666666666666666,0.9655172413793104
msmarco-passage-trec-dl-2019,527433,blocker,128,64,64,128,0.5,0,6,0,-3.793090581893921e-05,115,0.4861439509342491,0.6122899763058403,0.7939766609725113,0.08,0.38666666666666666,0.20689655172413793
msmarco-passage-trec-dl-2019,527433,blocker,256,112,144,256,0.4375,32,12,0,-0.000260109081864357,233,0.6122899763058403,0.6122899763058403,1.0,0.12,0.38666666666666666,0.3103448275862069
msmarco-passage-trec-dl-2019,527433,blocker,512,224,288,512,0.4375,64,14,0,-0.00011586397886276245,452,0.6122899763058403,0.6122899763058403,1.0,0.13333333333333333,0.38666666666666666,0.3448275862068966
msmarco-passage-trec-dl-2019,527433,blocker,1024,368,656,1024,0.359375,288,18,0,-6.355531513690948e-05,866,0.6122899763058403,0.6122899763058403,1.0,0.13333333333333333,0.38666666666666666,0.3448275862068966
msmarco-passage-trec-dl-2019,527433,blocker,2048,400,1648,2048,0.1953125,1248,23,0,-0.0002533290535211563,1763,0.6122899763058403,0.6122899763058403,1.0,0.17333333333333334,0.38666666666666666,0.4482758620689655
msmarco-passage-trec-dl-2019,527433,blocker,4096,1360,2736,4096,0.33203125,1376,84,0,-4.850327968597412e-06,3388,0.6122899763058403,0.6122899763058403,1.0,0.37333333333333335,0.38666666666666666,0.9655172413793104
msmarco-passage-trec-dl-2019,527433,blocker,8192,5000,3192,8192,0.6103515625,1808,93,0,-2.2535212337970734e-05,7100,0.6122899763058403,0.6122899763058403,1.0,0.37333333333333335,0.38666666666666666,0.9655172413793104
msmarco-passage-trec-dl-2019,527433,blocker,10000,5000,5000,10000,0.5,0,93,0,-2.2535212337970734e-05,8816,0.6122899763058403,0.6122899763058403,1.0,0.37333333333333335,0.38666666666666666,0.9655172413793104
msmarco-passage-trec-dl-2019,527433,candidate,128,64,64,128,0.5,0,6,0,-3.793090581893921e-05,115,0.4861439509342491,0.6122899763058403,0.7939766609725113,0.08,0.38666666666666666,0.20689655172413793
msmarco-passage-trec-dl-2019,527433,candidate,256,112,144,256,0.4375,32,12,0,-0.000260109081864357,233,0.6122899763058403,0.6122899763058403,1.0,0.12,0.38666666666666666,0.3103448275862069
msmarco-passage-trec-dl-2019,527433,candidate,512,224,288,512,0.4375,64,14,0,-0.00011586397886276245,452,0.6122899763058403,0.6122899763058403,1.0,0.13333333333333333,0.38666666666666666,0.3448275862068966
msmarco-passage-trec-dl-2019,527433,candidate,1024,368,656,1024,0.359375,288,18,0,-6.355531513690948e-05,866,0.6122899763058403,0.6122899763058403,1.0,0.13333333333333333,0.38666666666666666,0.3448275862068966
msmarco-passage-trec-dl-2019,527433,candidate,2048,400,1648,2048,0.1953125,1248,23,0,-0.0002533290535211563,1763,0.6122899763058403,0.6122899763058403,1.0,0.17333333333333334,0.38666666666666666,0.4482758620689655
msmarco-passage-trec-dl-2019,527433,candidate,4096,1360,2736,4096,0.33203125,1376,84,0,-4.850327968597412e-06,3388,0.6122899763058403,0.6122899763058403,1.0,0.37333333333333335,0.38666666666666666,0.9655172413793104
msmarco-passage-trec-dl-2019,527433,candidate,8192,5000,3192,8192,0.6103515625,1808,93,0,-2.2535212337970734e-05,7100,0.6122899763058403,0.6122899763058403,1.0,0.37333333333333335,0.38666666666666666,0.9655172413793104
msmarco-passage-trec-dl-2019,527433,candidate,10000,5000,5000,10000,0.5,0,93,0,-2.2535212337970734e-05,8816,0.6122899763058403,0.6122899763058403,1.0,0.37333333333333335,0.38666666666666666,0.9655172413793104
msmarco-passage-trec-dl-2019,527433,candidate-safe,128,64,64,128,0.5,0,6,0,-3.793090581893921e-05,115,0.4861439509342491,0.6122899763058403,0.7939766609725113,0.08,0.38666666666666666,0.20689655172413793
msmarco-passage-trec-dl-2019,527433,candidate-safe,256,112,144,256,0.4375,32,12,0,-0.000260109081864357,233,0.6122899763058403,0.6122899763058403,1.0,0.12,0.38666666666666666,0.3103448275862069
msmarco-passage-trec-dl-2019,527433,candidate-safe,512,224,288,512,0.4375,64,14,0,-0.00011586397886276245,452,0.6122899763058403,0.6122899763058403,1.0,0.13333333333333333,0.38666666666666666,0.3448275862068966
msmarco-passage-trec-dl-2019,527433,candidate-safe,1024,368,656,1024,0.359375,288,18,0,-6.355531513690948e-05,866,0.6122899763058403,0.6122899763058403,1.0,0.13333333333333333,0.38666666666666666,0.3448275862068966
msmarco-passage-trec-dl-2019,527433,candidate-safe,2048,400,1648,2048,0.1953125,1248,23,0,-0.0002533290535211563,1763,0.6122899763058403,0.6122899763058403,1.0,0.17333333333333334,0.38666666666666666,0.4482758620689655
msmarco-passage-trec-dl-2019,527433,candidate-safe,4096,1360,2736,4096,0.33203125,1376,84,0,-4.850327968597412e-06,3388,0.6122899763058403,0.6122899763058403,1.0,0.37333333333333335,0.38666666666666666,0.9655172413793104
msmarco-passage-trec-dl-2019,527433,candidate-safe,8192,5000,3192,8192,0.6103515625,1808,93,0,-2.2535212337970734e-05,7100,0.6122899763058403,0.6122899763058403,1.0,0.37333333333333335,0.38666666666666666,0.9655172413793104
msmarco-passage-trec-dl-2019,527433,candidate-safe,10000,5000,5000,10000,0.5,0,93,0,-2.2535212337970734e-05,8816,0.6122899763058403,0.6122899763058403,1.0,0.37333333333333335,0.38666666666666666,0.9655172413793104
msmarco-passage-trec-dl-2019,527433,pressure,128,64,64,128,0.5,0,6,0,-3.793090581893921e-05,115,0.4861439509342491,0.6122899763058403,0.7939766609725113,0.08,0.38666666666666666,0.20689655172413793
msmarco-passage-trec-dl-2019,527433,pressure,256,128,128,256,0.5,0,12,0,-0.0005337465554475784,232,0.6122899763058403,0.6122899763058403,1.0,0.12,0.38666666666666666,0.3103448275862069
msmarco-passage-trec-dl-2019,527433,pressure,512,224,288,512,0.4375,64,14,0,-0.00011586397886276245,452,0.6122899763058403,0.6122899763058403,1.0,0.13333333333333333,0.38666666666666666,0.3448275862068966
msmarco-passage-trec-dl-2019,527433,pressure,1024,368,656,1024,0.359375,288,18,0,-6.355531513690948e-05,866,0.6122899763058403,0.6122899763058403,1.0,0.13333333333333333,0.38666666666666666,0.3448275862068966
msmarco-passage-trec-dl-2019,527433,pressure,2048,416,1632,2048,0.203125,1216,23,0,-6.746873259544373e-05,1753,0.6122899763058403,0.6122899763058403,1.0,0.17333333333333334,0.38666666666666666,0.4482758620689655
msmarco-passage-trec-dl-2019,527433,pressure,4096,1360,2736,4096,0.33203125,1376,84,0,-4.850327968597412e-06,3388,0.6122899763058403,0.6122899763058403,1.0,0.37333333333333335,0.38666666666666666,0.9655172413793104
msmarco-passage-trec-dl-2019,527433,pressure,8192,5000,3192,8192,0.6103515625,1808,93,0,-2.2535212337970734e-05,7100,0.6122899763058403,0.6122899763058403,1.0,0.37333333333333335,0.38666666666666666,0.9655172413793104
msmarco-passage-trec-dl-2019,527433,pressure,10000,5000,5000,10000,0.5,0,93,0,-2.2535212337970734e-05,8816,0.6122899763058403,0.6122899763058403,1.0,0.37333333333333335,0.38666666666666666,0.9655172413793104
msmarco-passage-trec-dl-2019,527433,allocation-grid-oracle,128,64,64,128,0.5,0,6,0,-3.793090581893921e-05,115,0.4861439509342491,0.6122899763058403,0.7939766609725113,0.08,0.38666666666666666,0.20689655172413793
msmarco-passage-trec-dl-2019,527433,allocation-grid-oracle,256,112,144,256,0.4375,32,12,0,-0.000260109081864357,233,0.6122899763058403,0.6122899763058403,1.0,0.12,0.38666666666666666,0.3103448275862069
msmarco-passage-trec-dl-2019,527433,allocation-grid-oracle,512,224,288,512,0.4375,64,14,0,-0.00011586397886276245,452,0.6122899763058403,0.6122899763058403,1.0,0.13333333333333333,0.38666666666666666,0.3448275862068966
msmarco-passage-trec-dl-2019,527433,allocation-grid-oracle,1024,368,656,1024,0.359375,288,18,0,-6.355531513690948e-05,866,0.6122899763058403,0.6122899763058403,1.0,0.13333333333333333,0.38666666666666666,0.3448275862068966
msmarco-passage-trec-dl-2019,527433,allocation-grid-oracle,2048,416,1632,2048,0.203125,1216,23,0,-6.746873259544373e-05,1753,0.6122899763058403,0.6122899763058403,1.0,0.17333333333333334,0.38666666666666666,0.4482758620689655
msmarco-passage-trec-dl-2019,527433,allocation-grid-oracle,4096,1360,2736,4096,0.33203125,1376,84,0,-4.850327968597412e-06,3388,0.6122899763058403,0.6122899763058403,1.0,0.37333333333333335,0.38666666666666666,0.9655172413793104
msmarco-passage-trec-dl-2019,527433,allocation-grid-oracle,8192,5000,3192,8192,0.6103515625,1808,93,0,-2.2535212337970734e-05,7100,0.6122899763058403,0.6122899763058403,1.0,0.37333333333333335,0.38666666666666666,0.9655172413793104
msmarco-passage-trec-dl-2019,527433,allocation-grid-oracle,10000,5000,5000,10000,0.5,0,93,0,-2.2535212337970734e-05,8816,0.6122899763058403,0.6122899763058403,1.0,0.37333333333333335,0.38666666666666666,0.9655172413793104
msmarco-passage-trec-dl-2019,1037798,balanced,128,64,64,128,0.5,0,9,0,-0.0008719917386770248,118,0.1148764147845039,0.1148764147845039,1.0,0.07692307692307693,0.6923076923076923,0.11111111111111112
msmarco-passage-trec-dl-2019,1037798,balanced,256,128,128,256,0.5,0,10,0,-0.002685343846678734,243,0.1148764147845039,0.1148764147845039,1.0,0.07692307692307693,0.6923076923076923,0.11111111111111112
msmarco-passage-trec-dl-2019,1037798,balanced,512,256,256,512,0.5,0,12,0,-0.0026761554181575775,488,0.1148764147845039,0.1148764147845039,1.0,0.15384615384615385,0.6923076923076923,0.22222222222222224
msmarco-passage-trec-dl-2019,1037798,balanced,1024,512,512,1024,0.5,0,12,0,-0.001259850338101387,969,0.1148764147845039,0.1148764147845039,1.0,0.15384615384615385,0.6923076923076923,0.22222222222222224
msmarco-passage-trec-dl-2019,1037798,balanced,2048,1024,1024,2048,0.5,0,12,0,-0.00043410807847976685,1933,0.1148764147845039,0.1148764147845039,1.0,0.15384615384615385,0.6923076923076923,0.22222222222222224
msmarco-passage-trec-dl-2019,1037798,balanced,4096,2048,2048,4096,0.5,0,13,0,-0.0003771251067519188,3824,0.1148764147845039,0.1148764147845039,1.0,0.15384615384615385,0.6923076923076923,0.22222222222222224
msmarco-passage-trec-dl-2019,1037798,balanced,8192,4096,4096,8192,0.5,0,13,0,-0.000143357552587986,7544,0.1148764147845039,0.1148764147845039,1.0,0.15384615384615385,0.6923076923076923,0.22222222222222224
msmarco-passage-trec-dl-2019,1037798,balanced,10000,5000,5000,10000,0.5,0,13,0,-0.00010037049651145935,9159,0.1148764147845039,0.1148764147845039,1.0,0.15384615384615385,0.6923076923076923,0.22222222222222224
msmarco-passage-trec-dl-2019,1037798,blocker,128,64,64,128,0.5,0,9,0,-0.0008719917386770248,118,0.1148764147845039,0.1148764147845039,1.0,0.07692307692307693,0.6923076923076923,0.11111111111111112
msmarco-passage-trec-dl-2019,1037798,blocker,256,144,112,256,0.5625,32,10,0,-0.00238649919629097,243,0.1148764147845039,0.1148764147845039,1.0,0.07692307692307693,0.6923076923076923,0.11111111111111112
msmarco-passage-trec-dl-2019,1037798,blocker,512,240,272,512,0.46875,32,12,0,-0.0025236476212739944,488,0.1148764147845039,0.1148764147845039,1.0,0.15384615384615385,0.6923076923076923,0.22222222222222224
msmarco-passage-trec-dl-2019,1037798,blocker,1024,448,576,1024,0.4375,128,12,0,-0.0010839253664016724,969,0.1148764147845039,0.1148764147845039,1.0,0.15384615384615385,0.6923076923076923,0.22222222222222224
msmarco-passage-trec-dl-2019,1037798,blocker,2048,768,1280,2048,0.375,512,12,0,-0.000260084867477417,1943,0.1148764147845039,0.1148764147845039,1.0,0.15384615384615385,0.6923076923076923,0.22222222222222224
msmarco-passage-trec-dl-2019,1037798,blocker,4096,1200,2896,4096,0.29296875,1696,13,0,-0.0002410365268588066,3867,0.1148764147845039,0.1148764147845039,1.0,0.15384615384615385,0.6923076923076923,0.22222222222222224
msmarco-passage-trec-dl-2019,1037798,blocker,8192,3192,5000,8192,0.3896484375,1808,13,0,-0.00010037049651145935,7523,0.1148764147845039,0.1148764147845039,1.0,0.15384615384615385,0.6923076923076923,0.22222222222222224
msmarco-passage-trec-dl-2019,1037798,blocker,10000,5000,5000,10000,0.5,0,13,0,-0.00010037049651145935,9159,0.1148764147845039,0.1148764147845039,1.0,0.15384615384615385,0.6923076923076923,0.22222222222222224
msmarco-passage-trec-dl-2019,1037798,candidate,128,64,64,128,0.5,0,9,0,-0.0008719917386770248,118,0.1148764147845039,0.1148764147845039,1.0,0.07692307692307693,0.6923076923076923,0.11111111111111112
msmarco-passage-trec-dl-2019,1037798,candidate,256,144,112,256,0.5625,32,10,0,-0.00238649919629097,243,0.1148764147845039,0.1148764147845039,1.0,0.07692307692307693,0.6923076923076923,0.11111111111111112
msmarco-passage-trec-dl-2019,1037798,candidate,512,176,336,512,0.34375,160,12,0,-0.0032896436750888824,492,0.1148764147845039,0.1148764147845039,1.0,0.15384615384615385,0.6923076923076923,0.22222222222222224
msmarco-passage-trec-dl-2019,1037798,candidate,1024,176,848,1024,0.171875,672,12,0,-0.0032896436750888824,996,0.1148764147845039,0.1148764147845039,1.0,0.15384615384615385,0.6923076923076923,0.22222222222222224
msmarco-passage-trec-dl-2019,1037798,candidate,2048,176,1872,2048,0.0859375,1696,12,0,-0.0032896436750888824,2012,0.1148764147845039,0.1148764147845039,1.0,0.15384615384615385,0.6923076923076923,0.22222222222222224
msmarco-passage-trec-dl-2019,1037798,candidate,4096,176,3920,4096,0.04296875,3744,12,0,-0.0032896436750888824,4044,0.1148764147845039,0.1148764147845039,1.0,0.15384615384615385,0.6923076923076923,0.22222222222222224
msmarco-passage-trec-dl-2019,1037798,candidate,8192,3192,5000,8192,0.3896484375,1808,13,0,-0.00010037049651145935,7523,0.1148764147845039,0.1148764147845039,1.0,0.15384615384615385,0.6923076923076923,0.22222222222222224
msmarco-passage-trec-dl-2019,1037798,candidate,10000,5000,5000,10000,0.5,0,13,0,-0.00010037049651145935,9159,0.1148764147845039,0.1148764147845039,1.0,0.15384615384615385,0.6923076923076923,0.22222222222222224
msmarco-passage-trec-dl-2019,1037798,candidate-safe,128,64,64,128,0.5,0,9,0,-0.0008719917386770248,118,0.1148764147845039,0.1148764147845039,1.0,0.07692307692307693,0.6923076923076923,0.11111111111111112
msmarco-passage-trec-dl-2019,1037798,candidate-safe,256,144,112,256,0.5625,32,10,0,-0.00238649919629097,243,0.1148764147845039,0.1148764147845039,1.0,0.07692307692307693,0.6923076923076923,0.11111111111111112
msmarco-passage-trec-dl-2019,1037798,candidate-safe,512,176,336,512,0.34375,160,12,0,-0.0032896436750888824,492,0.1148764147845039,0.1148764147845039,1.0,0.15384615384615385,0.6923076923076923,0.22222222222222224
msmarco-passage-trec-dl-2019,1037798,candidate-safe,1024,176,848,1024,0.171875,672,12,0,-0.0032896436750888824,996,0.1148764147845039,0.1148764147845039,1.0,0.15384615384615385,0.6923076923076923,0.22222222222222224
msmarco-passage-trec-dl-2019,1037798,candidate-safe,2048,176,1872,2048,0.0859375,1696,12,0,-0.0032896436750888824,2012,0.1148764147845039,0.1148764147845039,1.0,0.15384615384615385,0.6923076923076923,0.22222222222222224
msmarco-passage-trec-dl-2019,1037798,candidate-safe,4096,176,3920,4096,0.04296875,3744,12,0,-0.0032896436750888824,4044,0.1148764147845039,0.1148764147845039,1.0,0.15384615384615385,0.6923076923076923,0.22222222222222224
msmarco-passage-trec-dl-2019,1037798,candidate-safe,8192,3192,5000,8192,0.3896484375,1808,13,0,-0.00010037049651145935,7523,0.1148764147845039,0.1148764147845039,1.0,0.15384615384615385,0.6923076923076923,0.22222222222222224
msmarco-passage-trec-dl-2019,1037798,candidate-safe,10000,5000,5000,10000,0.5,0,13,0,-0.00010037049651145935,9159,0.1148764147845039,0.1148764147845039,1.0,0.15384615384615385,0.6923076923076923,0.22222222222222224
msmarco-passage-trec-dl-2019,1037798,pressure,128,64,64,128,0.5,0,9,0,-0.0008719917386770248,118,0.1148764147845039,0.1148764147845039,1.0,0.07692307692307693,0.6923076923076923,0.11111111111111112
msmarco-passage-trec-dl-2019,1037798,pressure,256,128,128,256,0.5,0,10,0,-0.002685343846678734,243,0.1148764147845039,0.1148764147845039,1.0,0.07692307692307693,0.6923076923076923,0.11111111111111112
msmarco-passage-trec-dl-2019,1037798,pressure,512,256,256,512,0.5,0,12,0,-0.0026761554181575775,488,0.1148764147845039,0.1148764147845039,1.0,0.15384615384615385,0.6923076923076923,0.22222222222222224
msmarco-passage-trec-dl-2019,1037798,pressure,1024,448,576,1024,0.4375,128,12,0,-0.0010839253664016724,969,0.1148764147845039,0.1148764147845039,1.0,0.15384615384615385,0.6923076923076923,0.22222222222222224
msmarco-passage-trec-dl-2019,1037798,pressure,2048,832,1216,2048,0.40625,384,12,0,-0.00029529817402362823,1939,0.1148764147845039,0.1148764147845039,1.0,0.15384615384615385,0.6923076923076923,0.22222222222222224
msmarco-passage-trec-dl-2019,1037798,pressure,4096,1680,2416,4096,0.41015625,736,13,0,-0.0003066183999180794,3831,0.1148764147845039,0.1148764147845039,1.0,0.15384615384615385,0.6923076923076923,0.22222222222222224
msmarco-passage-trec-dl-2019,1037798,pressure,8192,3192,5000,8192,0.3896484375,1808,13,0,-0.00010037049651145935,7523,0.1148764147845039,0.1148764147845039,1.0,0.15384615384615385,0.6923076923076923,0.22222222222222224
msmarco-passage-trec-dl-2019,1037798,pressure,10000,5000,5000,10000,0.5,0,13,0,-0.00010037049651145935,9159,0.1148764147845039,0.1148764147845039,1.0,0.15384615384615385,0.6923076923076923,0.22222222222222224
msmarco-passage-trec-dl-2019,1037798,allocation-grid-oracle,128,64,64,128,0.5,0,9,0,-0.0008719917386770248,118,0.1148764147845039,0.1148764147845039,1.0,0.07692307692307693,0.6923076923076923,0.11111111111111112
msmarco-passage-trec-dl-2019,1037798,allocation-grid-oracle,256,160,96,256,0.625,64,10,0,-0.0009217690676450729,242,0.1148764147845039,0.1148764147845039,1.0,0.07692307692307693,0.6923076923076923,0.11111111111111112
msmarco-passage-trec-dl-2019,1037798,allocation-grid-oracle,512,240,272,512,0.46875,32,12,0,-0.0025236476212739944,488,0.1148764147845039,0.1148764147845039,1.0,0.15384615384615385,0.6923076923076923,0.22222222222222224
msmarco-passage-trec-dl-2019,1037798,allocation-grid-oracle,1024,448,576,1024,0.4375,128,12,0,-0.0010839253664016724,969,0.1148764147845039,0.1148764147845039,1.0,0.15384615384615385,0.6923076923076923,0.22222222222222224
msmarco-passage-trec-dl-2019,1037798,allocation-grid-oracle,2048,768,1280,2048,0.375,512,12,0,-0.000260084867477417,1943,0.1148764147845039,0.1148764147845039,1.0,0.15384615384615385,0.6923076923076923,0.22222222222222224
msmarco-passage-trec-dl-2019,1037798,allocation-grid-oracle,4096,1200,2896,4096,0.29296875,1696,13,0,-0.0002410365268588066,3867,0.1148764147845039,0.1148764147845039,1.0,0.15384615384615385,0.6923076923076923,0.22222222222222224
msmarco-passage-trec-dl-2019,1037798,allocation-grid-oracle,8192,3192,5000,8192,0.3896484375,1808,13,0,-0.00010037049651145935,7523,0.1148764147845039,0.1148764147845039,1.0,0.15384615384615385,0.6923076923076923,0.22222222222222224
msmarco-passage-trec-dl-2019,1037798,allocation-grid-oracle,10000,5000,5000,10000,0.5,0,13,0,-0.00010037049651145935,9159,0.1148764147845039,0.1148764147845039,1.0,0.15384615384615385,0.6923076923076923,0.22222222222222224
msmarco-passage-trec-dl-2019,915593,balanced,128,64,64,128,0.5,0,9,0,-3.302283585071564e-05,100,0.5009050958907741,0.5281711479760391,0.9483764832862436,0.043478260869565216,0.44565217391304346,0.0975609756097561
msmarco-passage-trec-dl-2019,915593,balanced,256,128,128,256,0.5,0,22,0,-0.0008886363357305527,174,0.5281711479760391,0.5281711479760391,1.0,0.09782608695652174,0.44565217391304346,0.21951219512195125
msmarco-passage-trec-dl-2019,915593,balanced,512,256,256,512,0.5,0,46,0,-6.0345977544784546e-05,373,0.5281711479760391,0.5281711479760391,1.0,0.21739130434782608,0.44565217391304346,0.4878048780487805
msmarco-passage-trec-dl-2019,915593,balanced,1024,512,512,1024,0.5,0,100,1,-inf,845,0.5281711479760391,0.5281711479760391,1.0,0.44565217391304346,0.44565217391304346,1.0
msmarco-passage-trec-dl-2019,915593,balanced,2048,1024,1024,2048,0.5,0,100,1,-inf,1839,0.5281711479760391,0.5281711479760391,1.0,0.44565217391304346,0.44565217391304346,1.0
msmarco-passage-trec-dl-2019,915593,balanced,4096,2048,2048,4096,0.5,0,100,1,-inf,3839,0.5281711479760391,0.5281711479760391,1.0,0.44565217391304346,0.44565217391304346,1.0
msmarco-passage-trec-dl-2019,915593,balanced,8192,4096,4096,8192,0.5,0,100,1,-inf,7835,0.5281711479760391,0.5281711479760391,1.0,0.44565217391304346,0.44565217391304346,1.0
msmarco-passage-trec-dl-2019,915593,balanced,10000,5000,5000,10000,0.5,0,100,1,-inf,9588,0.5281711479760391,0.5281711479760391,1.0,0.44565217391304346,0.44565217391304346,1.0
msmarco-passage-trec-dl-2019,915593,blocker,128,64,64,128,0.5,0,9,0,-3.302283585071564e-05,100,0.5009050958907741,0.5281711479760391,0.9483764832862436,0.043478260869565216,0.44565217391304346,0.0975609756097561
msmarco-passage-trec-dl-2019,915593,blocker,256,128,128,256,0.5,0,22,0,-0.0008886363357305527,174,0.5281711479760391,0.5281711479760391,1.0,0.09782608695652174,0.44565217391304346,0.21951219512195125
msmarco-passage-trec-dl-2019,915593,blocker,512,288,224,512,0.5625,64,62,0,-1.5612691640853882e-05,367,0.5281711479760391,0.5281711479760391,1.0,0.2608695652173913,0.44565217391304346,0.5853658536585366
msmarco-passage-trec-dl-2019,915593,blocker,1024,512,512,1024,0.5,0,100,1,-inf,845,0.5281711479760391,0.5281711479760391,1.0,0.44565217391304346,0.44565217391304346,1.0
msmarco-passage-trec-dl-2019,915593,blocker,2048,1024,1024,2048,0.5,0,100,1,-inf,1839,0.5281711479760391,0.5281711479760391,1.0,0.44565217391304346,0.44565217391304346,1.0
msmarco-passage-trec-dl-2019,915593,blocker,4096,2048,2048,4096,0.5,0,100,1,-inf,3839,0.5281711479760391,0.5281711479760391,1.0,0.44565217391304346,0.44565217391304346,1.0
msmarco-passage-trec-dl-2019,915593,blocker,8192,4096,4096,8192,0.5,0,100,1,-inf,7835,0.5281711479760391,0.5281711479760391,1.0,0.44565217391304346,0.44565217391304346,1.0
msmarco-passage-trec-dl-2019,915593,blocker,10000,5000,5000,10000,0.5,0,100,1,-inf,9588,0.5281711479760391,0.5281711479760391,1.0,0.44565217391304346,0.44565217391304346,1.0
msmarco-passage-trec-dl-2019,915593,candidate,128,64,64,128,0.5,0,9,0,-3.302283585071564e-05,100,0.5009050958907741,0.5281711479760391,0.9483764832862436,0.043478260869565216,0.44565217391304346,0.0975609756097561
msmarco-passage-trec-dl-2019,915593,candidate,256,128,128,256,0.5,0,22,0,-0.0008886363357305527,174,0.5281711479760391,0.5281711479760391,1.0,0.09782608695652174,0.44565217391304346,0.21951219512195125
msmarco-passage-trec-dl-2019,915593,candidate,512,288,224,512,0.5625,64,62,0,-1.5612691640853882e-05,367,0.5281711479760391,0.5281711479760391,1.0,0.2608695652173913,0.44565217391304346,0.5853658536585366
msmarco-passage-trec-dl-2019,915593,candidate,1024,512,512,1024,0.5,0,100,1,-inf,845,0.5281711479760391,0.5281711479760391,1.0,0.44565217391304346,0.44565217391304346,1.0
msmarco-passage-trec-dl-2019,915593,candidate,2048,1024,1024,2048,0.5,0,100,1,-inf,1839,0.5281711479760391,0.5281711479760391,1.0,0.44565217391304346,0.44565217391304346,1.0
msmarco-passage-trec-dl-2019,915593,candidate,4096,2048,2048,4096,0.5,0,100,1,-inf,3839,0.5281711479760391,0.5281711479760391,1.0,0.44565217391304346,0.44565217391304346,1.0
msmarco-passage-trec-dl-2019,915593,candidate,8192,4096,4096,8192,0.5,0,100,1,-inf,7835,0.5281711479760391,0.5281711479760391,1.0,0.44565217391304346,0.44565217391304346,1.0
msmarco-passage-trec-dl-2019,915593,candidate,10000,5000,5000,10000,0.5,0,100,1,-inf,9588,0.5281711479760391,0.5281711479760391,1.0,0.44565217391304346,0.44565217391304346,1.0
msmarco-passage-trec-dl-2019,915593,candidate-safe,128,64,64,128,0.5,0,9,0,-3.302283585071564e-05,100,0.5009050958907741,0.5281711479760391,0.9483764832862436,0.043478260869565216,0.44565217391304346,0.0975609756097561
msmarco-passage-trec-dl-2019,915593,candidate-safe,256,128,128,256,0.5,0,22,0,-0.0008886363357305527,174,0.5281711479760391,0.5281711479760391,1.0,0.09782608695652174,0.44565217391304346,0.21951219512195125
msmarco-passage-trec-dl-2019,915593,candidate-safe,512,288,224,512,0.5625,64,62,0,-1.5612691640853882e-05,367,0.5281711479760391,0.5281711479760391,1.0,0.2608695652173913,0.44565217391304346,0.5853658536585366
msmarco-passage-trec-dl-2019,915593,candidate-safe,1024,512,512,1024,0.5,0,100,1,-inf,845,0.5281711479760391,0.5281711479760391,1.0,0.44565217391304346,0.44565217391304346,1.0
msmarco-passage-trec-dl-2019,915593,candidate-safe,2048,1024,1024,2048,0.5,0,100,1,-inf,1839,0.5281711479760391,0.5281711479760391,1.0,0.44565217391304346,0.44565217391304346,1.0
msmarco-passage-trec-dl-2019,915593,candidate-safe,4096,2048,2048,4096,0.5,0,100,1,-inf,3839,0.5281711479760391,0.5281711479760391,1.0,0.44565217391304346,0.44565217391304346,1.0
msmarco-passage-trec-dl-2019,915593,candidate-safe,8192,4096,4096,8192,0.5,0,100,1,-inf,7835,0.5281711479760391,0.5281711479760391,1.0,0.44565217391304346,0.44565217391304346,1.0
msmarco-passage-trec-dl-2019,915593,candidate-safe,10000,5000,5000,10000,0.5,0,100,1,-inf,9588,0.5281711479760391,0.5281711479760391,1.0,0.44565217391304346,0.44565217391304346,1.0
msmarco-passage-trec-dl-2019,915593,pressure,128,64,64,128,0.5,0,9,0,-3.302283585071564e-05,100,0.5009050958907741,0.5281711479760391,0.9483764832862436,0.043478260869565216,0.44565217391304346,0.0975609756097561
msmarco-passage-trec-dl-2019,915593,pressure,256,128,128,256,0.5,0,22,0,-0.0008886363357305527,174,0.5281711479760391,0.5281711479760391,1.0,0.09782608695652174,0.44565217391304346,0.21951219512195125
msmarco-passage-trec-dl-2019,915593,pressure,512,288,224,512,0.5625,64,62,0,-1.5612691640853882e-05,367,0.5281711479760391,0.5281711479760391,1.0,0.2608695652173913,0.44565217391304346,0.5853658536585366
msmarco-passage-trec-dl-2019,915593,pressure,1024,512,512,1024,0.5,0,100,1,-inf,845,0.5281711479760391,0.5281711479760391,1.0,0.44565217391304346,0.44565217391304346,1.0
msmarco-passage-trec-dl-2019,915593,pressure,2048,1024,1024,2048,0.5,0,100,1,-inf,1839,0.5281711479760391,0.5281711479760391,1.0,0.44565217391304346,0.44565217391304346,1.0
msmarco-passage-trec-dl-2019,915593,pressure,4096,2048,2048,4096,0.5,0,100,1,-inf,3839,0.5281711479760391,0.5281711479760391,1.0,0.44565217391304346,0.44565217391304346,1.0
msmarco-passage-trec-dl-2019,915593,pressure,8192,4096,4096,8192,0.5,0,100,1,-inf,7835,0.5281711479760391,0.5281711479760391,1.0,0.44565217391304346,0.44565217391304346,1.0
msmarco-passage-trec-dl-2019,915593,pressure,10000,5000,5000,10000,0.5,0,100,1,-inf,9588,0.5281711479760391,0.5281711479760391,1.0,0.44565217391304346,0.44565217391304346,1.0
msmarco-passage-trec-dl-2019,915593,allocation-grid-oracle,128,64,64,128,0.5,0,9,0,-3.302283585071564e-05,100,0.5009050958907741,0.5281711479760391,0.9483764832862436,0.043478260869565216,0.44565217391304346,0.0975609756097561
msmarco-passage-trec-dl-2019,915593,allocation-grid-oracle,256,112,144,256,0.4375,32,22,0,-0.0002749301493167877,174,0.5281711479760391,0.5281711479760391,1.0,0.09782608695652174,0.44565217391304346,0.21951219512195125
msmarco-passage-trec-dl-2019,915593,allocation-grid-oracle,512,288,224,512,0.5625,64,62,0,-1.5612691640853882e-05,367,0.5281711479760391,0.5281711479760391,1.0,0.2608695652173913,0.44565217391304346,0.5853658536585366
msmarco-passage-trec-dl-2019,915593,allocation-grid-oracle,1024,512,512,1024,0.5,0,100,1,-inf,845,0.5281711479760391,0.5281711479760391,1.0,0.44565217391304346,0.44565217391304346,1.0
msmarco-passage-trec-dl-2019,915593,allocation-grid-oracle,2048,1024,1024,2048,0.5,0,100,1,-inf,1839,0.5281711479760391,0.5281711479760391,1.0,0.44565217391304346,0.44565217391304346,1.0
msmarco-passage-trec-dl-2019,915593,allocation-grid-oracle,4096,2048,2048,4096,0.5,0,100,1,-inf,3839,0.5281711479760391,0.5281711479760391,1.0,0.44565217391304346,0.44565217391304346,1.0
msmarco-passage-trec-dl-2019,915593,allocation-grid-oracle,8192,4096,4096,8192,0.5,0,100,1,-inf,7835,0.5281711479760391,0.5281711479760391,1.0,0.44565217391304346,0.44565217391304346,1.0
msmarco-passage-trec-dl-2019,915593,allocation-grid-oracle,10000,5000,5000,10000,0.5,0,100,1,-inf,9588,0.5281711479760391,0.5281711479760391,1.0,0.44565217391304346,0.44565217391304346,1.0
msmarco-passage-trec-dl-2019,264014,balanced,128,64,64,128,0.5,0,9,0,-0.000871533527970314,104,0.6218821188499842,0.6309708028784059,0.985595713800131,0.04265402843601896,0.3981042654028436,0.10714285714285715
msmarco-passage-trec-dl-2019,264014,balanced,256,128,128,256,0.5,0,21,0,-8.88090580701828e-05,205,0.6309708028784059,0.6309708028784059,1.0,0.0947867298578199,0.3981042654028436,0.23809523809523808
msmarco-passage-trec-dl-2019,264014,balanced,512,256,256,512,0.5,0,40,0,-0.00024053454399108887,407,0.6309708028784059,0.6309708028784059,1.0,0.17535545023696683,0.3981042654028436,0.44047619047619047
msmarco-passage-trec-dl-2019,264014,balanced,1024,512,512,1024,0.5,0,56,0,-2.0751729607582092e-05,871,0.6309708028784059,0.6309708028784059,1.0,0.24170616113744076,0.3981042654028436,0.6071428571428571
msmarco-passage-trec-dl-2019,264014,balanced,2048,1024,1024,2048,0.5,0,64,0,-8.327886462211609e-06,1819,0.6309708028784059,0.6309708028784059,1.0,0.27488151658767773,0.3981042654028436,0.6904761904761905
msmarco-passage-trec-dl-2019,264014,balanced,4096,2048,2048,4096,0.5,0,66,0,-0.00017366278916597366,3730,0.6309708028784059,0.6309708028784059,1.0,0.2843601895734597,0.3981042654028436,0.7142857142857143
msmarco-passage-trec-dl-2019,264014,balanced,8192,4096,4096,8192,0.5,0,68,0,-2.75513157248497e-05,7488,0.6309708028784059,0.6309708028784059,1.0,0.2843601895734597,0.3981042654028436,0.7142857142857143
msmarco-passage-trec-dl-2019,264014,balanced,10000,5000,5000,10000,0.5,0,85,0,-0.00013730023056268692,9133,0.6309708028784059,0.6309708028784059,1.0,0.3459715639810427,0.3981042654028436,0.8690476190476191
msmarco-passage-trec-dl-2019,264014,blocker,128,64,64,128,0.5,0,9,0,-0.000871533527970314,104,0.6218821188499842,0.6309708028784059,0.985595713800131,0.04265402843601896,0.3981042654028436,0.10714285714285715
msmarco-passage-trec-dl-2019,264014,blocker,256,144,112,256,0.5625,32,26,0,-0.00020360015332698822,207,0.6309708028784059,0.6309708028784059,1.0,0.11848341232227488,0.3981042654028436,0.2976190476190476
msmarco-passage-trec-dl-2019,264014,blocker,512,272,240,512,0.53125,32,40,0,-8.80267471075058e-05,410,0.6309708028784059,0.6309708028784059,1.0,0.17535545023696683,0.3981042654028436,0.44047619047619047
msmarco-passage-trec-dl-2019,264014,blocker,1024,768,256,1024,0.75,512,60,0,-0.00020989961922168732,890,0.6309708028784059,0.6309708028784059,1.0,0.2559241706161137,0.3981042654028436,0.6428571428571428
msmarco-passage-trec-dl-2019,264014,blocker,2048,1696,352,2048,0.828125,1344,66,0,-0.0002687554806470871,1865,0.6309708028784059,0.6309708028784059,1.0,0.2843601895734597,0.3981042654028436,0.7142857142857143
msmarco-passage-trec-dl-2019,264014,blocker,4096,3696,400,4096,0.90234375,3296,68,0,-5.317665636539459e-05,3882,0.6309708028784059,0.6309708028784059,1.0,0.2843601895734597,0.3981042654028436,0.7142857142857143
msmarco-passage-trec-dl-2019,264014,blocker,8192,5000,3192,8192,0.6103515625,1808,85,0,-0.00013730023056268692,7556,0.6309708028784059,0.6309708028784059,1.0,0.3459715639810427,0.3981042654028436,0.8690476190476191
msmarco-passage-trec-dl-2019,264014,blocker,10000,5000,5000,10000,0.5,0,85,0,-0.00013730023056268692,9133,0.6309708028784059,0.6309708028784059,1.0,0.3459715639810427,0.3981042654028436,0.8690476190476191
msmarco-passage-trec-dl-2019,264014,candidate,128,64,64,128,0.5,0,9,0,-0.000871533527970314,104,0.6218821188499842,0.6309708028784059,0.985595713800131,0.04265402843601896,0.3981042654028436,0.10714285714285715
msmarco-passage-trec-dl-2019,264014,candidate,256,144,112,256,0.5625,32,26,0,-0.00020360015332698822,207,0.6309708028784059,0.6309708028784059,1.0,0.11848341232227488,0.3981042654028436,0.2976190476190476
msmarco-passage-trec-dl-2019,264014,candidate,512,272,240,512,0.53125,32,40,0,-8.80267471075058e-05,410,0.6309708028784059,0.6309708028784059,1.0,0.17535545023696683,0.3981042654028436,0.44047619047619047
msmarco-passage-trec-dl-2019,264014,candidate,1024,768,256,1024,0.75,512,60,0,-0.00020989961922168732,890,0.6309708028784059,0.6309708028784059,1.0,0.2559241706161137,0.3981042654028436,0.6428571428571428
msmarco-passage-trec-dl-2019,264014,candidate,2048,1696,352,2048,0.828125,1344,66,0,-0.0002687554806470871,1865,0.6309708028784059,0.6309708028784059,1.0,0.2843601895734597,0.3981042654028436,0.7142857142857143
msmarco-passage-trec-dl-2019,264014,candidate,4096,3696,400,4096,0.90234375,3296,68,0,-5.317665636539459e-05,3882,0.6309708028784059,0.6309708028784059,1.0,0.2843601895734597,0.3981042654028436,0.7142857142857143
msmarco-passage-trec-dl-2019,264014,candidate,8192,5000,3192,8192,0.6103515625,1808,85,0,-0.00013730023056268692,7556,0.6309708028784059,0.6309708028784059,1.0,0.3459715639810427,0.3981042654028436,0.8690476190476191
msmarco-passage-trec-dl-2019,264014,candidate,10000,5000,5000,10000,0.5,0,85,0,-0.00013730023056268692,9133,0.6309708028784059,0.6309708028784059,1.0,0.3459715639810427,0.3981042654028436,0.8690476190476191
msmarco-passage-trec-dl-2019,264014,candidate-safe,128,64,64,128,0.5,0,9,0,-0.000871533527970314,104,0.6218821188499842,0.6309708028784059,0.985595713800131,0.04265402843601896,0.3981042654028436,0.10714285714285715
msmarco-passage-trec-dl-2019,264014,candidate-safe,256,144,112,256,0.5625,32,26,0,-0.00020360015332698822,207,0.6309708028784059,0.6309708028784059,1.0,0.11848341232227488,0.3981042654028436,0.2976190476190476
msmarco-passage-trec-dl-2019,264014,candidate-safe,512,272,240,512,0.53125,32,40,0,-8.80267471075058e-05,410,0.6309708028784059,0.6309708028784059,1.0,0.17535545023696683,0.3981042654028436,0.44047619047619047
msmarco-passage-trec-dl-2019,264014,candidate-safe,1024,768,256,1024,0.75,512,60,0,-0.00020989961922168732,890,0.6309708028784059,0.6309708028784059,1.0,0.2559241706161137,0.3981042654028436,0.6428571428571428
msmarco-passage-trec-dl-2019,264014,candidate-safe,2048,1696,352,2048,0.828125,1344,66,0,-0.0002687554806470871,1865,0.6309708028784059,0.6309708028784059,1.0,0.2843601895734597,0.3981042654028436,0.7142857142857143
msmarco-passage-trec-dl-2019,264014,candidate-safe,4096,3696,400,4096,0.90234375,3296,68,0,-5.317665636539459e-05,3882,0.6309708028784059,0.6309708028784059,1.0,0.2843601895734597,0.3981042654028436,0.7142857142857143
msmarco-passage-trec-dl-2019,264014,candidate-safe,8192,5000,3192,8192,0.6103515625,1808,85,0,-0.00013730023056268692,7556,0.6309708028784059,0.6309708028784059,1.0,0.3459715639810427,0.3981042654028436,0.8690476190476191
msmarco-passage-trec-dl-2019,264014,candidate-safe,10000,5000,5000,10000,0.5,0,85,0,-0.00013730023056268692,9133,0.6309708028784059,0.6309708028784059,1.0,0.3459715639810427,0.3981042654028436,0.8690476190476191
msmarco-passage-trec-dl-2019,264014,pressure,128,64,64,128,0.5,0,9,0,-0.000871533527970314,104,0.6218821188499842,0.6309708028784059,0.985595713800131,0.04265402843601896,0.3981042654028436,0.10714285714285715
msmarco-passage-trec-dl-2019,264014,pressure,256,144,112,256,0.5625,32,26,0,-0.00020360015332698822,207,0.6309708028784059,0.6309708028784059,1.0,0.11848341232227488,0.3981042654028436,0.2976190476190476
msmarco-passage-trec-dl-2019,264014,pressure,512,272,240,512,0.53125,32,40,0,-8.80267471075058e-05,410,0.6309708028784059,0.6309708028784059,1.0,0.17535545023696683,0.3981042654028436,0.44047619047619047
msmarco-passage-trec-dl-2019,264014,pressure,1024,768,256,1024,0.75,512,60,0,-0.00020989961922168732,890,0.6309708028784059,0.6309708028784059,1.0,0.2559241706161137,0.3981042654028436,0.6428571428571428
msmarco-passage-trec-dl-2019,264014,pressure,2048,1648,400,2048,0.8046875,1248,66,0,-0.0002847593277692795,1857,0.6309708028784059,0.6309708028784059,1.0,0.2843601895734597,0.3981042654028436,0.7142857142857143
msmarco-passage-trec-dl-2019,264014,pressure,4096,3680,416,4096,0.8984375,3264,68,0,-5.431566387414932e-05,3877,0.6309708028784059,0.6309708028784059,1.0,0.2843601895734597,0.3981042654028436,0.7142857142857143
msmarco-passage-trec-dl-2019,264014,pressure,8192,5000,3192,8192,0.6103515625,1808,85,0,-0.00013730023056268692,7556,0.6309708028784059,0.6309708028784059,1.0,0.3459715639810427,0.3981042654028436,0.8690476190476191
msmarco-passage-trec-dl-2019,264014,pressure,10000,5000,5000,10000,0.5,0,85,0,-0.00013730023056268692,9133,0.6309708028784059,0.6309708028784059,1.0,0.3459715639810427,0.3981042654028436,0.8690476190476191
msmarco-passage-trec-dl-2019,264014,allocation-grid-oracle,128,64,64,128,0.5,0,9,0,-0.000871533527970314,104,0.6218821188499842,0.6309708028784059,0.985595713800131,0.04265402843601896,0.3981042654028436,0.10714285714285715
msmarco-passage-trec-dl-2019,264014,allocation-grid-oracle,256,144,112,256,0.5625,32,26,0,-0.00020360015332698822,207,0.6309708028784059,0.6309708028784059,1.0,0.11848341232227488,0.3981042654028436,0.2976190476190476
msmarco-passage-trec-dl-2019,264014,allocation-grid-oracle,512,272,240,512,0.53125,32,40,0,-8.80267471075058e-05,410,0.6309708028784059,0.6309708028784059,1.0,0.17535545023696683,0.3981042654028436,0.44047619047619047
msmarco-passage-trec-dl-2019,264014,allocation-grid-oracle,1024,768,256,1024,0.75,512,60,0,-0.00020989961922168732,890,0.6309708028784059,0.6309708028784059,1.0,0.2559241706161137,0.3981042654028436,0.6428571428571428
msmarco-passage-trec-dl-2019,264014,allocation-grid-oracle,2048,1696,352,2048,0.828125,1344,66,0,-0.0002687554806470871,1865,0.6309708028784059,0.6309708028784059,1.0,0.2843601895734597,0.3981042654028436,0.7142857142857143
msmarco-passage-trec-dl-2019,264014,allocation-grid-oracle,4096,3696,400,4096,0.90234375,3296,68,0,-5.317665636539459e-05,3882,0.6309708028784059,0.6309708028784059,1.0,0.2843601895734597,0.3981042654028436,0.7142857142857143
msmarco-passage-trec-dl-2019,264014,allocation-grid-oracle,8192,5000,3192,8192,0.6103515625,1808,85,0,-0.00013730023056268692,7556,0.6309708028784059,0.6309708028784059,1.0,0.3459715639810427,0.3981042654028436,0.8690476190476191
msmarco-passage-trec-dl-2019,264014,allocation-grid-oracle,10000,5000,5000,10000,0.5,0,85,0,-0.00013730023056268692,9133,0.6309708028784059,0.6309708028784059,1.0,0.3459715639810427,0.3981042654028436,0.8690476190476191
msmarco-passage-trec-dl-2019,1121402,balanced,128,64,64,128,0.5,0,22,0,-0.00021996162831783295,99,0.9537125187088151,0.9537125187088151,1.0,0.4782608695652174,0.9565217391304348,0.5
msmarco-passage-trec-dl-2019,1121402,balanced,256,128,128,256,0.5,0,30,0,-0.0010519102215766907,220,0.9537125187088151,0.9537125187088151,1.0,0.6521739130434783,0.9565217391304348,0.6818181818181818
msmarco-passage-trec-dl-2019,1121402,balanced,512,256,256,512,0.5,0,32,0,-0.00020268000662326813,468,0.9537125187088151,0.9537125187088151,1.0,0.6956521739130435,0.9565217391304348,0.7272727272727272
msmarco-passage-trec-dl-2019,1121402,balanced,1024,512,512,1024,0.5,0,34,0,-0.00020499899983406067,954,0.9537125187088151,0.9537125187088151,1.0,0.717391304347826,0.9565217391304348,0.7499999999999999
msmarco-passage-trec-dl-2019,1121402,balanced,2048,1024,1024,2048,0.5,0,36,0,-0.0005038157105445862,1936,0.9537125187088151,0.9537125187088151,1.0,0.7608695652173914,0.9565217391304348,0.7954545454545455
msmarco-passage-trec-dl-2019,1121402,balanced,4096,2048,2048,4096,0.5,0,47,0,-0.00024216528981924057,3913,0.9537125187088151,0.9537125187088151,1.0,0.8695652173913043,0.9565217391304348,0.9090909090909091
msmarco-passage-trec-dl-2019,1121402,balanced,8192,4096,4096,8192,0.5,0,47,0,-8.39773565530777e-06,7900,0.9537125187088151,0.9537125187088151,1.0,0.8695652173913043,0.9565217391304348,0.9090909090909091
msmarco-passage-trec-dl-2019,1121402,balanced,10000,5000,5000,10000,0.5,0,51,0,-0.00017465651035308838,9652,0.9537125187088151,0.9537125187088151,1.0,0.9130434782608695,0.9565217391304348,0.9545454545454545
msmarco-passage-trec-dl-2019,1121402,blocker,128,64,64,128,0.5,0,22,0,-0.00021996162831783295,99,0.9537125187088151,0.9537125187088151,1.0,0.4782608695652174,0.9565217391304348,0.5
msmarco-passage-trec-dl-2019,1121402,blocker,256,160,96,256,0.625,64,31,0,-0.00027821585536003113,219,0.9537125187088151,0.9537125187088151,1.0,0.6739130434782609,0.9565217391304348,0.7045454545454545
msmarco-passage-trec-dl-2019,1121402,blocker,512,400,112,512,0.78125,288,34,0,-0.0006306599825620651,470,0.9537125187088151,0.9537125187088151,1.0,0.717391304347826,0.9565217391304348,0.7499999999999999
msmarco-passage-trec-dl-2019,1121402,blocker,1024,880,144,1024,0.859375,736,36,0,-0.0006451364606618881,975,0.9537125187088151,0.9537125187088151,1.0,0.7608695652173914,0.9565217391304348,0.7954545454545455
msmarco-passage-trec-dl-2019,1121402,blocker,2048,1680,368,2048,0.8203125,1312,39,0,-0.000337197445333004,1965,0.9537125187088151,0.9537125187088151,1.0,0.8043478260869565,0.9565217391304348,0.8409090909090909
msmarco-passage-trec-dl-2019,1121402,blocker,4096,2320,1776,4096,0.56640625,544,47,0,-0.00018795020878314972,3904,0.9537125187088151,0.9537125187088151,1.0,0.8695652173913043,0.9565217391304348,0.9090909090909091
msmarco-passage-trec-dl-2019,1121402,blocker,8192,4608,3584,8192,0.5625,1024,51,0,-0.0002514515072107315,7892,0.9537125187088151,0.9537125187088151,1.0,0.9130434782608695,0.9565217391304348,0.9545454545454545
msmarco-passage-trec-dl-2019,1121402,blocker,10000,5000,5000,10000,0.5,0,51,0,-0.00017465651035308838,9652,0.9537125187088151,0.9537125187088151,1.0,0.9130434782608695,0.9565217391304348,0.9545454545454545
msmarco-passage-trec-dl-2019,1121402,candidate,128,64,64,128,0.5,0,22,0,-0.00021996162831783295,99,0.9537125187088151,0.9537125187088151,1.0,0.4782608695652174,0.9565217391304348,0.5
msmarco-passage-trec-dl-2019,1121402,candidate,256,160,96,256,0.625,64,31,0,-0.00027821585536003113,219,0.9537125187088151,0.9537125187088151,1.0,0.6739130434782609,0.9565217391304348,0.7045454545454545
msmarco-passage-trec-dl-2019,1121402,candidate,512,400,112,512,0.78125,288,34,0,-0.0006306599825620651,470,0.9537125187088151,0.9537125187088151,1.0,0.717391304347826,0.9565217391304348,0.7499999999999999
msmarco-passage-trec-dl-2019,1121402,candidate,1024,880,144,1024,0.859375,736,36,0,-0.0006451364606618881,975,0.9537125187088151,0.9537125187088151,1.0,0.7608695652173914,0.9565217391304348,0.7954545454545455
msmarco-passage-trec-dl-2019,1121402,candidate,2048,1680,368,2048,0.8203125,1312,39,0,-0.000337197445333004,1965,0.9537125187088151,0.9537125187088151,1.0,0.8043478260869565,0.9565217391304348,0.8409090909090909
msmarco-passage-trec-dl-2019,1121402,candidate,4096,2320,1776,4096,0.56640625,544,47,0,-0.00018795020878314972,3904,0.9537125187088151,0.9537125187088151,1.0,0.8695652173913043,0.9565217391304348,0.9090909090909091
msmarco-passage-trec-dl-2019,1121402,candidate,8192,4608,3584,8192,0.5625,1024,51,0,-0.0002514515072107315,7892,0.9537125187088151,0.9537125187088151,1.0,0.9130434782608695,0.9565217391304348,0.9545454545454545
msmarco-passage-trec-dl-2019,1121402,candidate,10000,5000,5000,10000,0.5,0,51,0,-0.00017465651035308838,9652,0.9537125187088151,0.9537125187088151,1.0,0.9130434782608695,0.9565217391304348,0.9545454545454545
msmarco-passage-trec-dl-2019,1121402,candidate-safe,128,64,64,128,0.5,0,22,0,-0.00021996162831783295,99,0.9537125187088151,0.9537125187088151,1.0,0.4782608695652174,0.9565217391304348,0.5
msmarco-passage-trec-dl-2019,1121402,candidate-safe,256,160,96,256,0.625,64,31,0,-0.00027821585536003113,219,0.9537125187088151,0.9537125187088151,1.0,0.6739130434782609,0.9565217391304348,0.7045454545454545
msmarco-passage-trec-dl-2019,1121402,candidate-safe,512,400,112,512,0.78125,288,34,0,-0.0006306599825620651,470,0.9537125187088151,0.9537125187088151,1.0,0.717391304347826,0.9565217391304348,0.7499999999999999
msmarco-passage-trec-dl-2019,1121402,candidate-safe,1024,880,144,1024,0.859375,736,36,0,-0.0006451364606618881,975,0.9537125187088151,0.9537125187088151,1.0,0.7608695652173914,0.9565217391304348,0.7954545454545455
msmarco-passage-trec-dl-2019,1121402,candidate-safe,2048,1680,368,2048,0.8203125,1312,39,0,-0.000337197445333004,1965,0.9537125187088151,0.9537125187088151,1.0,0.8043478260869565,0.9565217391304348,0.8409090909090909
msmarco-passage-trec-dl-2019,1121402,candidate-safe,4096,2320,1776,4096,0.56640625,544,47,0,-0.00018795020878314972,3904,0.9537125187088151,0.9537125187088151,1.0,0.8695652173913043,0.9565217391304348,0.9090909090909091
msmarco-passage-trec-dl-2019,1121402,candidate-safe,8192,4608,3584,8192,0.5625,1024,51,0,-0.0002514515072107315,7892,0.9537125187088151,0.9537125187088151,1.0,0.9130434782608695,0.9565217391304348,0.9545454545454545
msmarco-passage-trec-dl-2019,1121402,candidate-safe,10000,5000,5000,10000,0.5,0,51,0,-0.00017465651035308838,9652,0.9537125187088151,0.9537125187088151,1.0,0.9130434782608695,0.9565217391304348,0.9545454545454545
msmarco-passage-trec-dl-2019,1121402,pressure,128,64,64,128,0.5,0,22,0,-0.00021996162831783295,99,0.9537125187088151,0.9537125187088151,1.0,0.4782608695652174,0.9565217391304348,0.5
msmarco-passage-trec-dl-2019,1121402,pressure,256,160,96,256,0.625,64,31,0,-0.00027821585536003113,219,0.9537125187088151,0.9537125187088151,1.0,0.6739130434782609,0.9565217391304348,0.7045454545454545
msmarco-passage-trec-dl-2019,1121402,pressure,512,384,128,512,0.75,256,34,0,-0.0007089991122484207,470,0.9537125187088151,0.9537125187088151,1.0,0.717391304347826,0.9565217391304348,0.7499999999999999
msmarco-passage-trec-dl-2019,1121402,pressure,1024,848,176,1024,0.828125,672,36,0,-0.0006826296448707581,973,0.9537125187088151,0.9537125187088151,1.0,0.7608695652173914,0.9565217391304348,0.7954545454545455
msmarco-passage-trec-dl-2019,1121402,pressure,2048,1680,368,2048,0.8203125,1312,39,0,-0.000337197445333004,1965,0.9537125187088151,0.9537125187088151,1.0,0.8043478260869565,0.9565217391304348,0.8409090909090909
msmarco-passage-trec-dl-2019,1121402,pressure,4096,2048,2048,4096,0.5,0,47,0,-0.00024216528981924057,3913,0.9537125187088151,0.9537125187088151,1.0,0.8695652173913043,0.9565217391304348,0.9090909090909091
msmarco-passage-trec-dl-2019,1121402,pressure,8192,4608,3584,8192,0.5625,1024,51,0,-0.0002514515072107315,7892,0.9537125187088151,0.9537125187088151,1.0,0.9130434782608695,0.9565217391304348,0.9545454545454545
msmarco-passage-trec-dl-2019,1121402,pressure,10000,5000,5000,10000,0.5,0,51,0,-0.00017465651035308838,9652,0.9537125187088151,0.9537125187088151,1.0,0.9130434782608695,0.9565217391304348,0.9545454545454545
msmarco-passage-trec-dl-2019,1121402,allocation-grid-oracle,128,64,64,128,0.5,0,22,0,-0.00021996162831783295,99,0.9537125187088151,0.9537125187088151,1.0,0.4782608695652174,0.9565217391304348,0.5
msmarco-passage-trec-dl-2019,1121402,allocation-grid-oracle,256,160,96,256,0.625,64,31,0,-0.00027821585536003113,219,0.9537125187088151,0.9537125187088151,1.0,0.6739130434782609,0.9565217391304348,0.7045454545454545
msmarco-passage-trec-dl-2019,1121402,allocation-grid-oracle,512,400,112,512,0.78125,288,34,0,-0.0006306599825620651,470,0.9537125187088151,0.9537125187088151,1.0,0.717391304347826,0.9565217391304348,0.7499999999999999
msmarco-passage-trec-dl-2019,1121402,allocation-grid-oracle,1024,880,144,1024,0.859375,736,36,0,-0.0006451364606618881,975,0.9537125187088151,0.9537125187088151,1.0,0.7608695652173914,0.9565217391304348,0.7954545454545455
msmarco-passage-trec-dl-2019,1121402,allocation-grid-oracle,2048,1680,368,2048,0.8203125,1312,39,0,-0.000337197445333004,1965,0.9537125187088151,0.9537125187088151,1.0,0.8043478260869565,0.9565217391304348,0.8409090909090909
msmarco-passage-trec-dl-2019,1121402,allocation-grid-oracle,4096,2320,1776,4096,0.56640625,544,47,0,-0.00018795020878314972,3904,0.9537125187088151,0.9537125187088151,1.0,0.8695652173913043,0.9565217391304348,0.9090909090909091
msmarco-passage-trec-dl-2019,1121402,allocation-grid-oracle,8192,4616,3576,8192,0.5634765625,1040,51,0,-0.00025205593556165695,7891,0.9537125187088151,0.9537125187088151,1.0,0.9130434782608695,0.9565217391304348,0.9545454545454545
msmarco-passage-trec-dl-2019,1121402,allocation-grid-oracle,10000,5000,5000,10000,0.5,0,51,0,-0.00017465651035308838,9652,0.9537125187088151,0.9537125187088151,1.0,0.9130434782608695,0.9565217391304348,0.9545454545454545
msmarco-passage-trec-dl-2019,962179,balanced,128,64,64,128,0.5,0,2,0,-0.00011626444756984711,116,0.35895421017163476,0.9305687780632228,0.38573635676743867,0.08,0.88,0.09090909090909091
msmarco-passage-trec-dl-2019,962179,balanced,256,128,128,256,0.5,0,7,0,-2.4752691388130188e-05,220,0.8006937664098821,0.9305687780632228,0.8604348064163002,0.28,0.88,0.31818181818181823
msmarco-passage-trec-dl-2019,962179,balanced,512,256,256,512,0.5,0,14,0,-0.0002975575625896454,435,0.9305687780632228,0.9305687780632228,1.0,0.44,0.88,0.5
msmarco-passage-trec-dl-2019,962179,balanced,1024,512,512,1024,0.5,0,18,0,-0.00038674846291542053,891,0.9305687780632228,0.9305687780632228,1.0,0.52,0.88,0.5909090909090909
msmarco-passage-trec-dl-2019,962179,balanced,2048,1024,1024,2048,0.5,0,31,0,-9.509921073913574e-05,1877,0.9305687780632228,0.9305687780632228,1.0,0.68,0.88,0.7727272727272728
msmarco-passage-trec-dl-2019,962179,balanced,4096,2048,2048,4096,0.5,0,37,0,-9.318813681602478e-06,3863,0.9305687780632228,0.9305687780632228,1.0,0.72,0.88,0.8181818181818181
msmarco-passage-trec-dl-2019,962179,balanced,8192,4096,4096,8192,0.5,0,39,0,-8.82316380739212e-05,7853,0.9305687780632228,0.9305687780632228,1.0,0.76,0.88,0.8636363636363636
msmarco-passage-trec-dl-2019,962179,balanced,10000,5000,5000,10000,0.5,0,39,0,-4.5243650674819946e-05,9621,0.9305687780632228,0.9305687780632228,1.0,0.76,0.88,0.8636363636363636
msmarco-passage-trec-dl-2019,962179,blocker,128,64,64,128,0.5,0,2,0,-0.00011626444756984711,116,0.35895421017163476,0.9305687780632228,0.38573635676743867,0.08,0.88,0.09090909090909091
msmarco-passage-trec-dl-2019,962179,blocker,256,144,112,256,0.5625,32,8,0,-0.00016617029905319214,225,0.8006937664098821,0.9305687780632228,0.8604348064163002,0.28,0.88,0.31818181818181823
msmarco-passage-trec-dl-2019,962179,blocker,512,304,208,512,0.59375,96,15,0,-0.000544494017958641,445,0.9305687780632228,0.9305687780632228,1.0,0.48,0.88,0.5454545454545454
msmarco-passage-trec-dl-2019,962179,blocker,1024,688,336,1024,0.671875,352,19,0,-9.005703032016754e-05,911,0.9305687780632228,0.9305687780632228,1.0,0.56,0.88,0.6363636363636365
msmarco-passage-trec-dl-2019,962179,blocker,2048,1664,384,2048,0.8125,1280,34,0,-5.368143320083618e-06,1883,0.9305687780632228,0.9305687780632228,1.0,0.72,0.88,0.8181818181818181
msmarco-passage-trec-dl-2019,962179,blocker,4096,3712,384,4096,0.90625,3328,39,0,-0.00011272728443145752,3882,0.9305687780632228,0.9305687780632228,1.0,0.76,0.88,0.8636363636363636
msmarco-passage-trec-dl-2019,962179,blocker,8192,5000,3192,8192,0.6103515625,1808,39,0,-4.5243650674819946e-05,7842,0.9305687780632228,0.9305687780632228,1.0,0.76,0.88,0.8636363636363636
msmarco-passage-trec-dl-2019,962179,blocker,10000,5000,5000,10000,0.5,0,39,0,-4.5243650674819946e-05,9621,0.9305687780632228,0.9305687780632228,1.0,0.76,0.88,0.8636363636363636
msmarco-passage-trec-dl-2019,962179,candidate,128,64,64,128,0.5,0,2,0,-0.00011626444756984711,116,0.35895421017163476,0.9305687780632228,0.38573635676743867,0.08,0.88,0.09090909090909091
msmarco-passage-trec-dl-2019,962179,candidate,256,144,112,256,0.5625,32,8,0,-0.00016617029905319214,225,0.8006937664098821,0.9305687780632228,0.8604348064163002,0.28,0.88,0.31818181818181823
msmarco-passage-trec-dl-2019,962179,candidate,512,304,208,512,0.59375,96,15,0,-0.000544494017958641,445,0.9305687780632228,0.9305687780632228,1.0,0.48,0.88,0.5454545454545454
msmarco-passage-trec-dl-2019,962179,candidate,1024,688,336,1024,0.671875,352,19,0,-9.005703032016754e-05,911,0.9305687780632228,0.9305687780632228,1.0,0.56,0.88,0.6363636363636365
msmarco-passage-trec-dl-2019,962179,candidate,2048,1664,384,2048,0.8125,1280,34,0,-5.368143320083618e-06,1883,0.9305687780632228,0.9305687780632228,1.0,0.72,0.88,0.8181818181818181
msmarco-passage-trec-dl-2019,962179,candidate,4096,3712,384,4096,0.90625,3328,39,0,-0.00011272728443145752,3882,0.9305687780632228,0.9305687780632228,1.0,0.76,0.88,0.8636363636363636
msmarco-passage-trec-dl-2019,962179,candidate,8192,5000,3192,8192,0.6103515625,1808,39,0,-4.5243650674819946e-05,7842,0.9305687780632228,0.9305687780632228,1.0,0.76,0.88,0.8636363636363636
msmarco-passage-trec-dl-2019,962179,candidate,10000,5000,5000,10000,0.5,0,39,0,-4.5243650674819946e-05,9621,0.9305687780632228,0.9305687780632228,1.0,0.76,0.88,0.8636363636363636
msmarco-passage-trec-dl-2019,962179,candidate-safe,128,64,64,128,0.5,0,2,0,-0.00011626444756984711,116,0.35895421017163476,0.9305687780632228,0.38573635676743867,0.08,0.88,0.09090909090909091
msmarco-passage-trec-dl-2019,962179,candidate-safe,256,144,112,256,0.5625,32,8,0,-0.00016617029905319214,225,0.8006937664098821,0.9305687780632228,0.8604348064163002,0.28,0.88,0.31818181818181823
msmarco-passage-trec-dl-2019,962179,candidate-safe,512,304,208,512,0.59375,96,15,0,-0.000544494017958641,445,0.9305687780632228,0.9305687780632228,1.0,0.48,0.88,0.5454545454545454
msmarco-passage-trec-dl-2019,962179,candidate-safe,1024,688,336,1024,0.671875,352,19,0,-9.005703032016754e-05,911,0.9305687780632228,0.9305687780632228,1.0,0.56,0.88,0.6363636363636365
msmarco-passage-trec-dl-2019,962179,candidate-safe,2048,1664,384,2048,0.8125,1280,34,0,-5.368143320083618e-06,1883,0.9305687780632228,0.9305687780632228,1.0,0.72,0.88,0.8181818181818181
msmarco-passage-trec-dl-2019,962179,candidate-safe,4096,3712,384,4096,0.90625,3328,39,0,-0.00011272728443145752,3882,0.9305687780632228,0.9305687780632228,1.0,0.76,0.88,0.8636363636363636
msmarco-passage-trec-dl-2019,962179,candidate-safe,8192,5000,3192,8192,0.6103515625,1808,39,0,-4.5243650674819946e-05,7842,0.9305687780632228,0.9305687780632228,1.0,0.76,0.88,0.8636363636363636
msmarco-passage-trec-dl-2019,962179,candidate-safe,10000,5000,5000,10000,0.5,0,39,0,-4.5243650674819946e-05,9621,0.9305687780632228,0.9305687780632228,1.0,0.76,0.88,0.8636363636363636
msmarco-passage-trec-dl-2019,962179,pressure,128,64,64,128,0.5,0,2,0,-0.00011626444756984711,116,0.35895421017163476,0.9305687780632228,0.38573635676743867,0.08,0.88,0.09090909090909091
msmarco-passage-trec-dl-2019,962179,pressure,256,144,112,256,0.5625,32,8,0,-0.00016617029905319214,225,0.8006937664098821,0.9305687780632228,0.8604348064163002,0.28,0.88,0.31818181818181823
msmarco-passage-trec-dl-2019,962179,pressure,512,304,208,512,0.59375,96,15,0,-0.000544494017958641,445,0.9305687780632228,0.9305687780632228,1.0,0.48,0.88,0.5454545454545454
msmarco-passage-trec-dl-2019,962179,pressure,1024,688,336,1024,0.671875,352,19,0,-9.005703032016754e-05,911,0.9305687780632228,0.9305687780632228,1.0,0.56,0.88,0.6363636363636365
msmarco-passage-trec-dl-2019,962179,pressure,2048,1664,384,2048,0.8125,1280,34,0,-5.368143320083618e-06,1883,0.9305687780632228,0.9305687780632228,1.0,0.72,0.88,0.8181818181818181
msmarco-passage-trec-dl-2019,962179,pressure,4096,3712,384,4096,0.90625,3328,39,0,-0.00011272728443145752,3882,0.9305687780632228,0.9305687780632228,1.0,0.76,0.88,0.8636363636363636
msmarco-passage-trec-dl-2019,962179,pressure,8192,5000,3192,8192,0.6103515625,1808,39,0,-4.5243650674819946e-05,7842,0.9305687780632228,0.9305687780632228,1.0,0.76,0.88,0.8636363636363636
msmarco-passage-trec-dl-2019,962179,pressure,10000,5000,5000,10000,0.5,0,39,0,-4.5243650674819946e-05,9621,0.9305687780632228,0.9305687780632228,1.0,0.76,0.88,0.8636363636363636
msmarco-passage-trec-dl-2019,962179,allocation-grid-oracle,128,64,64,128,0.5,0,2,0,-0.00011626444756984711,116,0.35895421017163476,0.9305687780632228,0.38573635676743867,0.08,0.88,0.09090909090909091
msmarco-passage-trec-dl-2019,962179,allocation-grid-oracle,256,144,112,256,0.5625,32,8,0,-0.00016617029905319214,225,0.8006937664098821,0.9305687780632228,0.8604348064163002,0.28,0.88,0.31818181818181823
msmarco-passage-trec-dl-2019,962179,allocation-grid-oracle,512,304,208,512,0.59375,96,15,0,-0.000544494017958641,445,0.9305687780632228,0.9305687780632228,1.0,0.48,0.88,0.5454545454545454
msmarco-passage-trec-dl-2019,962179,allocation-grid-oracle,1024,688,336,1024,0.671875,352,19,0,-9.005703032016754e-05,911,0.9305687780632228,0.9305687780632228,1.0,0.56,0.88,0.6363636363636365
msmarco-passage-trec-dl-2019,962179,allocation-grid-oracle,2048,1664,384,2048,0.8125,1280,34,0,-5.368143320083618e-06,1883,0.9305687780632228,0.9305687780632228,1.0,0.72,0.88,0.8181818181818181
msmarco-passage-trec-dl-2019,962179,allocation-grid-oracle,4096,3712,384,4096,0.90625,3328,39,0,-0.00011272728443145752,3882,0.9305687780632228,0.9305687780632228,1.0,0.76,0.88,0.8636363636363636
msmarco-passage-trec-dl-2019,962179,allocation-grid-oracle,8192,5000,3192,8192,0.6103515625,1808,39,0,-4.5243650674819946e-05,7842,0.9305687780632228,0.9305687780632228,1.0,0.76,0.88,0.8636363636363636
msmarco-passage-trec-dl-2019,962179,allocation-grid-oracle,10000,5000,5000,10000,0.5,0,39,0,-4.5243650674819946e-05,9621,0.9305687780632228,0.9305687780632228,1.0,0.76,0.88,0.8636363636363636
msmarco-passage-trec-dl-2019,1117099,balanced,128,64,64,128,0.5,0,12,0,-0.0004053562879562378,106,1.0,1.0,1.0,0.10084033613445378,0.2857142857142857,0.35294117647058826
msmarco-passage-trec-dl-2019,1117099,balanced,256,128,128,256,0.5,0,24,0,-0.0010299328714609146,222,1.0,1.0,1.0,0.19327731092436976,0.2857142857142857,0.6764705882352942
msmarco-passage-trec-dl-2019,1117099,balanced,512,256,256,512,0.5,0,26,0,-2.7302652597427368e-05,457,1.0,1.0,1.0,0.21008403361344538,0.2857142857142857,0.7352941176470589
msmarco-passage-trec-dl-2019,1117099,balanced,1024,512,512,1024,0.5,0,28,0,-0.0007964037358760834,928,1.0,1.0,1.0,0.2184873949579832,0.2857142857142857,0.7647058823529412
msmarco-passage-trec-dl-2019,1117099,balanced,2048,1024,1024,2048,0.5,0,29,0,-7.082708179950714e-05,1795,1.0,1.0,1.0,0.226890756302521,0.2857142857142857,0.7941176470588236
msmarco-passage-trec-dl-2019,1117099,balanced,4096,2048,2048,4096,0.5,0,35,0,-0.00019440241158008575,3476,1.0,1.0,1.0,0.24369747899159663,0.2857142857142857,0.8529411764705883
msmarco-passage-trec-dl-2019,1117099,balanced,8192,4096,4096,8192,0.5,0,38,0,-1.4472752809524536e-05,6937,1.0,1.0,1.0,0.25210084033613445,0.2857142857142857,0.8823529411764706
msmarco-passage-trec-dl-2019,1117099,balanced,10000,5000,5000,10000,0.5,0,39,0,-0.00016440916806459427,8545,1.0,1.0,1.0,0.25210084033613445,0.2857142857142857,0.8823529411764706
msmarco-passage-trec-dl-2019,1117099,blocker,128,64,64,128,0.5,0,12,0,-0.0004053562879562378,106,1.0,1.0,1.0,0.10084033613445378,0.2857142857142857,0.35294117647058826
msmarco-passage-trec-dl-2019,1117099,blocker,256,128,128,256,0.5,0,24,0,-0.0010299328714609146,222,1.0,1.0,1.0,0.19327731092436976,0.2857142857142857,0.6764705882352942
msmarco-passage-trec-dl-2019,1117099,blocker,512,336,176,512,0.65625,160,28,0,-0.001573406159877777,461,1.0,1.0,1.0,0.2184873949579832,0.2857142857142857,0.7647058823529412
msmarco-passage-trec-dl-2019,1117099,blocker,1024,848,176,1024,0.828125,672,28,0,-0.00014947354793548584,948,1.0,1.0,1.0,0.2184873949579832,0.2857142857142857,0.7647058823529412
msmarco-passage-trec-dl-2019,1117099,blocker,2048,1776,272,2048,0.8671875,1504,34,0,-6.458349525928497e-05,1924,1.0,1.0,1.0,0.23529411764705882,0.2857142857142857,0.823529411764706
msmarco-passage-trec-dl-2019,1117099,blocker,4096,3824,272,4096,0.93359375,3552,38,0,-3.1324103474617004e-05,3953,1.0,1.0,1.0,0.25210084033613445,0.2857142857142857,0.8823529411764706
msmarco-passage-trec-dl-2019,1117099,blocker,8192,5000,3192,8192,0.6103515625,1808,39,0,-0.00016440916806459427,7112,1.0,1.0,1.0,0.25210084033613445,0.2857142857142857,0.8823529411764706
msmarco-passage-trec-dl-2019,1117099,blocker,10000,5000,5000,10000,0.5,0,39,0,-0.00016440916806459427,8545,1.0,1.0,1.0,0.25210084033613445,0.2857142857142857,0.8823529411764706
msmarco-passage-trec-dl-2019,1117099,candidate,128,64,64,128,0.5,0,12,0,-0.0004053562879562378,106,1.0,1.0,1.0,0.10084033613445378,0.2857142857142857,0.35294117647058826
msmarco-passage-trec-dl-2019,1117099,candidate,256,128,128,256,0.5,0,24,0,-0.0010299328714609146,222,1.0,1.0,1.0,0.19327731092436976,0.2857142857142857,0.6764705882352942
msmarco-passage-trec-dl-2019,1117099,candidate,512,336,176,512,0.65625,160,28,0,-0.001573406159877777,461,1.0,1.0,1.0,0.2184873949579832,0.2857142857142857,0.7647058823529412
msmarco-passage-trec-dl-2019,1117099,candidate,1024,848,176,1024,0.828125,672,28,0,-0.00014947354793548584,948,1.0,1.0,1.0,0.2184873949579832,0.2857142857142857,0.7647058823529412
msmarco-passage-trec-dl-2019,1117099,candidate,2048,1856,192,2048,0.90625,1664,30,0,-0.0006349198520183563,1945,1.0,1.0,1.0,0.226890756302521,0.2857142857142857,0.7941176470588236
msmarco-passage-trec-dl-2019,1117099,candidate,4096,3904,192,4096,0.953125,3712,30,0,-0.0006349198520183563,3981,1.0,1.0,1.0,0.226890756302521,0.2857142857142857,0.7941176470588236
msmarco-passage-trec-dl-2019,1117099,candidate,8192,5000,3192,8192,0.6103515625,1808,39,0,-0.00016440916806459427,7112,1.0,1.0,1.0,0.25210084033613445,0.2857142857142857,0.8823529411764706
msmarco-passage-trec-dl-2019,1117099,candidate,10000,5000,5000,10000,0.5,0,39,0,-0.00016440916806459427,8545,1.0,1.0,1.0,0.25210084033613445,0.2857142857142857,0.8823529411764706
msmarco-passage-trec-dl-2019,1117099,candidate-safe,128,64,64,128,0.5,0,12,0,-0.0004053562879562378,106,1.0,1.0,1.0,0.10084033613445378,0.2857142857142857,0.35294117647058826
msmarco-passage-trec-dl-2019,1117099,candidate-safe,256,128,128,256,0.5,0,24,0,-0.0010299328714609146,222,1.0,1.0,1.0,0.19327731092436976,0.2857142857142857,0.6764705882352942
msmarco-passage-trec-dl-2019,1117099,candidate-safe,512,336,176,512,0.65625,160,28,0,-0.001573406159877777,461,1.0,1.0,1.0,0.2184873949579832,0.2857142857142857,0.7647058823529412
msmarco-passage-trec-dl-2019,1117099,candidate-safe,1024,848,176,1024,0.828125,672,28,0,-0.00014947354793548584,948,1.0,1.0,1.0,0.2184873949579832,0.2857142857142857,0.7647058823529412
msmarco-passage-trec-dl-2019,1117099,candidate-safe,2048,1856,192,2048,0.90625,1664,30,0,-0.0006349198520183563,1945,1.0,1.0,1.0,0.226890756302521,0.2857142857142857,0.7941176470588236
msmarco-passage-trec-dl-2019,1117099,candidate-safe,4096,3904,192,4096,0.953125,3712,30,0,-0.0006349198520183563,3981,1.0,1.0,1.0,0.226890756302521,0.2857142857142857,0.7941176470588236
msmarco-passage-trec-dl-2019,1117099,candidate-safe,8192,5000,3192,8192,0.6103515625,1808,39,0,-0.00016440916806459427,7112,1.0,1.0,1.0,0.25210084033613445,0.2857142857142857,0.8823529411764706
msmarco-passage-trec-dl-2019,1117099,candidate-safe,10000,5000,5000,10000,0.5,0,39,0,-0.00016440916806459427,8545,1.0,1.0,1.0,0.25210084033613445,0.2857142857142857,0.8823529411764706
msmarco-passage-trec-dl-2019,1117099,pressure,128,64,64,128,0.5,0,12,0,-0.0004053562879562378,106,1.0,1.0,1.0,0.10084033613445378,0.2857142857142857,0.35294117647058826
msmarco-passage-trec-dl-2019,1117099,pressure,256,128,128,256,0.5,0,24,0,-0.0010299328714609146,222,1.0,1.0,1.0,0.19327731092436976,0.2857142857142857,0.6764705882352942
msmarco-passage-trec-dl-2019,1117099,pressure,512,336,176,512,0.65625,160,28,0,-0.001573406159877777,461,1.0,1.0,1.0,0.2184873949579832,0.2857142857142857,0.7647058823529412
msmarco-passage-trec-dl-2019,1117099,pressure,1024,848,176,1024,0.828125,672,28,0,-0.00014947354793548584,948,1.0,1.0,1.0,0.2184873949579832,0.2857142857142857,0.7647058823529412
msmarco-passage-trec-dl-2019,1117099,pressure,2048,1776,272,2048,0.8671875,1504,34,0,-6.458349525928497e-05,1924,1.0,1.0,1.0,0.23529411764705882,0.2857142857142857,0.823529411764706
msmarco-passage-trec-dl-2019,1117099,pressure,4096,3824,272,4096,0.93359375,3552,38,0,-3.1324103474617004e-05,3953,1.0,1.0,1.0,0.25210084033613445,0.2857142857142857,0.8823529411764706
msmarco-passage-trec-dl-2019,1117099,pressure,8192,5000,3192,8192,0.6103515625,1808,39,0,-0.00016440916806459427,7112,1.0,1.0,1.0,0.25210084033613445,0.2857142857142857,0.8823529411764706
msmarco-passage-trec-dl-2019,1117099,pressure,10000,5000,5000,10000,0.5,0,39,0,-0.00016440916806459427,8545,1.0,1.0,1.0,0.25210084033613445,0.2857142857142857,0.8823529411764706
msmarco-passage-trec-dl-2019,1117099,allocation-grid-oracle,128,64,64,128,0.5,0,12,0,-0.0004053562879562378,106,1.0,1.0,1.0,0.10084033613445378,0.2857142857142857,0.35294117647058826
msmarco-passage-trec-dl-2019,1117099,allocation-grid-oracle,256,128,128,256,0.5,0,24,0,-0.0010299328714609146,222,1.0,1.0,1.0,0.19327731092436976,0.2857142857142857,0.6764705882352942
msmarco-passage-trec-dl-2019,1117099,allocation-grid-oracle,512,336,176,512,0.65625,160,28,0,-0.001573406159877777,461,1.0,1.0,1.0,0.2184873949579832,0.2857142857142857,0.7647058823529412
msmarco-passage-trec-dl-2019,1117099,allocation-grid-oracle,1024,848,176,1024,0.828125,672,28,0,-0.00014947354793548584,948,1.0,1.0,1.0,0.2184873949579832,0.2857142857142857,0.7647058823529412
msmarco-passage-trec-dl-2019,1117099,allocation-grid-oracle,2048,1776,272,2048,0.8671875,1504,34,0,-6.458349525928497e-05,1924,1.0,1.0,1.0,0.23529411764705882,0.2857142857142857,0.823529411764706
msmarco-passage-trec-dl-2019,1117099,allocation-grid-oracle,4096,3824,272,4096,0.93359375,3552,38,0,-3.1324103474617004e-05,3953,1.0,1.0,1.0,0.25210084033613445,0.2857142857142857,0.8823529411764706
msmarco-passage-trec-dl-2019,1117099,allocation-grid-oracle,8192,5000,3192,8192,0.6103515625,1808,39,0,-0.00016440916806459427,7112,1.0,1.0,1.0,0.25210084033613445,0.2857142857142857,0.8823529411764706
msmarco-passage-trec-dl-2019,1117099,allocation-grid-oracle,10000,5000,5000,10000,0.5,0,39,0,-0.00016440916806459427,8545,1.0,1.0,1.0,0.25210084033613445,0.2857142857142857,0.8823529411764706
msmarco-passage-trec-dl-2019,148538,balanced,128,64,64,128,0.5,0,9,0,-0.00014570541679859161,107,0.45659106898530377,0.4709335881838884,0.9695444972317748,0.04950495049504951,0.43564356435643564,0.11363636363636365
msmarco-passage-trec-dl-2019,148538,balanced,256,128,128,256,0.5,0,22,0,-0.00041629374027252197,216,0.4709335881838884,0.4709335881838884,1.0,0.1485148514851485,0.43564356435643564,0.3409090909090909
msmarco-passage-trec-dl-2019,148538,balanced,512,256,256,512,0.5,0,35,0,-7.865205407142639e-05,435,0.4709335881838884,0.4709335881838884,1.0,0.2376237623762376,0.43564356435643564,0.5454545454545454
msmarco-passage-trec-dl-2019,148538,balanced,1024,512,512,1024,0.5,0,39,0,-0.00011546537280082703,820,0.4709335881838884,0.4709335881838884,1.0,0.25742574257425743,0.43564356435643564,0.5909090909090909
msmarco-passage-trec-dl-2019,148538,balanced,2048,1024,1024,2048,0.5,0,46,0,-3.569759428501129e-05,1539,0.4709335881838884,0.4709335881838884,1.0,0.31683168316831684,0.43564356435643564,0.7272727272727273
msmarco-passage-trec-dl-2019,148538,balanced,4096,2048,2048,4096,0.5,0,82,0,-8.921884000301361e-05,3035,0.4709335881838884,0.4709335881838884,1.0,0.4158415841584158,0.43564356435643564,0.9545454545454545
msmarco-passage-trec-dl-2019,148538,balanced,8192,4096,4096,8192,0.5,0,100,1,-inf,6370,0.4709335881838884,0.4709335881838884,1.0,0.43564356435643564,0.43564356435643564,1.0
msmarco-passage-trec-dl-2019,148538,balanced,10000,5000,5000,10000,0.5,0,100,1,-inf,7847,0.4709335881838884,0.4709335881838884,1.0,0.43564356435643564,0.43564356435643564,1.0
msmarco-passage-trec-dl-2019,148538,blocker,128,64,64,128,0.5,0,9,0,-0.00014570541679859161,107,0.45659106898530377,0.4709335881838884,0.9695444972317748,0.04950495049504951,0.43564356435643564,0.11363636363636365
msmarco-passage-trec-dl-2019,148538,blocker,256,144,112,256,0.5625,32,23,0,-2.843327820301056e-05,217,0.4709335881838884,0.4709335881838884,1.0,0.15841584158415842,0.43564356435643564,0.36363636363636365
msmarco-passage-trec-dl-2019,148538,blocker,512,240,272,512,0.46875,32,35,0,-4.038773477077484e-05,433,0.4709335881838884,0.4709335881838884,1.0,0.2376237623762376,0.43564356435643564,0.5454545454545454
msmarco-passage-trec-dl-2019,148538,blocker,1024,400,624,1024,0.390625,224,44,0,-6.389152258634567e-05,827,0.4709335881838884,0.4709335881838884,1.0,0.3069306930693069,0.43564356435643564,0.7045454545454546
msmarco-passage-trec-dl-2019,148538,blocker,2048,1312,736,2048,0.640625,576,56,0,-0.00017540063709020615,1584,0.4709335881838884,0.4709335881838884,1.0,0.33663366336633666,0.43564356435643564,0.7727272727272728
msmarco-passage-trec-dl-2019,148538,blocker,4096,2368,1728,4096,0.578125,640,82,0,-2.6697292923927307e-05,3022,0.4709335881838884,0.4709335881838884,1.0,0.4158415841584158,0.43564356435643564,0.9545454545454545
msmarco-passage-trec-dl-2019,148538,blocker,8192,4096,4096,8192,0.5,0,100,1,-inf,6370,0.4709335881838884,0.4709335881838884,1.0,0.43564356435643564,0.43564356435643564,1.0
msmarco-passage-trec-dl-2019,148538,blocker,10000,5000,5000,10000,0.5,0,100,1,-inf,7847,0.4709335881838884,0.4709335881838884,1.0,0.43564356435643564,0.43564356435643564,1.0
msmarco-passage-trec-dl-2019,148538,candidate,128,64,64,128,0.5,0,9,0,-0.00014570541679859161,107,0.45659106898530377,0.4709335881838884,0.9695444972317748,0.04950495049504951,0.43564356435643564,0.11363636363636365
msmarco-passage-trec-dl-2019,148538,candidate,256,144,112,256,0.5625,32,23,0,-2.843327820301056e-05,217,0.4709335881838884,0.4709335881838884,1.0,0.15841584158415842,0.43564356435643564,0.36363636363636365
msmarco-passage-trec-dl-2019,148538,candidate,512,240,272,512,0.46875,32,35,0,-4.038773477077484e-05,433,0.4709335881838884,0.4709335881838884,1.0,0.2376237623762376,0.43564356435643564,0.5454545454545454
msmarco-passage-trec-dl-2019,148538,candidate,1024,400,624,1024,0.390625,224,44,0,-6.389152258634567e-05,827,0.4709335881838884,0.4709335881838884,1.0,0.3069306930693069,0.43564356435643564,0.7045454545454546
msmarco-passage-trec-dl-2019,148538,candidate,2048,1312,736,2048,0.640625,576,56,0,-0.00017540063709020615,1584,0.4709335881838884,0.4709335881838884,1.0,0.33663366336633666,0.43564356435643564,0.7727272727272728
msmarco-passage-trec-dl-2019,148538,candidate,4096,2368,1728,4096,0.578125,640,82,0,-2.6697292923927307e-05,3022,0.4709335881838884,0.4709335881838884,1.0,0.4158415841584158,0.43564356435643564,0.9545454545454545
msmarco-passage-trec-dl-2019,148538,candidate,8192,4096,4096,8192,0.5,0,100,1,-inf,6370,0.4709335881838884,0.4709335881838884,1.0,0.43564356435643564,0.43564356435643564,1.0
msmarco-passage-trec-dl-2019,148538,candidate,10000,5000,5000,10000,0.5,0,100,1,-inf,7847,0.4709335881838884,0.4709335881838884,1.0,0.43564356435643564,0.43564356435643564,1.0
msmarco-passage-trec-dl-2019,148538,candidate-safe,128,64,64,128,0.5,0,9,0,-0.00014570541679859161,107,0.45659106898530377,0.4709335881838884,0.9695444972317748,0.04950495049504951,0.43564356435643564,0.11363636363636365
msmarco-passage-trec-dl-2019,148538,candidate-safe,256,144,112,256,0.5625,32,23,0,-2.843327820301056e-05,217,0.4709335881838884,0.4709335881838884,1.0,0.15841584158415842,0.43564356435643564,0.36363636363636365
msmarco-passage-trec-dl-2019,148538,candidate-safe,512,240,272,512,0.46875,32,35,0,-4.038773477077484e-05,433,0.4709335881838884,0.4709335881838884,1.0,0.2376237623762376,0.43564356435643564,0.5454545454545454
msmarco-passage-trec-dl-2019,148538,candidate-safe,1024,400,624,1024,0.390625,224,44,0,-6.389152258634567e-05,827,0.4709335881838884,0.4709335881838884,1.0,0.3069306930693069,0.43564356435643564,0.7045454545454546
msmarco-passage-trec-dl-2019,148538,candidate-safe,2048,1312,736,2048,0.640625,576,56,0,-0.00017540063709020615,1584,0.4709335881838884,0.4709335881838884,1.0,0.33663366336633666,0.43564356435643564,0.7727272727272728
msmarco-passage-trec-dl-2019,148538,candidate-safe,4096,2368,1728,4096,0.578125,640,82,0,-2.6697292923927307e-05,3022,0.4709335881838884,0.4709335881838884,1.0,0.4158415841584158,0.43564356435643564,0.9545454545454545
msmarco-passage-trec-dl-2019,148538,candidate-safe,8192,4096,4096,8192,0.5,0,100,1,-inf,6370,0.4709335881838884,0.4709335881838884,1.0,0.43564356435643564,0.43564356435643564,1.0
msmarco-passage-trec-dl-2019,148538,candidate-safe,10000,5000,5000,10000,0.5,0,100,1,-inf,7847,0.4709335881838884,0.4709335881838884,1.0,0.43564356435643564,0.43564356435643564,1.0
msmarco-passage-trec-dl-2019,148538,pressure,128,64,64,128,0.5,0,9,0,-0.00014570541679859161,107,0.45659106898530377,0.4709335881838884,0.9695444972317748,0.04950495049504951,0.43564356435643564,0.11363636363636365
msmarco-passage-trec-dl-2019,148538,pressure,256,144,112,256,0.5625,32,23,0,-2.843327820301056e-05,217,0.4709335881838884,0.4709335881838884,1.0,0.15841584158415842,0.43564356435643564,0.36363636363636365
msmarco-passage-trec-dl-2019,148538,pressure,512,256,256,512,0.5,0,35,0,-7.865205407142639e-05,435,0.4709335881838884,0.4709335881838884,1.0,0.2376237623762376,0.43564356435643564,0.5454545454545454
msmarco-passage-trec-dl-2019,148538,pressure,1024,400,624,1024,0.390625,224,44,0,-6.389152258634567e-05,827,0.4709335881838884,0.4709335881838884,1.0,0.3069306930693069,0.43564356435643564,0.7045454545454546
msmarco-passage-trec-dl-2019,148538,pressure,2048,1280,768,2048,0.625,512,56,0,-0.00019280612468719482,1573,0.4709335881838884,0.4709335881838884,1.0,0.33663366336633666,0.43564356435643564,0.7727272727272728
msmarco-passage-trec-dl-2019,148538,pressure,4096,2368,1728,4096,0.578125,640,82,0,-2.6697292923927307e-05,3022,0.4709335881838884,0.4709335881838884,1.0,0.4158415841584158,0.43564356435643564,0.9545454545454545
msmarco-passage-trec-dl-2019,148538,pressure,8192,4096,4096,8192,0.5,0,100,1,-inf,6370,0.4709335881838884,0.4709335881838884,1.0,0.43564356435643564,0.43564356435643564,1.0
msmarco-passage-trec-dl-2019,148538,pressure,10000,5000,5000,10000,0.5,0,100,1,-inf,7847,0.4709335881838884,0.4709335881838884,1.0,0.43564356435643564,0.43564356435643564,1.0
msmarco-passage-trec-dl-2019,148538,allocation-grid-oracle,128,64,64,128,0.5,0,9,0,-0.00014570541679859161,107,0.45659106898530377,0.4709335881838884,0.9695444972317748,0.04950495049504951,0.43564356435643564,0.11363636363636365
msmarco-passage-trec-dl-2019,148538,allocation-grid-oracle,256,144,112,256,0.5625,32,23,0,-2.843327820301056e-05,217,0.4709335881838884,0.4709335881838884,1.0,0.15841584158415842,0.43564356435643564,0.36363636363636365
msmarco-passage-trec-dl-2019,148538,allocation-grid-oracle,512,240,272,512,0.46875,32,35,0,-4.038773477077484e-05,433,0.4709335881838884,0.4709335881838884,1.0,0.2376237623762376,0.43564356435643564,0.5454545454545454
msmarco-passage-trec-dl-2019,148538,allocation-grid-oracle,1024,400,624,1024,0.390625,224,44,0,-6.389152258634567e-05,827,0.4709335881838884,0.4709335881838884,1.0,0.3069306930693069,0.43564356435643564,0.7045454545454546
msmarco-passage-trec-dl-2019,148538,allocation-grid-oracle,2048,1312,736,2048,0.640625,576,56,0,-0.00017540063709020615,1584,0.4709335881838884,0.4709335881838884,1.0,0.33663366336633666,0.43564356435643564,0.7727272727272728
msmarco-passage-trec-dl-2019,148538,allocation-grid-oracle,4096,2368,1728,4096,0.578125,640,82,0,-2.6697292923927307e-05,3022,0.4709335881838884,0.4709335881838884,1.0,0.4158415841584158,0.43564356435643564,0.9545454545454545
msmarco-passage-trec-dl-2019,148538,allocation-grid-oracle,8192,4096,4096,8192,0.5,0,100,1,-inf,6370,0.4709335881838884,0.4709335881838884,1.0,0.43564356435643564,0.43564356435643564,1.0
msmarco-passage-trec-dl-2019,148538,allocation-grid-oracle,10000,5000,5000,10000,0.5,0,100,1,-inf,7847,0.4709335881838884,0.4709335881838884,1.0,0.43564356435643564,0.43564356435643564,1.0
msmarco-passage-trec-dl-2019,451602,balanced,128,64,64,128,0.5,0,8,0,-2.4763867259025574e-05,109,0.24740869354623782,0.28489204476939767,0.8684296318154469,0.025974025974025976,0.23376623376623376,0.11111111111111112
msmarco-passage-trec-dl-2019,451602,balanced,256,128,128,256,0.5,0,16,0,-0.00023741461336612701,215,0.28489204476939767,0.28489204476939767,1.0,0.07142857142857142,0.23376623376623376,0.3055555555555555
msmarco-passage-trec-dl-2019,451602,balanced,512,256,256,512,0.5,0,25,0,-9.859539568424225e-05,403,0.28489204476939767,0.28489204476939767,1.0,0.09090909090909091,0.23376623376623376,0.3888888888888889
msmarco-passage-trec-dl-2019,451602,balanced,1024,512,512,1024,0.5,0,30,0,-8.848309516906738e-05,828,0.28489204476939767,0.28489204476939767,1.0,0.1038961038961039,0.23376623376623376,0.4444444444444445
msmarco-passage-trec-dl-2019,451602,balanced,2048,1024,1024,2048,0.5,0,36,0,-0.00032796710729599,1736,0.28489204476939767,0.28489204476939767,1.0,0.12987012987012986,0.23376623376623376,0.5555555555555555
msmarco-passage-trec-dl-2019,451602,balanced,4096,2048,2048,4096,0.5,0,72,0,-4.555564373731613e-05,3582,0.28489204476939767,0.28489204476939767,1.0,0.2077922077922078,0.23376623376623376,0.888888888888889
msmarco-passage-trec-dl-2019,451602,balanced,8192,4096,4096,8192,0.5,0,75,0,-7.833074778318405e-05,7395,0.28489204476939767,0.28489204476939767,1.0,0.2077922077922078,0.23376623376623376,0.888888888888889
msmarco-passage-trec-dl-2019,451602,balanced,10000,5000,5000,10000,0.5,0,75,0,-3.534369170665741e-05,9093,0.28489204476939767,0.28489204476939767,1.0,0.2077922077922078,0.23376623376623376,0.888888888888889
msmarco-passage-trec-dl-2019,451602,blocker,128,64,64,128,0.5,0,8,0,-2.4763867259025574e-05,109,0.24740869354623782,0.28489204476939767,0.8684296318154469,0.025974025974025976,0.23376623376623376,0.11111111111111112
msmarco-passage-trec-dl-2019,451602,blocker,256,144,112,256,0.5625,32,19,0,-0.0006515663117170334,215,0.28489204476939767,0.28489204476939767,1.0,0.07792207792207792,0.23376623376623376,0.3333333333333333
msmarco-passage-trec-dl-2019,451602,blocker,512,272,240,512,0.53125,32,26,0,-7.106922566890717e-05,405,0.28489204476939767,0.28489204476939767,1.0,0.09740259740259741,0.23376623376623376,0.4166666666666667
msmarco-passage-trec-dl-2019,451602,blocker,1024,592,432,1024,0.578125,160,31,0,-8.795782923698425e-05,828,0.28489204476939767,0.28489204476939767,1.0,0.11038961038961038,0.23376623376623376,0.4722222222222222
msmarco-passage-trec-dl-2019,451602,blocker,2048,1552,496,2048,0.7578125,1056,59,0,-7.4589625000953674e-06,1784,0.28489204476939767,0.28489204476939767,1.0,0.18831168831168832,0.23376623376623376,0.8055555555555556
msmarco-passage-trec-dl-2019,451602,blocker,4096,2896,1200,4096,0.70703125,1696,74,0,-5.05056232213974e-05,3628,0.28489204476939767,0.28489204476939767,1.0,0.2077922077922078,0.23376623376623376,0.888888888888889
msmarco-passage-trec-dl-2019,451602,blocker,8192,5000,3192,8192,0.6103515625,1808,75,0,-3.534369170665741e-05,7388,0.28489204476939767,0.28489204476939767,1.0,0.2077922077922078,0.23376623376623376,0.888888888888889
msmarco-passage-trec-dl-2019,451602,blocker,10000,5000,5000,10000,0.5,0,75,0,-3.534369170665741e-05,9093,0.28489204476939767,0.28489204476939767,1.0,0.2077922077922078,0.23376623376623376,0.888888888888889
msmarco-passage-trec-dl-2019,451602,candidate,128,64,64,128,0.5,0,8,0,-2.4763867259025574e-05,109,0.24740869354623782,0.28489204476939767,0.8684296318154469,0.025974025974025976,0.23376623376623376,0.11111111111111112
msmarco-passage-trec-dl-2019,451602,candidate,256,144,112,256,0.5625,32,19,0,-0.0006515663117170334,215,0.28489204476939767,0.28489204476939767,1.0,0.07792207792207792,0.23376623376623376,0.3333333333333333
msmarco-passage-trec-dl-2019,451602,candidate,512,272,240,512,0.53125,32,26,0,-7.106922566890717e-05,405,0.28489204476939767,0.28489204476939767,1.0,0.09740259740259741,0.23376623376623376,0.4166666666666667
msmarco-passage-trec-dl-2019,451602,candidate,1024,592,432,1024,0.578125,160,31,0,-8.795782923698425e-05,828,0.28489204476939767,0.28489204476939767,1.0,0.11038961038961038,0.23376623376623376,0.4722222222222222
msmarco-passage-trec-dl-2019,451602,candidate,2048,1552,496,2048,0.7578125,1056,59,0,-7.4589625000953674e-06,1784,0.28489204476939767,0.28489204476939767,1.0,0.18831168831168832,0.23376623376623376,0.8055555555555556
msmarco-passage-trec-dl-2019,451602,candidate,4096,2896,1200,4096,0.70703125,1696,74,0,-5.05056232213974e-05,3628,0.28489204476939767,0.28489204476939767,1.0,0.2077922077922078,0.23376623376623376,0.888888888888889
msmarco-passage-trec-dl-2019,451602,candidate,8192,5000,3192,8192,0.6103515625,1808,75,0,-3.534369170665741e-05,7388,0.28489204476939767,0.28489204476939767,1.0,0.2077922077922078,0.23376623376623376,0.888888888888889
msmarco-passage-trec-dl-2019,451602,candidate,10000,5000,5000,10000,0.5,0,75,0,-3.534369170665741e-05,9093,0.28489204476939767,0.28489204476939767,1.0,0.2077922077922078,0.23376623376623376,0.888888888888889
msmarco-passage-trec-dl-2019,451602,candidate-safe,128,64,64,128,0.5,0,8,0,-2.4763867259025574e-05,109,0.24740869354623782,0.28489204476939767,0.8684296318154469,0.025974025974025976,0.23376623376623376,0.11111111111111112
msmarco-passage-trec-dl-2019,451602,candidate-safe,256,144,112,256,0.5625,32,19,0,-0.0006515663117170334,215,0.28489204476939767,0.28489204476939767,1.0,0.07792207792207792,0.23376623376623376,0.3333333333333333
msmarco-passage-trec-dl-2019,451602,candidate-safe,512,272,240,512,0.53125,32,26,0,-7.106922566890717e-05,405,0.28489204476939767,0.28489204476939767,1.0,0.09740259740259741,0.23376623376623376,0.4166666666666667
msmarco-passage-trec-dl-2019,451602,candidate-safe,1024,592,432,1024,0.578125,160,31,0,-8.795782923698425e-05,828,0.28489204476939767,0.28489204476939767,1.0,0.11038961038961038,0.23376623376623376,0.4722222222222222
msmarco-passage-trec-dl-2019,451602,candidate-safe,2048,1552,496,2048,0.7578125,1056,59,0,-7.4589625000953674e-06,1784,0.28489204476939767,0.28489204476939767,1.0,0.18831168831168832,0.23376623376623376,0.8055555555555556
msmarco-passage-trec-dl-2019,451602,candidate-safe,4096,2896,1200,4096,0.70703125,1696,74,0,-5.05056232213974e-05,3628,0.28489204476939767,0.28489204476939767,1.0,0.2077922077922078,0.23376623376623376,0.888888888888889
msmarco-passage-trec-dl-2019,451602,candidate-safe,8192,5000,3192,8192,0.6103515625,1808,75,0,-3.534369170665741e-05,7388,0.28489204476939767,0.28489204476939767,1.0,0.2077922077922078,0.23376623376623376,0.888888888888889
msmarco-passage-trec-dl-2019,451602,candidate-safe,10000,5000,5000,10000,0.5,0,75,0,-3.534369170665741e-05,9093,0.28489204476939767,0.28489204476939767,1.0,0.2077922077922078,0.23376623376623376,0.888888888888889
msmarco-passage-trec-dl-2019,451602,pressure,128,64,64,128,0.5,0,8,0,-2.4763867259025574e-05,109,0.24740869354623782,0.28489204476939767,0.8684296318154469,0.025974025974025976,0.23376623376623376,0.11111111111111112
msmarco-passage-trec-dl-2019,451602,pressure,256,144,112,256,0.5625,32,19,0,-0.0006515663117170334,215,0.28489204476939767,0.28489204476939767,1.0,0.07792207792207792,0.23376623376623376,0.3333333333333333
msmarco-passage-trec-dl-2019,451602,pressure,512,272,240,512,0.53125,32,26,0,-7.106922566890717e-05,405,0.28489204476939767,0.28489204476939767,1.0,0.09740259740259741,0.23376623376623376,0.4166666666666667
msmarco-passage-trec-dl-2019,451602,pressure,1024,560,464,1024,0.546875,96,31,0,-0.0001671183854341507,828,0.28489204476939767,0.28489204476939767,1.0,0.11038961038961038,0.23376623376623376,0.4722222222222222
msmarco-passage-trec-dl-2019,451602,pressure,2048,1552,496,2048,0.7578125,1056,59,0,-7.4589625000953674e-06,1784,0.28489204476939767,0.28489204476939767,1.0,0.18831168831168832,0.23376623376623376,0.8055555555555556
msmarco-passage-trec-dl-2019,451602,pressure,4096,2816,1280,4096,0.6875,1536,74,0,-5.991663783788681e-05,3611,0.28489204476939767,0.28489204476939767,1.0,0.2077922077922078,0.23376623376623376,0.888888888888889
msmarco-passage-trec-dl-2019,451602,pressure,8192,5000,3192,8192,0.6103515625,1808,75,0,-3.534369170665741e-05,7388,0.28489204476939767,0.28489204476939767,1.0,0.2077922077922078,0.23376623376623376,0.888888888888889
msmarco-passage-trec-dl-2019,451602,pressure,10000,5000,5000,10000,0.5,0,75,0,-3.534369170665741e-05,9093,0.28489204476939767,0.28489204476939767,1.0,0.2077922077922078,0.23376623376623376,0.888888888888889
msmarco-passage-trec-dl-2019,451602,allocation-grid-oracle,128,64,64,128,0.5,0,8,0,-2.4763867259025574e-05,109,0.24740869354623782,0.28489204476939767,0.8684296318154469,0.025974025974025976,0.23376623376623376,0.11111111111111112
msmarco-passage-trec-dl-2019,451602,allocation-grid-oracle,256,144,112,256,0.5625,32,19,0,-0.0006515663117170334,215,0.28489204476939767,0.28489204476939767,1.0,0.07792207792207792,0.23376623376623376,0.3333333333333333
msmarco-passage-trec-dl-2019,451602,allocation-grid-oracle,512,272,240,512,0.53125,32,26,0,-7.106922566890717e-05,405,0.28489204476939767,0.28489204476939767,1.0,0.09740259740259741,0.23376623376623376,0.4166666666666667
msmarco-passage-trec-dl-2019,451602,allocation-grid-oracle,1024,592,432,1024,0.578125,160,31,0,-8.795782923698425e-05,828,0.28489204476939767,0.28489204476939767,1.0,0.11038961038961038,0.23376623376623376,0.4722222222222222
msmarco-passage-trec-dl-2019,451602,allocation-grid-oracle,2048,1552,496,2048,0.7578125,1056,59,0,-7.4589625000953674e-06,1784,0.28489204476939767,0.28489204476939767,1.0,0.18831168831168832,0.23376623376623376,0.8055555555555556
msmarco-passage-trec-dl-2019,451602,allocation-grid-oracle,4096,2896,1200,4096,0.70703125,1696,74,0,-5.05056232213974e-05,3628,0.28489204476939767,0.28489204476939767,1.0,0.2077922077922078,0.23376623376623376,0.888888888888889
msmarco-passage-trec-dl-2019,451602,allocation-grid-oracle,8192,5000,3192,8192,0.6103515625,1808,75,0,-3.534369170665741e-05,7388,0.28489204476939767,0.28489204476939767,1.0,0.2077922077922078,0.23376623376623376,0.888888888888889
msmarco-passage-trec-dl-2019,451602,allocation-grid-oracle,10000,5000,5000,10000,0.5,0,75,0,-3.534369170665741e-05,9093,0.28489204476939767,0.28489204476939767,1.0,0.2077922077922078,0.23376623376623376,0.888888888888889
msmarco-passage-trec-dl-2019,359349,balanced,128,64,64,128,0.5,0,21,0,-0.00021900609135627747,96,0.7253249133197388,0.7253249133197388,1.0,0.32142857142857145,0.6785714285714286,0.4736842105263158
msmarco-passage-trec-dl-2019,359349,balanced,256,128,128,256,0.5,0,34,0,-0.00012802332639694214,192,0.7253249133197388,0.7253249133197388,1.0,0.375,0.6785714285714286,0.5526315789473684
msmarco-passage-trec-dl-2019,359349,balanced,512,256,256,512,0.5,0,49,0,-4.484690725803375e-05,369,0.7253249133197388,0.7253249133197388,1.0,0.42857142857142855,0.6785714285714286,0.631578947368421
msmarco-passage-trec-dl-2019,359349,balanced,1024,512,512,1024,0.5,0,66,0,-1.463666558265686e-05,706,0.7253249133197388,0.7253249133197388,1.0,0.5178571428571429,0.6785714285714286,0.7631578947368421
msmarco-passage-trec-dl-2019,359349,balanced,2048,1024,1024,2048,0.5,0,100,1,-inf,1630,0.7253249133197388,0.7253249133197388,1.0,0.6785714285714286,0.6785714285714286,1.0
msmarco-passage-trec-dl-2019,359349,balanced,4096,2048,2048,4096,0.5,0,100,1,-inf,3613,0.7253249133197388,0.7253249133197388,1.0,0.6785714285714286,0.6785714285714286,1.0
msmarco-passage-trec-dl-2019,359349,balanced,8192,4096,4096,8192,0.5,0,100,1,-inf,7657,0.7253249133197388,0.7253249133197388,1.0,0.6785714285714286,0.6785714285714286,1.0
msmarco-passage-trec-dl-2019,359349,balanced,10000,5000,5000,10000,0.5,0,100,1,-inf,9438,0.7253249133197388,0.7253249133197388,1.0,0.6785714285714286,0.6785714285714286,1.0
msmarco-passage-trec-dl-2019,359349,blocker,128,64,64,128,0.5,0,21,0,-0.00021900609135627747,96,0.7253249133197388,0.7253249133197388,1.0,0.32142857142857145,0.6785714285714286,0.4736842105263158
msmarco-passage-trec-dl-2019,359349,blocker,256,144,112,256,0.5625,32,34,0,-0.00011000782251358032,189,0.7253249133197388,0.7253249133197388,1.0,0.375,0.6785714285714286,0.5526315789473684
msmarco-passage-trec-dl-2019,359349,blocker,512,256,256,512,0.5,0,49,0,-4.484690725803375e-05,369,0.7253249133197388,0.7253249133197388,1.0,0.42857142857142855,0.6785714285714286,0.631578947368421
msmarco-passage-trec-dl-2019,359349,blocker,1024,544,480,1024,0.53125,64,67,0,-5.099177360534668e-05,706,0.7253249133197388,0.7253249133197388,1.0,0.5357142857142857,0.6785714285714286,0.7894736842105262
msmarco-passage-trec-dl-2019,359349,blocker,2048,1024,1024,2048,0.5,0,100,1,-inf,1630,0.7253249133197388,0.7253249133197388,1.0,0.6785714285714286,0.6785714285714286,1.0
msmarco-passage-trec-dl-2019,359349,blocker,4096,2048,2048,4096,0.5,0,100,1,-inf,3613,0.7253249133197388,0.7253249133197388,1.0,0.6785714285714286,0.6785714285714286,1.0
msmarco-passage-trec-dl-2019,359349,blocker,8192,4096,4096,8192,0.5,0,100,1,-inf,7657,0.7253249133197388,0.7253249133197388,1.0,0.6785714285714286,0.6785714285714286,1.0
msmarco-passage-trec-dl-2019,359349,blocker,10000,5000,5000,10000,0.5,0,100,1,-inf,9438,0.7253249133197388,0.7253249133197388,1.0,0.6785714285714286,0.6785714285714286,1.0
msmarco-passage-trec-dl-2019,359349,candidate,128,64,64,128,0.5,0,21,0,-0.00021900609135627747,96,0.7253249133197388,0.7253249133197388,1.0,0.32142857142857145,0.6785714285714286,0.4736842105263158
msmarco-passage-trec-dl-2019,359349,candidate,256,144,112,256,0.5625,32,34,0,-0.00011000782251358032,189,0.7253249133197388,0.7253249133197388,1.0,0.375,0.6785714285714286,0.5526315789473684
msmarco-passage-trec-dl-2019,359349,candidate,512,256,256,512,0.5,0,49,0,-4.484690725803375e-05,369,0.7253249133197388,0.7253249133197388,1.0,0.42857142857142855,0.6785714285714286,0.631578947368421
msmarco-passage-trec-dl-2019,359349,candidate,1024,544,480,1024,0.53125,64,67,0,-5.099177360534668e-05,706,0.7253249133197388,0.7253249133197388,1.0,0.5357142857142857,0.6785714285714286,0.7894736842105262
msmarco-passage-trec-dl-2019,359349,candidate,2048,1024,1024,2048,0.5,0,100,1,-inf,1630,0.7253249133197388,0.7253249133197388,1.0,0.6785714285714286,0.6785714285714286,1.0
msmarco-passage-trec-dl-2019,359349,candidate,4096,2048,2048,4096,0.5,0,100,1,-inf,3613,0.7253249133197388,0.7253249133197388,1.0,0.6785714285714286,0.6785714285714286,1.0
msmarco-passage-trec-dl-2019,359349,candidate,8192,4096,4096,8192,0.5,0,100,1,-inf,7657,0.7253249133197388,0.7253249133197388,1.0,0.6785714285714286,0.6785714285714286,1.0
msmarco-passage-trec-dl-2019,359349,candidate,10000,5000,5000,10000,0.5,0,100,1,-inf,9438,0.7253249133197388,0.7253249133197388,1.0,0.6785714285714286,0.6785714285714286,1.0
msmarco-passage-trec-dl-2019,359349,candidate-safe,128,64,64,128,0.5,0,21,0,-0.00021900609135627747,96,0.7253249133197388,0.7253249133197388,1.0,0.32142857142857145,0.6785714285714286,0.4736842105263158
msmarco-passage-trec-dl-2019,359349,candidate-safe,256,144,112,256,0.5625,32,34,0,-0.00011000782251358032,189,0.7253249133197388,0.7253249133197388,1.0,0.375,0.6785714285714286,0.5526315789473684
msmarco-passage-trec-dl-2019,359349,candidate-safe,512,256,256,512,0.5,0,49,0,-4.484690725803375e-05,369,0.7253249133197388,0.7253249133197388,1.0,0.42857142857142855,0.6785714285714286,0.631578947368421
msmarco-passage-trec-dl-2019,359349,candidate-safe,1024,544,480,1024,0.53125,64,67,0,-5.099177360534668e-05,706,0.7253249133197388,0.7253249133197388,1.0,0.5357142857142857,0.6785714285714286,0.7894736842105262
msmarco-passage-trec-dl-2019,359349,candidate-safe,2048,1024,1024,2048,0.5,0,100,1,-inf,1630,0.7253249133197388,0.7253249133197388,1.0,0.6785714285714286,0.6785714285714286,1.0
msmarco-passage-trec-dl-2019,359349,candidate-safe,4096,2048,2048,4096,0.5,0,100,1,-inf,3613,0.7253249133197388,0.7253249133197388,1.0,0.6785714285714286,0.6785714285714286,1.0
msmarco-passage-trec-dl-2019,359349,candidate-safe,8192,4096,4096,8192,0.5,0,100,1,-inf,7657,0.7253249133197388,0.7253249133197388,1.0,0.6785714285714286,0.6785714285714286,1.0
msmarco-passage-trec-dl-2019,359349,candidate-safe,10000,5000,5000,10000,0.5,0,100,1,-inf,9438,0.7253249133197388,0.7253249133197388,1.0,0.6785714285714286,0.6785714285714286,1.0
msmarco-passage-trec-dl-2019,359349,pressure,128,64,64,128,0.5,0,21,0,-0.00021900609135627747,96,0.7253249133197388,0.7253249133197388,1.0,0.32142857142857145,0.6785714285714286,0.4736842105263158
msmarco-passage-trec-dl-2019,359349,pressure,256,128,128,256,0.5,0,34,0,-0.00012802332639694214,192,0.7253249133197388,0.7253249133197388,1.0,0.375,0.6785714285714286,0.5526315789473684
msmarco-passage-trec-dl-2019,359349,pressure,512,256,256,512,0.5,0,49,0,-4.484690725803375e-05,369,0.7253249133197388,0.7253249133197388,1.0,0.42857142857142855,0.6785714285714286,0.631578947368421
msmarco-passage-trec-dl-2019,359349,pressure,1024,528,496,1024,0.515625,32,67,0,-6.210431456565857e-05,705,0.7253249133197388,0.7253249133197388,1.0,0.5357142857142857,0.6785714285714286,0.7894736842105262
msmarco-passage-trec-dl-2019,359349,pressure,2048,1024,1024,2048,0.5,0,100,1,-inf,1630,0.7253249133197388,0.7253249133197388,1.0,0.6785714285714286,0.6785714285714286,1.0
msmarco-passage-trec-dl-2019,359349,pressure,4096,2048,2048,4096,0.5,0,100,1,-inf,3613,0.7253249133197388,0.7253249133197388,1.0,0.6785714285714286,0.6785714285714286,1.0
msmarco-passage-trec-dl-2019,359349,pressure,8192,4096,4096,8192,0.5,0,100,1,-inf,7657,0.7253249133197388,0.7253249133197388,1.0,0.6785714285714286,0.6785714285714286,1.0
msmarco-passage-trec-dl-2019,359349,pressure,10000,5000,5000,10000,0.5,0,100,1,-inf,9438,0.7253249133197388,0.7253249133197388,1.0,0.6785714285714286,0.6785714285714286,1.0
msmarco-passage-trec-dl-2019,359349,allocation-grid-oracle,128,64,64,128,0.5,0,21,0,-0.00021900609135627747,96,0.7253249133197388,0.7253249133197388,1.0,0.32142857142857145,0.6785714285714286,0.4736842105263158
msmarco-passage-trec-dl-2019,359349,allocation-grid-oracle,256,144,112,256,0.5625,32,34,0,-0.00011000782251358032,189,0.7253249133197388,0.7253249133197388,1.0,0.375,0.6785714285714286,0.5526315789473684
msmarco-passage-trec-dl-2019,359349,allocation-grid-oracle,512,256,256,512,0.5,0,49,0,-4.484690725803375e-05,369,0.7253249133197388,0.7253249133197388,1.0,0.42857142857142855,0.6785714285714286,0.631578947368421
msmarco-passage-trec-dl-2019,359349,allocation-grid-oracle,1024,544,480,1024,0.53125,64,67,0,-5.099177360534668e-05,706,0.7253249133197388,0.7253249133197388,1.0,0.5357142857142857,0.6785714285714286,0.7894736842105262
msmarco-passage-trec-dl-2019,359349,allocation-grid-oracle,2048,1024,1024,2048,0.5,0,100,1,-inf,1630,0.7253249133197388,0.7253249133197388,1.0,0.6785714285714286,0.6785714285714286,1.0
msmarco-passage-trec-dl-2019,359349,allocation-grid-oracle,4096,2048,2048,4096,0.5,0,100,1,-inf,3613,0.7253249133197388,0.7253249133197388,1.0,0.6785714285714286,0.6785714285714286,1.0
msmarco-passage-trec-dl-2019,359349,allocation-grid-oracle,8192,4096,4096,8192,0.5,0,100,1,-inf,7657,0.7253249133197388,0.7253249133197388,1.0,0.6785714285714286,0.6785714285714286,1.0
msmarco-passage-trec-dl-2019,359349,allocation-grid-oracle,10000,5000,5000,10000,0.5,0,100,1,-inf,9438,0.7253249133197388,0.7253249133197388,1.0,0.6785714285714286,0.6785714285714286,1.0
msmarco-passage-trec-dl-2019,1115776,balanced,128,64,64,128,0.5,0,15,0,-8.031725883483887e-06,109,0.7501276406848633,0.7501276406848633,1.0,0.4583333333333333,0.75,0.611111111111111
msmarco-passage-trec-dl-2019,1115776,balanced,256,128,128,256,0.5,0,17,0,-1.9608065485954285e-05,228,0.7501276406848633,0.7501276406848633,1.0,0.5416666666666666,0.75,0.7222222222222222
msmarco-passage-trec-dl-2019,1115776,balanced,512,256,256,512,0.5,0,22,0,-0.0008136723190546036,461,0.7501276406848633,0.7501276406848633,1.0,0.5416666666666666,0.75,0.7222222222222222
msmarco-passage-trec-dl-2019,1115776,balanced,1024,512,512,1024,0.5,0,25,0,-0.00013840384781360626,910,0.7501276406848633,0.7501276406848633,1.0,0.5416666666666666,0.75,0.7222222222222222
msmarco-passage-trec-dl-2019,1115776,balanced,2048,1024,1024,2048,0.5,0,28,0,-0.0006401818245649338,1835,0.7501276406848633,0.7501276406848633,1.0,0.5416666666666666,0.75,0.7222222222222222
msmarco-passage-trec-dl-2019,1115776,balanced,4096,2048,2048,4096,0.5,0,28,0,-0.00019205734133720398,3688,0.7501276406848633,0.7501276406848633,1.0,0.5416666666666666,0.75,0.7222222222222222
msmarco-passage-trec-dl-2019,1115776,balanced,8192,4096,4096,8192,0.5,0,47,0,-4.373770207166672e-05,7409,0.7501276406848633,0.7501276406848633,1.0,0.7083333333333334,0.75,0.9444444444444445
msmarco-passage-trec-dl-2019,1115776,balanced,10000,5000,5000,10000,0.5,0,47,0,-7.506459951400757e-07,9032,0.7501276406848633,0.7501276406848633,1.0,0.7083333333333334,0.75,0.9444444444444445
msmarco-passage-trec-dl-2019,1115776,blocker,128,64,64,128,0.5,0,15,0,-8.031725883483887e-06,109,0.7501276406848633,0.7501276406848633,1.0,0.4583333333333333,0.75,0.611111111111111
msmarco-passage-trec-dl-2019,1115776,blocker,256,144,112,256,0.5625,32,18,0,-0.000475224107503891,227,0.7501276406848633,0.7501276406848633,1.0,0.5416666666666666,0.75,0.7222222222222222
msmarco-passage-trec-dl-2019,1115776,blocker,512,272,240,512,0.53125,32,22,0,-0.0006611626595258713,463,0.7501276406848633,0.7501276406848633,1.0,0.5416666666666666,0.75,0.7222222222222222
msmarco-passage-trec-dl-2019,1115776,blocker,1024,592,432,1024,0.578125,160,26,0,-3.917701542377472e-05,910,0.7501276406848633,0.7501276406848633,1.0,0.5416666666666666,0.75,0.7222222222222222
msmarco-passage-trec-dl-2019,1115776,blocker,2048,1376,672,2048,0.671875,704,28,0,-0.00041405297815799713,1857,0.7501276406848633,0.7501276406848633,1.0,0.5416666666666666,0.75,0.7222222222222222
msmarco-passage-trec-dl-2019,1115776,blocker,4096,3152,944,4096,0.76953125,2208,28,0,-2.9005110263824463e-05,3793,0.7501276406848633,0.7501276406848633,1.0,0.5416666666666666,0.75,0.7222222222222222
msmarco-passage-trec-dl-2019,1115776,blocker,8192,4832,3360,8192,0.58984375,1472,47,0,-7.537193596363068e-06,7439,0.7501276406848633,0.7501276406848633,1.0,0.7083333333333334,0.75,0.9444444444444445
msmarco-passage-trec-dl-2019,1115776,blocker,10000,5000,5000,10000,0.5,0,47,0,-7.506459951400757e-07,9032,0.7501276406848633,0.7501276406848633,1.0,0.7083333333333334,0.75,0.9444444444444445
msmarco-passage-trec-dl-2019,1115776,candidate,128,64,64,128,0.5,0,15,0,-8.031725883483887e-06,109,0.7501276406848633,0.7501276406848633,1.0,0.4583333333333333,0.75,0.611111111111111
msmarco-passage-trec-dl-2019,1115776,candidate,256,144,112,256,0.5625,32,18,0,-0.000475224107503891,227,0.7501276406848633,0.7501276406848633,1.0,0.5416666666666666,0.75,0.7222222222222222
msmarco-passage-trec-dl-2019,1115776,candidate,512,272,240,512,0.53125,32,22,0,-0.0006611626595258713,463,0.7501276406848633,0.7501276406848633,1.0,0.5416666666666666,0.75,0.7222222222222222
msmarco-passage-trec-dl-2019,1115776,candidate,1024,592,432,1024,0.578125,160,26,0,-3.917701542377472e-05,910,0.7501276406848633,0.7501276406848633,1.0,0.5416666666666666,0.75,0.7222222222222222
msmarco-passage-trec-dl-2019,1115776,candidate,2048,1376,672,2048,0.671875,704,28,0,-0.00041405297815799713,1857,0.7501276406848633,0.7501276406848633,1.0,0.5416666666666666,0.75,0.7222222222222222
msmarco-passage-trec-dl-2019,1115776,candidate,4096,3152,944,4096,0.76953125,2208,28,0,-2.9005110263824463e-05,3793,0.7501276406848633,0.7501276406848633,1.0,0.5416666666666666,0.75,0.7222222222222222
msmarco-passage-trec-dl-2019,1115776,candidate,8192,5000,3192,8192,0.6103515625,1808,41,0,-9.214505553245544e-06,7459,0.7501276406848633,0.7501276406848633,1.0,0.625,0.75,0.8333333333333334
msmarco-passage-trec-dl-2019,1115776,candidate,10000,5000,5000,10000,0.5,0,47,0,-7.506459951400757e-07,9032,0.7501276406848633,0.7501276406848633,1.0,0.7083333333333334,0.75,0.9444444444444445
msmarco-passage-trec-dl-2019,1115776,candidate-safe,128,64,64,128,0.5,0,15,0,-8.031725883483887e-06,109,0.7501276406848633,0.7501276406848633,1.0,0.4583333333333333,0.75,0.611111111111111
msmarco-passage-trec-dl-2019,1115776,candidate-safe,256,144,112,256,0.5625,32,18,0,-0.000475224107503891,227,0.7501276406848633,0.7501276406848633,1.0,0.5416666666666666,0.75,0.7222222222222222
msmarco-passage-trec-dl-2019,1115776,candidate-safe,512,272,240,512,0.53125,32,22,0,-0.0006611626595258713,463,0.7501276406848633,0.7501276406848633,1.0,0.5416666666666666,0.75,0.7222222222222222
msmarco-passage-trec-dl-2019,1115776,candidate-safe,1024,592,432,1024,0.578125,160,26,0,-3.917701542377472e-05,910,0.7501276406848633,0.7501276406848633,1.0,0.5416666666666666,0.75,0.7222222222222222
msmarco-passage-trec-dl-2019,1115776,candidate-safe,2048,1376,672,2048,0.671875,704,28,0,-0.00041405297815799713,1857,0.7501276406848633,0.7501276406848633,1.0,0.5416666666666666,0.75,0.7222222222222222
msmarco-passage-trec-dl-2019,1115776,candidate-safe,4096,3152,944,4096,0.76953125,2208,28,0,-2.9005110263824463e-05,3793,0.7501276406848633,0.7501276406848633,1.0,0.5416666666666666,0.75,0.7222222222222222
msmarco-passage-trec-dl-2019,1115776,candidate-safe,8192,5000,3192,8192,0.6103515625,1808,41,0,-9.214505553245544e-06,7459,0.7501276406848633,0.7501276406848633,1.0,0.625,0.75,0.8333333333333334
msmarco-passage-trec-dl-2019,1115776,candidate-safe,10000,5000,5000,10000,0.5,0,47,0,-7.506459951400757e-07,9032,0.7501276406848633,0.7501276406848633,1.0,0.7083333333333334,0.75,0.9444444444444445
msmarco-passage-trec-dl-2019,1115776,pressure,128,64,64,128,0.5,0,15,0,-8.031725883483887e-06,109,0.7501276406848633,0.7501276406848633,1.0,0.4583333333333333,0.75,0.611111111111111
msmarco-passage-trec-dl-2019,1115776,pressure,256,144,112,256,0.5625,32,18,0,-0.000475224107503891,227,0.7501276406848633,0.7501276406848633,1.0,0.5416666666666666,0.75,0.7222222222222222
msmarco-passage-trec-dl-2019,1115776,pressure,512,240,272,512,0.46875,32,22,0,-0.0009824484586715698,458,0.7501276406848633,0.7501276406848633,1.0,0.5416666666666666,0.75,0.7222222222222222
msmarco-passage-trec-dl-2019,1115776,pressure,1024,592,432,1024,0.578125,160,26,0,-3.917701542377472e-05,910,0.7501276406848633,0.7501276406848633,1.0,0.5416666666666666,0.75,0.7222222222222222
msmarco-passage-trec-dl-2019,1115776,pressure,2048,1088,960,2048,0.53125,128,28,0,-0.000588754191994667,1841,0.7501276406848633,0.7501276406848633,1.0,0.5416666666666666,0.75,0.7222222222222222
msmarco-passage-trec-dl-2019,1115776,pressure,4096,3136,960,4096,0.765625,2176,28,0,-3.0564144253730774e-05,3789,0.7501276406848633,0.7501276406848633,1.0,0.5416666666666666,0.75,0.7222222222222222
msmarco-passage-trec-dl-2019,1115776,pressure,8192,4832,3360,8192,0.58984375,1472,47,0,-7.537193596363068e-06,7439,0.7501276406848633,0.7501276406848633,1.0,0.7083333333333334,0.75,0.9444444444444445
msmarco-passage-trec-dl-2019,1115776,pressure,10000,5000,5000,10000,0.5,0,47,0,-7.506459951400757e-07,9032,0.7501276406848633,0.7501276406848633,1.0,0.7083333333333334,0.75,0.9444444444444445
msmarco-passage-trec-dl-2019,1115776,allocation-grid-oracle,128,64,64,128,0.5,0,15,0,-8.031725883483887e-06,109,0.7501276406848633,0.7501276406848633,1.0,0.4583333333333333,0.75,0.611111111111111
msmarco-passage-trec-dl-2019,1115776,allocation-grid-oracle,256,144,112,256,0.5625,32,18,0,-0.000475224107503891,227,0.7501276406848633,0.7501276406848633,1.0,0.5416666666666666,0.75,0.7222222222222222
msmarco-passage-trec-dl-2019,1115776,allocation-grid-oracle,512,272,240,512,0.53125,32,22,0,-0.0006611626595258713,463,0.7501276406848633,0.7501276406848633,1.0,0.5416666666666666,0.75,0.7222222222222222
msmarco-passage-trec-dl-2019,1115776,allocation-grid-oracle,1024,592,432,1024,0.578125,160,26,0,-3.917701542377472e-05,910,0.7501276406848633,0.7501276406848633,1.0,0.5416666666666666,0.75,0.7222222222222222
msmarco-passage-trec-dl-2019,1115776,allocation-grid-oracle,2048,1376,672,2048,0.671875,704,28,0,-0.00041405297815799713,1857,0.7501276406848633,0.7501276406848633,1.0,0.5416666666666666,0.75,0.7222222222222222
msmarco-passage-trec-dl-2019,1115776,allocation-grid-oracle,4096,3152,944,4096,0.76953125,2208,28,0,-2.9005110263824463e-05,3793,0.7501276406848633,0.7501276406848633,1.0,0.5416666666666666,0.75,0.7222222222222222
msmarco-passage-trec-dl-2019,1115776,allocation-grid-oracle,8192,4840,3352,8192,0.5908203125,1488,47,0,-7.203780114650726e-06,7439,0.7501276406848633,0.7501276406848633,1.0,0.7083333333333334,0.75,0.9444444444444445
msmarco-passage-trec-dl-2019,1115776,allocation-grid-oracle,10000,5000,5000,10000,0.5,0,47,0,-7.506459951400757e-07,9032,0.7501276406848633,0.7501276406848633,1.0,0.7083333333333334,0.75,0.9444444444444445
msmarco-passage-trec-dl-2019,1112341,balanced,128,64,64,128,0.5,0,7,0,-0.0016664955765008926,116,0.541065358950208,0.587715046091354,0.920625331184911,0.035211267605633804,0.22535211267605634,0.15625
msmarco-passage-trec-dl-2019,1112341,balanced,256,128,128,256,0.5,0,10,0,-0.00041441619396209717,235,0.587715046091354,0.587715046091354,1.0,0.056338028169014086,0.22535211267605634,0.25
msmarco-passage-trec-dl-2019,1112341,balanced,512,256,256,512,0.5,0,14,0,-0.0002105366438627243,474,0.587715046091354,0.587715046091354,1.0,0.08450704225352113,0.22535211267605634,0.375
msmarco-passage-trec-dl-2019,1112341,balanced,1024,512,512,1024,0.5,0,19,0,-0.00043009594082832336,961,0.587715046091354,0.587715046091354,1.0,0.1056338028169014,0.22535211267605634,0.46875
msmarco-passage-trec-dl-2019,1112341,balanced,2048,1024,1024,2048,0.5,0,21,0,-7.553026080131531e-06,1918,0.587715046091354,0.587715046091354,1.0,0.1056338028169014,0.22535211267605634,0.46875
msmarco-passage-trec-dl-2019,1112341,balanced,4096,2048,2048,4096,0.5,0,27,0,-0.00015204399824142456,3820,0.587715046091354,0.587715046091354,1.0,0.11267605633802817,0.22535211267605634,0.5
msmarco-passage-trec-dl-2019,1112341,balanced,8192,4096,4096,8192,0.5,0,32,0,-1.7950311303138733e-05,7702,0.587715046091354,0.587715046091354,1.0,0.13380281690140844,0.22535211267605634,0.5937499999999999
msmarco-passage-trec-dl-2019,1112341,balanced,10000,5000,5000,10000,0.5,0,33,0,-8.299201726913452e-05,9433,0.587715046091354,0.587715046091354,1.0,0.13380281690140844,0.22535211267605634,0.5937499999999999
msmarco-passage-trec-dl-2019,1112341,blocker,128,64,64,128,0.5,0,7,0,-0.0016664955765008926,116,0.541065358950208,0.587715046091354,0.920625331184911,0.035211267605633804,0.22535211267605634,0.15625
msmarco-passage-trec-dl-2019,1112341,blocker,256,128,128,256,0.5,0,10,0,-0.00041441619396209717,235,0.587715046091354,0.587715046091354,1.0,0.056338028169014086,0.22535211267605634,0.25
msmarco-passage-trec-dl-2019,1112341,blocker,512,288,224,512,0.5625,64,15,0,-6.418675184249878e-06,472,0.587715046091354,0.587715046091354,1.0,0.09154929577464789,0.22535211267605634,0.40625
msmarco-passage-trec-dl-2019,1112341,blocker,1024,624,400,1024,0.609375,224,19,0,-0.00014383159577846527,960,0.587715046091354,0.587715046091354,1.0,0.1056338028169014,0.22535211267605634,0.46875
msmarco-passage-trec-dl-2019,1112341,blocker,2048,1344,704,2048,0.65625,640,24,0,-7.213838398456573e-05,1923,0.587715046091354,0.587715046091354,1.0,0.11267605633802817,0.22535211267605634,0.5
msmarco-passage-trec-dl-2019,1112341,blocker,4096,2560,1536,4096,0.625,1024,27,0,-5.934014916419983e-05,3844,0.587715046091354,0.587715046091354,1.0,0.11267605633802817,0.22535211267605634,0.5
msmarco-passage-trec-dl-2019,1112341,blocker,8192,3192,5000,8192,0.3896484375,1808,33,0,-8.299201726913452e-05,7722,0.587715046091354,0.587715046091354,1.0,0.13380281690140844,0.22535211267605634,0.5937499999999999
msmarco-passage-trec-dl-2019,1112341,blocker,10000,5000,5000,10000,0.5,0,33,0,-8.299201726913452e-05,9433,0.587715046091354,0.587715046091354,1.0,0.13380281690140844,0.22535211267605634,0.5937499999999999
msmarco-passage-trec-dl-2019,1112341,candidate,128,64,64,128,0.5,0,7,0,-0.0016664955765008926,116,0.541065358950208,0.587715046091354,0.920625331184911,0.035211267605633804,0.22535211267605634,0.15625
msmarco-passage-trec-dl-2019,1112341,candidate,256,128,128,256,0.5,0,10,0,-0.00041441619396209717,235,0.587715046091354,0.587715046091354,1.0,0.056338028169014086,0.22535211267605634,0.25
msmarco-passage-trec-dl-2019,1112341,candidate,512,288,224,512,0.5625,64,15,0,-6.418675184249878e-06,472,0.587715046091354,0.587715046091354,1.0,0.09154929577464789,0.22535211267605634,0.40625
msmarco-passage-trec-dl-2019,1112341,candidate,1024,624,400,1024,0.609375,224,19,0,-0.00014383159577846527,960,0.587715046091354,0.587715046091354,1.0,0.1056338028169014,0.22535211267605634,0.46875
msmarco-passage-trec-dl-2019,1112341,candidate,2048,1344,704,2048,0.65625,640,24,0,-7.213838398456573e-05,1923,0.587715046091354,0.587715046091354,1.0,0.11267605633802817,0.22535211267605634,0.5
msmarco-passage-trec-dl-2019,1112341,candidate,4096,2560,1536,4096,0.625,1024,27,0,-5.934014916419983e-05,3844,0.587715046091354,0.587715046091354,1.0,0.11267605633802817,0.22535211267605634,0.5
msmarco-passage-trec-dl-2019,1112341,candidate,8192,3192,5000,8192,0.3896484375,1808,33,0,-8.299201726913452e-05,7722,0.587715046091354,0.587715046091354,1.0,0.13380281690140844,0.22535211267605634,0.5937499999999999
msmarco-passage-trec-dl-2019,1112341,candidate,10000,5000,5000,10000,0.5,0,33,0,-8.299201726913452e-05,9433,0.587715046091354,0.587715046091354,1.0,0.13380281690140844,0.22535211267605634,0.5937499999999999
msmarco-passage-trec-dl-2019,1112341,candidate-safe,128,64,64,128,0.5,0,7,0,-0.0016664955765008926,116,0.541065358950208,0.587715046091354,0.920625331184911,0.035211267605633804,0.22535211267605634,0.15625
msmarco-passage-trec-dl-2019,1112341,candidate-safe,256,128,128,256,0.5,0,10,0,-0.00041441619396209717,235,0.587715046091354,0.587715046091354,1.0,0.056338028169014086,0.22535211267605634,0.25
msmarco-passage-trec-dl-2019,1112341,candidate-safe,512,288,224,512,0.5625,64,15,0,-6.418675184249878e-06,472,0.587715046091354,0.587715046091354,1.0,0.09154929577464789,0.22535211267605634,0.40625
msmarco-passage-trec-dl-2019,1112341,candidate-safe,1024,624,400,1024,0.609375,224,19,0,-0.00014383159577846527,960,0.587715046091354,0.587715046091354,1.0,0.1056338028169014,0.22535211267605634,0.46875
msmarco-passage-trec-dl-2019,1112341,candidate-safe,2048,1344,704,2048,0.65625,640,24,0,-7.213838398456573e-05,1923,0.587715046091354,0.587715046091354,1.0,0.11267605633802817,0.22535211267605634,0.5
msmarco-passage-trec-dl-2019,1112341,candidate-safe,4096,2560,1536,4096,0.625,1024,27,0,-5.934014916419983e-05,3844,0.587715046091354,0.587715046091354,1.0,0.11267605633802817,0.22535211267605634,0.5
msmarco-passage-trec-dl-2019,1112341,candidate-safe,8192,3192,5000,8192,0.3896484375,1808,33,0,-8.299201726913452e-05,7722,0.587715046091354,0.587715046091354,1.0,0.13380281690140844,0.22535211267605634,0.5937499999999999
msmarco-passage-trec-dl-2019,1112341,candidate-safe,10000,5000,5000,10000,0.5,0,33,0,-8.299201726913452e-05,9433,0.587715046091354,0.587715046091354,1.0,0.13380281690140844,0.22535211267605634,0.5937499999999999
msmarco-passage-trec-dl-2019,1112341,pressure,128,64,64,128,0.5,0,7,0,-0.0016664955765008926,116,0.541065358950208,0.587715046091354,0.920625331184911,0.035211267605633804,0.22535211267605634,0.15625
msmarco-passage-trec-dl-2019,1112341,pressure,256,128,128,256,0.5,0,10,0,-0.00041441619396209717,235,0.587715046091354,0.587715046091354,1.0,0.056338028169014086,0.22535211267605634,0.25
msmarco-passage-trec-dl-2019,1112341,pressure,512,288,224,512,0.5625,64,15,0,-6.418675184249878e-06,472,0.587715046091354,0.587715046091354,1.0,0.09154929577464789,0.22535211267605634,0.40625
msmarco-passage-trec-dl-2019,1112341,pressure,1024,592,432,1024,0.578125,160,19,0,-0.00021558627486228943,962,0.587715046091354,0.587715046091354,1.0,0.1056338028169014,0.22535211267605634,0.46875
msmarco-passage-trec-dl-2019,1112341,pressure,2048,1344,704,2048,0.65625,640,24,0,-7.213838398456573e-05,1923,0.587715046091354,0.587715046091354,1.0,0.11267605633802817,0.22535211267605634,0.5
msmarco-passage-trec-dl-2019,1112341,pressure,4096,2400,1696,4096,0.5859375,704,27,0,-8.41636210680008e-05,3831,0.587715046091354,0.587715046091354,1.0,0.11267605633802817,0.22535211267605634,0.5
msmarco-passage-trec-dl-2019,1112341,pressure,8192,3192,5000,8192,0.3896484375,1808,33,0,-8.299201726913452e-05,7722,0.587715046091354,0.587715046091354,1.0,0.13380281690140844,0.22535211267605634,0.5937499999999999
msmarco-passage-trec-dl-2019,1112341,pressure,10000,5000,5000,10000,0.5,0,33,0,-8.299201726913452e-05,9433,0.587715046091354,0.587715046091354,1.0,0.13380281690140844,0.22535211267605634,0.5937499999999999
msmarco-passage-trec-dl-2019,1112341,allocation-grid-oracle,128,64,64,128,0.5,0,7,0,-0.0016664955765008926,116,0.541065358950208,0.587715046091354,0.920625331184911,0.035211267605633804,0.22535211267605634,0.15625
msmarco-passage-trec-dl-2019,1112341,allocation-grid-oracle,256,128,128,256,0.5,0,10,0,-0.00041441619396209717,235,0.587715046091354,0.587715046091354,1.0,0.056338028169014086,0.22535211267605634,0.25
msmarco-passage-trec-dl-2019,1112341,allocation-grid-oracle,512,288,224,512,0.5625,64,15,0,-6.418675184249878e-06,472,0.587715046091354,0.587715046091354,1.0,0.09154929577464789,0.22535211267605634,0.40625
msmarco-passage-trec-dl-2019,1112341,allocation-grid-oracle,1024,624,400,1024,0.609375,224,19,0,-0.00014383159577846527,960,0.587715046091354,0.587715046091354,1.0,0.1056338028169014,0.22535211267605634,0.46875
msmarco-passage-trec-dl-2019,1112341,allocation-grid-oracle,2048,1344,704,2048,0.65625,640,24,0,-7.213838398456573e-05,1923,0.587715046091354,0.587715046091354,1.0,0.11267605633802817,0.22535211267605634,0.5
msmarco-passage-trec-dl-2019,1112341,allocation-grid-oracle,4096,2560,1536,4096,0.625,1024,27,0,-5.934014916419983e-05,3844,0.587715046091354,0.587715046091354,1.0,0.11267605633802817,0.22535211267605634,0.5
msmarco-passage-trec-dl-2019,1112341,allocation-grid-oracle,8192,3192,5000,8192,0.3896484375,1808,33,0,-8.299201726913452e-05,7722,0.587715046091354,0.587715046091354,1.0,0.13380281690140844,0.22535211267605634,0.5937499999999999
msmarco-passage-trec-dl-2019,1112341,allocation-grid-oracle,10000,5000,5000,10000,0.5,0,33,0,-8.299201726913452e-05,9433,0.587715046091354,0.587715046091354,1.0,0.13380281690140844,0.22535211267605634,0.5937499999999999
msmarco-passage-trec-dl-2019,131843,balanced,128,64,64,128,0.5,0,8,0,-0.0011946558952331543,119,0.791726719367984,0.9216017310213247,0.8590768579509802,0.109375,0.34375,0.3181818181818182
msmarco-passage-trec-dl-2019,131843,balanced,256,128,128,256,0.5,0,9,0,-0.0013233162462711334,246,0.857980942822373,0.9216017310213247,0.9309671563567413,0.125,0.34375,0.36363636363636365
msmarco-passage-trec-dl-2019,131843,balanced,512,256,256,512,0.5,0,10,0,-0.003164556808769703,502,0.9216017310213247,0.9216017310213247,1.0,0.140625,0.34375,0.4090909090909091
msmarco-passage-trec-dl-2019,131843,balanced,1024,512,512,1024,0.5,0,10,0,-0.0015477873384952545,1011,0.9216017310213247,0.9216017310213247,1.0,0.140625,0.34375,0.4090909090909091
msmarco-passage-trec-dl-2019,131843,balanced,2048,1024,1024,2048,0.5,0,10,0,-0.0007220450788736343,2035,0.9216017310213247,0.9216017310213247,1.0,0.140625,0.34375,0.4090909090909091
msmarco-passage-trec-dl-2019,131843,balanced,4096,2048,2048,4096,0.5,0,10,0,-0.0002739187330007553,4080,0.9216017310213247,0.9216017310213247,1.0,0.140625,0.34375,0.4090909090909091
msmarco-passage-trec-dl-2019,131843,balanced,8192,4096,4096,8192,0.5,0,10,0,-4.015117883682251e-05,8169,0.9216017310213247,0.9216017310213247,1.0,0.140625,0.34375,0.4090909090909091
msmarco-passage-trec-dl-2019,131843,balanced,10000,5000,5000,10000,0.5,0,11,0,-1.584552228450775e-05,9966,0.9216017310213247,0.9216017310213247,1.0,0.15625,0.34375,0.45454545454545453
msmarco-passage-trec-dl-2019,131843,blocker,128,64,64,128,0.5,0,8,0,-0.0011946558952331543,119,0.791726719367984,0.9216017310213247,0.8590768579509802,0.109375,0.34375,0.3181818181818182
msmarco-passage-trec-dl-2019,131843,blocker,256,128,128,256,0.5,0,9,0,-0.0013233162462711334,246,0.857980942822373,0.9216017310213247,0.9309671563567413,0.125,0.34375,0.36363636363636365
msmarco-passage-trec-dl-2019,131843,blocker,512,240,272,512,0.46875,32,10,0,-0.0031002340838313103,502,0.9216017310213247,0.9216017310213247,1.0,0.140625,0.34375,0.4090909090909091
msmarco-passage-trec-dl-2019,131843,blocker,1024,512,512,1024,0.5,0,10,0,-0.0015477873384952545,1011,0.9216017310213247,0.9216017310213247,1.0,0.140625,0.34375,0.4090909090909091
msmarco-passage-trec-dl-2019,131843,blocker,2048,1024,1024,2048,0.5,0,10,0,-0.0007220450788736343,2035,0.9216017310213247,0.9216017310213247,1.0,0.140625,0.34375,0.4090909090909091
msmarco-passage-trec-dl-2019,131843,blocker,4096,2048,2048,4096,0.5,0,10,0,-0.0002739187330007553,4080,0.9216017310213247,0.9216017310213247,1.0,0.140625,0.34375,0.4090909090909091
msmarco-passage-trec-dl-2019,131843,blocker,8192,4096,4096,8192,0.5,0,10,0,-4.015117883682251e-05,8169,0.9216017310213247,0.9216017310213247,1.0,0.140625,0.34375,0.4090909090909091
msmarco-passage-trec-dl-2019,131843,blocker,10000,5000,5000,10000,0.5,0,11,0,-1.584552228450775e-05,9966,0.9216017310213247,0.9216017310213247,1.0,0.15625,0.34375,0.45454545454545453
msmarco-passage-trec-dl-2019,131843,candidate,128,64,64,128,0.5,0,8,0,-0.0011946558952331543,119,0.791726719367984,0.9216017310213247,0.8590768579509802,0.109375,0.34375,0.3181818181818182
msmarco-passage-trec-dl-2019,131843,candidate,256,128,128,256,0.5,0,9,0,-0.0013233162462711334,246,0.857980942822373,0.9216017310213247,0.9309671563567413,0.125,0.34375,0.36363636363636365
msmarco-passage-trec-dl-2019,131843,candidate,512,320,192,512,0.625,128,10,0,-0.003968254663050175,501,0.9216017310213247,0.9216017310213247,1.0,0.140625,0.34375,0.4090909090909091
msmarco-passage-trec-dl-2019,131843,candidate,1024,512,512,1024,0.5,0,10,0,-0.0015477873384952545,1011,0.9216017310213247,0.9216017310213247,1.0,0.140625,0.34375,0.4090909090909091
msmarco-passage-trec-dl-2019,131843,candidate,2048,1024,1024,2048,0.5,0,10,0,-0.0007220450788736343,2035,0.9216017310213247,0.9216017310213247,1.0,0.140625,0.34375,0.4090909090909091
msmarco-passage-trec-dl-2019,131843,candidate,4096,2048,2048,4096,0.5,0,10,0,-0.0002739187330007553,4080,0.9216017310213247,0.9216017310213247,1.0,0.140625,0.34375,0.4090909090909091
msmarco-passage-trec-dl-2019,131843,candidate,8192,4096,4096,8192,0.5,0,10,0,-4.015117883682251e-05,8169,0.9216017310213247,0.9216017310213247,1.0,0.140625,0.34375,0.4090909090909091
msmarco-passage-trec-dl-2019,131843,candidate,10000,5000,5000,10000,0.5,0,11,0,-1.584552228450775e-05,9966,0.9216017310213247,0.9216017310213247,1.0,0.15625,0.34375,0.45454545454545453
msmarco-passage-trec-dl-2019,131843,candidate-safe,128,64,64,128,0.5,0,8,0,-0.0011946558952331543,119,0.791726719367984,0.9216017310213247,0.8590768579509802,0.109375,0.34375,0.3181818181818182
msmarco-passage-trec-dl-2019,131843,candidate-safe,256,128,128,256,0.5,0,9,0,-0.0013233162462711334,246,0.857980942822373,0.9216017310213247,0.9309671563567413,0.125,0.34375,0.36363636363636365
msmarco-passage-trec-dl-2019,131843,candidate-safe,512,320,192,512,0.625,128,10,0,-0.003968254663050175,501,0.9216017310213247,0.9216017310213247,1.0,0.140625,0.34375,0.4090909090909091
msmarco-passage-trec-dl-2019,131843,candidate-safe,1024,512,512,1024,0.5,0,10,0,-0.0015477873384952545,1011,0.9216017310213247,0.9216017310213247,1.0,0.140625,0.34375,0.4090909090909091
msmarco-passage-trec-dl-2019,131843,candidate-safe,2048,1024,1024,2048,0.5,0,10,0,-0.0007220450788736343,2035,0.9216017310213247,0.9216017310213247,1.0,0.140625,0.34375,0.4090909090909091
msmarco-passage-trec-dl-2019,131843,candidate-safe,4096,2048,2048,4096,0.5,0,10,0,-0.0002739187330007553,4080,0.9216017310213247,0.9216017310213247,1.0,0.140625,0.34375,0.4090909090909091
msmarco-passage-trec-dl-2019,131843,candidate-safe,8192,4096,4096,8192,0.5,0,10,0,-4.015117883682251e-05,8169,0.9216017310213247,0.9216017310213247,1.0,0.140625,0.34375,0.4090909090909091
msmarco-passage-trec-dl-2019,131843,candidate-safe,10000,5000,5000,10000,0.5,0,11,0,-1.584552228450775e-05,9966,0.9216017310213247,0.9216017310213247,1.0,0.15625,0.34375,0.45454545454545453
msmarco-passage-trec-dl-2019,131843,pressure,128,64,64,128,0.5,0,8,0,-0.0011946558952331543,119,0.791726719367984,0.9216017310213247,0.8590768579509802,0.109375,0.34375,0.3181818181818182
msmarco-passage-trec-dl-2019,131843,pressure,256,128,128,256,0.5,0,9,0,-0.0013233162462711334,246,0.857980942822373,0.9216017310213247,0.9309671563567413,0.125,0.34375,0.36363636363636365
msmarco-passage-trec-dl-2019,131843,pressure,512,240,272,512,0.46875,32,10,0,-0.0031002340838313103,502,0.9216017310213247,0.9216017310213247,1.0,0.140625,0.34375,0.4090909090909091
msmarco-passage-trec-dl-2019,131843,pressure,1024,480,544,1024,0.46875,64,10,0,-0.0016513876616954803,1011,0.9216017310213247,0.9216017310213247,1.0,0.140625,0.34375,0.4090909090909091
msmarco-passage-trec-dl-2019,131843,pressure,2048,1024,1024,2048,0.5,0,10,0,-0.0007220450788736343,2035,0.9216017310213247,0.9216017310213247,1.0,0.140625,0.34375,0.4090909090909091
msmarco-passage-trec-dl-2019,131843,pressure,4096,2048,2048,4096,0.5,0,10,0,-0.0002739187330007553,4080,0.9216017310213247,0.9216017310213247,1.0,0.140625,0.34375,0.4090909090909091
msmarco-passage-trec-dl-2019,131843,pressure,8192,4096,4096,8192,0.5,0,10,0,-4.015117883682251e-05,8169,0.9216017310213247,0.9216017310213247,1.0,0.140625,0.34375,0.4090909090909091
msmarco-passage-trec-dl-2019,131843,pressure,10000,5000,5000,10000,0.5,0,11,0,-1.584552228450775e-05,9966,0.9216017310213247,0.9216017310213247,1.0,0.15625,0.34375,0.45454545454545453
msmarco-passage-trec-dl-2019,131843,allocation-grid-oracle,128,64,64,128,0.5,0,8,0,-0.0011946558952331543,119,0.791726719367984,0.9216017310213247,0.8590768579509802,0.109375,0.34375,0.3181818181818182
msmarco-passage-trec-dl-2019,131843,allocation-grid-oracle,256,128,128,256,0.5,0,9,0,-0.0013233162462711334,246,0.857980942822373,0.9216017310213247,0.9309671563567413,0.125,0.34375,0.36363636363636365
msmarco-passage-trec-dl-2019,131843,allocation-grid-oracle,512,240,272,512,0.46875,32,10,0,-0.0031002340838313103,502,0.9216017310213247,0.9216017310213247,1.0,0.140625,0.34375,0.4090909090909091
msmarco-passage-trec-dl-2019,131843,allocation-grid-oracle,1024,512,512,1024,0.5,0,10,0,-0.0015477873384952545,1011,0.9216017310213247,0.9216017310213247,1.0,0.140625,0.34375,0.4090909090909091
msmarco-passage-trec-dl-2019,131843,allocation-grid-oracle,2048,1024,1024,2048,0.5,0,10,0,-0.0007220450788736343,2035,0.9216017310213247,0.9216017310213247,1.0,0.140625,0.34375,0.4090909090909091
msmarco-passage-trec-dl-2019,131843,allocation-grid-oracle,4096,2048,2048,4096,0.5,0,10,0,-0.0002739187330007553,4080,0.9216017310213247,0.9216017310213247,1.0,0.140625,0.34375,0.4090909090909091
msmarco-passage-trec-dl-2019,131843,allocation-grid-oracle,8192,4096,4096,8192,0.5,0,10,0,-4.015117883682251e-05,8169,0.9216017310213247,0.9216017310213247,1.0,0.140625,0.34375,0.4090909090909091
msmarco-passage-trec-dl-2019,131843,allocation-grid-oracle,10000,5000,5000,10000,0.5,0,11,0,-1.584552228450775e-05,9966,0.9216017310213247,0.9216017310213247,1.0,0.15625,0.34375,0.45454545454545453
msmarco-passage-trec-dl-2019,104861,balanced,128,64,64,128,0.5,0,1,0,-0.0001987908035516739,119,0.22009176629808017,1.0,0.22009176629808017,0.0070921985815602835,0.5460992907801419,0.012987012987012986
msmarco-passage-trec-dl-2019,104861,balanced,256,128,128,256,0.5,0,4,0,-0.00023880600929260254,220,0.5637884576902256,1.0,0.5637884576902256,0.028368794326241134,0.5460992907801419,0.051948051948051945
msmarco-passage-trec-dl-2019,104861,balanced,512,256,256,512,0.5,0,14,0,-6.651878356933594e-05,439,1.0,1.0,1.0,0.09929078014184398,0.5460992907801419,0.18181818181818182
msmarco-passage-trec-dl-2019,104861,balanced,1024,512,512,1024,0.5,0,26,0,-1.9915401935577393e-05,899,1.0,1.0,1.0,0.18439716312056736,0.5460992907801419,0.3376623376623376
msmarco-passage-trec-dl-2019,104861,balanced,2048,1024,1024,2048,0.5,0,33,0,-7.972121238708496e-06,1849,1.0,1.0,1.0,0.23404255319148937,0.5460992907801419,0.42857142857142855
msmarco-passage-trec-dl-2019,104861,balanced,4096,2048,2048,4096,0.5,0,45,0,-0.00014455802738666534,3667,1.0,1.0,1.0,0.3191489361702128,0.5460992907801419,0.5844155844155844
msmarco-passage-trec-dl-2019,104861,balanced,8192,4096,4096,8192,0.5,0,47,0,-0.0001076776534318924,6958,1.0,1.0,1.0,0.3262411347517731,0.5460992907801419,0.5974025974025975
msmarco-passage-trec-dl-2019,104861,balanced,10000,5000,5000,10000,0.5,0,57,0,-0.00012140534818172455,8273,1.0,1.0,1.0,0.3829787234042553,0.5460992907801419,0.7012987012987013
msmarco-passage-trec-dl-2019,104861,blocker,128,64,64,128,0.5,0,1,0,-0.0001987908035516739,119,0.22009176629808017,1.0,0.22009176629808017,0.0070921985815602835,0.5460992907801419,0.012987012987012986
msmarco-passage-trec-dl-2019,104861,blocker,256,128,128,256,0.5,0,4,0,-0.00023880600929260254,220,0.5637884576902256,1.0,0.5637884576902256,0.028368794326241134,0.5460992907801419,0.051948051948051945
msmarco-passage-trec-dl-2019,104861,blocker,512,288,224,512,0.5625,64,21,0,-0.0004422329366207123,441,1.0,1.0,1.0,0.14893617021276595,0.5460992907801419,0.2727272727272727
msmarco-passage-trec-dl-2019,104861,blocker,1024,624,400,1024,0.609375,224,29,0,-0.00022252462804317474,906,1.0,1.0,1.0,0.20567375886524822,0.5460992907801419,0.3766233766233766
msmarco-passage-trec-dl-2019,104861,blocker,2048,1584,464,2048,0.7734375,1120,41,0,-5.0961971282958984e-06,1886,1.0,1.0,1.0,0.2907801418439716,0.5460992907801419,0.5324675324675324
msmarco-passage-trec-dl-2019,104861,blocker,4096,3536,560,4096,0.86328125,2976,46,0,-1.2621283531188965e-05,3867,1.0,1.0,1.0,0.3262411347517731,0.5460992907801419,0.5974025974025975
msmarco-passage-trec-dl-2019,104861,blocker,8192,5000,3192,8192,0.6103515625,1808,57,0,-0.00012140534818172455,7146,1.0,1.0,1.0,0.3829787234042553,0.5460992907801419,0.7012987012987013
msmarco-passage-trec-dl-2019,104861,blocker,10000,5000,5000,10000,0.5,0,57,0,-0.00012140534818172455,8273,1.0,1.0,1.0,0.3829787234042553,0.5460992907801419,0.7012987012987013
msmarco-passage-trec-dl-2019,104861,candidate,128,64,64,128,0.5,0,1,0,-0.0001987908035516739,119,0.22009176629808017,1.0,0.22009176629808017,0.0070921985815602835,0.5460992907801419,0.012987012987012986
msmarco-passage-trec-dl-2019,104861,candidate,256,128,128,256,0.5,0,4,0,-0.00023880600929260254,220,0.5637884576902256,1.0,0.5637884576902256,0.028368794326241134,0.5460992907801419,0.051948051948051945
msmarco-passage-trec-dl-2019,104861,candidate,512,288,224,512,0.5625,64,21,0,-0.0004422329366207123,441,1.0,1.0,1.0,0.14893617021276595,0.5460992907801419,0.2727272727272727
msmarco-passage-trec-dl-2019,104861,candidate,1024,624,400,1024,0.609375,224,29,0,-0.00022252462804317474,906,1.0,1.0,1.0,0.20567375886524822,0.5460992907801419,0.3766233766233766
msmarco-passage-trec-dl-2019,104861,candidate,2048,1584,464,2048,0.7734375,1120,41,0,-5.0961971282958984e-06,1886,1.0,1.0,1.0,0.2907801418439716,0.5460992907801419,0.5324675324675324
msmarco-passage-trec-dl-2019,104861,candidate,4096,3536,560,4096,0.86328125,2976,46,0,-1.2621283531188965e-05,3867,1.0,1.0,1.0,0.3262411347517731,0.5460992907801419,0.5974025974025975
msmarco-passage-trec-dl-2019,104861,candidate,8192,5000,3192,8192,0.6103515625,1808,57,0,-0.00012140534818172455,7146,1.0,1.0,1.0,0.3829787234042553,0.5460992907801419,0.7012987012987013
msmarco-passage-trec-dl-2019,104861,candidate,10000,5000,5000,10000,0.5,0,57,0,-0.00012140534818172455,8273,1.0,1.0,1.0,0.3829787234042553,0.5460992907801419,0.7012987012987013
msmarco-passage-trec-dl-2019,104861,candidate-safe,128,64,64,128,0.5,0,1,0,-0.0001987908035516739,119,0.22009176629808017,1.0,0.22009176629808017,0.0070921985815602835,0.5460992907801419,0.012987012987012986
msmarco-passage-trec-dl-2019,104861,candidate-safe,256,128,128,256,0.5,0,4,0,-0.00023880600929260254,220,0.5637884576902256,1.0,0.5637884576902256,0.028368794326241134,0.5460992907801419,0.051948051948051945
msmarco-passage-trec-dl-2019,104861,candidate-safe,512,288,224,512,0.5625,64,21,0,-0.0004422329366207123,441,1.0,1.0,1.0,0.14893617021276595,0.5460992907801419,0.2727272727272727
msmarco-passage-trec-dl-2019,104861,candidate-safe,1024,624,400,1024,0.609375,224,29,0,-0.00022252462804317474,906,1.0,1.0,1.0,0.20567375886524822,0.5460992907801419,0.3766233766233766
msmarco-passage-trec-dl-2019,104861,candidate-safe,2048,1584,464,2048,0.7734375,1120,41,0,-5.0961971282958984e-06,1886,1.0,1.0,1.0,0.2907801418439716,0.5460992907801419,0.5324675324675324
msmarco-passage-trec-dl-2019,104861,candidate-safe,4096,3536,560,4096,0.86328125,2976,46,0,-1.2621283531188965e-05,3867,1.0,1.0,1.0,0.3262411347517731,0.5460992907801419,0.5974025974025975
msmarco-passage-trec-dl-2019,104861,candidate-safe,8192,5000,3192,8192,0.6103515625,1808,57,0,-0.00012140534818172455,7146,1.0,1.0,1.0,0.3829787234042553,0.5460992907801419,0.7012987012987013
msmarco-passage-trec-dl-2019,104861,candidate-safe,10000,5000,5000,10000,0.5,0,57,0,-0.00012140534818172455,8273,1.0,1.0,1.0,0.3829787234042553,0.5460992907801419,0.7012987012987013
msmarco-passage-trec-dl-2019,104861,pressure,128,64,64,128,0.5,0,1,0,-0.0001987908035516739,119,0.22009176629808017,1.0,0.22009176629808017,0.0070921985815602835,0.5460992907801419,0.012987012987012986
msmarco-passage-trec-dl-2019,104861,pressure,256,128,128,256,0.5,0,4,0,-0.00023880600929260254,220,0.5637884576902256,1.0,0.5637884576902256,0.028368794326241134,0.5460992907801419,0.051948051948051945
msmarco-passage-trec-dl-2019,104861,pressure,512,288,224,512,0.5625,64,21,0,-0.0004422329366207123,441,1.0,1.0,1.0,0.14893617021276595,0.5460992907801419,0.2727272727272727
msmarco-passage-trec-dl-2019,104861,pressure,1024,608,416,1024,0.59375,192,29,0,-0.0001149103045463562,903,1.0,1.0,1.0,0.20567375886524822,0.5460992907801419,0.3766233766233766
msmarco-passage-trec-dl-2019,104861,pressure,2048,1584,464,2048,0.7734375,1120,41,0,-5.0961971282958984e-06,1886,1.0,1.0,1.0,0.2907801418439716,0.5460992907801419,0.5324675324675324
msmarco-passage-trec-dl-2019,104861,pressure,4096,3536,560,4096,0.86328125,2976,46,0,-1.2621283531188965e-05,3867,1.0,1.0,1.0,0.3262411347517731,0.5460992907801419,0.5974025974025975
msmarco-passage-trec-dl-2019,104861,pressure,8192,5000,3192,8192,0.6103515625,1808,57,0,-0.00012140534818172455,7146,1.0,1.0,1.0,0.3829787234042553,0.5460992907801419,0.7012987012987013
msmarco-passage-trec-dl-2019,104861,pressure,10000,5000,5000,10000,0.5,0,57,0,-0.00012140534818172455,8273,1.0,1.0,1.0,0.3829787234042553,0.5460992907801419,0.7012987012987013
msmarco-passage-trec-dl-2019,104861,allocation-grid-oracle,128,64,64,128,0.5,0,1,0,-0.0001987908035516739,119,0.22009176629808017,1.0,0.22009176629808017,0.0070921985815602835,0.5460992907801419,0.012987012987012986
msmarco-passage-trec-dl-2019,104861,allocation-grid-oracle,256,128,128,256,0.5,0,4,0,-0.00023880600929260254,220,0.5637884576902256,1.0,0.5637884576902256,0.028368794326241134,0.5460992907801419,0.051948051948051945
msmarco-passage-trec-dl-2019,104861,allocation-grid-oracle,512,288,224,512,0.5625,64,21,0,-0.0004422329366207123,441,1.0,1.0,1.0,0.14893617021276595,0.5460992907801419,0.2727272727272727
msmarco-passage-trec-dl-2019,104861,allocation-grid-oracle,1024,608,416,1024,0.59375,192,29,0,-0.0001149103045463562,903,1.0,1.0,1.0,0.20567375886524822,0.5460992907801419,0.3766233766233766
msmarco-passage-trec-dl-2019,104861,allocation-grid-oracle,2048,1584,464,2048,0.7734375,1120,41,0,-5.0961971282958984e-06,1886,1.0,1.0,1.0,0.2907801418439716,0.5460992907801419,0.5324675324675324
msmarco-passage-trec-dl-2019,104861,allocation-grid-oracle,4096,3536,560,4096,0.86328125,2976,46,0,-1.2621283531188965e-05,3867,1.0,1.0,1.0,0.3262411347517731,0.5460992907801419,0.5974025974025975
msmarco-passage-trec-dl-2019,104861,allocation-grid-oracle,8192,5000,3192,8192,0.6103515625,1808,57,0,-0.00012140534818172455,7146,1.0,1.0,1.0,0.3829787234042553,0.5460992907801419,0.7012987012987013
msmarco-passage-trec-dl-2019,104861,allocation-grid-oracle,10000,5000,5000,10000,0.5,0,57,0,-0.00012140534818172455,8273,1.0,1.0,1.0,0.3829787234042553,0.5460992907801419,0.7012987012987013
msmarco-passage-trec-dl-2019,833860,balanced,128,64,64,128,0.5,0,8,0,-0.0003498196601867676,115,0.7585884164662815,0.8521086920059355,0.8902484196945586,0.10666666666666667,0.56,0.19047619047619047
msmarco-passage-trec-dl-2019,833860,balanced,256,128,128,256,0.5,0,11,0,-0.00042461417615413666,234,0.8521086920059355,0.8521086920059355,1.0,0.14666666666666667,0.56,0.26190476190476186
msmarco-passage-trec-dl-2019,833860,balanced,512,256,256,512,0.5,0,13,0,-9.441189467906952e-05,475,0.8521086920059355,0.8521086920059355,1.0,0.16,0.56,0.2857142857142857
msmarco-passage-trec-dl-2019,833860,balanced,1024,512,512,1024,0.5,0,30,0,-0.00021097436547279358,943,0.8521086920059355,0.8521086920059355,1.0,0.26666666666666666,0.56,0.47619047619047616
msmarco-passage-trec-dl-2019,833860,balanced,2048,1024,1024,2048,0.5,0,32,0,-0.0003696996718645096,1889,0.8521086920059355,0.8521086920059355,1.0,0.28,0.56,0.5
msmarco-passage-trec-dl-2019,833860,balanced,4096,2048,2048,4096,0.5,0,38,0,-0.00027317553758621216,3837,0.8521086920059355,0.8521086920059355,1.0,0.32,0.56,0.5714285714285714
msmarco-passage-trec-dl-2019,833860,balanced,8192,4096,4096,8192,0.5,0,38,0,-3.940798342227936e-05,7687,0.8521086920059355,0.8521086920059355,1.0,0.32,0.56,0.5714285714285714
msmarco-passage-trec-dl-2019,833860,balanced,10000,5000,5000,10000,0.5,0,39,0,-8.715502917766571e-05,9376,0.8521086920059355,0.8521086920059355,1.0,0.3333333333333333,0.56,0.5952380952380951
msmarco-passage-trec-dl-2019,833860,blocker,128,64,64,128,0.5,0,8,0,-0.0003498196601867676,115,0.7585884164662815,0.8521086920059355,0.8902484196945586,0.10666666666666667,0.56,0.19047619047619047
msmarco-passage-trec-dl-2019,833860,blocker,256,128,128,256,0.5,0,11,0,-0.00042461417615413666,234,0.8521086920059355,0.8521086920059355,1.0,0.14666666666666667,0.56,0.26190476190476186
msmarco-passage-trec-dl-2019,833860,blocker,512,240,272,512,0.46875,32,14,0,-0.0005558356642723083,476,0.8521086920059355,0.8521086920059355,1.0,0.17333333333333334,0.56,0.3095238095238095
msmarco-passage-trec-dl-2019,833860,blocker,1024,528,496,1024,0.515625,32,30,0,-0.00016340240836143494,942,0.8521086920059355,0.8521086920059355,1.0,0.26666666666666666,0.56,0.47619047619047616
msmarco-passage-trec-dl-2019,833860,blocker,2048,1136,912,2048,0.5546875,224,34,0,-0.00010127946734428406,1893,0.8521086920059355,0.8521086920059355,1.0,0.29333333333333333,0.56,0.5238095238095237
msmarco-passage-trec-dl-2019,833860,blocker,4096,2464,1632,4096,0.6015625,832,38,0,-0.0001949891448020935,3846,0.8521086920059355,0.8521086920059355,1.0,0.32,0.56,0.5714285714285714
msmarco-passage-trec-dl-2019,833860,blocker,8192,5000,3192,8192,0.6103515625,1808,39,0,-0.00014022737741470337,7707,0.8521086920059355,0.8521086920059355,1.0,0.3333333333333333,0.56,0.5952380952380951
msmarco-passage-trec-dl-2019,833860,blocker,10000,5000,5000,10000,0.5,0,39,0,-8.715502917766571e-05,9376,0.8521086920059355,0.8521086920059355,1.0,0.3333333333333333,0.56,0.5952380952380951
msmarco-passage-trec-dl-2019,833860,candidate,128,64,64,128,0.5,0,8,0,-0.0003498196601867676,115,0.7585884164662815,0.8521086920059355,0.8902484196945586,0.10666666666666667,0.56,0.19047619047619047
msmarco-passage-trec-dl-2019,833860,candidate,256,128,128,256,0.5,0,11,0,-0.00042461417615413666,234,0.8521086920059355,0.8521086920059355,1.0,0.14666666666666667,0.56,0.26190476190476186
msmarco-passage-trec-dl-2019,833860,candidate,512,240,272,512,0.46875,32,14,0,-0.0005558356642723083,476,0.8521086920059355,0.8521086920059355,1.0,0.17333333333333334,0.56,0.3095238095238095
msmarco-passage-trec-dl-2019,833860,candidate,1024,528,496,1024,0.515625,32,30,0,-0.00016340240836143494,942,0.8521086920059355,0.8521086920059355,1.0,0.26666666666666666,0.56,0.47619047619047616
msmarco-passage-trec-dl-2019,833860,candidate,2048,1136,912,2048,0.5546875,224,34,0,-0.00010127946734428406,1893,0.8521086920059355,0.8521086920059355,1.0,0.29333333333333333,0.56,0.5238095238095237
msmarco-passage-trec-dl-2019,833860,candidate,4096,2848,1248,4096,0.6953125,1600,38,0,-0.00036770105361938477,3848,0.8521086920059355,0.8521086920059355,1.0,0.32,0.56,0.5714285714285714
msmarco-passage-trec-dl-2019,833860,candidate,8192,5000,3192,8192,0.6103515625,1808,39,0,-0.00014022737741470337,7707,0.8521086920059355,0.8521086920059355,1.0,0.3333333333333333,0.56,0.5952380952380951
msmarco-passage-trec-dl-2019,833860,candidate,10000,5000,5000,10000,0.5,0,39,0,-8.715502917766571e-05,9376,0.8521086920059355,0.8521086920059355,1.0,0.3333333333333333,0.56,0.5952380952380951
msmarco-passage-trec-dl-2019,833860,candidate-safe,128,64,64,128,0.5,0,8,0,-0.0003498196601867676,115,0.7585884164662815,0.8521086920059355,0.8902484196945586,0.10666666666666667,0.56,0.19047619047619047
msmarco-passage-trec-dl-2019,833860,candidate-safe,256,128,128,256,0.5,0,11,0,-0.00042461417615413666,234,0.8521086920059355,0.8521086920059355,1.0,0.14666666666666667,0.56,0.26190476190476186
msmarco-passage-trec-dl-2019,833860,candidate-safe,512,240,272,512,0.46875,32,14,0,-0.0005558356642723083,476,0.8521086920059355,0.8521086920059355,1.0,0.17333333333333334,0.56,0.3095238095238095
msmarco-passage-trec-dl-2019,833860,candidate-safe,1024,528,496,1024,0.515625,32,30,0,-0.00016340240836143494,942,0.8521086920059355,0.8521086920059355,1.0,0.26666666666666666,0.56,0.47619047619047616
msmarco-passage-trec-dl-2019,833860,candidate-safe,2048,1136,912,2048,0.5546875,224,34,0,-0.00010127946734428406,1893,0.8521086920059355,0.8521086920059355,1.0,0.29333333333333333,0.56,0.5238095238095237
msmarco-passage-trec-dl-2019,833860,candidate-safe,4096,2848,1248,4096,0.6953125,1600,38,0,-0.00036770105361938477,3848,0.8521086920059355,0.8521086920059355,1.0,0.32,0.56,0.5714285714285714
msmarco-passage-trec-dl-2019,833860,candidate-safe,8192,5000,3192,8192,0.6103515625,1808,39,0,-0.00014022737741470337,7707,0.8521086920059355,0.8521086920059355,1.0,0.3333333333333333,0.56,0.5952380952380951
msmarco-passage-trec-dl-2019,833860,candidate-safe,10000,5000,5000,10000,0.5,0,39,0,-8.715502917766571e-05,9376,0.8521086920059355,0.8521086920059355,1.0,0.3333333333333333,0.56,0.5952380952380951
msmarco-passage-trec-dl-2019,833860,pressure,128,64,64,128,0.5,0,8,0,-0.0003498196601867676,115,0.7585884164662815,0.8521086920059355,0.8902484196945586,0.10666666666666667,0.56,0.19047619047619047
msmarco-passage-trec-dl-2019,833860,pressure,256,112,144,256,0.4375,32,11,0,-0.0006550084799528122,234,0.8521086920059355,0.8521086920059355,1.0,0.14666666666666667,0.56,0.26190476190476186
msmarco-passage-trec-dl-2019,833860,pressure,512,240,272,512,0.46875,32,14,0,-0.0005558356642723083,476,0.8521086920059355,0.8521086920059355,1.0,0.17333333333333334,0.56,0.3095238095238095
msmarco-passage-trec-dl-2019,833860,pressure,1024,528,496,1024,0.515625,32,30,0,-0.00016340240836143494,942,0.8521086920059355,0.8521086920059355,1.0,0.26666666666666666,0.56,0.47619047619047616
msmarco-passage-trec-dl-2019,833860,pressure,2048,1120,928,2048,0.546875,192,34,0,-0.00011261738836765289,1893,0.8521086920059355,0.8521086920059355,1.0,0.29333333333333333,0.56,0.5238095238095237
msmarco-passage-trec-dl-2019,833860,pressure,4096,2048,2048,4096,0.5,0,38,0,-0.00027317553758621216,3837,0.8521086920059355,0.8521086920059355,1.0,0.32,0.56,0.5714285714285714
msmarco-passage-trec-dl-2019,833860,pressure,8192,4976,3216,8192,0.607421875,1760,39,0,-8.809659630060196e-05,7703,0.8521086920059355,0.8521086920059355,1.0,0.3333333333333333,0.56,0.5952380952380951
msmarco-passage-trec-dl-2019,833860,pressure,10000,5000,5000,10000,0.5,0,39,0,-8.715502917766571e-05,9376,0.8521086920059355,0.8521086920059355,1.0,0.3333333333333333,0.56,0.5952380952380951
msmarco-passage-trec-dl-2019,833860,allocation-grid-oracle,128,64,64,128,0.5,0,8,0,-0.0003498196601867676,115,0.7585884164662815,0.8521086920059355,0.8902484196945586,0.10666666666666667,0.56,0.19047619047619047
msmarco-passage-trec-dl-2019,833860,allocation-grid-oracle,256,128,128,256,0.5,0,11,0,-0.00042461417615413666,234,0.8521086920059355,0.8521086920059355,1.0,0.14666666666666667,0.56,0.26190476190476186
msmarco-passage-trec-dl-2019,833860,allocation-grid-oracle,512,240,272,512,0.46875,32,14,0,-0.0005558356642723083,476,0.8521086920059355,0.8521086920059355,1.0,0.17333333333333334,0.56,0.3095238095238095
msmarco-passage-trec-dl-2019,833860,allocation-grid-oracle,1024,528,496,1024,0.515625,32,30,0,-0.00016340240836143494,942,0.8521086920059355,0.8521086920059355,1.0,0.26666666666666666,0.56,0.47619047619047616
msmarco-passage-trec-dl-2019,833860,allocation-grid-oracle,2048,1136,912,2048,0.5546875,224,34,0,-0.00010127946734428406,1893,0.8521086920059355,0.8521086920059355,1.0,0.29333333333333333,0.56,0.5238095238095237
msmarco-passage-trec-dl-2019,833860,allocation-grid-oracle,4096,2464,1632,4096,0.6015625,832,38,0,-0.0001949891448020935,3846,0.8521086920059355,0.8521086920059355,1.0,0.32,0.56,0.5714285714285714
msmarco-passage-trec-dl-2019,833860,allocation-grid-oracle,8192,4984,3208,8192,0.6083984375,1776,39,0,-8.778180927038193e-05,7703,0.8521086920059355,0.8521086920059355,1.0,0.3333333333333333,0.56,0.5952380952380951
msmarco-passage-trec-dl-2019,833860,allocation-grid-oracle,10000,5000,5000,10000,0.5,0,39,0,-8.715502917766571e-05,9376,0.8521086920059355,0.8521086920059355,1.0,0.3333333333333333,0.56,0.5952380952380951
msmarco-passage-trec-dl-2019,207786,balanced,128,64,64,128,0.5,0,11,0,-0.0006122104823589325,110,0.4221230464118496,0.4221230464118496,1.0,0.375,0.7916666666666666,0.4736842105263158
msmarco-passage-trec-dl-2019,207786,balanced,256,128,128,256,0.5,0,18,0,-0.0006293933838605881,230,0.4221230464118496,0.4221230464118496,1.0,0.5,0.7916666666666666,0.6315789473684211
msmarco-passage-trec-dl-2019,207786,balanced,512,256,256,512,0.5,0,23,0,-0.0003511160612106323,456,0.4221230464118496,0.4221230464118496,1.0,0.5833333333333334,0.7916666666666666,0.736842105263158
msmarco-passage-trec-dl-2019,207786,balanced,1024,512,512,1024,0.5,0,28,0,-1.31949782371521e-05,900,0.4221230464118496,0.4221230464118496,1.0,0.625,0.7916666666666666,0.7894736842105263
msmarco-passage-trec-dl-2019,207786,balanced,2048,1024,1024,2048,0.5,0,33,0,-5.670823156833649e-05,1743,0.4221230464118496,0.4221230464118496,1.0,0.625,0.7916666666666666,0.7894736842105263
msmarco-passage-trec-dl-2019,207786,balanced,4096,2048,2048,4096,0.5,0,36,0,-3.266148269176483e-06,3313,0.4221230464118496,0.4221230464118496,1.0,0.625,0.7916666666666666,0.7894736842105263
msmarco-passage-trec-dl-2019,207786,balanced,8192,4096,4096,8192,0.5,0,43,0,-3.514345735311508e-05,6499,0.4221230464118496,0.4221230464118496,1.0,0.6666666666666666,0.7916666666666666,0.8421052631578947
msmarco-passage-trec-dl-2019,207786,balanced,10000,5000,5000,10000,0.5,0,45,0,-0.0001494167372584343,7974,0.4221230464118496,0.4221230464118496,1.0,0.6666666666666666,0.7916666666666666,0.8421052631578947
msmarco-passage-trec-dl-2019,207786,blocker,128,64,64,128,0.5,0,11,0,-0.0006122104823589325,110,0.4221230464118496,0.4221230464118496,1.0,0.375,0.7916666666666666,0.4736842105263158
msmarco-passage-trec-dl-2019,207786,blocker,256,112,144,256,0.4375,32,18,0,-0.00021220557391643524,229,0.4221230464118496,0.4221230464118496,1.0,0.5,0.7916666666666666,0.6315789473684211
msmarco-passage-trec-dl-2019,207786,blocker,512,224,288,512,0.4375,64,25,0,-0.000235704705119133,453,0.4221230464118496,0.4221230464118496,1.0,0.5833333333333334,0.7916666666666666,0.736842105263158
msmarco-passage-trec-dl-2019,207786,blocker,1024,448,576,1024,0.4375,128,30,0,-0.00018071942031383514,902,0.4221230464118496,0.4221230464118496,1.0,0.625,0.7916666666666666,0.7894736842105263
msmarco-passage-trec-dl-2019,207786,blocker,2048,640,1408,2048,0.3125,768,35,0,-6.095040589570999e-05,1795,0.4221230464118496,0.4221230464118496,1.0,0.625,0.7916666666666666,0.7894736842105263
msmarco-passage-trec-dl-2019,207786,blocker,4096,1584,2512,4096,0.38671875,928,40,0,-1.8036924302577972e-05,3356,0.4221230464118496,0.4221230464118496,1.0,0.6666666666666666,0.7916666666666666,0.8421052631578947
msmarco-passage-trec-dl-2019,207786,blocker,8192,4096,4096,8192,0.5,0,43,0,-3.514345735311508e-05,6499,0.4221230464118496,0.4221230464118496,1.0,0.6666666666666666,0.7916666666666666,0.8421052631578947
msmarco-passage-trec-dl-2019,207786,blocker,10000,5000,5000,10000,0.5,0,45,0,-0.0001494167372584343,7974,0.4221230464118496,0.4221230464118496,1.0,0.6666666666666666,0.7916666666666666,0.8421052631578947
msmarco-passage-trec-dl-2019,207786,candidate,128,64,64,128,0.5,0,11,0,-0.0006122104823589325,110,0.4221230464118496,0.4221230464118496,1.0,0.375,0.7916666666666666,0.4736842105263158
msmarco-passage-trec-dl-2019,207786,candidate,256,112,144,256,0.4375,32,18,0,-0.00021220557391643524,229,0.4221230464118496,0.4221230464118496,1.0,0.5,0.7916666666666666,0.6315789473684211
msmarco-passage-trec-dl-2019,207786,candidate,512,224,288,512,0.4375,64,25,0,-0.000235704705119133,453,0.4221230464118496,0.4221230464118496,1.0,0.5833333333333334,0.7916666666666666,0.736842105263158
msmarco-passage-trec-dl-2019,207786,candidate,1024,448,576,1024,0.4375,128,30,0,-0.00018071942031383514,902,0.4221230464118496,0.4221230464118496,1.0,0.625,0.7916666666666666,0.7894736842105263
msmarco-passage-trec-dl-2019,207786,candidate,2048,640,1408,2048,0.3125,768,35,0,-6.095040589570999e-05,1795,0.4221230464118496,0.4221230464118496,1.0,0.625,0.7916666666666666,0.7894736842105263
msmarco-passage-trec-dl-2019,207786,candidate,4096,800,3296,4096,0.1953125,2496,38,0,-0.0003905901685357094,3611,0.4221230464118496,0.4221230464118496,1.0,0.625,0.7916666666666666,0.7894736842105263
msmarco-passage-trec-dl-2019,207786,candidate,8192,4096,4096,8192,0.5,0,43,0,-3.514345735311508e-05,6499,0.4221230464118496,0.4221230464118496,1.0,0.6666666666666666,0.7916666666666666,0.8421052631578947
msmarco-passage-trec-dl-2019,207786,candidate,10000,5000,5000,10000,0.5,0,45,0,-0.0001494167372584343,7974,0.4221230464118496,0.4221230464118496,1.0,0.6666666666666666,0.7916666666666666,0.8421052631578947
msmarco-passage-trec-dl-2019,207786,candidate-safe,128,64,64,128,0.5,0,11,0,-0.0006122104823589325,110,0.4221230464118496,0.4221230464118496,1.0,0.375,0.7916666666666666,0.4736842105263158
msmarco-passage-trec-dl-2019,207786,candidate-safe,256,112,144,256,0.4375,32,18,0,-0.00021220557391643524,229,0.4221230464118496,0.4221230464118496,1.0,0.5,0.7916666666666666,0.6315789473684211
msmarco-passage-trec-dl-2019,207786,candidate-safe,512,224,288,512,0.4375,64,25,0,-0.000235704705119133,453,0.4221230464118496,0.4221230464118496,1.0,0.5833333333333334,0.7916666666666666,0.736842105263158
msmarco-passage-trec-dl-2019,207786,candidate-safe,1024,448,576,1024,0.4375,128,30,0,-0.00018071942031383514,902,0.4221230464118496,0.4221230464118496,1.0,0.625,0.7916666666666666,0.7894736842105263
msmarco-passage-trec-dl-2019,207786,candidate-safe,2048,640,1408,2048,0.3125,768,35,0,-6.095040589570999e-05,1795,0.4221230464118496,0.4221230464118496,1.0,0.625,0.7916666666666666,0.7894736842105263
msmarco-passage-trec-dl-2019,207786,candidate-safe,4096,800,3296,4096,0.1953125,2496,38,0,-0.0003905901685357094,3611,0.4221230464118496,0.4221230464118496,1.0,0.625,0.7916666666666666,0.7894736842105263
msmarco-passage-trec-dl-2019,207786,candidate-safe,8192,4096,4096,8192,0.5,0,43,0,-3.514345735311508e-05,6499,0.4221230464118496,0.4221230464118496,1.0,0.6666666666666666,0.7916666666666666,0.8421052631578947
msmarco-passage-trec-dl-2019,207786,candidate-safe,10000,5000,5000,10000,0.5,0,45,0,-0.0001494167372584343,7974,0.4221230464118496,0.4221230464118496,1.0,0.6666666666666666,0.7916666666666666,0.8421052631578947
msmarco-passage-trec-dl-2019,207786,pressure,128,64,64,128,0.5,0,11,0,-0.0006122104823589325,110,0.4221230464118496,0.4221230464118496,1.0,0.375,0.7916666666666666,0.4736842105263158
msmarco-passage-trec-dl-2019,207786,pressure,256,112,144,256,0.4375,32,18,0,-0.00021220557391643524,229,0.4221230464118496,0.4221230464118496,1.0,0.5,0.7916666666666666,0.6315789473684211
msmarco-passage-trec-dl-2019,207786,pressure,512,224,288,512,0.4375,64,25,0,-0.000235704705119133,453,0.4221230464118496,0.4221230464118496,1.0,0.5833333333333334,0.7916666666666666,0.736842105263158
msmarco-passage-trec-dl-2019,207786,pressure,1024,464,560,1024,0.453125,96,30,0,-0.0002212952822446823,904,0.4221230464118496,0.4221230464118496,1.0,0.625,0.7916666666666666,0.7894736842105263
msmarco-passage-trec-dl-2019,207786,pressure,2048,672,1376,2048,0.328125,704,35,0,-7.613003253936768e-05,1792,0.4221230464118496,0.4221230464118496,1.0,0.625,0.7916666666666666,0.7894736842105263
msmarco-passage-trec-dl-2019,207786,pressure,4096,1584,2512,4096,0.38671875,928,40,0,-1.8036924302577972e-05,3356,0.4221230464118496,0.4221230464118496,1.0,0.6666666666666666,0.7916666666666666,0.8421052631578947
msmarco-passage-trec-dl-2019,207786,pressure,8192,4096,4096,8192,0.5,0,43,0,-3.514345735311508e-05,6499,0.4221230464118496,0.4221230464118496,1.0,0.6666666666666666,0.7916666666666666,0.8421052631578947
msmarco-passage-trec-dl-2019,207786,pressure,10000,5000,5000,10000,0.5,0,45,0,-0.0001494167372584343,7974,0.4221230464118496,0.4221230464118496,1.0,0.6666666666666666,0.7916666666666666,0.8421052631578947
msmarco-passage-trec-dl-2019,207786,allocation-grid-oracle,128,64,64,128,0.5,0,11,0,-0.0006122104823589325,110,0.4221230464118496,0.4221230464118496,1.0,0.375,0.7916666666666666,0.4736842105263158
msmarco-passage-trec-dl-2019,207786,allocation-grid-oracle,256,112,144,256,0.4375,32,18,0,-0.00021220557391643524,229,0.4221230464118496,0.4221230464118496,1.0,0.5,0.7916666666666666,0.6315789473684211
msmarco-passage-trec-dl-2019,207786,allocation-grid-oracle,512,224,288,512,0.4375,64,25,0,-0.000235704705119133,453,0.4221230464118496,0.4221230464118496,1.0,0.5833333333333334,0.7916666666666666,0.736842105263158
msmarco-passage-trec-dl-2019,207786,allocation-grid-oracle,1024,448,576,1024,0.4375,128,30,0,-0.00018071942031383514,902,0.4221230464118496,0.4221230464118496,1.0,0.625,0.7916666666666666,0.7894736842105263
msmarco-passage-trec-dl-2019,207786,allocation-grid-oracle,2048,640,1408,2048,0.3125,768,35,0,-6.095040589570999e-05,1795,0.4221230464118496,0.4221230464118496,1.0,0.625,0.7916666666666666,0.7894736842105263
msmarco-passage-trec-dl-2019,207786,allocation-grid-oracle,4096,1584,2512,4096,0.38671875,928,40,0,-1.8036924302577972e-05,3356,0.4221230464118496,0.4221230464118496,1.0,0.6666666666666666,0.7916666666666666,0.8421052631578947
msmarco-passage-trec-dl-2019,207786,allocation-grid-oracle,8192,4096,4096,8192,0.5,0,43,0,-3.514345735311508e-05,6499,0.4221230464118496,0.4221230464118496,1.0,0.6666666666666666,0.7916666666666666,0.8421052631578947
msmarco-passage-trec-dl-2019,207786,allocation-grid-oracle,10000,5000,5000,10000,0.5,0,45,0,-0.0001494167372584343,7974,0.4221230464118496,0.4221230464118496,1.0,0.6666666666666666,0.7916666666666666,0.8421052631578947
msmarco-passage-trec-dl-2019,1114819,balanced,128,64,64,128,0.5,0,11,0,-0.0002213791012763977,96,0.7152736965882608,0.7152736965882608,1.0,0.03225806451612903,0.2697947214076246,0.11956521739130435
msmarco-passage-trec-dl-2019,1114819,balanced,256,128,128,256,0.5,0,23,0,-0.00035067833960056305,180,0.7152736965882608,0.7152736965882608,1.0,0.06744868035190615,0.2697947214076246,0.25
msmarco-passage-trec-dl-2019,1114819,balanced,512,256,256,512,0.5,0,69,0,-9.097065776586533e-05,369,0.7152736965882608,0.7152736965882608,1.0,0.187683284457478,0.2697947214076246,0.6956521739130436
msmarco-passage-trec-dl-2019,1114819,balanced,1024,512,512,1024,0.5,0,83,0,-0.00010191649198532104,800,0.7152736965882608,0.7152736965882608,1.0,0.2287390029325513,0.2697947214076246,0.8478260869565217
msmarco-passage-trec-dl-2019,1114819,balanced,2048,1024,1024,2048,0.5,0,92,0,-0.0001987973228096962,1682,0.7152736965882608,0.7152736965882608,1.0,0.25219941348973607,0.2697947214076246,0.9347826086956522
msmarco-passage-trec-dl-2019,1114819,balanced,4096,2048,2048,4096,0.5,0,100,1,-inf,3484,0.7152736965882608,0.7152736965882608,1.0,0.2697947214076246,0.2697947214076246,1.0
msmarco-passage-trec-dl-2019,1114819,balanced,8192,4096,4096,8192,0.5,0,100,1,-inf,7300,0.7152736965882608,0.7152736965882608,1.0,0.2697947214076246,0.2697947214076246,1.0
msmarco-passage-trec-dl-2019,1114819,balanced,10000,5000,5000,10000,0.5,0,100,1,-inf,9004,0.7152736965882608,0.7152736965882608,1.0,0.2697947214076246,0.2697947214076246,1.0
msmarco-passage-trec-dl-2019,1114819,blocker,128,64,64,128,0.5,0,11,0,-0.0002213791012763977,96,0.7152736965882608,0.7152736965882608,1.0,0.03225806451612903,0.2697947214076246,0.11956521739130435
msmarco-passage-trec-dl-2019,1114819,blocker,256,144,112,256,0.5625,32,24,0,-2.0738691091537476e-05,184,0.7152736965882608,0.7152736965882608,1.0,0.07038123167155426,0.2697947214076246,0.26086956521739135
msmarco-passage-trec-dl-2019,1114819,blocker,512,288,224,512,0.5625,64,73,0,-0.00023428257554769516,372,0.7152736965882608,0.7152736965882608,1.0,0.19941348973607037,0.2697947214076246,0.7391304347826088
msmarco-passage-trec-dl-2019,1114819,blocker,1024,736,288,1024,0.71875,448,88,0,-0.0001055840402841568,840,0.7152736965882608,0.7152736965882608,1.0,0.2434017595307918,0.2697947214076246,0.9021739130434784
msmarco-passage-trec-dl-2019,1114819,blocker,2048,1056,992,2048,0.515625,64,100,1,-inf,1683,0.7152736965882608,0.7152736965882608,1.0,0.2697947214076246,0.2697947214076246,1.0
msmarco-passage-trec-dl-2019,1114819,blocker,4096,2048,2048,4096,0.5,0,100,1,-inf,3484,0.7152736965882608,0.7152736965882608,1.0,0.2697947214076246,0.2697947214076246,1.0
msmarco-passage-trec-dl-2019,1114819,blocker,8192,4096,4096,8192,0.5,0,100,1,-inf,7300,0.7152736965882608,0.7152736965882608,1.0,0.2697947214076246,0.2697947214076246,1.0
msmarco-passage-trec-dl-2019,1114819,blocker,10000,5000,5000,10000,0.5,0,100,1,-inf,9004,0.7152736965882608,0.7152736965882608,1.0,0.2697947214076246,0.2697947214076246,1.0
msmarco-passage-trec-dl-2019,1114819,candidate,128,64,64,128,0.5,0,11,0,-0.0002213791012763977,96,0.7152736965882608,0.7152736965882608,1.0,0.03225806451612903,0.2697947214076246,0.11956521739130435
msmarco-passage-trec-dl-2019,1114819,candidate,256,144,112,256,0.5625,32,24,0,-2.0738691091537476e-05,184,0.7152736965882608,0.7152736965882608,1.0,0.07038123167155426,0.2697947214076246,0.26086956521739135
msmarco-passage-trec-dl-2019,1114819,candidate,512,288,224,512,0.5625,64,73,0,-0.00023428257554769516,372,0.7152736965882608,0.7152736965882608,1.0,0.19941348973607037,0.2697947214076246,0.7391304347826088
msmarco-passage-trec-dl-2019,1114819,candidate,1024,736,288,1024,0.71875,448,88,0,-0.0001055840402841568,840,0.7152736965882608,0.7152736965882608,1.0,0.2434017595307918,0.2697947214076246,0.9021739130434784
msmarco-passage-trec-dl-2019,1114819,candidate,2048,1056,992,2048,0.515625,64,100,1,-inf,1683,0.7152736965882608,0.7152736965882608,1.0,0.2697947214076246,0.2697947214076246,1.0
msmarco-passage-trec-dl-2019,1114819,candidate,4096,2048,2048,4096,0.5,0,100,1,-inf,3484,0.7152736965882608,0.7152736965882608,1.0,0.2697947214076246,0.2697947214076246,1.0
msmarco-passage-trec-dl-2019,1114819,candidate,8192,4096,4096,8192,0.5,0,100,1,-inf,7300,0.7152736965882608,0.7152736965882608,1.0,0.2697947214076246,0.2697947214076246,1.0
msmarco-passage-trec-dl-2019,1114819,candidate,10000,5000,5000,10000,0.5,0,100,1,-inf,9004,0.7152736965882608,0.7152736965882608,1.0,0.2697947214076246,0.2697947214076246,1.0
msmarco-passage-trec-dl-2019,1114819,candidate-safe,128,64,64,128,0.5,0,11,0,-0.0002213791012763977,96,0.7152736965882608,0.7152736965882608,1.0,0.03225806451612903,0.2697947214076246,0.11956521739130435
msmarco-passage-trec-dl-2019,1114819,candidate-safe,256,144,112,256,0.5625,32,24,0,-2.0738691091537476e-05,184,0.7152736965882608,0.7152736965882608,1.0,0.07038123167155426,0.2697947214076246,0.26086956521739135
msmarco-passage-trec-dl-2019,1114819,candidate-safe,512,288,224,512,0.5625,64,73,0,-0.00023428257554769516,372,0.7152736965882608,0.7152736965882608,1.0,0.19941348973607037,0.2697947214076246,0.7391304347826088
msmarco-passage-trec-dl-2019,1114819,candidate-safe,1024,736,288,1024,0.71875,448,88,0,-0.0001055840402841568,840,0.7152736965882608,0.7152736965882608,1.0,0.2434017595307918,0.2697947214076246,0.9021739130434784
msmarco-passage-trec-dl-2019,1114819,candidate-safe,2048,1056,992,2048,0.515625,64,100,1,-inf,1683,0.7152736965882608,0.7152736965882608,1.0,0.2697947214076246,0.2697947214076246,1.0
msmarco-passage-trec-dl-2019,1114819,candidate-safe,4096,2048,2048,4096,0.5,0,100,1,-inf,3484,0.7152736965882608,0.7152736965882608,1.0,0.2697947214076246,0.2697947214076246,1.0
msmarco-passage-trec-dl-2019,1114819,candidate-safe,8192,4096,4096,8192,0.5,0,100,1,-inf,7300,0.7152736965882608,0.7152736965882608,1.0,0.2697947214076246,0.2697947214076246,1.0
msmarco-passage-trec-dl-2019,1114819,candidate-safe,10000,5000,5000,10000,0.5,0,100,1,-inf,9004,0.7152736965882608,0.7152736965882608,1.0,0.2697947214076246,0.2697947214076246,1.0
msmarco-passage-trec-dl-2019,1114819,pressure,128,64,64,128,0.5,0,11,0,-0.0002213791012763977,96,0.7152736965882608,0.7152736965882608,1.0,0.03225806451612903,0.2697947214076246,0.11956521739130435
msmarco-passage-trec-dl-2019,1114819,pressure,256,144,112,256,0.5625,32,24,0,-2.0738691091537476e-05,184,0.7152736965882608,0.7152736965882608,1.0,0.07038123167155426,0.2697947214076246,0.26086956521739135
msmarco-passage-trec-dl-2019,1114819,pressure,512,288,224,512,0.5625,64,73,0,-0.00023428257554769516,372,0.7152736965882608,0.7152736965882608,1.0,0.19941348973607037,0.2697947214076246,0.7391304347826088
msmarco-passage-trec-dl-2019,1114819,pressure,1024,736,288,1024,0.71875,448,88,0,-0.0001055840402841568,840,0.7152736965882608,0.7152736965882608,1.0,0.2434017595307918,0.2697947214076246,0.9021739130434784
msmarco-passage-trec-dl-2019,1114819,pressure,2048,1056,992,2048,0.515625,64,100,1,-inf,1683,0.7152736965882608,0.7152736965882608,1.0,0.2697947214076246,0.2697947214076246,1.0
msmarco-passage-trec-dl-2019,1114819,pressure,4096,2048,2048,4096,0.5,0,100,1,-inf,3484,0.7152736965882608,0.7152736965882608,1.0,0.2697947214076246,0.2697947214076246,1.0
msmarco-passage-trec-dl-2019,1114819,pressure,8192,4096,4096,8192,0.5,0,100,1,-inf,7300,0.7152736965882608,0.7152736965882608,1.0,0.2697947214076246,0.2697947214076246,1.0
msmarco-passage-trec-dl-2019,1114819,pressure,10000,5000,5000,10000,0.5,0,100,1,-inf,9004,0.7152736965882608,0.7152736965882608,1.0,0.2697947214076246,0.2697947214076246,1.0
msmarco-passage-trec-dl-2019,1114819,allocation-grid-oracle,128,64,64,128,0.5,0,11,0,-0.0002213791012763977,96,0.7152736965882608,0.7152736965882608,1.0,0.03225806451612903,0.2697947214076246,0.11956521739130435
msmarco-passage-trec-dl-2019,1114819,allocation-grid-oracle,256,144,112,256,0.5625,32,24,0,-2.0738691091537476e-05,184,0.7152736965882608,0.7152736965882608,1.0,0.07038123167155426,0.2697947214076246,0.26086956521739135
msmarco-passage-trec-dl-2019,1114819,allocation-grid-oracle,512,288,224,512,0.5625,64,73,0,-0.00023428257554769516,372,0.7152736965882608,0.7152736965882608,1.0,0.19941348973607037,0.2697947214076246,0.7391304347826088
msmarco-passage-trec-dl-2019,1114819,allocation-grid-oracle,1024,736,288,1024,0.71875,448,88,0,-0.0001055840402841568,840,0.7152736965882608,0.7152736965882608,1.0,0.2434017595307918,0.2697947214076246,0.9021739130434784
msmarco-passage-trec-dl-2019,1114819,allocation-grid-oracle,2048,1056,992,2048,0.515625,64,100,1,-inf,1683,0.7152736965882608,0.7152736965882608,1.0,0.2697947214076246,0.2697947214076246,1.0
msmarco-passage-trec-dl-2019,1114819,allocation-grid-oracle,4096,2048,2048,4096,0.5,0,100,1,-inf,3484,0.7152736965882608,0.7152736965882608,1.0,0.2697947214076246,0.2697947214076246,1.0
msmarco-passage-trec-dl-2019,1114819,allocation-grid-oracle,8192,4096,4096,8192,0.5,0,100,1,-inf,7300,0.7152736965882608,0.7152736965882608,1.0,0.2697947214076246,0.2697947214076246,1.0
msmarco-passage-trec-dl-2019,1114819,allocation-grid-oracle,10000,5000,5000,10000,0.5,0,100,1,-inf,9004,0.7152736965882608,0.7152736965882608,1.0,0.2697947214076246,0.2697947214076246,1.0
msmarco-passage-trec-dl-2019,183378,balanced,128,64,64,128,0.5,0,10,0,-3.606267273426056e-05,106,0.9270201848786107,0.9270201848786107,1.0,0.043668122270742356,0.3056768558951965,0.14285714285714285
msmarco-passage-trec-dl-2019,183378,balanced,256,128,128,256,0.5,0,22,0,-0.0001407284289598465,214,0.9270201848786107,0.9270201848786107,1.0,0.09170305676855896,0.3056768558951965,0.30000000000000004
msmarco-passage-trec-dl-2019,183378,balanced,512,256,256,512,0.5,0,29,0,-0.0002926979213953018,449,0.9270201848786107,0.9270201848786107,1.0,0.1222707423580786,0.3056768558951965,0.39999999999999997
msmarco-passage-trec-dl-2019,183378,balanced,1024,512,512,1024,0.5,0,33,0,-8.214637637138367e-05,921,0.9270201848786107,0.9270201848786107,1.0,0.13973799126637554,0.3056768558951965,0.45714285714285713
msmarco-passage-trec-dl-2019,183378,balanced,2048,1024,1024,2048,0.5,0,36,0,-0.0007739905267953873,1868,0.9270201848786107,0.9270201848786107,1.0,0.15283842794759825,0.3056768558951965,0.5
msmarco-passage-trec-dl-2019,183378,balanced,4096,2048,2048,4096,0.5,0,43,0,-0.00017226487398147583,3736,0.9270201848786107,0.9270201848786107,1.0,0.18340611353711792,0.3056768558951965,0.6000000000000001
msmarco-passage-trec-dl-2019,183378,balanced,8192,4096,4096,8192,0.5,0,44,0,-1.6177073121070862e-06,7478,0.9270201848786107,0.9270201848786107,1.0,0.18340611353711792,0.3056768558951965,0.6000000000000001
msmarco-passage-trec-dl-2019,183378,balanced,10000,5000,5000,10000,0.5,0,62,0,-2.2985972464084625e-05,9080,0.9270201848786107,0.9270201848786107,1.0,0.2314410480349345,0.3056768558951965,0.7571428571428572
msmarco-passage-trec-dl-2019,183378,blocker,128,80,48,128,0.625,32,11,0,-9.030476212501526e-05,107,0.9270201848786107,0.9270201848786107,1.0,0.048034934497816595,0.3056768558951965,0.15714285714285714
msmarco-passage-trec-dl-2019,183378,blocker,256,144,112,256,0.5625,32,23,0,-0.0003519803285598755,216,0.9270201848786107,0.9270201848786107,1.0,0.09606986899563319,0.3056768558951965,0.3142857142857143
msmarco-passage-trec-dl-2019,183378,blocker,512,368,144,512,0.71875,224,31,0,-0.0003450866788625717,456,0.9270201848786107,0.9270201848786107,1.0,0.13100436681222707,0.3056768558951965,0.4285714285714286
msmarco-passage-trec-dl-2019,183378,blocker,1024,816,208,1024,0.796875,608,35,0,-0.0002019386738538742,939,0.9270201848786107,0.9270201848786107,1.0,0.14847161572052403,0.3056768558951965,0.48571428571428577
msmarco-passage-trec-dl-2019,183378,blocker,2048,1680,368,2048,0.8203125,1312,42,0,-9.780004620552063e-05,1904,0.9270201848786107,0.9270201848786107,1.0,0.17903930131004367,0.3056768558951965,0.5857142857142857
msmarco-passage-trec-dl-2019,183378,blocker,4096,3664,432,4096,0.89453125,3232,44,0,-2.9530376195907593e-05,3897,0.9270201848786107,0.9270201848786107,1.0,0.18340611353711792,0.3056768558951965,0.6000000000000001
msmarco-passage-trec-dl-2019,183378,blocker,8192,4336,3856,8192,0.529296875,480,62,0,-8.072052150964737e-05,7487,0.9270201848786107,0.9270201848786107,1.0,0.2314410480349345,0.3056768558951965,0.7571428571428572
msmarco-passage-trec-dl-2019,183378,blocker,10000,5000,5000,10000,0.5,0,62,0,-2.2985972464084625e-05,9080,0.9270201848786107,0.9270201848786107,1.0,0.2314410480349345,0.3056768558951965,0.7571428571428572
msmarco-passage-trec-dl-2019,183378,candidate,128,80,48,128,0.625,32,11,0,-9.030476212501526e-05,107,0.9270201848786107,0.9270201848786107,1.0,0.048034934497816595,0.3056768558951965,0.15714285714285714
msmarco-passage-trec-dl-2019,183378,candidate,256,144,112,256,0.5625,32,23,0,-0.0003519803285598755,216,0.9270201848786107,0.9270201848786107,1.0,0.09606986899563319,0.3056768558951965,0.3142857142857143
msmarco-passage-trec-dl-2019,183378,candidate,512,368,144,512,0.71875,224,31,0,-0.0003450866788625717,456,0.9270201848786107,0.9270201848786107,1.0,0.13100436681222707,0.3056768558951965,0.4285714285714286
msmarco-passage-trec-dl-2019,183378,candidate,1024,816,208,1024,0.796875,608,35,0,-0.0002019386738538742,939,0.9270201848786107,0.9270201848786107,1.0,0.14847161572052403,0.3056768558951965,0.48571428571428577
msmarco-passage-trec-dl-2019,183378,candidate,2048,1680,368,2048,0.8203125,1312,42,0,-9.780004620552063e-05,1904,0.9270201848786107,0.9270201848786107,1.0,0.17903930131004367,0.3056768558951965,0.5857142857142857
msmarco-passage-trec-dl-2019,183378,candidate,4096,3664,432,4096,0.89453125,3232,44,0,-2.9530376195907593e-05,3897,0.9270201848786107,0.9270201848786107,1.0,0.18340611353711792,0.3056768558951965,0.6000000000000001
msmarco-passage-trec-dl-2019,183378,candidate,8192,4336,3856,8192,0.529296875,480,62,0,-8.072052150964737e-05,7487,0.9270201848786107,0.9270201848786107,1.0,0.2314410480349345,0.3056768558951965,0.7571428571428572
msmarco-passage-trec-dl-2019,183378,candidate,10000,5000,5000,10000,0.5,0,62,0,-2.2985972464084625e-05,9080,0.9270201848786107,0.9270201848786107,1.0,0.2314410480349345,0.3056768558951965,0.7571428571428572
msmarco-passage-trec-dl-2019,183378,candidate-safe,128,80,48,128,0.625,32,11,0,-9.030476212501526e-05,107,0.9270201848786107,0.9270201848786107,1.0,0.048034934497816595,0.3056768558951965,0.15714285714285714
msmarco-passage-trec-dl-2019,183378,candidate-safe,256,144,112,256,0.5625,32,23,0,-0.0003519803285598755,216,0.9270201848786107,0.9270201848786107,1.0,0.09606986899563319,0.3056768558951965,0.3142857142857143
msmarco-passage-trec-dl-2019,183378,candidate-safe,512,368,144,512,0.71875,224,31,0,-0.0003450866788625717,456,0.9270201848786107,0.9270201848786107,1.0,0.13100436681222707,0.3056768558951965,0.4285714285714286
msmarco-passage-trec-dl-2019,183378,candidate-safe,1024,816,208,1024,0.796875,608,35,0,-0.0002019386738538742,939,0.9270201848786107,0.9270201848786107,1.0,0.14847161572052403,0.3056768558951965,0.48571428571428577
msmarco-passage-trec-dl-2019,183378,candidate-safe,2048,1680,368,2048,0.8203125,1312,42,0,-9.780004620552063e-05,1904,0.9270201848786107,0.9270201848786107,1.0,0.17903930131004367,0.3056768558951965,0.5857142857142857
msmarco-passage-trec-dl-2019,183378,candidate-safe,4096,3664,432,4096,0.89453125,3232,44,0,-2.9530376195907593e-05,3897,0.9270201848786107,0.9270201848786107,1.0,0.18340611353711792,0.3056768558951965,0.6000000000000001
msmarco-passage-trec-dl-2019,183378,candidate-safe,8192,4336,3856,8192,0.529296875,480,62,0,-8.072052150964737e-05,7487,0.9270201848786107,0.9270201848786107,1.0,0.2314410480349345,0.3056768558951965,0.7571428571428572
msmarco-passage-trec-dl-2019,183378,candidate-safe,10000,5000,5000,10000,0.5,0,62,0,-2.2985972464084625e-05,9080,0.9270201848786107,0.9270201848786107,1.0,0.2314410480349345,0.3056768558951965,0.7571428571428572
msmarco-passage-trec-dl-2019,183378,pressure,128,80,48,128,0.625,32,11,0,-9.030476212501526e-05,107,0.9270201848786107,0.9270201848786107,1.0,0.048034934497816595,0.3056768558951965,0.15714285714285714
msmarco-passage-trec-dl-2019,183378,pressure,256,144,112,256,0.5625,32,23,0,-0.0003519803285598755,216,0.9270201848786107,0.9270201848786107,1.0,0.09606986899563319,0.3056768558951965,0.3142857142857143
msmarco-passage-trec-dl-2019,183378,pressure,512,352,160,512,0.6875,192,31,0,-0.00043582357466220856,450,0.9270201848786107,0.9270201848786107,1.0,0.13100436681222707,0.3056768558951965,0.4285714285714286
msmarco-passage-trec-dl-2019,183378,pressure,1024,816,208,1024,0.796875,608,35,0,-0.0002019386738538742,939,0.9270201848786107,0.9270201848786107,1.0,0.14847161572052403,0.3056768558951965,0.48571428571428577
msmarco-passage-trec-dl-2019,183378,pressure,2048,1664,384,2048,0.8125,1280,42,0,-0.00010313466191291809,1901,0.9270201848786107,0.9270201848786107,1.0,0.17903930131004367,0.3056768558951965,0.5857142857142857
msmarco-passage-trec-dl-2019,183378,pressure,4096,3664,432,4096,0.89453125,3232,44,0,-2.9530376195907593e-05,3897,0.9270201848786107,0.9270201848786107,1.0,0.18340611353711792,0.3056768558951965,0.6000000000000001
msmarco-passage-trec-dl-2019,183378,pressure,8192,4336,3856,8192,0.529296875,480,62,0,-8.072052150964737e-05,7487,0.9270201848786107,0.9270201848786107,1.0,0.2314410480349345,0.3056768558951965,0.7571428571428572
msmarco-passage-trec-dl-2019,183378,pressure,10000,5000,5000,10000,0.5,0,62,0,-2.2985972464084625e-05,9080,0.9270201848786107,0.9270201848786107,1.0,0.2314410480349345,0.3056768558951965,0.7571428571428572
msmarco-passage-trec-dl-2019,183378,allocation-grid-oracle,128,80,48,128,0.625,32,11,0,-9.030476212501526e-05,107,0.9270201848786107,0.9270201848786107,1.0,0.048034934497816595,0.3056768558951965,0.15714285714285714
msmarco-passage-trec-dl-2019,183378,allocation-grid-oracle,256,144,112,256,0.5625,32,23,0,-0.0003519803285598755,216,0.9270201848786107,0.9270201848786107,1.0,0.09606986899563319,0.3056768558951965,0.3142857142857143
msmarco-passage-trec-dl-2019,183378,allocation-grid-oracle,512,368,144,512,0.71875,224,31,0,-0.0003450866788625717,456,0.9270201848786107,0.9270201848786107,1.0,0.13100436681222707,0.3056768558951965,0.4285714285714286
msmarco-passage-trec-dl-2019,183378,allocation-grid-oracle,1024,816,208,1024,0.796875,608,35,0,-0.0002019386738538742,939,0.9270201848786107,0.9270201848786107,1.0,0.14847161572052403,0.3056768558951965,0.48571428571428577
msmarco-passage-trec-dl-2019,183378,allocation-grid-oracle,2048,1680,368,2048,0.8203125,1312,42,0,-9.780004620552063e-05,1904,0.9270201848786107,0.9270201848786107,1.0,0.17903930131004367,0.3056768558951965,0.5857142857142857
msmarco-passage-trec-dl-2019,183378,allocation-grid-oracle,4096,3664,432,4096,0.89453125,3232,44,0,-2.9530376195907593e-05,3897,0.9270201848786107,0.9270201848786107,1.0,0.18340611353711792,0.3056768558951965,0.6000000000000001
msmarco-passage-trec-dl-2019,183378,allocation-grid-oracle,8192,4328,3864,8192,0.5283203125,464,62,0,-8.01989808678627e-05,7487,0.9270201848786107,0.9270201848786107,1.0,0.2314410480349345,0.3056768558951965,0.7571428571428572
msmarco-passage-trec-dl-2019,183378,allocation-grid-oracle,10000,5000,5000,10000,0.5,0,62,0,-2.2985972464084625e-05,9080,0.9270201848786107,0.9270201848786107,1.0,0.2314410480349345,0.3056768558951965,0.7571428571428572
msmarco-passage-trec-dl-2019,1106007,balanced,128,64,64,128,0.5,0,6,0,-8.960627019405365e-05,116,0.6300529383446851,0.6672977972273673,0.9441855509827319,0.08333333333333333,0.4,0.20833333333333331
msmarco-passage-trec-dl-2019,1106007,balanced,256,128,128,256,0.5,0,10,0,-0.00012009963393211365,230,0.6672977972273673,0.6672977972273673,1.0,0.1,0.4,0.25
msmarco-passage-trec-dl-2019,1106007,balanced,512,256,256,512,0.5,0,17,0,-0.0005632750689983368,450,0.6672977972273673,0.6672977972273673,1.0,0.15,0.4,0.37499999999999994
msmarco-passage-trec-dl-2019,1106007,balanced,1024,512,512,1024,0.5,0,19,0,-0.0002082381397485733,866,0.6672977972273673,0.6672977972273673,1.0,0.15,0.4,0.37499999999999994
msmarco-passage-trec-dl-2019,1106007,balanced,2048,1024,1024,2048,0.5,0,33,0,-0.0004884041845798492,1740,0.6672977972273673,0.6672977972273673,1.0,0.23333333333333334,0.4,0.5833333333333333
msmarco-passage-trec-dl-2019,1106007,balanced,4096,2048,2048,4096,0.5,0,33,0,-4.0277838706970215e-05,3482,0.6672977972273673,0.6672977972273673,1.0,0.23333333333333334,0.4,0.5833333333333333
msmarco-passage-trec-dl-2019,1106007,balanced,8192,4096,4096,8192,0.5,0,34,0,-0.00011035986244678497,7355,0.6672977972273673,0.6672977972273673,1.0,0.23333333333333334,0.4,0.5833333333333333
msmarco-passage-trec-dl-2019,1106007,balanced,10000,5000,5000,10000,0.5,0,34,0,-6.737280637025833e-05,9111,0.6672977972273673,0.6672977972273673,1.0,0.23333333333333334,0.4,0.5833333333333333
msmarco-passage-trec-dl-2019,1106007,blocker,128,64,64,128,0.5,0,6,0,-8.960627019405365e-05,116,0.6300529383446851,0.6672977972273673,0.9441855509827319,0.08333333333333333,0.4,0.20833333333333331
msmarco-passage-trec-dl-2019,1106007,blocker,256,128,128,256,0.5,0,10,0,-0.00012009963393211365,230,0.6672977972273673,0.6672977972273673,1.0,0.1,0.4,0.25
msmarco-passage-trec-dl-2019,1106007,blocker,512,224,288,512,0.4375,64,17,0,-0.00027227960526943207,447,0.6672977972273673,0.6672977972273673,1.0,0.15,0.4,0.37499999999999994
msmarco-passage-trec-dl-2019,1106007,blocker,1024,400,624,1024,0.390625,224,21,0,-0.0003115702420473099,874,0.6672977972273673,0.6672977972273673,1.0,0.15,0.4,0.37499999999999994
msmarco-passage-trec-dl-2019,1106007,blocker,2048,1216,832,2048,0.59375,384,33,0,-0.00034959428012371063,1750,0.6672977972273673,0.6672977972273673,1.0,0.23333333333333334,0.4,0.5833333333333333
msmarco-passage-trec-dl-2019,1106007,blocker,4096,3104,992,4096,0.7578125,2112,34,0,-0.00018579978495836258,3628,0.6672977972273673,0.6672977972273673,1.0,0.23333333333333334,0.4,0.5833333333333333
msmarco-passage-trec-dl-2019,1106007,blocker,8192,5000,3192,8192,0.6103515625,1808,34,0,-6.737280637025833e-05,7305,0.6672977972273673,0.6672977972273673,1.0,0.23333333333333334,0.4,0.5833333333333333
msmarco-passage-trec-dl-2019,1106007,blocker,10000,5000,5000,10000,0.5,0,34,0,-6.737280637025833e-05,9111,0.6672977972273673,0.6672977972273673,1.0,0.23333333333333334,0.4,0.5833333333333333
msmarco-passage-trec-dl-2019,1106007,candidate,128,64,64,128,0.5,0,6,0,-8.960627019405365e-05,116,0.6300529383446851,0.6672977972273673,0.9441855509827319,0.08333333333333333,0.4,0.20833333333333331
msmarco-passage-trec-dl-2019,1106007,candidate,256,128,128,256,0.5,0,10,0,-0.00012009963393211365,230,0.6672977972273673,0.6672977972273673,1.0,0.1,0.4,0.25
msmarco-passage-trec-dl-2019,1106007,candidate,512,224,288,512,0.4375,64,17,0,-0.00027227960526943207,447,0.6672977972273673,0.6672977972273673,1.0,0.15,0.4,0.37499999999999994
msmarco-passage-trec-dl-2019,1106007,candidate,1024,400,624,1024,0.390625,224,21,0,-0.0003115702420473099,874,0.6672977972273673,0.6672977972273673,1.0,0.15,0.4,0.37499999999999994
msmarco-passage-trec-dl-2019,1106007,candidate,2048,1216,832,2048,0.59375,384,33,0,-0.00034959428012371063,1750,0.6672977972273673,0.6672977972273673,1.0,0.23333333333333334,0.4,0.5833333333333333
msmarco-passage-trec-dl-2019,1106007,candidate,4096,3104,992,4096,0.7578125,2112,34,0,-0.00018579978495836258,3628,0.6672977972273673,0.6672977972273673,1.0,0.23333333333333334,0.4,0.5833333333333333
msmarco-passage-trec-dl-2019,1106007,candidate,8192,5000,3192,8192,0.6103515625,1808,34,0,-6.737280637025833e-05,7305,0.6672977972273673,0.6672977972273673,1.0,0.23333333333333334,0.4,0.5833333333333333
msmarco-passage-trec-dl-2019,1106007,candidate,10000,5000,5000,10000,0.5,0,34,0,-6.737280637025833e-05,9111,0.6672977972273673,0.6672977972273673,1.0,0.23333333333333334,0.4,0.5833333333333333
msmarco-passage-trec-dl-2019,1106007,candidate-safe,128,64,64,128,0.5,0,6,0,-8.960627019405365e-05,116,0.6300529383446851,0.6672977972273673,0.9441855509827319,0.08333333333333333,0.4,0.20833333333333331
msmarco-passage-trec-dl-2019,1106007,candidate-safe,256,128,128,256,0.5,0,10,0,-0.00012009963393211365,230,0.6672977972273673,0.6672977972273673,1.0,0.1,0.4,0.25
msmarco-passage-trec-dl-2019,1106007,candidate-safe,512,224,288,512,0.4375,64,17,0,-0.00027227960526943207,447,0.6672977972273673,0.6672977972273673,1.0,0.15,0.4,0.37499999999999994
msmarco-passage-trec-dl-2019,1106007,candidate-safe,1024,400,624,1024,0.390625,224,21,0,-0.0003115702420473099,874,0.6672977972273673,0.6672977972273673,1.0,0.15,0.4,0.37499999999999994
msmarco-passage-trec-dl-2019,1106007,candidate-safe,2048,1216,832,2048,0.59375,384,33,0,-0.00034959428012371063,1750,0.6672977972273673,0.6672977972273673,1.0,0.23333333333333334,0.4,0.5833333333333333
msmarco-passage-trec-dl-2019,1106007,candidate-safe,4096,3104,992,4096,0.7578125,2112,34,0,-0.00018579978495836258,3628,0.6672977972273673,0.6672977972273673,1.0,0.23333333333333334,0.4,0.5833333333333333
msmarco-passage-trec-dl-2019,1106007,candidate-safe,8192,5000,3192,8192,0.6103515625,1808,34,0,-6.737280637025833e-05,7305,0.6672977972273673,0.6672977972273673,1.0,0.23333333333333334,0.4,0.5833333333333333
msmarco-passage-trec-dl-2019,1106007,candidate-safe,10000,5000,5000,10000,0.5,0,34,0,-6.737280637025833e-05,9111,0.6672977972273673,0.6672977972273673,1.0,0.23333333333333334,0.4,0.5833333333333333
msmarco-passage-trec-dl-2019,1106007,pressure,128,64,64,128,0.5,0,6,0,-8.960627019405365e-05,116,0.6300529383446851,0.6672977972273673,0.9441855509827319,0.08333333333333333,0.4,0.20833333333333331
msmarco-passage-trec-dl-2019,1106007,pressure,256,128,128,256,0.5,0,10,0,-0.00012009963393211365,230,0.6672977972273673,0.6672977972273673,1.0,0.1,0.4,0.25
msmarco-passage-trec-dl-2019,1106007,pressure,512,240,272,512,0.46875,32,17,0,-0.0004107654094696045,449,0.6672977972273673,0.6672977972273673,1.0,0.15,0.4,0.37499999999999994
msmarco-passage-trec-dl-2019,1106007,pressure,1024,416,608,1024,0.40625,192,21,0,-0.00034658797085285187,873,0.6672977972273673,0.6672977972273673,1.0,0.15,0.4,0.37499999999999994
msmarco-passage-trec-dl-2019,1106007,pressure,2048,1168,880,2048,0.5703125,288,33,0,-0.00038022734224796295,1739,0.6672977972273673,0.6672977972273673,1.0,0.23333333333333334,0.4,0.5833333333333333
msmarco-passage-trec-dl-2019,1106007,pressure,4096,2848,1248,4096,0.6953125,1600,34,0,-0.000213623046875,3568,0.6672977972273673,0.6672977972273673,1.0,0.23333333333333334,0.4,0.5833333333333333
msmarco-passage-trec-dl-2019,1106007,pressure,8192,5000,3192,8192,0.6103515625,1808,34,0,-6.737280637025833e-05,7305,0.6672977972273673,0.6672977972273673,1.0,0.23333333333333334,0.4,0.5833333333333333
msmarco-passage-trec-dl-2019,1106007,pressure,10000,5000,5000,10000,0.5,0,34,0,-6.737280637025833e-05,9111,0.6672977972273673,0.6672977972273673,1.0,0.23333333333333334,0.4,0.5833333333333333
msmarco-passage-trec-dl-2019,1106007,allocation-grid-oracle,128,64,64,128,0.5,0,6,0,-8.960627019405365e-05,116,0.6300529383446851,0.6672977972273673,0.9441855509827319,0.08333333333333333,0.4,0.20833333333333331
msmarco-passage-trec-dl-2019,1106007,allocation-grid-oracle,256,128,128,256,0.5,0,10,0,-0.00012009963393211365,230,0.6672977972273673,0.6672977972273673,1.0,0.1,0.4,0.25
msmarco-passage-trec-dl-2019,1106007,allocation-grid-oracle,512,224,288,512,0.4375,64,17,0,-0.00027227960526943207,447,0.6672977972273673,0.6672977972273673,1.0,0.15,0.4,0.37499999999999994
msmarco-passage-trec-dl-2019,1106007,allocation-grid-oracle,1024,400,624,1024,0.390625,224,21,0,-0.0003115702420473099,874,0.6672977972273673,0.6672977972273673,1.0,0.15,0.4,0.37499999999999994
msmarco-passage-trec-dl-2019,1106007,allocation-grid-oracle,2048,1216,832,2048,0.59375,384,33,0,-0.00034959428012371063,1750,0.6672977972273673,0.6672977972273673,1.0,0.23333333333333334,0.4,0.5833333333333333
msmarco-passage-trec-dl-2019,1106007,allocation-grid-oracle,4096,3104,992,4096,0.7578125,2112,34,0,-0.00018579978495836258,3628,0.6672977972273673,0.6672977972273673,1.0,0.23333333333333334,0.4,0.5833333333333333
msmarco-passage-trec-dl-2019,1106007,allocation-grid-oracle,8192,5000,3192,8192,0.6103515625,1808,34,0,-6.737280637025833e-05,7305,0.6672977972273673,0.6672977972273673,1.0,0.23333333333333334,0.4,0.5833333333333333
msmarco-passage-trec-dl-2019,1106007,allocation-grid-oracle,10000,5000,5000,10000,0.5,0,34,0,-6.737280637025833e-05,9111,0.6672977972273673,0.6672977972273673,1.0,0.23333333333333334,0.4,0.5833333333333333
msmarco-passage-trec-dl-2019,1124210,balanced,128,64,64,128,0.5,0,1,0,-0.008064515888690948,127,0.11173457664804617,0.44173868400022986,0.2529427027676572,0.007194244604316547,0.37410071942446044,0.019230769230769232
msmarco-passage-trec-dl-2019,1124210,balanced,256,128,128,256,0.5,0,1,0,-3.170222043991089e-05,252,0.11173457664804617,0.44173868400022986,0.2529427027676572,0.007194244604316547,0.37410071942446044,0.019230769230769232
msmarco-passage-trec-dl-2019,1124210,balanced,512,256,256,512,0.5,0,3,0,-0.0012672059237957,504,0.23809853388203217,0.44173868400022986,0.5390031312763821,0.02158273381294964,0.37410071942446044,0.057692307692307696
msmarco-passage-trec-dl-2019,1124210,balanced,1024,512,512,1024,0.5,0,4,0,-0.0007335711270570755,1014,0.28621999677060045,0.44173868400022986,0.6479396238941381,0.02877697841726619,0.37410071942446044,0.07692307692307693
msmarco-passage-trec-dl-2019,1124210,balanced,2048,1024,1024,2048,0.5,0,6,0,-0.0009225085377693176,2029,0.36924549066256634,0.44173868400022986,0.8358912271816661,0.04316546762589928,0.37410071942446044,0.11538461538461539
msmarco-passage-trec-dl-2019,1124210,balanced,4096,2048,2048,4096,0.5,0,6,0,-0.00047438405454158783,4056,0.36924549066256634,0.44173868400022986,0.8358912271816661,0.04316546762589928,0.37410071942446044,0.11538461538461539
msmarco-passage-trec-dl-2019,1124210,balanced,8192,4096,4096,8192,0.5,0,6,0,-0.0001876838505268097,8116,0.36924549066256634,0.44173868400022986,0.8358912271816661,0.04316546762589928,0.37410071942446044,0.11538461538461539
msmarco-passage-trec-dl-2019,1124210,balanced,10000,5000,5000,10000,0.5,0,7,0,-0.00014469586312770844,9897,0.40649034954524843,0.44173868400022986,0.9202054614375519,0.050359712230215826,0.37410071942446044,0.1346153846153846
msmarco-passage-trec-dl-2019,1124210,blocker,128,64,64,128,0.5,0,1,0,-0.008064515888690948,127,0.11173457664804617,0.44173868400022986,0.2529427027676572,0.007194244604316547,0.37410071942446044,0.019230769230769232
msmarco-passage-trec-dl-2019,1124210,blocker,256,128,128,256,0.5,0,1,0,-3.170222043991089e-05,252,0.11173457664804617,0.44173868400022986,0.2529427027676572,0.007194244604316547,0.37410071942446044,0.019230769230769232
msmarco-passage-trec-dl-2019,1124210,blocker,512,256,256,512,0.5,0,3,0,-0.0012672059237957,504,0.23809853388203217,0.44173868400022986,0.5390031312763821,0.02158273381294964,0.37410071942446044,0.057692307692307696
msmarco-passage-trec-dl-2019,1124210,blocker,1024,512,512,1024,0.5,0,4,0,-0.0007335711270570755,1014,0.28621999677060045,0.44173868400022986,0.6479396238941381,0.02877697841726619,0.37410071942446044,0.07692307692307693
msmarco-passage-trec-dl-2019,1124210,blocker,2048,1120,928,2048,0.546875,192,6,0,-0.0008474569767713547,2028,0.36924549066256634,0.44173868400022986,0.8358912271816661,0.04316546762589928,0.37410071942446044,0.11538461538461539
msmarco-passage-trec-dl-2019,1124210,blocker,4096,2608,1488,4096,0.63671875,1120,6,0,-0.00037481263279914856,4057,0.36924549066256634,0.44173868400022986,0.8358912271816661,0.04316546762589928,0.37410071942446044,0.11538461538461539
msmarco-passage-trec-dl-2019,1124210,blocker,8192,4096,4096,8192,0.5,0,6,0,-0.0001876838505268097,8116,0.36924549066256634,0.44173868400022986,0.8358912271816661,0.04316546762589928,0.37410071942446044,0.11538461538461539
msmarco-passage-trec-dl-2019,1124210,blocker,10000,5000,5000,10000,0.5,0,7,0,-0.00014469586312770844,9897,0.40649034954524843,0.44173868400022986,0.9202054614375519,0.050359712230215826,0.37410071942446044,0.1346153846153846
msmarco-passage-trec-dl-2019,1124210,candidate,128,32,96,128,0.25,64,1,0,-0.010869564488530159,127,0.11173457664804617,0.44173868400022986,0.2529427027676572,0.007194244604316547,0.37410071942446044,0.019230769230769232
msmarco-passage-trec-dl-2019,1124210,candidate,256,32,224,256,0.125,192,1,0,-0.010869564488530159,255,0.11173457664804617,0.44173868400022986,0.2529427027676572,0.007194244604316547,0.37410071942446044,0.019230769230769232
msmarco-passage-trec-dl-2019,1124210,candidate,512,32,480,512,0.0625,448,1,0,-0.010869564488530159,511,0.11173457664804617,0.44173868400022986,0.2529427027676572,0.007194244604316547,0.37410071942446044,0.019230769230769232
msmarco-passage-trec-dl-2019,1124210,candidate,1024,32,992,1024,0.03125,960,1,0,-0.010869564488530159,1023,0.11173457664804617,0.44173868400022986,0.2529427027676572,0.007194244604316547,0.37410071942446044,0.019230769230769232
msmarco-passage-trec-dl-2019,1124210,candidate,2048,32,2016,2048,0.015625,1984,1,0,-0.010869564488530159,2047,0.11173457664804617,0.44173868400022986,0.2529427027676572,0.007194244604316547,0.37410071942446044,0.019230769230769232
msmarco-passage-trec-dl-2019,1124210,candidate,4096,32,4064,4096,0.0078125,4032,1,0,-0.010869564488530159,4095,0.11173457664804617,0.44173868400022986,0.2529427027676572,0.007194244604316547,0.37410071942446044,0.019230769230769232
msmarco-passage-trec-dl-2019,1124210,candidate,8192,3192,5000,8192,0.3896484375,1808,6,0,-0.00025456957519054413,8122,0.36924549066256634,0.44173868400022986,0.8358912271816661,0.04316546762589928,0.37410071942446044,0.11538461538461539
msmarco-passage-trec-dl-2019,1124210,candidate,10000,5000,5000,10000,0.5,0,7,0,-0.00014469586312770844,9897,0.40649034954524843,0.44173868400022986,0.9202054614375519,0.050359712230215826,0.37410071942446044,0.1346153846153846
msmarco-passage-trec-dl-2019,1124210,candidate-safe,128,32,96,128,0.25,64,1,0,-0.010869564488530159,127,0.11173457664804617,0.44173868400022986,0.2529427027676572,0.007194244604316547,0.37410071942446044,0.019230769230769232
msmarco-passage-trec-dl-2019,1124210,candidate-safe,256,32,224,256,0.125,192,1,0,-0.010869564488530159,255,0.11173457664804617,0.44173868400022986,0.2529427027676572,0.007194244604316547,0.37410071942446044,0.019230769230769232
msmarco-passage-trec-dl-2019,1124210,candidate-safe,512,32,480,512,0.0625,448,1,0,-0.010869564488530159,511,0.11173457664804617,0.44173868400022986,0.2529427027676572,0.007194244604316547,0.37410071942446044,0.019230769230769232
msmarco-passage-trec-dl-2019,1124210,candidate-safe,1024,32,992,1024,0.03125,960,1,0,-0.010869564488530159,1023,0.11173457664804617,0.44173868400022986,0.2529427027676572,0.007194244604316547,0.37410071942446044,0.019230769230769232
msmarco-passage-trec-dl-2019,1124210,candidate-safe,2048,32,2016,2048,0.015625,1984,1,0,-0.010869564488530159,2047,0.11173457664804617,0.44173868400022986,0.2529427027676572,0.007194244604316547,0.37410071942446044,0.019230769230769232
msmarco-passage-trec-dl-2019,1124210,candidate-safe,4096,32,4064,4096,0.0078125,4032,1,0,-0.010869564488530159,4095,0.11173457664804617,0.44173868400022986,0.2529427027676572,0.007194244604316547,0.37410071942446044,0.019230769230769232
msmarco-passage-trec-dl-2019,1124210,candidate-safe,8192,3192,5000,8192,0.3896484375,1808,6,0,-0.00025456957519054413,8122,0.36924549066256634,0.44173868400022986,0.8358912271816661,0.04316546762589928,0.37410071942446044,0.11538461538461539
msmarco-passage-trec-dl-2019,1124210,candidate-safe,10000,5000,5000,10000,0.5,0,7,0,-0.00014469586312770844,9897,0.40649034954524843,0.44173868400022986,0.9202054614375519,0.050359712230215826,0.37410071942446044,0.1346153846153846
msmarco-passage-trec-dl-2019,1124210,pressure,128,64,64,128,0.5,0,1,0,-0.008064515888690948,127,0.11173457664804617,0.44173868400022986,0.2529427027676572,0.007194244604316547,0.37410071942446044,0.019230769230769232
msmarco-passage-trec-dl-2019,1124210,pressure,256,128,128,256,0.5,0,1,0,-3.170222043991089e-05,252,0.11173457664804617,0.44173868400022986,0.2529427027676572,0.007194244604316547,0.37410071942446044,0.019230769230769232
msmarco-passage-trec-dl-2019,1124210,pressure,512,240,272,512,0.46875,32,3,0,-0.0014359820634126663,505,0.23809853388203217,0.44173868400022986,0.5390031312763821,0.02158273381294964,0.37410071942446044,0.057692307692307696
msmarco-passage-trec-dl-2019,1124210,pressure,1024,512,512,1024,0.5,0,4,0,-0.0007335711270570755,1014,0.28621999677060045,0.44173868400022986,0.6479396238941381,0.02877697841726619,0.37410071942446044,0.07692307692307693
msmarco-passage-trec-dl-2019,1124210,pressure,2048,928,1120,2048,0.453125,192,6,0,-0.0010121464729309082,2030,0.36924549066256634,0.44173868400022986,0.8358912271816661,0.04316546762589928,0.37410071942446044,0.11538461538461539
msmarco-passage-trec-dl-2019,1124210,pressure,4096,2288,1808,4096,0.55859375,480,6,0,-0.0004258938133716583,4057,0.36924549066256634,0.44173868400022986,0.8358912271816661,0.04316546762589928,0.37410071942446044,0.11538461538461539
msmarco-passage-trec-dl-2019,1124210,pressure,8192,4096,4096,8192,0.5,0,6,0,-0.0001876838505268097,8116,0.36924549066256634,0.44173868400022986,0.8358912271816661,0.04316546762589928,0.37410071942446044,0.11538461538461539
msmarco-passage-trec-dl-2019,1124210,pressure,10000,5000,5000,10000,0.5,0,7,0,-0.00014469586312770844,9897,0.40649034954524843,0.44173868400022986,0.9202054614375519,0.050359712230215826,0.37410071942446044,0.1346153846153846
msmarco-passage-trec-dl-2019,1124210,allocation-grid-oracle,128,64,64,128,0.5,0,1,0,-0.008064515888690948,127,0.11173457664804617,0.44173868400022986,0.2529427027676572,0.007194244604316547,0.37410071942446044,0.019230769230769232
msmarco-passage-trec-dl-2019,1124210,allocation-grid-oracle,256,128,128,256,0.5,0,1,0,-3.170222043991089e-05,252,0.11173457664804617,0.44173868400022986,0.2529427027676572,0.007194244604316547,0.37410071942446044,0.019230769230769232
msmarco-passage-trec-dl-2019,1124210,allocation-grid-oracle,512,256,256,512,0.5,0,3,0,-0.0012672059237957,504,0.23809853388203217,0.44173868400022986,0.5390031312763821,0.02158273381294964,0.37410071942446044,0.057692307692307696
msmarco-passage-trec-dl-2019,1124210,allocation-grid-oracle,1024,512,512,1024,0.5,0,4,0,-0.0007335711270570755,1014,0.28621999677060045,0.44173868400022986,0.6479396238941381,0.02877697841726619,0.37410071942446044,0.07692307692307693
msmarco-passage-trec-dl-2019,1124210,allocation-grid-oracle,2048,1120,928,2048,0.546875,192,6,0,-0.0008474569767713547,2028,0.36924549066256634,0.44173868400022986,0.8358912271816661,0.04316546762589928,0.37410071942446044,0.11538461538461539
msmarco-passage-trec-dl-2019,1124210,allocation-grid-oracle,4096,2608,1488,4096,0.63671875,1120,6,0,-0.00037481263279914856,4057,0.36924549066256634,0.44173868400022986,0.8358912271816661,0.04316546762589928,0.37410071942446044,0.11538461538461539
msmarco-passage-trec-dl-2019,1124210,allocation-grid-oracle,8192,4776,3416,8192,0.5830078125,1360,6,0,-8.060596883296967e-05,8115,0.36924549066256634,0.44173868400022986,0.8358912271816661,0.04316546762589928,0.37410071942446044,0.11538461538461539
msmarco-passage-trec-dl-2019,1124210,allocation-grid-oracle,10000,5000,5000,10000,0.5,0,7,0,-0.00014469586312770844,9897,0.40649034954524843,0.44173868400022986,0.9202054614375519,0.050359712230215826,0.37410071942446044,0.1346153846153846
msmarco-passage-trec-dl-2019,490595,balanced,128,64,64,128,0.5,0,17,0,-0.00020364858210086823,89,0.38643934874817354,0.38643934874817354,1.0,0.23636363636363636,0.8,0.2954545454545454
msmarco-passage-trec-dl-2019,490595,balanced,256,128,128,256,0.5,0,30,0,-5.033053457736969e-05,186,0.38643934874817354,0.38643934874817354,1.0,0.4,0.8,0.5
msmarco-passage-trec-dl-2019,490595,balanced,512,256,256,512,0.5,0,54,0,-5.585514008998871e-05,397,0.38643934874817354,0.38643934874817354,1.0,0.6545454545454545,0.8,0.8181818181818181
msmarco-passage-trec-dl-2019,490595,balanced,1024,512,512,1024,0.5,0,71,0,-6.718095391988754e-05,845,0.38643934874817354,0.38643934874817354,1.0,0.7090909090909091,0.8,0.8863636363636364
msmarco-passage-trec-dl-2019,490595,balanced,2048,1024,1024,2048,0.5,0,100,1,-inf,1784,0.38643934874817354,0.38643934874817354,1.0,0.8,0.8,1.0
msmarco-passage-trec-dl-2019,490595,balanced,4096,2048,2048,4096,0.5,0,100,1,-inf,3745,0.38643934874817354,0.38643934874817354,1.0,0.8,0.8,1.0
msmarco-passage-trec-dl-2019,490595,balanced,8192,4096,4096,8192,0.5,0,100,1,-inf,7491,0.38643934874817354,0.38643934874817354,1.0,0.8,0.8,1.0
msmarco-passage-trec-dl-2019,490595,balanced,10000,5000,5000,10000,0.5,0,100,1,-inf,9141,0.38643934874817354,0.38643934874817354,1.0,0.8,0.8,1.0
msmarco-passage-trec-dl-2019,490595,blocker,128,48,80,128,0.375,32,20,0,-0.00022421963512897491,90,0.38643934874817354,0.38643934874817354,1.0,0.2909090909090909,0.8,0.3636363636363636
msmarco-passage-trec-dl-2019,490595,blocker,256,112,144,256,0.4375,32,39,0,-0.00018579140305519104,185,0.38643934874817354,0.38643934874817354,1.0,0.509090909090909,0.8,0.6363636363636362
msmarco-passage-trec-dl-2019,490595,blocker,512,208,304,512,0.40625,96,58,0,-0.00012804940342903137,406,0.38643934874817354,0.38643934874817354,1.0,0.6909090909090909,0.8,0.8636363636363636
msmarco-passage-trec-dl-2019,490595,blocker,1024,640,384,1024,0.625,256,100,1,-inf,847,0.38643934874817354,0.38643934874817354,1.0,0.8,0.8,1.0
msmarco-passage-trec-dl-2019,490595,blocker,2048,1024,1024,2048,0.5,0,100,1,-inf,1784,0.38643934874817354,0.38643934874817354,1.0,0.8,0.8,1.0
msmarco-passage-trec-dl-2019,490595,blocker,4096,2048,2048,4096,0.5,0,100,1,-inf,3745,0.38643934874817354,0.38643934874817354,1.0,0.8,0.8,1.0
msmarco-passage-trec-dl-2019,490595,blocker,8192,4096,4096,8192,0.5,0,100,1,-inf,7491,0.38643934874817354,0.38643934874817354,1.0,0.8,0.8,1.0
msmarco-passage-trec-dl-2019,490595,blocker,10000,5000,5000,10000,0.5,0,100,1,-inf,9141,0.38643934874817354,0.38643934874817354,1.0,0.8,0.8,1.0
msmarco-passage-trec-dl-2019,490595,candidate,128,48,80,128,0.375,32,20,0,-0.00022421963512897491,90,0.38643934874817354,0.38643934874817354,1.0,0.2909090909090909,0.8,0.3636363636363636
msmarco-passage-trec-dl-2019,490595,candidate,256,112,144,256,0.4375,32,39,0,-0.00018579140305519104,185,0.38643934874817354,0.38643934874817354,1.0,0.509090909090909,0.8,0.6363636363636362
msmarco-passage-trec-dl-2019,490595,candidate,512,208,304,512,0.40625,96,58,0,-0.00012804940342903137,406,0.38643934874817354,0.38643934874817354,1.0,0.6909090909090909,0.8,0.8636363636363636
msmarco-passage-trec-dl-2019,490595,candidate,1024,640,384,1024,0.625,256,100,1,-inf,847,0.38643934874817354,0.38643934874817354,1.0,0.8,0.8,1.0
msmarco-passage-trec-dl-2019,490595,candidate,2048,1024,1024,2048,0.5,0,100,1,-inf,1784,0.38643934874817354,0.38643934874817354,1.0,0.8,0.8,1.0
msmarco-passage-trec-dl-2019,490595,candidate,4096,2048,2048,4096,0.5,0,100,1,-inf,3745,0.38643934874817354,0.38643934874817354,1.0,0.8,0.8,1.0
msmarco-passage-trec-dl-2019,490595,candidate,8192,4096,4096,8192,0.5,0,100,1,-inf,7491,0.38643934874817354,0.38643934874817354,1.0,0.8,0.8,1.0
msmarco-passage-trec-dl-2019,490595,candidate,10000,5000,5000,10000,0.5,0,100,1,-inf,9141,0.38643934874817354,0.38643934874817354,1.0,0.8,0.8,1.0
msmarco-passage-trec-dl-2019,490595,candidate-safe,128,48,80,128,0.375,32,20,0,-0.00022421963512897491,90,0.38643934874817354,0.38643934874817354,1.0,0.2909090909090909,0.8,0.3636363636363636
msmarco-passage-trec-dl-2019,490595,candidate-safe,256,112,144,256,0.4375,32,39,0,-0.00018579140305519104,185,0.38643934874817354,0.38643934874817354,1.0,0.509090909090909,0.8,0.6363636363636362
msmarco-passage-trec-dl-2019,490595,candidate-safe,512,208,304,512,0.40625,96,58,0,-0.00012804940342903137,406,0.38643934874817354,0.38643934874817354,1.0,0.6909090909090909,0.8,0.8636363636363636
msmarco-passage-trec-dl-2019,490595,candidate-safe,1024,640,384,1024,0.625,256,100,1,-inf,847,0.38643934874817354,0.38643934874817354,1.0,0.8,0.8,1.0
msmarco-passage-trec-dl-2019,490595,candidate-safe,2048,1024,1024,2048,0.5,0,100,1,-inf,1784,0.38643934874817354,0.38643934874817354,1.0,0.8,0.8,1.0
msmarco-passage-trec-dl-2019,490595,candidate-safe,4096,2048,2048,4096,0.5,0,100,1,-inf,3745,0.38643934874817354,0.38643934874817354,1.0,0.8,0.8,1.0
msmarco-passage-trec-dl-2019,490595,candidate-safe,8192,4096,4096,8192,0.5,0,100,1,-inf,7491,0.38643934874817354,0.38643934874817354,1.0,0.8,0.8,1.0
msmarco-passage-trec-dl-2019,490595,candidate-safe,10000,5000,5000,10000,0.5,0,100,1,-inf,9141,0.38643934874817354,0.38643934874817354,1.0,0.8,0.8,1.0
msmarco-passage-trec-dl-2019,490595,pressure,128,48,80,128,0.375,32,20,0,-0.00022421963512897491,90,0.38643934874817354,0.38643934874817354,1.0,0.2909090909090909,0.8,0.3636363636363636
msmarco-passage-trec-dl-2019,490595,pressure,256,112,144,256,0.4375,32,39,0,-0.00018579140305519104,185,0.38643934874817354,0.38643934874817354,1.0,0.509090909090909,0.8,0.6363636363636362
msmarco-passage-trec-dl-2019,490595,pressure,512,208,304,512,0.40625,96,58,0,-0.00012804940342903137,406,0.38643934874817354,0.38643934874817354,1.0,0.6909090909090909,0.8,0.8636363636363636
msmarco-passage-trec-dl-2019,490595,pressure,1024,640,384,1024,0.625,256,100,1,-inf,847,0.38643934874817354,0.38643934874817354,1.0,0.8,0.8,1.0
msmarco-passage-trec-dl-2019,490595,pressure,2048,1024,1024,2048,0.5,0,100,1,-inf,1784,0.38643934874817354,0.38643934874817354,1.0,0.8,0.8,1.0
msmarco-passage-trec-dl-2019,490595,pressure,4096,2048,2048,4096,0.5,0,100,1,-inf,3745,0.38643934874817354,0.38643934874817354,1.0,0.8,0.8,1.0
msmarco-passage-trec-dl-2019,490595,pressure,8192,4096,4096,8192,0.5,0,100,1,-inf,7491,0.38643934874817354,0.38643934874817354,1.0,0.8,0.8,1.0
msmarco-passage-trec-dl-2019,490595,pressure,10000,5000,5000,10000,0.5,0,100,1,-inf,9141,0.38643934874817354,0.38643934874817354,1.0,0.8,0.8,1.0
msmarco-passage-trec-dl-2019,490595,allocation-grid-oracle,128,48,80,128,0.375,32,20,0,-0.00022421963512897491,90,0.38643934874817354,0.38643934874817354,1.0,0.2909090909090909,0.8,0.3636363636363636
msmarco-passage-trec-dl-2019,490595,allocation-grid-oracle,256,112,144,256,0.4375,32,39,0,-0.00018579140305519104,185,0.38643934874817354,0.38643934874817354,1.0,0.509090909090909,0.8,0.6363636363636362
msmarco-passage-trec-dl-2019,490595,allocation-grid-oracle,512,208,304,512,0.40625,96,58,0,-0.00012804940342903137,406,0.38643934874817354,0.38643934874817354,1.0,0.6909090909090909,0.8,0.8636363636363636
msmarco-passage-trec-dl-2019,490595,allocation-grid-oracle,1024,640,384,1024,0.625,256,100,1,-inf,847,0.38643934874817354,0.38643934874817354,1.0,0.8,0.8,1.0
msmarco-passage-trec-dl-2019,490595,allocation-grid-oracle,2048,1024,1024,2048,0.5,0,100,1,-inf,1784,0.38643934874817354,0.38643934874817354,1.0,0.8,0.8,1.0
msmarco-passage-trec-dl-2019,490595,allocation-grid-oracle,4096,2048,2048,4096,0.5,0,100,1,-inf,3745,0.38643934874817354,0.38643934874817354,1.0,0.8,0.8,1.0
msmarco-passage-trec-dl-2019,490595,allocation-grid-oracle,8192,4096,4096,8192,0.5,0,100,1,-inf,7491,0.38643934874817354,0.38643934874817354,1.0,0.8,0.8,1.0
msmarco-passage-trec-dl-2019,490595,allocation-grid-oracle,10000,5000,5000,10000,0.5,0,100,1,-inf,9141,0.38643934874817354,0.38643934874817354,1.0,0.8,0.8,1.0
msmarco-passage-trec-dl-2019,1103812,balanced,128,64,64,128,0.5,0,3,0,-0.00031656213104724884,122,0.5378845679998933,0.6562537637975345,0.8196289266019964,0.0967741935483871,0.5161290322580645,0.1875
msmarco-passage-trec-dl-2019,1103812,balanced,256,128,128,256,0.5,0,6,0,-0.002200869843363762,245,0.5378845679998933,0.6562537637975345,0.8196289266019964,0.0967741935483871,0.5161290322580645,0.1875
msmarco-passage-trec-dl-2019,1103812,balanced,512,256,256,512,0.5,0,7,0,-4.627928137779236e-05,489,0.6432060231641351,0.6562537637975345,0.9801178425889762,0.12903225806451613,0.5161290322580645,0.25
msmarco-passage-trec-dl-2019,1103812,balanced,1024,512,512,1024,0.5,0,11,0,-4.26657497882843e-05,969,0.6562537637975345,0.6562537637975345,1.0,0.16129032258064516,0.5161290322580645,0.3125
msmarco-passage-trec-dl-2019,1103812,balanced,2048,1024,1024,2048,0.5,0,13,0,-0.0005158577114343643,1928,0.6562537637975345,0.6562537637975345,1.0,0.1935483870967742,0.5161290322580645,0.375
msmarco-passage-trec-dl-2019,1103812,balanced,4096,2048,2048,4096,0.5,0,13,0,-6.773322820663452e-05,3829,0.6562537637975345,0.6562537637975345,1.0,0.1935483870967742,0.5161290322580645,0.375
msmarco-passage-trec-dl-2019,1103812,balanced,8192,4096,4096,8192,0.5,0,28,0,-2.7487054467201233e-05,7604,0.6562537637975345,0.6562537637975345,1.0,0.3225806451612903,0.5161290322580645,0.625
msmarco-passage-trec-dl-2019,1103812,balanced,10000,5000,5000,10000,0.5,0,30,0,-5.637388676404953e-05,9251,0.6562537637975345,0.6562537637975345,1.0,0.3548387096774194,0.5161290322580645,0.6875
msmarco-passage-trec-dl-2019,1103812,blocker,128,64,64,128,0.5,0,3,0,-0.00031656213104724884,122,0.5378845679998933,0.6562537637975345,0.8196289266019964,0.0967741935483871,0.5161290322580645,0.1875
msmarco-passage-trec-dl-2019,1103812,blocker,256,128,128,256,0.5,0,6,0,-0.002200869843363762,245,0.5378845679998933,0.6562537637975345,0.8196289266019964,0.0967741935483871,0.5161290322580645,0.1875
msmarco-passage-trec-dl-2019,1103812,blocker,512,224,288,512,0.4375,64,9,0,-0.00030000507831573486,490,0.6432060231641351,0.6562537637975345,0.9801178425889762,0.12903225806451613,0.5161290322580645,0.25
msmarco-passage-trec-dl-2019,1103812,blocker,1024,432,592,1024,0.421875,160,12,0,-0.00032553449273109436,967,0.6562537637975345,0.6562537637975345,1.0,0.16129032258064516,0.5161290322580645,0.3125
msmarco-passage-trec-dl-2019,1103812,blocker,2048,736,1312,2048,0.359375,576,13,0,-0.00032221153378486633,1938,0.6562537637975345,0.6562537637975345,1.0,0.1935483870967742,0.5161290322580645,0.375
msmarco-passage-trec-dl-2019,1103812,blocker,4096,1104,2992,4096,0.26953125,1888,15,0,-1.226179301738739e-05,3879,0.6562537637975345,0.6562537637975345,1.0,0.1935483870967742,0.5161290322580645,0.375
msmarco-passage-trec-dl-2019,1103812,blocker,8192,3192,5000,8192,0.3896484375,1808,30,0,-5.637388676404953e-05,7599,0.6562537637975345,0.6562537637975345,1.0,0.3548387096774194,0.5161290322580645,0.6875
msmarco-passage-trec-dl-2019,1103812,blocker,10000,5000,5000,10000,0.5,0,30,0,-5.637388676404953e-05,9251,0.6562537637975345,0.6562537637975345,1.0,0.3548387096774194,0.5161290322580645,0.6875
msmarco-passage-trec-dl-2019,1103812,candidate,128,64,64,128,0.5,0,3,0,-0.00031656213104724884,122,0.5378845679998933,0.6562537637975345,0.8196289266019964,0.0967741935483871,0.5161290322580645,0.1875
msmarco-passage-trec-dl-2019,1103812,candidate,256,128,128,256,0.5,0,6,0,-0.002200869843363762,245,0.5378845679998933,0.6562537637975345,0.8196289266019964,0.0967741935483871,0.5161290322580645,0.1875
msmarco-passage-trec-dl-2019,1103812,candidate,512,224,288,512,0.4375,64,9,0,-0.00030000507831573486,490,0.6432060231641351,0.6562537637975345,0.9801178425889762,0.12903225806451613,0.5161290322580645,0.25
msmarco-passage-trec-dl-2019,1103812,candidate,1024,432,592,1024,0.421875,160,12,0,-0.00032553449273109436,967,0.6562537637975345,0.6562537637975345,1.0,0.16129032258064516,0.5161290322580645,0.3125
msmarco-passage-trec-dl-2019,1103812,candidate,2048,736,1312,2048,0.359375,576,13,0,-0.00032221153378486633,1938,0.6562537637975345,0.6562537637975345,1.0,0.1935483870967742,0.5161290322580645,0.375
msmarco-passage-trec-dl-2019,1103812,candidate,4096,1104,2992,4096,0.26953125,1888,15,0,-1.226179301738739e-05,3879,0.6562537637975345,0.6562537637975345,1.0,0.1935483870967742,0.5161290322580645,0.375
msmarco-passage-trec-dl-2019,1103812,candidate,8192,3192,5000,8192,0.3896484375,1808,30,0,-5.637388676404953e-05,7599,0.6562537637975345,0.6562537637975345,1.0,0.3548387096774194,0.5161290322580645,0.6875
msmarco-passage-trec-dl-2019,1103812,candidate,10000,5000,5000,10000,0.5,0,30,0,-5.637388676404953e-05,9251,0.6562537637975345,0.6562537637975345,1.0,0.3548387096774194,0.5161290322580645,0.6875
msmarco-passage-trec-dl-2019,1103812,candidate-safe,128,64,64,128,0.5,0,3,0,-0.00031656213104724884,122,0.5378845679998933,0.6562537637975345,0.8196289266019964,0.0967741935483871,0.5161290322580645,0.1875
msmarco-passage-trec-dl-2019,1103812,candidate-safe,256,128,128,256,0.5,0,6,0,-0.002200869843363762,245,0.5378845679998933,0.6562537637975345,0.8196289266019964,0.0967741935483871,0.5161290322580645,0.1875
msmarco-passage-trec-dl-2019,1103812,candidate-safe,512,224,288,512,0.4375,64,9,0,-0.00030000507831573486,490,0.6432060231641351,0.6562537637975345,0.9801178425889762,0.12903225806451613,0.5161290322580645,0.25
msmarco-passage-trec-dl-2019,1103812,candidate-safe,1024,432,592,1024,0.421875,160,12,0,-0.00032553449273109436,967,0.6562537637975345,0.6562537637975345,1.0,0.16129032258064516,0.5161290322580645,0.3125
msmarco-passage-trec-dl-2019,1103812,candidate-safe,2048,736,1312,2048,0.359375,576,13,0,-0.00032221153378486633,1938,0.6562537637975345,0.6562537637975345,1.0,0.1935483870967742,0.5161290322580645,0.375
msmarco-passage-trec-dl-2019,1103812,candidate-safe,4096,1104,2992,4096,0.26953125,1888,15,0,-1.226179301738739e-05,3879,0.6562537637975345,0.6562537637975345,1.0,0.1935483870967742,0.5161290322580645,0.375
msmarco-passage-trec-dl-2019,1103812,candidate-safe,8192,3192,5000,8192,0.3896484375,1808,30,0,-5.637388676404953e-05,7599,0.6562537637975345,0.6562537637975345,1.0,0.3548387096774194,0.5161290322580645,0.6875
msmarco-passage-trec-dl-2019,1103812,candidate-safe,10000,5000,5000,10000,0.5,0,30,0,-5.637388676404953e-05,9251,0.6562537637975345,0.6562537637975345,1.0,0.3548387096774194,0.5161290322580645,0.6875
msmarco-passage-trec-dl-2019,1103812,pressure,128,64,64,128,0.5,0,3,0,-0.00031656213104724884,122,0.5378845679998933,0.6562537637975345,0.8196289266019964,0.0967741935483871,0.5161290322580645,0.1875
msmarco-passage-trec-dl-2019,1103812,pressure,256,128,128,256,0.5,0,6,0,-0.002200869843363762,245,0.5378845679998933,0.6562537637975345,0.8196289266019964,0.0967741935483871,0.5161290322580645,0.1875
msmarco-passage-trec-dl-2019,1103812,pressure,512,240,272,512,0.46875,32,9,0,-0.0003285631537437439,489,0.6432060231641351,0.6562537637975345,0.9801178425889762,0.12903225806451613,0.5161290322580645,0.25
msmarco-passage-trec-dl-2019,1103812,pressure,1024,448,576,1024,0.4375,128,12,0,-0.00036411918699741364,963,0.6562537637975345,0.6562537637975345,1.0,0.16129032258064516,0.5161290322580645,0.3125
msmarco-passage-trec-dl-2019,1103812,pressure,2048,832,1216,2048,0.40625,384,13,0,-0.0003770478069782257,1938,0.6562537637975345,0.6562537637975345,1.0,0.1935483870967742,0.5161290322580645,0.375
msmarco-passage-trec-dl-2019,1103812,pressure,4096,1120,2976,4096,0.2734375,1856,15,0,-1.3988465070724487e-05,3873,0.6562537637975345,0.6562537637975345,1.0,0.1935483870967742,0.5161290322580645,0.375
msmarco-passage-trec-dl-2019,1103812,pressure,8192,3192,5000,8192,0.3896484375,1808,30,0,-5.637388676404953e-05,7599,0.6562537637975345,0.6562537637975345,1.0,0.3548387096774194,0.5161290322580645,0.6875
msmarco-passage-trec-dl-2019,1103812,pressure,10000,5000,5000,10000,0.5,0,30,0,-5.637388676404953e-05,9251,0.6562537637975345,0.6562537637975345,1.0,0.3548387096774194,0.5161290322580645,0.6875
msmarco-passage-trec-dl-2019,1103812,allocation-grid-oracle,128,64,64,128,0.5,0,3,0,-0.00031656213104724884,122,0.5378845679998933,0.6562537637975345,0.8196289266019964,0.0967741935483871,0.5161290322580645,0.1875
msmarco-passage-trec-dl-2019,1103812,allocation-grid-oracle,256,128,128,256,0.5,0,6,0,-0.002200869843363762,245,0.5378845679998933,0.6562537637975345,0.8196289266019964,0.0967741935483871,0.5161290322580645,0.1875
msmarco-passage-trec-dl-2019,1103812,allocation-grid-oracle,512,224,288,512,0.4375,64,9,0,-0.00030000507831573486,490,0.6432060231641351,0.6562537637975345,0.9801178425889762,0.12903225806451613,0.5161290322580645,0.25
msmarco-passage-trec-dl-2019,1103812,allocation-grid-oracle,1024,432,592,1024,0.421875,160,12,0,-0.00032553449273109436,967,0.6562537637975345,0.6562537637975345,1.0,0.16129032258064516,0.5161290322580645,0.3125
msmarco-passage-trec-dl-2019,1103812,allocation-grid-oracle,2048,736,1312,2048,0.359375,576,13,0,-0.00032221153378486633,1938,0.6562537637975345,0.6562537637975345,1.0,0.1935483870967742,0.5161290322580645,0.375
msmarco-passage-trec-dl-2019,1103812,allocation-grid-oracle,4096,1104,2992,4096,0.26953125,1888,15,0,-1.226179301738739e-05,3879,0.6562537637975345,0.6562537637975345,1.0,0.1935483870967742,0.5161290322580645,0.375
msmarco-passage-trec-dl-2019,1103812,allocation-grid-oracle,8192,3192,5000,8192,0.3896484375,1808,30,0,-5.637388676404953e-05,7599,0.6562537637975345,0.6562537637975345,1.0,0.3548387096774194,0.5161290322580645,0.6875
msmarco-passage-trec-dl-2019,1103812,allocation-grid-oracle,10000,5000,5000,10000,0.5,0,30,0,-5.637388676404953e-05,9251,0.6562537637975345,0.6562537637975345,1.0,0.3548387096774194,0.5161290322580645,0.6875
msmarco-passage-trec-dl-2019,87181,balanced,128,64,64,128,0.5,0,10,0,-9.39890742301941e-06,98,0.7729868713934952,0.7729868713934952,1.0,0.10843373493975904,0.7710843373493976,0.140625
msmarco-passage-trec-dl-2019,87181,balanced,256,128,128,256,0.5,0,27,0,-0.0001407284289598465,195,0.7729868713934952,0.7729868713934952,1.0,0.24096385542168675,0.7710843373493976,0.3125
msmarco-passage-trec-dl-2019,87181,balanced,512,256,256,512,0.5,0,45,0,-5.3085386753082275e-06,409,0.7729868713934952,0.7729868713934952,1.0,0.43373493975903615,0.7710843373493976,0.5625
msmarco-passage-trec-dl-2019,87181,balanced,1024,512,512,1024,0.5,0,54,0,-5.869194865226746e-06,876,0.7729868713934952,0.7729868713934952,1.0,0.5180722891566265,0.7710843373493976,0.671875
msmarco-passage-trec-dl-2019,87181,balanced,2048,1024,1024,2048,0.5,0,61,0,-0.0002614809200167656,1835,0.7729868713934952,0.7729868713934952,1.0,0.5903614457831325,0.7710843373493976,0.765625
msmarco-passage-trec-dl-2019,87181,balanced,4096,2048,2048,4096,0.5,0,65,0,-0.00026506930589675903,3738,0.7729868713934952,0.7729868713934952,1.0,0.6144578313253012,0.7710843373493976,0.7968749999999999
msmarco-passage-trec-dl-2019,87181,balanced,8192,4096,4096,8192,0.5,0,65,0,-3.130175173282623e-05,7561,0.7729868713934952,0.7729868713934952,1.0,0.6144578313253012,0.7710843373493976,0.7968749999999999
msmarco-passage-trec-dl-2019,87181,balanced,10000,5000,5000,10000,0.5,0,100,1,-inf,9232,0.7729868713934952,0.7729868713934952,1.0,0.7710843373493976,0.7710843373493976,1.0
msmarco-passage-trec-dl-2019,87181,blocker,128,64,64,128,0.5,0,10,0,-9.39890742301941e-06,98,0.7729868713934952,0.7729868713934952,1.0,0.10843373493975904,0.7710843373493976,0.140625
msmarco-passage-trec-dl-2019,87181,blocker,256,160,96,256,0.625,64,28,0,-0.0007340088486671448,201,0.7729868713934952,0.7729868713934952,1.0,0.24096385542168675,0.7710843373493976,0.3125
msmarco-passage-trec-dl-2019,87181,blocker,512,336,176,512,0.65625,160,49,0,-0.00017257221043109894,411,0.7729868713934952,0.7729868713934952,1.0,0.46987951807228917,0.7710843373493976,0.609375
msmarco-passage-trec-dl-2019,87181,blocker,1024,768,256,1024,0.75,512,58,0,-0.0002035200595855713,877,0.7729868713934952,0.7729868713934952,1.0,0.5662650602409639,0.7710843373493976,0.734375
msmarco-passage-trec-dl-2019,87181,blocker,2048,1760,288,2048,0.859375,1472,64,0,-2.342555671930313e-05,1875,0.7729868713934952,0.7729868713934952,1.0,0.6144578313253012,0.7710843373493976,0.7968749999999999
msmarco-passage-trec-dl-2019,87181,blocker,4096,3808,288,4096,0.9296875,3520,65,0,-4.921760410070419e-05,3895,0.7729868713934952,0.7729868713934952,1.0,0.6144578313253012,0.7710843373493976,0.7968749999999999
msmarco-passage-trec-dl-2019,87181,blocker,8192,4528,3664,8192,0.552734375,864,99,0,-2.0300038158893585e-05,7567,0.7729868713934952,0.7729868713934952,1.0,0.7710843373493976,0.7710843373493976,1.0
msmarco-passage-trec-dl-2019,87181,blocker,10000,5000,5000,10000,0.5,0,100,1,-inf,9232,0.7729868713934952,0.7729868713934952,1.0,0.7710843373493976,0.7710843373493976,1.0
msmarco-passage-trec-dl-2019,87181,candidate,128,64,64,128,0.5,0,10,0,-9.39890742301941e-06,98,0.7729868713934952,0.7729868713934952,1.0,0.10843373493975904,0.7710843373493976,0.140625
msmarco-passage-trec-dl-2019,87181,candidate,256,160,96,256,0.625,64,28,0,-0.0007340088486671448,201,0.7729868713934952,0.7729868713934952,1.0,0.24096385542168675,0.7710843373493976,0.3125
msmarco-passage-trec-dl-2019,87181,candidate,512,336,176,512,0.65625,160,49,0,-0.00017257221043109894,411,0.7729868713934952,0.7729868713934952,1.0,0.46987951807228917,0.7710843373493976,0.609375
msmarco-passage-trec-dl-2019,87181,candidate,1024,768,256,1024,0.75,512,58,0,-0.0002035200595855713,877,0.7729868713934952,0.7729868713934952,1.0,0.5662650602409639,0.7710843373493976,0.734375
msmarco-passage-trec-dl-2019,87181,candidate,2048,1760,288,2048,0.859375,1472,64,0,-2.342555671930313e-05,1875,0.7729868713934952,0.7729868713934952,1.0,0.6144578313253012,0.7710843373493976,0.7968749999999999
msmarco-passage-trec-dl-2019,87181,candidate,4096,3808,288,4096,0.9296875,3520,65,0,-4.921760410070419e-05,3895,0.7729868713934952,0.7729868713934952,1.0,0.6144578313253012,0.7710843373493976,0.7968749999999999
msmarco-passage-trec-dl-2019,87181,candidate,8192,4528,3664,8192,0.552734375,864,99,0,-2.0300038158893585e-05,7567,0.7729868713934952,0.7729868713934952,1.0,0.7710843373493976,0.7710843373493976,1.0
msmarco-passage-trec-dl-2019,87181,candidate,10000,5000,5000,10000,0.5,0,100,1,-inf,9232,0.7729868713934952,0.7729868713934952,1.0,0.7710843373493976,0.7710843373493976,1.0
msmarco-passage-trec-dl-2019,87181,candidate-safe,128,64,64,128,0.5,0,10,0,-9.39890742301941e-06,98,0.7729868713934952,0.7729868713934952,1.0,0.10843373493975904,0.7710843373493976,0.140625
msmarco-passage-trec-dl-2019,87181,candidate-safe,256,160,96,256,0.625,64,28,0,-0.0007340088486671448,201,0.7729868713934952,0.7729868713934952,1.0,0.24096385542168675,0.7710843373493976,0.3125
msmarco-passage-trec-dl-2019,87181,candidate-safe,512,336,176,512,0.65625,160,49,0,-0.00017257221043109894,411,0.7729868713934952,0.7729868713934952,1.0,0.46987951807228917,0.7710843373493976,0.609375
msmarco-passage-trec-dl-2019,87181,candidate-safe,1024,768,256,1024,0.75,512,58,0,-0.0002035200595855713,877,0.7729868713934952,0.7729868713934952,1.0,0.5662650602409639,0.7710843373493976,0.734375
msmarco-passage-trec-dl-2019,87181,candidate-safe,2048,1760,288,2048,0.859375,1472,64,0,-2.342555671930313e-05,1875,0.7729868713934952,0.7729868713934952,1.0,0.6144578313253012,0.7710843373493976,0.7968749999999999
msmarco-passage-trec-dl-2019,87181,candidate-safe,4096,3808,288,4096,0.9296875,3520,65,0,-4.921760410070419e-05,3895,0.7729868713934952,0.7729868713934952,1.0,0.6144578313253012,0.7710843373493976,0.7968749999999999
msmarco-passage-trec-dl-2019,87181,candidate-safe,8192,4528,3664,8192,0.552734375,864,99,0,-2.0300038158893585e-05,7567,0.7729868713934952,0.7729868713934952,1.0,0.7710843373493976,0.7710843373493976,1.0
msmarco-passage-trec-dl-2019,87181,candidate-safe,10000,5000,5000,10000,0.5,0,100,1,-inf,9232,0.7729868713934952,0.7729868713934952,1.0,0.7710843373493976,0.7710843373493976,1.0
msmarco-passage-trec-dl-2019,87181,pressure,128,64,64,128,0.5,0,10,0,-9.39890742301941e-06,98,0.7729868713934952,0.7729868713934952,1.0,0.10843373493975904,0.7710843373493976,0.140625
msmarco-passage-trec-dl-2019,87181,pressure,256,144,112,256,0.5625,32,28,0,-0.0010905154049396515,198,0.7729868713934952,0.7729868713934952,1.0,0.24096385542168675,0.7710843373493976,0.3125
msmarco-passage-trec-dl-2019,87181,pressure,512,336,176,512,0.65625,160,49,0,-0.00017257221043109894,411,0.7729868713934952,0.7729868713934952,1.0,0.46987951807228917,0.7710843373493976,0.609375
msmarco-passage-trec-dl-2019,87181,pressure,1024,736,288,1024,0.71875,448,58,0,-0.00018426869064569473,873,0.7729868713934952,0.7729868713934952,1.0,0.5662650602409639,0.7710843373493976,0.734375
msmarco-passage-trec-dl-2019,87181,pressure,2048,1760,288,2048,0.859375,1472,64,0,-2.342555671930313e-05,1875,0.7729868713934952,0.7729868713934952,1.0,0.6144578313253012,0.7710843373493976,0.7968749999999999
msmarco-passage-trec-dl-2019,87181,pressure,4096,3808,288,4096,0.9296875,3520,65,0,-4.921760410070419e-05,3895,0.7729868713934952,0.7729868713934952,1.0,0.6144578313253012,0.7710843373493976,0.7968749999999999
msmarco-passage-trec-dl-2019,87181,pressure,8192,4528,3664,8192,0.552734375,864,99,0,-2.0300038158893585e-05,7567,0.7729868713934952,0.7729868713934952,1.0,0.7710843373493976,0.7710843373493976,1.0
msmarco-passage-trec-dl-2019,87181,pressure,10000,5000,5000,10000,0.5,0,100,1,-inf,9232,0.7729868713934952,0.7729868713934952,1.0,0.7710843373493976,0.7710843373493976,1.0
msmarco-passage-trec-dl-2019,87181,allocation-grid-oracle,128,64,64,128,0.5,0,10,0,-9.39890742301941e-06,98,0.7729868713934952,0.7729868713934952,1.0,0.10843373493975904,0.7710843373493976,0.140625
msmarco-passage-trec-dl-2019,87181,allocation-grid-oracle,256,160,96,256,0.625,64,28,0,-0.0007340088486671448,201,0.7729868713934952,0.7729868713934952,1.0,0.24096385542168675,0.7710843373493976,0.3125
msmarco-passage-trec-dl-2019,87181,allocation-grid-oracle,512,336,176,512,0.65625,160,49,0,-0.00017257221043109894,411,0.7729868713934952,0.7729868713934952,1.0,0.46987951807228917,0.7710843373493976,0.609375
msmarco-passage-trec-dl-2019,87181,allocation-grid-oracle,1024,736,288,1024,0.71875,448,58,0,-0.00018426869064569473,873,0.7729868713934952,0.7729868713934952,1.0,0.5662650602409639,0.7710843373493976,0.734375
msmarco-passage-trec-dl-2019,87181,allocation-grid-oracle,2048,1760,288,2048,0.859375,1472,64,0,-2.342555671930313e-05,1875,0.7729868713934952,0.7729868713934952,1.0,0.6144578313253012,0.7710843373493976,0.7968749999999999
msmarco-passage-trec-dl-2019,87181,allocation-grid-oracle,4096,3808,288,4096,0.9296875,3520,65,0,-4.921760410070419e-05,3895,0.7729868713934952,0.7729868713934952,1.0,0.6144578313253012,0.7710843373493976,0.7968749999999999
msmarco-passage-trec-dl-2019,87181,allocation-grid-oracle,8192,4520,3672,8192,0.5517578125,848,99,0,-1.972448080778122e-05,7568,0.7729868713934952,0.7729868713934952,1.0,0.7710843373493976,0.7710843373493976,1.0
msmarco-passage-trec-dl-2019,87181,allocation-grid-oracle,10000,5000,5000,10000,0.5,0,100,1,-inf,9232,0.7729868713934952,0.7729868713934952,1.0,0.7710843373493976,0.7710843373493976,1.0
msmarco-passage-trec-dl-2019,443396,balanced,128,64,64,128,0.5,0,2,0,-0.0007146205753087997,120,0.2200917662980802,0.2200917662980802,1.0,0.010638297872340425,0.05319148936170213,0.19999999999999998
msmarco-passage-trec-dl-2019,443396,balanced,256,128,128,256,0.5,0,4,0,-5.1390379667282104e-06,245,0.2200917662980802,0.2200917662980802,1.0,0.010638297872340425,0.05319148936170213,0.19999999999999998
msmarco-passage-trec-dl-2019,443396,balanced,512,256,256,512,0.5,0,9,0,-0.001843305304646492,494,0.2200917662980802,0.2200917662980802,1.0,0.010638297872340425,0.05319148936170213,0.19999999999999998
msmarco-passage-trec-dl-2019,443396,balanced,1024,512,512,1024,0.5,0,9,0,-0.0004270002245903015,997,0.2200917662980802,0.2200917662980802,1.0,0.010638297872340425,0.05319148936170213,0.19999999999999998
msmarco-passage-trec-dl-2019,443396,balanced,2048,1024,1024,2048,0.5,0,11,0,-2.831965684890747e-05,1991,0.2200917662980802,0.2200917662980802,1.0,0.010638297872340425,0.05319148936170213,0.19999999999999998
msmarco-passage-trec-dl-2019,443396,balanced,4096,2048,2048,4096,0.5,0,13,0,-0.00020997412502765656,3982,0.2200917662980802,0.2200917662980802,1.0,0.02127659574468085,0.05319148936170213,0.39999999999999997
msmarco-passage-trec-dl-2019,443396,balanced,8192,4096,4096,8192,0.5,0,14,0,-5.997717380523682e-07,7916,0.2200917662980802,0.2200917662980802,1.0,0.02127659574468085,0.05319148936170213,0.39999999999999997
msmarco-passage-trec-dl-2019,443396,balanced,10000,5000,5000,10000,0.5,0,15,0,-0.00019762851297855377,9636,0.2200917662980802,0.2200917662980802,1.0,0.02127659574468085,0.05319148936170213,0.39999999999999997
msmarco-passage-trec-dl-2019,443396,blocker,128,64,64,128,0.5,0,2,0,-0.0007146205753087997,120,0.2200917662980802,0.2200917662980802,1.0,0.010638297872340425,0.05319148936170213,0.19999999999999998
msmarco-passage-trec-dl-2019,443396,blocker,256,128,128,256,0.5,0,4,0,-5.1390379667282104e-06,245,0.2200917662980802,0.2200917662980802,1.0,0.010638297872340425,0.05319148936170213,0.19999999999999998
msmarco-passage-trec-dl-2019,443396,blocker,512,240,272,512,0.46875,32,9,0,-0.001747671514749527,494,0.2200917662980802,0.2200917662980802,1.0,0.010638297872340425,0.05319148936170213,0.19999999999999998
msmarco-passage-trec-dl-2019,443396,blocker,1024,464,560,1024,0.453125,96,9,0,-0.00032273493707180023,999,0.2200917662980802,0.2200917662980802,1.0,0.010638297872340425,0.05319148936170213,0.19999999999999998
msmarco-passage-trec-dl-2019,443396,blocker,2048,880,1168,2048,0.4296875,288,12,0,-0.00015474110841751099,1988,0.2200917662980802,0.2200917662980802,1.0,0.010638297872340425,0.05319148936170213,0.19999999999999998
msmarco-passage-trec-dl-2019,443396,blocker,4096,2048,2048,4096,0.5,0,13,0,-0.00020997412502765656,3982,0.2200917662980802,0.2200917662980802,1.0,0.02127659574468085,0.05319148936170213,0.39999999999999997
msmarco-passage-trec-dl-2019,443396,blocker,8192,4096,4096,8192,0.5,0,14,0,-5.997717380523682e-07,7916,0.2200917662980802,0.2200917662980802,1.0,0.02127659574468085,0.05319148936170213,0.39999999999999997
msmarco-passage-trec-dl-2019,443396,blocker,10000,5000,5000,10000,0.5,0,15,0,-0.00019762851297855377,9636,0.2200917662980802,0.2200917662980802,1.0,0.02127659574468085,0.05319148936170213,0.39999999999999997
msmarco-passage-trec-dl-2019,443396,candidate,128,64,64,128,0.5,0,2,0,-0.0007146205753087997,120,0.2200917662980802,0.2200917662980802,1.0,0.010638297872340425,0.05319148936170213,0.19999999999999998
msmarco-passage-trec-dl-2019,443396,candidate,256,128,128,256,0.5,0,4,0,-5.1390379667282104e-06,245,0.2200917662980802,0.2200917662980802,1.0,0.010638297872340425,0.05319148936170213,0.19999999999999998
msmarco-passage-trec-dl-2019,443396,candidate,512,240,272,512,0.46875,32,9,0,-0.001747671514749527,494,0.2200917662980802,0.2200917662980802,1.0,0.010638297872340425,0.05319148936170213,0.19999999999999998
msmarco-passage-trec-dl-2019,443396,candidate,1024,464,560,1024,0.453125,96,9,0,-0.00032273493707180023,999,0.2200917662980802,0.2200917662980802,1.0,0.010638297872340425,0.05319148936170213,0.19999999999999998
msmarco-passage-trec-dl-2019,443396,candidate,2048,880,1168,2048,0.4296875,288,12,0,-0.00015474110841751099,1988,0.2200917662980802,0.2200917662980802,1.0,0.010638297872340425,0.05319148936170213,0.19999999999999998
msmarco-passage-trec-dl-2019,443396,candidate,4096,1024,3072,4096,0.25,2048,13,0,-0.0006580986082553864,4014,0.2200917662980802,0.2200917662980802,1.0,0.02127659574468085,0.05319148936170213,0.39999999999999997
msmarco-passage-trec-dl-2019,443396,candidate,8192,4096,4096,8192,0.5,0,14,0,-5.997717380523682e-07,7916,0.2200917662980802,0.2200917662980802,1.0,0.02127659574468085,0.05319148936170213,0.39999999999999997
msmarco-passage-trec-dl-2019,443396,candidate,10000,5000,5000,10000,0.5,0,15,0,-0.00019762851297855377,9636,0.2200917662980802,0.2200917662980802,1.0,0.02127659574468085,0.05319148936170213,0.39999999999999997
msmarco-passage-trec-dl-2019,443396,candidate-safe,128,64,64,128,0.5,0,2,0,-0.0007146205753087997,120,0.2200917662980802,0.2200917662980802,1.0,0.010638297872340425,0.05319148936170213,0.19999999999999998
msmarco-passage-trec-dl-2019,443396,candidate-safe,256,128,128,256,0.5,0,4,0,-5.1390379667282104e-06,245,0.2200917662980802,0.2200917662980802,1.0,0.010638297872340425,0.05319148936170213,0.19999999999999998
msmarco-passage-trec-dl-2019,443396,candidate-safe,512,240,272,512,0.46875,32,9,0,-0.001747671514749527,494,0.2200917662980802,0.2200917662980802,1.0,0.010638297872340425,0.05319148936170213,0.19999999999999998
msmarco-passage-trec-dl-2019,443396,candidate-safe,1024,464,560,1024,0.453125,96,9,0,-0.00032273493707180023,999,0.2200917662980802,0.2200917662980802,1.0,0.010638297872340425,0.05319148936170213,0.19999999999999998
msmarco-passage-trec-dl-2019,443396,candidate-safe,2048,880,1168,2048,0.4296875,288,12,0,-0.00015474110841751099,1988,0.2200917662980802,0.2200917662980802,1.0,0.010638297872340425,0.05319148936170213,0.19999999999999998
msmarco-passage-trec-dl-2019,443396,candidate-safe,4096,1024,3072,4096,0.25,2048,13,0,-0.0006580986082553864,4014,0.2200917662980802,0.2200917662980802,1.0,0.02127659574468085,0.05319148936170213,0.39999999999999997
msmarco-passage-trec-dl-2019,443396,candidate-safe,8192,4096,4096,8192,0.5,0,14,0,-5.997717380523682e-07,7916,0.2200917662980802,0.2200917662980802,1.0,0.02127659574468085,0.05319148936170213,0.39999999999999997
msmarco-passage-trec-dl-2019,443396,candidate-safe,10000,5000,5000,10000,0.5,0,15,0,-0.00019762851297855377,9636,0.2200917662980802,0.2200917662980802,1.0,0.02127659574468085,0.05319148936170213,0.39999999999999997
msmarco-passage-trec-dl-2019,443396,pressure,128,64,64,128,0.5,0,2,0,-0.0007146205753087997,120,0.2200917662980802,0.2200917662980802,1.0,0.010638297872340425,0.05319148936170213,0.19999999999999998
msmarco-passage-trec-dl-2019,443396,pressure,256,128,128,256,0.5,0,4,0,-5.1390379667282104e-06,245,0.2200917662980802,0.2200917662980802,1.0,0.010638297872340425,0.05319148936170213,0.19999999999999998
msmarco-passage-trec-dl-2019,443396,pressure,512,240,272,512,0.46875,32,9,0,-0.001747671514749527,494,0.2200917662980802,0.2200917662980802,1.0,0.010638297872340425,0.05319148936170213,0.19999999999999998
msmarco-passage-trec-dl-2019,443396,pressure,1024,496,528,1024,0.484375,32,9,0,-0.00037942826747894287,998,0.2200917662980802,0.2200917662980802,1.0,0.010638297872340425,0.05319148936170213,0.19999999999999998
msmarco-passage-trec-dl-2019,443396,pressure,2048,976,1072,2048,0.4765625,96,12,0,-0.00022380240261554718,1989,0.2200917662980802,0.2200917662980802,1.0,0.010638297872340425,0.05319148936170213,0.19999999999999998
msmarco-passage-trec-dl-2019,443396,pressure,4096,2048,2048,4096,0.5,0,13,0,-0.00020997412502765656,3982,0.2200917662980802,0.2200917662980802,1.0,0.02127659574468085,0.05319148936170213,0.39999999999999997
msmarco-passage-trec-dl-2019,443396,pressure,8192,4096,4096,8192,0.5,0,14,0,-5.997717380523682e-07,7916,0.2200917662980802,0.2200917662980802,1.0,0.02127659574468085,0.05319148936170213,0.39999999999999997
msmarco-passage-trec-dl-2019,443396,pressure,10000,5000,5000,10000,0.5,0,15,0,-0.00019762851297855377,9636,0.2200917662980802,0.2200917662980802,1.0,0.02127659574468085,0.05319148936170213,0.39999999999999997
msmarco-passage-trec-dl-2019,443396,allocation-grid-oracle,128,64,64,128,0.5,0,2,0,-0.0007146205753087997,120,0.2200917662980802,0.2200917662980802,1.0,0.010638297872340425,0.05319148936170213,0.19999999999999998
msmarco-passage-trec-dl-2019,443396,allocation-grid-oracle,256,128,128,256,0.5,0,4,0,-5.1390379667282104e-06,245,0.2200917662980802,0.2200917662980802,1.0,0.010638297872340425,0.05319148936170213,0.19999999999999998
msmarco-passage-trec-dl-2019,443396,allocation-grid-oracle,512,240,272,512,0.46875,32,9,0,-0.001747671514749527,494,0.2200917662980802,0.2200917662980802,1.0,0.010638297872340425,0.05319148936170213,0.19999999999999998
msmarco-passage-trec-dl-2019,443396,allocation-grid-oracle,1024,464,560,1024,0.453125,96,9,0,-0.00032273493707180023,999,0.2200917662980802,0.2200917662980802,1.0,0.010638297872340425,0.05319148936170213,0.19999999999999998
msmarco-passage-trec-dl-2019,443396,allocation-grid-oracle,2048,880,1168,2048,0.4296875,288,12,0,-0.00015474110841751099,1988,0.2200917662980802,0.2200917662980802,1.0,0.010638297872340425,0.05319148936170213,0.19999999999999998
msmarco-passage-trec-dl-2019,443396,allocation-grid-oracle,4096,2048,2048,4096,0.5,0,13,0,-0.00020997412502765656,3982,0.2200917662980802,0.2200917662980802,1.0,0.02127659574468085,0.05319148936170213,0.39999999999999997
msmarco-passage-trec-dl-2019,443396,allocation-grid-oracle,8192,4096,4096,8192,0.5,0,14,0,-5.997717380523682e-07,7916,0.2200917662980802,0.2200917662980802,1.0,0.02127659574468085,0.05319148936170213,0.39999999999999997
msmarco-passage-trec-dl-2019,443396,allocation-grid-oracle,10000,5000,5000,10000,0.5,0,15,0,-0.00019762851297855377,9636,0.2200917662980802,0.2200917662980802,1.0,0.02127659574468085,0.05319148936170213,0.39999999999999997
msmarco-passage-trec-dl-2019,1121709,balanced,128,64,64,128,0.5,0,3,0,-0.0014664996415376663,123,0.24200208883027782,0.4044789207924737,0.598305811230252,0.25,0.75,0.3333333333333333
msmarco-passage-trec-dl-2019,1121709,balanced,256,128,128,256,0.5,0,4,0,-0.001472456380724907,250,0.29091248885135507,0.4044789207924737,0.7192278111338557,0.3333333333333333,0.75,0.4444444444444444
msmarco-passage-trec-dl-2019,1121709,balanced,512,256,256,512,0.5,0,5,0,-0.002891331911087036,505,0.29091248885135507,0.4044789207924737,0.7192278111338557,0.3333333333333333,0.75,0.4444444444444444
msmarco-passage-trec-dl-2019,1121709,balanced,1024,512,512,1024,0.5,0,6,0,-0.001484055072069168,1005,0.29091248885135507,0.4044789207924737,0.7192278111338557,0.3333333333333333,0.75,0.4444444444444444
msmarco-passage-trec-dl-2019,1121709,balanced,2048,1024,1024,2048,0.5,0,6,0,-7.544085383415222e-05,2012,0.29091248885135507,0.4044789207924737,0.7192278111338557,0.3333333333333333,0.75,0.4444444444444444
msmarco-passage-trec-dl-2019,1121709,balanced,4096,2048,2048,4096,0.5,0,8,0,-0.00021018646657466888,4028,0.4044789207924737,0.4044789207924737,1.0,0.4166666666666667,0.75,0.5555555555555556
msmarco-passage-trec-dl-2019,1121709,balanced,8192,4096,4096,8192,0.5,0,11,0,-0.00015926174819469452,8041,0.4044789207924737,0.4044789207924737,1.0,0.4166666666666667,0.75,0.5555555555555556
msmarco-passage-trec-dl-2019,1121709,balanced,10000,5000,5000,10000,0.5,0,11,0,-0.00011627376079559326,9801,0.4044789207924737,0.4044789207924737,1.0,0.4166666666666667,0.75,0.5555555555555556
msmarco-passage-trec-dl-2019,1121709,blocker,128,64,64,128,0.5,0,3,0,-0.0014664996415376663,123,0.24200208883027782,0.4044789207924737,0.598305811230252,0.25,0.75,0.3333333333333333
msmarco-passage-trec-dl-2019,1121709,blocker,256,128,128,256,0.5,0,4,0,-0.001472456380724907,250,0.29091248885135507,0.4044789207924737,0.7192278111338557,0.3333333333333333,0.75,0.4444444444444444
msmarco-passage-trec-dl-2019,1121709,blocker,512,256,256,512,0.5,0,5,0,-0.002891331911087036,505,0.29091248885135507,0.4044789207924737,0.7192278111338557,0.3333333333333333,0.75,0.4444444444444444
msmarco-passage-trec-dl-2019,1121709,blocker,1024,512,512,1024,0.5,0,6,0,-0.001484055072069168,1005,0.29091248885135507,0.4044789207924737,0.7192278111338557,0.3333333333333333,0.75,0.4444444444444444
msmarco-passage-trec-dl-2019,1121709,blocker,2048,1024,1024,2048,0.5,0,6,0,-7.544085383415222e-05,2012,0.29091248885135507,0.4044789207924737,0.7192278111338557,0.3333333333333333,0.75,0.4444444444444444
msmarco-passage-trec-dl-2019,1121709,blocker,4096,2976,1120,4096,0.7265625,1856,8,0,-6.518326699733734e-05,4033,0.4044789207924737,0.4044789207924737,1.0,0.4166666666666667,0.75,0.5555555555555556
msmarco-passage-trec-dl-2019,1121709,blocker,8192,5000,3192,8192,0.6103515625,1808,11,0,-0.00011627376079559326,8041,0.4044789207924737,0.4044789207924737,1.0,0.4166666666666667,0.75,0.5555555555555556
msmarco-passage-trec-dl-2019,1121709,blocker,10000,5000,5000,10000,0.5,0,11,0,-0.00011627376079559326,9801,0.4044789207924737,0.4044789207924737,1.0,0.4166666666666667,0.75,0.5555555555555556
msmarco-passage-trec-dl-2019,1121709,candidate,128,112,16,128,0.875,96,1,0,-0.01315789483487606,127,0.1135664319411187,0.4044789207924737,0.2807721888661444,0.08333333333333333,0.75,0.1111111111111111
msmarco-passage-trec-dl-2019,1121709,candidate,256,240,16,256,0.9375,224,1,0,-0.01315789483487606,255,0.1135664319411187,0.4044789207924737,0.2807721888661444,0.08333333333333333,0.75,0.1111111111111111
msmarco-passage-trec-dl-2019,1121709,candidate,512,368,144,512,0.71875,224,4,0,-0.0007820427417755127,505,0.29091248885135507,0.4044789207924737,0.7192278111338557,0.3333333333333333,0.75,0.4444444444444444
msmarco-passage-trec-dl-2019,1121709,candidate,1024,512,512,1024,0.5,0,6,0,-0.001484055072069168,1005,0.29091248885135507,0.4044789207924737,0.7192278111338557,0.3333333333333333,0.75,0.4444444444444444
msmarco-passage-trec-dl-2019,1121709,candidate,2048,1024,1024,2048,0.5,0,6,0,-7.544085383415222e-05,2012,0.29091248885135507,0.4044789207924737,0.7192278111338557,0.3333333333333333,0.75,0.4444444444444444
msmarco-passage-trec-dl-2019,1121709,candidate,4096,2976,1120,4096,0.7265625,1856,8,0,-6.518326699733734e-05,4033,0.4044789207924737,0.4044789207924737,1.0,0.4166666666666667,0.75,0.5555555555555556
msmarco-passage-trec-dl-2019,1121709,candidate,8192,5000,3192,8192,0.6103515625,1808,11,0,-0.00011627376079559326,8041,0.4044789207924737,0.4044789207924737,1.0,0.4166666666666667,0.75,0.5555555555555556
msmarco-passage-trec-dl-2019,1121709,candidate,10000,5000,5000,10000,0.5,0,11,0,-0.00011627376079559326,9801,0.4044789207924737,0.4044789207924737,1.0,0.4166666666666667,0.75,0.5555555555555556
msmarco-passage-trec-dl-2019,1121709,candidate-safe,128,112,16,128,0.875,96,1,0,-0.01315789483487606,127,0.1135664319411187,0.4044789207924737,0.2807721888661444,0.08333333333333333,0.75,0.1111111111111111
msmarco-passage-trec-dl-2019,1121709,candidate-safe,256,240,16,256,0.9375,224,1,0,-0.01315789483487606,255,0.1135664319411187,0.4044789207924737,0.2807721888661444,0.08333333333333333,0.75,0.1111111111111111
msmarco-passage-trec-dl-2019,1121709,candidate-safe,512,368,144,512,0.71875,224,4,0,-0.0007820427417755127,505,0.29091248885135507,0.4044789207924737,0.7192278111338557,0.3333333333333333,0.75,0.4444444444444444
msmarco-passage-trec-dl-2019,1121709,candidate-safe,1024,512,512,1024,0.5,0,6,0,-0.001484055072069168,1005,0.29091248885135507,0.4044789207924737,0.7192278111338557,0.3333333333333333,0.75,0.4444444444444444
msmarco-passage-trec-dl-2019,1121709,candidate-safe,2048,1024,1024,2048,0.5,0,6,0,-7.544085383415222e-05,2012,0.29091248885135507,0.4044789207924737,0.7192278111338557,0.3333333333333333,0.75,0.4444444444444444
msmarco-passage-trec-dl-2019,1121709,candidate-safe,4096,2976,1120,4096,0.7265625,1856,8,0,-6.518326699733734e-05,4033,0.4044789207924737,0.4044789207924737,1.0,0.4166666666666667,0.75,0.5555555555555556
msmarco-passage-trec-dl-2019,1121709,candidate-safe,8192,5000,3192,8192,0.6103515625,1808,11,0,-0.00011627376079559326,8041,0.4044789207924737,0.4044789207924737,1.0,0.4166666666666667,0.75,0.5555555555555556
msmarco-passage-trec-dl-2019,1121709,candidate-safe,10000,5000,5000,10000,0.5,0,11,0,-0.00011627376079559326,9801,0.4044789207924737,0.4044789207924737,1.0,0.4166666666666667,0.75,0.5555555555555556
msmarco-passage-trec-dl-2019,1121709,pressure,128,64,64,128,0.5,0,3,0,-0.0014664996415376663,123,0.24200208883027782,0.4044789207924737,0.598305811230252,0.25,0.75,0.3333333333333333
msmarco-passage-trec-dl-2019,1121709,pressure,256,128,128,256,0.5,0,4,0,-0.001472456380724907,250,0.29091248885135507,0.4044789207924737,0.7192278111338557,0.3333333333333333,0.75,0.4444444444444444
msmarco-passage-trec-dl-2019,1121709,pressure,512,256,256,512,0.5,0,5,0,-0.002891331911087036,505,0.29091248885135507,0.4044789207924737,0.7192278111338557,0.3333333333333333,0.75,0.4444444444444444
msmarco-passage-trec-dl-2019,1121709,pressure,1024,528,496,1024,0.515625,32,6,0,-0.001534363254904747,1005,0.29091248885135507,0.4044789207924737,0.7192278111338557,0.3333333333333333,0.75,0.4444444444444444
msmarco-passage-trec-dl-2019,1121709,pressure,2048,1024,1024,2048,0.5,0,6,0,-7.544085383415222e-05,2012,0.29091248885135507,0.4044789207924737,0.7192278111338557,0.3333333333333333,0.75,0.4444444444444444
msmarco-passage-trec-dl-2019,1121709,pressure,4096,2880,1216,4096,0.703125,1664,8,0,-7.593818008899689e-05,4030,0.4044789207924737,0.4044789207924737,1.0,0.4166666666666667,0.75,0.5555555555555556
msmarco-passage-trec-dl-2019,1121709,pressure,8192,5000,3192,8192,0.6103515625,1808,11,0,-0.00011627376079559326,8041,0.4044789207924737,0.4044789207924737,1.0,0.4166666666666667,0.75,0.5555555555555556
msmarco-passage-trec-dl-2019,1121709,pressure,10000,5000,5000,10000,0.5,0,11,0,-0.00011627376079559326,9801,0.4044789207924737,0.4044789207924737,1.0,0.4166666666666667,0.75,0.5555555555555556
msmarco-passage-trec-dl-2019,1121709,allocation-grid-oracle,128,64,64,128,0.5,0,3,0,-0.0014664996415376663,123,0.24200208883027782,0.4044789207924737,0.598305811230252,0.25,0.75,0.3333333333333333
msmarco-passage-trec-dl-2019,1121709,allocation-grid-oracle,256,128,128,256,0.5,0,4,0,-0.001472456380724907,250,0.29091248885135507,0.4044789207924737,0.7192278111338557,0.3333333333333333,0.75,0.4444444444444444
msmarco-passage-trec-dl-2019,1121709,allocation-grid-oracle,512,256,256,512,0.5,0,5,0,-0.002891331911087036,505,0.29091248885135507,0.4044789207924737,0.7192278111338557,0.3333333333333333,0.75,0.4444444444444444
msmarco-passage-trec-dl-2019,1121709,allocation-grid-oracle,1024,560,464,1024,0.546875,96,6,0,-0.0010613296180963516,1004,0.29091248885135507,0.4044789207924737,0.7192278111338557,0.3333333333333333,0.75,0.4444444444444444
msmarco-passage-trec-dl-2019,1121709,allocation-grid-oracle,2048,1024,1024,2048,0.5,0,6,0,-7.544085383415222e-05,2012,0.29091248885135507,0.4044789207924737,0.7192278111338557,0.3333333333333333,0.75,0.4444444444444444
msmarco-passage-trec-dl-2019,1121709,allocation-grid-oracle,4096,2976,1120,4096,0.7265625,1856,8,0,-6.518326699733734e-05,4033,0.4044789207924737,0.4044789207924737,1.0,0.4166666666666667,0.75,0.5555555555555556
msmarco-passage-trec-dl-2019,1121709,allocation-grid-oracle,8192,5000,3192,8192,0.6103515625,1808,11,0,-0.00011627376079559326,8041,0.4044789207924737,0.4044789207924737,1.0,0.4166666666666667,0.75,0.5555555555555556
msmarco-passage-trec-dl-2019,1121709,allocation-grid-oracle,10000,5000,5000,10000,0.5,0,11,0,-0.00011627376079559326,9801,0.4044789207924737,0.4044789207924737,1.0,0.4166666666666667,0.75,0.5555555555555556
msmarco-passage-trec-dl-2019,87452,balanced,128,64,64,128,0.5,0,14,0,-0.00047872215509414673,104,0.3032624911728478,0.3032624911728478,1.0,0.14814814814814814,0.4691358024691358,0.3157894736842105
msmarco-passage-trec-dl-2019,87452,balanced,256,128,128,256,0.5,0,24,0,-0.0020242221653461456,212,0.3032624911728478,0.3032624911728478,1.0,0.2222222222222222,0.4691358024691358,0.47368421052631576
msmarco-passage-trec-dl-2019,87452,balanced,512,256,256,512,0.5,0,26,0,-6.794929504394531e-06,411,0.3032624911728478,0.3032624911728478,1.0,0.24691358024691357,0.4691358024691358,0.5263157894736842
msmarco-passage-trec-dl-2019,87452,balanced,1024,512,512,1024,0.5,0,33,0,-0.0001883581280708313,813,0.3032624911728478,0.3032624911728478,1.0,0.2962962962962963,0.4691358024691358,0.631578947368421
msmarco-passage-trec-dl-2019,87452,balanced,2048,1024,1024,2048,0.5,0,44,0,-3.4578144550323486e-05,1701,0.3032624911728478,0.3032624911728478,1.0,0.345679012345679,0.4691358024691358,0.7368421052631579
msmarco-passage-trec-dl-2019,87452,balanced,4096,2048,2048,4096,0.5,0,49,0,-6.531365215778351e-05,3437,0.3032624911728478,0.3032624911728478,1.0,0.35802469135802467,0.4691358024691358,0.7631578947368421
msmarco-passage-trec-dl-2019,87452,balanced,8192,4096,4096,8192,0.5,0,60,0,-0.00014540273696184158,7143,0.3032624911728478,0.3032624911728478,1.0,0.3950617283950617,0.4691358024691358,0.8421052631578947
msmarco-passage-trec-dl-2019,87452,balanced,10000,5000,5000,10000,0.5,0,60,0,-0.00010241568088531494,8827,0.3032624911728478,0.3032624911728478,1.0,0.3950617283950617,0.4691358024691358,0.8421052631578947
msmarco-passage-trec-dl-2019,87452,blocker,128,64,64,128,0.5,0,14,0,-0.00047872215509414673,104,0.3032624911728478,0.3032624911728478,1.0,0.14814814814814814,0.4691358024691358,0.3157894736842105
msmarco-passage-trec-dl-2019,87452,blocker,256,144,112,256,0.5625,32,24,0,-0.0016070343554019928,212,0.3032624911728478,0.3032624911728478,1.0,0.2222222222222222,0.4691358024691358,0.47368421052631576
msmarco-passage-trec-dl-2019,87452,blocker,512,272,240,512,0.53125,32,27,0,-2.0420178771018982e-05,411,0.3032624911728478,0.3032624911728478,1.0,0.25925925925925924,0.4691358024691358,0.5526315789473685
msmarco-passage-trec-dl-2019,87452,blocker,1024,608,416,1024,0.59375,192,35,0,-0.00022783316671848297,803,0.3032624911728478,0.3032624911728478,1.0,0.30864197530864196,0.4691358024691358,0.6578947368421053
msmarco-passage-trec-dl-2019,87452,blocker,2048,800,1248,2048,0.390625,448,47,0,-5.932338535785675e-05,1705,0.3032624911728478,0.3032624911728478,1.0,0.35802469135802467,0.4691358024691358,0.7631578947368421
msmarco-passage-trec-dl-2019,87452,blocker,4096,800,3296,4096,0.1953125,2496,60,0,-0.00020276103168725967,3632,0.3032624911728478,0.3032624911728478,1.0,0.3950617283950617,0.4691358024691358,0.8421052631578947
msmarco-passage-trec-dl-2019,87452,blocker,8192,3192,5000,8192,0.3896484375,1808,60,0,-0.00010241568088531494,7220,0.3032624911728478,0.3032624911728478,1.0,0.3950617283950617,0.4691358024691358,0.8421052631578947
msmarco-passage-trec-dl-2019,87452,blocker,10000,5000,5000,10000,0.5,0,60,0,-0.00010241568088531494,8827,0.3032624911728478,0.3032624911728478,1.0,0.3950617283950617,0.4691358024691358,0.8421052631578947
msmarco-passage-trec-dl-2019,87452,candidate,128,64,64,128,0.5,0,14,0,-0.00047872215509414673,104,0.3032624911728478,0.3032624911728478,1.0,0.14814814814814814,0.4691358024691358,0.3157894736842105
msmarco-passage-trec-dl-2019,87452,candidate,256,144,112,256,0.5625,32,24,0,-0.0016070343554019928,212,0.3032624911728478,0.3032624911728478,1.0,0.2222222222222222,0.4691358024691358,0.47368421052631576
msmarco-passage-trec-dl-2019,87452,candidate,512,272,240,512,0.53125,32,27,0,-2.0420178771018982e-05,411,0.3032624911728478,0.3032624911728478,1.0,0.25925925925925924,0.4691358024691358,0.5526315789473685
msmarco-passage-trec-dl-2019,87452,candidate,1024,608,416,1024,0.59375,192,35,0,-0.00022783316671848297,803,0.3032624911728478,0.3032624911728478,1.0,0.30864197530864196,0.4691358024691358,0.6578947368421053
msmarco-passage-trec-dl-2019,87452,candidate,2048,800,1248,2048,0.390625,448,47,0,-5.932338535785675e-05,1705,0.3032624911728478,0.3032624911728478,1.0,0.35802469135802467,0.4691358024691358,0.7631578947368421
msmarco-passage-trec-dl-2019,87452,candidate,4096,800,3296,4096,0.1953125,2496,60,0,-0.00020276103168725967,3632,0.3032624911728478,0.3032624911728478,1.0,0.3950617283950617,0.4691358024691358,0.8421052631578947
msmarco-passage-trec-dl-2019,87452,candidate,8192,3192,5000,8192,0.3896484375,1808,60,0,-0.00010241568088531494,7220,0.3032624911728478,0.3032624911728478,1.0,0.3950617283950617,0.4691358024691358,0.8421052631578947
msmarco-passage-trec-dl-2019,87452,candidate,10000,5000,5000,10000,0.5,0,60,0,-0.00010241568088531494,8827,0.3032624911728478,0.3032624911728478,1.0,0.3950617283950617,0.4691358024691358,0.8421052631578947
msmarco-passage-trec-dl-2019,87452,candidate-safe,128,64,64,128,0.5,0,14,0,-0.00047872215509414673,104,0.3032624911728478,0.3032624911728478,1.0,0.14814814814814814,0.4691358024691358,0.3157894736842105
msmarco-passage-trec-dl-2019,87452,candidate-safe,256,144,112,256,0.5625,32,24,0,-0.0016070343554019928,212,0.3032624911728478,0.3032624911728478,1.0,0.2222222222222222,0.4691358024691358,0.47368421052631576
msmarco-passage-trec-dl-2019,87452,candidate-safe,512,272,240,512,0.53125,32,27,0,-2.0420178771018982e-05,411,0.3032624911728478,0.3032624911728478,1.0,0.25925925925925924,0.4691358024691358,0.5526315789473685
msmarco-passage-trec-dl-2019,87452,candidate-safe,1024,608,416,1024,0.59375,192,35,0,-0.00022783316671848297,803,0.3032624911728478,0.3032624911728478,1.0,0.30864197530864196,0.4691358024691358,0.6578947368421053
msmarco-passage-trec-dl-2019,87452,candidate-safe,2048,800,1248,2048,0.390625,448,47,0,-5.932338535785675e-05,1705,0.3032624911728478,0.3032624911728478,1.0,0.35802469135802467,0.4691358024691358,0.7631578947368421
msmarco-passage-trec-dl-2019,87452,candidate-safe,4096,800,3296,4096,0.1953125,2496,60,0,-0.00020276103168725967,3632,0.3032624911728478,0.3032624911728478,1.0,0.3950617283950617,0.4691358024691358,0.8421052631578947
msmarco-passage-trec-dl-2019,87452,candidate-safe,8192,3192,5000,8192,0.3896484375,1808,60,0,-0.00010241568088531494,7220,0.3032624911728478,0.3032624911728478,1.0,0.3950617283950617,0.4691358024691358,0.8421052631578947
msmarco-passage-trec-dl-2019,87452,candidate-safe,10000,5000,5000,10000,0.5,0,60,0,-0.00010241568088531494,8827,0.3032624911728478,0.3032624911728478,1.0,0.3950617283950617,0.4691358024691358,0.8421052631578947
msmarco-passage-trec-dl-2019,87452,pressure,128,64,64,128,0.5,0,14,0,-0.00047872215509414673,104,0.3032624911728478,0.3032624911728478,1.0,0.14814814814814814,0.4691358024691358,0.3157894736842105
msmarco-passage-trec-dl-2019,87452,pressure,256,128,128,256,0.5,0,24,0,-0.0020242221653461456,212,0.3032624911728478,0.3032624911728478,1.0,0.2222222222222222,0.4691358024691358,0.47368421052631576
msmarco-passage-trec-dl-2019,87452,pressure,512,272,240,512,0.53125,32,27,0,-2.0420178771018982e-05,411,0.3032624911728478,0.3032624911728478,1.0,0.25925925925925924,0.4691358024691358,0.5526315789473685
msmarco-passage-trec-dl-2019,87452,pressure,1024,608,416,1024,0.59375,192,35,0,-0.00022783316671848297,803,0.3032624911728478,0.3032624911728478,1.0,0.30864197530864196,0.4691358024691358,0.6578947368421053
msmarco-passage-trec-dl-2019,87452,pressure,2048,800,1248,2048,0.390625,448,47,0,-5.932338535785675e-05,1705,0.3032624911728478,0.3032624911728478,1.0,0.35802469135802467,0.4691358024691358,0.7631578947368421
msmarco-passage-trec-dl-2019,87452,pressure,4096,800,3296,4096,0.1953125,2496,60,0,-0.00020276103168725967,3632,0.3032624911728478,0.3032624911728478,1.0,0.3950617283950617,0.4691358024691358,0.8421052631578947
msmarco-passage-trec-dl-2019,87452,pressure,8192,3192,5000,8192,0.3896484375,1808,60,0,-0.00010241568088531494,7220,0.3032624911728478,0.3032624911728478,1.0,0.3950617283950617,0.4691358024691358,0.8421052631578947
msmarco-passage-trec-dl-2019,87452,pressure,10000,5000,5000,10000,0.5,0,60,0,-0.00010241568088531494,8827,0.3032624911728478,0.3032624911728478,1.0,0.3950617283950617,0.4691358024691358,0.8421052631578947
msmarco-passage-trec-dl-2019,87452,allocation-grid-oracle,128,64,64,128,0.5,0,14,0,-0.00047872215509414673,104,0.3032624911728478,0.3032624911728478,1.0,0.14814814814814814,0.4691358024691358,0.3157894736842105
msmarco-passage-trec-dl-2019,87452,allocation-grid-oracle,256,144,112,256,0.5625,32,24,0,-0.0016070343554019928,212,0.3032624911728478,0.3032624911728478,1.0,0.2222222222222222,0.4691358024691358,0.47368421052631576
msmarco-passage-trec-dl-2019,87452,allocation-grid-oracle,512,272,240,512,0.53125,32,27,0,-2.0420178771018982e-05,411,0.3032624911728478,0.3032624911728478,1.0,0.25925925925925924,0.4691358024691358,0.5526315789473685
msmarco-passage-trec-dl-2019,87452,allocation-grid-oracle,1024,608,416,1024,0.59375,192,35,0,-0.00022783316671848297,803,0.3032624911728478,0.3032624911728478,1.0,0.30864197530864196,0.4691358024691358,0.6578947368421053
msmarco-passage-trec-dl-2019,87452,allocation-grid-oracle,2048,800,1248,2048,0.390625,448,47,0,-5.932338535785675e-05,1705,0.3032624911728478,0.3032624911728478,1.0,0.35802469135802467,0.4691358024691358,0.7631578947368421
msmarco-passage-trec-dl-2019,87452,allocation-grid-oracle,4096,800,3296,4096,0.1953125,2496,60,0,-0.00020276103168725967,3632,0.3032624911728478,0.3032624911728478,1.0,0.3950617283950617,0.4691358024691358,0.8421052631578947
msmarco-passage-trec-dl-2019,87452,allocation-grid-oracle,8192,3192,5000,8192,0.3896484375,1808,60,0,-0.00010241568088531494,7220,0.3032624911728478,0.3032624911728478,1.0,0.3950617283950617,0.4691358024691358,0.8421052631578947
msmarco-passage-trec-dl-2019,87452,allocation-grid-oracle,10000,5000,5000,10000,0.5,0,60,0,-0.00010241568088531494,8827,0.3032624911728478,0.3032624911728478,1.0,0.3950617283950617,0.4691358024691358,0.8421052631578947
msmarco-passage-trec-dl-2019,855410,balanced,128,64,64,128,0.5,0,5,0,-0.007824130356311798,123,1.0,1.0,1.0,1.0,1.0,1.0
msmarco-passage-trec-dl-2019,855410,balanced,256,128,128,256,0.5,0,5,0,-0.005078764632344246,251,1.0,1.0,1.0,1.0,1.0,1.0
msmarco-passage-trec-dl-2019,855410,balanced,512,256,256,512,0.5,0,5,0,-0.002924172207713127,507,1.0,1.0,1.0,1.0,1.0,1.0
msmarco-passage-trec-dl-2019,855410,balanced,1024,512,512,1024,0.5,0,5,0,-0.0015078671276569366,1019,1.0,1.0,1.0,1.0,1.0,1.0
msmarco-passage-trec-dl-2019,855410,balanced,2048,1024,1024,2048,0.5,0,5,0,-0.0006821248680353165,2041,1.0,1.0,1.0,1.0,1.0,1.0
msmarco-passage-trec-dl-2019,855410,balanced,4096,2048,2048,4096,0.5,0,5,0,-0.00023399852216243744,4088,1.0,1.0,1.0,1.0,1.0,1.0
msmarco-passage-trec-dl-2019,855410,balanced,8192,4096,4096,8192,0.5,0,5,0,-2.3096799850463867e-07,8176,1.0,1.0,1.0,1.0,1.0,1.0
msmarco-passage-trec-dl-2019,855410,balanced,10000,5000,5000,10000,0.5,0,6,0,-0.00019762851297855377,9982,1.0,1.0,1.0,1.0,1.0,1.0
msmarco-passage-trec-dl-2019,855410,blocker,128,64,64,128,0.5,0,5,0,-0.007824130356311798,123,1.0,1.0,1.0,1.0,1.0,1.0
msmarco-passage-trec-dl-2019,855410,blocker,256,128,128,256,0.5,0,5,0,-0.005078764632344246,251,1.0,1.0,1.0,1.0,1.0,1.0
msmarco-passage-trec-dl-2019,855410,blocker,512,256,256,512,0.5,0,5,0,-0.002924172207713127,507,1.0,1.0,1.0,1.0,1.0,1.0
msmarco-passage-trec-dl-2019,855410,blocker,1024,512,512,1024,0.5,0,5,0,-0.0015078671276569366,1019,1.0,1.0,1.0,1.0,1.0,1.0
msmarco-passage-trec-dl-2019,855410,blocker,2048,1024,1024,2048,0.5,0,5,0,-0.0006821248680353165,2041,1.0,1.0,1.0,1.0,1.0,1.0
msmarco-passage-trec-dl-2019,855410,blocker,4096,2048,2048,4096,0.5,0,5,0,-0.00023399852216243744,4088,1.0,1.0,1.0,1.0,1.0,1.0
msmarco-passage-trec-dl-2019,855410,blocker,8192,4096,4096,8192,0.5,0,5,0,-2.3096799850463867e-07,8176,1.0,1.0,1.0,1.0,1.0,1.0
msmarco-passage-trec-dl-2019,855410,blocker,10000,5000,5000,10000,0.5,0,6,0,-0.00019762851297855377,9982,1.0,1.0,1.0,1.0,1.0,1.0
msmarco-passage-trec-dl-2019,855410,candidate,128,16,112,128,0.125,96,5,0,-0.01291751116514206,123,1.0,1.0,1.0,1.0,1.0,1.0
msmarco-passage-trec-dl-2019,855410,candidate,256,16,240,256,0.0625,224,5,0,-0.01291751116514206,251,1.0,1.0,1.0,1.0,1.0,1.0
msmarco-passage-trec-dl-2019,855410,candidate,512,16,496,512,0.03125,480,5,0,-0.01291751116514206,507,1.0,1.0,1.0,1.0,1.0,1.0
msmarco-passage-trec-dl-2019,855410,candidate,1024,16,1008,1024,0.015625,992,5,0,-0.01291751116514206,1019,1.0,1.0,1.0,1.0,1.0,1.0
msmarco-passage-trec-dl-2019,855410,candidate,2048,16,2032,2048,0.0078125,2016,5,0,-0.01291751116514206,2043,1.0,1.0,1.0,1.0,1.0,1.0
msmarco-passage-trec-dl-2019,855410,candidate,4096,16,4080,4096,0.00390625,4064,5,0,-0.01291751116514206,4091,1.0,1.0,1.0,1.0,1.0,1.0
msmarco-passage-trec-dl-2019,855410,candidate,8192,3192,5000,8192,0.3896484375,1808,5,0,-6.71185553073883e-05,8177,1.0,1.0,1.0,1.0,1.0,1.0
msmarco-passage-trec-dl-2019,855410,candidate,10000,5000,5000,10000,0.5,0,6,0,-0.00019762851297855377,9982,1.0,1.0,1.0,1.0,1.0,1.0
msmarco-passage-trec-dl-2019,855410,candidate-safe,128,16,112,128,0.125,96,5,0,-0.01291751116514206,123,1.0,1.0,1.0,1.0,1.0,1.0
msmarco-passage-trec-dl-2019,855410,candidate-safe,256,16,240,256,0.0625,224,5,0,-0.01291751116514206,251,1.0,1.0,1.0,1.0,1.0,1.0
msmarco-passage-trec-dl-2019,855410,candidate-safe,512,16,496,512,0.03125,480,5,0,-0.01291751116514206,507,1.0,1.0,1.0,1.0,1.0,1.0
msmarco-passage-trec-dl-2019,855410,candidate-safe,1024,16,1008,1024,0.015625,992,5,0,-0.01291751116514206,1019,1.0,1.0,1.0,1.0,1.0,1.0
msmarco-passage-trec-dl-2019,855410,candidate-safe,2048,16,2032,2048,0.0078125,2016,5,0,-0.01291751116514206,2043,1.0,1.0,1.0,1.0,1.0,1.0
msmarco-passage-trec-dl-2019,855410,candidate-safe,4096,16,4080,4096,0.00390625,4064,5,0,-0.01291751116514206,4091,1.0,1.0,1.0,1.0,1.0,1.0
msmarco-passage-trec-dl-2019,855410,candidate-safe,8192,3192,5000,8192,0.3896484375,1808,5,0,-6.71185553073883e-05,8177,1.0,1.0,1.0,1.0,1.0,1.0
msmarco-passage-trec-dl-2019,855410,candidate-safe,10000,5000,5000,10000,0.5,0,6,0,-0.00019762851297855377,9982,1.0,1.0,1.0,1.0,1.0,1.0
msmarco-passage-trec-dl-2019,855410,pressure,128,64,64,128,0.5,0,5,0,-0.007824130356311798,123,1.0,1.0,1.0,1.0,1.0,1.0
msmarco-passage-trec-dl-2019,855410,pressure,256,128,128,256,0.5,0,5,0,-0.005078764632344246,251,1.0,1.0,1.0,1.0,1.0,1.0
msmarco-passage-trec-dl-2019,855410,pressure,512,256,256,512,0.5,0,5,0,-0.002924172207713127,507,1.0,1.0,1.0,1.0,1.0,1.0
msmarco-passage-trec-dl-2019,855410,pressure,1024,528,496,1024,0.515625,32,5,0,-0.0015581771731376648,1019,1.0,1.0,1.0,1.0,1.0,1.0
msmarco-passage-trec-dl-2019,855410,pressure,2048,1040,1008,2048,0.5078125,32,5,0,-0.0006959456950426102,2041,1.0,1.0,1.0,1.0,1.0,1.0
msmarco-passage-trec-dl-2019,855410,pressure,4096,2048,2048,4096,0.5,0,5,0,-0.00023399852216243744,4088,1.0,1.0,1.0,1.0,1.0,1.0
msmarco-passage-trec-dl-2019,855410,pressure,8192,4096,4096,8192,0.5,0,5,0,-2.3096799850463867e-07,8176,1.0,1.0,1.0,1.0,1.0,1.0
msmarco-passage-trec-dl-2019,855410,pressure,10000,5000,5000,10000,0.5,0,6,0,-0.00019762851297855377,9982,1.0,1.0,1.0,1.0,1.0,1.0
msmarco-passage-trec-dl-2019,855410,allocation-grid-oracle,128,64,64,128,0.5,0,5,0,-0.007824130356311798,123,1.0,1.0,1.0,1.0,1.0,1.0
msmarco-passage-trec-dl-2019,855410,allocation-grid-oracle,256,128,128,256,0.5,0,5,0,-0.005078764632344246,251,1.0,1.0,1.0,1.0,1.0,1.0
msmarco-passage-trec-dl-2019,855410,allocation-grid-oracle,512,256,256,512,0.5,0,5,0,-0.002924172207713127,507,1.0,1.0,1.0,1.0,1.0,1.0
msmarco-passage-trec-dl-2019,855410,allocation-grid-oracle,1024,512,512,1024,0.5,0,5,0,-0.0015078671276569366,1019,1.0,1.0,1.0,1.0,1.0,1.0
msmarco-passage-trec-dl-2019,855410,allocation-grid-oracle,2048,1024,1024,2048,0.5,0,5,0,-0.0006821248680353165,2041,1.0,1.0,1.0,1.0,1.0,1.0
msmarco-passage-trec-dl-2019,855410,allocation-grid-oracle,4096,2048,2048,4096,0.5,0,5,0,-0.00023399852216243744,4088,1.0,1.0,1.0,1.0,1.0,1.0
msmarco-passage-trec-dl-2019,855410,allocation-grid-oracle,8192,4096,4096,8192,0.5,0,5,0,-2.3096799850463867e-07,8176,1.0,1.0,1.0,1.0,1.0,1.0
msmarco-passage-trec-dl-2019,855410,allocation-grid-oracle,10000,5000,5000,10000,0.5,0,6,0,-0.00019762851297855377,9982,1.0,1.0,1.0,1.0,1.0,1.0
msmarco-passage-trec-dl-2019,1114646,balanced,128,64,64,128,0.5,0,12,0,-0.00013561174273490906,103,0.5290099444521252,0.5290099444521252,1.0,0.15384615384615385,0.7692307692307693,0.2
msmarco-passage-trec-dl-2019,1114646,balanced,256,128,128,256,0.5,0,23,0,-1.370161771774292e-05,227,0.5290099444521252,0.5290099444521252,1.0,0.3269230769230769,0.7692307692307693,0.425
msmarco-passage-trec-dl-2019,1114646,balanced,512,256,256,512,0.5,0,29,0,-0.0006453488022089005,478,0.5290099444521252,0.5290099444521252,1.0,0.4230769230769231,0.7692307692307693,0.5499999999999999
msmarco-passage-trec-dl-2019,1114646,balanced,1024,512,512,1024,0.5,0,31,0,-0.00035236403346061707,984,0.5290099444521252,0.5290099444521252,1.0,0.46153846153846156,0.7692307692307693,0.6
msmarco-passage-trec-dl-2019,1114646,balanced,2048,1024,1024,2048,0.5,0,32,0,-3.3918768167495728e-06,1998,0.5290099444521252,0.5290099444521252,1.0,0.4807692307692308,0.7692307692307693,0.625
msmarco-passage-trec-dl-2019,1114646,balanced,4096,2048,2048,4096,0.5,0,33,0,-5.421508103609085e-05,4016,0.5290099444521252,0.5290099444521252,1.0,0.4807692307692308,0.7692307692307693,0.625
msmarco-passage-trec-dl-2019,1114646,balanced,8192,4096,4096,8192,0.5,0,35,0,-0.00011371541768312454,8028,0.5290099444521252,0.5290099444521252,1.0,0.5192307692307693,0.7692307692307693,0.675
msmarco-passage-trec-dl-2019,1114646,balanced,10000,5000,5000,10000,0.5,0,35,0,-7.07283616065979e-05,9777,0.5290099444521252,0.5290099444521252,1.0,0.5192307692307693,0.7692307692307693,0.675
msmarco-passage-trec-dl-2019,1114646,blocker,128,64,64,128,0.5,0,12,0,-0.00013561174273490906,103,0.5290099444521252,0.5290099444521252,1.0,0.15384615384615385,0.7692307692307693,0.2
msmarco-passage-trec-dl-2019,1114646,blocker,256,144,112,256,0.5625,32,24,0,-0.0005462653934955597,227,0.5290099444521252,0.5290099444521252,1.0,0.34615384615384615,0.7692307692307693,0.44999999999999996
msmarco-passage-trec-dl-2019,1114646,blocker,512,240,272,512,0.46875,32,29,0,-0.0004928391426801682,479,0.5290099444521252,0.5290099444521252,1.0,0.4230769230769231,0.7692307692307693,0.5499999999999999
msmarco-passage-trec-dl-2019,1114646,blocker,1024,336,688,1024,0.328125,352,32,0,-0.0004177801311016083,989,0.5290099444521252,0.5290099444521252,1.0,0.4807692307692308,0.7692307692307693,0.625
msmarco-passage-trec-dl-2019,1114646,blocker,2048,640,1408,2048,0.3125,768,33,0,-0.0002610310912132263,2001,0.5290099444521252,0.5290099444521252,1.0,0.4807692307692308,0.7692307692307693,0.625
msmarco-passage-trec-dl-2019,1114646,blocker,4096,880,3216,4096,0.21484375,2336,35,0,-0.00017835013568401337,4027,0.5290099444521252,0.5290099444521252,1.0,0.5192307692307693,0.7692307692307693,0.675
msmarco-passage-trec-dl-2019,1114646,blocker,8192,3192,5000,8192,0.3896484375,1808,35,0,-7.07283616065979e-05,8034,0.5290099444521252,0.5290099444521252,1.0,0.5192307692307693,0.7692307692307693,0.675
msmarco-passage-trec-dl-2019,1114646,blocker,10000,5000,5000,10000,0.5,0,35,0,-7.07283616065979e-05,9777,0.5290099444521252,0.5290099444521252,1.0,0.5192307692307693,0.7692307692307693,0.675
msmarco-passage-trec-dl-2019,1114646,candidate,128,64,64,128,0.5,0,12,0,-0.00013561174273490906,103,0.5290099444521252,0.5290099444521252,1.0,0.15384615384615385,0.7692307692307693,0.2
msmarco-passage-trec-dl-2019,1114646,candidate,256,144,112,256,0.5625,32,24,0,-0.0005462653934955597,227,0.5290099444521252,0.5290099444521252,1.0,0.34615384615384615,0.7692307692307693,0.44999999999999996
msmarco-passage-trec-dl-2019,1114646,candidate,512,240,272,512,0.46875,32,29,0,-0.0004928391426801682,479,0.5290099444521252,0.5290099444521252,1.0,0.4230769230769231,0.7692307692307693,0.5499999999999999
msmarco-passage-trec-dl-2019,1114646,candidate,1024,240,784,1024,0.234375,544,31,0,-0.0014069639146327972,991,0.5290099444521252,0.5290099444521252,1.0,0.46153846153846156,0.7692307692307693,0.6
msmarco-passage-trec-dl-2019,1114646,candidate,2048,240,1808,2048,0.1171875,1568,31,0,-0.0014069639146327972,2011,0.5290099444521252,0.5290099444521252,1.0,0.46153846153846156,0.7692307692307693,0.6
msmarco-passage-trec-dl-2019,1114646,candidate,4096,240,3856,4096,0.05859375,3616,31,0,-0.0014069639146327972,4059,0.5290099444521252,0.5290099444521252,1.0,0.46153846153846156,0.7692307692307693,0.6
msmarco-passage-trec-dl-2019,1114646,candidate,8192,3192,5000,8192,0.3896484375,1808,35,0,-7.07283616065979e-05,8034,0.5290099444521252,0.5290099444521252,1.0,0.5192307692307693,0.7692307692307693,0.675
msmarco-passage-trec-dl-2019,1114646,candidate,10000,5000,5000,10000,0.5,0,35,0,-7.07283616065979e-05,9777,0.5290099444521252,0.5290099444521252,1.0,0.5192307692307693,0.7692307692307693,0.675
msmarco-passage-trec-dl-2019,1114646,candidate-safe,128,64,64,128,0.5,0,12,0,-0.00013561174273490906,103,0.5290099444521252,0.5290099444521252,1.0,0.15384615384615385,0.7692307692307693,0.2
msmarco-passage-trec-dl-2019,1114646,candidate-safe,256,144,112,256,0.5625,32,24,0,-0.0005462653934955597,227,0.5290099444521252,0.5290099444521252,1.0,0.34615384615384615,0.7692307692307693,0.44999999999999996
msmarco-passage-trec-dl-2019,1114646,candidate-safe,512,240,272,512,0.46875,32,29,0,-0.0004928391426801682,479,0.5290099444521252,0.5290099444521252,1.0,0.4230769230769231,0.7692307692307693,0.5499999999999999
msmarco-passage-trec-dl-2019,1114646,candidate-safe,1024,240,784,1024,0.234375,544,31,0,-0.0014069639146327972,991,0.5290099444521252,0.5290099444521252,1.0,0.46153846153846156,0.7692307692307693,0.6
msmarco-passage-trec-dl-2019,1114646,candidate-safe,2048,240,1808,2048,0.1171875,1568,31,0,-0.0014069639146327972,2011,0.5290099444521252,0.5290099444521252,1.0,0.46153846153846156,0.7692307692307693,0.6
msmarco-passage-trec-dl-2019,1114646,candidate-safe,4096,240,3856,4096,0.05859375,3616,31,0,-0.0014069639146327972,4059,0.5290099444521252,0.5290099444521252,1.0,0.46153846153846156,0.7692307692307693,0.6
msmarco-passage-trec-dl-2019,1114646,candidate-safe,8192,3192,5000,8192,0.3896484375,1808,35,0,-7.07283616065979e-05,8034,0.5290099444521252,0.5290099444521252,1.0,0.5192307692307693,0.7692307692307693,0.675
msmarco-passage-trec-dl-2019,1114646,candidate-safe,10000,5000,5000,10000,0.5,0,35,0,-7.07283616065979e-05,9777,0.5290099444521252,0.5290099444521252,1.0,0.5192307692307693,0.7692307692307693,0.675
msmarco-passage-trec-dl-2019,1114646,pressure,128,64,64,128,0.5,0,12,0,-0.00013561174273490906,103,0.5290099444521252,0.5290099444521252,1.0,0.15384615384615385,0.7692307692307693,0.2
msmarco-passage-trec-dl-2019,1114646,pressure,256,144,112,256,0.5625,32,24,0,-0.0005462653934955597,227,0.5290099444521252,0.5290099444521252,1.0,0.34615384615384615,0.7692307692307693,0.44999999999999996
msmarco-passage-trec-dl-2019,1114646,pressure,512,240,272,512,0.46875,32,29,0,-0.0004928391426801682,479,0.5290099444521252,0.5290099444521252,1.0,0.4230769230769231,0.7692307692307693,0.5499999999999999
msmarco-passage-trec-dl-2019,1114646,pressure,1024,352,672,1024,0.34375,320,32,0,-0.00044700317084789276,988,0.5290099444521252,0.5290099444521252,1.0,0.4807692307692308,0.7692307692307693,0.625
msmarco-passage-trec-dl-2019,1114646,pressure,2048,784,1264,2048,0.3828125,480,33,0,-0.00033511873334646225,2002,0.5290099444521252,0.5290099444521252,1.0,0.4807692307692308,0.7692307692307693,0.625
msmarco-passage-trec-dl-2019,1114646,pressure,4096,1056,3040,4096,0.2578125,1984,35,0,-0.0001956801861524582,4022,0.5290099444521252,0.5290099444521252,1.0,0.5192307692307693,0.7692307692307693,0.675
msmarco-passage-trec-dl-2019,1114646,pressure,8192,3192,5000,8192,0.3896484375,1808,35,0,-7.07283616065979e-05,8034,0.5290099444521252,0.5290099444521252,1.0,0.5192307692307693,0.7692307692307693,0.675
msmarco-passage-trec-dl-2019,1114646,pressure,10000,5000,5000,10000,0.5,0,35,0,-7.07283616065979e-05,9777,0.5290099444521252,0.5290099444521252,1.0,0.5192307692307693,0.7692307692307693,0.675
msmarco-passage-trec-dl-2019,1114646,allocation-grid-oracle,128,64,64,128,0.5,0,12,0,-0.00013561174273490906,103,0.5290099444521252,0.5290099444521252,1.0,0.15384615384615385,0.7692307692307693,0.2
msmarco-passage-trec-dl-2019,1114646,allocation-grid-oracle,256,144,112,256,0.5625,32,24,0,-0.0005462653934955597,227,0.5290099444521252,0.5290099444521252,1.0,0.34615384615384615,0.7692307692307693,0.44999999999999996
msmarco-passage-trec-dl-2019,1114646,allocation-grid-oracle,512,240,272,512,0.46875,32,29,0,-0.0004928391426801682,479,0.5290099444521252,0.5290099444521252,1.0,0.4230769230769231,0.7692307692307693,0.5499999999999999
msmarco-passage-trec-dl-2019,1114646,allocation-grid-oracle,1024,336,688,1024,0.328125,352,32,0,-0.0004177801311016083,989,0.5290099444521252,0.5290099444521252,1.0,0.4807692307692308,0.7692307692307693,0.625
msmarco-passage-trec-dl-2019,1114646,allocation-grid-oracle,2048,640,1408,2048,0.3125,768,33,0,-0.0002610310912132263,2001,0.5290099444521252,0.5290099444521252,1.0,0.4807692307692308,0.7692307692307693,0.625
msmarco-passage-trec-dl-2019,1114646,allocation-grid-oracle,4096,880,3216,4096,0.21484375,2336,35,0,-0.00017835013568401337,4027,0.5290099444521252,0.5290099444521252,1.0,0.5192307692307693,0.7692307692307693,0.675
msmarco-passage-trec-dl-2019,1114646,allocation-grid-oracle,8192,3192,5000,8192,0.3896484375,1808,35,0,-7.07283616065979e-05,8034,0.5290099444521252,0.5290099444521252,1.0,0.5192307692307693,0.7692307692307693,0.675
msmarco-passage-trec-dl-2019,1114646,allocation-grid-oracle,10000,5000,5000,10000,0.5,0,35,0,-7.07283616065979e-05,9777,0.5290099444521252,0.5290099444521252,1.0,0.5192307692307693,0.7692307692307693,0.675
msmarco-passage-trec-dl-2019,19335,balanced,128,64,64,128,0.5,0,4,0,-0.0004345085471868515,118,0.40408387544533403,0.7223762208624875,0.5593814743277049,0.15,0.9,0.16666666666666666
msmarco-passage-trec-dl-2019,19335,balanced,256,128,128,256,0.5,0,8,0,-0.0006225686520338058,242,0.6268803670314838,0.7223762208624875,0.8678031598036469,0.25,0.9,0.2777777777777778
msmarco-passage-trec-dl-2019,19335,balanced,512,256,256,512,0.5,0,14,0,-0.0007800757884979248,471,0.7223762208624875,0.7223762208624875,1.0,0.4,0.9,0.4444444444444445
msmarco-passage-trec-dl-2019,19335,balanced,1024,512,512,1024,0.5,0,18,0,-0.00011100806295871735,898,0.7223762208624875,0.7223762208624875,1.0,0.45,0.9,0.5
msmarco-passage-trec-dl-2019,19335,balanced,2048,1024,1024,2048,0.5,0,21,0,-0.0003956817090511322,1785,0.7223762208624875,0.7223762208624875,1.0,0.45,0.9,0.5
msmarco-passage-trec-dl-2019,19335,balanced,4096,2048,2048,4096,0.5,0,22,0,-0.0003984365612268448,3614,0.7223762208624875,0.7223762208624875,1.0,0.45,0.9,0.5
msmarco-passage-trec-dl-2019,19335,balanced,8192,4096,4096,8192,0.5,0,22,0,-0.000164669007062912,7233,0.7223762208624875,0.7223762208624875,1.0,0.45,0.9,0.5
msmarco-passage-trec-dl-2019,19335,balanced,10000,5000,5000,10000,0.5,0,22,0,-0.00012168101966381073,8805,0.7223762208624875,0.7223762208624875,1.0,0.45,0.9,0.5
msmarco-passage-trec-dl-2019,19335,blocker,128,64,64,128,0.5,0,4,0,-0.0004345085471868515,118,0.40408387544533403,0.7223762208624875,0.5593814743277049,0.15,0.9,0.16666666666666666
msmarco-passage-trec-dl-2019,19335,blocker,256,128,128,256,0.5,0,8,0,-0.0006225686520338058,242,0.6268803670314838,0.7223762208624875,0.8678031598036469,0.25,0.9,0.2777777777777778
msmarco-passage-trec-dl-2019,19335,blocker,512,240,272,512,0.46875,32,14,0,-0.0006275661289691925,472,0.7223762208624875,0.7223762208624875,1.0,0.4,0.9,0.4444444444444445
msmarco-passage-trec-dl-2019,19335,blocker,1024,480,544,1024,0.46875,64,18,0,-1.8386170268058777e-05,898,0.7223762208624875,0.7223762208624875,1.0,0.45,0.9,0.5
msmarco-passage-trec-dl-2019,19335,blocker,2048,880,1168,2048,0.4296875,288,21,0,-0.0005754288285970688,1787,0.7223762208624875,0.7223762208624875,1.0,0.45,0.9,0.5
msmarco-passage-trec-dl-2019,19335,blocker,4096,1184,2912,4096,0.2890625,1728,22,0,-8.845701813697815e-05,3671,0.7223762208624875,0.7223762208624875,1.0,0.45,0.9,0.5
msmarco-passage-trec-dl-2019,19335,blocker,8192,3192,5000,8192,0.3896484375,1808,22,0,-0.00012168101966381073,7189,0.7223762208624875,0.7223762208624875,1.0,0.45,0.9,0.5
msmarco-passage-trec-dl-2019,19335,blocker,10000,5000,5000,10000,0.5,0,22,0,-0.00012168101966381073,8805,0.7223762208624875,0.7223762208624875,1.0,0.45,0.9,0.5
msmarco-passage-trec-dl-2019,19335,candidate,128,64,64,128,0.5,0,4,0,-0.0004345085471868515,118,0.40408387544533403,0.7223762208624875,0.5593814743277049,0.15,0.9,0.16666666666666666
msmarco-passage-trec-dl-2019,19335,candidate,256,128,128,256,0.5,0,8,0,-0.0006225686520338058,242,0.6268803670314838,0.7223762208624875,0.8678031598036469,0.25,0.9,0.2777777777777778
msmarco-passage-trec-dl-2019,19335,candidate,512,240,272,512,0.46875,32,14,0,-0.0006275661289691925,472,0.7223762208624875,0.7223762208624875,1.0,0.4,0.9,0.4444444444444445
msmarco-passage-trec-dl-2019,19335,candidate,1024,480,544,1024,0.46875,64,18,0,-1.8386170268058777e-05,898,0.7223762208624875,0.7223762208624875,1.0,0.45,0.9,0.5
msmarco-passage-trec-dl-2019,19335,candidate,2048,688,1360,2048,0.3359375,672,21,0,-0.0008484963327646255,1800,0.7223762208624875,0.7223762208624875,1.0,0.45,0.9,0.5
msmarco-passage-trec-dl-2019,19335,candidate,4096,688,3408,4096,0.16796875,2720,21,0,-0.0008484963327646255,3749,0.7223762208624875,0.7223762208624875,1.0,0.45,0.9,0.5
msmarco-passage-trec-dl-2019,19335,candidate,8192,3192,5000,8192,0.3896484375,1808,22,0,-0.00012168101966381073,7189,0.7223762208624875,0.7223762208624875,1.0,0.45,0.9,0.5
msmarco-passage-trec-dl-2019,19335,candidate,10000,5000,5000,10000,0.5,0,22,0,-0.00012168101966381073,8805,0.7223762208624875,0.7223762208624875,1.0,0.45,0.9,0.5
msmarco-passage-trec-dl-2019,19335,candidate-safe,128,64,64,128,0.5,0,4,0,-0.0004345085471868515,118,0.40408387544533403,0.7223762208624875,0.5593814743277049,0.15,0.9,0.16666666666666666
msmarco-passage-trec-dl-2019,19335,candidate-safe,256,128,128,256,0.5,0,8,0,-0.0006225686520338058,242,0.6268803670314838,0.7223762208624875,0.8678031598036469,0.25,0.9,0.2777777777777778
msmarco-passage-trec-dl-2019,19335,candidate-safe,512,240,272,512,0.46875,32,14,0,-0.0006275661289691925,472,0.7223762208624875,0.7223762208624875,1.0,0.4,0.9,0.4444444444444445
msmarco-passage-trec-dl-2019,19335,candidate-safe,1024,480,544,1024,0.46875,64,18,0,-1.8386170268058777e-05,898,0.7223762208624875,0.7223762208624875,1.0,0.45,0.9,0.5
msmarco-passage-trec-dl-2019,19335,candidate-safe,2048,688,1360,2048,0.3359375,672,21,0,-0.0008484963327646255,1800,0.7223762208624875,0.7223762208624875,1.0,0.45,0.9,0.5
msmarco-passage-trec-dl-2019,19335,candidate-safe,4096,688,3408,4096,0.16796875,2720,21,0,-0.0008484963327646255,3749,0.7223762208624875,0.7223762208624875,1.0,0.45,0.9,0.5
msmarco-passage-trec-dl-2019,19335,candidate-safe,8192,3192,5000,8192,0.3896484375,1808,22,0,-0.00012168101966381073,7189,0.7223762208624875,0.7223762208624875,1.0,0.45,0.9,0.5
msmarco-passage-trec-dl-2019,19335,candidate-safe,10000,5000,5000,10000,0.5,0,22,0,-0.00012168101966381073,8805,0.7223762208624875,0.7223762208624875,1.0,0.45,0.9,0.5
msmarco-passage-trec-dl-2019,19335,pressure,128,64,64,128,0.5,0,4,0,-0.0004345085471868515,118,0.40408387544533403,0.7223762208624875,0.5593814743277049,0.15,0.9,0.16666666666666666
msmarco-passage-trec-dl-2019,19335,pressure,256,128,128,256,0.5,0,8,0,-0.0006225686520338058,242,0.6268803670314838,0.7223762208624875,0.8678031598036469,0.25,0.9,0.2777777777777778
msmarco-passage-trec-dl-2019,19335,pressure,512,240,272,512,0.46875,32,14,0,-0.0006275661289691925,472,0.7223762208624875,0.7223762208624875,1.0,0.4,0.9,0.4444444444444445
msmarco-passage-trec-dl-2019,19335,pressure,1024,480,544,1024,0.46875,64,18,0,-1.8386170268058777e-05,898,0.7223762208624875,0.7223762208624875,1.0,0.45,0.9,0.5
msmarco-passage-trec-dl-2019,19335,pressure,2048,928,1120,2048,0.453125,192,21,0,-0.00032063014805316925,1787,0.7223762208624875,0.7223762208624875,1.0,0.45,0.9,0.5
msmarco-passage-trec-dl-2019,19335,pressure,4096,1200,2896,4096,0.29296875,1696,22,0,-0.0002623479813337326,3665,0.7223762208624875,0.7223762208624875,1.0,0.45,0.9,0.5
msmarco-passage-trec-dl-2019,19335,pressure,8192,3192,5000,8192,0.3896484375,1808,22,0,-0.00012168101966381073,7189,0.7223762208624875,0.7223762208624875,1.0,0.45,0.9,0.5
msmarco-passage-trec-dl-2019,19335,pressure,10000,5000,5000,10000,0.5,0,22,0,-0.00012168101966381073,8805,0.7223762208624875,0.7223762208624875,1.0,0.45,0.9,0.5
msmarco-passage-trec-dl-2019,19335,allocation-grid-oracle,128,64,64,128,0.5,0,4,0,-0.0004345085471868515,118,0.40408387544533403,0.7223762208624875,0.5593814743277049,0.15,0.9,0.16666666666666666
msmarco-passage-trec-dl-2019,19335,allocation-grid-oracle,256,144,112,256,0.5625,32,8,0,-0.0004990380257368088,240,0.6268803670314838,0.7223762208624875,0.8678031598036469,0.25,0.9,0.2777777777777778
msmarco-passage-trec-dl-2019,19335,allocation-grid-oracle,512,240,272,512,0.46875,32,14,0,-0.0006275661289691925,472,0.7223762208624875,0.7223762208624875,1.0,0.4,0.9,0.4444444444444445
msmarco-passage-trec-dl-2019,19335,allocation-grid-oracle,1024,480,544,1024,0.46875,64,18,0,-1.8386170268058777e-05,898,0.7223762208624875,0.7223762208624875,1.0,0.45,0.9,0.5
msmarco-passage-trec-dl-2019,19335,allocation-grid-oracle,2048,928,1120,2048,0.453125,192,21,0,-0.00032063014805316925,1787,0.7223762208624875,0.7223762208624875,1.0,0.45,0.9,0.5
msmarco-passage-trec-dl-2019,19335,allocation-grid-oracle,4096,1184,2912,4096,0.2890625,1728,22,0,-8.845701813697815e-05,3671,0.7223762208624875,0.7223762208624875,1.0,0.45,0.9,0.5
msmarco-passage-trec-dl-2019,19335,allocation-grid-oracle,8192,3192,5000,8192,0.3896484375,1808,22,0,-0.00012168101966381073,7189,0.7223762208624875,0.7223762208624875,1.0,0.45,0.9,0.5
msmarco-passage-trec-dl-2019,19335,allocation-grid-oracle,10000,5000,5000,10000,0.5,0,22,0,-0.00012168101966381073,8805,0.7223762208624875,0.7223762208624875,1.0,0.45,0.9,0.5
msmarco-passage-trec-dl-2019,47923,balanced,128,64,64,128,0.5,0,18,0,-7.250718772411346e-05,99,0.3338230861874565,0.3338230861874565,1.0,0.15178571428571427,0.39285714285714285,0.38636363636363635
msmarco-passage-trec-dl-2019,47923,balanced,256,128,128,256,0.5,0,25,0,-0.0005721356719732285,211,0.3338230861874565,0.3338230861874565,1.0,0.21428571428571427,0.39285714285714285,0.5454545454545454
msmarco-passage-trec-dl-2019,47923,balanced,512,256,256,512,0.5,0,32,0,-0.00015524402260780334,418,0.3338230861874565,0.3338230861874565,1.0,0.24107142857142858,0.39285714285714285,0.6136363636363636
msmarco-passage-trec-dl-2019,47923,balanced,1024,512,512,1024,0.5,0,44,0,-0.00020998436957597733,808,0.3338230861874565,0.3338230861874565,1.0,0.2767857142857143,0.39285714285714285,0.7045454545454546
msmarco-passage-trec-dl-2019,47923,balanced,2048,1024,1024,2048,0.5,0,68,0,-0.00012368429452180862,1581,0.3338230861874565,0.3338230861874565,1.0,0.3392857142857143,0.39285714285714285,0.8636363636363636
msmarco-passage-trec-dl-2019,47923,balanced,4096,2048,2048,4096,0.5,0,96,0,-5.312357097864151e-05,3236,0.3338230861874565,0.3338230861874565,1.0,0.39285714285714285,0.39285714285714285,1.0
msmarco-passage-trec-dl-2019,47923,balanced,8192,4096,4096,8192,0.5,0,99,0,-1.623295247554779e-05,6539,0.3338230861874565,0.3338230861874565,1.0,0.39285714285714285,0.39285714285714285,1.0
msmarco-passage-trec-dl-2019,47923,balanced,10000,5000,5000,10000,0.5,0,100,1,-inf,8066,0.3338230861874565,0.3338230861874565,1.0,0.39285714285714285,0.39285714285714285,1.0
msmarco-passage-trec-dl-2019,47923,blocker,128,64,64,128,0.5,0,18,0,-7.250718772411346e-05,99,0.3338230861874565,0.3338230861874565,1.0,0.15178571428571427,0.39285714285714285,0.38636363636363635
msmarco-passage-trec-dl-2019,47923,blocker,256,160,96,256,0.625,64,26,0,-5.875900387763977e-05,209,0.3338230861874565,0.3338230861874565,1.0,0.21428571428571427,0.39285714285714285,0.5454545454545454
msmarco-passage-trec-dl-2019,47923,blocker,512,304,208,512,0.59375,96,34,0,-0.00019123032689094543,412,0.3338230861874565,0.3338230861874565,1.0,0.25,0.39285714285714285,0.6363636363636364
msmarco-passage-trec-dl-2019,47923,blocker,1024,512,512,1024,0.5,0,44,0,-0.00020998436957597733,808,0.3338230861874565,0.3338230861874565,1.0,0.2767857142857143,0.39285714285714285,0.7045454545454546
msmarco-passage-trec-dl-2019,47923,blocker,2048,1168,880,2048,0.5703125,288,89,0,-1.4847144484519958e-05,1586,0.3338230861874565,0.3338230861874565,1.0,0.375,0.39285714285714285,0.9545454545454546
msmarco-passage-trec-dl-2019,47923,blocker,4096,3216,880,4096,0.78515625,2336,99,0,-8.086767047643661e-05,3400,0.3338230861874565,0.3338230861874565,1.0,0.39285714285714285,0.39285714285714285,1.0
msmarco-passage-trec-dl-2019,47923,blocker,8192,4400,3792,8192,0.537109375,608,100,1,-inf,6563,0.3338230861874565,0.3338230861874565,1.0,0.39285714285714285,0.39285714285714285,1.0
msmarco-passage-trec-dl-2019,47923,blocker,10000,5000,5000,10000,0.5,0,100,1,-inf,8066,0.3338230861874565,0.3338230861874565,1.0,0.39285714285714285,0.39285714285714285,1.0
msmarco-passage-trec-dl-2019,47923,candidate,128,64,64,128,0.5,0,18,0,-7.250718772411346e-05,99,0.3338230861874565,0.3338230861874565,1.0,0.15178571428571427,0.39285714285714285,0.38636363636363635
msmarco-passage-trec-dl-2019,47923,candidate,256,160,96,256,0.625,64,26,0,-5.875900387763977e-05,209,0.3338230861874565,0.3338230861874565,1.0,0.21428571428571427,0.39285714285714285,0.5454545454545454
msmarco-passage-trec-dl-2019,47923,candidate,512,304,208,512,0.59375,96,34,0,-0.00019123032689094543,412,0.3338230861874565,0.3338230861874565,1.0,0.25,0.39285714285714285,0.6363636363636364
msmarco-passage-trec-dl-2019,47923,candidate,1024,512,512,1024,0.5,0,44,0,-0.00020998436957597733,808,0.3338230861874565,0.3338230861874565,1.0,0.2767857142857143,0.39285714285714285,0.7045454545454546
msmarco-passage-trec-dl-2019,47923,candidate,2048,1168,880,2048,0.5703125,288,89,0,-1.4847144484519958e-05,1586,0.3338230861874565,0.3338230861874565,1.0,0.375,0.39285714285714285,0.9545454545454546
msmarco-passage-trec-dl-2019,47923,candidate,4096,3216,880,4096,0.78515625,2336,99,0,-8.086767047643661e-05,3400,0.3338230861874565,0.3338230861874565,1.0,0.39285714285714285,0.39285714285714285,1.0
msmarco-passage-trec-dl-2019,47923,candidate,8192,4400,3792,8192,0.537109375,608,100,1,-inf,6563,0.3338230861874565,0.3338230861874565,1.0,0.39285714285714285,0.39285714285714285,1.0
msmarco-passage-trec-dl-2019,47923,candidate,10000,5000,5000,10000,0.5,0,100,1,-inf,8066,0.3338230861874565,0.3338230861874565,1.0,0.39285714285714285,0.39285714285714285,1.0
msmarco-passage-trec-dl-2019,47923,candidate-safe,128,64,64,128,0.5,0,18,0,-7.250718772411346e-05,99,0.3338230861874565,0.3338230861874565,1.0,0.15178571428571427,0.39285714285714285,0.38636363636363635
msmarco-passage-trec-dl-2019,47923,candidate-safe,256,160,96,256,0.625,64,26,0,-5.875900387763977e-05,209,0.3338230861874565,0.3338230861874565,1.0,0.21428571428571427,0.39285714285714285,0.5454545454545454
msmarco-passage-trec-dl-2019,47923,candidate-safe,512,304,208,512,0.59375,96,34,0,-0.00019123032689094543,412,0.3338230861874565,0.3338230861874565,1.0,0.25,0.39285714285714285,0.6363636363636364
msmarco-passage-trec-dl-2019,47923,candidate-safe,1024,512,512,1024,0.5,0,44,0,-0.00020998436957597733,808,0.3338230861874565,0.3338230861874565,1.0,0.2767857142857143,0.39285714285714285,0.7045454545454546
msmarco-passage-trec-dl-2019,47923,candidate-safe,2048,1168,880,2048,0.5703125,288,89,0,-1.4847144484519958e-05,1586,0.3338230861874565,0.3338230861874565,1.0,0.375,0.39285714285714285,0.9545454545454546
msmarco-passage-trec-dl-2019,47923,candidate-safe,4096,3216,880,4096,0.78515625,2336,99,0,-8.086767047643661e-05,3400,0.3338230861874565,0.3338230861874565,1.0,0.39285714285714285,0.39285714285714285,1.0
msmarco-passage-trec-dl-2019,47923,candidate-safe,8192,4400,3792,8192,0.537109375,608,100,1,-inf,6563,0.3338230861874565,0.3338230861874565,1.0,0.39285714285714285,0.39285714285714285,1.0
msmarco-passage-trec-dl-2019,47923,candidate-safe,10000,5000,5000,10000,0.5,0,100,1,-inf,8066,0.3338230861874565,0.3338230861874565,1.0,0.39285714285714285,0.39285714285714285,1.0
msmarco-passage-trec-dl-2019,47923,pressure,128,64,64,128,0.5,0,18,0,-7.250718772411346e-05,99,0.3338230861874565,0.3338230861874565,1.0,0.15178571428571427,0.39285714285714285,0.38636363636363635
msmarco-passage-trec-dl-2019,47923,pressure,256,160,96,256,0.625,64,26,0,-5.875900387763977e-05,209,0.3338230861874565,0.3338230861874565,1.0,0.21428571428571427,0.39285714285714285,0.5454545454545454
msmarco-passage-trec-dl-2019,47923,pressure,512,288,224,512,0.5625,64,34,0,-0.0003175400197505951,414,0.3338230861874565,0.3338230861874565,1.0,0.25,0.39285714285714285,0.6363636363636364
msmarco-passage-trec-dl-2019,47923,pressure,1024,512,512,1024,0.5,0,44,0,-0.00020998436957597733,808,0.3338230861874565,0.3338230861874565,1.0,0.2767857142857143,0.39285714285714285,0.7045454545454546
msmarco-passage-trec-dl-2019,47923,pressure,2048,1168,880,2048,0.5703125,288,89,0,-1.4847144484519958e-05,1586,0.3338230861874565,0.3338230861874565,1.0,0.375,0.39285714285714285,0.9545454545454546
msmarco-passage-trec-dl-2019,47923,pressure,4096,3216,880,4096,0.78515625,2336,99,0,-8.086767047643661e-05,3400,0.3338230861874565,0.3338230861874565,1.0,0.39285714285714285,0.39285714285714285,1.0
msmarco-passage-trec-dl-2019,47923,pressure,8192,4400,3792,8192,0.537109375,608,100,1,-inf,6563,0.3338230861874565,0.3338230861874565,1.0,0.39285714285714285,0.39285714285714285,1.0
msmarco-passage-trec-dl-2019,47923,pressure,10000,5000,5000,10000,0.5,0,100,1,-inf,8066,0.3338230861874565,0.3338230861874565,1.0,0.39285714285714285,0.39285714285714285,1.0
msmarco-passage-trec-dl-2019,47923,allocation-grid-oracle,128,64,64,128,0.5,0,18,0,-7.250718772411346e-05,99,0.3338230861874565,0.3338230861874565,1.0,0.15178571428571427,0.39285714285714285,0.38636363636363635
msmarco-passage-trec-dl-2019,47923,allocation-grid-oracle,256,160,96,256,0.625,64,26,0,-5.875900387763977e-05,209,0.3338230861874565,0.3338230861874565,1.0,0.21428571428571427,0.39285714285714285,0.5454545454545454
msmarco-passage-trec-dl-2019,47923,allocation-grid-oracle,512,304,208,512,0.59375,96,34,0,-0.00019123032689094543,412,0.3338230861874565,0.3338230861874565,1.0,0.25,0.39285714285714285,0.6363636363636364
msmarco-passage-trec-dl-2019,47923,allocation-grid-oracle,1024,496,528,1024,0.484375,32,44,0,-9.20761376619339e-05,811,0.3338230861874565,0.3338230861874565,1.0,0.2767857142857143,0.39285714285714285,0.7045454545454546
msmarco-passage-trec-dl-2019,47923,allocation-grid-oracle,2048,1168,880,2048,0.5703125,288,89,0,-1.4847144484519958e-05,1586,0.3338230861874565,0.3338230861874565,1.0,0.375,0.39285714285714285,0.9545454545454546
msmarco-passage-trec-dl-2019,47923,allocation-grid-oracle,4096,3216,880,4096,0.78515625,2336,99,0,-8.086767047643661e-05,3400,0.3338230861874565,0.3338230861874565,1.0,0.39285714285714285,0.39285714285714285,1.0
msmarco-passage-trec-dl-2019,47923,allocation-grid-oracle,8192,4408,3784,8192,0.5380859375,624,100,1,-inf,6561,0.3338230861874565,0.3338230861874565,1.0,0.39285714285714285,0.39285714285714285,1.0
msmarco-passage-trec-dl-2019,47923,allocation-grid-oracle,10000,5000,5000,10000,0.5,0,100,1,-inf,8066,0.3338230861874565,0.3338230861874565,1.0,0.39285714285714285,0.39285714285714285,1.0
msmarco-passage-trec-dl-2019,405717,balanced,128,64,64,128,0.5,0,16,0,-0.0007093194872140884,82,0.44749902133717223,0.44749902133717223,1.0,0.3142857142857143,0.7428571428571429,0.4230769230769231
msmarco-passage-trec-dl-2019,405717,balanced,256,128,128,256,0.5,0,49,0,-0.00014859624207019806,167,0.44749902133717223,0.44749902133717223,1.0,0.6571428571428571,0.7428571428571429,0.8846153846153846
msmarco-passage-trec-dl-2019,405717,balanced,512,256,256,512,0.5,0,61,0,-5.243346095085144e-06,361,0.44749902133717223,0.44749902133717223,1.0,0.6571428571428571,0.7428571428571429,0.8846153846153846
msmarco-passage-trec-dl-2019,405717,balanced,1024,512,512,1024,0.5,0,71,0,-2.7883797883987427e-06,810,0.44749902133717223,0.44749902133717223,1.0,0.6571428571428571,0.7428571428571429,0.8846153846153846
msmarco-passage-trec-dl-2019,405717,balanced,2048,1024,1024,2048,0.5,0,83,0,-0.0002274671569466591,1720,0.44749902133717223,0.44749902133717223,1.0,0.6571428571428571,0.7428571428571429,0.8846153846153846
msmarco-passage-trec-dl-2019,405717,balanced,4096,2048,2048,4096,0.5,0,100,1,-inf,3607,0.44749902133717223,0.44749902133717223,1.0,0.7428571428571429,0.7428571428571429,1.0
msmarco-passage-trec-dl-2019,405717,balanced,8192,4096,4096,8192,0.5,0,100,1,-inf,7337,0.44749902133717223,0.44749902133717223,1.0,0.7428571428571429,0.7428571428571429,1.0
msmarco-passage-trec-dl-2019,405717,balanced,10000,5000,5000,10000,0.5,0,100,1,-inf,8942,0.44749902133717223,0.44749902133717223,1.0,0.7428571428571429,0.7428571428571429,1.0
msmarco-passage-trec-dl-2019,405717,blocker,128,80,48,128,0.625,32,16,0,-0.0003889109939336777,88,0.44749902133717223,0.44749902133717223,1.0,0.3142857142857143,0.7428571428571429,0.4230769230769231
msmarco-passage-trec-dl-2019,405717,blocker,256,144,112,256,0.5625,32,53,0,-3.0407682061195374e-05,165,0.44749902133717223,0.44749902133717223,1.0,0.6571428571428571,0.7428571428571429,0.8846153846153846
msmarco-passage-trec-dl-2019,405717,blocker,512,368,144,512,0.71875,224,67,0,-0.0002333708107471466,389,0.44749902133717223,0.44749902133717223,1.0,0.6571428571428571,0.7428571428571429,0.8846153846153846
msmarco-passage-trec-dl-2019,405717,blocker,1024,832,192,1024,0.8125,640,80,0,-3.6094337701797485e-05,863,0.44749902133717223,0.44749902133717223,1.0,0.6571428571428571,0.7428571428571429,0.8846153846153846
msmarco-passage-trec-dl-2019,405717,blocker,2048,1248,800,2048,0.609375,448,100,1,-inf,1735,0.44749902133717223,0.44749902133717223,1.0,0.7428571428571429,0.7428571428571429,1.0
msmarco-passage-trec-dl-2019,405717,blocker,4096,2048,2048,4096,0.5,0,100,1,-inf,3607,0.44749902133717223,0.44749902133717223,1.0,0.7428571428571429,0.7428571428571429,1.0
msmarco-passage-trec-dl-2019,405717,blocker,8192,4096,4096,8192,0.5,0,100,1,-inf,7337,0.44749902133717223,0.44749902133717223,1.0,0.7428571428571429,0.7428571428571429,1.0
msmarco-passage-trec-dl-2019,405717,blocker,10000,5000,5000,10000,0.5,0,100,1,-inf,8942,0.44749902133717223,0.44749902133717223,1.0,0.7428571428571429,0.7428571428571429,1.0
msmarco-passage-trec-dl-2019,405717,candidate,128,80,48,128,0.625,32,16,0,-0.0003889109939336777,88,0.44749902133717223,0.44749902133717223,1.0,0.3142857142857143,0.7428571428571429,0.4230769230769231
msmarco-passage-trec-dl-2019,405717,candidate,256,144,112,256,0.5625,32,53,0,-3.0407682061195374e-05,165,0.44749902133717223,0.44749902133717223,1.0,0.6571428571428571,0.7428571428571429,0.8846153846153846
msmarco-passage-trec-dl-2019,405717,candidate,512,368,144,512,0.71875,224,67,0,-0.0002333708107471466,389,0.44749902133717223,0.44749902133717223,1.0,0.6571428571428571,0.7428571428571429,0.8846153846153846
msmarco-passage-trec-dl-2019,405717,candidate,1024,832,192,1024,0.8125,640,80,0,-3.6094337701797485e-05,863,0.44749902133717223,0.44749902133717223,1.0,0.6571428571428571,0.7428571428571429,0.8846153846153846
msmarco-passage-trec-dl-2019,405717,candidate,2048,1248,800,2048,0.609375,448,100,1,-inf,1735,0.44749902133717223,0.44749902133717223,1.0,0.7428571428571429,0.7428571428571429,1.0
msmarco-passage-trec-dl-2019,405717,candidate,4096,2048,2048,4096,0.5,0,100,1,-inf,3607,0.44749902133717223,0.44749902133717223,1.0,0.7428571428571429,0.7428571428571429,1.0
msmarco-passage-trec-dl-2019,405717,candidate,8192,4096,4096,8192,0.5,0,100,1,-inf,7337,0.44749902133717223,0.44749902133717223,1.0,0.7428571428571429,0.7428571428571429,1.0
msmarco-passage-trec-dl-2019,405717,candidate,10000,5000,5000,10000,0.5,0,100,1,-inf,8942,0.44749902133717223,0.44749902133717223,1.0,0.7428571428571429,0.7428571428571429,1.0
msmarco-passage-trec-dl-2019,405717,candidate-safe,128,80,48,128,0.625,32,16,0,-0.0003889109939336777,88,0.44749902133717223,0.44749902133717223,1.0,0.3142857142857143,0.7428571428571429,0.4230769230769231
msmarco-passage-trec-dl-2019,405717,candidate-safe,256,144,112,256,0.5625,32,53,0,-3.0407682061195374e-05,165,0.44749902133717223,0.44749902133717223,1.0,0.6571428571428571,0.7428571428571429,0.8846153846153846
msmarco-passage-trec-dl-2019,405717,candidate-safe,512,368,144,512,0.71875,224,67,0,-0.0002333708107471466,389,0.44749902133717223,0.44749902133717223,1.0,0.6571428571428571,0.7428571428571429,0.8846153846153846
msmarco-passage-trec-dl-2019,405717,candidate-safe,1024,832,192,1024,0.8125,640,80,0,-3.6094337701797485e-05,863,0.44749902133717223,0.44749902133717223,1.0,0.6571428571428571,0.7428571428571429,0.8846153846153846
msmarco-passage-trec-dl-2019,405717,candidate-safe,2048,1248,800,2048,0.609375,448,100,1,-inf,1735,0.44749902133717223,0.44749902133717223,1.0,0.7428571428571429,0.7428571428571429,1.0
msmarco-passage-trec-dl-2019,405717,candidate-safe,4096,2048,2048,4096,0.5,0,100,1,-inf,3607,0.44749902133717223,0.44749902133717223,1.0,0.7428571428571429,0.7428571428571429,1.0
msmarco-passage-trec-dl-2019,405717,candidate-safe,8192,4096,4096,8192,0.5,0,100,1,-inf,7337,0.44749902133717223,0.44749902133717223,1.0,0.7428571428571429,0.7428571428571429,1.0
msmarco-passage-trec-dl-2019,405717,candidate-safe,10000,5000,5000,10000,0.5,0,100,1,-inf,8942,0.44749902133717223,0.44749902133717223,1.0,0.7428571428571429,0.7428571428571429,1.0
msmarco-passage-trec-dl-2019,405717,pressure,128,64,64,128,0.5,0,16,0,-0.0007093194872140884,82,0.44749902133717223,0.44749902133717223,1.0,0.3142857142857143,0.7428571428571429,0.4230769230769231
msmarco-passage-trec-dl-2019,405717,pressure,256,144,112,256,0.5625,32,53,0,-3.0407682061195374e-05,165,0.44749902133717223,0.44749902133717223,1.0,0.6571428571428571,0.7428571428571429,0.8846153846153846
msmarco-passage-trec-dl-2019,405717,pressure,512,368,144,512,0.71875,224,67,0,-0.0002333708107471466,389,0.44749902133717223,0.44749902133717223,1.0,0.6571428571428571,0.7428571428571429,0.8846153846153846
msmarco-passage-trec-dl-2019,405717,pressure,1024,832,192,1024,0.8125,640,80,0,-3.6094337701797485e-05,863,0.44749902133717223,0.44749902133717223,1.0,0.6571428571428571,0.7428571428571429,0.8846153846153846
msmarco-passage-trec-dl-2019,405717,pressure,2048,1248,800,2048,0.609375,448,100,1,-inf,1735,0.44749902133717223,0.44749902133717223,1.0,0.7428571428571429,0.7428571428571429,1.0
msmarco-passage-trec-dl-2019,405717,pressure,4096,2048,2048,4096,0.5,0,100,1,-inf,3607,0.44749902133717223,0.44749902133717223,1.0,0.7428571428571429,0.7428571428571429,1.0
msmarco-passage-trec-dl-2019,405717,pressure,8192,4096,4096,8192,0.5,0,100,1,-inf,7337,0.44749902133717223,0.44749902133717223,1.0,0.7428571428571429,0.7428571428571429,1.0
msmarco-passage-trec-dl-2019,405717,pressure,10000,5000,5000,10000,0.5,0,100,1,-inf,8942,0.44749902133717223,0.44749902133717223,1.0,0.7428571428571429,0.7428571428571429,1.0
msmarco-passage-trec-dl-2019,405717,allocation-grid-oracle,128,80,48,128,0.625,32,16,0,-0.0003889109939336777,88,0.44749902133717223,0.44749902133717223,1.0,0.3142857142857143,0.7428571428571429,0.4230769230769231
msmarco-passage-trec-dl-2019,405717,allocation-grid-oracle,256,144,112,256,0.5625,32,53,0,-3.0407682061195374e-05,165,0.44749902133717223,0.44749902133717223,1.0,0.6571428571428571,0.7428571428571429,0.8846153846153846
msmarco-passage-trec-dl-2019,405717,allocation-grid-oracle,512,368,144,512,0.71875,224,67,0,-0.0002333708107471466,389,0.44749902133717223,0.44749902133717223,1.0,0.6571428571428571,0.7428571428571429,0.8846153846153846
msmarco-passage-trec-dl-2019,405717,allocation-grid-oracle,1024,832,192,1024,0.8125,640,80,0,-3.6094337701797485e-05,863,0.44749902133717223,0.44749902133717223,1.0,0.6571428571428571,0.7428571428571429,0.8846153846153846
msmarco-passage-trec-dl-2019,405717,allocation-grid-oracle,2048,1248,800,2048,0.609375,448,100,1,-inf,1735,0.44749902133717223,0.44749902133717223,1.0,0.7428571428571429,0.7428571428571429,1.0
msmarco-passage-trec-dl-2019,405717,allocation-grid-oracle,4096,2048,2048,4096,0.5,0,100,1,-inf,3607,0.44749902133717223,0.44749902133717223,1.0,0.7428571428571429,0.7428571428571429,1.0
msmarco-passage-trec-dl-2019,405717,allocation-grid-oracle,8192,4096,4096,8192,0.5,0,100,1,-inf,7337,0.44749902133717223,0.44749902133717223,1.0,0.7428571428571429,0.7428571428571429,1.0
msmarco-passage-trec-dl-2019,405717,allocation-grid-oracle,10000,5000,5000,10000,0.5,0,100,1,-inf,8942,0.44749902133717223,0.44749902133717223,1.0,0.7428571428571429,0.7428571428571429,1.0
msmarco-passage-trec-dl-2019,182539,balanced,128,64,64,128,0.5,0,28,0,-0.0013151057064533234,96,0.59355873245898,0.59355873245898,1.0,0.5094339622641509,0.9056603773584906,0.5625
msmarco-passage-trec-dl-2019,182539,balanced,256,128,128,256,0.5,0,30,0,-1.3044103980064392e-05,214,0.59355873245898,0.59355873245898,1.0,0.5471698113207547,0.9056603773584906,0.6041666666666666
msmarco-passage-trec-dl-2019,182539,balanced,512,256,256,512,0.5,0,38,0,-0.0002932790666818619,459,0.59355873245898,0.59355873245898,1.0,0.660377358490566,0.9056603773584906,0.7291666666666666
msmarco-passage-trec-dl-2019,182539,balanced,1024,512,512,1024,0.5,0,40,0,-0.0007907282561063766,954,0.59355873245898,0.59355873245898,1.0,0.6792452830188679,0.9056603773584906,0.7499999999999999
msmarco-passage-trec-dl-2019,182539,balanced,2048,1024,1024,2048,0.5,0,41,0,-5.4640695452690125e-05,1909,0.59355873245898,0.59355873245898,1.0,0.6792452830188679,0.9056603773584906,0.7499999999999999
msmarco-passage-trec-dl-2019,182539,balanced,4096,2048,2048,4096,0.5,0,42,0,-0.0002877218648791313,3835,0.59355873245898,0.59355873245898,1.0,0.6792452830188679,0.9056603773584906,0.7499999999999999
msmarco-passage-trec-dl-2019,182539,balanced,8192,4096,4096,8192,0.5,0,42,0,-5.395431071519852e-05,7611,0.59355873245898,0.59355873245898,1.0,0.6792452830188679,0.9056603773584906,0.7499999999999999
msmarco-passage-trec-dl-2019,182539,balanced,10000,5000,5000,10000,0.5,0,42,0,-1.0967254638671875e-05,9299,0.59355873245898,0.59355873245898,1.0,0.6792452830188679,0.9056603773584906,0.7499999999999999
msmarco-passage-trec-dl-2019,182539,blocker,128,80,48,128,0.625,32,28,0,-0.0011209622025489807,94,0.59355873245898,0.59355873245898,1.0,0.5094339622641509,0.9056603773584906,0.5625
msmarco-passage-trec-dl-2019,182539,blocker,256,144,112,256,0.5625,32,31,0,-0.0003384687006473541,214,0.59355873245898,0.59355873245898,1.0,0.5471698113207547,0.9056603773584906,0.6041666666666666
msmarco-passage-trec-dl-2019,182539,blocker,512,320,192,512,0.625,128,39,0,-0.0017637107521295547,464,0.59355873245898,0.59355873245898,1.0,0.6792452830188679,0.9056603773584906,0.7499999999999999
msmarco-passage-trec-dl-2019,182539,blocker,1024,736,288,1024,0.71875,448,40,0,-0.00029875803738832474,961,0.59355873245898,0.59355873245898,1.0,0.6792452830188679,0.9056603773584906,0.7499999999999999
msmarco-passage-trec-dl-2019,182539,blocker,2048,1664,384,2048,0.8125,1280,42,0,-0.00039338506758213043,1956,0.59355873245898,0.59355873245898,1.0,0.6792452830188679,0.9056603773584906,0.7499999999999999
msmarco-passage-trec-dl-2019,182539,blocker,4096,3632,464,4096,0.88671875,3168,42,0,-8.41943547129631e-05,3957,0.59355873245898,0.59355873245898,1.0,0.6792452830188679,0.9056603773584906,0.7499999999999999
msmarco-passage-trec-dl-2019,182539,blocker,8192,5000,3192,8192,0.6103515625,1808,42,0,-1.0967254638671875e-05,7604,0.59355873245898,0.59355873245898,1.0,0.6792452830188679,0.9056603773584906,0.7499999999999999
msmarco-passage-trec-dl-2019,182539,blocker,10000,5000,5000,10000,0.5,0,42,0,-1.0967254638671875e-05,9299,0.59355873245898,0.59355873245898,1.0,0.6792452830188679,0.9056603773584906,0.7499999999999999
msmarco-passage-trec-dl-2019,182539,candidate,128,80,48,128,0.625,32,28,0,-0.0011209622025489807,94,0.59355873245898,0.59355873245898,1.0,0.5094339622641509,0.9056603773584906,0.5625
msmarco-passage-trec-dl-2019,182539,candidate,256,144,112,256,0.5625,32,31,0,-0.0003384687006473541,214,0.59355873245898,0.59355873245898,1.0,0.5471698113207547,0.9056603773584906,0.6041666666666666
msmarco-passage-trec-dl-2019,182539,candidate,512,320,192,512,0.625,128,39,0,-0.0017637107521295547,464,0.59355873245898,0.59355873245898,1.0,0.6792452830188679,0.9056603773584906,0.7499999999999999
msmarco-passage-trec-dl-2019,182539,candidate,1024,736,288,1024,0.71875,448,40,0,-0.00029875803738832474,961,0.59355873245898,0.59355873245898,1.0,0.6792452830188679,0.9056603773584906,0.7499999999999999
msmarco-passage-trec-dl-2019,182539,candidate,2048,1664,384,2048,0.8125,1280,42,0,-0.00039338506758213043,1956,0.59355873245898,0.59355873245898,1.0,0.6792452830188679,0.9056603773584906,0.7499999999999999
msmarco-passage-trec-dl-2019,182539,candidate,4096,3632,464,4096,0.88671875,3168,42,0,-8.41943547129631e-05,3957,0.59355873245898,0.59355873245898,1.0,0.6792452830188679,0.9056603773584906,0.7499999999999999
msmarco-passage-trec-dl-2019,182539,candidate,8192,5000,3192,8192,0.6103515625,1808,42,0,-1.0967254638671875e-05,7604,0.59355873245898,0.59355873245898,1.0,0.6792452830188679,0.9056603773584906,0.7499999999999999
msmarco-passage-trec-dl-2019,182539,candidate,10000,5000,5000,10000,0.5,0,42,0,-1.0967254638671875e-05,9299,0.59355873245898,0.59355873245898,1.0,0.6792452830188679,0.9056603773584906,0.7499999999999999
msmarco-passage-trec-dl-2019,182539,candidate-safe,128,80,48,128,0.625,32,28,0,-0.0011209622025489807,94,0.59355873245898,0.59355873245898,1.0,0.5094339622641509,0.9056603773584906,0.5625
msmarco-passage-trec-dl-2019,182539,candidate-safe,256,144,112,256,0.5625,32,31,0,-0.0003384687006473541,214,0.59355873245898,0.59355873245898,1.0,0.5471698113207547,0.9056603773584906,0.6041666666666666
msmarco-passage-trec-dl-2019,182539,candidate-safe,512,320,192,512,0.625,128,39,0,-0.0017637107521295547,464,0.59355873245898,0.59355873245898,1.0,0.6792452830188679,0.9056603773584906,0.7499999999999999
msmarco-passage-trec-dl-2019,182539,candidate-safe,1024,736,288,1024,0.71875,448,40,0,-0.00029875803738832474,961,0.59355873245898,0.59355873245898,1.0,0.6792452830188679,0.9056603773584906,0.7499999999999999
msmarco-passage-trec-dl-2019,182539,candidate-safe,2048,1664,384,2048,0.8125,1280,42,0,-0.00039338506758213043,1956,0.59355873245898,0.59355873245898,1.0,0.6792452830188679,0.9056603773584906,0.7499999999999999
msmarco-passage-trec-dl-2019,182539,candidate-safe,4096,3632,464,4096,0.88671875,3168,42,0,-8.41943547129631e-05,3957,0.59355873245898,0.59355873245898,1.0,0.6792452830188679,0.9056603773584906,0.7499999999999999
msmarco-passage-trec-dl-2019,182539,candidate-safe,8192,5000,3192,8192,0.6103515625,1808,42,0,-1.0967254638671875e-05,7604,0.59355873245898,0.59355873245898,1.0,0.6792452830188679,0.9056603773584906,0.7499999999999999
msmarco-passage-trec-dl-2019,182539,candidate-safe,10000,5000,5000,10000,0.5,0,42,0,-1.0967254638671875e-05,9299,0.59355873245898,0.59355873245898,1.0,0.6792452830188679,0.9056603773584906,0.7499999999999999
msmarco-passage-trec-dl-2019,182539,pressure,128,64,64,128,0.5,0,28,0,-0.0013151057064533234,96,0.59355873245898,0.59355873245898,1.0,0.5094339622641509,0.9056603773584906,0.5625
msmarco-passage-trec-dl-2019,182539,pressure,256,144,112,256,0.5625,32,31,0,-0.0003384687006473541,214,0.59355873245898,0.59355873245898,1.0,0.5471698113207547,0.9056603773584906,0.6041666666666666
msmarco-passage-trec-dl-2019,182539,pressure,512,304,208,512,0.59375,96,39,0,-0.0003047250211238861,461,0.59355873245898,0.59355873245898,1.0,0.6792452830188679,0.9056603773584906,0.7499999999999999
msmarco-passage-trec-dl-2019,182539,pressure,1024,704,320,1024,0.6875,384,40,0,-0.00035137683153152466,960,0.59355873245898,0.59355873245898,1.0,0.6792452830188679,0.9056603773584906,0.7499999999999999
msmarco-passage-trec-dl-2019,182539,pressure,2048,1568,480,2048,0.765625,1088,42,0,-0.0004275897517800331,1943,0.59355873245898,0.59355873245898,1.0,0.6792452830188679,0.9056603773584906,0.7499999999999999
msmarco-passage-trec-dl-2019,182539,pressure,4096,3616,480,4096,0.8828125,3136,42,0,-8.53734090924263e-05,3953,0.59355873245898,0.59355873245898,1.0,0.6792452830188679,0.9056603773584906,0.7499999999999999
msmarco-passage-trec-dl-2019,182539,pressure,8192,5000,3192,8192,0.6103515625,1808,42,0,-1.0967254638671875e-05,7604,0.59355873245898,0.59355873245898,1.0,0.6792452830188679,0.9056603773584906,0.7499999999999999
msmarco-passage-trec-dl-2019,182539,pressure,10000,5000,5000,10000,0.5,0,42,0,-1.0967254638671875e-05,9299,0.59355873245898,0.59355873245898,1.0,0.6792452830188679,0.9056603773584906,0.7499999999999999
msmarco-passage-trec-dl-2019,182539,allocation-grid-oracle,128,80,48,128,0.625,32,28,0,-0.0011209622025489807,94,0.59355873245898,0.59355873245898,1.0,0.5094339622641509,0.9056603773584906,0.5625
msmarco-passage-trec-dl-2019,182539,allocation-grid-oracle,256,144,112,256,0.5625,32,31,0,-0.0003384687006473541,214,0.59355873245898,0.59355873245898,1.0,0.5471698113207547,0.9056603773584906,0.6041666666666666
msmarco-passage-trec-dl-2019,182539,allocation-grid-oracle,512,304,208,512,0.59375,96,39,0,-0.0003047250211238861,461,0.59355873245898,0.59355873245898,1.0,0.6792452830188679,0.9056603773584906,0.7499999999999999
msmarco-passage-trec-dl-2019,182539,allocation-grid-oracle,1024,736,288,1024,0.71875,448,40,0,-0.00029875803738832474,961,0.59355873245898,0.59355873245898,1.0,0.6792452830188679,0.9056603773584906,0.7499999999999999
msmarco-passage-trec-dl-2019,182539,allocation-grid-oracle,2048,1664,384,2048,0.8125,1280,42,0,-0.00039338506758213043,1956,0.59355873245898,0.59355873245898,1.0,0.6792452830188679,0.9056603773584906,0.7499999999999999
msmarco-passage-trec-dl-2019,182539,allocation-grid-oracle,4096,3632,464,4096,0.88671875,3168,42,0,-8.41943547129631e-05,3957,0.59355873245898,0.59355873245898,1.0,0.6792452830188679,0.9056603773584906,0.7499999999999999
msmarco-passage-trec-dl-2019,182539,allocation-grid-oracle,8192,5000,3192,8192,0.6103515625,1808,42,0,-1.0967254638671875e-05,7604,0.59355873245898,0.59355873245898,1.0,0.6792452830188679,0.9056603773584906,0.7499999999999999
msmarco-passage-trec-dl-2019,182539,allocation-grid-oracle,10000,5000,5000,10000,0.5,0,42,0,-1.0967254638671875e-05,9299,0.59355873245898,0.59355873245898,1.0,0.6792452830188679,0.9056603773584906,0.7499999999999999
msmarco-passage-trec-dl-2019,1113437,balanced,128,64,64,128,0.5,0,1,0,-7.327832281589508e-05,123,0.1488508932194884,0.26573241201922004,0.5601533214876409,0.012987012987012988,0.42857142857142855,0.030303030303030307
msmarco-passage-trec-dl-2019,1113437,balanced,256,128,128,256,0.5,0,7,0,-0.0006437469273805618,233,0.2044326641317038,0.26573241201922004,0.7693177605933802,0.05194805194805195,0.42857142857142855,0.12121212121212123
msmarco-passage-trec-dl-2019,1113437,balanced,512,256,256,512,0.5,0,11,0,-0.0007609892636537552,438,0.26573241201922004,0.26573241201922004,1.0,0.07792207792207792,0.42857142857142855,0.18181818181818182
msmarco-passage-trec-dl-2019,1113437,balanced,1024,512,512,1024,0.5,0,13,0,-0.00017962418496608734,883,0.26573241201922004,0.26573241201922004,1.0,0.1038961038961039,0.42857142857142855,0.24242424242424246
msmarco-passage-trec-dl-2019,1113437,balanced,2048,1024,1024,2048,0.5,0,16,0,-6.154365837574005e-05,1790,0.26573241201922004,0.26573241201922004,1.0,0.11688311688311688,0.42857142857142855,0.27272727272727276
msmarco-passage-trec-dl-2019,1113437,balanced,4096,2048,2048,4096,0.5,0,29,0,-0.00010225176811218262,3773,0.26573241201922004,0.26573241201922004,1.0,0.19480519480519481,0.42857142857142855,0.4545454545454546
msmarco-passage-trec-dl-2019,1113437,balanced,8192,4096,4096,8192,0.5,0,31,0,-3.310851752758026e-06,7645,0.26573241201922004,0.26573241201922004,1.0,0.2077922077922078,0.42857142857142855,0.4848484848484849
msmarco-passage-trec-dl-2019,1113437,balanced,10000,5000,5000,10000,0.5,0,40,0,-1.2514181435108185e-05,9365,0.26573241201922004,0.26573241201922004,1.0,0.24675324675324675,0.42857142857142855,0.5757575757575758
msmarco-passage-trec-dl-2019,1113437,blocker,128,64,64,128,0.5,0,1,0,-7.327832281589508e-05,123,0.1488508932194884,0.26573241201922004,0.5601533214876409,0.012987012987012988,0.42857142857142855,0.030303030303030307
msmarco-passage-trec-dl-2019,1113437,blocker,256,128,128,256,0.5,0,7,0,-0.0006437469273805618,233,0.2044326641317038,0.26573241201922004,0.7693177605933802,0.05194805194805195,0.42857142857142855,0.12121212121212123
msmarco-passage-trec-dl-2019,1113437,blocker,512,256,256,512,0.5,0,11,0,-0.0007609892636537552,438,0.26573241201922004,0.26573241201922004,1.0,0.07792207792207792,0.42857142857142855,0.18181818181818182
msmarco-passage-trec-dl-2019,1113437,blocker,1024,512,512,1024,0.5,0,13,0,-0.00017962418496608734,883,0.26573241201922004,0.26573241201922004,1.0,0.1038961038961039,0.42857142857142855,0.24242424242424246
msmarco-passage-trec-dl-2019,1113437,blocker,2048,1280,768,2048,0.625,512,28,0,-0.00019906647503376007,1798,0.26573241201922004,0.26573241201922004,1.0,0.18181818181818182,0.42857142857142855,0.42424242424242425
msmarco-passage-trec-dl-2019,1113437,blocker,4096,2896,1200,4096,0.70703125,1696,30,0,-4.1954219341278076e-05,3772,0.26573241201922004,0.26573241201922004,1.0,0.19480519480519481,0.42857142857142855,0.4545454545454546
msmarco-passage-trec-dl-2019,1113437,blocker,8192,4160,4032,8192,0.5078125,128,35,0,-8.288770914077759e-06,7658,0.26573241201922004,0.26573241201922004,1.0,0.22077922077922077,0.42857142857142855,0.5151515151515151
msmarco-passage-trec-dl-2019,1113437,blocker,10000,5000,5000,10000,0.5,0,40,0,-1.2514181435108185e-05,9365,0.26573241201922004,0.26573241201922004,1.0,0.24675324675324675,0.42857142857142855,0.5757575757575758
msmarco-passage-trec-dl-2019,1113437,candidate,128,48,80,128,0.375,32,0,0,-0.0005703307688236237,123,0.0,0.26573241201922004,0.0,0.0,0.42857142857142855,0.0
msmarco-passage-trec-dl-2019,1113437,candidate,256,128,128,256,0.5,0,7,0,-0.0006437469273805618,233,0.2044326641317038,0.26573241201922004,0.7693177605933802,0.05194805194805195,0.42857142857142855,0.12121212121212123
msmarco-passage-trec-dl-2019,1113437,candidate,512,256,256,512,0.5,0,11,0,-0.0007609892636537552,438,0.26573241201922004,0.26573241201922004,1.0,0.07792207792207792,0.42857142857142855,0.18181818181818182
msmarco-passage-trec-dl-2019,1113437,candidate,1024,512,512,1024,0.5,0,13,0,-0.00017962418496608734,883,0.26573241201922004,0.26573241201922004,1.0,0.1038961038961039,0.42857142857142855,0.24242424242424246
msmarco-passage-trec-dl-2019,1113437,candidate,2048,1280,768,2048,0.625,512,28,0,-0.00019906647503376007,1798,0.26573241201922004,0.26573241201922004,1.0,0.18181818181818182,0.42857142857142855,0.42424242424242425
msmarco-passage-trec-dl-2019,1113437,candidate,4096,2896,1200,4096,0.70703125,1696,30,0,-4.1954219341278076e-05,3772,0.26573241201922004,0.26573241201922004,1.0,0.19480519480519481,0.42857142857142855,0.4545454545454546
msmarco-passage-trec-dl-2019,1113437,candidate,8192,5000,3192,8192,0.6103515625,1808,34,0,-2.7247704565525055e-05,7728,0.26573241201922004,0.26573241201922004,1.0,0.22077922077922077,0.42857142857142855,0.5151515151515151
msmarco-passage-trec-dl-2019,1113437,candidate,10000,5000,5000,10000,0.5,0,40,0,-1.2514181435108185e-05,9365,0.26573241201922004,0.26573241201922004,1.0,0.24675324675324675,0.42857142857142855,0.5757575757575758
msmarco-passage-trec-dl-2019,1113437,candidate-safe,128,64,64,128,0.5,0,1,0,-7.327832281589508e-05,123,0.1488508932194884,0.26573241201922004,0.5601533214876409,0.012987012987012988,0.42857142857142855,0.030303030303030307
msmarco-passage-trec-dl-2019,1113437,candidate-safe,256,128,128,256,0.5,0,7,0,-0.0006437469273805618,233,0.2044326641317038,0.26573241201922004,0.7693177605933802,0.05194805194805195,0.42857142857142855,0.12121212121212123
msmarco-passage-trec-dl-2019,1113437,candidate-safe,512,256,256,512,0.5,0,11,0,-0.0007609892636537552,438,0.26573241201922004,0.26573241201922004,1.0,0.07792207792207792,0.42857142857142855,0.18181818181818182
msmarco-passage-trec-dl-2019,1113437,candidate-safe,1024,512,512,1024,0.5,0,13,0,-0.00017962418496608734,883,0.26573241201922004,0.26573241201922004,1.0,0.1038961038961039,0.42857142857142855,0.24242424242424246
msmarco-passage-trec-dl-2019,1113437,candidate-safe,2048,1280,768,2048,0.625,512,28,0,-0.00019906647503376007,1798,0.26573241201922004,0.26573241201922004,1.0,0.18181818181818182,0.42857142857142855,0.42424242424242425
msmarco-passage-trec-dl-2019,1113437,candidate-safe,4096,2896,1200,4096,0.70703125,1696,30,0,-4.1954219341278076e-05,3772,0.26573241201922004,0.26573241201922004,1.0,0.19480519480519481,0.42857142857142855,0.4545454545454546
msmarco-passage-trec-dl-2019,1113437,candidate-safe,8192,5000,3192,8192,0.6103515625,1808,34,0,-2.7247704565525055e-05,7728,0.26573241201922004,0.26573241201922004,1.0,0.22077922077922077,0.42857142857142855,0.5151515151515151
msmarco-passage-trec-dl-2019,1113437,candidate-safe,10000,5000,5000,10000,0.5,0,40,0,-1.2514181435108185e-05,9365,0.26573241201922004,0.26573241201922004,1.0,0.24675324675324675,0.42857142857142855,0.5757575757575758
msmarco-passage-trec-dl-2019,1113437,pressure,128,64,64,128,0.5,0,1,0,-7.327832281589508e-05,123,0.1488508932194884,0.26573241201922004,0.5601533214876409,0.012987012987012988,0.42857142857142855,0.030303030303030307
msmarco-passage-trec-dl-2019,1113437,pressure,256,128,128,256,0.5,0,7,0,-0.0006437469273805618,233,0.2044326641317038,0.26573241201922004,0.7693177605933802,0.05194805194805195,0.42857142857142855,0.12121212121212123
msmarco-passage-trec-dl-2019,1113437,pressure,512,256,256,512,0.5,0,11,0,-0.0007609892636537552,438,0.26573241201922004,0.26573241201922004,1.0,0.07792207792207792,0.42857142857142855,0.18181818181818182
msmarco-passage-trec-dl-2019,1113437,pressure,1024,512,512,1024,0.5,0,13,0,-0.00017962418496608734,883,0.26573241201922004,0.26573241201922004,1.0,0.1038961038961039,0.42857142857142855,0.24242424242424246
msmarco-passage-trec-dl-2019,1113437,pressure,2048,1216,832,2048,0.59375,384,27,0,-0.0004746634513139725,1792,0.26573241201922004,0.26573241201922004,1.0,0.18181818181818182,0.42857142857142855,0.42424242424242425
msmarco-passage-trec-dl-2019,1113437,pressure,4096,2832,1264,4096,0.69140625,1568,30,0,-4.9442052841186523e-05,3770,0.26573241201922004,0.26573241201922004,1.0,0.19480519480519481,0.42857142857142855,0.4545454545454546
msmarco-passage-trec-dl-2019,1113437,pressure,8192,4160,4032,8192,0.5078125,128,35,0,-8.288770914077759e-06,7658,0.26573241201922004,0.26573241201922004,1.0,0.22077922077922077,0.42857142857142855,0.5151515151515151
msmarco-passage-trec-dl-2019,1113437,pressure,10000,5000,5000,10000,0.5,0,40,0,-1.2514181435108185e-05,9365,0.26573241201922004,0.26573241201922004,1.0,0.24675324675324675,0.42857142857142855,0.5757575757575758
msmarco-passage-trec-dl-2019,1113437,allocation-grid-oracle,128,64,64,128,0.5,0,1,0,-7.327832281589508e-05,123,0.1488508932194884,0.26573241201922004,0.5601533214876409,0.012987012987012988,0.42857142857142855,0.030303030303030307
msmarco-passage-trec-dl-2019,1113437,allocation-grid-oracle,256,128,128,256,0.5,0,7,0,-0.0006437469273805618,233,0.2044326641317038,0.26573241201922004,0.7693177605933802,0.05194805194805195,0.42857142857142855,0.12121212121212123
msmarco-passage-trec-dl-2019,1113437,allocation-grid-oracle,512,256,256,512,0.5,0,11,0,-0.0007609892636537552,438,0.26573241201922004,0.26573241201922004,1.0,0.07792207792207792,0.42857142857142855,0.18181818181818182
msmarco-passage-trec-dl-2019,1113437,allocation-grid-oracle,1024,512,512,1024,0.5,0,13,0,-0.00017962418496608734,883,0.26573241201922004,0.26573241201922004,1.0,0.1038961038961039,0.42857142857142855,0.24242424242424246
msmarco-passage-trec-dl-2019,1113437,allocation-grid-oracle,2048,1280,768,2048,0.625,512,28,0,-0.00019906647503376007,1798,0.26573241201922004,0.26573241201922004,1.0,0.18181818181818182,0.42857142857142855,0.42424242424242425
msmarco-passage-trec-dl-2019,1113437,allocation-grid-oracle,4096,2896,1200,4096,0.70703125,1696,30,0,-4.1954219341278076e-05,3772,0.26573241201922004,0.26573241201922004,1.0,0.19480519480519481,0.42857142857142855,0.4545454545454546
msmarco-passage-trec-dl-2019,1113437,allocation-grid-oracle,8192,4168,4024,8192,0.5087890625,144,35,0,-8.767470717430115e-06,7658,0.26573241201922004,0.26573241201922004,1.0,0.22077922077922077,0.42857142857142855,0.5151515151515151
msmarco-passage-trec-dl-2019,1113437,allocation-grid-oracle,10000,5000,5000,10000,0.5,0,40,0,-1.2514181435108185e-05,9365,0.26573241201922004,0.26573241201922004,1.0,0.24675324675324675,0.42857142857142855,0.5757575757575758
msmarco-passage-trec-dl-2019,1129237,balanced,128,64,64,128,0.5,0,10,0,-6.638467311859131e-06,108,0.7180897471647473,0.7180897471647473,1.0,0.2857142857142857,1.0,0.2857142857142857
msmarco-passage-trec-dl-2019,1129237,balanced,256,128,128,256,0.5,0,16,0,-0.0006838887929916382,226,0.7180897471647473,0.7180897471647473,1.0,0.42857142857142855,1.0,0.42857142857142855
msmarco-passage-trec-dl-2019,1129237,balanced,512,256,256,512,0.5,0,20,0,-9.441189467906952e-05,457,0.7180897471647473,0.7180897471647473,1.0,0.5357142857142857,1.0,0.5357142857142857
msmarco-passage-trec-dl-2019,1129237,balanced,1024,512,512,1024,0.5,0,24,0,-0.00025490671396255493,923,0.7180897471647473,0.7180897471647473,1.0,0.5714285714285714,1.0,0.5714285714285714
msmarco-passage-trec-dl-2019,1129237,balanced,2048,1024,1024,2048,0.5,0,26,0,-3.1150877475738525e-05,1833,0.7180897471647473,0.7180897471647473,1.0,0.6071428571428571,1.0,0.6071428571428571
msmarco-passage-trec-dl-2019,1129237,balanced,4096,2048,2048,4096,0.5,0,27,0,-0.00011462531983852386,3625,0.7180897471647473,0.7180897471647473,1.0,0.6071428571428571,1.0,0.6071428571428571
msmarco-passage-trec-dl-2019,1129237,balanced,8192,4096,4096,8192,0.5,0,44,0,-6.023980677127838e-05,7146,0.7180897471647473,0.7180897471647473,1.0,0.75,1.0,0.75
msmarco-passage-trec-dl-2019,1129237,balanced,10000,5000,5000,10000,0.5,0,44,0,-1.725275069475174e-05,8716,0.7180897471647473,0.7180897471647473,1.0,0.75,1.0,0.75
msmarco-passage-trec-dl-2019,1129237,blocker,128,48,80,128,0.375,32,11,0,-0.00020860880613327026,108,0.7180897471647473,0.7180897471647473,1.0,0.32142857142857145,1.0,0.32142857142857145
msmarco-passage-trec-dl-2019,1129237,blocker,256,112,144,256,0.4375,32,16,0,-0.00026670098304748535,225,0.7180897471647473,0.7180897471647473,1.0,0.42857142857142855,1.0,0.42857142857142855
msmarco-passage-trec-dl-2019,1129237,blocker,512,192,320,512,0.375,128,22,0,-3.312155604362488e-05,459,0.7180897471647473,0.7180897471647473,1.0,0.5357142857142857,1.0,0.5357142857142857
msmarco-passage-trec-dl-2019,1129237,blocker,1024,304,720,1024,0.296875,416,25,0,-0.00011525489389896393,928,0.7180897471647473,0.7180897471647473,1.0,0.5714285714285714,1.0,0.5714285714285714
msmarco-passage-trec-dl-2019,1129237,blocker,2048,432,1616,2048,0.2109375,1184,27,0,-0.00023690052330493927,1869,0.7180897471647473,0.7180897471647473,1.0,0.6071428571428571,1.0,0.6071428571428571
msmarco-passage-trec-dl-2019,1129237,blocker,4096,848,3248,4096,0.20703125,2400,38,0,-0.0002838689833879471,3731,0.7180897471647473,0.7180897471647473,1.0,0.75,1.0,0.75
msmarco-passage-trec-dl-2019,1129237,blocker,8192,4480,3712,8192,0.546875,768,44,0,-3.9888545870780945e-05,7133,0.7180897471647473,0.7180897471647473,1.0,0.75,1.0,0.75
msmarco-passage-trec-dl-2019,1129237,blocker,10000,5000,5000,10000,0.5,0,44,0,-1.725275069475174e-05,8716,0.7180897471647473,0.7180897471647473,1.0,0.75,1.0,0.75
msmarco-passage-trec-dl-2019,1129237,candidate,128,48,80,128,0.375,32,11,0,-0.00020860880613327026,108,0.7180897471647473,0.7180897471647473,1.0,0.32142857142857145,1.0,0.32142857142857145
msmarco-passage-trec-dl-2019,1129237,candidate,256,112,144,256,0.4375,32,16,0,-0.00026670098304748535,225,0.7180897471647473,0.7180897471647473,1.0,0.42857142857142855,1.0,0.42857142857142855
msmarco-passage-trec-dl-2019,1129237,candidate,512,192,320,512,0.375,128,22,0,-3.312155604362488e-05,459,0.7180897471647473,0.7180897471647473,1.0,0.5357142857142857,1.0,0.5357142857142857
msmarco-passage-trec-dl-2019,1129237,candidate,1024,304,720,1024,0.296875,416,25,0,-0.00011525489389896393,928,0.7180897471647473,0.7180897471647473,1.0,0.5714285714285714,1.0,0.5714285714285714
msmarco-passage-trec-dl-2019,1129237,candidate,2048,432,1616,2048,0.2109375,1184,27,0,-0.00023690052330493927,1869,0.7180897471647473,0.7180897471647473,1.0,0.6071428571428571,1.0,0.6071428571428571
msmarco-passage-trec-dl-2019,1129237,candidate,4096,848,3248,4096,0.20703125,2400,38,0,-0.0002838689833879471,3731,0.7180897471647473,0.7180897471647473,1.0,0.75,1.0,0.75
msmarco-passage-trec-dl-2019,1129237,candidate,8192,4480,3712,8192,0.546875,768,44,0,-3.9888545870780945e-05,7133,0.7180897471647473,0.7180897471647473,1.0,0.75,1.0,0.75
msmarco-passage-trec-dl-2019,1129237,candidate,10000,5000,5000,10000,0.5,0,44,0,-1.725275069475174e-05,8716,0.7180897471647473,0.7180897471647473,1.0,0.75,1.0,0.75
msmarco-passage-trec-dl-2019,1129237,candidate-safe,128,48,80,128,0.375,32,11,0,-0.00020860880613327026,108,0.7180897471647473,0.7180897471647473,1.0,0.32142857142857145,1.0,0.32142857142857145
msmarco-passage-trec-dl-2019,1129237,candidate-safe,256,112,144,256,0.4375,32,16,0,-0.00026670098304748535,225,0.7180897471647473,0.7180897471647473,1.0,0.42857142857142855,1.0,0.42857142857142855
msmarco-passage-trec-dl-2019,1129237,candidate-safe,512,192,320,512,0.375,128,22,0,-3.312155604362488e-05,459,0.7180897471647473,0.7180897471647473,1.0,0.5357142857142857,1.0,0.5357142857142857
msmarco-passage-trec-dl-2019,1129237,candidate-safe,1024,304,720,1024,0.296875,416,25,0,-0.00011525489389896393,928,0.7180897471647473,0.7180897471647473,1.0,0.5714285714285714,1.0,0.5714285714285714
msmarco-passage-trec-dl-2019,1129237,candidate-safe,2048,432,1616,2048,0.2109375,1184,27,0,-0.00023690052330493927,1869,0.7180897471647473,0.7180897471647473,1.0,0.6071428571428571,1.0,0.6071428571428571
msmarco-passage-trec-dl-2019,1129237,candidate-safe,4096,848,3248,4096,0.20703125,2400,38,0,-0.0002838689833879471,3731,0.7180897471647473,0.7180897471647473,1.0,0.75,1.0,0.75
msmarco-passage-trec-dl-2019,1129237,candidate-safe,8192,4480,3712,8192,0.546875,768,44,0,-3.9888545870780945e-05,7133,0.7180897471647473,0.7180897471647473,1.0,0.75,1.0,0.75
msmarco-passage-trec-dl-2019,1129237,candidate-safe,10000,5000,5000,10000,0.5,0,44,0,-1.725275069475174e-05,8716,0.7180897471647473,0.7180897471647473,1.0,0.75,1.0,0.75
msmarco-passage-trec-dl-2019,1129237,pressure,128,48,80,128,0.375,32,11,0,-0.00020860880613327026,108,0.7180897471647473,0.7180897471647473,1.0,0.32142857142857145,1.0,0.32142857142857145
msmarco-passage-trec-dl-2019,1129237,pressure,256,112,144,256,0.4375,32,16,0,-0.00026670098304748535,225,0.7180897471647473,0.7180897471647473,1.0,0.42857142857142855,1.0,0.42857142857142855
msmarco-passage-trec-dl-2019,1129237,pressure,512,192,320,512,0.375,128,22,0,-3.312155604362488e-05,459,0.7180897471647473,0.7180897471647473,1.0,0.5357142857142857,1.0,0.5357142857142857
msmarco-passage-trec-dl-2019,1129237,pressure,1024,320,704,1024,0.3125,384,25,0,-0.00014210492372512817,929,0.7180897471647473,0.7180897471647473,1.0,0.5714285714285714,1.0,0.5714285714285714
msmarco-passage-trec-dl-2019,1129237,pressure,2048,496,1552,2048,0.2421875,1056,27,0,-0.00026058778166770935,1868,0.7180897471647473,0.7180897471647473,1.0,0.6071428571428571,1.0,0.6071428571428571
msmarco-passage-trec-dl-2019,1129237,pressure,4096,1152,2944,4096,0.28125,1792,38,0,-0.0003144610673189163,3661,0.7180897471647473,0.7180897471647473,1.0,0.75,1.0,0.75
msmarco-passage-trec-dl-2019,1129237,pressure,8192,4480,3712,8192,0.546875,768,44,0,-3.9888545870780945e-05,7133,0.7180897471647473,0.7180897471647473,1.0,0.75,1.0,0.75
msmarco-passage-trec-dl-2019,1129237,pressure,10000,5000,5000,10000,0.5,0,44,0,-1.725275069475174e-05,8716,0.7180897471647473,0.7180897471647473,1.0,0.75,1.0,0.75
msmarco-passage-trec-dl-2019,1129237,allocation-grid-oracle,128,48,80,128,0.375,32,11,0,-0.00020860880613327026,108,0.7180897471647473,0.7180897471647473,1.0,0.32142857142857145,1.0,0.32142857142857145
msmarco-passage-trec-dl-2019,1129237,allocation-grid-oracle,256,112,144,256,0.4375,32,16,0,-0.00026670098304748535,225,0.7180897471647473,0.7180897471647473,1.0,0.42857142857142855,1.0,0.42857142857142855
msmarco-passage-trec-dl-2019,1129237,allocation-grid-oracle,512,192,320,512,0.375,128,22,0,-3.312155604362488e-05,459,0.7180897471647473,0.7180897471647473,1.0,0.5357142857142857,1.0,0.5357142857142857
msmarco-passage-trec-dl-2019,1129237,allocation-grid-oracle,1024,304,720,1024,0.296875,416,25,0,-0.00011525489389896393,928,0.7180897471647473,0.7180897471647473,1.0,0.5714285714285714,1.0,0.5714285714285714
msmarco-passage-trec-dl-2019,1129237,allocation-grid-oracle,2048,432,1616,2048,0.2109375,1184,27,0,-0.00023690052330493927,1869,0.7180897471647473,0.7180897471647473,1.0,0.6071428571428571,1.0,0.6071428571428571
msmarco-passage-trec-dl-2019,1129237,allocation-grid-oracle,4096,848,3248,4096,0.20703125,2400,38,0,-0.0002838689833879471,3731,0.7180897471647473,0.7180897471647473,1.0,0.75,1.0,0.75
msmarco-passage-trec-dl-2019,1129237,allocation-grid-oracle,8192,4472,3720,8192,0.5458984375,752,44,0,-4.0277838706970215e-05,7133,0.7180897471647473,0.7180897471647473,1.0,0.75,1.0,0.75
msmarco-passage-trec-dl-2019,1129237,allocation-grid-oracle,10000,5000,5000,10000,0.5,0,44,0,-1.725275069475174e-05,8716,0.7180897471647473,0.7180897471647473,1.0,0.75,1.0,0.75
msmarco-passage-trec-dl-2019,146187,balanced,128,64,64,128,0.5,0,16,0,-0.0006090737879276276,104,0.7542514543007662,0.7542514543007662,1.0,0.4782608695652174,0.8695652173913043,0.55
msmarco-passage-trec-dl-2019,146187,balanced,256,128,128,256,0.5,0,22,0,-0.0002004038542509079,208,0.7542514543007662,0.7542514543007662,1.0,0.6086956521739131,0.8695652173913043,0.7000000000000001
msmarco-passage-trec-dl-2019,146187,balanced,512,256,256,512,0.5,0,30,0,-8.216686546802521e-05,434,0.7542514543007662,0.7542514543007662,1.0,0.6521739130434783,0.8695652173913043,0.75
msmarco-passage-trec-dl-2019,146187,balanced,1024,512,512,1024,0.5,0,52,0,-0.00017450936138629913,880,0.7542514543007662,0.7542514543007662,1.0,0.782608695652174,0.8695652173913043,0.9
msmarco-passage-trec-dl-2019,146187,balanced,2048,1024,1024,2048,0.5,0,62,0,-3.955326974391937e-05,1848,0.7542514543007662,0.7542514543007662,1.0,0.8260869565217391,0.8695652173913043,0.9500000000000001
msmarco-passage-trec-dl-2019,146187,balanced,4096,2048,2048,4096,0.5,0,65,0,-1.3289973139762878e-05,3812,0.7542514543007662,0.7542514543007662,1.0,0.8260869565217391,0.8695652173913043,0.9500000000000001
msmarco-passage-trec-dl-2019,146187,balanced,8192,4096,4096,8192,0.5,0,70,0,-0.00015957001596689224,7797,0.7542514543007662,0.7542514543007662,1.0,0.8260869565217391,0.8695652173913043,0.9500000000000001
msmarco-passage-trec-dl-2019,146187,balanced,10000,5000,5000,10000,0.5,0,70,0,-0.0001165829598903656,9567,0.7542514543007662,0.7542514543007662,1.0,0.8260869565217391,0.8695652173913043,0.9500000000000001
msmarco-passage-trec-dl-2019,146187,blocker,128,64,64,128,0.5,0,16,0,-0.0006090737879276276,104,0.7542514543007662,0.7542514543007662,1.0,0.4782608695652174,0.8695652173913043,0.55
msmarco-passage-trec-dl-2019,146187,blocker,256,144,112,256,0.5625,32,23,0,-0.0003325212746858597,211,0.7542514543007662,0.7542514543007662,1.0,0.6086956521739131,0.8695652173913043,0.7000000000000001
msmarco-passage-trec-dl-2019,146187,blocker,512,304,208,512,0.59375,96,34,0,-5.2090734243392944e-05,423,0.7542514543007662,0.7542514543007662,1.0,0.7391304347826086,0.8695652173913043,0.85
msmarco-passage-trec-dl-2019,146187,blocker,1024,384,640,1024,0.375,256,55,0,-1.169741153717041e-06,897,0.7542514543007662,0.7542514543007662,1.0,0.782608695652174,0.8695652173913043,0.9
msmarco-passage-trec-dl-2019,146187,blocker,2048,432,1616,2048,0.2109375,1184,65,0,-0.00013556517660617828,1892,0.7542514543007662,0.7542514543007662,1.0,0.8260869565217391,0.8695652173913043,0.9500000000000001
msmarco-passage-trec-dl-2019,146187,blocker,4096,512,3584,4096,0.125,3072,69,0,-7.103197276592255e-06,3888,0.7542514543007662,0.7542514543007662,1.0,0.8260869565217391,0.8695652173913043,0.9500000000000001
msmarco-passage-trec-dl-2019,146187,blocker,8192,3192,5000,8192,0.3896484375,1808,70,0,-0.0001165829598903656,7809,0.7542514543007662,0.7542514543007662,1.0,0.8260869565217391,0.8695652173913043,0.9500000000000001
msmarco-passage-trec-dl-2019,146187,blocker,10000,5000,5000,10000,0.5,0,70,0,-0.0001165829598903656,9567,0.7542514543007662,0.7542514543007662,1.0,0.8260869565217391,0.8695652173913043,0.9500000000000001
msmarco-passage-trec-dl-2019,146187,candidate,128,64,64,128,0.5,0,16,0,-0.0006090737879276276,104,0.7542514543007662,0.7542514543007662,1.0,0.4782608695652174,0.8695652173913043,0.55
msmarco-passage-trec-dl-2019,146187,candidate,256,144,112,256,0.5625,32,23,0,-0.0003325212746858597,211,0.7542514543007662,0.7542514543007662,1.0,0.6086956521739131,0.8695652173913043,0.7000000000000001
msmarco-passage-trec-dl-2019,146187,candidate,512,304,208,512,0.59375,96,34,0,-5.2090734243392944e-05,423,0.7542514543007662,0.7542514543007662,1.0,0.7391304347826086,0.8695652173913043,0.85
msmarco-passage-trec-dl-2019,146187,candidate,1024,384,640,1024,0.375,256,55,0,-1.169741153717041e-06,897,0.7542514543007662,0.7542514543007662,1.0,0.782608695652174,0.8695652173913043,0.9
msmarco-passage-trec-dl-2019,146187,candidate,2048,432,1616,2048,0.2109375,1184,65,0,-0.00013556517660617828,1892,0.7542514543007662,0.7542514543007662,1.0,0.8260869565217391,0.8695652173913043,0.9500000000000001
msmarco-passage-trec-dl-2019,146187,candidate,4096,512,3584,4096,0.125,3072,69,0,-7.103197276592255e-06,3888,0.7542514543007662,0.7542514543007662,1.0,0.8260869565217391,0.8695652173913043,0.9500000000000001
msmarco-passage-trec-dl-2019,146187,candidate,8192,3192,5000,8192,0.3896484375,1808,70,0,-0.0001165829598903656,7809,0.7542514543007662,0.7542514543007662,1.0,0.8260869565217391,0.8695652173913043,0.9500000000000001
msmarco-passage-trec-dl-2019,146187,candidate,10000,5000,5000,10000,0.5,0,70,0,-0.0001165829598903656,9567,0.7542514543007662,0.7542514543007662,1.0,0.8260869565217391,0.8695652173913043,0.9500000000000001
msmarco-passage-trec-dl-2019,146187,candidate-safe,128,64,64,128,0.5,0,16,0,-0.0006090737879276276,104,0.7542514543007662,0.7542514543007662,1.0,0.4782608695652174,0.8695652173913043,0.55
msmarco-passage-trec-dl-2019,146187,candidate-safe,256,144,112,256,0.5625,32,23,0,-0.0003325212746858597,211,0.7542514543007662,0.7542514543007662,1.0,0.6086956521739131,0.8695652173913043,0.7000000000000001
msmarco-passage-trec-dl-2019,146187,candidate-safe,512,304,208,512,0.59375,96,34,0,-5.2090734243392944e-05,423,0.7542514543007662,0.7542514543007662,1.0,0.7391304347826086,0.8695652173913043,0.85
msmarco-passage-trec-dl-2019,146187,candidate-safe,1024,384,640,1024,0.375,256,55,0,-1.169741153717041e-06,897,0.7542514543007662,0.7542514543007662,1.0,0.782608695652174,0.8695652173913043,0.9
msmarco-passage-trec-dl-2019,146187,candidate-safe,2048,432,1616,2048,0.2109375,1184,65,0,-0.00013556517660617828,1892,0.7542514543007662,0.7542514543007662,1.0,0.8260869565217391,0.8695652173913043,0.9500000000000001
msmarco-passage-trec-dl-2019,146187,candidate-safe,4096,512,3584,4096,0.125,3072,69,0,-7.103197276592255e-06,3888,0.7542514543007662,0.7542514543007662,1.0,0.8260869565217391,0.8695652173913043,0.9500000000000001
msmarco-passage-trec-dl-2019,146187,candidate-safe,8192,3192,5000,8192,0.3896484375,1808,70,0,-0.0001165829598903656,7809,0.7542514543007662,0.7542514543007662,1.0,0.8260869565217391,0.8695652173913043,0.9500000000000001
msmarco-passage-trec-dl-2019,146187,candidate-safe,10000,5000,5000,10000,0.5,0,70,0,-0.0001165829598903656,9567,0.7542514543007662,0.7542514543007662,1.0,0.8260869565217391,0.8695652173913043,0.9500000000000001
msmarco-passage-trec-dl-2019,146187,pressure,128,64,64,128,0.5,0,16,0,-0.0006090737879276276,104,0.7542514543007662,0.7542514543007662,1.0,0.4782608695652174,0.8695652173913043,0.55
msmarco-passage-trec-dl-2019,146187,pressure,256,144,112,256,0.5625,32,23,0,-0.0003325212746858597,211,0.7542514543007662,0.7542514543007662,1.0,0.6086956521739131,0.8695652173913043,0.7000000000000001
msmarco-passage-trec-dl-2019,146187,pressure,512,304,208,512,0.59375,96,34,0,-5.2090734243392944e-05,423,0.7542514543007662,0.7542514543007662,1.0,0.7391304347826086,0.8695652173913043,0.85
msmarco-passage-trec-dl-2019,146187,pressure,1024,384,640,1024,0.375,256,55,0,-1.169741153717041e-06,897,0.7542514543007662,0.7542514543007662,1.0,0.782608695652174,0.8695652173913043,0.9
msmarco-passage-trec-dl-2019,146187,pressure,2048,464,1584,2048,0.2265625,1120,65,0,-0.00014717970043420792,1887,0.7542514543007662,0.7542514543007662,1.0,0.8260869565217391,0.8695652173913043,0.9500000000000001
msmarco-passage-trec-dl-2019,146187,pressure,4096,512,3584,4096,0.125,3072,69,0,-7.103197276592255e-06,3888,0.7542514543007662,0.7542514543007662,1.0,0.8260869565217391,0.8695652173913043,0.9500000000000001
msmarco-passage-trec-dl-2019,146187,pressure,8192,3192,5000,8192,0.3896484375,1808,70,0,-0.0001165829598903656,7809,0.7542514543007662,0.7542514543007662,1.0,0.8260869565217391,0.8695652173913043,0.9500000000000001
msmarco-passage-trec-dl-2019,146187,pressure,10000,5000,5000,10000,0.5,0,70,0,-0.0001165829598903656,9567,0.7542514543007662,0.7542514543007662,1.0,0.8260869565217391,0.8695652173913043,0.9500000000000001
msmarco-passage-trec-dl-2019,146187,allocation-grid-oracle,128,64,64,128,0.5,0,16,0,-0.0006090737879276276,104,0.7542514543007662,0.7542514543007662,1.0,0.4782608695652174,0.8695652173913043,0.55
msmarco-passage-trec-dl-2019,146187,allocation-grid-oracle,256,144,112,256,0.5625,32,23,0,-0.0003325212746858597,211,0.7542514543007662,0.7542514543007662,1.0,0.6086956521739131,0.8695652173913043,0.7000000000000001
msmarco-passage-trec-dl-2019,146187,allocation-grid-oracle,512,304,208,512,0.59375,96,34,0,-5.2090734243392944e-05,423,0.7542514543007662,0.7542514543007662,1.0,0.7391304347826086,0.8695652173913043,0.85
msmarco-passage-trec-dl-2019,146187,allocation-grid-oracle,1024,384,640,1024,0.375,256,55,0,-1.169741153717041e-06,897,0.7542514543007662,0.7542514543007662,1.0,0.782608695652174,0.8695652173913043,0.9
msmarco-passage-trec-dl-2019,146187,allocation-grid-oracle,2048,432,1616,2048,0.2109375,1184,65,0,-0.00013556517660617828,1892,0.7542514543007662,0.7542514543007662,1.0,0.8260869565217391,0.8695652173913043,0.9500000000000001
msmarco-passage-trec-dl-2019,146187,allocation-grid-oracle,4096,512,3584,4096,0.125,3072,69,0,-7.103197276592255e-06,3888,0.7542514543007662,0.7542514543007662,1.0,0.8260869565217391,0.8695652173913043,0.9500000000000001
msmarco-passage-trec-dl-2019,146187,allocation-grid-oracle,8192,3192,5000,8192,0.3896484375,1808,70,0,-0.0001165829598903656,7809,0.7542514543007662,0.7542514543007662,1.0,0.8260869565217391,0.8695652173913043,0.9500000000000001
msmarco-passage-trec-dl-2019,146187,allocation-grid-oracle,10000,5000,5000,10000,0.5,0,70,0,-0.0001165829598903656,9567,0.7542514543007662,0.7542514543007662,1.0,0.8260869565217391,0.8695652173913043,0.9500000000000001
msmarco-passage-trec-dl-2020,1030303,balanced,128,64,64,128,0.5,0,14,0,-0.0004417039453983307,105,0.6957409579193886,0.6957409579193886,1.0,0.8333333333333334,1.0,0.8333333333333334
msmarco-passage-trec-dl-2020,1030303,balanced,256,128,128,256,0.5,0,23,0,-4.78401780128479e-05,217,0.6957409579193886,0.6957409579193886,1.0,0.8333333333333334,1.0,0.8333333333333334
msmarco-passage-trec-dl-2020,1030303,balanced,512,256,256,512,0.5,0,28,0,-0.00012244097888469696,448,0.6957409579193886,0.6957409579193886,1.0,0.8333333333333334,1.0,0.8333333333333334
msmarco-passage-trec-dl-2020,1030303,balanced,1024,512,512,1024,0.5,0,39,0,-8.690357208251953e-05,945,0.6957409579193886,0.6957409579193886,1.0,0.8333333333333334,1.0,0.8333333333333334
msmarco-passage-trec-dl-2020,1030303,balanced,2048,1024,1024,2048,0.5,0,44,0,-0.00037726201117038727,1956,0.6957409579193886,0.6957409579193886,1.0,0.8333333333333334,1.0,0.8333333333333334
msmarco-passage-trec-dl-2020,1030303,balanced,4096,2048,2048,4096,0.5,0,46,0,-7.642433047294617e-05,3989,0.6957409579193886,0.6957409579193886,1.0,0.8333333333333334,1.0,0.8333333333333334
msmarco-passage-trec-dl-2020,1030303,balanced,8192,4096,4096,8192,0.5,0,52,0,-0.00016881339251995087,8063,0.6957409579193886,0.6957409579193886,1.0,1.0,1.0,1.0
msmarco-passage-trec-dl-2020,1030303,balanced,10000,5000,5000,10000,0.5,0,52,0,-0.00012582633644342422,9863,0.6957409579193886,0.6957409579193886,1.0,1.0,1.0,1.0
msmarco-passage-trec-dl-2020,1030303,blocker,128,64,64,128,0.5,0,14,0,-0.0004417039453983307,105,0.6957409579193886,0.6957409579193886,1.0,0.8333333333333334,1.0,0.8333333333333334
msmarco-passage-trec-dl-2020,1030303,blocker,256,144,112,256,0.5625,32,24,0,-0.0009805765002965927,218,0.6957409579193886,0.6957409579193886,1.0,0.8333333333333334,1.0,0.8333333333333334
msmarco-passage-trec-dl-2020,1030303,blocker,512,304,208,512,0.59375,96,30,0,-6.622634828090668e-05,443,0.6957409579193886,0.6957409579193886,1.0,0.8333333333333334,1.0,0.8333333333333334
msmarco-passage-trec-dl-2020,1030303,blocker,1024,672,352,1024,0.65625,320,41,0,-0.0002074744552373886,940,0.6957409579193886,0.6957409579193886,1.0,0.8333333333333334,1.0,0.8333333333333334
msmarco-passage-trec-dl-2020,1030303,blocker,2048,1520,528,2048,0.7421875,992,44,0,-8.842535316944122e-05,1949,0.6957409579193886,0.6957409579193886,1.0,0.8333333333333334,1.0,0.8333333333333334
msmarco-passage-trec-dl-2020,1030303,blocker,4096,2464,1632,4096,0.6015625,832,51,0,-0.0001634368672966957,3984,0.6957409579193886,0.6957409579193886,1.0,1.0,1.0,1.0
msmarco-passage-trec-dl-2020,1030303,blocker,8192,3192,5000,8192,0.3896484375,1808,52,0,-0.00012582633644342422,8069,0.6957409579193886,0.6957409579193886,1.0,1.0,1.0,1.0
msmarco-passage-trec-dl-2020,1030303,blocker,10000,5000,5000,10000,0.5,0,52,0,-0.00012582633644342422,9863,0.6957409579193886,0.6957409579193886,1.0,1.0,1.0,1.0
msmarco-passage-trec-dl-2020,1030303,candidate,128,64,64,128,0.5,0,14,0,-0.0004417039453983307,105,0.6957409579193886,0.6957409579193886,1.0,0.8333333333333334,1.0,0.8333333333333334
msmarco-passage-trec-dl-2020,1030303,candidate,256,144,112,256,0.5625,32,24,0,-0.0009805765002965927,218,0.6957409579193886,0.6957409579193886,1.0,0.8333333333333334,1.0,0.8333333333333334
msmarco-passage-trec-dl-2020,1030303,candidate,512,304,208,512,0.59375,96,30,0,-6.622634828090668e-05,443,0.6957409579193886,0.6957409579193886,1.0,0.8333333333333334,1.0,0.8333333333333334
msmarco-passage-trec-dl-2020,1030303,candidate,1024,672,352,1024,0.65625,320,41,0,-0.0002074744552373886,940,0.6957409579193886,0.6957409579193886,1.0,0.8333333333333334,1.0,0.8333333333333334
msmarco-passage-trec-dl-2020,1030303,candidate,2048,1520,528,2048,0.7421875,992,44,0,-8.842535316944122e-05,1949,0.6957409579193886,0.6957409579193886,1.0,0.8333333333333334,1.0,0.8333333333333334
msmarco-passage-trec-dl-2020,1030303,candidate,4096,3472,624,4096,0.84765625,2848,47,0,-0.00039497949182987213,3977,0.6957409579193886,0.6957409579193886,1.0,0.8333333333333334,1.0,0.8333333333333334
msmarco-passage-trec-dl-2020,1030303,candidate,8192,5000,3192,8192,0.6103515625,1808,52,0,-0.00023570097982883453,8056,0.6957409579193886,0.6957409579193886,1.0,1.0,1.0,1.0
msmarco-passage-trec-dl-2020,1030303,candidate,10000,5000,5000,10000,0.5,0,52,0,-0.00012582633644342422,9863,0.6957409579193886,0.6957409579193886,1.0,1.0,1.0,1.0
msmarco-passage-trec-dl-2020,1030303,candidate-safe,128,64,64,128,0.5,0,14,0,-0.0004417039453983307,105,0.6957409579193886,0.6957409579193886,1.0,0.8333333333333334,1.0,0.8333333333333334
msmarco-passage-trec-dl-2020,1030303,candidate-safe,256,144,112,256,0.5625,32,24,0,-0.0009805765002965927,218,0.6957409579193886,0.6957409579193886,1.0,0.8333333333333334,1.0,0.8333333333333334
msmarco-passage-trec-dl-2020,1030303,candidate-safe,512,304,208,512,0.59375,96,30,0,-6.622634828090668e-05,443,0.6957409579193886,0.6957409579193886,1.0,0.8333333333333334,1.0,0.8333333333333334
msmarco-passage-trec-dl-2020,1030303,candidate-safe,1024,672,352,1024,0.65625,320,41,0,-0.0002074744552373886,940,0.6957409579193886,0.6957409579193886,1.0,0.8333333333333334,1.0,0.8333333333333334
msmarco-passage-trec-dl-2020,1030303,candidate-safe,2048,1520,528,2048,0.7421875,992,44,0,-8.842535316944122e-05,1949,0.6957409579193886,0.6957409579193886,1.0,0.8333333333333334,1.0,0.8333333333333334
msmarco-passage-trec-dl-2020,1030303,candidate-safe,4096,3472,624,4096,0.84765625,2848,47,0,-0.00039497949182987213,3977,0.6957409579193886,0.6957409579193886,1.0,0.8333333333333334,1.0,0.8333333333333334
msmarco-passage-trec-dl-2020,1030303,candidate-safe,8192,5000,3192,8192,0.6103515625,1808,52,0,-0.00023570097982883453,8056,0.6957409579193886,0.6957409579193886,1.0,1.0,1.0,1.0
msmarco-passage-trec-dl-2020,1030303,candidate-safe,10000,5000,5000,10000,0.5,0,52,0,-0.00012582633644342422,9863,0.6957409579193886,0.6957409579193886,1.0,1.0,1.0,1.0
msmarco-passage-trec-dl-2020,1030303,pressure,128,64,64,128,0.5,0,14,0,-0.0004417039453983307,105,0.6957409579193886,0.6957409579193886,1.0,0.8333333333333334,1.0,0.8333333333333334
msmarco-passage-trec-dl-2020,1030303,pressure,256,144,112,256,0.5625,32,24,0,-0.0009805765002965927,218,0.6957409579193886,0.6957409579193886,1.0,0.8333333333333334,1.0,0.8333333333333334
msmarco-passage-trec-dl-2020,1030303,pressure,512,304,208,512,0.59375,96,30,0,-6.622634828090668e-05,443,0.6957409579193886,0.6957409579193886,1.0,0.8333333333333334,1.0,0.8333333333333334
msmarco-passage-trec-dl-2020,1030303,pressure,1024,624,400,1024,0.609375,224,41,0,-0.00030334293842315674,941,0.6957409579193886,0.6957409579193886,1.0,0.8333333333333334,1.0,0.8333333333333334
msmarco-passage-trec-dl-2020,1030303,pressure,2048,1472,576,2048,0.71875,896,44,0,-0.00010749511420726776,1950,0.6957409579193886,0.6957409579193886,1.0,0.8333333333333334,1.0,0.8333333333333334
msmarco-passage-trec-dl-2020,1030303,pressure,4096,2464,1632,4096,0.6015625,832,51,0,-0.0001634368672966957,3984,0.6957409579193886,0.6957409579193886,1.0,1.0,1.0,1.0
msmarco-passage-trec-dl-2020,1030303,pressure,8192,3192,5000,8192,0.3896484375,1808,52,0,-0.00012582633644342422,8069,0.6957409579193886,0.6957409579193886,1.0,1.0,1.0,1.0
msmarco-passage-trec-dl-2020,1030303,pressure,10000,5000,5000,10000,0.5,0,52,0,-0.00012582633644342422,9863,0.6957409579193886,0.6957409579193886,1.0,1.0,1.0,1.0
msmarco-passage-trec-dl-2020,1030303,allocation-grid-oracle,128,64,64,128,0.5,0,14,0,-0.0004417039453983307,105,0.6957409579193886,0.6957409579193886,1.0,0.8333333333333334,1.0,0.8333333333333334
msmarco-passage-trec-dl-2020,1030303,allocation-grid-oracle,256,144,112,256,0.5625,32,24,0,-0.0009805765002965927,218,0.6957409579193886,0.6957409579193886,1.0,0.8333333333333334,1.0,0.8333333333333334
msmarco-passage-trec-dl-2020,1030303,allocation-grid-oracle,512,304,208,512,0.59375,96,30,0,-6.622634828090668e-05,443,0.6957409579193886,0.6957409579193886,1.0,0.8333333333333334,1.0,0.8333333333333334
msmarco-passage-trec-dl-2020,1030303,allocation-grid-oracle,1024,672,352,1024,0.65625,320,41,0,-0.0002074744552373886,940,0.6957409579193886,0.6957409579193886,1.0,0.8333333333333334,1.0,0.8333333333333334
msmarco-passage-trec-dl-2020,1030303,allocation-grid-oracle,2048,1520,528,2048,0.7421875,992,44,0,-8.842535316944122e-05,1949,0.6957409579193886,0.6957409579193886,1.0,0.8333333333333334,1.0,0.8333333333333334
msmarco-passage-trec-dl-2020,1030303,allocation-grid-oracle,4096,2464,1632,4096,0.6015625,832,51,0,-0.0001634368672966957,3984,0.6957409579193886,0.6957409579193886,1.0,1.0,1.0,1.0
msmarco-passage-trec-dl-2020,1030303,allocation-grid-oracle,8192,3192,5000,8192,0.3896484375,1808,52,0,-0.00012582633644342422,8069,0.6957409579193886,0.6957409579193886,1.0,1.0,1.0,1.0
msmarco-passage-trec-dl-2020,1030303,allocation-grid-oracle,10000,5000,5000,10000,0.5,0,52,0,-0.00012582633644342422,9863,0.6957409579193886,0.6957409579193886,1.0,1.0,1.0,1.0
msmarco-passage-trec-dl-2020,1037496,balanced,128,64,64,128,0.5,0,24,0,-0.001223202794790268,98,0.6873000802977745,0.6873000802977745,1.0,0.2962962962962963,0.7160493827160493,0.41379310344827586
msmarco-passage-trec-dl-2020,1037496,balanced,256,128,128,256,0.5,0,28,0,-0.00025508739054203033,210,0.6873000802977745,0.6873000802977745,1.0,0.345679012345679,0.7160493827160493,0.4827586206896552
msmarco-passage-trec-dl-2020,1037496,balanced,512,256,256,512,0.5,0,46,0,-0.00044697895646095276,452,0.6873000802977745,0.6873000802977745,1.0,0.5185185185185185,0.7160493827160493,0.7241379310344828
msmarco-passage-trec-dl-2020,1037496,balanced,1024,512,512,1024,0.5,0,56,0,-0.00040213391184806824,950,0.6873000802977745,0.6873000802977745,1.0,0.6419753086419753,0.7160493827160493,0.896551724137931
msmarco-passage-trec-dl-2020,1037496,balanced,2048,1024,1024,2048,0.5,0,58,0,-0.0008264733478426933,1951,0.6873000802977745,0.6873000802977745,1.0,0.654320987654321,0.7160493827160493,0.9137931034482759
msmarco-passage-trec-dl-2020,1037496,balanced,4096,2048,2048,4096,0.5,0,58,0,-0.0003783470019698143,3922,0.6873000802977745,0.6873000802977745,1.0,0.654320987654321,0.7160493827160493,0.9137931034482759
msmarco-passage-trec-dl-2020,1037496,balanced,8192,4096,4096,8192,0.5,0,58,0,-0.0001445794478058815,7806,0.6873000802977745,0.6873000802977745,1.0,0.654320987654321,0.7160493827160493,0.9137931034482759
msmarco-passage-trec-dl-2020,1037496,balanced,10000,5000,5000,10000,0.5,0,58,0,-0.00010159239172935486,9537,0.6873000802977745,0.6873000802977745,1.0,0.654320987654321,0.7160493827160493,0.9137931034482759
msmarco-passage-trec-dl-2020,1037496,blocker,128,64,64,128,0.5,0,24,0,-0.001223202794790268,98,0.6873000802977745,0.6873000802977745,1.0,0.2962962962962963,0.7160493827160493,0.41379310344827586
msmarco-passage-trec-dl-2020,1037496,blocker,256,144,112,256,0.5625,32,29,0,-0.001070518046617508,213,0.6873000802977745,0.6873000802977745,1.0,0.345679012345679,0.7160493827160493,0.4827586206896552
msmarco-passage-trec-dl-2020,1037496,blocker,512,288,224,512,0.5625,64,51,0,-6.188079714775085e-05,452,0.6873000802977745,0.6873000802977745,1.0,0.5802469135802469,0.7160493827160493,0.810344827586207
msmarco-passage-trec-dl-2020,1037496,blocker,1024,624,400,1024,0.609375,224,56,0,-0.00011587049812078476,950,0.6873000802977745,0.6873000802977745,1.0,0.6419753086419753,0.7160493827160493,0.896551724137931
msmarco-passage-trec-dl-2020,1037496,blocker,2048,1408,640,2048,0.6875,768,58,0,-0.0005909707397222519,1957,0.6873000802977745,0.6873000802977745,1.0,0.654320987654321,0.7160493827160493,0.9137931034482759
msmarco-passage-trec-dl-2020,1037496,blocker,4096,3200,896,4096,0.78125,2304,58,0,-0.00021071266382932663,3970,0.6873000802977745,0.6873000802977745,1.0,0.654320987654321,0.7160493827160493,0.9137931034482759
msmarco-passage-trec-dl-2020,1037496,blocker,8192,5000,3192,8192,0.6103515625,1808,58,0,-0.00010159239172935486,7823,0.6873000802977745,0.6873000802977745,1.0,0.654320987654321,0.7160493827160493,0.9137931034482759
msmarco-passage-trec-dl-2020,1037496,blocker,10000,5000,5000,10000,0.5,0,58,0,-0.00010159239172935486,9537,0.6873000802977745,0.6873000802977745,1.0,0.654320987654321,0.7160493827160493,0.9137931034482759
msmarco-passage-trec-dl-2020,1037496,candidate,128,64,64,128,0.5,0,24,0,-0.001223202794790268,98,0.6873000802977745,0.6873000802977745,1.0,0.2962962962962963,0.7160493827160493,0.41379310344827586
msmarco-passage-trec-dl-2020,1037496,candidate,256,144,112,256,0.5625,32,29,0,-0.001070518046617508,213,0.6873000802977745,0.6873000802977745,1.0,0.345679012345679,0.7160493827160493,0.4827586206896552
msmarco-passage-trec-dl-2020,1037496,candidate,512,288,224,512,0.5625,64,51,0,-6.188079714775085e-05,452,0.6873000802977745,0.6873000802977745,1.0,0.5802469135802469,0.7160493827160493,0.810344827586207
msmarco-passage-trec-dl-2020,1037496,candidate,1024,624,400,1024,0.609375,224,56,0,-0.00011587049812078476,950,0.6873000802977745,0.6873000802977745,1.0,0.6419753086419753,0.7160493827160493,0.896551724137931
msmarco-passage-trec-dl-2020,1037496,candidate,2048,1408,640,2048,0.6875,768,58,0,-0.0005909707397222519,1957,0.6873000802977745,0.6873000802977745,1.0,0.654320987654321,0.7160493827160493,0.9137931034482759
msmarco-passage-trec-dl-2020,1037496,candidate,4096,3200,896,4096,0.78125,2304,58,0,-0.00021071266382932663,3970,0.6873000802977745,0.6873000802977745,1.0,0.654320987654321,0.7160493827160493,0.9137931034482759
msmarco-passage-trec-dl-2020,1037496,candidate,8192,5000,3192,8192,0.6103515625,1808,58,0,-0.00010159239172935486,7823,0.6873000802977745,0.6873000802977745,1.0,0.654320987654321,0.7160493827160493,0.9137931034482759
msmarco-passage-trec-dl-2020,1037496,candidate,10000,5000,5000,10000,0.5,0,58,0,-0.00010159239172935486,9537,0.6873000802977745,0.6873000802977745,1.0,0.654320987654321,0.7160493827160493,0.9137931034482759
msmarco-passage-trec-dl-2020,1037496,candidate-safe,128,64,64,128,0.5,0,24,0,-0.001223202794790268,98,0.6873000802977745,0.6873000802977745,1.0,0.2962962962962963,0.7160493827160493,0.41379310344827586
msmarco-passage-trec-dl-2020,1037496,candidate-safe,256,144,112,256,0.5625,32,29,0,-0.001070518046617508,213,0.6873000802977745,0.6873000802977745,1.0,0.345679012345679,0.7160493827160493,0.4827586206896552
msmarco-passage-trec-dl-2020,1037496,candidate-safe,512,288,224,512,0.5625,64,51,0,-6.188079714775085e-05,452,0.6873000802977745,0.6873000802977745,1.0,0.5802469135802469,0.7160493827160493,0.810344827586207
msmarco-passage-trec-dl-2020,1037496,candidate-safe,1024,624,400,1024,0.609375,224,56,0,-0.00011587049812078476,950,0.6873000802977745,0.6873000802977745,1.0,0.6419753086419753,0.7160493827160493,0.896551724137931
msmarco-passage-trec-dl-2020,1037496,candidate-safe,2048,1408,640,2048,0.6875,768,58,0,-0.0005909707397222519,1957,0.6873000802977745,0.6873000802977745,1.0,0.654320987654321,0.7160493827160493,0.9137931034482759
msmarco-passage-trec-dl-2020,1037496,candidate-safe,4096,3200,896,4096,0.78125,2304,58,0,-0.00021071266382932663,3970,0.6873000802977745,0.6873000802977745,1.0,0.654320987654321,0.7160493827160493,0.9137931034482759
msmarco-passage-trec-dl-2020,1037496,candidate-safe,8192,5000,3192,8192,0.6103515625,1808,58,0,-0.00010159239172935486,7823,0.6873000802977745,0.6873000802977745,1.0,0.654320987654321,0.7160493827160493,0.9137931034482759
msmarco-passage-trec-dl-2020,1037496,candidate-safe,10000,5000,5000,10000,0.5,0,58,0,-0.00010159239172935486,9537,0.6873000802977745,0.6873000802977745,1.0,0.654320987654321,0.7160493827160493,0.9137931034482759
msmarco-passage-trec-dl-2020,1037496,pressure,128,64,64,128,0.5,0,24,0,-0.001223202794790268,98,0.6873000802977745,0.6873000802977745,1.0,0.2962962962962963,0.7160493827160493,0.41379310344827586
msmarco-passage-trec-dl-2020,1037496,pressure,256,144,112,256,0.5625,32,29,0,-0.001070518046617508,213,0.6873000802977745,0.6873000802977745,1.0,0.345679012345679,0.7160493827160493,0.4827586206896552
msmarco-passage-trec-dl-2020,1037496,pressure,512,288,224,512,0.5625,64,51,0,-6.188079714775085e-05,452,0.6873000802977745,0.6873000802977745,1.0,0.5802469135802469,0.7160493827160493,0.810344827586207
msmarco-passage-trec-dl-2020,1037496,pressure,1024,592,432,1024,0.578125,160,56,0,-0.0001876242458820343,949,0.6873000802977745,0.6873000802977745,1.0,0.6419753086419753,0.7160493827160493,0.896551724137931
msmarco-passage-trec-dl-2020,1037496,pressure,2048,1024,1024,2048,0.5,0,58,0,-0.0008264733478426933,1951,0.6873000802977745,0.6873000802977745,1.0,0.654320987654321,0.7160493827160493,0.9137931034482759
msmarco-passage-trec-dl-2020,1037496,pressure,4096,2960,1136,4096,0.72265625,1824,58,0,-0.00023509003221988678,3951,0.6873000802977745,0.6873000802977745,1.0,0.654320987654321,0.7160493827160493,0.9137931034482759
msmarco-passage-trec-dl-2020,1037496,pressure,8192,5000,3192,8192,0.6103515625,1808,58,0,-0.00010159239172935486,7823,0.6873000802977745,0.6873000802977745,1.0,0.654320987654321,0.7160493827160493,0.9137931034482759
msmarco-passage-trec-dl-2020,1037496,pressure,10000,5000,5000,10000,0.5,0,58,0,-0.00010159239172935486,9537,0.6873000802977745,0.6873000802977745,1.0,0.654320987654321,0.7160493827160493,0.9137931034482759
msmarco-passage-trec-dl-2020,1037496,allocation-grid-oracle,128,64,64,128,0.5,0,24,0,-0.001223202794790268,98,0.6873000802977745,0.6873000802977745,1.0,0.2962962962962963,0.7160493827160493,0.41379310344827586
msmarco-passage-trec-dl-2020,1037496,allocation-grid-oracle,256,144,112,256,0.5625,32,29,0,-0.001070518046617508,213,0.6873000802977745,0.6873000802977745,1.0,0.345679012345679,0.7160493827160493,0.4827586206896552
msmarco-passage-trec-dl-2020,1037496,allocation-grid-oracle,512,288,224,512,0.5625,64,51,0,-6.188079714775085e-05,452,0.6873000802977745,0.6873000802977745,1.0,0.5802469135802469,0.7160493827160493,0.810344827586207
msmarco-passage-trec-dl-2020,1037496,allocation-grid-oracle,1024,624,400,1024,0.609375,224,56,0,-0.00011587049812078476,950,0.6873000802977745,0.6873000802977745,1.0,0.6419753086419753,0.7160493827160493,0.896551724137931
msmarco-passage-trec-dl-2020,1037496,allocation-grid-oracle,2048,1408,640,2048,0.6875,768,58,0,-0.0005909707397222519,1957,0.6873000802977745,0.6873000802977745,1.0,0.654320987654321,0.7160493827160493,0.9137931034482759
msmarco-passage-trec-dl-2020,1037496,allocation-grid-oracle,4096,3200,896,4096,0.78125,2304,58,0,-0.00021071266382932663,3970,0.6873000802977745,0.6873000802977745,1.0,0.654320987654321,0.7160493827160493,0.9137931034482759
msmarco-passage-trec-dl-2020,1037496,allocation-grid-oracle,8192,5000,3192,8192,0.6103515625,1808,58,0,-0.00010159239172935486,7823,0.6873000802977745,0.6873000802977745,1.0,0.654320987654321,0.7160493827160493,0.9137931034482759
msmarco-passage-trec-dl-2020,1037496,allocation-grid-oracle,10000,5000,5000,10000,0.5,0,58,0,-0.00010159239172935486,9537,0.6873000802977745,0.6873000802977745,1.0,0.654320987654321,0.7160493827160493,0.9137931034482759
msmarco-passage-trec-dl-2020,1043135,balanced,128,64,64,128,0.5,0,16,0,-0.0008802376687526703,94,0.6159065190217728,0.6159065190217728,1.0,0.20454545454545456,0.6818181818181818,0.30000000000000004
msmarco-passage-trec-dl-2020,1043135,balanced,256,128,128,256,0.5,0,29,0,-5.9120357036590576e-05,190,0.6159065190217728,0.6159065190217728,1.0,0.2727272727272727,0.6818181818181818,0.4
msmarco-passage-trec-dl-2020,1043135,balanced,512,256,256,512,0.5,0,43,0,-0.00017338618636131287,398,0.6159065190217728,0.6159065190217728,1.0,0.3409090909090909,0.6818181818181818,0.5
msmarco-passage-trec-dl-2020,1043135,balanced,1024,512,512,1024,0.5,0,49,0,-4.131905734539032e-05,859,0.6159065190217728,0.6159065190217728,1.0,0.4318181818181818,0.6818181818181818,0.6333333333333334
msmarco-passage-trec-dl-2020,1043135,balanced,2048,1024,1024,2048,0.5,0,54,0,-0.00021022185683250427,1825,0.6159065190217728,0.6159065190217728,1.0,0.4318181818181818,0.6818181818181818,0.6333333333333334
msmarco-passage-trec-dl-2020,1043135,balanced,4096,2048,2048,4096,0.5,0,56,0,-3.7141144275665283e-06,3782,0.6159065190217728,0.6159065190217728,1.0,0.4318181818181818,0.6818181818181818,0.6333333333333334
msmarco-passage-trec-dl-2020,1043135,balanced,8192,4096,4096,8192,0.5,0,57,0,-0.00018165446817874908,7705,0.6159065190217728,0.6159065190217728,1.0,0.4318181818181818,0.6818181818181818,0.6333333333333334
msmarco-passage-trec-dl-2020,1043135,balanced,10000,5000,5000,10000,0.5,0,57,0,-0.00013866648077964783,9428,0.6159065190217728,0.6159065190217728,1.0,0.4318181818181818,0.6818181818181818,0.6333333333333334
msmarco-passage-trec-dl-2020,1043135,blocker,128,64,64,128,0.5,0,16,0,-0.0008802376687526703,94,0.6159065190217728,0.6159065190217728,1.0,0.20454545454545456,0.6818181818181818,0.30000000000000004
msmarco-passage-trec-dl-2020,1043135,blocker,256,144,112,256,0.5625,32,32,0,-6.979517638683319e-05,193,0.6159065190217728,0.6159065190217728,1.0,0.29545454545454547,0.6818181818181818,0.4333333333333334
msmarco-passage-trec-dl-2020,1043135,blocker,512,352,160,512,0.6875,192,46,0,-1.8700957298278809e-06,414,0.6159065190217728,0.6159065190217728,1.0,0.38636363636363635,0.6818181818181818,0.5666666666666667
msmarco-passage-trec-dl-2020,1043135,blocker,1024,832,192,1024,0.8125,640,52,0,-8.401833474636078e-05,904,0.6159065190217728,0.6159065190217728,1.0,0.4318181818181818,0.6818181818181818,0.6333333333333334
msmarco-passage-trec-dl-2020,1043135,blocker,2048,1808,240,2048,0.8828125,1568,56,0,-6.466172635555267e-05,1893,0.6159065190217728,0.6159065190217728,1.0,0.4318181818181818,0.6818181818181818,0.6333333333333334
msmarco-passage-trec-dl-2020,1043135,blocker,4096,3840,256,4096,0.9375,3584,57,0,-0.00019744783639907837,3919,0.6159065190217728,0.6159065190217728,1.0,0.4318181818181818,0.6818181818181818,0.6333333333333334
msmarco-passage-trec-dl-2020,1043135,blocker,8192,5000,3192,8192,0.6103515625,1808,57,0,-0.00013866648077964783,7706,0.6159065190217728,0.6159065190217728,1.0,0.4318181818181818,0.6818181818181818,0.6333333333333334
msmarco-passage-trec-dl-2020,1043135,blocker,10000,5000,5000,10000,0.5,0,57,0,-0.00013866648077964783,9428,0.6159065190217728,0.6159065190217728,1.0,0.4318181818181818,0.6818181818181818,0.6333333333333334
msmarco-passage-trec-dl-2020,1043135,candidate,128,64,64,128,0.5,0,16,0,-0.0008802376687526703,94,0.6159065190217728,0.6159065190217728,1.0,0.20454545454545456,0.6818181818181818,0.30000000000000004
msmarco-passage-trec-dl-2020,1043135,candidate,256,144,112,256,0.5625,32,32,0,-6.979517638683319e-05,193,0.6159065190217728,0.6159065190217728,1.0,0.29545454545454547,0.6818181818181818,0.4333333333333334
msmarco-passage-trec-dl-2020,1043135,candidate,512,352,160,512,0.6875,192,46,0,-1.8700957298278809e-06,414,0.6159065190217728,0.6159065190217728,1.0,0.38636363636363635,0.6818181818181818,0.5666666666666667
msmarco-passage-trec-dl-2020,1043135,candidate,1024,832,192,1024,0.8125,640,52,0,-8.401833474636078e-05,904,0.6159065190217728,0.6159065190217728,1.0,0.4318181818181818,0.6818181818181818,0.6333333333333334
msmarco-passage-trec-dl-2020,1043135,candidate,2048,1808,240,2048,0.8828125,1568,56,0,-6.466172635555267e-05,1893,0.6159065190217728,0.6159065190217728,1.0,0.4318181818181818,0.6818181818181818,0.6333333333333334
msmarco-passage-trec-dl-2020,1043135,candidate,4096,3840,256,4096,0.9375,3584,57,0,-0.00019744783639907837,3919,0.6159065190217728,0.6159065190217728,1.0,0.4318181818181818,0.6818181818181818,0.6333333333333334
msmarco-passage-trec-dl-2020,1043135,candidate,8192,5000,3192,8192,0.6103515625,1808,57,0,-0.00013866648077964783,7706,0.6159065190217728,0.6159065190217728,1.0,0.4318181818181818,0.6818181818181818,0.6333333333333334
msmarco-passage-trec-dl-2020,1043135,candidate,10000,5000,5000,10000,0.5,0,57,0,-0.00013866648077964783,9428,0.6159065190217728,0.6159065190217728,1.0,0.4318181818181818,0.6818181818181818,0.6333333333333334
msmarco-passage-trec-dl-2020,1043135,candidate-safe,128,64,64,128,0.5,0,16,0,-0.0008802376687526703,94,0.6159065190217728,0.6159065190217728,1.0,0.20454545454545456,0.6818181818181818,0.30000000000000004
msmarco-passage-trec-dl-2020,1043135,candidate-safe,256,144,112,256,0.5625,32,32,0,-6.979517638683319e-05,193,0.6159065190217728,0.6159065190217728,1.0,0.29545454545454547,0.6818181818181818,0.4333333333333334
msmarco-passage-trec-dl-2020,1043135,candidate-safe,512,352,160,512,0.6875,192,46,0,-1.8700957298278809e-06,414,0.6159065190217728,0.6159065190217728,1.0,0.38636363636363635,0.6818181818181818,0.5666666666666667
msmarco-passage-trec-dl-2020,1043135,candidate-safe,1024,832,192,1024,0.8125,640,52,0,-8.401833474636078e-05,904,0.6159065190217728,0.6159065190217728,1.0,0.4318181818181818,0.6818181818181818,0.6333333333333334
msmarco-passage-trec-dl-2020,1043135,candidate-safe,2048,1808,240,2048,0.8828125,1568,56,0,-6.466172635555267e-05,1893,0.6159065190217728,0.6159065190217728,1.0,0.4318181818181818,0.6818181818181818,0.6333333333333334
msmarco-passage-trec-dl-2020,1043135,candidate-safe,4096,3840,256,4096,0.9375,3584,57,0,-0.00019744783639907837,3919,0.6159065190217728,0.6159065190217728,1.0,0.4318181818181818,0.6818181818181818,0.6333333333333334
msmarco-passage-trec-dl-2020,1043135,candidate-safe,8192,5000,3192,8192,0.6103515625,1808,57,0,-0.00013866648077964783,7706,0.6159065190217728,0.6159065190217728,1.0,0.4318181818181818,0.6818181818181818,0.6333333333333334
msmarco-passage-trec-dl-2020,1043135,candidate-safe,10000,5000,5000,10000,0.5,0,57,0,-0.00013866648077964783,9428,0.6159065190217728,0.6159065190217728,1.0,0.4318181818181818,0.6818181818181818,0.6333333333333334
msmarco-passage-trec-dl-2020,1043135,pressure,128,64,64,128,0.5,0,16,0,-0.0008802376687526703,94,0.6159065190217728,0.6159065190217728,1.0,0.20454545454545456,0.6818181818181818,0.30000000000000004
msmarco-passage-trec-dl-2020,1043135,pressure,256,144,112,256,0.5625,32,32,0,-6.979517638683319e-05,193,0.6159065190217728,0.6159065190217728,1.0,0.29545454545454547,0.6818181818181818,0.4333333333333334
msmarco-passage-trec-dl-2020,1043135,pressure,512,352,160,512,0.6875,192,46,0,-1.8700957298278809e-06,414,0.6159065190217728,0.6159065190217728,1.0,0.38636363636363635,0.6818181818181818,0.5666666666666667
msmarco-passage-trec-dl-2020,1043135,pressure,1024,832,192,1024,0.8125,640,52,0,-8.401833474636078e-05,904,0.6159065190217728,0.6159065190217728,1.0,0.4318181818181818,0.6818181818181818,0.6333333333333334
msmarco-passage-trec-dl-2020,1043135,pressure,2048,1808,240,2048,0.8828125,1568,56,0,-6.466172635555267e-05,1893,0.6159065190217728,0.6159065190217728,1.0,0.4318181818181818,0.6818181818181818,0.6333333333333334
msmarco-passage-trec-dl-2020,1043135,pressure,4096,3824,272,4096,0.93359375,3552,57,0,-0.00019850395619869232,3914,0.6159065190217728,0.6159065190217728,1.0,0.4318181818181818,0.6818181818181818,0.6333333333333334
msmarco-passage-trec-dl-2020,1043135,pressure,8192,5000,3192,8192,0.6103515625,1808,57,0,-0.00013866648077964783,7706,0.6159065190217728,0.6159065190217728,1.0,0.4318181818181818,0.6818181818181818,0.6333333333333334
msmarco-passage-trec-dl-2020,1043135,pressure,10000,5000,5000,10000,0.5,0,57,0,-0.00013866648077964783,9428,0.6159065190217728,0.6159065190217728,1.0,0.4318181818181818,0.6818181818181818,0.6333333333333334
msmarco-passage-trec-dl-2020,1043135,allocation-grid-oracle,128,64,64,128,0.5,0,16,0,-0.0008802376687526703,94,0.6159065190217728,0.6159065190217728,1.0,0.20454545454545456,0.6818181818181818,0.30000000000000004
msmarco-passage-trec-dl-2020,1043135,allocation-grid-oracle,256,144,112,256,0.5625,32,32,0,-6.979517638683319e-05,193,0.6159065190217728,0.6159065190217728,1.0,0.29545454545454547,0.6818181818181818,0.4333333333333334
msmarco-passage-trec-dl-2020,1043135,allocation-grid-oracle,512,352,160,512,0.6875,192,46,0,-1.8700957298278809e-06,414,0.6159065190217728,0.6159065190217728,1.0,0.38636363636363635,0.6818181818181818,0.5666666666666667
msmarco-passage-trec-dl-2020,1043135,allocation-grid-oracle,1024,832,192,1024,0.8125,640,52,0,-8.401833474636078e-05,904,0.6159065190217728,0.6159065190217728,1.0,0.4318181818181818,0.6818181818181818,0.6333333333333334
msmarco-passage-trec-dl-2020,1043135,allocation-grid-oracle,2048,1808,240,2048,0.8828125,1568,56,0,-6.466172635555267e-05,1893,0.6159065190217728,0.6159065190217728,1.0,0.4318181818181818,0.6818181818181818,0.6333333333333334
msmarco-passage-trec-dl-2020,1043135,allocation-grid-oracle,4096,3840,256,4096,0.9375,3584,57,0,-0.00019744783639907837,3919,0.6159065190217728,0.6159065190217728,1.0,0.4318181818181818,0.6818181818181818,0.6333333333333334
msmarco-passage-trec-dl-2020,1043135,allocation-grid-oracle,8192,5000,3192,8192,0.6103515625,1808,57,0,-0.00013866648077964783,7706,0.6159065190217728,0.6159065190217728,1.0,0.4318181818181818,0.6818181818181818,0.6333333333333334
msmarco-passage-trec-dl-2020,1043135,allocation-grid-oracle,10000,5000,5000,10000,0.5,0,57,0,-0.00013866648077964783,9428,0.6159065190217728,0.6159065190217728,1.0,0.4318181818181818,0.6818181818181818,0.6333333333333334
msmarco-passage-trec-dl-2020,1051399,balanced,128,64,64,128,0.5,0,6,0,-0.001824779435992241,118,0.6996892555711013,0.7554551360454338,0.9261824060575601,0.09259259259259259,0.18518518518518517,0.5
msmarco-passage-trec-dl-2020,1051399,balanced,256,128,128,256,0.5,0,7,0,-0.0004948209971189499,244,0.6996892555711013,0.7554551360454338,0.9261824060575601,0.09259259259259259,0.18518518518518517,0.5
msmarco-passage-trec-dl-2020,1051399,balanced,512,256,256,512,0.5,0,12,0,-7.028505206108093e-05,487,0.7554551360454338,0.7554551360454338,1.0,0.12962962962962962,0.18518518518518517,0.7
msmarco-passage-trec-dl-2020,1051399,balanced,1024,512,512,1024,0.5,0,14,0,-0.0010989010334014893,986,0.7554551360454338,0.7554551360454338,1.0,0.14814814814814814,0.18518518518518517,0.8
msmarco-passage-trec-dl-2020,1051399,balanced,2048,1024,1024,2048,0.5,0,14,0,-0.0002731587737798691,1955,0.7554551360454338,0.7554551360454338,1.0,0.14814814814814814,0.18518518518518517,0.8
msmarco-passage-trec-dl-2020,1051399,balanced,4096,2048,2048,4096,0.5,0,15,0,-6.594695150852203e-05,3851,0.7554551360454338,0.7554551360454338,1.0,0.14814814814814814,0.18518518518518517,0.8
msmarco-passage-trec-dl-2020,1051399,balanced,8192,4096,4096,8192,0.5,0,24,0,-0.00013153068721294403,7457,0.7554551360454338,0.7554551360454338,1.0,0.14814814814814814,0.18518518518518517,0.8
msmarco-passage-trec-dl-2020,1051399,balanced,10000,5000,5000,10000,0.5,0,26,0,-0.00019762851297855377,9019,0.7554551360454338,0.7554551360454338,1.0,0.14814814814814814,0.18518518518518517,0.8
msmarco-passage-trec-dl-2020,1051399,blocker,128,64,64,128,0.5,0,6,0,-0.001824779435992241,118,0.6996892555711013,0.7554551360454338,0.9261824060575601,0.09259259259259259,0.18518518518518517,0.5
msmarco-passage-trec-dl-2020,1051399,blocker,256,144,112,256,0.5625,32,7,0,-0.0005882959812879562,244,0.6996892555711013,0.7554551360454338,0.9261824060575601,0.09259259259259259,0.18518518518518517,0.5
msmarco-passage-trec-dl-2020,1051399,blocker,512,320,192,512,0.625,128,13,0,-0.002358352765440941,490,0.7554551360454338,0.7554551360454338,1.0,0.12962962962962962,0.18518518518518517,0.7
msmarco-passage-trec-dl-2020,1051399,blocker,1024,768,256,1024,0.75,512,14,0,-0.0005583800375461578,989,0.7554551360454338,0.7554551360454338,1.0,0.14814814814814814,0.18518518518518517,0.8
msmarco-passage-trec-dl-2020,1051399,blocker,2048,1712,336,2048,0.8359375,1376,15,0,-0.0001560300588607788,1995,0.7554551360454338,0.7554551360454338,1.0,0.14814814814814814,0.18518518518518517,0.8
msmarco-passage-trec-dl-2020,1051399,blocker,4096,3136,960,4096,0.765625,2176,19,0,-0.00017854012548923492,3927,0.7554551360454338,0.7554551360454338,1.0,0.14814814814814814,0.18518518518518517,0.8
msmarco-passage-trec-dl-2020,1051399,blocker,8192,4080,4112,8192,0.498046875,32,24,0,-0.0001306086778640747,7456,0.7554551360454338,0.7554551360454338,1.0,0.14814814814814814,0.18518518518518517,0.8
msmarco-passage-trec-dl-2020,1051399,blocker,10000,5000,5000,10000,0.5,0,26,0,-0.00019762851297855377,9019,0.7554551360454338,0.7554551360454338,1.0,0.14814814814814814,0.18518518518518517,0.8
msmarco-passage-trec-dl-2020,1051399,candidate,128,64,64,128,0.5,0,6,0,-0.001824779435992241,118,0.6996892555711013,0.7554551360454338,0.9261824060575601,0.09259259259259259,0.18518518518518517,0.5
msmarco-passage-trec-dl-2020,1051399,candidate,256,144,112,256,0.5625,32,7,0,-0.0005882959812879562,244,0.6996892555711013,0.7554551360454338,0.9261824060575601,0.09259259259259259,0.18518518518518517,0.5
msmarco-passage-trec-dl-2020,1051399,candidate,512,352,160,512,0.6875,192,13,0,-0.0028041601181030273,490,0.7554551360454338,0.7554551360454338,1.0,0.12962962962962962,0.18518518518518517,0.7
msmarco-passage-trec-dl-2020,1051399,candidate,1024,768,256,1024,0.75,512,14,0,-0.0005583800375461578,989,0.7554551360454338,0.7554551360454338,1.0,0.14814814814814814,0.18518518518518517,0.8
msmarco-passage-trec-dl-2020,1051399,candidate,2048,1712,336,2048,0.8359375,1376,15,0,-0.0001560300588607788,1995,0.7554551360454338,0.7554551360454338,1.0,0.14814814814814814,0.18518518518518517,0.8
msmarco-passage-trec-dl-2020,1051399,candidate,4096,3728,368,4096,0.91015625,3360,16,0,-0.0003756638616323471,4001,0.7554551360454338,0.7554551360454338,1.0,0.14814814814814814,0.18518518518518517,0.8
msmarco-passage-trec-dl-2020,1051399,candidate,8192,5000,3192,8192,0.6103515625,1808,24,0,-0.0001984182745218277,7538,0.7554551360454338,0.7554551360454338,1.0,0.14814814814814814,0.18518518518518517,0.8
msmarco-passage-trec-dl-2020,1051399,candidate,10000,5000,5000,10000,0.5,0,26,0,-0.00019762851297855377,9019,0.7554551360454338,0.7554551360454338,1.0,0.14814814814814814,0.18518518518518517,0.8
msmarco-passage-trec-dl-2020,1051399,candidate-safe,128,64,64,128,0.5,0,6,0,-0.001824779435992241,118,0.6996892555711013,0.7554551360454338,0.9261824060575601,0.09259259259259259,0.18518518518518517,0.5
msmarco-passage-trec-dl-2020,1051399,candidate-safe,256,144,112,256,0.5625,32,7,0,-0.0005882959812879562,244,0.6996892555711013,0.7554551360454338,0.9261824060575601,0.09259259259259259,0.18518518518518517,0.5
msmarco-passage-trec-dl-2020,1051399,candidate-safe,512,352,160,512,0.6875,192,13,0,-0.0028041601181030273,490,0.7554551360454338,0.7554551360454338,1.0,0.12962962962962962,0.18518518518518517,0.7
msmarco-passage-trec-dl-2020,1051399,candidate-safe,1024,768,256,1024,0.75,512,14,0,-0.0005583800375461578,989,0.7554551360454338,0.7554551360454338,1.0,0.14814814814814814,0.18518518518518517,0.8
msmarco-passage-trec-dl-2020,1051399,candidate-safe,2048,1712,336,2048,0.8359375,1376,15,0,-0.0001560300588607788,1995,0.7554551360454338,0.7554551360454338,1.0,0.14814814814814814,0.18518518518518517,0.8
msmarco-passage-trec-dl-2020,1051399,candidate-safe,4096,3728,368,4096,0.91015625,3360,16,0,-0.0003756638616323471,4001,0.7554551360454338,0.7554551360454338,1.0,0.14814814814814814,0.18518518518518517,0.8
msmarco-passage-trec-dl-2020,1051399,candidate-safe,8192,5000,3192,8192,0.6103515625,1808,24,0,-0.0001984182745218277,7538,0.7554551360454338,0.7554551360454338,1.0,0.14814814814814814,0.18518518518518517,0.8
msmarco-passage-trec-dl-2020,1051399,candidate-safe,10000,5000,5000,10000,0.5,0,26,0,-0.00019762851297855377,9019,0.7554551360454338,0.7554551360454338,1.0,0.14814814814814814,0.18518518518518517,0.8
msmarco-passage-trec-dl-2020,1051399,pressure,128,64,64,128,0.5,0,6,0,-0.001824779435992241,118,0.6996892555711013,0.7554551360454338,0.9261824060575601,0.09259259259259259,0.18518518518518517,0.5
msmarco-passage-trec-dl-2020,1051399,pressure,256,144,112,256,0.5625,32,7,0,-0.0005882959812879562,244,0.6996892555711013,0.7554551360454338,0.9261824060575601,0.09259259259259259,0.18518518518518517,0.5
msmarco-passage-trec-dl-2020,1051399,pressure,512,288,224,512,0.5625,64,13,0,-0.0010561402887105942,488,0.7554551360454338,0.7554551360454338,1.0,0.12962962962962962,0.18518518518518517,0.7
msmarco-passage-trec-dl-2020,1051399,pressure,1024,688,336,1024,0.671875,352,14,0,-0.000687548890709877,988,0.7554551360454338,0.7554551360454338,1.0,0.14814814814814814,0.18518518518518517,0.8
msmarco-passage-trec-dl-2020,1051399,pressure,2048,1680,368,2048,0.8203125,1312,15,0,-0.0001662764698266983,1993,0.7554551360454338,0.7554551360454338,1.0,0.14814814814814814,0.18518518518518517,0.8
msmarco-passage-trec-dl-2020,1051399,pressure,4096,2912,1184,4096,0.7109375,1728,19,0,-0.00020212121307849884,3901,0.7554551360454338,0.7554551360454338,1.0,0.14814814814814814,0.18518518518518517,0.8
msmarco-passage-trec-dl-2020,1051399,pressure,8192,4080,4112,8192,0.498046875,32,24,0,-0.0001306086778640747,7456,0.7554551360454338,0.7554551360454338,1.0,0.14814814814814814,0.18518518518518517,0.8
msmarco-passage-trec-dl-2020,1051399,pressure,10000,5000,5000,10000,0.5,0,26,0,-0.00019762851297855377,9019,0.7554551360454338,0.7554551360454338,1.0,0.14814814814814814,0.18518518518518517,0.8
msmarco-passage-trec-dl-2020,1051399,allocation-grid-oracle,128,64,64,128,0.5,0,6,0,-0.001824779435992241,118,0.6996892555711013,0.7554551360454338,0.9261824060575601,0.09259259259259259,0.18518518518518517,0.5
msmarco-passage-trec-dl-2020,1051399,allocation-grid-oracle,256,128,128,256,0.5,0,7,0,-0.0004948209971189499,244,0.6996892555711013,0.7554551360454338,0.9261824060575601,0.09259259259259259,0.18518518518518517,0.5
msmarco-passage-trec-dl-2020,1051399,allocation-grid-oracle,512,288,224,512,0.5625,64,13,0,-0.0010561402887105942,488,0.7554551360454338,0.7554551360454338,1.0,0.12962962962962962,0.18518518518518517,0.7
msmarco-passage-trec-dl-2020,1051399,allocation-grid-oracle,1024,768,256,1024,0.75,512,14,0,-0.0005583800375461578,989,0.7554551360454338,0.7554551360454338,1.0,0.14814814814814814,0.18518518518518517,0.8
msmarco-passage-trec-dl-2020,1051399,allocation-grid-oracle,2048,1712,336,2048,0.8359375,1376,15,0,-0.0001560300588607788,1995,0.7554551360454338,0.7554551360454338,1.0,0.14814814814814814,0.18518518518518517,0.8
msmarco-passage-trec-dl-2020,1051399,allocation-grid-oracle,4096,3136,960,4096,0.765625,2176,19,0,-0.00017854012548923492,3927,0.7554551360454338,0.7554551360454338,1.0,0.14814814814814814,0.18518518518518517,0.8
msmarco-passage-trec-dl-2020,1051399,allocation-grid-oracle,8192,4072,4120,8192,0.4970703125,48,24,0,-0.00013014953583478928,7460,0.7554551360454338,0.7554551360454338,1.0,0.14814814814814814,0.18518518518518517,0.8
msmarco-passage-trec-dl-2020,1051399,allocation-grid-oracle,10000,5000,5000,10000,0.5,0,26,0,-0.00019762851297855377,9019,0.7554551360454338,0.7554551360454338,1.0,0.14814814814814814,0.18518518518518517,0.8
msmarco-passage-trec-dl-2020,1064670,balanced,128,64,64,128,0.5,0,8,0,-0.0002982728183269501,117,0.6741701828252179,0.7053108776576497,0.9558482708563201,0.3333333333333333,0.9523809523809523,0.35
msmarco-passage-trec-dl-2020,1064670,balanced,256,128,128,256,0.5,0,11,0,-0.0004386119544506073,239,0.7053108776576497,0.7053108776576497,1.0,0.42857142857142855,0.9523809523809523,0.45
msmarco-passage-trec-dl-2020,1064670,balanced,512,256,256,512,0.5,0,12,0,-3.805570304393768e-05,478,0.7053108776576497,0.7053108776576497,1.0,0.42857142857142855,0.9523809523809523,0.45
msmarco-passage-trec-dl-2020,1064670,balanced,1024,512,512,1024,0.5,0,13,0,-0.0003451593220233917,947,0.7053108776576497,0.7053108776576497,1.0,0.42857142857142855,0.9523809523809523,0.45
msmarco-passage-trec-dl-2020,1064670,balanced,2048,1024,1024,2048,0.5,0,16,0,-0.0002677254378795624,1888,0.7053108776576497,0.7053108776576497,1.0,0.47619047619047616,0.9523809523809523,0.5
msmarco-passage-trec-dl-2020,1064670,balanced,4096,2048,2048,4096,0.5,0,19,0,-0.0002660714089870453,3840,0.7053108776576497,0.7053108776576497,1.0,0.5238095238095238,0.9523809523809523,0.55
msmarco-passage-trec-dl-2020,1064670,balanced,8192,4096,4096,8192,0.5,0,19,0,-3.230292350053787e-05,7699,0.7053108776576497,0.7053108776576497,1.0,0.5238095238095238,0.9523809523809523,0.55
msmarco-passage-trec-dl-2020,1064670,balanced,10000,5000,5000,10000,0.5,0,26,0,-0.00015261583030223846,9416,0.7053108776576497,0.7053108776576497,1.0,0.5714285714285714,0.9523809523809523,0.6
msmarco-passage-trec-dl-2020,1064670,blocker,128,64,64,128,0.5,0,8,0,-0.0002982728183269501,117,0.6741701828252179,0.7053108776576497,0.9558482708563201,0.3333333333333333,0.9523809523809523,0.35
msmarco-passage-trec-dl-2020,1064670,blocker,256,128,128,256,0.5,0,11,0,-0.0004386119544506073,239,0.7053108776576497,0.7053108776576497,1.0,0.42857142857142855,0.9523809523809523,0.45
msmarco-passage-trec-dl-2020,1064670,blocker,512,240,272,512,0.46875,32,13,0,-0.001769067719578743,477,0.7053108776576497,0.7053108776576497,1.0,0.42857142857142855,0.9523809523809523,0.45
msmarco-passage-trec-dl-2020,1064670,blocker,1024,448,576,1024,0.4375,128,13,0,-0.00016923435032367706,951,0.7053108776576497,0.7053108776576497,1.0,0.42857142857142855,0.9523809523809523,0.45
msmarco-passage-trec-dl-2020,1064670,blocker,2048,784,1264,2048,0.3828125,480,16,0,-0.00010050460696220398,1907,0.7053108776576497,0.7053108776576497,1.0,0.47619047619047616,0.9523809523809523,0.5
msmarco-passage-trec-dl-2020,1064670,blocker,4096,1216,2880,4096,0.296875,1664,19,0,-0.0001318231225013733,3868,0.7053108776576497,0.7053108776576497,1.0,0.5238095238095238,0.9523809523809523,0.55
msmarco-passage-trec-dl-2020,1064670,blocker,8192,3216,4976,8192,0.392578125,1760,25,0,-0.00026023760437965393,7719,0.7053108776576497,0.7053108776576497,1.0,0.5714285714285714,0.9523809523809523,0.6
msmarco-passage-trec-dl-2020,1064670,blocker,10000,5000,5000,10000,0.5,0,26,0,-0.00015261583030223846,9416,0.7053108776576497,0.7053108776576497,1.0,0.5714285714285714,0.9523809523809523,0.6
msmarco-passage-trec-dl-2020,1064670,candidate,128,16,112,128,0.125,96,7,0,-0.01293175294995308,121,0.6415362406937478,0.7053108776576497,0.9095793940174316,0.2857142857142857,0.9523809523809523,0.3
msmarco-passage-trec-dl-2020,1064670,candidate,256,16,240,256,0.0625,224,7,0,-0.01293175294995308,249,0.6415362406937478,0.7053108776576497,0.9095793940174316,0.2857142857142857,0.9523809523809523,0.3
msmarco-passage-trec-dl-2020,1064670,candidate,512,16,496,512,0.03125,480,7,0,-0.01293175294995308,505,0.6415362406937478,0.7053108776576497,0.9095793940174316,0.2857142857142857,0.9523809523809523,0.3
msmarco-passage-trec-dl-2020,1064670,candidate,1024,144,880,1024,0.140625,736,12,0,-0.0013298261910676956,975,0.7053108776576497,0.7053108776576497,1.0,0.42857142857142855,0.9523809523809523,0.45
msmarco-passage-trec-dl-2020,1064670,candidate,2048,784,1264,2048,0.3828125,480,16,0,-0.00010050460696220398,1907,0.7053108776576497,0.7053108776576497,1.0,0.47619047619047616,0.9523809523809523,0.5
msmarco-passage-trec-dl-2020,1064670,candidate,4096,1216,2880,4096,0.296875,1664,19,0,-0.0001318231225013733,3868,0.7053108776576497,0.7053108776576497,1.0,0.5238095238095238,0.9523809523809523,0.55
msmarco-passage-trec-dl-2020,1064670,candidate,8192,3192,5000,8192,0.3896484375,1808,25,0,-0.0002624904736876488,7720,0.7053108776576497,0.7053108776576497,1.0,0.5714285714285714,0.9523809523809523,0.6
msmarco-passage-trec-dl-2020,1064670,candidate,10000,5000,5000,10000,0.5,0,26,0,-0.00015261583030223846,9416,0.7053108776576497,0.7053108776576497,1.0,0.5714285714285714,0.9523809523809523,0.6
msmarco-passage-trec-dl-2020,1064670,candidate-safe,128,16,112,128,0.125,96,7,0,-0.01293175294995308,121,0.6415362406937478,0.7053108776576497,0.9095793940174316,0.2857142857142857,0.9523809523809523,0.3
msmarco-passage-trec-dl-2020,1064670,candidate-safe,256,16,240,256,0.0625,224,7,0,-0.01293175294995308,249,0.6415362406937478,0.7053108776576497,0.9095793940174316,0.2857142857142857,0.9523809523809523,0.3
msmarco-passage-trec-dl-2020,1064670,candidate-safe,512,16,496,512,0.03125,480,7,0,-0.01293175294995308,505,0.6415362406937478,0.7053108776576497,0.9095793940174316,0.2857142857142857,0.9523809523809523,0.3
msmarco-passage-trec-dl-2020,1064670,candidate-safe,1024,144,880,1024,0.140625,736,12,0,-0.0013298261910676956,975,0.7053108776576497,0.7053108776576497,1.0,0.42857142857142855,0.9523809523809523,0.45
msmarco-passage-trec-dl-2020,1064670,candidate-safe,2048,784,1264,2048,0.3828125,480,16,0,-0.00010050460696220398,1907,0.7053108776576497,0.7053108776576497,1.0,0.47619047619047616,0.9523809523809523,0.5
msmarco-passage-trec-dl-2020,1064670,candidate-safe,4096,1216,2880,4096,0.296875,1664,19,0,-0.0001318231225013733,3868,0.7053108776576497,0.7053108776576497,1.0,0.5238095238095238,0.9523809523809523,0.55
msmarco-passage-trec-dl-2020,1064670,candidate-safe,8192,3192,5000,8192,0.3896484375,1808,25,0,-0.0002624904736876488,7720,0.7053108776576497,0.7053108776576497,1.0,0.5714285714285714,0.9523809523809523,0.6
msmarco-passage-trec-dl-2020,1064670,candidate-safe,10000,5000,5000,10000,0.5,0,26,0,-0.00015261583030223846,9416,0.7053108776576497,0.7053108776576497,1.0,0.5714285714285714,0.9523809523809523,0.6
msmarco-passage-trec-dl-2020,1064670,pressure,128,64,64,128,0.5,0,8,0,-0.0002982728183269501,117,0.6741701828252179,0.7053108776576497,0.9558482708563201,0.3333333333333333,0.9523809523809523,0.35
msmarco-passage-trec-dl-2020,1064670,pressure,256,128,128,256,0.5,0,11,0,-0.0004386119544506073,239,0.7053108776576497,0.7053108776576497,1.0,0.42857142857142855,0.9523809523809523,0.45
msmarco-passage-trec-dl-2020,1064670,pressure,512,240,272,512,0.46875,32,13,0,-0.001769067719578743,477,0.7053108776576497,0.7053108776576497,1.0,0.42857142857142855,0.9523809523809523,0.45
msmarco-passage-trec-dl-2020,1064670,pressure,1024,464,560,1024,0.453125,96,13,0,-0.00020981021225452423,948,0.7053108776576497,0.7053108776576497,1.0,0.42857142857142855,0.9523809523809523,0.45
msmarco-passage-trec-dl-2020,1064670,pressure,2048,864,1184,2048,0.421875,320,16,0,-0.00014907494187355042,1901,0.7053108776576497,0.7053108776576497,1.0,0.47619047619047616,0.9523809523809523,0.5
msmarco-passage-trec-dl-2020,1064670,pressure,4096,1472,2624,4096,0.359375,1152,19,0,-0.00016426574438810349,3861,0.7053108776576497,0.7053108776576497,1.0,0.5238095238095238,0.9523809523809523,0.55
msmarco-passage-trec-dl-2020,1064670,pressure,8192,3216,4976,8192,0.392578125,1760,25,0,-0.00026023760437965393,7719,0.7053108776576497,0.7053108776576497,1.0,0.5714285714285714,0.9523809523809523,0.6
msmarco-passage-trec-dl-2020,1064670,pressure,10000,5000,5000,10000,0.5,0,26,0,-0.00015261583030223846,9416,0.7053108776576497,0.7053108776576497,1.0,0.5714285714285714,0.9523809523809523,0.6
msmarco-passage-trec-dl-2020,1064670,allocation-grid-oracle,128,64,64,128,0.5,0,8,0,-0.0002982728183269501,117,0.6741701828252179,0.7053108776576497,0.9558482708563201,0.3333333333333333,0.9523809523809523,0.35
msmarco-passage-trec-dl-2020,1064670,allocation-grid-oracle,256,128,128,256,0.5,0,11,0,-0.0004386119544506073,239,0.7053108776576497,0.7053108776576497,1.0,0.42857142857142855,0.9523809523809523,0.45
msmarco-passage-trec-dl-2020,1064670,allocation-grid-oracle,512,240,272,512,0.46875,32,13,0,-0.001769067719578743,477,0.7053108776576497,0.7053108776576497,1.0,0.42857142857142855,0.9523809523809523,0.45
msmarco-passage-trec-dl-2020,1064670,allocation-grid-oracle,1024,448,576,1024,0.4375,128,13,0,-0.00016923435032367706,951,0.7053108776576497,0.7053108776576497,1.0,0.42857142857142855,0.9523809523809523,0.45
msmarco-passage-trec-dl-2020,1064670,allocation-grid-oracle,2048,784,1264,2048,0.3828125,480,16,0,-0.00010050460696220398,1907,0.7053108776576497,0.7053108776576497,1.0,0.47619047619047616,0.9523809523809523,0.5
msmarco-passage-trec-dl-2020,1064670,allocation-grid-oracle,4096,1216,2880,4096,0.296875,1664,19,0,-0.0001318231225013733,3868,0.7053108776576497,0.7053108776576497,1.0,0.5238095238095238,0.9523809523809523,0.55
msmarco-passage-trec-dl-2020,1064670,allocation-grid-oracle,8192,3208,4984,8192,0.3916015625,1776,25,0,-0.00026098452508449554,7719,0.7053108776576497,0.7053108776576497,1.0,0.5714285714285714,0.9523809523809523,0.6
msmarco-passage-trec-dl-2020,1064670,allocation-grid-oracle,10000,5000,5000,10000,0.5,0,26,0,-0.00015261583030223846,9416,0.7053108776576497,0.7053108776576497,1.0,0.5714285714285714,0.9523809523809523,0.6
msmarco-passage-trec-dl-2020,1071750,balanced,128,64,64,128,0.5,0,31,0,-0.0008724275976419449,90,0.28112390978044716,0.28112390978044716,1.0,0.6944444444444444,0.9166666666666666,0.7575757575757576
msmarco-passage-trec-dl-2020,1071750,balanced,256,128,128,256,0.5,0,40,0,-0.0015271883457899094,203,0.28112390978044716,0.28112390978044716,1.0,0.7222222222222222,0.9166666666666666,0.7878787878787878
msmarco-passage-trec-dl-2020,1071750,balanced,512,256,256,512,0.5,0,42,0,-0.00013838335871696472,430,0.28112390978044716,0.28112390978044716,1.0,0.75,0.9166666666666666,0.8181818181818182
msmarco-passage-trec-dl-2020,1071750,balanced,1024,512,512,1024,0.5,0,52,0,-4.5711174607276917e-05,888,0.28112390978044716,0.28112390978044716,1.0,0.8055555555555556,0.9166666666666666,0.8787878787878789
msmarco-passage-trec-dl-2020,1071750,balanced,2048,1024,1024,2048,0.5,0,58,0,-0.000176895409822464,1774,0.28112390978044716,0.28112390978044716,1.0,0.8333333333333334,0.9166666666666666,0.9090909090909092
msmarco-passage-trec-dl-2020,1071750,balanced,4096,2048,2048,4096,0.5,0,94,0,-2.2091902792453766e-05,3521,0.28112390978044716,0.28112390978044716,1.0,0.8888888888888888,0.9166666666666666,0.9696969696969697
msmarco-passage-trec-dl-2020,1071750,balanced,8192,4096,4096,8192,0.5,0,100,1,-inf,7104,0.28112390978044716,0.28112390978044716,1.0,0.9166666666666666,0.9166666666666666,1.0
msmarco-passage-trec-dl-2020,1071750,balanced,10000,5000,5000,10000,0.5,0,100,1,-inf,8673,0.28112390978044716,0.28112390978044716,1.0,0.9166666666666666,0.9166666666666666,1.0
msmarco-passage-trec-dl-2020,1071750,blocker,128,64,64,128,0.5,0,31,0,-0.0008724275976419449,90,0.28112390978044716,0.28112390978044716,1.0,0.6944444444444444,0.9166666666666666,0.7575757575757576
msmarco-passage-trec-dl-2020,1071750,blocker,256,144,112,256,0.5625,32,40,0,-0.0011886600404977798,204,0.28112390978044716,0.28112390978044716,1.0,0.7222222222222222,0.9166666666666666,0.7878787878787878
msmarco-passage-trec-dl-2020,1071750,blocker,512,288,224,512,0.5625,64,43,0,-7.192790508270264e-05,433,0.28112390978044716,0.28112390978044716,1.0,0.75,0.9166666666666666,0.8181818181818182
msmarco-passage-trec-dl-2020,1071750,blocker,1024,480,544,1024,0.46875,64,53,0,-3.855489194393158e-05,883,0.28112390978044716,0.28112390978044716,1.0,0.8055555555555556,0.9166666666666666,0.8787878787878789
msmarco-passage-trec-dl-2020,1071750,blocker,2048,592,1456,2048,0.2890625,864,77,0,-0.0002472922205924988,1789,0.28112390978044716,0.28112390978044716,1.0,0.8333333333333334,0.9166666666666666,0.9090909090909092
msmarco-passage-trec-dl-2020,1071750,blocker,4096,2288,1808,4096,0.55859375,480,95,0,-4.827696830034256e-05,3527,0.28112390978044716,0.28112390978044716,1.0,0.9166666666666666,0.9166666666666666,1.0
msmarco-passage-trec-dl-2020,1071750,blocker,8192,4096,4096,8192,0.5,0,100,1,-inf,7104,0.28112390978044716,0.28112390978044716,1.0,0.9166666666666666,0.9166666666666666,1.0
msmarco-passage-trec-dl-2020,1071750,blocker,10000,5000,5000,10000,0.5,0,100,1,-inf,8673,0.28112390978044716,0.28112390978044716,1.0,0.9166666666666666,0.9166666666666666,1.0
msmarco-passage-trec-dl-2020,1071750,candidate,128,64,64,128,0.5,0,31,0,-0.0008724275976419449,90,0.28112390978044716,0.28112390978044716,1.0,0.6944444444444444,0.9166666666666666,0.7575757575757576
msmarco-passage-trec-dl-2020,1071750,candidate,256,144,112,256,0.5625,32,40,0,-0.0011886600404977798,204,0.28112390978044716,0.28112390978044716,1.0,0.7222222222222222,0.9166666666666666,0.7878787878787878
msmarco-passage-trec-dl-2020,1071750,candidate,512,288,224,512,0.5625,64,43,0,-7.192790508270264e-05,433,0.28112390978044716,0.28112390978044716,1.0,0.75,0.9166666666666666,0.8181818181818182
msmarco-passage-trec-dl-2020,1071750,candidate,1024,480,544,1024,0.46875,64,53,0,-3.855489194393158e-05,883,0.28112390978044716,0.28112390978044716,1.0,0.8055555555555556,0.9166666666666666,0.8787878787878789
msmarco-passage-trec-dl-2020,1071750,candidate,2048,592,1456,2048,0.2890625,864,77,0,-0.0002472922205924988,1789,0.28112390978044716,0.28112390978044716,1.0,0.8333333333333334,0.9166666666666666,0.9090909090909092
msmarco-passage-trec-dl-2020,1071750,candidate,4096,2288,1808,4096,0.55859375,480,95,0,-4.827696830034256e-05,3527,0.28112390978044716,0.28112390978044716,1.0,0.9166666666666666,0.9166666666666666,1.0
msmarco-passage-trec-dl-2020,1071750,candidate,8192,4096,4096,8192,0.5,0,100,1,-inf,7104,0.28112390978044716,0.28112390978044716,1.0,0.9166666666666666,0.9166666666666666,1.0
msmarco-passage-trec-dl-2020,1071750,candidate,10000,5000,5000,10000,0.5,0,100,1,-inf,8673,0.28112390978044716,0.28112390978044716,1.0,0.9166666666666666,0.9166666666666666,1.0
msmarco-passage-trec-dl-2020,1071750,candidate-safe,128,64,64,128,0.5,0,31,0,-0.0008724275976419449,90,0.28112390978044716,0.28112390978044716,1.0,0.6944444444444444,0.9166666666666666,0.7575757575757576
msmarco-passage-trec-dl-2020,1071750,candidate-safe,256,144,112,256,0.5625,32,40,0,-0.0011886600404977798,204,0.28112390978044716,0.28112390978044716,1.0,0.7222222222222222,0.9166666666666666,0.7878787878787878
msmarco-passage-trec-dl-2020,1071750,candidate-safe,512,288,224,512,0.5625,64,43,0,-7.192790508270264e-05,433,0.28112390978044716,0.28112390978044716,1.0,0.75,0.9166666666666666,0.8181818181818182
msmarco-passage-trec-dl-2020,1071750,candidate-safe,1024,480,544,1024,0.46875,64,53,0,-3.855489194393158e-05,883,0.28112390978044716,0.28112390978044716,1.0,0.8055555555555556,0.9166666666666666,0.8787878787878789
msmarco-passage-trec-dl-2020,1071750,candidate-safe,2048,592,1456,2048,0.2890625,864,77,0,-0.0002472922205924988,1789,0.28112390978044716,0.28112390978044716,1.0,0.8333333333333334,0.9166666666666666,0.9090909090909092
msmarco-passage-trec-dl-2020,1071750,candidate-safe,4096,2288,1808,4096,0.55859375,480,95,0,-4.827696830034256e-05,3527,0.28112390978044716,0.28112390978044716,1.0,0.9166666666666666,0.9166666666666666,1.0
msmarco-passage-trec-dl-2020,1071750,candidate-safe,8192,4096,4096,8192,0.5,0,100,1,-inf,7104,0.28112390978044716,0.28112390978044716,1.0,0.9166666666666666,0.9166666666666666,1.0
msmarco-passage-trec-dl-2020,1071750,candidate-safe,10000,5000,5000,10000,0.5,0,100,1,-inf,8673,0.28112390978044716,0.28112390978044716,1.0,0.9166666666666666,0.9166666666666666,1.0
msmarco-passage-trec-dl-2020,1071750,pressure,128,64,64,128,0.5,0,31,0,-0.0008724275976419449,90,0.28112390978044716,0.28112390978044716,1.0,0.6944444444444444,0.9166666666666666,0.7575757575757576
msmarco-passage-trec-dl-2020,1071750,pressure,256,144,112,256,0.5625,32,40,0,-0.0011886600404977798,204,0.28112390978044716,0.28112390978044716,1.0,0.7222222222222222,0.9166666666666666,0.7878787878787878
msmarco-passage-trec-dl-2020,1071750,pressure,512,288,224,512,0.5625,64,43,0,-7.192790508270264e-05,433,0.28112390978044716,0.28112390978044716,1.0,0.75,0.9166666666666666,0.8181818181818182
msmarco-passage-trec-dl-2020,1071750,pressure,1024,480,544,1024,0.46875,64,53,0,-3.855489194393158e-05,883,0.28112390978044716,0.28112390978044716,1.0,0.8055555555555556,0.9166666666666666,0.8787878787878789
msmarco-passage-trec-dl-2020,1071750,pressure,2048,592,1456,2048,0.2890625,864,77,0,-0.0002472922205924988,1789,0.28112390978044716,0.28112390978044716,1.0,0.8333333333333334,0.9166666666666666,0.9090909090909092
msmarco-passage-trec-dl-2020,1071750,pressure,4096,2288,1808,4096,0.55859375,480,95,0,-4.827696830034256e-05,3527,0.28112390978044716,0.28112390978044716,1.0,0.9166666666666666,0.9166666666666666,1.0
msmarco-passage-trec-dl-2020,1071750,pressure,8192,4096,4096,8192,0.5,0,100,1,-inf,7104,0.28112390978044716,0.28112390978044716,1.0,0.9166666666666666,0.9166666666666666,1.0
msmarco-passage-trec-dl-2020,1071750,pressure,10000,5000,5000,10000,0.5,0,100,1,-inf,8673,0.28112390978044716,0.28112390978044716,1.0,0.9166666666666666,0.9166666666666666,1.0
msmarco-passage-trec-dl-2020,1071750,allocation-grid-oracle,128,64,64,128,0.5,0,31,0,-0.0008724275976419449,90,0.28112390978044716,0.28112390978044716,1.0,0.6944444444444444,0.9166666666666666,0.7575757575757576
msmarco-passage-trec-dl-2020,1071750,allocation-grid-oracle,256,144,112,256,0.5625,32,40,0,-0.0011886600404977798,204,0.28112390978044716,0.28112390978044716,1.0,0.7222222222222222,0.9166666666666666,0.7878787878787878
msmarco-passage-trec-dl-2020,1071750,allocation-grid-oracle,512,288,224,512,0.5625,64,43,0,-7.192790508270264e-05,433,0.28112390978044716,0.28112390978044716,1.0,0.75,0.9166666666666666,0.8181818181818182
msmarco-passage-trec-dl-2020,1071750,allocation-grid-oracle,1024,480,544,1024,0.46875,64,53,0,-3.855489194393158e-05,883,0.28112390978044716,0.28112390978044716,1.0,0.8055555555555556,0.9166666666666666,0.8787878787878789
msmarco-passage-trec-dl-2020,1071750,allocation-grid-oracle,2048,592,1456,2048,0.2890625,864,77,0,-0.0002472922205924988,1789,0.28112390978044716,0.28112390978044716,1.0,0.8333333333333334,0.9166666666666666,0.9090909090909092
msmarco-passage-trec-dl-2020,1071750,allocation-grid-oracle,4096,2288,1808,4096,0.55859375,480,95,0,-4.827696830034256e-05,3527,0.28112390978044716,0.28112390978044716,1.0,0.9166666666666666,0.9166666666666666,1.0
msmarco-passage-trec-dl-2020,1071750,allocation-grid-oracle,8192,4096,4096,8192,0.5,0,100,1,-inf,7104,0.28112390978044716,0.28112390978044716,1.0,0.9166666666666666,0.9166666666666666,1.0
msmarco-passage-trec-dl-2020,1071750,allocation-grid-oracle,10000,5000,5000,10000,0.5,0,100,1,-inf,8673,0.28112390978044716,0.28112390978044716,1.0,0.9166666666666666,0.9166666666666666,1.0
msmarco-passage-trec-dl-2020,1105792,balanced,128,64,64,128,0.5,0,11,0,-0.0076443469151854515,117,0.7843581773636571,0.7843581773636571,1.0,0.6666666666666666,0.9166666666666666,0.7272727272727273
msmarco-passage-trec-dl-2020,1105792,balanced,256,128,128,256,0.5,0,12,0,-0.004898981191217899,244,0.7843581773636571,0.7843581773636571,1.0,0.6666666666666666,0.9166666666666666,0.7272727272727273
msmarco-passage-trec-dl-2020,1105792,balanced,512,256,256,512,0.5,0,13,0,-0.0027443887665867805,499,0.7843581773636571,0.7843581773636571,1.0,0.75,0.9166666666666666,0.8181818181818182
msmarco-passage-trec-dl-2020,1105792,balanced,1024,512,512,1024,0.5,0,13,0,-0.00132808368653059,1011,0.7843581773636571,0.7843581773636571,1.0,0.75,0.9166666666666666,0.8181818181818182
msmarco-passage-trec-dl-2020,1105792,balanced,2048,1024,1024,2048,0.5,0,13,0,-0.0005023414269089699,2033,0.7843581773636571,0.7843581773636571,1.0,0.75,0.9166666666666666,0.8181818181818182
msmarco-passage-trec-dl-2020,1105792,balanced,4096,2048,2048,4096,0.5,0,13,0,-5.421508103609085e-05,4077,0.7843581773636571,0.7843581773636571,1.0,0.75,0.9166666666666666,0.8181818181818182
msmarco-passage-trec-dl-2020,1105792,balanced,8192,4096,4096,8192,0.5,0,14,0,-3.940798342227936e-05,8161,0.7843581773636571,0.7843581773636571,1.0,0.75,0.9166666666666666,0.8181818181818182
msmarco-passage-trec-dl-2020,1105792,balanced,10000,5000,5000,10000,0.5,0,15,0,-2.010725438594818e-06,9964,0.7843581773636571,0.7843581773636571,1.0,0.75,0.9166666666666666,0.8181818181818182
msmarco-passage-trec-dl-2020,1105792,blocker,128,64,64,128,0.5,0,11,0,-0.0076443469151854515,117,0.7843581773636571,0.7843581773636571,1.0,0.6666666666666666,0.9166666666666666,0.7272727272727273
msmarco-passage-trec-dl-2020,1105792,blocker,256,128,128,256,0.5,0,12,0,-0.004898981191217899,244,0.7843581773636571,0.7843581773636571,1.0,0.6666666666666666,0.9166666666666666,0.7272727272727273
msmarco-passage-trec-dl-2020,1105792,blocker,512,240,272,512,0.46875,32,13,0,-0.0025918809697031975,499,0.7843581773636571,0.7843581773636571,1.0,0.75,0.9166666666666666,0.8181818181818182
msmarco-passage-trec-dl-2020,1105792,blocker,1024,448,576,1024,0.4375,128,13,0,-0.0011521587148308754,1010,0.7843581773636571,0.7843581773636571,1.0,0.75,0.9166666666666666,0.8181818181818182
msmarco-passage-trec-dl-2020,1105792,blocker,2048,800,1248,2048,0.390625,448,13,0,-0.0003457972779870033,2033,0.7843581773636571,0.7843581773636571,1.0,0.75,0.9166666666666666,0.8181818181818182
msmarco-passage-trec-dl-2020,1105792,blocker,4096,1632,2464,4096,0.3984375,832,14,0,-0.0001949891448020935,4078,0.7843581773636571,0.7843581773636571,1.0,0.75,0.9166666666666666,0.8181818181818182
msmarco-passage-trec-dl-2020,1105792,blocker,8192,3280,4912,8192,0.400390625,1632,15,0,-0.00010378379374742508,8164,0.7843581773636571,0.7843581773636571,1.0,0.75,0.9166666666666666,0.8181818181818182
msmarco-passage-trec-dl-2020,1105792,blocker,10000,5000,5000,10000,0.5,0,15,0,-2.010725438594818e-06,9964,0.7843581773636571,0.7843581773636571,1.0,0.75,0.9166666666666666,0.8181818181818182
msmarco-passage-trec-dl-2020,1105792,candidate,128,16,112,128,0.125,96,11,0,-0.012737727724015713,117,0.7843581773636571,0.7843581773636571,1.0,0.6666666666666666,0.9166666666666666,0.7272727272727273
msmarco-passage-trec-dl-2020,1105792,candidate,256,16,240,256,0.0625,224,11,0,-0.012737727724015713,245,0.7843581773636571,0.7843581773636571,1.0,0.6666666666666666,0.9166666666666666,0.7272727272727273
msmarco-passage-trec-dl-2020,1105792,candidate,512,16,496,512,0.03125,480,11,0,-0.012737727724015713,501,0.7843581773636571,0.7843581773636571,1.0,0.6666666666666666,0.9166666666666666,0.7272727272727273
msmarco-passage-trec-dl-2020,1105792,candidate,1024,16,1008,1024,0.015625,992,11,0,-0.012737727724015713,1013,0.7843581773636571,0.7843581773636571,1.0,0.6666666666666666,0.9166666666666666,0.7272727272727273
msmarco-passage-trec-dl-2020,1105792,candidate,2048,16,2032,2048,0.0078125,2016,11,0,-0.012737727724015713,2037,0.7843581773636571,0.7843581773636571,1.0,0.6666666666666666,0.9166666666666666,0.7272727272727273
msmarco-passage-trec-dl-2020,1105792,candidate,4096,16,4080,4096,0.00390625,4064,11,0,-0.012737727724015713,4085,0.7843581773636571,0.7843581773636571,1.0,0.6666666666666666,0.9166666666666666,0.7272727272727273
msmarco-passage-trec-dl-2020,1105792,candidate,8192,3192,5000,8192,0.3896484375,1808,15,0,-0.00011188536882400513,8163,0.7843581773636571,0.7843581773636571,1.0,0.75,0.9166666666666666,0.8181818181818182
msmarco-passage-trec-dl-2020,1105792,candidate,10000,5000,5000,10000,0.5,0,15,0,-2.010725438594818e-06,9964,0.7843581773636571,0.7843581773636571,1.0,0.75,0.9166666666666666,0.8181818181818182
msmarco-passage-trec-dl-2020,1105792,candidate-safe,128,16,112,128,0.125,96,11,0,-0.012737727724015713,117,0.7843581773636571,0.7843581773636571,1.0,0.6666666666666666,0.9166666666666666,0.7272727272727273
msmarco-passage-trec-dl-2020,1105792,candidate-safe,256,16,240,256,0.0625,224,11,0,-0.012737727724015713,245,0.7843581773636571,0.7843581773636571,1.0,0.6666666666666666,0.9166666666666666,0.7272727272727273
msmarco-passage-trec-dl-2020,1105792,candidate-safe,512,16,496,512,0.03125,480,11,0,-0.012737727724015713,501,0.7843581773636571,0.7843581773636571,1.0,0.6666666666666666,0.9166666666666666,0.7272727272727273
msmarco-passage-trec-dl-2020,1105792,candidate-safe,1024,16,1008,1024,0.015625,992,11,0,-0.012737727724015713,1013,0.7843581773636571,0.7843581773636571,1.0,0.6666666666666666,0.9166666666666666,0.7272727272727273
msmarco-passage-trec-dl-2020,1105792,candidate-safe,2048,16,2032,2048,0.0078125,2016,11,0,-0.012737727724015713,2037,0.7843581773636571,0.7843581773636571,1.0,0.6666666666666666,0.9166666666666666,0.7272727272727273
msmarco-passage-trec-dl-2020,1105792,candidate-safe,4096,16,4080,4096,0.00390625,4064,11,0,-0.012737727724015713,4085,0.7843581773636571,0.7843581773636571,1.0,0.6666666666666666,0.9166666666666666,0.7272727272727273
msmarco-passage-trec-dl-2020,1105792,candidate-safe,8192,3192,5000,8192,0.3896484375,1808,15,0,-0.00011188536882400513,8163,0.7843581773636571,0.7843581773636571,1.0,0.75,0.9166666666666666,0.8181818181818182
msmarco-passage-trec-dl-2020,1105792,candidate-safe,10000,5000,5000,10000,0.5,0,15,0,-2.010725438594818e-06,9964,0.7843581773636571,0.7843581773636571,1.0,0.75,0.9166666666666666,0.8181818181818182
msmarco-passage-trec-dl-2020,1105792,pressure,128,64,64,128,0.5,0,11,0,-0.0076443469151854515,117,0.7843581773636571,0.7843581773636571,1.0,0.6666666666666666,0.9166666666666666,0.7272727272727273
msmarco-passage-trec-dl-2020,1105792,pressure,256,128,128,256,0.5,0,12,0,-0.004898981191217899,244,0.7843581773636571,0.7843581773636571,1.0,0.6666666666666666,0.9166666666666666,0.7272727272727273
msmarco-passage-trec-dl-2020,1105792,pressure,512,256,256,512,0.5,0,13,0,-0.0027443887665867805,499,0.7843581773636571,0.7843581773636571,1.0,0.75,0.9166666666666666,0.8181818181818182
msmarco-passage-trec-dl-2020,1105792,pressure,1024,496,528,1024,0.484375,32,13,0,-0.0012805117294192314,1011,0.7843581773636571,0.7843581773636571,1.0,0.75,0.9166666666666666,0.8181818181818182
msmarco-passage-trec-dl-2020,1105792,pressure,2048,832,1216,2048,0.40625,384,13,0,-0.00036353059113025665,2033,0.7843581773636571,0.7843581773636571,1.0,0.75,0.9166666666666666,0.8181818181818182
msmarco-passage-trec-dl-2020,1105792,pressure,4096,1776,2320,4096,0.43359375,544,14,0,-0.0002189604565501213,4078,0.7843581773636571,0.7843581773636571,1.0,0.75,0.9166666666666666,0.8181818181818182
msmarco-passage-trec-dl-2020,1105792,pressure,8192,3280,4912,8192,0.400390625,1632,15,0,-0.00010378379374742508,8164,0.7843581773636571,0.7843581773636571,1.0,0.75,0.9166666666666666,0.8181818181818182
msmarco-passage-trec-dl-2020,1105792,pressure,10000,5000,5000,10000,0.5,0,15,0,-2.010725438594818e-06,9964,0.7843581773636571,0.7843581773636571,1.0,0.75,0.9166666666666666,0.8181818181818182
msmarco-passage-trec-dl-2020,1105792,allocation-grid-oracle,128,96,32,128,0.75,64,11,0,-0.004497934132814407,116,0.7843581773636571,0.7843581773636571,1.0,0.6666666666666666,0.9166666666666666,0.7272727272727273
msmarco-passage-trec-dl-2020,1105792,allocation-grid-oracle,256,128,128,256,0.5,0,12,0,-0.004898981191217899,244,0.7843581773636571,0.7843581773636571,1.0,0.6666666666666666,0.9166666666666666,0.7272727272727273
msmarco-passage-trec-dl-2020,1105792,allocation-grid-oracle,512,240,272,512,0.46875,32,13,0,-0.0025918809697031975,499,0.7843581773636571,0.7843581773636571,1.0,0.75,0.9166666666666666,0.8181818181818182
msmarco-passage-trec-dl-2020,1105792,allocation-grid-oracle,1024,448,576,1024,0.4375,128,13,0,-0.0011521587148308754,1010,0.7843581773636571,0.7843581773636571,1.0,0.75,0.9166666666666666,0.8181818181818182
msmarco-passage-trec-dl-2020,1105792,allocation-grid-oracle,2048,800,1248,2048,0.390625,448,13,0,-0.0003457972779870033,2033,0.7843581773636571,0.7843581773636571,1.0,0.75,0.9166666666666666,0.8181818181818182
msmarco-passage-trec-dl-2020,1105792,allocation-grid-oracle,4096,1632,2464,4096,0.3984375,832,14,0,-0.0001949891448020935,4078,0.7843581773636571,0.7843581773636571,1.0,0.75,0.9166666666666666,0.8181818181818182
msmarco-passage-trec-dl-2020,1105792,allocation-grid-oracle,8192,3272,4920,8192,0.3994140625,1648,15,0,-0.00010450184345245361,8164,0.7843581773636571,0.7843581773636571,1.0,0.75,0.9166666666666666,0.8181818181818182
msmarco-passage-trec-dl-2020,1105792,allocation-grid-oracle,10000,5000,5000,10000,0.5,0,15,0,-2.010725438594818e-06,9964,0.7843581773636571,0.7843581773636571,1.0,0.75,0.9166666666666666,0.8181818181818182
msmarco-passage-trec-dl-2020,1106979,balanced,128,64,64,128,0.5,0,23,0,-0.000652506947517395,99,0.7755467946831901,0.7755467946831901,1.0,0.2878787878787879,0.6666666666666666,0.4318181818181819
msmarco-passage-trec-dl-2020,1106979,balanced,256,128,128,256,0.5,0,30,0,-0.0010541900992393494,218,0.7755467946831901,0.7755467946831901,1.0,0.3181818181818182,0.6666666666666666,0.4772727272727273
msmarco-passage-trec-dl-2020,1106979,balanced,512,256,256,512,0.5,0,33,0,-0.0001814514398574829,456,0.7755467946831901,0.7755467946831901,1.0,0.3484848484848485,0.6666666666666666,0.5227272727272728
msmarco-passage-trec-dl-2020,1106979,balanced,1024,512,512,1024,0.5,0,36,0,-0.00028355978429317474,943,0.7755467946831901,0.7755467946831901,1.0,0.3787878787878788,0.6666666666666666,0.5681818181818182
msmarco-passage-trec-dl-2020,1106979,balanced,2048,1024,1024,2048,0.5,0,39,0,-1.1412426829338074e-05,1919,0.7755467946831901,0.7755467946831901,1.0,0.3939393939393939,0.6666666666666666,0.5909090909090909
msmarco-passage-trec-dl-2020,1106979,balanced,4096,2048,2048,4096,0.5,0,41,0,-0.0003088461235165596,3889,0.7755467946831901,0.7755467946831901,1.0,0.3939393939393939,0.6666666666666666,0.5909090909090909
msmarco-passage-trec-dl-2020,1106979,balanced,8192,4096,4096,8192,0.5,0,56,0,-0.00017768703401088715,7640,0.7755467946831901,0.7755467946831901,1.0,0.5,0.6666666666666666,0.75
msmarco-passage-trec-dl-2020,1106979,balanced,10000,5000,5000,10000,0.5,0,56,0,-0.0001346999779343605,9277,0.7755467946831901,0.7755467946831901,1.0,0.5,0.6666666666666666,0.75
msmarco-passage-trec-dl-2020,1106979,blocker,128,80,48,128,0.625,32,23,0,-0.00017501041293144226,99,0.7755467946831901,0.7755467946831901,1.0,0.2878787878787879,0.6666666666666666,0.4318181818181819
msmarco-passage-trec-dl-2020,1106979,blocker,256,176,80,256,0.6875,96,30,0,-0.0003890451043844223,220,0.7755467946831901,0.7755467946831901,1.0,0.3181818181818182,0.6666666666666666,0.4772727272727273
msmarco-passage-trec-dl-2020,1106979,blocker,512,368,144,512,0.71875,224,34,0,-0.00011084601283073425,460,0.7755467946831901,0.7755467946831901,1.0,0.3484848484848485,0.6666666666666666,0.5227272727272728
msmarco-passage-trec-dl-2020,1106979,blocker,1024,832,192,1024,0.8125,640,39,0,-0.00020997878164052963,957,0.7755467946831901,0.7755467946831901,1.0,0.3939393939393939,0.6666666666666666,0.5909090909090909
msmarco-passage-trec-dl-2020,1106979,blocker,2048,1808,240,2048,0.8828125,1568,41,0,-0.00036979466676712036,1969,0.7755467946831901,0.7755467946831901,1.0,0.3939393939393939,0.6666666666666666,0.5909090909090909
msmarco-passage-trec-dl-2020,1106979,blocker,4096,3344,752,4096,0.81640625,2592,50,0,-3.2057054340839386e-05,3904,0.7755467946831901,0.7755467946831901,1.0,0.4696969696969697,0.6666666666666666,0.7045454545454546
msmarco-passage-trec-dl-2020,1106979,blocker,8192,3344,4848,8192,0.408203125,1504,56,0,-0.00014082062989473343,7627,0.7755467946831901,0.7755467946831901,1.0,0.5,0.6666666666666666,0.75
msmarco-passage-trec-dl-2020,1106979,blocker,10000,5000,5000,10000,0.5,0,56,0,-0.0001346999779343605,9277,0.7755467946831901,0.7755467946831901,1.0,0.5,0.6666666666666666,0.75
msmarco-passage-trec-dl-2020,1106979,candidate,128,80,48,128,0.625,32,23,0,-0.00017501041293144226,99,0.7755467946831901,0.7755467946831901,1.0,0.2878787878787879,0.6666666666666666,0.4318181818181819
msmarco-passage-trec-dl-2020,1106979,candidate,256,176,80,256,0.6875,96,30,0,-0.0003890451043844223,220,0.7755467946831901,0.7755467946831901,1.0,0.3181818181818182,0.6666666666666666,0.4772727272727273
msmarco-passage-trec-dl-2020,1106979,candidate,512,368,144,512,0.71875,224,34,0,-0.00011084601283073425,460,0.7755467946831901,0.7755467946831901,1.0,0.3484848484848485,0.6666666666666666,0.5227272727272728
msmarco-passage-trec-dl-2020,1106979,candidate,1024,832,192,1024,0.8125,640,39,0,-0.00020997878164052963,957,0.7755467946831901,0.7755467946831901,1.0,0.3939393939393939,0.6666666666666666,0.5909090909090909
msmarco-passage-trec-dl-2020,1106979,candidate,2048,1808,240,2048,0.8828125,1568,41,0,-0.00036979466676712036,1969,0.7755467946831901,0.7755467946831901,1.0,0.3939393939393939,0.6666666666666666,0.5909090909090909
msmarco-passage-trec-dl-2020,1106979,candidate,4096,3344,752,4096,0.81640625,2592,50,0,-3.2057054340839386e-05,3904,0.7755467946831901,0.7755467946831901,1.0,0.4696969696969697,0.6666666666666666,0.7045454545454546
msmarco-passage-trec-dl-2020,1106979,candidate,8192,3344,4848,8192,0.408203125,1504,56,0,-0.00014082062989473343,7627,0.7755467946831901,0.7755467946831901,1.0,0.5,0.6666666666666666,0.75
msmarco-passage-trec-dl-2020,1106979,candidate,10000,5000,5000,10000,0.5,0,56,0,-0.0001346999779343605,9277,0.7755467946831901,0.7755467946831901,1.0,0.5,0.6666666666666666,0.75
msmarco-passage-trec-dl-2020,1106979,candidate-safe,128,80,48,128,0.625,32,23,0,-0.00017501041293144226,99,0.7755467946831901,0.7755467946831901,1.0,0.2878787878787879,0.6666666666666666,0.4318181818181819
msmarco-passage-trec-dl-2020,1106979,candidate-safe,256,176,80,256,0.6875,96,30,0,-0.0003890451043844223,220,0.7755467946831901,0.7755467946831901,1.0,0.3181818181818182,0.6666666666666666,0.4772727272727273
msmarco-passage-trec-dl-2020,1106979,candidate-safe,512,368,144,512,0.71875,224,34,0,-0.00011084601283073425,460,0.7755467946831901,0.7755467946831901,1.0,0.3484848484848485,0.6666666666666666,0.5227272727272728
msmarco-passage-trec-dl-2020,1106979,candidate-safe,1024,832,192,1024,0.8125,640,39,0,-0.00020997878164052963,957,0.7755467946831901,0.7755467946831901,1.0,0.3939393939393939,0.6666666666666666,0.5909090909090909
msmarco-passage-trec-dl-2020,1106979,candidate-safe,2048,1808,240,2048,0.8828125,1568,41,0,-0.00036979466676712036,1969,0.7755467946831901,0.7755467946831901,1.0,0.3939393939393939,0.6666666666666666,0.5909090909090909
msmarco-passage-trec-dl-2020,1106979,candidate-safe,4096,3344,752,4096,0.81640625,2592,50,0,-3.2057054340839386e-05,3904,0.7755467946831901,0.7755467946831901,1.0,0.4696969696969697,0.6666666666666666,0.7045454545454546
msmarco-passage-trec-dl-2020,1106979,candidate-safe,8192,3344,4848,8192,0.408203125,1504,56,0,-0.00014082062989473343,7627,0.7755467946831901,0.7755467946831901,1.0,0.5,0.6666666666666666,0.75
msmarco-passage-trec-dl-2020,1106979,candidate-safe,10000,5000,5000,10000,0.5,0,56,0,-0.0001346999779343605,9277,0.7755467946831901,0.7755467946831901,1.0,0.5,0.6666666666666666,0.75
msmarco-passage-trec-dl-2020,1106979,pressure,128,80,48,128,0.625,32,23,0,-0.00017501041293144226,99,0.7755467946831901,0.7755467946831901,1.0,0.2878787878787879,0.6666666666666666,0.4318181818181819
msmarco-passage-trec-dl-2020,1106979,pressure,256,160,96,256,0.625,64,30,0,-0.0002804957330226898,217,0.7755467946831901,0.7755467946831901,1.0,0.3181818181818182,0.6666666666666666,0.4772727272727273
msmarco-passage-trec-dl-2020,1106979,pressure,512,368,144,512,0.71875,224,34,0,-0.00011084601283073425,460,0.7755467946831901,0.7755467946831901,1.0,0.3484848484848485,0.6666666666666666,0.5227272727272728
msmarco-passage-trec-dl-2020,1106979,pressure,1024,832,192,1024,0.8125,640,39,0,-0.00020997878164052963,957,0.7755467946831901,0.7755467946831901,1.0,0.3939393939393939,0.6666666666666666,0.5909090909090909
msmarco-passage-trec-dl-2020,1106979,pressure,2048,1776,272,2048,0.8671875,1504,41,0,-0.00037912558764219284,1964,0.7755467946831901,0.7755467946831901,1.0,0.3939393939393939,0.6666666666666666,0.5909090909090909
msmarco-passage-trec-dl-2020,1106979,pressure,4096,3344,752,4096,0.81640625,2592,50,0,-3.2057054340839386e-05,3904,0.7755467946831901,0.7755467946831901,1.0,0.4696969696969697,0.6666666666666666,0.7045454545454546
msmarco-passage-trec-dl-2020,1106979,pressure,8192,3344,4848,8192,0.408203125,1504,56,0,-0.00014082062989473343,7627,0.7755467946831901,0.7755467946831901,1.0,0.5,0.6666666666666666,0.75
msmarco-passage-trec-dl-2020,1106979,pressure,10000,5000,5000,10000,0.5,0,56,0,-0.0001346999779343605,9277,0.7755467946831901,0.7755467946831901,1.0,0.5,0.6666666666666666,0.75
msmarco-passage-trec-dl-2020,1106979,allocation-grid-oracle,128,80,48,128,0.625,32,23,0,-0.00017501041293144226,99,0.7755467946831901,0.7755467946831901,1.0,0.2878787878787879,0.6666666666666666,0.4318181818181819
msmarco-passage-trec-dl-2020,1106979,allocation-grid-oracle,256,160,96,256,0.625,64,30,0,-0.0002804957330226898,217,0.7755467946831901,0.7755467946831901,1.0,0.3181818181818182,0.6666666666666666,0.4772727272727273
msmarco-passage-trec-dl-2020,1106979,allocation-grid-oracle,512,368,144,512,0.71875,224,34,0,-0.00011084601283073425,460,0.7755467946831901,0.7755467946831901,1.0,0.3484848484848485,0.6666666666666666,0.5227272727272728
msmarco-passage-trec-dl-2020,1106979,allocation-grid-oracle,1024,832,192,1024,0.8125,640,39,0,-0.00020997878164052963,957,0.7755467946831901,0.7755467946831901,1.0,0.3939393939393939,0.6666666666666666,0.5909090909090909
msmarco-passage-trec-dl-2020,1106979,allocation-grid-oracle,2048,1808,240,2048,0.8828125,1568,41,0,-0.00036979466676712036,1969,0.7755467946831901,0.7755467946831901,1.0,0.3939393939393939,0.6666666666666666,0.5909090909090909
msmarco-passage-trec-dl-2020,1106979,allocation-grid-oracle,4096,3344,752,4096,0.81640625,2592,50,0,-3.2057054340839386e-05,3904,0.7755467946831901,0.7755467946831901,1.0,0.4696969696969697,0.6666666666666666,0.7045454545454546
msmarco-passage-trec-dl-2020,1106979,allocation-grid-oracle,8192,3352,4840,8192,0.4091796875,1488,56,0,-0.00014115311205387115,7625,0.7755467946831901,0.7755467946831901,1.0,0.5,0.6666666666666666,0.75
msmarco-passage-trec-dl-2020,1106979,allocation-grid-oracle,10000,5000,5000,10000,0.5,0,56,0,-0.0001346999779343605,9277,0.7755467946831901,0.7755467946831901,1.0,0.5,0.6666666666666666,0.75
msmarco-passage-trec-dl-2020,1108651,balanced,128,64,64,128,0.5,0,3,0,-0.0006347894668579102,123,0.24890832702259463,0.5008186156509733,0.49700294526604005,0.017391304347826087,0.25217391304347825,0.06896551724137931
msmarco-passage-trec-dl-2020,1108651,balanced,256,128,128,256,0.5,0,6,0,-0.00023349933326244354,241,0.33946989852150156,0.5008186156509733,0.6778300324964005,0.034782608695652174,0.25217391304347825,0.13793103448275862
msmarco-passage-trec-dl-2020,1108651,balanced,512,256,256,512,0.5,0,9,0,-0.0004531554877758026,490,0.49172993162255163,0.5008186156509733,0.9818523438538561,0.06086956521739131,0.25217391304347825,0.2413793103448276
msmarco-passage-trec-dl-2020,1108651,balanced,1024,512,512,1024,0.5,0,14,0,-3.645941615104675e-05,976,0.5008186156509733,0.5008186156509733,1.0,0.09565217391304348,0.25217391304347825,0.37931034482758624
msmarco-passage-trec-dl-2020,1108651,balanced,2048,1024,1024,2048,0.5,0,20,0,-0.0001403260976076126,1955,0.5008186156509733,0.5008186156509733,1.0,0.12173913043478261,0.25217391304347825,0.4827586206896552
msmarco-passage-trec-dl-2020,1108651,balanced,4096,2048,2048,4096,0.5,0,21,0,-0.0001561492681503296,3891,0.5008186156509733,0.5008186156509733,1.0,0.13043478260869565,0.25217391304347825,0.5172413793103449
msmarco-passage-trec-dl-2020,1108651,balanced,8192,4096,4096,8192,0.5,0,26,0,-2.7487054467201233e-05,7777,0.5008186156509733,0.5008186156509733,1.0,0.1391304347826087,0.25217391304347825,0.5517241379310345
msmarco-passage-trec-dl-2020,1108651,balanced,10000,5000,5000,10000,0.5,0,27,0,-3.220699727535248e-05,9510,0.5008186156509733,0.5008186156509733,1.0,0.1391304347826087,0.25217391304347825,0.5517241379310345
msmarco-passage-trec-dl-2020,1108651,blocker,128,64,64,128,0.5,0,3,0,-0.0006347894668579102,123,0.24890832702259463,0.5008186156509733,0.49700294526604005,0.017391304347826087,0.25217391304347825,0.06896551724137931
msmarco-passage-trec-dl-2020,1108651,blocker,256,128,128,256,0.5,0,6,0,-0.00023349933326244354,241,0.33946989852150156,0.5008186156509733,0.6778300324964005,0.034782608695652174,0.25217391304347825,0.13793103448275862
msmarco-passage-trec-dl-2020,1108651,blocker,512,272,240,512,0.53125,32,9,0,-0.000576389953494072,491,0.49172993162255163,0.5008186156509733,0.9818523438538561,0.06086956521739131,0.25217391304347825,0.2413793103448276
msmarco-passage-trec-dl-2020,1108651,blocker,1024,560,464,1024,0.546875,96,15,0,-0.0002286713570356369,976,0.5008186156509733,0.5008186156509733,1.0,0.09565217391304348,0.25217391304347825,0.37931034482758624
msmarco-passage-trec-dl-2020,1108651,blocker,2048,1280,768,2048,0.625,512,21,0,-0.0004982519894838333,1952,0.5008186156509733,0.5008186156509733,1.0,0.13043478260869565,0.25217391304347825,0.5172413793103449
msmarco-passage-trec-dl-2020,1108651,blocker,4096,3088,1008,4096,0.75390625,2080,22,0,-0.00021482817828655243,3932,0.5008186156509733,0.5008186156509733,1.0,0.13043478260869565,0.25217391304347825,0.5172413793103449
msmarco-passage-trec-dl-2020,1108651,blocker,8192,3952,4240,8192,0.482421875,288,26,0,-3.612414002418518e-05,7781,0.5008186156509733,0.5008186156509733,1.0,0.1391304347826087,0.25217391304347825,0.5517241379310345
msmarco-passage-trec-dl-2020,1108651,blocker,10000,5000,5000,10000,0.5,0,27,0,-3.220699727535248e-05,9510,0.5008186156509733,0.5008186156509733,1.0,0.1391304347826087,0.25217391304347825,0.5517241379310345
msmarco-passage-trec-dl-2020,1108651,candidate,128,64,64,128,0.5,0,3,0,-0.0006347894668579102,123,0.24890832702259463,0.5008186156509733,0.49700294526604005,0.017391304347826087,0.25217391304347825,0.06896551724137931
msmarco-passage-trec-dl-2020,1108651,candidate,256,128,128,256,0.5,0,6,0,-0.00023349933326244354,241,0.33946989852150156,0.5008186156509733,0.6778300324964005,0.034782608695652174,0.25217391304347825,0.13793103448275862
msmarco-passage-trec-dl-2020,1108651,candidate,512,272,240,512,0.53125,32,9,0,-0.000576389953494072,491,0.49172993162255163,0.5008186156509733,0.9818523438538561,0.06086956521739131,0.25217391304347825,0.2413793103448276
msmarco-passage-trec-dl-2020,1108651,candidate,1024,560,464,1024,0.546875,96,15,0,-0.0002286713570356369,976,0.5008186156509733,0.5008186156509733,1.0,0.09565217391304348,0.25217391304347825,0.37931034482758624
msmarco-passage-trec-dl-2020,1108651,candidate,2048,1440,608,2048,0.703125,832,21,0,-0.000775504857301712,1966,0.5008186156509733,0.5008186156509733,1.0,0.13043478260869565,0.25217391304347825,0.5172413793103449
msmarco-passage-trec-dl-2020,1108651,candidate,4096,3184,912,4096,0.77734375,2272,22,0,-0.000307304784655571,3933,0.5008186156509733,0.5008186156509733,1.0,0.13043478260869565,0.25217391304347825,0.5172413793103449
msmarco-passage-trec-dl-2020,1108651,candidate,8192,5000,3192,8192,0.6103515625,1808,26,0,-9.43746417760849e-05,7803,0.5008186156509733,0.5008186156509733,1.0,0.1391304347826087,0.25217391304347825,0.5517241379310345
msmarco-passage-trec-dl-2020,1108651,candidate,10000,5000,5000,10000,0.5,0,27,0,-3.220699727535248e-05,9510,0.5008186156509733,0.5008186156509733,1.0,0.1391304347826087,0.25217391304347825,0.5517241379310345
msmarco-passage-trec-dl-2020,1108651,candidate-safe,128,64,64,128,0.5,0,3,0,-0.0006347894668579102,123,0.24890832702259463,0.5008186156509733,0.49700294526604005,0.017391304347826087,0.25217391304347825,0.06896551724137931
msmarco-passage-trec-dl-2020,1108651,candidate-safe,256,128,128,256,0.5,0,6,0,-0.00023349933326244354,241,0.33946989852150156,0.5008186156509733,0.6778300324964005,0.034782608695652174,0.25217391304347825,0.13793103448275862
msmarco-passage-trec-dl-2020,1108651,candidate-safe,512,272,240,512,0.53125,32,9,0,-0.000576389953494072,491,0.49172993162255163,0.5008186156509733,0.9818523438538561,0.06086956521739131,0.25217391304347825,0.2413793103448276
msmarco-passage-trec-dl-2020,1108651,candidate-safe,1024,560,464,1024,0.546875,96,15,0,-0.0002286713570356369,976,0.5008186156509733,0.5008186156509733,1.0,0.09565217391304348,0.25217391304347825,0.37931034482758624
msmarco-passage-trec-dl-2020,1108651,candidate-safe,2048,1440,608,2048,0.703125,832,21,0,-0.000775504857301712,1966,0.5008186156509733,0.5008186156509733,1.0,0.13043478260869565,0.25217391304347825,0.5172413793103449
msmarco-passage-trec-dl-2020,1108651,candidate-safe,4096,3184,912,4096,0.77734375,2272,22,0,-0.000307304784655571,3933,0.5008186156509733,0.5008186156509733,1.0,0.13043478260869565,0.25217391304347825,0.5172413793103449
msmarco-passage-trec-dl-2020,1108651,candidate-safe,8192,5000,3192,8192,0.6103515625,1808,26,0,-9.43746417760849e-05,7803,0.5008186156509733,0.5008186156509733,1.0,0.1391304347826087,0.25217391304347825,0.5517241379310345
msmarco-passage-trec-dl-2020,1108651,candidate-safe,10000,5000,5000,10000,0.5,0,27,0,-3.220699727535248e-05,9510,0.5008186156509733,0.5008186156509733,1.0,0.1391304347826087,0.25217391304347825,0.5517241379310345
msmarco-passage-trec-dl-2020,1108651,pressure,128,64,64,128,0.5,0,3,0,-0.0006347894668579102,123,0.24890832702259463,0.5008186156509733,0.49700294526604005,0.017391304347826087,0.25217391304347825,0.06896551724137931
msmarco-passage-trec-dl-2020,1108651,pressure,256,128,128,256,0.5,0,6,0,-0.00023349933326244354,241,0.33946989852150156,0.5008186156509733,0.6778300324964005,0.034782608695652174,0.25217391304347825,0.13793103448275862
msmarco-passage-trec-dl-2020,1108651,pressure,512,272,240,512,0.53125,32,9,0,-0.000576389953494072,491,0.49172993162255163,0.5008186156509733,0.9818523438538561,0.06086956521739131,0.25217391304347825,0.2413793103448276
msmarco-passage-trec-dl-2020,1108651,pressure,1024,544,480,1024,0.53125,64,15,0,-0.00023191794753074646,975,0.5008186156509733,0.5008186156509733,1.0,0.09565217391304348,0.25217391304347825,0.37931034482758624
msmarco-passage-trec-dl-2020,1108651,pressure,2048,1232,816,2048,0.6015625,416,21,0,-0.0005259774625301361,1951,0.5008186156509733,0.5008186156509733,1.0,0.13043478260869565,0.25217391304347825,0.5172413793103449
msmarco-passage-trec-dl-2020,1108651,pressure,4096,2912,1184,4096,0.7109375,1728,21,0,-1.823902130126953e-05,3918,0.5008186156509733,0.5008186156509733,1.0,0.13043478260869565,0.25217391304347825,0.5172413793103449
msmarco-passage-trec-dl-2020,1108651,pressure,8192,3952,4240,8192,0.482421875,288,26,0,-3.612414002418518e-05,7781,0.5008186156509733,0.5008186156509733,1.0,0.1391304347826087,0.25217391304347825,0.5517241379310345
msmarco-passage-trec-dl-2020,1108651,pressure,10000,5000,5000,10000,0.5,0,27,0,-3.220699727535248e-05,9510,0.5008186156509733,0.5008186156509733,1.0,0.1391304347826087,0.25217391304347825,0.5517241379310345
msmarco-passage-trec-dl-2020,1108651,allocation-grid-oracle,128,64,64,128,0.5,0,3,0,-0.0006347894668579102,123,0.24890832702259463,0.5008186156509733,0.49700294526604005,0.017391304347826087,0.25217391304347825,0.06896551724137931
msmarco-passage-trec-dl-2020,1108651,allocation-grid-oracle,256,128,128,256,0.5,0,6,0,-0.00023349933326244354,241,0.33946989852150156,0.5008186156509733,0.6778300324964005,0.034782608695652174,0.25217391304347825,0.13793103448275862
msmarco-passage-trec-dl-2020,1108651,allocation-grid-oracle,512,256,256,512,0.5,0,9,0,-0.0004531554877758026,490,0.49172993162255163,0.5008186156509733,0.9818523438538561,0.06086956521739131,0.25217391304347825,0.2413793103448276
msmarco-passage-trec-dl-2020,1108651,allocation-grid-oracle,1024,560,464,1024,0.546875,96,15,0,-0.0002286713570356369,976,0.5008186156509733,0.5008186156509733,1.0,0.09565217391304348,0.25217391304347825,0.37931034482758624
msmarco-passage-trec-dl-2020,1108651,allocation-grid-oracle,2048,1280,768,2048,0.625,512,21,0,-0.0004982519894838333,1952,0.5008186156509733,0.5008186156509733,1.0,0.13043478260869565,0.25217391304347825,0.5172413793103449
msmarco-passage-trec-dl-2020,1108651,allocation-grid-oracle,4096,3088,1008,4096,0.75390625,2080,22,0,-0.00021482817828655243,3932,0.5008186156509733,0.5008186156509733,1.0,0.13043478260869565,0.25217391304347825,0.5172413793103449
msmarco-passage-trec-dl-2020,1108651,allocation-grid-oracle,8192,4096,4096,8192,0.5,0,26,0,-2.7487054467201233e-05,7777,0.5008186156509733,0.5008186156509733,1.0,0.1391304347826087,0.25217391304347825,0.5517241379310345
msmarco-passage-trec-dl-2020,1108651,allocation-grid-oracle,10000,5000,5000,10000,0.5,0,27,0,-3.220699727535248e-05,9510,0.5008186156509733,0.5008186156509733,1.0,0.1391304347826087,0.25217391304347825,0.5517241379310345
msmarco-passage-trec-dl-2020,1109707,balanced,128,64,64,128,0.5,0,3,0,-0.0013487134128808975,122,0.3267667635934779,0.5742260033246084,0.5690560192356137,0.01875,0.3,0.0625
msmarco-passage-trec-dl-2020,1109707,balanced,256,128,128,256,0.5,0,6,0,-0.00038823485374450684,238,0.4692447882349627,0.5742260033246084,0.817177880343569,0.0375,0.3,0.125
msmarco-passage-trec-dl-2020,1109707,balanced,512,256,256,512,0.5,0,22,0,-0.00032902322709560394,454,0.5742260033246084,0.5742260033246084,1.0,0.1125,0.3,0.375
msmarco-passage-trec-dl-2020,1109707,balanced,1024,512,512,1024,0.5,0,28,0,-5.232170224189758e-05,878,0.5742260033246084,0.5742260033246084,1.0,0.1375,0.3,0.45833333333333337
msmarco-passage-trec-dl-2020,1109707,balanced,2048,1024,1024,2048,0.5,0,38,0,-3.007054328918457e-05,1668,0.5742260033246084,0.5742260033246084,1.0,0.175,0.3,0.5833333333333334
msmarco-passage-trec-dl-2020,1109707,balanced,4096,2048,2048,4096,0.5,0,59,0,-6.275065243244171e-05,3226,0.5742260033246084,0.5742260033246084,1.0,0.2375,0.3,0.7916666666666666
msmarco-passage-trec-dl-2020,1109707,balanced,8192,4096,4096,8192,0.5,0,62,0,-1.085922122001648e-05,6293,0.5742260033246084,0.5742260033246084,1.0,0.2375,0.3,0.7916666666666666
msmarco-passage-trec-dl-2020,1109707,balanced,10000,5000,5000,10000,0.5,0,63,0,-2.950243651866913e-05,7742,0.5742260033246084,0.5742260033246084,1.0,0.2375,0.3,0.7916666666666666
msmarco-passage-trec-dl-2020,1109707,blocker,128,64,64,128,0.5,0,3,0,-0.0013487134128808975,122,0.3267667635934779,0.5742260033246084,0.5690560192356137,0.01875,0.3,0.0625
msmarco-passage-trec-dl-2020,1109707,blocker,256,128,128,256,0.5,0,6,0,-0.00038823485374450684,238,0.4692447882349627,0.5742260033246084,0.817177880343569,0.0375,0.3,0.125
msmarco-passage-trec-dl-2020,1109707,blocker,512,240,272,512,0.46875,32,22,0,-0.0002574138343334198,455,0.5742260033246084,0.5742260033246084,1.0,0.1125,0.3,0.375
msmarco-passage-trec-dl-2020,1109707,blocker,1024,544,480,1024,0.53125,64,29,0,-0.00037923455238342285,876,0.5742260033246084,0.5742260033246084,1.0,0.14375,0.3,0.47916666666666663
msmarco-passage-trec-dl-2020,1109707,blocker,2048,1248,800,2048,0.609375,448,41,0,-0.0005782321095466614,1675,0.5742260033246084,0.5742260033246084,1.0,0.18125,0.3,0.6041666666666666
msmarco-passage-trec-dl-2020,1109707,blocker,4096,2656,1440,4096,0.6484375,1216,60,0,-6.398092955350876e-05,3303,0.5742260033246084,0.5742260033246084,1.0,0.2375,0.3,0.7916666666666666
msmarco-passage-trec-dl-2020,1109707,blocker,8192,5000,3192,8192,0.6103515625,1808,63,0,-2.950243651866913e-05,6401,0.5742260033246084,0.5742260033246084,1.0,0.2375,0.3,0.7916666666666666
msmarco-passage-trec-dl-2020,1109707,blocker,10000,5000,5000,10000,0.5,0,63,0,-2.950243651866913e-05,7742,0.5742260033246084,0.5742260033246084,1.0,0.2375,0.3,0.7916666666666666
msmarco-passage-trec-dl-2020,1109707,candidate,128,80,48,128,0.625,32,3,0,-0.0021623335778713226,122,0.3267667635934779,0.5742260033246084,0.5690560192356137,0.01875,0.3,0.0625
msmarco-passage-trec-dl-2020,1109707,candidate,256,128,128,256,0.5,0,6,0,-0.00038823485374450684,238,0.4692447882349627,0.5742260033246084,0.817177880343569,0.0375,0.3,0.125
msmarco-passage-trec-dl-2020,1109707,candidate,512,240,272,512,0.46875,32,22,0,-0.0002574138343334198,455,0.5742260033246084,0.5742260033246084,1.0,0.1125,0.3,0.375
msmarco-passage-trec-dl-2020,1109707,candidate,1024,544,480,1024,0.53125,64,29,0,-0.00037923455238342285,876,0.5742260033246084,0.5742260033246084,1.0,0.14375,0.3,0.47916666666666663
msmarco-passage-trec-dl-2020,1109707,candidate,2048,1248,800,2048,0.609375,448,41,0,-0.0005782321095466614,1675,0.5742260033246084,0.5742260033246084,1.0,0.18125,0.3,0.6041666666666666
msmarco-passage-trec-dl-2020,1109707,candidate,4096,2656,1440,4096,0.6484375,1216,60,0,-6.398092955350876e-05,3303,0.5742260033246084,0.5742260033246084,1.0,0.2375,0.3,0.7916666666666666
msmarco-passage-trec-dl-2020,1109707,candidate,8192,5000,3192,8192,0.6103515625,1808,63,0,-2.950243651866913e-05,6401,0.5742260033246084,0.5742260033246084,1.0,0.2375,0.3,0.7916666666666666
msmarco-passage-trec-dl-2020,1109707,candidate,10000,5000,5000,10000,0.5,0,63,0,-2.950243651866913e-05,7742,0.5742260033246084,0.5742260033246084,1.0,0.2375,0.3,0.7916666666666666
msmarco-passage-trec-dl-2020,1109707,candidate-safe,128,80,48,128,0.625,32,3,0,-0.0021623335778713226,122,0.3267667635934779,0.5742260033246084,0.5690560192356137,0.01875,0.3,0.0625
msmarco-passage-trec-dl-2020,1109707,candidate-safe,256,128,128,256,0.5,0,6,0,-0.00038823485374450684,238,0.4692447882349627,0.5742260033246084,0.817177880343569,0.0375,0.3,0.125
msmarco-passage-trec-dl-2020,1109707,candidate-safe,512,240,272,512,0.46875,32,22,0,-0.0002574138343334198,455,0.5742260033246084,0.5742260033246084,1.0,0.1125,0.3,0.375
msmarco-passage-trec-dl-2020,1109707,candidate-safe,1024,544,480,1024,0.53125,64,29,0,-0.00037923455238342285,876,0.5742260033246084,0.5742260033246084,1.0,0.14375,0.3,0.47916666666666663
msmarco-passage-trec-dl-2020,1109707,candidate-safe,2048,1248,800,2048,0.609375,448,41,0,-0.0005782321095466614,1675,0.5742260033246084,0.5742260033246084,1.0,0.18125,0.3,0.6041666666666666
msmarco-passage-trec-dl-2020,1109707,candidate-safe,4096,2656,1440,4096,0.6484375,1216,60,0,-6.398092955350876e-05,3303,0.5742260033246084,0.5742260033246084,1.0,0.2375,0.3,0.7916666666666666
msmarco-passage-trec-dl-2020,1109707,candidate-safe,8192,5000,3192,8192,0.6103515625,1808,63,0,-2.950243651866913e-05,6401,0.5742260033246084,0.5742260033246084,1.0,0.2375,0.3,0.7916666666666666
msmarco-passage-trec-dl-2020,1109707,candidate-safe,10000,5000,5000,10000,0.5,0,63,0,-2.950243651866913e-05,7742,0.5742260033246084,0.5742260033246084,1.0,0.2375,0.3,0.7916666666666666
msmarco-passage-trec-dl-2020,1109707,pressure,128,64,64,128,0.5,0,3,0,-0.0013487134128808975,122,0.3267667635934779,0.5742260033246084,0.5690560192356137,0.01875,0.3,0.0625
msmarco-passage-trec-dl-2020,1109707,pressure,256,128,128,256,0.5,0,6,0,-0.00038823485374450684,238,0.4692447882349627,0.5742260033246084,0.817177880343569,0.0375,0.3,0.125
msmarco-passage-trec-dl-2020,1109707,pressure,512,256,256,512,0.5,0,22,0,-0.00032902322709560394,454,0.5742260033246084,0.5742260033246084,1.0,0.1125,0.3,0.375
msmarco-passage-trec-dl-2020,1109707,pressure,1024,544,480,1024,0.53125,64,29,0,-0.00037923455238342285,876,0.5742260033246084,0.5742260033246084,1.0,0.14375,0.3,0.47916666666666663
msmarco-passage-trec-dl-2020,1109707,pressure,2048,1248,800,2048,0.609375,448,41,0,-0.0005782321095466614,1675,0.5742260033246084,0.5742260033246084,1.0,0.18125,0.3,0.6041666666666666
msmarco-passage-trec-dl-2020,1109707,pressure,4096,2512,1584,4096,0.61328125,928,60,0,-8.459482342004776e-05,3266,0.5742260033246084,0.5742260033246084,1.0,0.2375,0.3,0.7916666666666666
msmarco-passage-trec-dl-2020,1109707,pressure,8192,5000,3192,8192,0.6103515625,1808,63,0,-2.950243651866913e-05,6401,0.5742260033246084,0.5742260033246084,1.0,0.2375,0.3,0.7916666666666666
msmarco-passage-trec-dl-2020,1109707,pressure,10000,5000,5000,10000,0.5,0,63,0,-2.950243651866913e-05,7742,0.5742260033246084,0.5742260033246084,1.0,0.2375,0.3,0.7916666666666666
msmarco-passage-trec-dl-2020,1109707,allocation-grid-oracle,128,64,64,128,0.5,0,3,0,-0.0013487134128808975,122,0.3267667635934779,0.5742260033246084,0.5690560192356137,0.01875,0.3,0.0625
msmarco-passage-trec-dl-2020,1109707,allocation-grid-oracle,256,128,128,256,0.5,0,6,0,-0.00038823485374450684,238,0.4692447882349627,0.5742260033246084,0.817177880343569,0.0375,0.3,0.125
msmarco-passage-trec-dl-2020,1109707,allocation-grid-oracle,512,240,272,512,0.46875,32,22,0,-0.0002574138343334198,455,0.5742260033246084,0.5742260033246084,1.0,0.1125,0.3,0.375
msmarco-passage-trec-dl-2020,1109707,allocation-grid-oracle,1024,544,480,1024,0.53125,64,29,0,-0.00037923455238342285,876,0.5742260033246084,0.5742260033246084,1.0,0.14375,0.3,0.47916666666666663
msmarco-passage-trec-dl-2020,1109707,allocation-grid-oracle,2048,1248,800,2048,0.609375,448,41,0,-0.0005782321095466614,1675,0.5742260033246084,0.5742260033246084,1.0,0.18125,0.3,0.6041666666666666
msmarco-passage-trec-dl-2020,1109707,allocation-grid-oracle,4096,2656,1440,4096,0.6484375,1216,60,0,-6.398092955350876e-05,3303,0.5742260033246084,0.5742260033246084,1.0,0.2375,0.3,0.7916666666666666
msmarco-passage-trec-dl-2020,1109707,allocation-grid-oracle,8192,5000,3192,8192,0.6103515625,1808,63,0,-2.950243651866913e-05,6401,0.5742260033246084,0.5742260033246084,1.0,0.2375,0.3,0.7916666666666666
msmarco-passage-trec-dl-2020,1109707,allocation-grid-oracle,10000,5000,5000,10000,0.5,0,63,0,-2.950243651866913e-05,7742,0.5742260033246084,0.5742260033246084,1.0,0.2375,0.3,0.7916666666666666
msmarco-passage-trec-dl-2020,1110678,balanced,128,64,64,128,0.5,0,3,0,-0.0028843358159065247,122,0.22043860785019317,0.3941142141603877,0.5593267127393787,0.03614457831325301,0.40963855421686746,0.08823529411764706
msmarco-passage-trec-dl-2020,1110678,balanced,256,128,128,256,0.5,0,7,0,-0.00014396198093891144,242,0.3941142141603877,0.3941142141603877,1.0,0.060240963855421686,0.40963855421686746,0.14705882352941177
msmarco-passage-trec-dl-2020,1110678,balanced,512,256,256,512,0.5,0,9,0,-0.00011278130114078522,486,0.3941142141603877,0.3941142141603877,1.0,0.060240963855421686,0.40963855421686746,0.14705882352941177
msmarco-passage-trec-dl-2020,1110678,balanced,1024,512,512,1024,0.5,0,17,0,-4.624947905540466e-06,967,0.3941142141603877,0.3941142141603877,1.0,0.10843373493975904,0.40963855421686746,0.2647058823529412
msmarco-passage-trec-dl-2020,1110678,balanced,2048,1024,1024,2048,0.5,0,22,0,-0.0007030190899968147,1939,0.3941142141603877,0.3941142141603877,1.0,0.14457831325301204,0.40963855421686746,0.35294117647058826
msmarco-passage-trec-dl-2020,1110678,balanced,4096,2048,2048,4096,0.5,0,22,0,-0.0002548927441239357,3822,0.3941142141603877,0.3941142141603877,1.0,0.14457831325301204,0.40963855421686746,0.35294117647058826
msmarco-passage-trec-dl-2020,1110678,balanced,8192,4096,4096,8192,0.5,0,22,0,-2.11251899600029e-05,7602,0.3941142141603877,0.3941142141603877,1.0,0.14457831325301204,0.40963855421686746,0.35294117647058826
msmarco-passage-trec-dl-2020,1110678,balanced,10000,5000,5000,10000,0.5,0,23,0,-6.656814366579056e-05,9274,0.3941142141603877,0.3941142141603877,1.0,0.14457831325301204,0.40963855421686746,0.35294117647058826
msmarco-passage-trec-dl-2020,1110678,blocker,128,64,64,128,0.5,0,3,0,-0.0028843358159065247,122,0.22043860785019317,0.3941142141603877,0.5593267127393787,0.03614457831325301,0.40963855421686746,0.08823529411764706
msmarco-passage-trec-dl-2020,1110678,blocker,256,128,128,256,0.5,0,7,0,-0.00014396198093891144,242,0.3941142141603877,0.3941142141603877,1.0,0.060240963855421686,0.40963855421686746,0.14705882352941177
msmarco-passage-trec-dl-2020,1110678,blocker,512,272,240,512,0.53125,32,9,0,-1.714751124382019e-05,487,0.3941142141603877,0.3941142141603877,1.0,0.060240963855421686,0.40963855421686746,0.14705882352941177
msmarco-passage-trec-dl-2020,1110678,blocker,1024,544,480,1024,0.53125,64,18,0,-0.0005252789705991745,971,0.3941142141603877,0.3941142141603877,1.0,0.10843373493975904,0.40963855421686746,0.2647058823529412
msmarco-passage-trec-dl-2020,1110678,blocker,2048,896,1152,2048,0.4375,256,22,0,-0.0006134063005447388,1938,0.3941142141603877,0.3941142141603877,1.0,0.14457831325301204,0.40963855421686746,0.35294117647058826
msmarco-passage-trec-dl-2020,1110678,blocker,4096,1600,2496,4096,0.390625,896,22,0,-0.000171746127307415,3828,0.3941142141603877,0.3941142141603877,1.0,0.14457831325301204,0.40963855421686746,0.35294117647058826
msmarco-passage-trec-dl-2020,1110678,blocker,8192,3192,5000,8192,0.3896484375,1808,23,0,-6.656814366579056e-05,7616,0.3941142141603877,0.3941142141603877,1.0,0.14457831325301204,0.40963855421686746,0.35294117647058826
msmarco-passage-trec-dl-2020,1110678,blocker,10000,5000,5000,10000,0.5,0,23,0,-6.656814366579056e-05,9274,0.3941142141603877,0.3941142141603877,1.0,0.14457831325301204,0.40963855421686746,0.35294117647058826
msmarco-passage-trec-dl-2020,1110678,candidate,128,48,80,128,0.375,32,3,0,-0.0014102756977081299,121,0.22043860785019317,0.3941142141603877,0.5593267127393787,0.03614457831325301,0.40963855421686746,0.08823529411764706
msmarco-passage-trec-dl-2020,1110678,candidate,256,128,128,256,0.5,0,7,0,-0.00014396198093891144,242,0.3941142141603877,0.3941142141603877,1.0,0.060240963855421686,0.40963855421686746,0.14705882352941177
msmarco-passage-trec-dl-2020,1110678,candidate,512,272,240,512,0.53125,32,9,0,-1.714751124382019e-05,487,0.3941142141603877,0.3941142141603877,1.0,0.060240963855421686,0.40963855421686746,0.14705882352941177
msmarco-passage-trec-dl-2020,1110678,candidate,1024,544,480,1024,0.53125,64,18,0,-0.0005252789705991745,971,0.3941142141603877,0.3941142141603877,1.0,0.10843373493975904,0.40963855421686746,0.2647058823529412
msmarco-passage-trec-dl-2020,1110678,candidate,2048,640,1408,2048,0.3125,768,22,0,-0.0009959517046809196,1937,0.3941142141603877,0.3941142141603877,1.0,0.14457831325301204,0.40963855421686746,0.35294117647058826
msmarco-passage-trec-dl-2020,1110678,candidate,4096,640,3456,4096,0.15625,2816,22,0,-0.0009959517046809196,3904,0.3941142141603877,0.3941142141603877,1.0,0.14457831325301204,0.40963855421686746,0.35294117647058826
msmarco-passage-trec-dl-2020,1110678,candidate,8192,3192,5000,8192,0.3896484375,1808,23,0,-6.656814366579056e-05,7616,0.3941142141603877,0.3941142141603877,1.0,0.14457831325301204,0.40963855421686746,0.35294117647058826
msmarco-passage-trec-dl-2020,1110678,candidate,10000,5000,5000,10000,0.5,0,23,0,-6.656814366579056e-05,9274,0.3941142141603877,0.3941142141603877,1.0,0.14457831325301204,0.40963855421686746,0.35294117647058826
msmarco-passage-trec-dl-2020,1110678,candidate-safe,128,48,80,128,0.375,32,3,0,-0.0014102756977081299,121,0.22043860785019317,0.3941142141603877,0.5593267127393787,0.03614457831325301,0.40963855421686746,0.08823529411764706
msmarco-passage-trec-dl-2020,1110678,candidate-safe,256,128,128,256,0.5,0,7,0,-0.00014396198093891144,242,0.3941142141603877,0.3941142141603877,1.0,0.060240963855421686,0.40963855421686746,0.14705882352941177
msmarco-passage-trec-dl-2020,1110678,candidate-safe,512,272,240,512,0.53125,32,9,0,-1.714751124382019e-05,487,0.3941142141603877,0.3941142141603877,1.0,0.060240963855421686,0.40963855421686746,0.14705882352941177
msmarco-passage-trec-dl-2020,1110678,candidate-safe,1024,544,480,1024,0.53125,64,18,0,-0.0005252789705991745,971,0.3941142141603877,0.3941142141603877,1.0,0.10843373493975904,0.40963855421686746,0.2647058823529412
msmarco-passage-trec-dl-2020,1110678,candidate-safe,2048,640,1408,2048,0.3125,768,22,0,-0.0009959517046809196,1937,0.3941142141603877,0.3941142141603877,1.0,0.14457831325301204,0.40963855421686746,0.35294117647058826
msmarco-passage-trec-dl-2020,1110678,candidate-safe,4096,640,3456,4096,0.15625,2816,22,0,-0.0009959517046809196,3904,0.3941142141603877,0.3941142141603877,1.0,0.14457831325301204,0.40963855421686746,0.35294117647058826
msmarco-passage-trec-dl-2020,1110678,candidate-safe,8192,3192,5000,8192,0.3896484375,1808,23,0,-6.656814366579056e-05,7616,0.3941142141603877,0.3941142141603877,1.0,0.14457831325301204,0.40963855421686746,0.35294117647058826
msmarco-passage-trec-dl-2020,1110678,candidate-safe,10000,5000,5000,10000,0.5,0,23,0,-6.656814366579056e-05,9274,0.3941142141603877,0.3941142141603877,1.0,0.14457831325301204,0.40963855421686746,0.35294117647058826
msmarco-passage-trec-dl-2020,1110678,pressure,128,64,64,128,0.5,0,3,0,-0.0028843358159065247,122,0.22043860785019317,0.3941142141603877,0.5593267127393787,0.03614457831325301,0.40963855421686746,0.08823529411764706
msmarco-passage-trec-dl-2020,1110678,pressure,256,128,128,256,0.5,0,7,0,-0.00014396198093891144,242,0.3941142141603877,0.3941142141603877,1.0,0.060240963855421686,0.40963855421686746,0.14705882352941177
msmarco-passage-trec-dl-2020,1110678,pressure,512,256,256,512,0.5,0,9,0,-0.00011278130114078522,486,0.3941142141603877,0.3941142141603877,1.0,0.060240963855421686,0.40963855421686746,0.14705882352941177
msmarco-passage-trec-dl-2020,1110678,pressure,1024,544,480,1024,0.53125,64,18,0,-0.0005252789705991745,971,0.3941142141603877,0.3941142141603877,1.0,0.10843373493975904,0.40963855421686746,0.2647058823529412
msmarco-passage-trec-dl-2020,1110678,pressure,2048,944,1104,2048,0.4609375,160,22,0,-0.0006396165117621422,1941,0.3941142141603877,0.3941142141603877,1.0,0.14457831325301204,0.40963855421686746,0.35294117647058826
msmarco-passage-trec-dl-2020,1110678,pressure,4096,1840,2256,4096,0.44921875,416,22,0,-0.00021228846162557602,3813,0.3941142141603877,0.3941142141603877,1.0,0.14457831325301204,0.40963855421686746,0.35294117647058826
msmarco-passage-trec-dl-2020,1110678,pressure,8192,3192,5000,8192,0.3896484375,1808,23,0,-6.656814366579056e-05,7616,0.3941142141603877,0.3941142141603877,1.0,0.14457831325301204,0.40963855421686746,0.35294117647058826
msmarco-passage-trec-dl-2020,1110678,pressure,10000,5000,5000,10000,0.5,0,23,0,-6.656814366579056e-05,9274,0.3941142141603877,0.3941142141603877,1.0,0.14457831325301204,0.40963855421686746,0.35294117647058826
msmarco-passage-trec-dl-2020,1110678,allocation-grid-oracle,128,48,80,128,0.375,32,3,0,-0.0014102756977081299,121,0.22043860785019317,0.3941142141603877,0.5593267127393787,0.03614457831325301,0.40963855421686746,0.08823529411764706
msmarco-passage-trec-dl-2020,1110678,allocation-grid-oracle,256,128,128,256,0.5,0,7,0,-0.00014396198093891144,242,0.3941142141603877,0.3941142141603877,1.0,0.060240963855421686,0.40963855421686746,0.14705882352941177
msmarco-passage-trec-dl-2020,1110678,allocation-grid-oracle,512,272,240,512,0.53125,32,9,0,-1.714751124382019e-05,487,0.3941142141603877,0.3941142141603877,1.0,0.060240963855421686,0.40963855421686746,0.14705882352941177
msmarco-passage-trec-dl-2020,1110678,allocation-grid-oracle,1024,544,480,1024,0.53125,64,18,0,-0.0005252789705991745,971,0.3941142141603877,0.3941142141603877,1.0,0.10843373493975904,0.40963855421686746,0.2647058823529412
msmarco-passage-trec-dl-2020,1110678,allocation-grid-oracle,2048,896,1152,2048,0.4375,256,22,0,-0.0006134063005447388,1938,0.3941142141603877,0.3941142141603877,1.0,0.14457831325301204,0.40963855421686746,0.35294117647058826
msmarco-passage-trec-dl-2020,1110678,allocation-grid-oracle,4096,1600,2496,4096,0.390625,896,22,0,-0.000171746127307415,3828,0.3941142141603877,0.3941142141603877,1.0,0.14457831325301204,0.40963855421686746,0.35294117647058826
msmarco-passage-trec-dl-2020,1110678,allocation-grid-oracle,8192,3192,5000,8192,0.3896484375,1808,23,0,-6.656814366579056e-05,7616,0.3941142141603877,0.3941142141603877,1.0,0.14457831325301204,0.40963855421686746,0.35294117647058826
msmarco-passage-trec-dl-2020,1110678,allocation-grid-oracle,10000,5000,5000,10000,0.5,0,23,0,-6.656814366579056e-05,9274,0.3941142141603877,0.3941142141603877,1.0,0.14457831325301204,0.40963855421686746,0.35294117647058826
msmarco-passage-trec-dl-2020,1113256,balanced,128,64,64,128,0.5,0,12,0,-0.00019345059990882874,103,1.0,1.0,1.0,0.36666666666666664,0.9333333333333333,0.39285714285714285
msmarco-passage-trec-dl-2020,1113256,balanced,256,128,128,256,0.5,0,27,0,-1.0816380381584167e-05,198,1.0,1.0,1.0,0.5666666666666667,0.9333333333333333,0.6071428571428571
msmarco-passage-trec-dl-2020,1113256,balanced,512,256,256,512,0.5,0,41,0,-0.00026212818920612335,439,1.0,1.0,1.0,0.7,0.9333333333333333,0.7499999999999999
msmarco-passage-trec-dl-2020,1113256,balanced,1024,512,512,1024,0.5,0,50,0,-1.689419150352478e-06,924,1.0,1.0,1.0,0.7666666666666667,0.9333333333333333,0.8214285714285715
msmarco-passage-trec-dl-2020,1113256,balanced,2048,1024,1024,2048,0.5,0,55,0,-1.893937587738037e-05,1883,1.0,1.0,1.0,0.8,0.9333333333333333,0.8571428571428572
msmarco-passage-trec-dl-2020,1113256,balanced,4096,2048,2048,4096,0.5,0,68,0,-0.00029420293867588043,3702,1.0,1.0,1.0,0.9333333333333333,0.9333333333333333,1.0
msmarco-passage-trec-dl-2020,1113256,balanced,8192,4096,4096,8192,0.5,0,68,0,-6.043538451194763e-05,6874,1.0,1.0,1.0,0.9333333333333333,0.9333333333333333,1.0
msmarco-passage-trec-dl-2020,1113256,balanced,10000,5000,5000,10000,0.5,0,68,0,-1.744832843542099e-05,8091,1.0,1.0,1.0,0.9333333333333333,0.9333333333333333,1.0
msmarco-passage-trec-dl-2020,1113256,blocker,128,64,64,128,0.5,0,12,0,-0.00019345059990882874,103,1.0,1.0,1.0,0.36666666666666664,0.9333333333333333,0.39285714285714285
msmarco-passage-trec-dl-2020,1113256,blocker,256,144,112,256,0.5625,32,31,0,-0.00031020864844322205,201,1.0,1.0,1.0,0.6,0.9333333333333333,0.6428571428571428
msmarco-passage-trec-dl-2020,1113256,blocker,512,320,192,512,0.625,128,46,0,-0.00017276592552661896,437,1.0,1.0,1.0,0.7666666666666667,0.9333333333333333,0.8214285714285715
msmarco-passage-trec-dl-2020,1113256,blocker,1024,832,192,1024,0.8125,640,52,0,-0.00010360591113567352,937,1.0,1.0,1.0,0.7666666666666667,0.9333333333333333,0.8214285714285715
msmarco-passage-trec-dl-2020,1113256,blocker,2048,1824,224,2048,0.890625,1600,57,0,-3.5249628126621246e-05,1947,1.0,1.0,1.0,0.8,0.9333333333333333,0.8571428571428572
msmarco-passage-trec-dl-2020,1113256,blocker,4096,3696,400,4096,0.90234375,3296,68,0,-8.606072515249252e-05,3918,1.0,1.0,1.0,0.9333333333333333,0.9333333333333333,1.0
msmarco-passage-trec-dl-2020,1113256,blocker,8192,5000,3192,8192,0.6103515625,1808,68,0,-1.744832843542099e-05,6974,1.0,1.0,1.0,0.9333333333333333,0.9333333333333333,1.0
msmarco-passage-trec-dl-2020,1113256,blocker,10000,5000,5000,10000,0.5,0,68,0,-1.744832843542099e-05,8091,1.0,1.0,1.0,0.9333333333333333,0.9333333333333333,1.0
msmarco-passage-trec-dl-2020,1113256,candidate,128,64,64,128,0.5,0,12,0,-0.00019345059990882874,103,1.0,1.0,1.0,0.36666666666666664,0.9333333333333333,0.39285714285714285
msmarco-passage-trec-dl-2020,1113256,candidate,256,144,112,256,0.5625,32,31,0,-0.00031020864844322205,201,1.0,1.0,1.0,0.6,0.9333333333333333,0.6428571428571428
msmarco-passage-trec-dl-2020,1113256,candidate,512,320,192,512,0.625,128,46,0,-0.00017276592552661896,437,1.0,1.0,1.0,0.7666666666666667,0.9333333333333333,0.8214285714285715
msmarco-passage-trec-dl-2020,1113256,candidate,1024,832,192,1024,0.8125,640,52,0,-0.00010360591113567352,937,1.0,1.0,1.0,0.7666666666666667,0.9333333333333333,0.8214285714285715
msmarco-passage-trec-dl-2020,1113256,candidate,2048,1824,224,2048,0.890625,1600,57,0,-3.5249628126621246e-05,1947,1.0,1.0,1.0,0.8,0.9333333333333333,0.8571428571428572
msmarco-passage-trec-dl-2020,1113256,candidate,4096,3776,320,4096,0.921875,3456,68,0,-0.00048170145601034164,3959,1.0,1.0,1.0,0.9333333333333333,0.9333333333333333,1.0
msmarco-passage-trec-dl-2020,1113256,candidate,8192,5000,3192,8192,0.6103515625,1808,68,0,-1.744832843542099e-05,6974,1.0,1.0,1.0,0.9333333333333333,0.9333333333333333,1.0
msmarco-passage-trec-dl-2020,1113256,candidate,10000,5000,5000,10000,0.5,0,68,0,-1.744832843542099e-05,8091,1.0,1.0,1.0,0.9333333333333333,0.9333333333333333,1.0
msmarco-passage-trec-dl-2020,1113256,candidate-safe,128,64,64,128,0.5,0,12,0,-0.00019345059990882874,103,1.0,1.0,1.0,0.36666666666666664,0.9333333333333333,0.39285714285714285
msmarco-passage-trec-dl-2020,1113256,candidate-safe,256,144,112,256,0.5625,32,31,0,-0.00031020864844322205,201,1.0,1.0,1.0,0.6,0.9333333333333333,0.6428571428571428
msmarco-passage-trec-dl-2020,1113256,candidate-safe,512,320,192,512,0.625,128,46,0,-0.00017276592552661896,437,1.0,1.0,1.0,0.7666666666666667,0.9333333333333333,0.8214285714285715
msmarco-passage-trec-dl-2020,1113256,candidate-safe,1024,832,192,1024,0.8125,640,52,0,-0.00010360591113567352,937,1.0,1.0,1.0,0.7666666666666667,0.9333333333333333,0.8214285714285715
msmarco-passage-trec-dl-2020,1113256,candidate-safe,2048,1824,224,2048,0.890625,1600,57,0,-3.5249628126621246e-05,1947,1.0,1.0,1.0,0.8,0.9333333333333333,0.8571428571428572
msmarco-passage-trec-dl-2020,1113256,candidate-safe,4096,3776,320,4096,0.921875,3456,68,0,-0.00048170145601034164,3959,1.0,1.0,1.0,0.9333333333333333,0.9333333333333333,1.0
msmarco-passage-trec-dl-2020,1113256,candidate-safe,8192,5000,3192,8192,0.6103515625,1808,68,0,-1.744832843542099e-05,6974,1.0,1.0,1.0,0.9333333333333333,0.9333333333333333,1.0
msmarco-passage-trec-dl-2020,1113256,candidate-safe,10000,5000,5000,10000,0.5,0,68,0,-1.744832843542099e-05,8091,1.0,1.0,1.0,0.9333333333333333,0.9333333333333333,1.0
msmarco-passage-trec-dl-2020,1113256,pressure,128,64,64,128,0.5,0,12,0,-0.00019345059990882874,103,1.0,1.0,1.0,0.36666666666666664,0.9333333333333333,0.39285714285714285
msmarco-passage-trec-dl-2020,1113256,pressure,256,144,112,256,0.5625,32,31,0,-0.00031020864844322205,201,1.0,1.0,1.0,0.6,0.9333333333333333,0.6428571428571428
msmarco-passage-trec-dl-2020,1113256,pressure,512,320,192,512,0.625,128,46,0,-0.00017276592552661896,437,1.0,1.0,1.0,0.7666666666666667,0.9333333333333333,0.8214285714285715
msmarco-passage-trec-dl-2020,1113256,pressure,1024,832,192,1024,0.8125,640,52,0,-0.00010360591113567352,937,1.0,1.0,1.0,0.7666666666666667,0.9333333333333333,0.8214285714285715
msmarco-passage-trec-dl-2020,1113256,pressure,2048,1824,224,2048,0.890625,1600,57,0,-3.5249628126621246e-05,1947,1.0,1.0,1.0,0.8,0.9333333333333333,0.8571428571428572
msmarco-passage-trec-dl-2020,1113256,pressure,4096,3680,416,4096,0.8984375,3264,68,0,-8.719973266124725e-05,3913,1.0,1.0,1.0,0.9333333333333333,0.9333333333333333,1.0
msmarco-passage-trec-dl-2020,1113256,pressure,8192,5000,3192,8192,0.6103515625,1808,68,0,-1.744832843542099e-05,6974,1.0,1.0,1.0,0.9333333333333333,0.9333333333333333,1.0
msmarco-passage-trec-dl-2020,1113256,pressure,10000,5000,5000,10000,0.5,0,68,0,-1.744832843542099e-05,8091,1.0,1.0,1.0,0.9333333333333333,0.9333333333333333,1.0
msmarco-passage-trec-dl-2020,1113256,allocation-grid-oracle,128,64,64,128,0.5,0,12,0,-0.00019345059990882874,103,1.0,1.0,1.0,0.36666666666666664,0.9333333333333333,0.39285714285714285
msmarco-passage-trec-dl-2020,1113256,allocation-grid-oracle,256,144,112,256,0.5625,32,31,0,-0.00031020864844322205,201,1.0,1.0,1.0,0.6,0.9333333333333333,0.6428571428571428
msmarco-passage-trec-dl-2020,1113256,allocation-grid-oracle,512,320,192,512,0.625,128,46,0,-0.00017276592552661896,437,1.0,1.0,1.0,0.7666666666666667,0.9333333333333333,0.8214285714285715
msmarco-passage-trec-dl-2020,1113256,allocation-grid-oracle,1024,832,192,1024,0.8125,640,52,0,-0.00010360591113567352,937,1.0,1.0,1.0,0.7666666666666667,0.9333333333333333,0.8214285714285715
msmarco-passage-trec-dl-2020,1113256,allocation-grid-oracle,2048,1824,224,2048,0.890625,1600,57,0,-3.5249628126621246e-05,1947,1.0,1.0,1.0,0.8,0.9333333333333333,0.8571428571428572
msmarco-passage-trec-dl-2020,1113256,allocation-grid-oracle,4096,3696,400,4096,0.90234375,3296,68,0,-8.606072515249252e-05,3918,1.0,1.0,1.0,0.9333333333333333,0.9333333333333333,1.0
msmarco-passage-trec-dl-2020,1113256,allocation-grid-oracle,8192,5000,3192,8192,0.6103515625,1808,68,0,-1.744832843542099e-05,6974,1.0,1.0,1.0,0.9333333333333333,0.9333333333333333,1.0
msmarco-passage-trec-dl-2020,1113256,allocation-grid-oracle,10000,5000,5000,10000,0.5,0,68,0,-1.744832843542099e-05,8091,1.0,1.0,1.0,0.9333333333333333,0.9333333333333333,1.0
msmarco-passage-trec-dl-2020,1115210,balanced,128,64,64,128,0.5,0,3,0,-0.0005983076989650726,123,0.1664084384373742,0.4065761872337411,0.40929214170062994,0.2727272727272727,0.7272727272727273,0.37499999999999994
msmarco-passage-trec-dl-2020,1115210,balanced,256,128,128,256,0.5,0,5,0,-0.0006408877670764923,233,0.1664084384373742,0.4065761872337411,0.40929214170062994,0.2727272727272727,0.7272727272727273,0.37499999999999994
msmarco-passage-trec-dl-2020,1115210,balanced,512,256,256,512,0.5,0,11,0,-0.0003227144479751587,434,0.4065761872337411,0.4065761872337411,1.0,0.45454545454545453,0.7272727272727273,0.625
msmarco-passage-trec-dl-2020,1115210,balanced,1024,512,512,1024,0.5,0,19,0,-0.00020113401114940643,849,0.4065761872337411,0.4065761872337411,1.0,0.5454545454545454,0.7272727272727273,0.7499999999999999
msmarco-passage-trec-dl-2020,1115210,balanced,2048,1024,1024,2048,0.5,0,27,0,-0.00013313256204128265,1700,0.4065761872337411,0.4065761872337411,1.0,0.6363636363636364,0.7272727272727273,0.875
msmarco-passage-trec-dl-2020,1115210,balanced,4096,2048,2048,4096,0.5,0,31,0,-0.00014882907271385193,3564,0.4065761872337411,0.4065761872337411,1.0,0.6363636363636364,0.7272727272727273,0.875
msmarco-passage-trec-dl-2020,1115210,balanced,8192,4096,4096,8192,0.5,0,32,0,-6.113387644290924e-05,7366,0.4065761872337411,0.4065761872337411,1.0,0.6363636363636364,0.7272727272727273,0.875
msmarco-passage-trec-dl-2020,1115210,balanced,10000,5000,5000,10000,0.5,0,32,0,-1.8145889043807983e-05,9088,0.4065761872337411,0.4065761872337411,1.0,0.6363636363636364,0.7272727272727273,0.875
msmarco-passage-trec-dl-2020,1115210,blocker,128,64,64,128,0.5,0,3,0,-0.0005983076989650726,123,0.1664084384373742,0.4065761872337411,0.40929214170062994,0.2727272727272727,0.7272727272727273,0.37499999999999994
msmarco-passage-trec-dl-2020,1115210,blocker,256,112,144,256,0.4375,32,5,0,-0.0006152689456939697,225,0.1664084384373742,0.4065761872337411,0.40929214170062994,0.2727272727272727,0.7272727272727273,0.37499999999999994
msmarco-passage-trec-dl-2020,1115210,blocker,512,288,224,512,0.5625,64,11,0,-3.17208468914032e-05,437,0.4065761872337411,0.4065761872337411,1.0,0.45454545454545453,0.7272727272727273,0.625
msmarco-passage-trec-dl-2020,1115210,blocker,1024,624,400,1024,0.609375,224,21,0,-9.105168282985687e-05,861,0.4065761872337411,0.4065761872337411,1.0,0.5454545454545454,0.7272727272727273,0.7499999999999999
msmarco-passage-trec-dl-2020,1115210,blocker,2048,1648,400,2048,0.8046875,1248,30,0,-1.4614313840866089e-05,1855,0.4065761872337411,0.4065761872337411,1.0,0.6363636363636364,0.7272727272727273,0.875
msmarco-passage-trec-dl-2020,1115210,blocker,4096,3584,512,4096,0.875,3072,32,0,-9.494088590145111e-05,3826,0.4065761872337411,0.4065761872337411,1.0,0.6363636363636364,0.7272727272727273,0.875
msmarco-passage-trec-dl-2020,1115210,blocker,8192,5000,3192,8192,0.6103515625,1808,32,0,-1.8145889043807983e-05,7375,0.4065761872337411,0.4065761872337411,1.0,0.6363636363636364,0.7272727272727273,0.875
msmarco-passage-trec-dl-2020,1115210,blocker,10000,5000,5000,10000,0.5,0,32,0,-1.8145889043807983e-05,9088,0.4065761872337411,0.4065761872337411,1.0,0.6363636363636364,0.7272727272727273,0.875
msmarco-passage-trec-dl-2020,1115210,candidate,128,64,64,128,0.5,0,3,0,-0.0005983076989650726,123,0.1664084384373742,0.4065761872337411,0.40929214170062994,0.2727272727272727,0.7272727272727273,0.37499999999999994
msmarco-passage-trec-dl-2020,1115210,candidate,256,112,144,256,0.4375,32,5,0,-0.0006152689456939697,225,0.1664084384373742,0.4065761872337411,0.40929214170062994,0.2727272727272727,0.7272727272727273,0.37499999999999994
msmarco-passage-trec-dl-2020,1115210,candidate,512,288,224,512,0.5625,64,11,0,-3.17208468914032e-05,437,0.4065761872337411,0.4065761872337411,1.0,0.45454545454545453,0.7272727272727273,0.625
msmarco-passage-trec-dl-2020,1115210,candidate,1024,624,400,1024,0.609375,224,21,0,-9.105168282985687e-05,861,0.4065761872337411,0.4065761872337411,1.0,0.5454545454545454,0.7272727272727273,0.7499999999999999
msmarco-passage-trec-dl-2020,1115210,candidate,2048,1648,400,2048,0.8046875,1248,30,0,-1.4614313840866089e-05,1855,0.4065761872337411,0.4065761872337411,1.0,0.6363636363636364,0.7272727272727273,0.875
msmarco-passage-trec-dl-2020,1115210,candidate,4096,3632,464,4096,0.88671875,3168,32,0,-0.00032109394669532776,3842,0.4065761872337411,0.4065761872337411,1.0,0.6363636363636364,0.7272727272727273,0.875
msmarco-passage-trec-dl-2020,1115210,candidate,8192,5000,3192,8192,0.6103515625,1808,32,0,-1.8145889043807983e-05,7375,0.4065761872337411,0.4065761872337411,1.0,0.6363636363636364,0.7272727272727273,0.875
msmarco-passage-trec-dl-2020,1115210,candidate,10000,5000,5000,10000,0.5,0,32,0,-1.8145889043807983e-05,9088,0.4065761872337411,0.4065761872337411,1.0,0.6363636363636364,0.7272727272727273,0.875
msmarco-passage-trec-dl-2020,1115210,candidate-safe,128,64,64,128,0.5,0,3,0,-0.0005983076989650726,123,0.1664084384373742,0.4065761872337411,0.40929214170062994,0.2727272727272727,0.7272727272727273,0.37499999999999994
msmarco-passage-trec-dl-2020,1115210,candidate-safe,256,112,144,256,0.4375,32,5,0,-0.0006152689456939697,225,0.1664084384373742,0.4065761872337411,0.40929214170062994,0.2727272727272727,0.7272727272727273,0.37499999999999994
msmarco-passage-trec-dl-2020,1115210,candidate-safe,512,288,224,512,0.5625,64,11,0,-3.17208468914032e-05,437,0.4065761872337411,0.4065761872337411,1.0,0.45454545454545453,0.7272727272727273,0.625
msmarco-passage-trec-dl-2020,1115210,candidate-safe,1024,624,400,1024,0.609375,224,21,0,-9.105168282985687e-05,861,0.4065761872337411,0.4065761872337411,1.0,0.5454545454545454,0.7272727272727273,0.7499999999999999
msmarco-passage-trec-dl-2020,1115210,candidate-safe,2048,1648,400,2048,0.8046875,1248,30,0,-1.4614313840866089e-05,1855,0.4065761872337411,0.4065761872337411,1.0,0.6363636363636364,0.7272727272727273,0.875
msmarco-passage-trec-dl-2020,1115210,candidate-safe,4096,3632,464,4096,0.88671875,3168,32,0,-0.00032109394669532776,3842,0.4065761872337411,0.4065761872337411,1.0,0.6363636363636364,0.7272727272727273,0.875
msmarco-passage-trec-dl-2020,1115210,candidate-safe,8192,5000,3192,8192,0.6103515625,1808,32,0,-1.8145889043807983e-05,7375,0.4065761872337411,0.4065761872337411,1.0,0.6363636363636364,0.7272727272727273,0.875
msmarco-passage-trec-dl-2020,1115210,candidate-safe,10000,5000,5000,10000,0.5,0,32,0,-1.8145889043807983e-05,9088,0.4065761872337411,0.4065761872337411,1.0,0.6363636363636364,0.7272727272727273,0.875
msmarco-passage-trec-dl-2020,1115210,pressure,128,64,64,128,0.5,0,3,0,-0.0005983076989650726,123,0.1664084384373742,0.4065761872337411,0.40929214170062994,0.2727272727272727,0.7272727272727273,0.37499999999999994
msmarco-passage-trec-dl-2020,1115210,pressure,256,128,128,256,0.5,0,5,0,-0.0006408877670764923,233,0.1664084384373742,0.4065761872337411,0.40929214170062994,0.2727272727272727,0.7272727272727273,0.37499999999999994
msmarco-passage-trec-dl-2020,1115210,pressure,512,288,224,512,0.5625,64,11,0,-3.17208468914032e-05,437,0.4065761872337411,0.4065761872337411,1.0,0.45454545454545453,0.7272727272727273,0.625
msmarco-passage-trec-dl-2020,1115210,pressure,1024,624,400,1024,0.609375,224,21,0,-9.105168282985687e-05,861,0.4065761872337411,0.4065761872337411,1.0,0.5454545454545454,0.7272727272727273,0.7499999999999999
msmarco-passage-trec-dl-2020,1115210,pressure,2048,1632,416,2048,0.796875,1216,30,0,-1.9021332263946533e-05,1846,0.4065761872337411,0.4065761872337411,1.0,0.6363636363636364,0.7272727272727273,0.875
msmarco-passage-trec-dl-2020,1115210,pressure,4096,3584,512,4096,0.875,3072,32,0,-9.494088590145111e-05,3826,0.4065761872337411,0.4065761872337411,1.0,0.6363636363636364,0.7272727272727273,0.875
msmarco-passage-trec-dl-2020,1115210,pressure,8192,5000,3192,8192,0.6103515625,1808,32,0,-1.8145889043807983e-05,7375,0.4065761872337411,0.4065761872337411,1.0,0.6363636363636364,0.7272727272727273,0.875
msmarco-passage-trec-dl-2020,1115210,pressure,10000,5000,5000,10000,0.5,0,32,0,-1.8145889043807983e-05,9088,0.4065761872337411,0.4065761872337411,1.0,0.6363636363636364,0.7272727272727273,0.875
msmarco-passage-trec-dl-2020,1115210,allocation-grid-oracle,128,64,64,128,0.5,0,3,0,-0.0005983076989650726,123,0.1664084384373742,0.4065761872337411,0.40929214170062994,0.2727272727272727,0.7272727272727273,0.37499999999999994
msmarco-passage-trec-dl-2020,1115210,allocation-grid-oracle,256,112,144,256,0.4375,32,5,0,-0.0006152689456939697,225,0.1664084384373742,0.4065761872337411,0.40929214170062994,0.2727272727272727,0.7272727272727273,0.37499999999999994
msmarco-passage-trec-dl-2020,1115210,allocation-grid-oracle,512,288,224,512,0.5625,64,11,0,-3.17208468914032e-05,437,0.4065761872337411,0.4065761872337411,1.0,0.45454545454545453,0.7272727272727273,0.625
msmarco-passage-trec-dl-2020,1115210,allocation-grid-oracle,1024,624,400,1024,0.609375,224,21,0,-9.105168282985687e-05,861,0.4065761872337411,0.4065761872337411,1.0,0.5454545454545454,0.7272727272727273,0.7499999999999999
msmarco-passage-trec-dl-2020,1115210,allocation-grid-oracle,2048,1648,400,2048,0.8046875,1248,30,0,-1.4614313840866089e-05,1855,0.4065761872337411,0.4065761872337411,1.0,0.6363636363636364,0.7272727272727273,0.875
msmarco-passage-trec-dl-2020,1115210,allocation-grid-oracle,4096,3584,512,4096,0.875,3072,32,0,-9.494088590145111e-05,3826,0.4065761872337411,0.4065761872337411,1.0,0.6363636363636364,0.7272727272727273,0.875
msmarco-passage-trec-dl-2020,1115210,allocation-grid-oracle,8192,5000,3192,8192,0.6103515625,1808,32,0,-1.8145889043807983e-05,7375,0.4065761872337411,0.4065761872337411,1.0,0.6363636363636364,0.7272727272727273,0.875
msmarco-passage-trec-dl-2020,1115210,allocation-grid-oracle,10000,5000,5000,10000,0.5,0,32,0,-1.8145889043807983e-05,9088,0.4065761872337411,0.4065761872337411,1.0,0.6363636363636364,0.7272727272727273,0.875
msmarco-passage-trec-dl-2020,1116380,balanced,128,64,64,128,0.5,0,2,0,-0.00109967403113842,123,0.05657193010678605,0.05657193010678605,1.0,0.0625,0.875,0.07142857142857142
msmarco-passage-trec-dl-2020,1116380,balanced,256,128,128,256,0.5,0,3,0,-3.1793490052223206e-05,244,0.05657193010678605,0.05657193010678605,1.0,0.0625,0.875,0.07142857142857142
msmarco-passage-trec-dl-2020,1116380,balanced,512,256,256,512,0.5,0,6,0,-0.0003476366400718689,474,0.05657193010678605,0.05657193010678605,1.0,0.0625,0.875,0.07142857142857142
msmarco-passage-trec-dl-2020,1116380,balanced,1024,512,512,1024,0.5,0,10,0,-0.0011326149106025696,950,0.05657193010678605,0.05657193010678605,1.0,0.0625,0.875,0.07142857142857142
msmarco-passage-trec-dl-2020,1116380,balanced,2048,1024,1024,2048,0.5,0,11,0,-0.0003068726509809494,1894,0.05657193010678605,0.05657193010678605,1.0,0.125,0.875,0.14285714285714285
msmarco-passage-trec-dl-2020,1116380,balanced,4096,2048,2048,4096,0.5,0,17,0,-0.0003541335463523865,3818,0.05657193010678605,0.05657193010678605,1.0,0.125,0.875,0.14285714285714285
msmarco-passage-trec-dl-2020,1116380,balanced,8192,4096,4096,8192,0.5,0,18,0,-7.214024662971497e-05,7732,0.05657193010678605,0.05657193010678605,1.0,0.1875,0.875,0.21428571428571427
msmarco-passage-trec-dl-2020,1116380,balanced,10000,5000,5000,10000,0.5,0,18,0,-2.915225923061371e-05,9481,0.05657193010678605,0.05657193010678605,1.0,0.1875,0.875,0.21428571428571427
msmarco-passage-trec-dl-2020,1116380,blocker,128,64,64,128,0.5,0,2,0,-0.00109967403113842,123,0.05657193010678605,0.05657193010678605,1.0,0.0625,0.875,0.07142857142857142
msmarco-passage-trec-dl-2020,1116380,blocker,256,128,128,256,0.5,0,3,0,-3.1793490052223206e-05,244,0.05657193010678605,0.05657193010678605,1.0,0.0625,0.875,0.07142857142857142
msmarco-passage-trec-dl-2020,1116380,blocker,512,256,256,512,0.5,0,6,0,-0.0003476366400718689,474,0.05657193010678605,0.05657193010678605,1.0,0.0625,0.875,0.07142857142857142
msmarco-passage-trec-dl-2020,1116380,blocker,1024,512,512,1024,0.5,0,10,0,-0.0011326149106025696,950,0.05657193010678605,0.05657193010678605,1.0,0.0625,0.875,0.07142857142857142
msmarco-passage-trec-dl-2020,1116380,blocker,2048,1040,1008,2048,0.5078125,32,11,0,-0.0002934541553258896,1892,0.05657193010678605,0.05657193010678605,1.0,0.125,0.875,0.14285714285714285
msmarco-passage-trec-dl-2020,1116380,blocker,4096,2048,2048,4096,0.5,0,17,0,-0.0003541335463523865,3818,0.05657193010678605,0.05657193010678605,1.0,0.125,0.875,0.14285714285714285
msmarco-passage-trec-dl-2020,1116380,blocker,8192,5000,3192,8192,0.6103515625,1808,18,0,-2.915225923061371e-05,7722,0.05657193010678605,0.05657193010678605,1.0,0.1875,0.875,0.21428571428571427
msmarco-passage-trec-dl-2020,1116380,blocker,10000,5000,5000,10000,0.5,0,18,0,-2.915225923061371e-05,9481,0.05657193010678605,0.05657193010678605,1.0,0.1875,0.875,0.21428571428571427
msmarco-passage-trec-dl-2020,1116380,candidate,128,64,64,128,0.5,0,2,0,-0.00109967403113842,123,0.05657193010678605,0.05657193010678605,1.0,0.0625,0.875,0.07142857142857142
msmarco-passage-trec-dl-2020,1116380,candidate,256,128,128,256,0.5,0,3,0,-3.1793490052223206e-05,244,0.05657193010678605,0.05657193010678605,1.0,0.0625,0.875,0.07142857142857142
msmarco-passage-trec-dl-2020,1116380,candidate,512,256,256,512,0.5,0,6,0,-0.0003476366400718689,474,0.05657193010678605,0.05657193010678605,1.0,0.0625,0.875,0.07142857142857142
msmarco-passage-trec-dl-2020,1116380,candidate,1024,512,512,1024,0.5,0,10,0,-0.0011326149106025696,950,0.05657193010678605,0.05657193010678605,1.0,0.0625,0.875,0.07142857142857142
msmarco-passage-trec-dl-2020,1116380,candidate,2048,1040,1008,2048,0.5078125,32,11,0,-0.0002934541553258896,1892,0.05657193010678605,0.05657193010678605,1.0,0.125,0.875,0.14285714285714285
msmarco-passage-trec-dl-2020,1116380,candidate,4096,2048,2048,4096,0.5,0,17,0,-0.0003541335463523865,3818,0.05657193010678605,0.05657193010678605,1.0,0.125,0.875,0.14285714285714285
msmarco-passage-trec-dl-2020,1116380,candidate,8192,5000,3192,8192,0.6103515625,1808,18,0,-2.915225923061371e-05,7722,0.05657193010678605,0.05657193010678605,1.0,0.1875,0.875,0.21428571428571427
msmarco-passage-trec-dl-2020,1116380,candidate,10000,5000,5000,10000,0.5,0,18,0,-2.915225923061371e-05,9481,0.05657193010678605,0.05657193010678605,1.0,0.1875,0.875,0.21428571428571427
msmarco-passage-trec-dl-2020,1116380,candidate-safe,128,64,64,128,0.5,0,2,0,-0.00109967403113842,123,0.05657193010678605,0.05657193010678605,1.0,0.0625,0.875,0.07142857142857142
msmarco-passage-trec-dl-2020,1116380,candidate-safe,256,128,128,256,0.5,0,3,0,-3.1793490052223206e-05,244,0.05657193010678605,0.05657193010678605,1.0,0.0625,0.875,0.07142857142857142
msmarco-passage-trec-dl-2020,1116380,candidate-safe,512,256,256,512,0.5,0,6,0,-0.0003476366400718689,474,0.05657193010678605,0.05657193010678605,1.0,0.0625,0.875,0.07142857142857142
msmarco-passage-trec-dl-2020,1116380,candidate-safe,1024,512,512,1024,0.5,0,10,0,-0.0011326149106025696,950,0.05657193010678605,0.05657193010678605,1.0,0.0625,0.875,0.07142857142857142
msmarco-passage-trec-dl-2020,1116380,candidate-safe,2048,1040,1008,2048,0.5078125,32,11,0,-0.0002934541553258896,1892,0.05657193010678605,0.05657193010678605,1.0,0.125,0.875,0.14285714285714285
msmarco-passage-trec-dl-2020,1116380,candidate-safe,4096,2048,2048,4096,0.5,0,17,0,-0.0003541335463523865,3818,0.05657193010678605,0.05657193010678605,1.0,0.125,0.875,0.14285714285714285
msmarco-passage-trec-dl-2020,1116380,candidate-safe,8192,5000,3192,8192,0.6103515625,1808,18,0,-2.915225923061371e-05,7722,0.05657193010678605,0.05657193010678605,1.0,0.1875,0.875,0.21428571428571427
msmarco-passage-trec-dl-2020,1116380,candidate-safe,10000,5000,5000,10000,0.5,0,18,0,-2.915225923061371e-05,9481,0.05657193010678605,0.05657193010678605,1.0,0.1875,0.875,0.21428571428571427
msmarco-passage-trec-dl-2020,1116380,pressure,128,64,64,128,0.5,0,2,0,-0.00109967403113842,123,0.05657193010678605,0.05657193010678605,1.0,0.0625,0.875,0.07142857142857142
msmarco-passage-trec-dl-2020,1116380,pressure,256,128,128,256,0.5,0,3,0,-3.1793490052223206e-05,244,0.05657193010678605,0.05657193010678605,1.0,0.0625,0.875,0.07142857142857142
msmarco-passage-trec-dl-2020,1116380,pressure,512,240,272,512,0.46875,32,6,0,-0.0005164127796888351,477,0.05657193010678605,0.05657193010678605,1.0,0.0625,0.875,0.07142857142857142
msmarco-passage-trec-dl-2020,1116380,pressure,1024,512,512,1024,0.5,0,10,0,-0.0011326149106025696,950,0.05657193010678605,0.05657193010678605,1.0,0.0625,0.875,0.07142857142857142
msmarco-passage-trec-dl-2020,1116380,pressure,2048,1040,1008,2048,0.5078125,32,11,0,-0.0002934541553258896,1892,0.05657193010678605,0.05657193010678605,1.0,0.125,0.875,0.14285714285714285
msmarco-passage-trec-dl-2020,1116380,pressure,4096,1792,2304,4096,0.4375,512,17,0,-0.0004197061061859131,3821,0.05657193010678605,0.05657193010678605,1.0,0.125,0.875,0.14285714285714285
msmarco-passage-trec-dl-2020,1116380,pressure,8192,5000,3192,8192,0.6103515625,1808,18,0,-2.915225923061371e-05,7722,0.05657193010678605,0.05657193010678605,1.0,0.1875,0.875,0.21428571428571427
msmarco-passage-trec-dl-2020,1116380,pressure,10000,5000,5000,10000,0.5,0,18,0,-2.915225923061371e-05,9481,0.05657193010678605,0.05657193010678605,1.0,0.1875,0.875,0.21428571428571427
msmarco-passage-trec-dl-2020,1116380,allocation-grid-oracle,128,64,64,128,0.5,0,2,0,-0.00109967403113842,123,0.05657193010678605,0.05657193010678605,1.0,0.0625,0.875,0.07142857142857142
msmarco-passage-trec-dl-2020,1116380,allocation-grid-oracle,256,128,128,256,0.5,0,3,0,-3.1793490052223206e-05,244,0.05657193010678605,0.05657193010678605,1.0,0.0625,0.875,0.07142857142857142
msmarco-passage-trec-dl-2020,1116380,allocation-grid-oracle,512,256,256,512,0.5,0,6,0,-0.0003476366400718689,474,0.05657193010678605,0.05657193010678605,1.0,0.0625,0.875,0.07142857142857142
msmarco-passage-trec-dl-2020,1116380,allocation-grid-oracle,1024,512,512,1024,0.5,0,10,0,-0.0011326149106025696,950,0.05657193010678605,0.05657193010678605,1.0,0.0625,0.875,0.07142857142857142
msmarco-passage-trec-dl-2020,1116380,allocation-grid-oracle,2048,1040,1008,2048,0.5078125,32,11,0,-0.0002934541553258896,1892,0.05657193010678605,0.05657193010678605,1.0,0.125,0.875,0.14285714285714285
msmarco-passage-trec-dl-2020,1116380,allocation-grid-oracle,4096,2048,2048,4096,0.5,0,17,0,-0.0003541335463523865,3818,0.05657193010678605,0.05657193010678605,1.0,0.125,0.875,0.14285714285714285
msmarco-passage-trec-dl-2020,1116380,allocation-grid-oracle,8192,5000,3192,8192,0.6103515625,1808,18,0,-2.915225923061371e-05,7722,0.05657193010678605,0.05657193010678605,1.0,0.1875,0.875,0.21428571428571427
msmarco-passage-trec-dl-2020,1116380,allocation-grid-oracle,10000,5000,5000,10000,0.5,0,18,0,-2.915225923061371e-05,9481,0.05657193010678605,0.05657193010678605,1.0,0.1875,0.875,0.21428571428571427
msmarco-passage-trec-dl-2020,1121353,balanced,128,64,64,128,0.5,0,5,0,-0.0037574823945760727,121,0.4227129678634519,0.4913672492473535,0.8602790855738512,0.05154639175257732,0.36082474226804123,0.14285714285714285
msmarco-passage-trec-dl-2020,1121353,balanced,256,128,128,256,0.5,0,5,0,-0.0010121148079633713,238,0.4227129678634519,0.4913672492473535,0.8602790855738512,0.05154639175257732,0.36082474226804123,0.14285714285714285
msmarco-passage-trec-dl-2020,1121353,balanced,512,256,256,512,0.5,0,6,0,-0.0004651881754398346,473,0.4227129678634519,0.4913672492473535,0.8602790855738512,0.05154639175257732,0.36082474226804123,0.14285714285714285
msmarco-passage-trec-dl-2020,1121353,balanced,1024,512,512,1024,0.5,0,10,0,-0.00028964877128601074,936,0.4913672492473535,0.4913672492473535,1.0,0.07216494845360824,0.36082474226804123,0.19999999999999998
msmarco-passage-trec-dl-2020,1121353,balanced,2048,1024,1024,2048,0.5,0,17,0,-0.00017685070633888245,1893,0.4913672492473535,0.4913672492473535,1.0,0.1134020618556701,0.36082474226804123,0.3142857142857143
msmarco-passage-trec-dl-2020,1121353,balanced,4096,2048,2048,4096,0.5,0,19,0,-0.00025147199630737305,3808,0.4913672492473535,0.4913672492473535,1.0,0.1134020618556701,0.36082474226804123,0.3142857142857143
msmarco-passage-trec-dl-2020,1121353,balanced,8192,4096,4096,8192,0.5,0,19,0,-1.7704442143440247e-05,7693,0.4913672492473535,0.4913672492473535,1.0,0.1134020618556701,0.36082474226804123,0.3142857142857143
msmarco-passage-trec-dl-2020,1121353,balanced,10000,5000,5000,10000,0.5,0,23,0,-0.00012168288230895996,9418,0.4913672492473535,0.4913672492473535,1.0,0.13402061855670103,0.36082474226804123,0.37142857142857144
msmarco-passage-trec-dl-2020,1121353,blocker,128,64,64,128,0.5,0,5,0,-0.0037574823945760727,121,0.4227129678634519,0.4913672492473535,0.8602790855738512,0.05154639175257732,0.36082474226804123,0.14285714285714285
msmarco-passage-trec-dl-2020,1121353,blocker,256,112,144,256,0.4375,32,5,0,-0.0009692832827568054,241,0.4227129678634519,0.4913672492473535,0.8602790855738512,0.05154639175257732,0.36082474226804123,0.14285714285714285
msmarco-passage-trec-dl-2020,1121353,blocker,512,224,288,512,0.4375,64,6,0,-0.00028412044048309326,472,0.4227129678634519,0.4913672492473535,0.8602790855738512,0.05154639175257732,0.36082474226804123,0.14285714285714285
msmarco-passage-trec-dl-2020,1121353,blocker,1024,464,560,1024,0.453125,96,12,0,-7.050856947898865e-05,933,0.4913672492473535,0.4913672492473535,1.0,0.09278350515463918,0.36082474226804123,0.2571428571428572
msmarco-passage-trec-dl-2020,1121353,blocker,2048,1168,880,2048,0.5703125,288,17,0,-6.867386400699615e-05,1889,0.4913672492473535,0.4913672492473535,1.0,0.1134020618556701,0.36082474226804123,0.3142857142857143
msmarco-passage-trec-dl-2020,1121353,blocker,4096,2576,1520,4096,0.62890625,1056,19,0,-0.000156451016664505,3805,0.4913672492473535,0.4913672492473535,1.0,0.1134020618556701,0.36082474226804123,0.3142857142857143
msmarco-passage-trec-dl-2020,1121353,blocker,8192,4496,3696,8192,0.548828125,800,22,0,-5.8671459555625916e-05,7688,0.4913672492473535,0.4913672492473535,1.0,0.12371134020618557,0.36082474226804123,0.34285714285714286
msmarco-passage-trec-dl-2020,1121353,blocker,10000,5000,5000,10000,0.5,0,23,0,-0.00012168288230895996,9418,0.4913672492473535,0.4913672492473535,1.0,0.13402061855670103,0.36082474226804123,0.37142857142857144
msmarco-passage-trec-dl-2020,1121353,candidate,128,64,64,128,0.5,0,5,0,-0.0037574823945760727,121,0.4227129678634519,0.4913672492473535,0.8602790855738512,0.05154639175257732,0.36082474226804123,0.14285714285714285
msmarco-passage-trec-dl-2020,1121353,candidate,256,112,144,256,0.4375,32,5,0,-0.0009692832827568054,241,0.4227129678634519,0.4913672492473535,0.8602790855738512,0.05154639175257732,0.36082474226804123,0.14285714285714285
msmarco-passage-trec-dl-2020,1121353,candidate,512,224,288,512,0.4375,64,6,0,-0.00028412044048309326,472,0.4227129678634519,0.4913672492473535,0.8602790855738512,0.05154639175257732,0.36082474226804123,0.14285714285714285
msmarco-passage-trec-dl-2020,1121353,candidate,1024,464,560,1024,0.453125,96,12,0,-7.050856947898865e-05,933,0.4913672492473535,0.4913672492473535,1.0,0.09278350515463918,0.36082474226804123,0.2571428571428572
msmarco-passage-trec-dl-2020,1121353,candidate,2048,1168,880,2048,0.5703125,288,17,0,-6.867386400699615e-05,1889,0.4913672492473535,0.4913672492473535,1.0,0.1134020618556701,0.36082474226804123,0.3142857142857143
msmarco-passage-trec-dl-2020,1121353,candidate,4096,2576,1520,4096,0.62890625,1056,19,0,-0.000156451016664505,3805,0.4913672492473535,0.4913672492473535,1.0,0.1134020618556701,0.36082474226804123,0.3142857142857143
msmarco-passage-trec-dl-2020,1121353,candidate,8192,4496,3696,8192,0.548828125,800,22,0,-5.8671459555625916e-05,7688,0.4913672492473535,0.4913672492473535,1.0,0.12371134020618557,0.36082474226804123,0.34285714285714286
msmarco-passage-trec-dl-2020,1121353,candidate,10000,5000,5000,10000,0.5,0,23,0,-0.00012168288230895996,9418,0.4913672492473535,0.4913672492473535,1.0,0.13402061855670103,0.36082474226804123,0.37142857142857144
msmarco-passage-trec-dl-2020,1121353,candidate-safe,128,64,64,128,0.5,0,5,0,-0.0037574823945760727,121,0.4227129678634519,0.4913672492473535,0.8602790855738512,0.05154639175257732,0.36082474226804123,0.14285714285714285
msmarco-passage-trec-dl-2020,1121353,candidate-safe,256,112,144,256,0.4375,32,5,0,-0.0009692832827568054,241,0.4227129678634519,0.4913672492473535,0.8602790855738512,0.05154639175257732,0.36082474226804123,0.14285714285714285
msmarco-passage-trec-dl-2020,1121353,candidate-safe,512,224,288,512,0.4375,64,6,0,-0.00028412044048309326,472,0.4227129678634519,0.4913672492473535,0.8602790855738512,0.05154639175257732,0.36082474226804123,0.14285714285714285
msmarco-passage-trec-dl-2020,1121353,candidate-safe,1024,464,560,1024,0.453125,96,12,0,-7.050856947898865e-05,933,0.4913672492473535,0.4913672492473535,1.0,0.09278350515463918,0.36082474226804123,0.2571428571428572
msmarco-passage-trec-dl-2020,1121353,candidate-safe,2048,1168,880,2048,0.5703125,288,17,0,-6.867386400699615e-05,1889,0.4913672492473535,0.4913672492473535,1.0,0.1134020618556701,0.36082474226804123,0.3142857142857143
msmarco-passage-trec-dl-2020,1121353,candidate-safe,4096,2576,1520,4096,0.62890625,1056,19,0,-0.000156451016664505,3805,0.4913672492473535,0.4913672492473535,1.0,0.1134020618556701,0.36082474226804123,0.3142857142857143
msmarco-passage-trec-dl-2020,1121353,candidate-safe,8192,4496,3696,8192,0.548828125,800,22,0,-5.8671459555625916e-05,7688,0.4913672492473535,0.4913672492473535,1.0,0.12371134020618557,0.36082474226804123,0.34285714285714286
msmarco-passage-trec-dl-2020,1121353,candidate-safe,10000,5000,5000,10000,0.5,0,23,0,-0.00012168288230895996,9418,0.4913672492473535,0.4913672492473535,1.0,0.13402061855670103,0.36082474226804123,0.37142857142857144
msmarco-passage-trec-dl-2020,1121353,pressure,128,64,64,128,0.5,0,5,0,-0.0037574823945760727,121,0.4227129678634519,0.4913672492473535,0.8602790855738512,0.05154639175257732,0.36082474226804123,0.14285714285714285
msmarco-passage-trec-dl-2020,1121353,pressure,256,128,128,256,0.5,0,5,0,-0.0010121148079633713,238,0.4227129678634519,0.4913672492473535,0.8602790855738512,0.05154639175257732,0.36082474226804123,0.14285714285714285
msmarco-passage-trec-dl-2020,1121353,pressure,512,256,256,512,0.5,0,6,0,-0.0004651881754398346,473,0.4227129678634519,0.4913672492473535,0.8602790855738512,0.05154639175257732,0.36082474226804123,0.14285714285714285
msmarco-passage-trec-dl-2020,1121353,pressure,1024,464,560,1024,0.453125,96,12,0,-7.050856947898865e-05,933,0.4913672492473535,0.4913672492473535,1.0,0.09278350515463918,0.36082474226804123,0.2571428571428572
msmarco-passage-trec-dl-2020,1121353,pressure,2048,1104,944,2048,0.5390625,160,17,0,-0.0001134481281042099,1890,0.4913672492473535,0.4913672492473535,1.0,0.1134020618556701,0.36082474226804123,0.3142857142857143
msmarco-passage-trec-dl-2020,1121353,pressure,4096,2064,2032,4096,0.50390625,32,19,0,-0.00024789758026599884,3808,0.4913672492473535,0.4913672492473535,1.0,0.1134020618556701,0.36082474226804123,0.3142857142857143
msmarco-passage-trec-dl-2020,1121353,pressure,8192,4496,3696,8192,0.548828125,800,22,0,-5.8671459555625916e-05,7688,0.4913672492473535,0.4913672492473535,1.0,0.12371134020618557,0.36082474226804123,0.34285714285714286
msmarco-passage-trec-dl-2020,1121353,pressure,10000,5000,5000,10000,0.5,0,23,0,-0.00012168288230895996,9418,0.4913672492473535,0.4913672492473535,1.0,0.13402061855670103,0.36082474226804123,0.37142857142857144
msmarco-passage-trec-dl-2020,1121353,allocation-grid-oracle,128,64,64,128,0.5,0,5,0,-0.0037574823945760727,121,0.4227129678634519,0.4913672492473535,0.8602790855738512,0.05154639175257732,0.36082474226804123,0.14285714285714285
msmarco-passage-trec-dl-2020,1121353,allocation-grid-oracle,256,112,144,256,0.4375,32,5,0,-0.0009692832827568054,241,0.4227129678634519,0.4913672492473535,0.8602790855738512,0.05154639175257732,0.36082474226804123,0.14285714285714285
msmarco-passage-trec-dl-2020,1121353,allocation-grid-oracle,512,224,288,512,0.4375,64,6,0,-0.00028412044048309326,472,0.4227129678634519,0.4913672492473535,0.8602790855738512,0.05154639175257732,0.36082474226804123,0.14285714285714285
msmarco-passage-trec-dl-2020,1121353,allocation-grid-oracle,1024,464,560,1024,0.453125,96,12,0,-7.050856947898865e-05,933,0.4913672492473535,0.4913672492473535,1.0,0.09278350515463918,0.36082474226804123,0.2571428571428572
msmarco-passage-trec-dl-2020,1121353,allocation-grid-oracle,2048,1168,880,2048,0.5703125,288,17,0,-6.867386400699615e-05,1889,0.4913672492473535,0.4913672492473535,1.0,0.1134020618556701,0.36082474226804123,0.3142857142857143
msmarco-passage-trec-dl-2020,1121353,allocation-grid-oracle,4096,2576,1520,4096,0.62890625,1056,19,0,-0.000156451016664505,3805,0.4913672492473535,0.4913672492473535,1.0,0.1134020618556701,0.36082474226804123,0.3142857142857143
msmarco-passage-trec-dl-2020,1121353,allocation-grid-oracle,8192,4488,3704,8192,0.5478515625,784,22,0,-5.8105215430259705e-05,7689,0.4913672492473535,0.4913672492473535,1.0,0.12371134020618557,0.36082474226804123,0.34285714285714286
msmarco-passage-trec-dl-2020,1121353,allocation-grid-oracle,10000,5000,5000,10000,0.5,0,23,0,-0.00012168288230895996,9418,0.4913672492473535,0.4913672492473535,1.0,0.13402061855670103,0.36082474226804123,0.37142857142857144
msmarco-passage-trec-dl-2020,1122767,balanced,128,64,64,128,0.5,0,14,0,-0.0010469723492860794,102,0.7051176108439066,0.7051176108439066,1.0,0.11382113821138211,0.4878048780487805,0.23333333333333334
msmarco-passage-trec-dl-2020,1122767,balanced,256,128,128,256,0.5,0,28,0,-0.0011449959129095078,205,0.7051176108439066,0.7051176108439066,1.0,0.18699186991869918,0.4878048780487805,0.3833333333333333
msmarco-passage-trec-dl-2020,1122767,balanced,512,256,256,512,0.5,0,34,0,-9.8375603556633e-05,416,0.7051176108439066,0.7051176108439066,1.0,0.22764227642276422,0.4878048780487805,0.4666666666666667
msmarco-passage-trec-dl-2020,1122767,balanced,1024,512,512,1024,0.5,0,41,0,-9.47657972574234e-05,874,0.7051176108439066,0.7051176108439066,1.0,0.2682926829268293,0.4878048780487805,0.55
msmarco-passage-trec-dl-2020,1122767,balanced,2048,1024,1024,2048,0.5,0,44,0,-0.00045332498848438263,1793,0.7051176108439066,0.7051176108439066,1.0,0.2845528455284553,0.4878048780487805,0.5833333333333334
msmarco-passage-trec-dl-2020,1122767,balanced,4096,2048,2048,4096,0.5,0,44,0,-5.198642611503601e-06,3597,0.7051176108439066,0.7051176108439066,1.0,0.2845528455284553,0.4878048780487805,0.5833333333333334
msmarco-passage-trec-dl-2020,1122767,balanced,8192,4096,4096,8192,0.5,0,46,0,-3.279838711023331e-05,6934,0.7051176108439066,0.7051176108439066,1.0,0.2926829268292683,0.4878048780487805,0.6
msmarco-passage-trec-dl-2020,1122767,balanced,10000,5000,5000,10000,0.5,0,48,0,-3.940798342227936e-05,8398,0.7051176108439066,0.7051176108439066,1.0,0.3089430894308943,0.4878048780487805,0.6333333333333334
msmarco-passage-trec-dl-2020,1122767,blocker,128,64,64,128,0.5,0,14,0,-0.0010469723492860794,102,0.7051176108439066,0.7051176108439066,1.0,0.11382113821138211,0.4878048780487805,0.23333333333333334
msmarco-passage-trec-dl-2020,1122767,blocker,256,128,128,256,0.5,0,28,0,-0.0011449959129095078,205,0.7051176108439066,0.7051176108439066,1.0,0.18699186991869918,0.4878048780487805,0.3833333333333333
msmarco-passage-trec-dl-2020,1122767,blocker,512,240,272,512,0.46875,32,34,0,-3.4052878618240356e-05,421,0.7051176108439066,0.7051176108439066,1.0,0.22764227642276422,0.4878048780487805,0.4666666666666667
msmarco-passage-trec-dl-2020,1122767,blocker,1024,480,544,1024,0.46875,64,41,0,-2.1439045667648315e-06,876,0.7051176108439066,0.7051176108439066,1.0,0.2682926829268293,0.4878048780487805,0.55
msmarco-passage-trec-dl-2020,1122767,blocker,2048,896,1152,2048,0.4375,256,44,0,-0.0003558974713087082,1800,0.7051176108439066,0.7051176108439066,1.0,0.2845528455284553,0.4878048780487805,0.5833333333333334
msmarco-passage-trec-dl-2020,1122767,blocker,4096,1568,2528,4096,0.3828125,960,45,0,-5.8127567172050476e-05,3605,0.7051176108439066,0.7051176108439066,1.0,0.2845528455284553,0.4878048780487805,0.5833333333333334
msmarco-passage-trec-dl-2020,1122767,blocker,8192,3192,5000,8192,0.3896484375,1808,48,0,-3.940798342227936e-05,6979,0.7051176108439066,0.7051176108439066,1.0,0.3089430894308943,0.4878048780487805,0.6333333333333334
msmarco-passage-trec-dl-2020,1122767,blocker,10000,5000,5000,10000,0.5,0,48,0,-3.940798342227936e-05,8398,0.7051176108439066,0.7051176108439066,1.0,0.3089430894308943,0.4878048780487805,0.6333333333333334
msmarco-passage-trec-dl-2020,1122767,candidate,128,64,64,128,0.5,0,14,0,-0.0010469723492860794,102,0.7051176108439066,0.7051176108439066,1.0,0.11382113821138211,0.4878048780487805,0.23333333333333334
msmarco-passage-trec-dl-2020,1122767,candidate,256,128,128,256,0.5,0,28,0,-0.0011449959129095078,205,0.7051176108439066,0.7051176108439066,1.0,0.18699186991869918,0.4878048780487805,0.3833333333333333
msmarco-passage-trec-dl-2020,1122767,candidate,512,240,272,512,0.46875,32,34,0,-3.4052878618240356e-05,421,0.7051176108439066,0.7051176108439066,1.0,0.22764227642276422,0.4878048780487805,0.4666666666666667
msmarco-passage-trec-dl-2020,1122767,candidate,1024,480,544,1024,0.46875,64,41,0,-2.1439045667648315e-06,876,0.7051176108439066,0.7051176108439066,1.0,0.2682926829268293,0.4878048780487805,0.55
msmarco-passage-trec-dl-2020,1122767,candidate,2048,896,1152,2048,0.4375,256,44,0,-0.0003558974713087082,1800,0.7051176108439066,0.7051176108439066,1.0,0.2845528455284553,0.4878048780487805,0.5833333333333334
msmarco-passage-trec-dl-2020,1122767,candidate,4096,1568,2528,4096,0.3828125,960,45,0,-5.8127567172050476e-05,3605,0.7051176108439066,0.7051176108439066,1.0,0.2845528455284553,0.4878048780487805,0.5833333333333334
msmarco-passage-trec-dl-2020,1122767,candidate,8192,3192,5000,8192,0.3896484375,1808,48,0,-3.940798342227936e-05,6979,0.7051176108439066,0.7051176108439066,1.0,0.3089430894308943,0.4878048780487805,0.6333333333333334
msmarco-passage-trec-dl-2020,1122767,candidate,10000,5000,5000,10000,0.5,0,48,0,-3.940798342227936e-05,8398,0.7051176108439066,0.7051176108439066,1.0,0.3089430894308943,0.4878048780487805,0.6333333333333334
msmarco-passage-trec-dl-2020,1122767,candidate-safe,128,64,64,128,0.5,0,14,0,-0.0010469723492860794,102,0.7051176108439066,0.7051176108439066,1.0,0.11382113821138211,0.4878048780487805,0.23333333333333334
msmarco-passage-trec-dl-2020,1122767,candidate-safe,256,128,128,256,0.5,0,28,0,-0.0011449959129095078,205,0.7051176108439066,0.7051176108439066,1.0,0.18699186991869918,0.4878048780487805,0.3833333333333333
msmarco-passage-trec-dl-2020,1122767,candidate-safe,512,240,272,512,0.46875,32,34,0,-3.4052878618240356e-05,421,0.7051176108439066,0.7051176108439066,1.0,0.22764227642276422,0.4878048780487805,0.4666666666666667
msmarco-passage-trec-dl-2020,1122767,candidate-safe,1024,480,544,1024,0.46875,64,41,0,-2.1439045667648315e-06,876,0.7051176108439066,0.7051176108439066,1.0,0.2682926829268293,0.4878048780487805,0.55
msmarco-passage-trec-dl-2020,1122767,candidate-safe,2048,896,1152,2048,0.4375,256,44,0,-0.0003558974713087082,1800,0.7051176108439066,0.7051176108439066,1.0,0.2845528455284553,0.4878048780487805,0.5833333333333334
msmarco-passage-trec-dl-2020,1122767,candidate-safe,4096,1568,2528,4096,0.3828125,960,45,0,-5.8127567172050476e-05,3605,0.7051176108439066,0.7051176108439066,1.0,0.2845528455284553,0.4878048780487805,0.5833333333333334
msmarco-passage-trec-dl-2020,1122767,candidate-safe,8192,3192,5000,8192,0.3896484375,1808,48,0,-3.940798342227936e-05,6979,0.7051176108439066,0.7051176108439066,1.0,0.3089430894308943,0.4878048780487805,0.6333333333333334
msmarco-passage-trec-dl-2020,1122767,candidate-safe,10000,5000,5000,10000,0.5,0,48,0,-3.940798342227936e-05,8398,0.7051176108439066,0.7051176108439066,1.0,0.3089430894308943,0.4878048780487805,0.6333333333333334
msmarco-passage-trec-dl-2020,1122767,pressure,128,64,64,128,0.5,0,14,0,-0.0010469723492860794,102,0.7051176108439066,0.7051176108439066,1.0,0.11382113821138211,0.4878048780487805,0.23333333333333334
msmarco-passage-trec-dl-2020,1122767,pressure,256,128,128,256,0.5,0,28,0,-0.0011449959129095078,205,0.7051176108439066,0.7051176108439066,1.0,0.18699186991869918,0.4878048780487805,0.3833333333333333
msmarco-passage-trec-dl-2020,1122767,pressure,512,256,256,512,0.5,0,34,0,-9.8375603556633e-05,416,0.7051176108439066,0.7051176108439066,1.0,0.22764227642276422,0.4878048780487805,0.4666666666666667
msmarco-passage-trec-dl-2020,1122767,pressure,1024,480,544,1024,0.46875,64,41,0,-2.1439045667648315e-06,876,0.7051176108439066,0.7051176108439066,1.0,0.2682926829268293,0.4878048780487805,0.55
msmarco-passage-trec-dl-2020,1122767,pressure,2048,1024,1024,2048,0.5,0,44,0,-0.00045332498848438263,1793,0.7051176108439066,0.7051176108439066,1.0,0.2845528455284553,0.4878048780487805,0.5833333333333334
msmarco-passage-trec-dl-2020,1122767,pressure,4096,1728,2368,4096,0.421875,640,45,0,-8.358992636203766e-05,3606,0.7051176108439066,0.7051176108439066,1.0,0.2845528455284553,0.4878048780487805,0.5833333333333334
msmarco-passage-trec-dl-2020,1122767,pressure,8192,3192,5000,8192,0.3896484375,1808,48,0,-3.940798342227936e-05,6979,0.7051176108439066,0.7051176108439066,1.0,0.3089430894308943,0.4878048780487805,0.6333333333333334
msmarco-passage-trec-dl-2020,1122767,pressure,10000,5000,5000,10000,0.5,0,48,0,-3.940798342227936e-05,8398,0.7051176108439066,0.7051176108439066,1.0,0.3089430894308943,0.4878048780487805,0.6333333333333334
msmarco-passage-trec-dl-2020,1122767,allocation-grid-oracle,128,64,64,128,0.5,0,14,0,-0.0010469723492860794,102,0.7051176108439066,0.7051176108439066,1.0,0.11382113821138211,0.4878048780487805,0.23333333333333334
msmarco-passage-trec-dl-2020,1122767,allocation-grid-oracle,256,128,128,256,0.5,0,28,0,-0.0011449959129095078,205,0.7051176108439066,0.7051176108439066,1.0,0.18699186991869918,0.4878048780487805,0.3833333333333333
msmarco-passage-trec-dl-2020,1122767,allocation-grid-oracle,512,240,272,512,0.46875,32,34,0,-3.4052878618240356e-05,421,0.7051176108439066,0.7051176108439066,1.0,0.22764227642276422,0.4878048780487805,0.4666666666666667
msmarco-passage-trec-dl-2020,1122767,allocation-grid-oracle,1024,480,544,1024,0.46875,64,41,0,-2.1439045667648315e-06,876,0.7051176108439066,0.7051176108439066,1.0,0.2682926829268293,0.4878048780487805,0.55
msmarco-passage-trec-dl-2020,1122767,allocation-grid-oracle,2048,896,1152,2048,0.4375,256,44,0,-0.0003558974713087082,1800,0.7051176108439066,0.7051176108439066,1.0,0.2845528455284553,0.4878048780487805,0.5833333333333334
msmarco-passage-trec-dl-2020,1122767,allocation-grid-oracle,4096,1568,2528,4096,0.3828125,960,45,0,-5.8127567172050476e-05,3605,0.7051176108439066,0.7051176108439066,1.0,0.2845528455284553,0.4878048780487805,0.5833333333333334
msmarco-passage-trec-dl-2020,1122767,allocation-grid-oracle,8192,3192,5000,8192,0.3896484375,1808,48,0,-3.940798342227936e-05,6979,0.7051176108439066,0.7051176108439066,1.0,0.3089430894308943,0.4878048780487805,0.6333333333333334
msmarco-passage-trec-dl-2020,1122767,allocation-grid-oracle,10000,5000,5000,10000,0.5,0,48,0,-3.940798342227936e-05,8398,0.7051176108439066,0.7051176108439066,1.0,0.3089430894308943,0.4878048780487805,0.6333333333333334
msmarco-passage-trec-dl-2020,1127540,balanced,128,64,64,128,0.5,0,18,0,-0.007667689584195614,110,0.931469863398378,0.931469863398378,1.0,0.6296296296296297,1.0,0.6296296296296297
msmarco-passage-trec-dl-2020,1127540,balanced,256,128,128,256,0.5,0,19,0,-0.004922323860228062,237,0.931469863398378,0.931469863398378,1.0,0.6666666666666666,1.0,0.6666666666666666
msmarco-passage-trec-dl-2020,1127540,balanced,512,256,256,512,0.5,0,19,0,-0.002767731435596943,493,0.931469863398378,0.931469863398378,1.0,0.6666666666666666,1.0,0.6666666666666666
msmarco-passage-trec-dl-2020,1127540,balanced,1024,512,512,1024,0.5,0,20,0,-0.0003192070871591568,1000,0.931469863398378,0.931469863398378,1.0,0.6666666666666666,1.0,0.6666666666666666
msmarco-passage-trec-dl-2020,1127540,balanced,2048,1024,1024,2048,0.5,0,21,0,-0.0005256840959191322,2023,0.931469863398378,0.931469863398378,1.0,0.7037037037037037,1.0,0.7037037037037037
msmarco-passage-trec-dl-2020,1127540,balanced,4096,2048,2048,4096,0.5,0,21,0,-7.75577500462532e-05,4064,0.931469863398378,0.931469863398378,1.0,0.7037037037037037,1.0,0.7037037037037037
msmarco-passage-trec-dl-2020,1127540,balanced,8192,4096,4096,8192,0.5,0,22,0,-0.00024061556905508041,8143,0.931469863398378,0.931469863398378,1.0,0.7037037037037037,1.0,0.7037037037037037
msmarco-passage-trec-dl-2020,1127540,balanced,10000,5000,5000,10000,0.5,0,22,0,-0.00019762851297855377,9934,0.931469863398378,0.931469863398378,1.0,0.7037037037037037,1.0,0.7037037037037037
msmarco-passage-trec-dl-2020,1127540,blocker,128,64,64,128,0.5,0,18,0,-0.007667689584195614,110,0.931469863398378,0.931469863398378,1.0,0.6296296296296297,1.0,0.6296296296296297
msmarco-passage-trec-dl-2020,1127540,blocker,256,128,128,256,0.5,0,19,0,-0.004922323860228062,237,0.931469863398378,0.931469863398378,1.0,0.6666666666666666,1.0,0.6666666666666666
msmarco-passage-trec-dl-2020,1127540,blocker,512,256,256,512,0.5,0,19,0,-0.002767731435596943,493,0.931469863398378,0.931469863398378,1.0,0.6666666666666666,1.0,0.6666666666666666
msmarco-passage-trec-dl-2020,1127540,blocker,1024,448,576,1024,0.4375,128,20,0,-0.00014328211545944214,1000,0.931469863398378,0.931469863398378,1.0,0.6666666666666666,1.0,0.6666666666666666
msmarco-passage-trec-dl-2020,1127540,blocker,2048,1024,1024,2048,0.5,0,21,0,-0.0005256840959191322,2023,0.931469863398378,0.931469863398378,1.0,0.7037037037037037,1.0,0.7037037037037037
msmarco-passage-trec-dl-2020,1127540,blocker,4096,2048,2048,4096,0.5,0,21,0,-7.75577500462532e-05,4064,0.931469863398378,0.931469863398378,1.0,0.7037037037037037,1.0,0.7037037037037037
msmarco-passage-trec-dl-2020,1127540,blocker,8192,5000,3192,8192,0.6103515625,1808,22,0,-0.00019762851297855377,8143,0.931469863398378,0.931469863398378,1.0,0.7037037037037037,1.0,0.7037037037037037
msmarco-passage-trec-dl-2020,1127540,blocker,10000,5000,5000,10000,0.5,0,22,0,-0.00019762851297855377,9934,0.931469863398378,0.931469863398378,1.0,0.7037037037037037,1.0,0.7037037037037037
msmarco-passage-trec-dl-2020,1127540,candidate,128,64,64,128,0.5,0,18,0,-0.007667689584195614,110,0.931469863398378,0.931469863398378,1.0,0.6296296296296297,1.0,0.6296296296296297
msmarco-passage-trec-dl-2020,1127540,candidate,256,64,192,256,0.25,128,18,0,-0.007667689584195614,238,0.931469863398378,0.931469863398378,1.0,0.6296296296296297,1.0,0.6296296296296297
msmarco-passage-trec-dl-2020,1127540,candidate,512,64,448,512,0.125,384,18,0,-0.007667689584195614,494,0.931469863398378,0.931469863398378,1.0,0.6296296296296297,1.0,0.6296296296296297
msmarco-passage-trec-dl-2020,1127540,candidate,1024,64,960,1024,0.0625,896,18,0,-0.007667689584195614,1006,0.931469863398378,0.931469863398378,1.0,0.6296296296296297,1.0,0.6296296296296297
msmarco-passage-trec-dl-2020,1127540,candidate,2048,64,1984,2048,0.03125,1920,18,0,-0.007667689584195614,2030,0.931469863398378,0.931469863398378,1.0,0.6296296296296297,1.0,0.6296296296296297
msmarco-passage-trec-dl-2020,1127540,candidate,4096,64,4032,4096,0.015625,3968,18,0,-0.007667689584195614,4078,0.931469863398378,0.931469863398378,1.0,0.6296296296296297,1.0,0.6296296296296297
msmarco-passage-trec-dl-2020,1127540,candidate,8192,3192,5000,8192,0.3896484375,1808,22,0,-0.0003075031563639641,8144,0.931469863398378,0.931469863398378,1.0,0.7037037037037037,1.0,0.7037037037037037
msmarco-passage-trec-dl-2020,1127540,candidate,10000,5000,5000,10000,0.5,0,22,0,-0.00019762851297855377,9934,0.931469863398378,0.931469863398378,1.0,0.7037037037037037,1.0,0.7037037037037037
msmarco-passage-trec-dl-2020,1127540,candidate-safe,128,64,64,128,0.5,0,18,0,-0.007667689584195614,110,0.931469863398378,0.931469863398378,1.0,0.6296296296296297,1.0,0.6296296296296297
msmarco-passage-trec-dl-2020,1127540,candidate-safe,256,64,192,256,0.25,128,18,0,-0.007667689584195614,238,0.931469863398378,0.931469863398378,1.0,0.6296296296296297,1.0,0.6296296296296297
msmarco-passage-trec-dl-2020,1127540,candidate-safe,512,64,448,512,0.125,384,18,0,-0.007667689584195614,494,0.931469863398378,0.931469863398378,1.0,0.6296296296296297,1.0,0.6296296296296297
msmarco-passage-trec-dl-2020,1127540,candidate-safe,1024,64,960,1024,0.0625,896,18,0,-0.007667689584195614,1006,0.931469863398378,0.931469863398378,1.0,0.6296296296296297,1.0,0.6296296296296297
msmarco-passage-trec-dl-2020,1127540,candidate-safe,2048,64,1984,2048,0.03125,1920,18,0,-0.007667689584195614,2030,0.931469863398378,0.931469863398378,1.0,0.6296296296296297,1.0,0.6296296296296297
msmarco-passage-trec-dl-2020,1127540,candidate-safe,4096,64,4032,4096,0.015625,3968,18,0,-0.007667689584195614,4078,0.931469863398378,0.931469863398378,1.0,0.6296296296296297,1.0,0.6296296296296297
msmarco-passage-trec-dl-2020,1127540,candidate-safe,8192,3192,5000,8192,0.3896484375,1808,22,0,-0.0003075031563639641,8144,0.931469863398378,0.931469863398378,1.0,0.7037037037037037,1.0,0.7037037037037037
msmarco-passage-trec-dl-2020,1127540,candidate-safe,10000,5000,5000,10000,0.5,0,22,0,-0.00019762851297855377,9934,0.931469863398378,0.931469863398378,1.0,0.7037037037037037,1.0,0.7037037037037037
msmarco-passage-trec-dl-2020,1127540,pressure,128,64,64,128,0.5,0,18,0,-0.007667689584195614,110,0.931469863398378,0.931469863398378,1.0,0.6296296296296297,1.0,0.6296296296296297
msmarco-passage-trec-dl-2020,1127540,pressure,256,128,128,256,0.5,0,19,0,-0.004922323860228062,237,0.931469863398378,0.931469863398378,1.0,0.6666666666666666,1.0,0.6666666666666666
msmarco-passage-trec-dl-2020,1127540,pressure,512,256,256,512,0.5,0,19,0,-0.002767731435596943,493,0.931469863398378,0.931469863398378,1.0,0.6666666666666666,1.0,0.6666666666666666
msmarco-passage-trec-dl-2020,1127540,pressure,1024,496,528,1024,0.484375,32,20,0,-0.00027163513004779816,1000,0.931469863398378,0.931469863398378,1.0,0.6666666666666666,1.0,0.6666666666666666
msmarco-passage-trec-dl-2020,1127540,pressure,2048,832,1216,2048,0.40625,384,21,0,-0.0007242513820528984,2024,0.931469863398378,0.931469863398378,1.0,0.7037037037037037,1.0,0.7037037037037037
msmarco-passage-trec-dl-2020,1127540,pressure,4096,2048,2048,4096,0.5,0,21,0,-7.75577500462532e-05,4064,0.931469863398378,0.931469863398378,1.0,0.7037037037037037,1.0,0.7037037037037037
msmarco-passage-trec-dl-2020,1127540,pressure,8192,5000,3192,8192,0.6103515625,1808,22,0,-0.00019762851297855377,8143,0.931469863398378,0.931469863398378,1.0,0.7037037037037037,1.0,0.7037037037037037
msmarco-passage-trec-dl-2020,1127540,pressure,10000,5000,5000,10000,0.5,0,22,0,-0.00019762851297855377,9934,0.931469863398378,0.931469863398378,1.0,0.7037037037037037,1.0,0.7037037037037037
msmarco-passage-trec-dl-2020,1127540,allocation-grid-oracle,128,64,64,128,0.5,0,18,0,-0.007667689584195614,110,0.931469863398378,0.931469863398378,1.0,0.6296296296296297,1.0,0.6296296296296297
msmarco-passage-trec-dl-2020,1127540,allocation-grid-oracle,256,128,128,256,0.5,0,19,0,-0.004922323860228062,237,0.931469863398378,0.931469863398378,1.0,0.6666666666666666,1.0,0.6666666666666666
msmarco-passage-trec-dl-2020,1127540,allocation-grid-oracle,512,336,176,512,0.65625,160,19,0,-0.0024120863527059555,492,0.931469863398378,0.931469863398378,1.0,0.6666666666666666,1.0,0.6666666666666666
msmarco-passage-trec-dl-2020,1127540,allocation-grid-oracle,1024,448,576,1024,0.4375,128,20,0,-0.00014328211545944214,1000,0.931469863398378,0.931469863398378,1.0,0.6666666666666666,1.0,0.6666666666666666
msmarco-passage-trec-dl-2020,1127540,allocation-grid-oracle,2048,1024,1024,2048,0.5,0,21,0,-0.0005256840959191322,2023,0.931469863398378,0.931469863398378,1.0,0.7037037037037037,1.0,0.7037037037037037
msmarco-passage-trec-dl-2020,1127540,allocation-grid-oracle,4096,2048,2048,4096,0.5,0,21,0,-7.75577500462532e-05,4064,0.931469863398378,0.931469863398378,1.0,0.7037037037037037,1.0,0.7037037037037037
msmarco-passage-trec-dl-2020,1127540,allocation-grid-oracle,8192,5000,3192,8192,0.6103515625,1808,22,0,-0.00019762851297855377,8143,0.931469863398378,0.931469863398378,1.0,0.7037037037037037,1.0,0.7037037037037037
msmarco-passage-trec-dl-2020,1127540,allocation-grid-oracle,10000,5000,5000,10000,0.5,0,22,0,-0.00019762851297855377,9934,0.931469863398378,0.931469863398378,1.0,0.7037037037037037,1.0,0.7037037037037037
msmarco-passage-trec-dl-2020,1131069,balanced,128,64,64,128,0.5,0,25,0,-0.0001960061490535736,92,0.6049306994552043,0.6049306994552043,1.0,1.0,1.0,1.0
msmarco-passage-trec-dl-2020,1131069,balanced,256,128,128,256,0.5,0,31,0,-0.00043055228888988495,211,0.6049306994552043,0.6049306994552043,1.0,1.0,1.0,1.0
msmarco-passage-trec-dl-2020,1131069,balanced,512,256,256,512,0.5,0,40,0,-0.000338040292263031,454,0.6049306994552043,0.6049306994552043,1.0,1.0,1.0,1.0
msmarco-passage-trec-dl-2020,1131069,balanced,1024,512,512,1024,0.5,0,42,0,-2.9869377613067627e-05,943,0.6049306994552043,0.6049306994552043,1.0,1.0,1.0,1.0
msmarco-passage-trec-dl-2020,1131069,balanced,2048,1024,1024,2048,0.5,0,45,0,-0.00030183419585227966,1927,0.6049306994552043,0.6049306994552043,1.0,1.0,1.0,1.0
msmarco-passage-trec-dl-2020,1131069,balanced,4096,2048,2048,4096,0.5,0,55,0,-0.00021272432059049606,3886,0.6049306994552043,0.6049306994552043,1.0,1.0,1.0,1.0
msmarco-passage-trec-dl-2020,1131069,balanced,8192,4096,4096,8192,0.5,0,60,0,-7.674377411603928e-05,7794,0.6049306994552043,0.6049306994552043,1.0,1.0,1.0,1.0
msmarco-passage-trec-dl-2020,1131069,balanced,10000,5000,5000,10000,0.5,0,60,0,-3.3756718039512634e-05,9511,0.6049306994552043,0.6049306994552043,1.0,1.0,1.0,1.0
msmarco-passage-trec-dl-2020,1131069,blocker,128,48,80,128,0.375,32,26,0,-0.0006815344095230103,95,0.6049306994552043,0.6049306994552043,1.0,1.0,1.0,1.0
msmarco-passage-trec-dl-2020,1131069,blocker,256,96,160,256,0.375,64,33,0,-0.00023346580564975739,213,0.6049306994552043,0.6049306994552043,1.0,1.0,1.0,1.0
msmarco-passage-trec-dl-2020,1131069,blocker,512,176,336,512,0.34375,160,41,0,-0.0004490166902542114,456,0.6049306994552043,0.6049306994552043,1.0,1.0,1.0,1.0
msmarco-passage-trec-dl-2020,1131069,blocker,1024,272,752,1024,0.265625,480,43,0,-0.0001794779673218727,954,0.6049306994552043,0.6049306994552043,1.0,1.0,1.0,1.0
msmarco-passage-trec-dl-2020,1131069,blocker,2048,496,1552,2048,0.2421875,1056,46,0,-1.284666359424591e-05,1945,0.6049306994552043,0.6049306994552043,1.0,1.0,1.0,1.0
msmarco-passage-trec-dl-2020,1131069,blocker,4096,1424,2672,4096,0.34765625,1248,55,0,-0.00010437332093715668,3901,0.6049306994552043,0.6049306994552043,1.0,1.0,1.0,1.0
msmarco-passage-trec-dl-2020,1131069,blocker,8192,3192,5000,8192,0.3896484375,1808,60,0,-3.3756718039512634e-05,7806,0.6049306994552043,0.6049306994552043,1.0,1.0,1.0,1.0
msmarco-passage-trec-dl-2020,1131069,blocker,10000,5000,5000,10000,0.5,0,60,0,-3.3756718039512634e-05,9511,0.6049306994552043,0.6049306994552043,1.0,1.0,1.0,1.0
msmarco-passage-trec-dl-2020,1131069,candidate,128,48,80,128,0.375,32,26,0,-0.0006815344095230103,95,0.6049306994552043,0.6049306994552043,1.0,1.0,1.0,1.0
msmarco-passage-trec-dl-2020,1131069,candidate,256,96,160,256,0.375,64,33,0,-0.00023346580564975739,213,0.6049306994552043,0.6049306994552043,1.0,1.0,1.0,1.0
msmarco-passage-trec-dl-2020,1131069,candidate,512,176,336,512,0.34375,160,41,0,-0.0004490166902542114,456,0.6049306994552043,0.6049306994552043,1.0,1.0,1.0,1.0
msmarco-passage-trec-dl-2020,1131069,candidate,1024,272,752,1024,0.265625,480,43,0,-0.0001794779673218727,954,0.6049306994552043,0.6049306994552043,1.0,1.0,1.0,1.0
msmarco-passage-trec-dl-2020,1131069,candidate,2048,368,1680,2048,0.1796875,1312,46,0,-0.0005507348105311394,1958,0.6049306994552043,0.6049306994552043,1.0,1.0,1.0,1.0
msmarco-passage-trec-dl-2020,1131069,candidate,4096,368,3728,4096,0.08984375,3360,46,0,-0.0005507348105311394,3980,0.6049306994552043,0.6049306994552043,1.0,1.0,1.0,1.0
msmarco-passage-trec-dl-2020,1131069,candidate,8192,3192,5000,8192,0.3896484375,1808,60,0,-3.3756718039512634e-05,7806,0.6049306994552043,0.6049306994552043,1.0,1.0,1.0,1.0
msmarco-passage-trec-dl-2020,1131069,candidate,10000,5000,5000,10000,0.5,0,60,0,-3.3756718039512634e-05,9511,0.6049306994552043,0.6049306994552043,1.0,1.0,1.0,1.0
msmarco-passage-trec-dl-2020,1131069,candidate-safe,128,48,80,128,0.375,32,26,0,-0.0006815344095230103,95,0.6049306994552043,0.6049306994552043,1.0,1.0,1.0,1.0
msmarco-passage-trec-dl-2020,1131069,candidate-safe,256,96,160,256,0.375,64,33,0,-0.00023346580564975739,213,0.6049306994552043,0.6049306994552043,1.0,1.0,1.0,1.0
msmarco-passage-trec-dl-2020,1131069,candidate-safe,512,176,336,512,0.34375,160,41,0,-0.0004490166902542114,456,0.6049306994552043,0.6049306994552043,1.0,1.0,1.0,1.0
msmarco-passage-trec-dl-2020,1131069,candidate-safe,1024,272,752,1024,0.265625,480,43,0,-0.0001794779673218727,954,0.6049306994552043,0.6049306994552043,1.0,1.0,1.0,1.0
msmarco-passage-trec-dl-2020,1131069,candidate-safe,2048,368,1680,2048,0.1796875,1312,46,0,-0.0005507348105311394,1958,0.6049306994552043,0.6049306994552043,1.0,1.0,1.0,1.0
msmarco-passage-trec-dl-2020,1131069,candidate-safe,4096,368,3728,4096,0.08984375,3360,46,0,-0.0005507348105311394,3980,0.6049306994552043,0.6049306994552043,1.0,1.0,1.0,1.0
msmarco-passage-trec-dl-2020,1131069,candidate-safe,8192,3192,5000,8192,0.3896484375,1808,60,0,-3.3756718039512634e-05,7806,0.6049306994552043,0.6049306994552043,1.0,1.0,1.0,1.0
msmarco-passage-trec-dl-2020,1131069,candidate-safe,10000,5000,5000,10000,0.5,0,60,0,-3.3756718039512634e-05,9511,0.6049306994552043,0.6049306994552043,1.0,1.0,1.0,1.0
msmarco-passage-trec-dl-2020,1131069,pressure,128,48,80,128,0.375,32,26,0,-0.0006815344095230103,95,0.6049306994552043,0.6049306994552043,1.0,1.0,1.0,1.0
msmarco-passage-trec-dl-2020,1131069,pressure,256,96,160,256,0.375,64,33,0,-0.00023346580564975739,213,0.6049306994552043,0.6049306994552043,1.0,1.0,1.0,1.0
msmarco-passage-trec-dl-2020,1131069,pressure,512,208,304,512,0.40625,96,41,0,-0.0006710179150104523,455,0.6049306994552043,0.6049306994552043,1.0,1.0,1.0,1.0
msmarco-passage-trec-dl-2020,1131069,pressure,1024,304,720,1024,0.296875,416,43,0,-0.00023000221699476242,954,0.6049306994552043,0.6049306994552043,1.0,1.0,1.0,1.0
msmarco-passage-trec-dl-2020,1131069,pressure,2048,496,1552,2048,0.2421875,1056,46,0,-1.284666359424591e-05,1945,0.6049306994552043,0.6049306994552043,1.0,1.0,1.0,1.0
msmarco-passage-trec-dl-2020,1131069,pressure,4096,1424,2672,4096,0.34765625,1248,55,0,-0.00010437332093715668,3901,0.6049306994552043,0.6049306994552043,1.0,1.0,1.0,1.0
msmarco-passage-trec-dl-2020,1131069,pressure,8192,3192,5000,8192,0.3896484375,1808,60,0,-3.3756718039512634e-05,7806,0.6049306994552043,0.6049306994552043,1.0,1.0,1.0,1.0
msmarco-passage-trec-dl-2020,1131069,pressure,10000,5000,5000,10000,0.5,0,60,0,-3.3756718039512634e-05,9511,0.6049306994552043,0.6049306994552043,1.0,1.0,1.0,1.0
msmarco-passage-trec-dl-2020,1131069,allocation-grid-oracle,128,48,80,128,0.375,32,26,0,-0.0006815344095230103,95,0.6049306994552043,0.6049306994552043,1.0,1.0,1.0,1.0
msmarco-passage-trec-dl-2020,1131069,allocation-grid-oracle,256,96,160,256,0.375,64,33,0,-0.00023346580564975739,213,0.6049306994552043,0.6049306994552043,1.0,1.0,1.0,1.0
msmarco-passage-trec-dl-2020,1131069,allocation-grid-oracle,512,176,336,512,0.34375,160,41,0,-0.0004490166902542114,456,0.6049306994552043,0.6049306994552043,1.0,1.0,1.0,1.0
msmarco-passage-trec-dl-2020,1131069,allocation-grid-oracle,1024,272,752,1024,0.265625,480,43,0,-0.0001794779673218727,954,0.6049306994552043,0.6049306994552043,1.0,1.0,1.0,1.0
msmarco-passage-trec-dl-2020,1131069,allocation-grid-oracle,2048,496,1552,2048,0.2421875,1056,46,0,-1.284666359424591e-05,1945,0.6049306994552043,0.6049306994552043,1.0,1.0,1.0,1.0
msmarco-passage-trec-dl-2020,1131069,allocation-grid-oracle,4096,1424,2672,4096,0.34765625,1248,55,0,-0.00010437332093715668,3901,0.6049306994552043,0.6049306994552043,1.0,1.0,1.0,1.0
msmarco-passage-trec-dl-2020,1131069,allocation-grid-oracle,8192,3192,5000,8192,0.3896484375,1808,60,0,-3.3756718039512634e-05,7806,0.6049306994552043,0.6049306994552043,1.0,1.0,1.0,1.0
msmarco-passage-trec-dl-2020,1131069,allocation-grid-oracle,10000,5000,5000,10000,0.5,0,60,0,-3.3756718039512634e-05,9511,0.6049306994552043,0.6049306994552043,1.0,1.0,1.0,1.0
msmarco-passage-trec-dl-2020,1132532,balanced,128,64,64,128,0.5,0,4,0,-8.609145879745483e-06,112,0.1613250560307022,0.3210068077924834,0.5025596096858845,0.02727272727272727,0.509090909090909,0.053571428571428575
msmarco-passage-trec-dl-2020,1132532,balanced,256,128,128,256,0.5,0,11,0,-0.00018228404223918915,223,0.3210068077924834,0.3210068077924834,1.0,0.08181818181818182,0.509090909090909,0.16071428571428573
msmarco-passage-trec-dl-2020,1132532,balanced,512,256,256,512,0.5,0,20,0,-2.7803704142570496e-05,449,0.3210068077924834,0.3210068077924834,1.0,0.16363636363636364,0.509090909090909,0.32142857142857145
msmarco-passage-trec-dl-2020,1132532,balanced,1024,512,512,1024,0.5,0,32,0,-0.0005724001675844193,876,0.3210068077924834,0.3210068077924834,1.0,0.24545454545454545,0.509090909090909,0.4821428571428572
msmarco-passage-trec-dl-2020,1132532,balanced,2048,1024,1024,2048,0.5,0,37,0,-0.0006411466747522354,1759,0.3210068077924834,0.3210068077924834,1.0,0.2909090909090909,0.509090909090909,0.5714285714285715
msmarco-passage-trec-dl-2020,1132532,balanced,4096,2048,2048,4096,0.5,0,37,0,-0.00019302219152450562,3574,0.3210068077924834,0.3210068077924834,1.0,0.2909090909090909,0.509090909090909,0.5714285714285715
msmarco-passage-trec-dl-2020,1132532,balanced,8192,4096,4096,8192,0.5,0,43,0,-3.773067146539688e-05,7171,0.3210068077924834,0.3210068077924834,1.0,0.3090909090909091,0.509090909090909,0.6071428571428572
msmarco-passage-trec-dl-2020,1132532,balanced,10000,5000,5000,10000,0.5,0,44,0,-6.80210068821907e-05,8722,0.3210068077924834,0.3210068077924834,1.0,0.3181818181818182,0.509090909090909,0.625
msmarco-passage-trec-dl-2020,1132532,blocker,128,64,64,128,0.5,0,4,0,-8.609145879745483e-06,112,0.1613250560307022,0.3210068077924834,0.5025596096858845,0.02727272727272727,0.509090909090909,0.053571428571428575
msmarco-passage-trec-dl-2020,1132532,blocker,256,112,144,256,0.4375,32,11,0,-0.0001394525170326233,222,0.3210068077924834,0.3210068077924834,1.0,0.08181818181818182,0.509090909090909,0.16071428571428573
msmarco-passage-trec-dl-2020,1132532,blocker,512,208,304,512,0.40625,96,27,0,-0.00014769472181797028,449,0.3210068077924834,0.3210068077924834,1.0,0.21818181818181817,0.509090909090909,0.4285714285714286
msmarco-passage-trec-dl-2020,1132532,blocker,1024,352,672,1024,0.34375,320,32,0,-4.062056541442871e-05,882,0.3210068077924834,0.3210068077924834,1.0,0.24545454545454545,0.509090909090909,0.4821428571428572
msmarco-passage-trec-dl-2020,1132532,blocker,2048,1232,816,2048,0.6015625,416,37,0,-0.0004926323890686035,1753,0.3210068077924834,0.3210068077924834,1.0,0.2909090909090909,0.509090909090909,0.5714285714285715
msmarco-passage-trec-dl-2020,1132532,blocker,4096,3072,1024,4096,0.75,2048,43,0,-0.00011639948934316635,3678,0.3210068077924834,0.3210068077924834,1.0,0.3090909090909091,0.509090909090909,0.6071428571428572
msmarco-passage-trec-dl-2020,1132532,blocker,8192,5000,3192,8192,0.6103515625,1808,44,0,-6.80210068821907e-05,7260,0.3210068077924834,0.3210068077924834,1.0,0.3181818181818182,0.509090909090909,0.625
msmarco-passage-trec-dl-2020,1132532,blocker,10000,5000,5000,10000,0.5,0,44,0,-6.80210068821907e-05,8722,0.3210068077924834,0.3210068077924834,1.0,0.3181818181818182,0.509090909090909,0.625
msmarco-passage-trec-dl-2020,1132532,candidate,128,64,64,128,0.5,0,4,0,-8.609145879745483e-06,112,0.1613250560307022,0.3210068077924834,0.5025596096858845,0.02727272727272727,0.509090909090909,0.053571428571428575
msmarco-passage-trec-dl-2020,1132532,candidate,256,112,144,256,0.4375,32,11,0,-0.0001394525170326233,222,0.3210068077924834,0.3210068077924834,1.0,0.08181818181818182,0.509090909090909,0.16071428571428573
msmarco-passage-trec-dl-2020,1132532,candidate,512,208,304,512,0.40625,96,27,0,-0.00014769472181797028,449,0.3210068077924834,0.3210068077924834,1.0,0.21818181818181817,0.509090909090909,0.4285714285714286
msmarco-passage-trec-dl-2020,1132532,candidate,1024,352,672,1024,0.34375,320,32,0,-4.062056541442871e-05,882,0.3210068077924834,0.3210068077924834,1.0,0.24545454545454545,0.509090909090909,0.4821428571428572
msmarco-passage-trec-dl-2020,1132532,candidate,2048,1200,848,2048,0.5859375,352,37,0,-0.0005122888833284378,1753,0.3210068077924834,0.3210068077924834,1.0,0.2909090909090909,0.509090909090909,0.5714285714285715
msmarco-passage-trec-dl-2020,1132532,candidate,4096,3072,1024,4096,0.75,2048,43,0,-0.00011639948934316635,3678,0.3210068077924834,0.3210068077924834,1.0,0.3090909090909091,0.509090909090909,0.6071428571428572
msmarco-passage-trec-dl-2020,1132532,candidate,8192,5000,3192,8192,0.6103515625,1808,44,0,-6.80210068821907e-05,7260,0.3210068077924834,0.3210068077924834,1.0,0.3181818181818182,0.509090909090909,0.625
msmarco-passage-trec-dl-2020,1132532,candidate,10000,5000,5000,10000,0.5,0,44,0,-6.80210068821907e-05,8722,0.3210068077924834,0.3210068077924834,1.0,0.3181818181818182,0.509090909090909,0.625
msmarco-passage-trec-dl-2020,1132532,candidate-safe,128,64,64,128,0.5,0,4,0,-8.609145879745483e-06,112,0.1613250560307022,0.3210068077924834,0.5025596096858845,0.02727272727272727,0.509090909090909,0.053571428571428575
msmarco-passage-trec-dl-2020,1132532,candidate-safe,256,112,144,256,0.4375,32,11,0,-0.0001394525170326233,222,0.3210068077924834,0.3210068077924834,1.0,0.08181818181818182,0.509090909090909,0.16071428571428573
msmarco-passage-trec-dl-2020,1132532,candidate-safe,512,208,304,512,0.40625,96,27,0,-0.00014769472181797028,449,0.3210068077924834,0.3210068077924834,1.0,0.21818181818181817,0.509090909090909,0.4285714285714286
msmarco-passage-trec-dl-2020,1132532,candidate-safe,1024,352,672,1024,0.34375,320,32,0,-4.062056541442871e-05,882,0.3210068077924834,0.3210068077924834,1.0,0.24545454545454545,0.509090909090909,0.4821428571428572
msmarco-passage-trec-dl-2020,1132532,candidate-safe,2048,1200,848,2048,0.5859375,352,37,0,-0.0005122888833284378,1753,0.3210068077924834,0.3210068077924834,1.0,0.2909090909090909,0.509090909090909,0.5714285714285715
msmarco-passage-trec-dl-2020,1132532,candidate-safe,4096,3072,1024,4096,0.75,2048,43,0,-0.00011639948934316635,3678,0.3210068077924834,0.3210068077924834,1.0,0.3090909090909091,0.509090909090909,0.6071428571428572
msmarco-passage-trec-dl-2020,1132532,candidate-safe,8192,5000,3192,8192,0.6103515625,1808,44,0,-6.80210068821907e-05,7260,0.3210068077924834,0.3210068077924834,1.0,0.3181818181818182,0.509090909090909,0.625
msmarco-passage-trec-dl-2020,1132532,candidate-safe,10000,5000,5000,10000,0.5,0,44,0,-6.80210068821907e-05,8722,0.3210068077924834,0.3210068077924834,1.0,0.3181818181818182,0.509090909090909,0.625
msmarco-passage-trec-dl-2020,1132532,pressure,128,64,64,128,0.5,0,4,0,-8.609145879745483e-06,112,0.1613250560307022,0.3210068077924834,0.5025596096858845,0.02727272727272727,0.509090909090909,0.053571428571428575
msmarco-passage-trec-dl-2020,1132532,pressure,256,128,128,256,0.5,0,11,0,-0.00018228404223918915,223,0.3210068077924834,0.3210068077924834,1.0,0.08181818181818182,0.509090909090909,0.16071428571428573
msmarco-passage-trec-dl-2020,1132532,pressure,512,208,304,512,0.40625,96,27,0,-0.00014769472181797028,449,0.3210068077924834,0.3210068077924834,1.0,0.21818181818181817,0.509090909090909,0.4285714285714286
msmarco-passage-trec-dl-2020,1132532,pressure,1024,368,656,1024,0.359375,288,32,0,-5.175173282623291e-05,877,0.3210068077924834,0.3210068077924834,1.0,0.24545454545454545,0.509090909090909,0.4821428571428572
msmarco-passage-trec-dl-2020,1132532,pressure,2048,1232,816,2048,0.6015625,416,37,0,-0.0004926323890686035,1753,0.3210068077924834,0.3210068077924834,1.0,0.2909090909090909,0.509090909090909,0.5714285714285715
msmarco-passage-trec-dl-2020,1132532,pressure,4096,2912,1184,4096,0.7109375,1728,43,0,-0.00013358891010284424,3646,0.3210068077924834,0.3210068077924834,1.0,0.3090909090909091,0.509090909090909,0.6071428571428572
msmarco-passage-trec-dl-2020,1132532,pressure,8192,5000,3192,8192,0.6103515625,1808,44,0,-6.80210068821907e-05,7260,0.3210068077924834,0.3210068077924834,1.0,0.3181818181818182,0.509090909090909,0.625
msmarco-passage-trec-dl-2020,1132532,pressure,10000,5000,5000,10000,0.5,0,44,0,-6.80210068821907e-05,8722,0.3210068077924834,0.3210068077924834,1.0,0.3181818181818182,0.509090909090909,0.625
msmarco-passage-trec-dl-2020,1132532,allocation-grid-oracle,128,64,64,128,0.5,0,4,0,-8.609145879745483e-06,112,0.1613250560307022,0.3210068077924834,0.5025596096858845,0.02727272727272727,0.509090909090909,0.053571428571428575
msmarco-passage-trec-dl-2020,1132532,allocation-grid-oracle,256,112,144,256,0.4375,32,11,0,-0.0001394525170326233,222,0.3210068077924834,0.3210068077924834,1.0,0.08181818181818182,0.509090909090909,0.16071428571428573
msmarco-passage-trec-dl-2020,1132532,allocation-grid-oracle,512,208,304,512,0.40625,96,27,0,-0.00014769472181797028,449,0.3210068077924834,0.3210068077924834,1.0,0.21818181818181817,0.509090909090909,0.4285714285714286
msmarco-passage-trec-dl-2020,1132532,allocation-grid-oracle,1024,352,672,1024,0.34375,320,32,0,-4.062056541442871e-05,882,0.3210068077924834,0.3210068077924834,1.0,0.24545454545454545,0.509090909090909,0.4821428571428572
msmarco-passage-trec-dl-2020,1132532,allocation-grid-oracle,2048,1232,816,2048,0.6015625,416,37,0,-0.0004926323890686035,1753,0.3210068077924834,0.3210068077924834,1.0,0.2909090909090909,0.509090909090909,0.5714285714285715
msmarco-passage-trec-dl-2020,1132532,allocation-grid-oracle,4096,3072,1024,4096,0.75,2048,43,0,-0.00011639948934316635,3678,0.3210068077924834,0.3210068077924834,1.0,0.3090909090909091,0.509090909090909,0.6071428571428572
msmarco-passage-trec-dl-2020,1132532,allocation-grid-oracle,8192,5000,3192,8192,0.6103515625,1808,44,0,-6.80210068821907e-05,7260,0.3210068077924834,0.3210068077924834,1.0,0.3181818181818182,0.509090909090909,0.625
msmarco-passage-trec-dl-2020,1132532,allocation-grid-oracle,10000,5000,5000,10000,0.5,0,44,0,-6.80210068821907e-05,8722,0.3210068077924834,0.3210068077924834,1.0,0.3181818181818182,0.509090909090909,0.625
msmarco-passage-trec-dl-2020,1133579,balanced,128,64,64,128,0.5,0,11,0,-0.0003111567348241806,96,0.8195216300658996,0.8195216300658996,1.0,0.14285714285714285,0.8701298701298701,0.16417910447761194
msmarco-passage-trec-dl-2020,1133579,balanced,256,128,128,256,0.5,0,32,0,-0.00035808421671390533,181,0.8195216300658996,0.8195216300658996,1.0,0.37662337662337664,0.8701298701298701,0.4328358208955224
msmarco-passage-trec-dl-2020,1133579,balanced,512,256,256,512,0.5,0,42,0,-0.00017035938799381256,399,0.8195216300658996,0.8195216300658996,1.0,0.4935064935064935,0.8701298701298701,0.5671641791044776
msmarco-passage-trec-dl-2020,1133579,balanced,1024,512,512,1024,0.5,0,52,0,-3.223493695259094e-05,868,0.8195216300658996,0.8195216300658996,1.0,0.5844155844155844,0.8701298701298701,0.6716417910447762
msmarco-passage-trec-dl-2020,1133579,balanced,2048,1024,1024,2048,0.5,0,70,0,-0.0002214144915342331,1849,0.8195216300658996,0.8195216300658996,1.0,0.7532467532467533,0.8701298701298701,0.8656716417910448
msmarco-passage-trec-dl-2020,1133579,balanced,4096,2048,2048,4096,0.5,0,87,0,-4.0045008063316345e-05,3841,0.8195216300658996,0.8195216300658996,1.0,0.8441558441558441,0.8701298701298701,0.9701492537313433
msmarco-passage-trec-dl-2020,1133579,balanced,8192,4096,4096,8192,0.5,0,90,0,-5.2998773753643036e-05,7838,0.8195216300658996,0.8195216300658996,1.0,0.8571428571428571,0.8701298701298701,0.9850746268656716
msmarco-passage-trec-dl-2020,1133579,balanced,10000,5000,5000,10000,0.5,0,90,0,-1.0011717677116394e-05,9610,0.8195216300658996,0.8195216300658996,1.0,0.8571428571428571,0.8701298701298701,0.9850746268656716
msmarco-passage-trec-dl-2020,1133579,blocker,128,64,64,128,0.5,0,11,0,-0.0003111567348241806,96,0.8195216300658996,0.8195216300658996,1.0,0.14285714285714285,0.8701298701298701,0.16417910447761194
msmarco-passage-trec-dl-2020,1133579,blocker,256,144,112,256,0.5625,32,33,0,-4.729442298412323e-05,179,0.8195216300658996,0.8195216300658996,1.0,0.38961038961038963,0.8701298701298701,0.4477611940298508
msmarco-passage-trec-dl-2020,1133579,blocker,512,320,192,512,0.625,128,46,0,-0.00015905126929283142,404,0.8195216300658996,0.8195216300658996,1.0,0.5064935064935064,0.8701298701298701,0.582089552238806
msmarco-passage-trec-dl-2020,1133579,blocker,1024,640,384,1024,0.625,256,63,0,-2.6617199182510376e-06,875,0.8195216300658996,0.8195216300658996,1.0,0.7012987012987013,0.8701298701298701,0.8059701492537314
msmarco-passage-trec-dl-2020,1133579,blocker,2048,1616,432,2048,0.7890625,1184,86,0,-9.534880518913269e-06,1863,0.8195216300658996,0.8195216300658996,1.0,0.8441558441558441,0.8701298701298701,0.9701492537313433
msmarco-passage-trec-dl-2020,1133579,blocker,4096,3664,432,4096,0.89453125,3232,89,0,-8.818693459033966e-06,3892,0.8195216300658996,0.8195216300658996,1.0,0.8571428571428571,0.8701298701298701,0.9850746268656716
msmarco-passage-trec-dl-2020,1133579,blocker,8192,5000,3192,8192,0.6103515625,1808,90,0,-1.0011717677116394e-05,7838,0.8195216300658996,0.8195216300658996,1.0,0.8571428571428571,0.8701298701298701,0.9850746268656716
msmarco-passage-trec-dl-2020,1133579,blocker,10000,5000,5000,10000,0.5,0,90,0,-1.0011717677116394e-05,9610,0.8195216300658996,0.8195216300658996,1.0,0.8571428571428571,0.8701298701298701,0.9850746268656716
msmarco-passage-trec-dl-2020,1133579,candidate,128,64,64,128,0.5,0,11,0,-0.0003111567348241806,96,0.8195216300658996,0.8195216300658996,1.0,0.14285714285714285,0.8701298701298701,0.16417910447761194
msmarco-passage-trec-dl-2020,1133579,candidate,256,144,112,256,0.5625,32,33,0,-4.729442298412323e-05,179,0.8195216300658996,0.8195216300658996,1.0,0.38961038961038963,0.8701298701298701,0.4477611940298508
msmarco-passage-trec-dl-2020,1133579,candidate,512,320,192,512,0.625,128,46,0,-0.00015905126929283142,404,0.8195216300658996,0.8195216300658996,1.0,0.5064935064935064,0.8701298701298701,0.582089552238806
msmarco-passage-trec-dl-2020,1133579,candidate,1024,640,384,1024,0.625,256,63,0,-2.6617199182510376e-06,875,0.8195216300658996,0.8195216300658996,1.0,0.7012987012987013,0.8701298701298701,0.8059701492537314
msmarco-passage-trec-dl-2020,1133579,candidate,2048,1616,432,2048,0.7890625,1184,86,0,-9.534880518913269e-06,1863,0.8195216300658996,0.8195216300658996,1.0,0.8441558441558441,0.8701298701298701,0.9701492537313433
msmarco-passage-trec-dl-2020,1133579,candidate,4096,3664,432,4096,0.89453125,3232,89,0,-8.818693459033966e-06,3892,0.8195216300658996,0.8195216300658996,1.0,0.8571428571428571,0.8701298701298701,0.9850746268656716
msmarco-passage-trec-dl-2020,1133579,candidate,8192,5000,3192,8192,0.6103515625,1808,90,0,-1.0011717677116394e-05,7838,0.8195216300658996,0.8195216300658996,1.0,0.8571428571428571,0.8701298701298701,0.9850746268656716
msmarco-passage-trec-dl-2020,1133579,candidate,10000,5000,5000,10000,0.5,0,90,0,-1.0011717677116394e-05,9610,0.8195216300658996,0.8195216300658996,1.0,0.8571428571428571,0.8701298701298701,0.9850746268656716
msmarco-passage-trec-dl-2020,1133579,candidate-safe,128,64,64,128,0.5,0,11,0,-0.0003111567348241806,96,0.8195216300658996,0.8195216300658996,1.0,0.14285714285714285,0.8701298701298701,0.16417910447761194
msmarco-passage-trec-dl-2020,1133579,candidate-safe,256,144,112,256,0.5625,32,33,0,-4.729442298412323e-05,179,0.8195216300658996,0.8195216300658996,1.0,0.38961038961038963,0.8701298701298701,0.4477611940298508
msmarco-passage-trec-dl-2020,1133579,candidate-safe,512,320,192,512,0.625,128,46,0,-0.00015905126929283142,404,0.8195216300658996,0.8195216300658996,1.0,0.5064935064935064,0.8701298701298701,0.582089552238806
msmarco-passage-trec-dl-2020,1133579,candidate-safe,1024,640,384,1024,0.625,256,63,0,-2.6617199182510376e-06,875,0.8195216300658996,0.8195216300658996,1.0,0.7012987012987013,0.8701298701298701,0.8059701492537314
msmarco-passage-trec-dl-2020,1133579,candidate-safe,2048,1616,432,2048,0.7890625,1184,86,0,-9.534880518913269e-06,1863,0.8195216300658996,0.8195216300658996,1.0,0.8441558441558441,0.8701298701298701,0.9701492537313433
msmarco-passage-trec-dl-2020,1133579,candidate-safe,4096,3664,432,4096,0.89453125,3232,89,0,-8.818693459033966e-06,3892,0.8195216300658996,0.8195216300658996,1.0,0.8571428571428571,0.8701298701298701,0.9850746268656716
msmarco-passage-trec-dl-2020,1133579,candidate-safe,8192,5000,3192,8192,0.6103515625,1808,90,0,-1.0011717677116394e-05,7838,0.8195216300658996,0.8195216300658996,1.0,0.8571428571428571,0.8701298701298701,0.9850746268656716
msmarco-passage-trec-dl-2020,1133579,candidate-safe,10000,5000,5000,10000,0.5,0,90,0,-1.0011717677116394e-05,9610,0.8195216300658996,0.8195216300658996,1.0,0.8571428571428571,0.8701298701298701,0.9850746268656716
msmarco-passage-trec-dl-2020,1133579,pressure,128,64,64,128,0.5,0,11,0,-0.0003111567348241806,96,0.8195216300658996,0.8195216300658996,1.0,0.14285714285714285,0.8701298701298701,0.16417910447761194
msmarco-passage-trec-dl-2020,1133579,pressure,256,144,112,256,0.5625,32,33,0,-4.729442298412323e-05,179,0.8195216300658996,0.8195216300658996,1.0,0.38961038961038963,0.8701298701298701,0.4477611940298508
msmarco-passage-trec-dl-2020,1133579,pressure,512,320,192,512,0.625,128,46,0,-0.00015905126929283142,404,0.8195216300658996,0.8195216300658996,1.0,0.5064935064935064,0.8701298701298701,0.582089552238806
msmarco-passage-trec-dl-2020,1133579,pressure,1024,624,400,1024,0.609375,224,63,0,-2.9392540454864502e-05,874,0.8195216300658996,0.8195216300658996,1.0,0.7012987012987013,0.8701298701298701,0.8059701492537314
msmarco-passage-trec-dl-2020,1133579,pressure,2048,1616,432,2048,0.7890625,1184,86,0,-9.534880518913269e-06,1863,0.8195216300658996,0.8195216300658996,1.0,0.8441558441558441,0.8701298701298701,0.9701492537313433
msmarco-passage-trec-dl-2020,1133579,pressure,4096,3664,432,4096,0.89453125,3232,89,0,-8.818693459033966e-06,3892,0.8195216300658996,0.8195216300658996,1.0,0.8571428571428571,0.8701298701298701,0.9850746268656716
msmarco-passage-trec-dl-2020,1133579,pressure,8192,5000,3192,8192,0.6103515625,1808,90,0,-1.0011717677116394e-05,7838,0.8195216300658996,0.8195216300658996,1.0,0.8571428571428571,0.8701298701298701,0.9850746268656716
msmarco-passage-trec-dl-2020,1133579,pressure,10000,5000,5000,10000,0.5,0,90,0,-1.0011717677116394e-05,9610,0.8195216300658996,0.8195216300658996,1.0,0.8571428571428571,0.8701298701298701,0.9850746268656716
msmarco-passage-trec-dl-2020,1133579,allocation-grid-oracle,128,64,64,128,0.5,0,11,0,-0.0003111567348241806,96,0.8195216300658996,0.8195216300658996,1.0,0.14285714285714285,0.8701298701298701,0.16417910447761194
msmarco-passage-trec-dl-2020,1133579,allocation-grid-oracle,256,144,112,256,0.5625,32,33,0,-4.729442298412323e-05,179,0.8195216300658996,0.8195216300658996,1.0,0.38961038961038963,0.8701298701298701,0.4477611940298508
msmarco-passage-trec-dl-2020,1133579,allocation-grid-oracle,512,320,192,512,0.625,128,46,0,-0.00015905126929283142,404,0.8195216300658996,0.8195216300658996,1.0,0.5064935064935064,0.8701298701298701,0.582089552238806
msmarco-passage-trec-dl-2020,1133579,allocation-grid-oracle,1024,640,384,1024,0.625,256,63,0,-2.6617199182510376e-06,875,0.8195216300658996,0.8195216300658996,1.0,0.7012987012987013,0.8701298701298701,0.8059701492537314
msmarco-passage-trec-dl-2020,1133579,allocation-grid-oracle,2048,1616,432,2048,0.7890625,1184,86,0,-9.534880518913269e-06,1863,0.8195216300658996,0.8195216300658996,1.0,0.8441558441558441,0.8701298701298701,0.9701492537313433
msmarco-passage-trec-dl-2020,1133579,allocation-grid-oracle,4096,3664,432,4096,0.89453125,3232,89,0,-8.818693459033966e-06,3892,0.8195216300658996,0.8195216300658996,1.0,0.8571428571428571,0.8701298701298701,0.9850746268656716
msmarco-passage-trec-dl-2020,1133579,allocation-grid-oracle,8192,5000,3192,8192,0.6103515625,1808,90,0,-1.0011717677116394e-05,7838,0.8195216300658996,0.8195216300658996,1.0,0.8571428571428571,0.8701298701298701,0.9850746268656716
msmarco-passage-trec-dl-2020,1133579,allocation-grid-oracle,10000,5000,5000,10000,0.5,0,90,0,-1.0011717677116394e-05,9610,0.8195216300658996,0.8195216300658996,1.0,0.8571428571428571,0.8701298701298701,0.9850746268656716
msmarco-passage-trec-dl-2020,1136043,balanced,128,64,64,128,0.5,0,9,0,-0.0003199167549610138,114,0.5230607072726139,0.5230607072726139,1.0,0.24324324324324326,0.5675675675675675,0.4285714285714286
msmarco-passage-trec-dl-2020,1136043,balanced,256,128,128,256,0.5,0,11,0,-0.000165572389960289,238,0.5230607072726139,0.5230607072726139,1.0,0.24324324324324326,0.5675675675675675,0.4285714285714286
msmarco-passage-trec-dl-2020,1136043,balanced,512,256,256,512,0.5,0,14,0,-0.0005822386592626572,475,0.5230607072726139,0.5230607072726139,1.0,0.2702702702702703,0.5675675675675675,0.4761904761904762
msmarco-passage-trec-dl-2020,1136043,balanced,1024,512,512,1024,0.5,0,15,0,-0.00041983090341091156,956,0.5230607072726139,0.5230607072726139,1.0,0.2702702702702703,0.5675675675675675,0.4761904761904762
msmarco-passage-trec-dl-2020,1136043,balanced,2048,1024,1024,2048,0.5,0,19,0,-0.00019261613488197327,1875,0.5230607072726139,0.5230607072726139,1.0,0.2972972972972973,0.5675675675675675,0.5238095238095238
msmarco-passage-trec-dl-2020,1136043,balanced,4096,2048,2048,4096,0.5,0,22,0,-0.00013396888971328735,3637,0.5230607072726139,0.5230607072726139,1.0,0.32432432432432434,0.5675675675675675,0.5714285714285715
msmarco-passage-trec-dl-2020,1136043,balanced,8192,4096,4096,8192,0.5,0,29,0,-0.00020766817033290863,7433,0.5230607072726139,0.5230607072726139,1.0,0.35135135135135137,0.5675675675675675,0.6190476190476191
msmarco-passage-trec-dl-2020,1136043,balanced,10000,5000,5000,10000,0.5,0,29,0,-0.000164681114256382,9132,0.5230607072726139,0.5230607072726139,1.0,0.35135135135135137,0.5675675675675675,0.6190476190476191
msmarco-passage-trec-dl-2020,1136043,blocker,128,64,64,128,0.5,0,9,0,-0.0003199167549610138,114,0.5230607072726139,0.5230607072726139,1.0,0.24324324324324326,0.5675675675675675,0.4285714285714286
msmarco-passage-trec-dl-2020,1136043,blocker,256,128,128,256,0.5,0,11,0,-0.000165572389960289,238,0.5230607072726139,0.5230607072726139,1.0,0.24324324324324326,0.5675675675675675,0.4285714285714286
msmarco-passage-trec-dl-2020,1136043,blocker,512,240,272,512,0.46875,32,14,0,-0.00042972899973392487,473,0.5230607072726139,0.5230607072726139,1.0,0.2702702702702703,0.5675675675675675,0.4761904761904762
msmarco-passage-trec-dl-2020,1136043,blocker,1024,448,576,1024,0.4375,128,15,0,-0.0002439059317111969,953,0.5230607072726139,0.5230607072726139,1.0,0.2702702702702703,0.5675675675675675,0.4761904761904762
msmarco-passage-trec-dl-2020,1136043,blocker,2048,1024,1024,2048,0.5,0,19,0,-0.00019261613488197327,1875,0.5230607072726139,0.5230607072726139,1.0,0.2972972972972973,0.5675675675675675,0.5238095238095238
msmarco-passage-trec-dl-2020,1136043,blocker,4096,3072,1024,4096,0.75,2048,23,0,-6.080605089664459e-06,3775,0.5230607072726139,0.5230607072726139,1.0,0.35135135135135137,0.5675675675675675,0.6190476190476191
msmarco-passage-trec-dl-2020,1136043,blocker,8192,4096,4096,8192,0.5,0,29,0,-0.00020766817033290863,7433,0.5230607072726139,0.5230607072726139,1.0,0.35135135135135137,0.5675675675675675,0.6190476190476191
msmarco-passage-trec-dl-2020,1136043,blocker,10000,5000,5000,10000,0.5,0,29,0,-0.000164681114256382,9132,0.5230607072726139,0.5230607072726139,1.0,0.35135135135135137,0.5675675675675675,0.6190476190476191
msmarco-passage-trec-dl-2020,1136043,candidate,128,64,64,128,0.5,0,9,0,-0.0003199167549610138,114,0.5230607072726139,0.5230607072726139,1.0,0.24324324324324326,0.5675675675675675,0.4285714285714286
msmarco-passage-trec-dl-2020,1136043,candidate,256,128,128,256,0.5,0,11,0,-0.000165572389960289,238,0.5230607072726139,0.5230607072726139,1.0,0.24324324324324326,0.5675675675675675,0.4285714285714286
msmarco-passage-trec-dl-2020,1136043,candidate,512,240,272,512,0.46875,32,14,0,-0.00042972899973392487,473,0.5230607072726139,0.5230607072726139,1.0,0.2702702702702703,0.5675675675675675,0.4761904761904762
msmarco-passage-trec-dl-2020,1136043,candidate,1024,448,576,1024,0.4375,128,15,0,-0.0002439059317111969,953,0.5230607072726139,0.5230607072726139,1.0,0.2702702702702703,0.5675675675675675,0.4761904761904762
msmarco-passage-trec-dl-2020,1136043,candidate,2048,1024,1024,2048,0.5,0,19,0,-0.00019261613488197327,1875,0.5230607072726139,0.5230607072726139,1.0,0.2972972972972973,0.5675675675675675,0.5238095238095238
msmarco-passage-trec-dl-2020,1136043,candidate,4096,3072,1024,4096,0.75,2048,23,0,-6.080605089664459e-06,3775,0.5230607072726139,0.5230607072726139,1.0,0.35135135135135137,0.5675675675675675,0.6190476190476191
msmarco-passage-trec-dl-2020,1136043,candidate,8192,5000,3192,8192,0.6103515625,1808,29,0,-0.0002745557576417923,7388,0.5230607072726139,0.5230607072726139,1.0,0.35135135135135137,0.5675675675675675,0.6190476190476191
msmarco-passage-trec-dl-2020,1136043,candidate,10000,5000,5000,10000,0.5,0,29,0,-0.000164681114256382,9132,0.5230607072726139,0.5230607072726139,1.0,0.35135135135135137,0.5675675675675675,0.6190476190476191
msmarco-passage-trec-dl-2020,1136043,candidate-safe,128,64,64,128,0.5,0,9,0,-0.0003199167549610138,114,0.5230607072726139,0.5230607072726139,1.0,0.24324324324324326,0.5675675675675675,0.4285714285714286
msmarco-passage-trec-dl-2020,1136043,candidate-safe,256,128,128,256,0.5,0,11,0,-0.000165572389960289,238,0.5230607072726139,0.5230607072726139,1.0,0.24324324324324326,0.5675675675675675,0.4285714285714286
msmarco-passage-trec-dl-2020,1136043,candidate-safe,512,240,272,512,0.46875,32,14,0,-0.00042972899973392487,473,0.5230607072726139,0.5230607072726139,1.0,0.2702702702702703,0.5675675675675675,0.4761904761904762
msmarco-passage-trec-dl-2020,1136043,candidate-safe,1024,448,576,1024,0.4375,128,15,0,-0.0002439059317111969,953,0.5230607072726139,0.5230607072726139,1.0,0.2702702702702703,0.5675675675675675,0.4761904761904762
msmarco-passage-trec-dl-2020,1136043,candidate-safe,2048,1024,1024,2048,0.5,0,19,0,-0.00019261613488197327,1875,0.5230607072726139,0.5230607072726139,1.0,0.2972972972972973,0.5675675675675675,0.5238095238095238
msmarco-passage-trec-dl-2020,1136043,candidate-safe,4096,3072,1024,4096,0.75,2048,23,0,-6.080605089664459e-06,3775,0.5230607072726139,0.5230607072726139,1.0,0.35135135135135137,0.5675675675675675,0.6190476190476191
msmarco-passage-trec-dl-2020,1136043,candidate-safe,8192,5000,3192,8192,0.6103515625,1808,29,0,-0.0002745557576417923,7388,0.5230607072726139,0.5230607072726139,1.0,0.35135135135135137,0.5675675675675675,0.6190476190476191
msmarco-passage-trec-dl-2020,1136043,candidate-safe,10000,5000,5000,10000,0.5,0,29,0,-0.000164681114256382,9132,0.5230607072726139,0.5230607072726139,1.0,0.35135135135135137,0.5675675675675675,0.6190476190476191
msmarco-passage-trec-dl-2020,1136043,pressure,128,64,64,128,0.5,0,9,0,-0.0003199167549610138,114,0.5230607072726139,0.5230607072726139,1.0,0.24324324324324326,0.5675675675675675,0.4285714285714286
msmarco-passage-trec-dl-2020,1136043,pressure,256,128,128,256,0.5,0,11,0,-0.000165572389960289,238,0.5230607072726139,0.5230607072726139,1.0,0.24324324324324326,0.5675675675675675,0.4285714285714286
msmarco-passage-trec-dl-2020,1136043,pressure,512,256,256,512,0.5,0,14,0,-0.0005822386592626572,475,0.5230607072726139,0.5230607072726139,1.0,0.2702702702702703,0.5675675675675675,0.4761904761904762
msmarco-passage-trec-dl-2020,1136043,pressure,1024,512,512,1024,0.5,0,15,0,-0.00041983090341091156,956,0.5230607072726139,0.5230607072726139,1.0,0.2702702702702703,0.5675675675675675,0.4761904761904762
msmarco-passage-trec-dl-2020,1136043,pressure,2048,1024,1024,2048,0.5,0,19,0,-0.00019261613488197327,1875,0.5230607072726139,0.5230607072726139,1.0,0.2972972972972973,0.5675675675675675,0.5238095238095238
msmarco-passage-trec-dl-2020,1136043,pressure,4096,3072,1024,4096,0.75,2048,23,0,-6.080605089664459e-06,3775,0.5230607072726139,0.5230607072726139,1.0,0.35135135135135137,0.5675675675675675,0.6190476190476191
msmarco-passage-trec-dl-2020,1136043,pressure,8192,4432,3760,8192,0.541015625,672,29,0,-0.00022883247584104538,7420,0.5230607072726139,0.5230607072726139,1.0,0.35135135135135137,0.5675675675675675,0.6190476190476191
msmarco-passage-trec-dl-2020,1136043,pressure,10000,5000,5000,10000,0.5,0,29,0,-0.000164681114256382,9132,0.5230607072726139,0.5230607072726139,1.0,0.35135135135135137,0.5675675675675675,0.6190476190476191
msmarco-passage-trec-dl-2020,1136043,allocation-grid-oracle,128,64,64,128,0.5,0,9,0,-0.0003199167549610138,114,0.5230607072726139,0.5230607072726139,1.0,0.24324324324324326,0.5675675675675675,0.4285714285714286
msmarco-passage-trec-dl-2020,1136043,allocation-grid-oracle,256,128,128,256,0.5,0,11,0,-0.000165572389960289,238,0.5230607072726139,0.5230607072726139,1.0,0.24324324324324326,0.5675675675675675,0.4285714285714286
msmarco-passage-trec-dl-2020,1136043,allocation-grid-oracle,512,240,272,512,0.46875,32,14,0,-0.00042972899973392487,473,0.5230607072726139,0.5230607072726139,1.0,0.2702702702702703,0.5675675675675675,0.4761904761904762
msmarco-passage-trec-dl-2020,1136043,allocation-grid-oracle,1024,448,576,1024,0.4375,128,15,0,-0.0002439059317111969,953,0.5230607072726139,0.5230607072726139,1.0,0.2702702702702703,0.5675675675675675,0.4761904761904762
msmarco-passage-trec-dl-2020,1136043,allocation-grid-oracle,2048,1024,1024,2048,0.5,0,19,0,-0.00019261613488197327,1875,0.5230607072726139,0.5230607072726139,1.0,0.2972972972972973,0.5675675675675675,0.5238095238095238
msmarco-passage-trec-dl-2020,1136043,allocation-grid-oracle,4096,3072,1024,4096,0.75,2048,23,0,-6.080605089664459e-06,3775,0.5230607072726139,0.5230607072726139,1.0,0.35135135135135137,0.5675675675675675,0.6190476190476191
msmarco-passage-trec-dl-2020,1136043,allocation-grid-oracle,8192,4096,4096,8192,0.5,0,29,0,-0.00020766817033290863,7433,0.5230607072726139,0.5230607072726139,1.0,0.35135135135135137,0.5675675675675675,0.6190476190476191
msmarco-passage-trec-dl-2020,1136043,allocation-grid-oracle,10000,5000,5000,10000,0.5,0,29,0,-0.000164681114256382,9132,0.5230607072726139,0.5230607072726139,1.0,0.35135135135135137,0.5675675675675675,0.6190476190476191
msmarco-passage-trec-dl-2020,1136047,balanced,128,64,64,128,0.5,0,18,0,-0.000722009688615799,102,0.5006324252537533,0.5006324252537533,1.0,0.2857142857142857,0.42857142857142855,0.6666666666666666
msmarco-passage-trec-dl-2020,1136047,balanced,256,128,128,256,0.5,0,22,0,-2.7781352400779724e-05,202,0.5006324252537533,0.5006324252537533,1.0,0.2857142857142857,0.42857142857142855,0.6666666666666666
msmarco-passage-trec-dl-2020,1136047,balanced,512,256,256,512,0.5,0,33,0,-2.5153160095214844e-05,410,0.5006324252537533,0.5006324252537533,1.0,0.2857142857142857,0.42857142857142855,0.6666666666666666
msmarco-passage-trec-dl-2020,1136047,balanced,1024,512,512,1024,0.5,0,55,0,-1.6548670828342438e-05,851,0.5006324252537533,0.5006324252537533,1.0,0.3333333333333333,0.42857142857142855,0.7777777777777778
msmarco-passage-trec-dl-2020,1136047,balanced,2048,1024,1024,2048,0.5,0,61,0,-0.0001474497839808464,1754,0.5006324252537533,0.5006324252537533,1.0,0.38095238095238093,0.42857142857142855,0.8888888888888888
msmarco-passage-trec-dl-2020,1136047,balanced,4096,2048,2048,4096,0.5,0,89,0,-6.544496864080429e-05,3529,0.5006324252537533,0.5006324252537533,1.0,0.42857142857142855,0.42857142857142855,1.0
msmarco-passage-trec-dl-2020,1136047,balanced,8192,4096,4096,8192,0.5,0,91,0,-0.0001081535592675209,7008,0.5006324252537533,0.5006324252537533,1.0,0.42857142857142855,0.42857142857142855,1.0
msmarco-passage-trec-dl-2020,1136047,balanced,10000,5000,5000,10000,0.5,0,91,0,-6.516650319099426e-05,8564,0.5006324252537533,0.5006324252537533,1.0,0.42857142857142855,0.42857142857142855,1.0
msmarco-passage-trec-dl-2020,1136047,blocker,128,48,80,128,0.375,32,18,0,-0.000376259908080101,105,0.5006324252537533,0.5006324252537533,1.0,0.2857142857142857,0.42857142857142855,0.6666666666666666
msmarco-passage-trec-dl-2020,1136047,blocker,256,128,128,256,0.5,0,22,0,-2.7781352400779724e-05,202,0.5006324252537533,0.5006324252537533,1.0,0.2857142857142857,0.42857142857142855,0.6666666666666666
msmarco-passage-trec-dl-2020,1136047,blocker,512,256,256,512,0.5,0,33,0,-2.5153160095214844e-05,410,0.5006324252537533,0.5006324252537533,1.0,0.2857142857142857,0.42857142857142855,0.6666666666666666
msmarco-passage-trec-dl-2020,1136047,blocker,1024,496,528,1024,0.484375,32,56,0,-3.4013763070106506e-05,848,0.5006324252537533,0.5006324252537533,1.0,0.38095238095238093,0.42857142857142855,0.8888888888888888
msmarco-passage-trec-dl-2020,1136047,blocker,2048,992,1056,2048,0.484375,64,84,0,-0.00018813833594322205,1760,0.5006324252537533,0.5006324252537533,1.0,0.42857142857142855,0.42857142857142855,1.0
msmarco-passage-trec-dl-2020,1136047,blocker,4096,3040,1056,4096,0.7421875,1984,90,0,-6.90557062625885e-05,3629,0.5006324252537533,0.5006324252537533,1.0,0.42857142857142855,0.42857142857142855,1.0
msmarco-passage-trec-dl-2020,1136047,blocker,8192,5000,3192,8192,0.6103515625,1808,91,0,-6.516650319099426e-05,7097,0.5006324252537533,0.5006324252537533,1.0,0.42857142857142855,0.42857142857142855,1.0
msmarco-passage-trec-dl-2020,1136047,blocker,10000,5000,5000,10000,0.5,0,91,0,-6.516650319099426e-05,8564,0.5006324252537533,0.5006324252537533,1.0,0.42857142857142855,0.42857142857142855,1.0
msmarco-passage-trec-dl-2020,1136047,candidate,128,48,80,128,0.375,32,18,0,-0.000376259908080101,105,0.5006324252537533,0.5006324252537533,1.0,0.2857142857142857,0.42857142857142855,0.6666666666666666
msmarco-passage-trec-dl-2020,1136047,candidate,256,128,128,256,0.5,0,22,0,-2.7781352400779724e-05,202,0.5006324252537533,0.5006324252537533,1.0,0.2857142857142857,0.42857142857142855,0.6666666666666666
msmarco-passage-trec-dl-2020,1136047,candidate,512,256,256,512,0.5,0,33,0,-2.5153160095214844e-05,410,0.5006324252537533,0.5006324252537533,1.0,0.2857142857142857,0.42857142857142855,0.6666666666666666
msmarco-passage-trec-dl-2020,1136047,candidate,1024,496,528,1024,0.484375,32,56,0,-3.4013763070106506e-05,848,0.5006324252537533,0.5006324252537533,1.0,0.38095238095238093,0.42857142857142855,0.8888888888888888
msmarco-passage-trec-dl-2020,1136047,candidate,2048,992,1056,2048,0.484375,64,84,0,-0.00018813833594322205,1760,0.5006324252537533,0.5006324252537533,1.0,0.42857142857142855,0.42857142857142855,1.0
msmarco-passage-trec-dl-2020,1136047,candidate,4096,3040,1056,4096,0.7421875,1984,90,0,-6.90557062625885e-05,3629,0.5006324252537533,0.5006324252537533,1.0,0.42857142857142855,0.42857142857142855,1.0
msmarco-passage-trec-dl-2020,1136047,candidate,8192,5000,3192,8192,0.6103515625,1808,91,0,-6.516650319099426e-05,7097,0.5006324252537533,0.5006324252537533,1.0,0.42857142857142855,0.42857142857142855,1.0
msmarco-passage-trec-dl-2020,1136047,candidate,10000,5000,5000,10000,0.5,0,91,0,-6.516650319099426e-05,8564,0.5006324252537533,0.5006324252537533,1.0,0.42857142857142855,0.42857142857142855,1.0
msmarco-passage-trec-dl-2020,1136047,candidate-safe,128,48,80,128,0.375,32,18,0,-0.000376259908080101,105,0.5006324252537533,0.5006324252537533,1.0,0.2857142857142857,0.42857142857142855,0.6666666666666666
msmarco-passage-trec-dl-2020,1136047,candidate-safe,256,128,128,256,0.5,0,22,0,-2.7781352400779724e-05,202,0.5006324252537533,0.5006324252537533,1.0,0.2857142857142857,0.42857142857142855,0.6666666666666666
msmarco-passage-trec-dl-2020,1136047,candidate-safe,512,256,256,512,0.5,0,33,0,-2.5153160095214844e-05,410,0.5006324252537533,0.5006324252537533,1.0,0.2857142857142857,0.42857142857142855,0.6666666666666666
msmarco-passage-trec-dl-2020,1136047,candidate-safe,1024,496,528,1024,0.484375,32,56,0,-3.4013763070106506e-05,848,0.5006324252537533,0.5006324252537533,1.0,0.38095238095238093,0.42857142857142855,0.8888888888888888
msmarco-passage-trec-dl-2020,1136047,candidate-safe,2048,992,1056,2048,0.484375,64,84,0,-0.00018813833594322205,1760,0.5006324252537533,0.5006324252537533,1.0,0.42857142857142855,0.42857142857142855,1.0
msmarco-passage-trec-dl-2020,1136047,candidate-safe,4096,3040,1056,4096,0.7421875,1984,90,0,-6.90557062625885e-05,3629,0.5006324252537533,0.5006324252537533,1.0,0.42857142857142855,0.42857142857142855,1.0
msmarco-passage-trec-dl-2020,1136047,candidate-safe,8192,5000,3192,8192,0.6103515625,1808,91,0,-6.516650319099426e-05,7097,0.5006324252537533,0.5006324252537533,1.0,0.42857142857142855,0.42857142857142855,1.0
msmarco-passage-trec-dl-2020,1136047,candidate-safe,10000,5000,5000,10000,0.5,0,91,0,-6.516650319099426e-05,8564,0.5006324252537533,0.5006324252537533,1.0,0.42857142857142855,0.42857142857142855,1.0
msmarco-passage-trec-dl-2020,1136047,pressure,128,64,64,128,0.5,0,18,0,-0.000722009688615799,102,0.5006324252537533,0.5006324252537533,1.0,0.2857142857142857,0.42857142857142855,0.6666666666666666
msmarco-passage-trec-dl-2020,1136047,pressure,256,128,128,256,0.5,0,22,0,-2.7781352400779724e-05,202,0.5006324252537533,0.5006324252537533,1.0,0.2857142857142857,0.42857142857142855,0.6666666666666666
msmarco-passage-trec-dl-2020,1136047,pressure,512,256,256,512,0.5,0,33,0,-2.5153160095214844e-05,410,0.5006324252537533,0.5006324252537533,1.0,0.2857142857142857,0.42857142857142855,0.6666666666666666
msmarco-passage-trec-dl-2020,1136047,pressure,1024,496,528,1024,0.484375,32,56,0,-3.4013763070106506e-05,848,0.5006324252537533,0.5006324252537533,1.0,0.38095238095238093,0.42857142857142855,0.8888888888888888
msmarco-passage-trec-dl-2020,1136047,pressure,2048,992,1056,2048,0.484375,64,84,0,-0.00018813833594322205,1760,0.5006324252537533,0.5006324252537533,1.0,0.42857142857142855,0.42857142857142855,1.0
msmarco-passage-trec-dl-2020,1136047,pressure,4096,3040,1056,4096,0.7421875,1984,90,0,-6.90557062625885e-05,3629,0.5006324252537533,0.5006324252537533,1.0,0.42857142857142855,0.42857142857142855,1.0
msmarco-passage-trec-dl-2020,1136047,pressure,8192,5000,3192,8192,0.6103515625,1808,91,0,-6.516650319099426e-05,7097,0.5006324252537533,0.5006324252537533,1.0,0.42857142857142855,0.42857142857142855,1.0
msmarco-passage-trec-dl-2020,1136047,pressure,10000,5000,5000,10000,0.5,0,91,0,-6.516650319099426e-05,8564,0.5006324252537533,0.5006324252537533,1.0,0.42857142857142855,0.42857142857142855,1.0
msmarco-passage-trec-dl-2020,1136047,allocation-grid-oracle,128,48,80,128,0.375,32,18,0,-0.000376259908080101,105,0.5006324252537533,0.5006324252537533,1.0,0.2857142857142857,0.42857142857142855,0.6666666666666666
msmarco-passage-trec-dl-2020,1136047,allocation-grid-oracle,256,128,128,256,0.5,0,22,0,-2.7781352400779724e-05,202,0.5006324252537533,0.5006324252537533,1.0,0.2857142857142857,0.42857142857142855,0.6666666666666666
msmarco-passage-trec-dl-2020,1136047,allocation-grid-oracle,512,256,256,512,0.5,0,33,0,-2.5153160095214844e-05,410,0.5006324252537533,0.5006324252537533,1.0,0.2857142857142857,0.42857142857142855,0.6666666666666666
msmarco-passage-trec-dl-2020,1136047,allocation-grid-oracle,1024,496,528,1024,0.484375,32,56,0,-3.4013763070106506e-05,848,0.5006324252537533,0.5006324252537533,1.0,0.38095238095238093,0.42857142857142855,0.8888888888888888
msmarco-passage-trec-dl-2020,1136047,allocation-grid-oracle,2048,992,1056,2048,0.484375,64,84,0,-0.00018813833594322205,1760,0.5006324252537533,0.5006324252537533,1.0,0.42857142857142855,0.42857142857142855,1.0
msmarco-passage-trec-dl-2020,1136047,allocation-grid-oracle,4096,3040,1056,4096,0.7421875,1984,90,0,-6.90557062625885e-05,3629,0.5006324252537533,0.5006324252537533,1.0,0.42857142857142855,0.42857142857142855,1.0
msmarco-passage-trec-dl-2020,1136047,allocation-grid-oracle,8192,5000,3192,8192,0.6103515625,1808,91,0,-6.516650319099426e-05,7097,0.5006324252537533,0.5006324252537533,1.0,0.42857142857142855,0.42857142857142855,1.0
msmarco-passage-trec-dl-2020,1136047,allocation-grid-oracle,10000,5000,5000,10000,0.5,0,91,0,-6.516650319099426e-05,8564,0.5006324252537533,0.5006324252537533,1.0,0.42857142857142855,0.42857142857142855,1.0
msmarco-passage-trec-dl-2020,1136962,balanced,128,64,64,128,0.5,0,24,0,-0.0004650801420211792,85,0.8098077452413271,0.8098077452413271,1.0,0.3194444444444444,0.6944444444444444,0.45999999999999996
msmarco-passage-trec-dl-2020,1136962,balanced,256,128,128,256,0.5,0,35,0,-9.277835488319397e-05,196,0.8098077452413271,0.8098077452413271,1.0,0.4444444444444444,0.6944444444444444,0.64
msmarco-passage-trec-dl-2020,1136962,balanced,512,256,256,512,0.5,0,50,0,-0.0004425477236509323,418,0.8098077452413271,0.8098077452413271,1.0,0.5555555555555556,0.6944444444444444,0.8
msmarco-passage-trec-dl-2020,1136962,balanced,1024,512,512,1024,0.5,0,59,0,-0.0001413542777299881,884,0.8098077452413271,0.8098077452413271,1.0,0.6111111111111112,0.6944444444444444,0.8800000000000001
msmarco-passage-trec-dl-2020,1136962,balanced,2048,1024,1024,2048,0.5,0,66,0,-0.0004683481529355049,1806,0.8098077452413271,0.8098077452413271,1.0,0.625,0.6944444444444444,0.9
msmarco-passage-trec-dl-2020,1136962,balanced,4096,2048,2048,4096,0.5,0,76,0,-2.425815910100937e-05,3628,0.8098077452413271,0.8098077452413271,1.0,0.6388888888888888,0.6944444444444444,0.9199999999999999
msmarco-passage-trec-dl-2020,1136962,balanced,8192,4096,4096,8192,0.5,0,77,0,-7.717311382293701e-05,7353,0.8098077452413271,0.8098077452413271,1.0,0.6388888888888888,0.6944444444444444,0.9199999999999999
msmarco-passage-trec-dl-2020,1136962,balanced,10000,5000,5000,10000,0.5,0,77,0,-3.418605774641037e-05,8952,0.8098077452413271,0.8098077452413271,1.0,0.6388888888888888,0.6944444444444444,0.9199999999999999
msmarco-passage-trec-dl-2020,1136962,blocker,128,64,64,128,0.5,0,24,0,-0.0004650801420211792,85,0.8098077452413271,0.8098077452413271,1.0,0.3194444444444444,0.6944444444444444,0.45999999999999996
msmarco-passage-trec-dl-2020,1136962,blocker,256,176,80,256,0.6875,96,43,0,-0.00038052909076213837,198,0.8098077452413271,0.8098077452413271,1.0,0.5138888888888888,0.6944444444444444,0.74
msmarco-passage-trec-dl-2020,1136962,blocker,512,368,144,512,0.71875,224,51,0,-2.436712384223938e-05,433,0.8098077452413271,0.8098077452413271,1.0,0.5694444444444444,0.6944444444444444,0.82
msmarco-passage-trec-dl-2020,1136962,blocker,1024,752,272,1024,0.734375,480,61,0,-5.972664803266525e-05,895,0.8098077452413271,0.8098077452413271,1.0,0.625,0.6944444444444444,0.9
msmarco-passage-trec-dl-2020,1136962,blocker,2048,1424,624,2048,0.6953125,800,69,0,-0.0004553096368908882,1821,0.8098077452413271,0.8098077452413271,1.0,0.6388888888888888,0.6944444444444444,0.9199999999999999
msmarco-passage-trec-dl-2020,1136962,blocker,4096,1424,2672,4096,0.34765625,1248,77,0,-0.00020258966833353043,3690,0.8098077452413271,0.8098077452413271,1.0,0.6388888888888888,0.6944444444444444,0.9199999999999999
msmarco-passage-trec-dl-2020,1136962,blocker,8192,3192,5000,8192,0.3896484375,1808,77,0,-3.418605774641037e-05,7388,0.8098077452413271,0.8098077452413271,1.0,0.6388888888888888,0.6944444444444444,0.9199999999999999
msmarco-passage-trec-dl-2020,1136962,blocker,10000,5000,5000,10000,0.5,0,77,0,-3.418605774641037e-05,8952,0.8098077452413271,0.8098077452413271,1.0,0.6388888888888888,0.6944444444444444,0.9199999999999999
msmarco-passage-trec-dl-2020,1136962,candidate,128,64,64,128,0.5,0,24,0,-0.0004650801420211792,85,0.8098077452413271,0.8098077452413271,1.0,0.3194444444444444,0.6944444444444444,0.45999999999999996
msmarco-passage-trec-dl-2020,1136962,candidate,256,176,80,256,0.6875,96,43,0,-0.00038052909076213837,198,0.8098077452413271,0.8098077452413271,1.0,0.5138888888888888,0.6944444444444444,0.74
msmarco-passage-trec-dl-2020,1136962,candidate,512,368,144,512,0.71875,224,51,0,-2.436712384223938e-05,433,0.8098077452413271,0.8098077452413271,1.0,0.5694444444444444,0.6944444444444444,0.82
msmarco-passage-trec-dl-2020,1136962,candidate,1024,752,272,1024,0.734375,480,61,0,-5.972664803266525e-05,895,0.8098077452413271,0.8098077452413271,1.0,0.625,0.6944444444444444,0.9
msmarco-passage-trec-dl-2020,1136962,candidate,2048,1424,624,2048,0.6953125,800,69,0,-0.0004553096368908882,1821,0.8098077452413271,0.8098077452413271,1.0,0.6388888888888888,0.6944444444444444,0.9199999999999999
msmarco-passage-trec-dl-2020,1136962,candidate,4096,1424,2672,4096,0.34765625,1248,77,0,-0.00020258966833353043,3690,0.8098077452413271,0.8098077452413271,1.0,0.6388888888888888,0.6944444444444444,0.9199999999999999
msmarco-passage-trec-dl-2020,1136962,candidate,8192,3192,5000,8192,0.3896484375,1808,77,0,-3.418605774641037e-05,7388,0.8098077452413271,0.8098077452413271,1.0,0.6388888888888888,0.6944444444444444,0.9199999999999999
msmarco-passage-trec-dl-2020,1136962,candidate,10000,5000,5000,10000,0.5,0,77,0,-3.418605774641037e-05,8952,0.8098077452413271,0.8098077452413271,1.0,0.6388888888888888,0.6944444444444444,0.9199999999999999
msmarco-passage-trec-dl-2020,1136962,candidate-safe,128,64,64,128,0.5,0,24,0,-0.0004650801420211792,85,0.8098077452413271,0.8098077452413271,1.0,0.3194444444444444,0.6944444444444444,0.45999999999999996
msmarco-passage-trec-dl-2020,1136962,candidate-safe,256,176,80,256,0.6875,96,43,0,-0.00038052909076213837,198,0.8098077452413271,0.8098077452413271,1.0,0.5138888888888888,0.6944444444444444,0.74
msmarco-passage-trec-dl-2020,1136962,candidate-safe,512,368,144,512,0.71875,224,51,0,-2.436712384223938e-05,433,0.8098077452413271,0.8098077452413271,1.0,0.5694444444444444,0.6944444444444444,0.82
msmarco-passage-trec-dl-2020,1136962,candidate-safe,1024,752,272,1024,0.734375,480,61,0,-5.972664803266525e-05,895,0.8098077452413271,0.8098077452413271,1.0,0.625,0.6944444444444444,0.9
msmarco-passage-trec-dl-2020,1136962,candidate-safe,2048,1424,624,2048,0.6953125,800,69,0,-0.0004553096368908882,1821,0.8098077452413271,0.8098077452413271,1.0,0.6388888888888888,0.6944444444444444,0.9199999999999999
msmarco-passage-trec-dl-2020,1136962,candidate-safe,4096,1424,2672,4096,0.34765625,1248,77,0,-0.00020258966833353043,3690,0.8098077452413271,0.8098077452413271,1.0,0.6388888888888888,0.6944444444444444,0.9199999999999999
msmarco-passage-trec-dl-2020,1136962,candidate-safe,8192,3192,5000,8192,0.3896484375,1808,77,0,-3.418605774641037e-05,7388,0.8098077452413271,0.8098077452413271,1.0,0.6388888888888888,0.6944444444444444,0.9199999999999999
msmarco-passage-trec-dl-2020,1136962,candidate-safe,10000,5000,5000,10000,0.5,0,77,0,-3.418605774641037e-05,8952,0.8098077452413271,0.8098077452413271,1.0,0.6388888888888888,0.6944444444444444,0.9199999999999999
msmarco-passage-trec-dl-2020,1136962,pressure,128,80,48,128,0.625,32,24,0,-0.0005004033446311951,91,0.8098077452413271,0.8098077452413271,1.0,0.3194444444444444,0.6944444444444444,0.45999999999999996
msmarco-passage-trec-dl-2020,1136962,pressure,256,176,80,256,0.6875,96,43,0,-0.00038052909076213837,198,0.8098077452413271,0.8098077452413271,1.0,0.5138888888888888,0.6944444444444444,0.74
msmarco-passage-trec-dl-2020,1136962,pressure,512,368,144,512,0.71875,224,51,0,-2.436712384223938e-05,433,0.8098077452413271,0.8098077452413271,1.0,0.5694444444444444,0.6944444444444444,0.82
msmarco-passage-trec-dl-2020,1136962,pressure,1024,752,272,1024,0.734375,480,61,0,-5.972664803266525e-05,895,0.8098077452413271,0.8098077452413271,1.0,0.625,0.6944444444444444,0.9
msmarco-passage-trec-dl-2020,1136962,pressure,2048,1424,624,2048,0.6953125,800,69,0,-0.0004553096368908882,1821,0.8098077452413271,0.8098077452413271,1.0,0.6388888888888888,0.6944444444444444,0.9199999999999999
msmarco-passage-trec-dl-2020,1136962,pressure,4096,1424,2672,4096,0.34765625,1248,77,0,-0.00020258966833353043,3690,0.8098077452413271,0.8098077452413271,1.0,0.6388888888888888,0.6944444444444444,0.9199999999999999
msmarco-passage-trec-dl-2020,1136962,pressure,8192,3192,5000,8192,0.3896484375,1808,77,0,-3.418605774641037e-05,7388,0.8098077452413271,0.8098077452413271,1.0,0.6388888888888888,0.6944444444444444,0.9199999999999999
msmarco-passage-trec-dl-2020,1136962,pressure,10000,5000,5000,10000,0.5,0,77,0,-3.418605774641037e-05,8952,0.8098077452413271,0.8098077452413271,1.0,0.6388888888888888,0.6944444444444444,0.9199999999999999
msmarco-passage-trec-dl-2020,1136962,allocation-grid-oracle,128,64,64,128,0.5,0,24,0,-0.0004650801420211792,85,0.8098077452413271,0.8098077452413271,1.0,0.3194444444444444,0.6944444444444444,0.45999999999999996
msmarco-passage-trec-dl-2020,1136962,allocation-grid-oracle,256,176,80,256,0.6875,96,43,0,-0.00038052909076213837,198,0.8098077452413271,0.8098077452413271,1.0,0.5138888888888888,0.6944444444444444,0.74
msmarco-passage-trec-dl-2020,1136962,allocation-grid-oracle,512,368,144,512,0.71875,224,51,0,-2.436712384223938e-05,433,0.8098077452413271,0.8098077452413271,1.0,0.5694444444444444,0.6944444444444444,0.82
msmarco-passage-trec-dl-2020,1136962,allocation-grid-oracle,1024,752,272,1024,0.734375,480,61,0,-5.972664803266525e-05,895,0.8098077452413271,0.8098077452413271,1.0,0.625,0.6944444444444444,0.9
msmarco-passage-trec-dl-2020,1136962,allocation-grid-oracle,2048,1424,624,2048,0.6953125,800,69,0,-0.0004553096368908882,1821,0.8098077452413271,0.8098077452413271,1.0,0.6388888888888888,0.6944444444444444,0.9199999999999999
msmarco-passage-trec-dl-2020,1136962,allocation-grid-oracle,4096,1424,2672,4096,0.34765625,1248,77,0,-0.00020258966833353043,3690,0.8098077452413271,0.8098077452413271,1.0,0.6388888888888888,0.6944444444444444,0.9199999999999999
msmarco-passage-trec-dl-2020,1136962,allocation-grid-oracle,8192,3192,5000,8192,0.3896484375,1808,77,0,-3.418605774641037e-05,7388,0.8098077452413271,0.8098077452413271,1.0,0.6388888888888888,0.6944444444444444,0.9199999999999999
msmarco-passage-trec-dl-2020,1136962,allocation-grid-oracle,10000,5000,5000,10000,0.5,0,77,0,-3.418605774641037e-05,8952,0.8098077452413271,0.8098077452413271,1.0,0.6388888888888888,0.6944444444444444,0.9199999999999999
msmarco-passage-trec-dl-2020,118440,balanced,128,64,64,128,0.5,0,4,0,-0.0007575973868370056,121,0.2200917662980802,0.2295566553629929,0.9587688318165025,0.004608294930875576,0.041474654377880185,0.1111111111111111
msmarco-passage-trec-dl-2020,118440,balanced,256,128,128,256,0.5,0,12,0,-0.0015407633036375046,237,0.2295566553629929,0.2295566553629929,1.0,0.013824884792626729,0.041474654377880185,0.33333333333333337
msmarco-passage-trec-dl-2020,118440,balanced,512,256,256,512,0.5,0,15,0,-0.00011865422129631042,474,0.2295566553629929,0.2295566553629929,1.0,0.013824884792626729,0.041474654377880185,0.33333333333333337
msmarco-passage-trec-dl-2020,118440,balanced,1024,512,512,1024,0.5,0,17,0,-0.00014783814549446106,962,0.2295566553629929,0.2295566553629929,1.0,0.013824884792626729,0.041474654377880185,0.33333333333333337
msmarco-passage-trec-dl-2020,118440,balanced,2048,1024,1024,2048,0.5,0,22,0,-0.00029641203582286835,1970,0.2295566553629929,0.2295566553629929,1.0,0.018433179723502304,0.041474654377880185,0.4444444444444444
msmarco-passage-trec-dl-2020,118440,balanced,4096,2048,2048,4096,0.5,0,24,0,-0.0002284068614244461,3991,0.2295566553629929,0.2295566553629929,1.0,0.02304147465437788,0.041474654377880185,0.5555555555555556
msmarco-passage-trec-dl-2020,118440,balanced,8192,4096,4096,8192,0.5,0,25,0,-0.00014170072972774506,8046,0.2295566553629929,0.2295566553629929,1.0,0.02304147465437788,0.041474654377880185,0.5555555555555556
msmarco-passage-trec-dl-2020,118440,balanced,10000,5000,5000,10000,0.5,0,25,0,-9.87127423286438e-05,9827,0.2295566553629929,0.2295566553629929,1.0,0.02304147465437788,0.041474654377880185,0.5555555555555556
msmarco-passage-trec-dl-2020,118440,blocker,128,64,64,128,0.5,0,4,0,-0.0007575973868370056,121,0.2200917662980802,0.2295566553629929,0.9587688318165025,0.004608294930875576,0.041474654377880185,0.1111111111111111
msmarco-passage-trec-dl-2020,118440,blocker,256,128,128,256,0.5,0,12,0,-0.0015407633036375046,237,0.2295566553629929,0.2295566553629929,1.0,0.013824884792626729,0.041474654377880185,0.33333333333333337
msmarco-passage-trec-dl-2020,118440,blocker,512,240,272,512,0.46875,32,15,0,-3.941357135772705e-05,473,0.2295566553629929,0.2295566553629929,1.0,0.013824884792626729,0.041474654377880185,0.33333333333333337
msmarco-passage-trec-dl-2020,118440,blocker,1024,480,544,1024,0.46875,64,17,0,-0.0005299579352140427,966,0.2295566553629929,0.2295566553629929,1.0,0.013824884792626729,0.041474654377880185,0.33333333333333337
msmarco-passage-trec-dl-2020,118440,blocker,2048,576,1472,2048,0.28125,896,22,0,-2.664513885974884e-05,1977,0.2295566553629929,0.2295566553629929,1.0,0.018433179723502304,0.041474654377880185,0.4444444444444444
msmarco-passage-trec-dl-2020,118440,blocker,4096,752,3344,4096,0.18359375,2592,24,0,-4.779547452926636e-05,4021,0.2295566553629929,0.2295566553629929,1.0,0.02304147465437788,0.041474654377880185,0.5555555555555556
msmarco-passage-trec-dl-2020,118440,blocker,8192,3192,5000,8192,0.3896484375,1808,25,0,-9.87127423286438e-05,8063,0.2295566553629929,0.2295566553629929,1.0,0.02304147465437788,0.041474654377880185,0.5555555555555556
msmarco-passage-trec-dl-2020,118440,blocker,10000,5000,5000,10000,0.5,0,25,0,-9.87127423286438e-05,9827,0.2295566553629929,0.2295566553629929,1.0,0.02304147465437788,0.041474654377880185,0.5555555555555556
msmarco-passage-trec-dl-2020,118440,candidate,128,64,64,128,0.5,0,4,0,-0.0007575973868370056,121,0.2200917662980802,0.2295566553629929,0.9587688318165025,0.004608294930875576,0.041474654377880185,0.1111111111111111
msmarco-passage-trec-dl-2020,118440,candidate,256,128,128,256,0.5,0,12,0,-0.0015407633036375046,237,0.2295566553629929,0.2295566553629929,1.0,0.013824884792626729,0.041474654377880185,0.33333333333333337
msmarco-passage-trec-dl-2020,118440,candidate,512,240,272,512,0.46875,32,15,0,-3.941357135772705e-05,473,0.2295566553629929,0.2295566553629929,1.0,0.013824884792626729,0.041474654377880185,0.33333333333333337
msmarco-passage-trec-dl-2020,118440,candidate,1024,480,544,1024,0.46875,64,17,0,-0.0005299579352140427,966,0.2295566553629929,0.2295566553629929,1.0,0.013824884792626729,0.041474654377880185,0.33333333333333337
msmarco-passage-trec-dl-2020,118440,candidate,2048,576,1472,2048,0.28125,896,22,0,-2.664513885974884e-05,1977,0.2295566553629929,0.2295566553629929,1.0,0.018433179723502304,0.041474654377880185,0.4444444444444444
msmarco-passage-trec-dl-2020,118440,candidate,4096,752,3344,4096,0.18359375,2592,24,0,-4.779547452926636e-05,4021,0.2295566553629929,0.2295566553629929,1.0,0.02304147465437788,0.041474654377880185,0.5555555555555556
msmarco-passage-trec-dl-2020,118440,candidate,8192,3192,5000,8192,0.3896484375,1808,25,0,-9.87127423286438e-05,8063,0.2295566553629929,0.2295566553629929,1.0,0.02304147465437788,0.041474654377880185,0.5555555555555556
msmarco-passage-trec-dl-2020,118440,candidate,10000,5000,5000,10000,0.5,0,25,0,-9.87127423286438e-05,9827,0.2295566553629929,0.2295566553629929,1.0,0.02304147465437788,0.041474654377880185,0.5555555555555556
msmarco-passage-trec-dl-2020,118440,candidate-safe,128,64,64,128,0.5,0,4,0,-0.0007575973868370056,121,0.2200917662980802,0.2295566553629929,0.9587688318165025,0.004608294930875576,0.041474654377880185,0.1111111111111111
msmarco-passage-trec-dl-2020,118440,candidate-safe,256,128,128,256,0.5,0,12,0,-0.0015407633036375046,237,0.2295566553629929,0.2295566553629929,1.0,0.013824884792626729,0.041474654377880185,0.33333333333333337
msmarco-passage-trec-dl-2020,118440,candidate-safe,512,240,272,512,0.46875,32,15,0,-3.941357135772705e-05,473,0.2295566553629929,0.2295566553629929,1.0,0.013824884792626729,0.041474654377880185,0.33333333333333337
msmarco-passage-trec-dl-2020,118440,candidate-safe,1024,480,544,1024,0.46875,64,17,0,-0.0005299579352140427,966,0.2295566553629929,0.2295566553629929,1.0,0.013824884792626729,0.041474654377880185,0.33333333333333337
msmarco-passage-trec-dl-2020,118440,candidate-safe,2048,576,1472,2048,0.28125,896,22,0,-2.664513885974884e-05,1977,0.2295566553629929,0.2295566553629929,1.0,0.018433179723502304,0.041474654377880185,0.4444444444444444
msmarco-passage-trec-dl-2020,118440,candidate-safe,4096,752,3344,4096,0.18359375,2592,24,0,-4.779547452926636e-05,4021,0.2295566553629929,0.2295566553629929,1.0,0.02304147465437788,0.041474654377880185,0.5555555555555556
msmarco-passage-trec-dl-2020,118440,candidate-safe,8192,3192,5000,8192,0.3896484375,1808,25,0,-9.87127423286438e-05,8063,0.2295566553629929,0.2295566553629929,1.0,0.02304147465437788,0.041474654377880185,0.5555555555555556
msmarco-passage-trec-dl-2020,118440,candidate-safe,10000,5000,5000,10000,0.5,0,25,0,-9.87127423286438e-05,9827,0.2295566553629929,0.2295566553629929,1.0,0.02304147465437788,0.041474654377880185,0.5555555555555556
msmarco-passage-trec-dl-2020,118440,pressure,128,64,64,128,0.5,0,4,0,-0.0007575973868370056,121,0.2200917662980802,0.2295566553629929,0.9587688318165025,0.004608294930875576,0.041474654377880185,0.1111111111111111
msmarco-passage-trec-dl-2020,118440,pressure,256,128,128,256,0.5,0,12,0,-0.0015407633036375046,237,0.2295566553629929,0.2295566553629929,1.0,0.013824884792626729,0.041474654377880185,0.33333333333333337
msmarco-passage-trec-dl-2020,118440,pressure,512,256,256,512,0.5,0,15,0,-0.00011865422129631042,474,0.2295566553629929,0.2295566553629929,1.0,0.013824884792626729,0.041474654377880185,0.33333333333333337
msmarco-passage-trec-dl-2020,118440,pressure,1024,496,528,1024,0.484375,32,17,0,-0.00010026805102825165,963,0.2295566553629929,0.2295566553629929,1.0,0.013824884792626729,0.041474654377880185,0.33333333333333337
msmarco-passage-trec-dl-2020,118440,pressure,2048,576,1472,2048,0.28125,896,22,0,-2.664513885974884e-05,1977,0.2295566553629929,0.2295566553629929,1.0,0.018433179723502304,0.041474654377880185,0.4444444444444444
msmarco-passage-trec-dl-2020,118440,pressure,4096,784,3312,4096,0.19140625,2528,24,0,-5.058199167251587e-05,4021,0.2295566553629929,0.2295566553629929,1.0,0.02304147465437788,0.041474654377880185,0.5555555555555556
msmarco-passage-trec-dl-2020,118440,pressure,8192,3192,5000,8192,0.3896484375,1808,25,0,-9.87127423286438e-05,8063,0.2295566553629929,0.2295566553629929,1.0,0.02304147465437788,0.041474654377880185,0.5555555555555556
msmarco-passage-trec-dl-2020,118440,pressure,10000,5000,5000,10000,0.5,0,25,0,-9.87127423286438e-05,9827,0.2295566553629929,0.2295566553629929,1.0,0.02304147465437788,0.041474654377880185,0.5555555555555556
msmarco-passage-trec-dl-2020,118440,allocation-grid-oracle,128,64,64,128,0.5,0,4,0,-0.0007575973868370056,121,0.2200917662980802,0.2295566553629929,0.9587688318165025,0.004608294930875576,0.041474654377880185,0.1111111111111111
msmarco-passage-trec-dl-2020,118440,allocation-grid-oracle,256,128,128,256,0.5,0,12,0,-0.0015407633036375046,237,0.2295566553629929,0.2295566553629929,1.0,0.013824884792626729,0.041474654377880185,0.33333333333333337
msmarco-passage-trec-dl-2020,118440,allocation-grid-oracle,512,240,272,512,0.46875,32,15,0,-3.941357135772705e-05,473,0.2295566553629929,0.2295566553629929,1.0,0.013824884792626729,0.041474654377880185,0.33333333333333337
msmarco-passage-trec-dl-2020,118440,allocation-grid-oracle,1024,496,528,1024,0.484375,32,17,0,-0.00010026805102825165,963,0.2295566553629929,0.2295566553629929,1.0,0.013824884792626729,0.041474654377880185,0.33333333333333337
msmarco-passage-trec-dl-2020,118440,allocation-grid-oracle,2048,576,1472,2048,0.28125,896,22,0,-2.664513885974884e-05,1977,0.2295566553629929,0.2295566553629929,1.0,0.018433179723502304,0.041474654377880185,0.4444444444444444
msmarco-passage-trec-dl-2020,118440,allocation-grid-oracle,4096,752,3344,4096,0.18359375,2592,24,0,-4.779547452926636e-05,4021,0.2295566553629929,0.2295566553629929,1.0,0.02304147465437788,0.041474654377880185,0.5555555555555556
msmarco-passage-trec-dl-2020,118440,allocation-grid-oracle,8192,3192,5000,8192,0.3896484375,1808,25,0,-9.87127423286438e-05,8063,0.2295566553629929,0.2295566553629929,1.0,0.02304147465437788,0.041474654377880185,0.5555555555555556
msmarco-passage-trec-dl-2020,118440,allocation-grid-oracle,10000,5000,5000,10000,0.5,0,25,0,-9.87127423286438e-05,9827,0.2295566553629929,0.2295566553629929,1.0,0.02304147465437788,0.041474654377880185,0.5555555555555556
msmarco-passage-trec-dl-2020,121171,balanced,128,64,64,128,0.5,0,11,0,-1.3511627912521362e-05,99,0.45463973747727204,0.45463973747727204,1.0,0.041474654377880185,0.4009216589861751,0.10344827586206898
msmarco-passage-trec-dl-2020,121171,balanced,256,128,128,256,0.5,0,26,0,-0.0004982594400644302,203,0.45463973747727204,0.45463973747727204,1.0,0.10599078341013825,0.4009216589861751,0.26436781609195403
msmarco-passage-trec-dl-2020,121171,balanced,512,256,256,512,0.5,0,40,0,-0.00024974532425403595,434,0.45463973747727204,0.45463973747727204,1.0,0.16129032258064516,0.4009216589861751,0.40229885057471265
msmarco-passage-trec-dl-2020,121171,balanced,1024,512,512,1024,0.5,0,54,0,-0.00011559948325157166,922,0.45463973747727204,0.45463973747727204,1.0,0.22580645161290322,0.4009216589861751,0.5632183908045977
msmarco-passage-trec-dl-2020,121171,balanced,2048,1024,1024,2048,0.5,0,62,0,-0.000183972530066967,1934,0.45463973747727204,0.45463973747727204,1.0,0.2626728110599078,0.4009216589861751,0.6551724137931034
msmarco-passage-trec-dl-2020,121171,balanced,4096,2048,2048,4096,0.5,0,66,0,-0.00013072509318590164,3970,0.45463973747727204,0.45463973747727204,1.0,0.28110599078341014,0.4009216589861751,0.7011494252873564
msmarco-passage-trec-dl-2020,121171,balanced,8192,4096,4096,8192,0.5,0,67,0,-5.994923412799835e-06,8042,0.45463973747727204,0.45463973747727204,1.0,0.2857142857142857,0.4009216589861751,0.7126436781609196
msmarco-passage-trec-dl-2020,121171,balanced,10000,5000,5000,10000,0.5,0,69,0,-6.994232535362244e-05,9844,0.45463973747727204,0.45463973747727204,1.0,0.2903225806451613,0.4009216589861751,0.7241379310344829
msmarco-passage-trec-dl-2020,121171,blocker,128,64,64,128,0.5,0,11,0,-1.3511627912521362e-05,99,0.45463973747727204,0.45463973747727204,1.0,0.041474654377880185,0.4009216589861751,0.10344827586206898
msmarco-passage-trec-dl-2020,121171,blocker,256,112,144,256,0.4375,32,26,0,-8.10716301202774e-05,204,0.45463973747727204,0.45463973747727204,1.0,0.10599078341013825,0.4009216589861751,0.26436781609195403
msmarco-passage-trec-dl-2020,121171,blocker,512,272,240,512,0.53125,32,40,0,-9.723752737045288e-05,433,0.45463973747727204,0.45463973747727204,1.0,0.16129032258064516,0.4009216589861751,0.40229885057471265
msmarco-passage-trec-dl-2020,121171,blocker,1024,656,368,1024,0.640625,288,59,0,-4.7441571950912476e-05,923,0.45463973747727204,0.45463973747727204,1.0,0.2488479262672811,0.4009216589861751,0.6206896551724138
msmarco-passage-trec-dl-2020,121171,blocker,2048,1568,480,2048,0.765625,1088,63,0,-7.963180541992188e-05,1930,0.45463973747727204,0.45463973747727204,1.0,0.2672811059907834,0.4009216589861751,0.6666666666666667
msmarco-passage-trec-dl-2020,121171,blocker,4096,3504,592,4096,0.85546875,2912,67,0,-4.5962631702423096e-05,3951,0.45463973747727204,0.45463973747727204,1.0,0.2857142857142857,0.4009216589861751,0.7126436781609196
msmarco-passage-trec-dl-2020,121171,blocker,8192,5000,3192,8192,0.6103515625,1808,69,0,-6.994232535362244e-05,8038,0.45463973747727204,0.45463973747727204,1.0,0.2903225806451613,0.4009216589861751,0.7241379310344829
msmarco-passage-trec-dl-2020,121171,blocker,10000,5000,5000,10000,0.5,0,69,0,-6.994232535362244e-05,9844,0.45463973747727204,0.45463973747727204,1.0,0.2903225806451613,0.4009216589861751,0.7241379310344829
msmarco-passage-trec-dl-2020,121171,candidate,128,64,64,128,0.5,0,11,0,-1.3511627912521362e-05,99,0.45463973747727204,0.45463973747727204,1.0,0.041474654377880185,0.4009216589861751,0.10344827586206898
msmarco-passage-trec-dl-2020,121171,candidate,256,112,144,256,0.4375,32,26,0,-8.10716301202774e-05,204,0.45463973747727204,0.45463973747727204,1.0,0.10599078341013825,0.4009216589861751,0.26436781609195403
msmarco-passage-trec-dl-2020,121171,candidate,512,272,240,512,0.53125,32,40,0,-9.723752737045288e-05,433,0.45463973747727204,0.45463973747727204,1.0,0.16129032258064516,0.4009216589861751,0.40229885057471265
msmarco-passage-trec-dl-2020,121171,candidate,1024,656,368,1024,0.640625,288,59,0,-4.7441571950912476e-05,923,0.45463973747727204,0.45463973747727204,1.0,0.2488479262672811,0.4009216589861751,0.6206896551724138
msmarco-passage-trec-dl-2020,121171,candidate,2048,1568,480,2048,0.765625,1088,63,0,-7.963180541992188e-05,1930,0.45463973747727204,0.45463973747727204,1.0,0.2672811059907834,0.4009216589861751,0.6666666666666667
msmarco-passage-trec-dl-2020,121171,candidate,4096,3504,592,4096,0.85546875,2912,67,0,-4.5962631702423096e-05,3951,0.45463973747727204,0.45463973747727204,1.0,0.2857142857142857,0.4009216589861751,0.7126436781609196
msmarco-passage-trec-dl-2020,121171,candidate,8192,5000,3192,8192,0.6103515625,1808,69,0,-6.994232535362244e-05,8038,0.45463973747727204,0.45463973747727204,1.0,0.2903225806451613,0.4009216589861751,0.7241379310344829
msmarco-passage-trec-dl-2020,121171,candidate,10000,5000,5000,10000,0.5,0,69,0,-6.994232535362244e-05,9844,0.45463973747727204,0.45463973747727204,1.0,0.2903225806451613,0.4009216589861751,0.7241379310344829
msmarco-passage-trec-dl-2020,121171,candidate-safe,128,64,64,128,0.5,0,11,0,-1.3511627912521362e-05,99,0.45463973747727204,0.45463973747727204,1.0,0.041474654377880185,0.4009216589861751,0.10344827586206898
msmarco-passage-trec-dl-2020,121171,candidate-safe,256,112,144,256,0.4375,32,26,0,-8.10716301202774e-05,204,0.45463973747727204,0.45463973747727204,1.0,0.10599078341013825,0.4009216589861751,0.26436781609195403
msmarco-passage-trec-dl-2020,121171,candidate-safe,512,272,240,512,0.53125,32,40,0,-9.723752737045288e-05,433,0.45463973747727204,0.45463973747727204,1.0,0.16129032258064516,0.4009216589861751,0.40229885057471265
msmarco-passage-trec-dl-2020,121171,candidate-safe,1024,656,368,1024,0.640625,288,59,0,-4.7441571950912476e-05,923,0.45463973747727204,0.45463973747727204,1.0,0.2488479262672811,0.4009216589861751,0.6206896551724138
msmarco-passage-trec-dl-2020,121171,candidate-safe,2048,1568,480,2048,0.765625,1088,63,0,-7.963180541992188e-05,1930,0.45463973747727204,0.45463973747727204,1.0,0.2672811059907834,0.4009216589861751,0.6666666666666667
msmarco-passage-trec-dl-2020,121171,candidate-safe,4096,3504,592,4096,0.85546875,2912,67,0,-4.5962631702423096e-05,3951,0.45463973747727204,0.45463973747727204,1.0,0.2857142857142857,0.4009216589861751,0.7126436781609196
msmarco-passage-trec-dl-2020,121171,candidate-safe,8192,5000,3192,8192,0.6103515625,1808,69,0,-6.994232535362244e-05,8038,0.45463973747727204,0.45463973747727204,1.0,0.2903225806451613,0.4009216589861751,0.7241379310344829
msmarco-passage-trec-dl-2020,121171,candidate-safe,10000,5000,5000,10000,0.5,0,69,0,-6.994232535362244e-05,9844,0.45463973747727204,0.45463973747727204,1.0,0.2903225806451613,0.4009216589861751,0.7241379310344829
msmarco-passage-trec-dl-2020,121171,pressure,128,64,64,128,0.5,0,11,0,-1.3511627912521362e-05,99,0.45463973747727204,0.45463973747727204,1.0,0.041474654377880185,0.4009216589861751,0.10344827586206898
msmarco-passage-trec-dl-2020,121171,pressure,256,128,128,256,0.5,0,26,0,-0.0004982594400644302,203,0.45463973747727204,0.45463973747727204,1.0,0.10599078341013825,0.4009216589861751,0.26436781609195403
msmarco-passage-trec-dl-2020,121171,pressure,512,272,240,512,0.53125,32,40,0,-9.723752737045288e-05,433,0.45463973747727204,0.45463973747727204,1.0,0.16129032258064516,0.4009216589861751,0.40229885057471265
msmarco-passage-trec-dl-2020,121171,pressure,1024,656,368,1024,0.640625,288,59,0,-4.7441571950912476e-05,923,0.45463973747727204,0.45463973747727204,1.0,0.2488479262672811,0.4009216589861751,0.6206896551724138
msmarco-passage-trec-dl-2020,121171,pressure,2048,1552,496,2048,0.7578125,1056,63,0,-8.57282429933548e-05,1930,0.45463973747727204,0.45463973747727204,1.0,0.2672811059907834,0.4009216589861751,0.6666666666666667
msmarco-passage-trec-dl-2020,121171,pressure,4096,3488,608,4096,0.8515625,2880,67,0,-4.722829908132553e-05,3951,0.45463973747727204,0.45463973747727204,1.0,0.2857142857142857,0.4009216589861751,0.7126436781609196
msmarco-passage-trec-dl-2020,121171,pressure,8192,5000,3192,8192,0.6103515625,1808,69,0,-6.994232535362244e-05,8038,0.45463973747727204,0.45463973747727204,1.0,0.2903225806451613,0.4009216589861751,0.7241379310344829
msmarco-passage-trec-dl-2020,121171,pressure,10000,5000,5000,10000,0.5,0,69,0,-6.994232535362244e-05,9844,0.45463973747727204,0.45463973747727204,1.0,0.2903225806451613,0.4009216589861751,0.7241379310344829
msmarco-passage-trec-dl-2020,121171,allocation-grid-oracle,128,64,64,128,0.5,0,11,0,-1.3511627912521362e-05,99,0.45463973747727204,0.45463973747727204,1.0,0.041474654377880185,0.4009216589861751,0.10344827586206898
msmarco-passage-trec-dl-2020,121171,allocation-grid-oracle,256,112,144,256,0.4375,32,26,0,-8.10716301202774e-05,204,0.45463973747727204,0.45463973747727204,1.0,0.10599078341013825,0.4009216589861751,0.26436781609195403
msmarco-passage-trec-dl-2020,121171,allocation-grid-oracle,512,272,240,512,0.53125,32,40,0,-9.723752737045288e-05,433,0.45463973747727204,0.45463973747727204,1.0,0.16129032258064516,0.4009216589861751,0.40229885057471265
msmarco-passage-trec-dl-2020,121171,allocation-grid-oracle,1024,656,368,1024,0.640625,288,59,0,-4.7441571950912476e-05,923,0.45463973747727204,0.45463973747727204,1.0,0.2488479262672811,0.4009216589861751,0.6206896551724138
msmarco-passage-trec-dl-2020,121171,allocation-grid-oracle,2048,1568,480,2048,0.765625,1088,63,0,-7.963180541992188e-05,1930,0.45463973747727204,0.45463973747727204,1.0,0.2672811059907834,0.4009216589861751,0.6666666666666667
msmarco-passage-trec-dl-2020,121171,allocation-grid-oracle,4096,3504,592,4096,0.85546875,2912,67,0,-4.5962631702423096e-05,3951,0.45463973747727204,0.45463973747727204,1.0,0.2857142857142857,0.4009216589861751,0.7126436781609196
msmarco-passage-trec-dl-2020,121171,allocation-grid-oracle,8192,5000,3192,8192,0.6103515625,1808,69,0,-6.994232535362244e-05,8038,0.45463973747727204,0.45463973747727204,1.0,0.2903225806451613,0.4009216589861751,0.7241379310344829
msmarco-passage-trec-dl-2020,121171,allocation-grid-oracle,10000,5000,5000,10000,0.5,0,69,0,-6.994232535362244e-05,9844,0.45463973747727204,0.45463973747727204,1.0,0.2903225806451613,0.4009216589861751,0.7241379310344829
msmarco-passage-trec-dl-2020,135802,balanced,128,64,64,128,0.5,0,8,0,-0.0022483132779598236,119,0.7595450821777109,0.8490467214171324,0.8945857312892799,0.35294117647058826,1.0,0.35294117647058826
msmarco-passage-trec-dl-2020,135802,balanced,256,128,128,256,0.5,0,9,0,-0.004845663905143738,247,0.782608011141753,0.8490467214171324,0.9217490526734649,0.4117647058823529,1.0,0.4117647058823529
msmarco-passage-trec-dl-2020,135802,balanced,512,256,256,512,0.5,0,9,0,-0.0019719041883945465,501,0.782608011141753,0.8490467214171324,0.9217490526734649,0.4117647058823529,1.0,0.4117647058823529
msmarco-passage-trec-dl-2020,135802,balanced,1024,512,512,1024,0.5,0,9,0,-8.453428745269775e-05,1011,0.782608011141753,0.8490467214171324,0.9217490526734649,0.4117647058823529,1.0,0.4117647058823529
msmarco-passage-trec-dl-2020,135802,balanced,2048,1024,1024,2048,0.5,0,12,0,-1.128949224948883e-05,2030,0.8490467214171324,0.8490467214171324,1.0,0.5882352941176471,1.0,0.5882352941176471
msmarco-passage-trec-dl-2020,135802,balanced,4096,2048,2048,4096,0.5,0,15,0,-0.00047438405454158783,4077,0.8490467214171324,0.8490467214171324,1.0,0.7058823529411765,1.0,0.7058823529411765
msmarco-passage-trec-dl-2020,135802,balanced,8192,4096,4096,8192,0.5,0,16,0,-1.4472752809524536e-05,8163,0.8490467214171324,0.8490467214171324,1.0,0.7647058823529411,1.0,0.7647058823529411
msmarco-passage-trec-dl-2020,135802,balanced,10000,5000,5000,10000,0.5,0,17,0,-0.0001423647627234459,9964,0.8490467214171324,0.8490467214171324,1.0,0.7647058823529411,1.0,0.7647058823529411
msmarco-passage-trec-dl-2020,135802,blocker,128,64,64,128,0.5,0,8,0,-0.0022483132779598236,119,0.7595450821777109,0.8490467214171324,0.8945857312892799,0.35294117647058826,1.0,0.35294117647058826
msmarco-passage-trec-dl-2020,135802,blocker,256,128,128,256,0.5,0,9,0,-0.004845663905143738,247,0.782608011141753,0.8490467214171324,0.9217490526734649,0.4117647058823529,1.0,0.4117647058823529
msmarco-passage-trec-dl-2020,135802,blocker,512,272,240,512,0.53125,32,9,0,-0.0018193945288658142,501,0.782608011141753,0.8490467214171324,0.9217490526734649,0.4117647058823529,1.0,0.4117647058823529
msmarco-passage-trec-dl-2020,135802,blocker,1024,592,432,1024,0.578125,160,10,0,-0.00036638230085372925,1010,0.8490467214171324,0.8490467214171324,1.0,0.47058823529411764,1.0,0.47058823529411764
msmarco-passage-trec-dl-2020,135802,blocker,2048,1024,1024,2048,0.5,0,12,0,-1.128949224948883e-05,2030,0.8490467214171324,0.8490467214171324,1.0,0.5882352941176471,1.0,0.5882352941176471
msmarco-passage-trec-dl-2020,135802,blocker,4096,1248,2848,4096,0.3046875,1600,15,0,-0.00034387875348329544,4077,0.8490467214171324,0.8490467214171324,1.0,0.7058823529411765,1.0,0.7058823529411765
msmarco-passage-trec-dl-2020,135802,blocker,8192,3192,5000,8192,0.3896484375,1808,17,0,-0.0001423647627234459,8167,0.8490467214171324,0.8490467214171324,1.0,0.7647058823529411,1.0,0.7647058823529411
msmarco-passage-trec-dl-2020,135802,blocker,10000,5000,5000,10000,0.5,0,17,0,-0.0001423647627234459,9964,0.8490467214171324,0.8490467214171324,1.0,0.7647058823529411,1.0,0.7647058823529411
msmarco-passage-trec-dl-2020,135802,candidate,128,64,64,128,0.5,0,8,0,-0.0022483132779598236,119,0.7595450821777109,0.8490467214171324,0.8945857312892799,0.35294117647058826,1.0,0.35294117647058826
msmarco-passage-trec-dl-2020,135802,candidate,256,144,112,256,0.5625,32,9,0,-0.005340468138456345,247,0.782608011141753,0.8490467214171324,0.9217490526734649,0.4117647058823529,1.0,0.4117647058823529
msmarco-passage-trec-dl-2020,135802,candidate,512,272,240,512,0.53125,32,9,0,-0.0018193945288658142,501,0.782608011141753,0.8490467214171324,0.9217490526734649,0.4117647058823529,1.0,0.4117647058823529
msmarco-passage-trec-dl-2020,135802,candidate,1024,592,432,1024,0.578125,160,10,0,-0.00036638230085372925,1010,0.8490467214171324,0.8490467214171324,1.0,0.47058823529411764,1.0,0.47058823529411764
msmarco-passage-trec-dl-2020,135802,candidate,2048,1024,1024,2048,0.5,0,12,0,-1.128949224948883e-05,2030,0.8490467214171324,0.8490467214171324,1.0,0.5882352941176471,1.0,0.5882352941176471
msmarco-passage-trec-dl-2020,135802,candidate,4096,2560,1536,4096,0.625,1024,15,0,-0.00024357065558433533,4077,0.8490467214171324,0.8490467214171324,1.0,0.7058823529411765,1.0,0.7058823529411765
msmarco-passage-trec-dl-2020,135802,candidate,8192,3192,5000,8192,0.3896484375,1808,17,0,-0.0001423647627234459,8167,0.8490467214171324,0.8490467214171324,1.0,0.7647058823529411,1.0,0.7647058823529411
msmarco-passage-trec-dl-2020,135802,candidate,10000,5000,5000,10000,0.5,0,17,0,-0.0001423647627234459,9964,0.8490467214171324,0.8490467214171324,1.0,0.7647058823529411,1.0,0.7647058823529411
msmarco-passage-trec-dl-2020,135802,candidate-safe,128,64,64,128,0.5,0,8,0,-0.0022483132779598236,119,0.7595450821777109,0.8490467214171324,0.8945857312892799,0.35294117647058826,1.0,0.35294117647058826
msmarco-passage-trec-dl-2020,135802,candidate-safe,256,144,112,256,0.5625,32,9,0,-0.005340468138456345,247,0.782608011141753,0.8490467214171324,0.9217490526734649,0.4117647058823529,1.0,0.4117647058823529
msmarco-passage-trec-dl-2020,135802,candidate-safe,512,272,240,512,0.53125,32,9,0,-0.0018193945288658142,501,0.782608011141753,0.8490467214171324,0.9217490526734649,0.4117647058823529,1.0,0.4117647058823529
msmarco-passage-trec-dl-2020,135802,candidate-safe,1024,592,432,1024,0.578125,160,10,0,-0.00036638230085372925,1010,0.8490467214171324,0.8490467214171324,1.0,0.47058823529411764,1.0,0.47058823529411764
msmarco-passage-trec-dl-2020,135802,candidate-safe,2048,1024,1024,2048,0.5,0,12,0,-1.128949224948883e-05,2030,0.8490467214171324,0.8490467214171324,1.0,0.5882352941176471,1.0,0.5882352941176471
msmarco-passage-trec-dl-2020,135802,candidate-safe,4096,2560,1536,4096,0.625,1024,15,0,-0.00024357065558433533,4077,0.8490467214171324,0.8490467214171324,1.0,0.7058823529411765,1.0,0.7058823529411765
msmarco-passage-trec-dl-2020,135802,candidate-safe,8192,3192,5000,8192,0.3896484375,1808,17,0,-0.0001423647627234459,8167,0.8490467214171324,0.8490467214171324,1.0,0.7647058823529411,1.0,0.7647058823529411
msmarco-passage-trec-dl-2020,135802,candidate-safe,10000,5000,5000,10000,0.5,0,17,0,-0.0001423647627234459,9964,0.8490467214171324,0.8490467214171324,1.0,0.7647058823529411,1.0,0.7647058823529411
msmarco-passage-trec-dl-2020,135802,pressure,128,64,64,128,0.5,0,8,0,-0.0022483132779598236,119,0.7595450821777109,0.8490467214171324,0.8945857312892799,0.35294117647058826,1.0,0.35294117647058826
msmarco-passage-trec-dl-2020,135802,pressure,256,128,128,256,0.5,0,9,0,-0.004845663905143738,247,0.782608011141753,0.8490467214171324,0.9217490526734649,0.4117647058823529,1.0,0.4117647058823529
msmarco-passage-trec-dl-2020,135802,pressure,512,256,256,512,0.5,0,9,0,-0.0019719041883945465,501,0.782608011141753,0.8490467214171324,0.9217490526734649,0.4117647058823529,1.0,0.4117647058823529
msmarco-passage-trec-dl-2020,135802,pressure,1024,544,480,1024,0.53125,64,10,0,-0.0004629753530025482,1011,0.8490467214171324,0.8490467214171324,1.0,0.47058823529411764,1.0,0.47058823529411764
msmarco-passage-trec-dl-2020,135802,pressure,2048,1024,1024,2048,0.5,0,12,0,-1.128949224948883e-05,2030,0.8490467214171324,0.8490467214171324,1.0,0.5882352941176471,1.0,0.5882352941176471
msmarco-passage-trec-dl-2020,135802,pressure,4096,1248,2848,4096,0.3046875,1600,15,0,-0.00034387875348329544,4077,0.8490467214171324,0.8490467214171324,1.0,0.7058823529411765,1.0,0.7058823529411765
msmarco-passage-trec-dl-2020,135802,pressure,8192,3192,5000,8192,0.3896484375,1808,17,0,-0.0001423647627234459,8167,0.8490467214171324,0.8490467214171324,1.0,0.7647058823529411,1.0,0.7647058823529411
msmarco-passage-trec-dl-2020,135802,pressure,10000,5000,5000,10000,0.5,0,17,0,-0.0001423647627234459,9964,0.8490467214171324,0.8490467214171324,1.0,0.7647058823529411,1.0,0.7647058823529411
msmarco-passage-trec-dl-2020,135802,allocation-grid-oracle,128,64,64,128,0.5,0,8,0,-0.0022483132779598236,119,0.7595450821777109,0.8490467214171324,0.8945857312892799,0.35294117647058826,1.0,0.35294117647058826
msmarco-passage-trec-dl-2020,135802,allocation-grid-oracle,256,128,128,256,0.5,0,9,0,-0.004845663905143738,247,0.782608011141753,0.8490467214171324,0.9217490526734649,0.4117647058823529,1.0,0.4117647058823529
msmarco-passage-trec-dl-2020,135802,allocation-grid-oracle,512,288,224,512,0.5625,64,9,0,-0.0013839229941368103,500,0.782608011141753,0.8490467214171324,0.9217490526734649,0.4117647058823529,1.0,0.4117647058823529
msmarco-passage-trec-dl-2020,135802,allocation-grid-oracle,1024,592,432,1024,0.578125,160,10,0,-0.00036638230085372925,1010,0.8490467214171324,0.8490467214171324,1.0,0.47058823529411764,1.0,0.47058823529411764
msmarco-passage-trec-dl-2020,135802,allocation-grid-oracle,2048,1024,1024,2048,0.5,0,12,0,-1.128949224948883e-05,2030,0.8490467214171324,0.8490467214171324,1.0,0.5882352941176471,1.0,0.5882352941176471
msmarco-passage-trec-dl-2020,135802,allocation-grid-oracle,4096,2560,1536,4096,0.625,1024,15,0,-0.00024357065558433533,4077,0.8490467214171324,0.8490467214171324,1.0,0.7058823529411765,1.0,0.7058823529411765
msmarco-passage-trec-dl-2020,135802,allocation-grid-oracle,8192,3192,5000,8192,0.3896484375,1808,17,0,-0.0001423647627234459,8167,0.8490467214171324,0.8490467214171324,1.0,0.7647058823529411,1.0,0.7647058823529411
msmarco-passage-trec-dl-2020,135802,allocation-grid-oracle,10000,5000,5000,10000,0.5,0,17,0,-0.0001423647627234459,9964,0.8490467214171324,0.8490467214171324,1.0,0.7647058823529411,1.0,0.7647058823529411
msmarco-passage-trec-dl-2020,141630,balanced,128,64,64,128,0.5,0,11,0,-0.0012533720582723618,101,0.36634926301230675,0.36634926301230675,1.0,0.09322033898305085,0.4745762711864407,0.19642857142857142
msmarco-passage-trec-dl-2020,141630,balanced,256,128,128,256,0.5,0,18,0,-0.00014958716928958893,196,0.36634926301230675,0.36634926301230675,1.0,0.15254237288135594,0.4745762711864407,0.32142857142857145
msmarco-passage-trec-dl-2020,141630,balanced,512,256,256,512,0.5,0,36,0,-0.000504564493894577,403,0.36634926301230675,0.36634926301230675,1.0,0.2542372881355932,0.4745762711864407,0.5357142857142857
msmarco-passage-trec-dl-2020,141630,balanced,1024,512,512,1024,0.5,0,44,0,-4.583597183227539e-05,810,0.36634926301230675,0.36634926301230675,1.0,0.288135593220339,0.4745762711864407,0.6071428571428571
msmarco-passage-trec-dl-2020,141630,balanced,2048,1024,1024,2048,0.5,0,63,0,-0.00013389810919761658,1638,0.36634926301230675,0.36634926301230675,1.0,0.3644067796610169,0.4745762711864407,0.7678571428571428
msmarco-passage-trec-dl-2020,141630,balanced,4096,2048,2048,4096,0.5,0,67,0,-0.0001438632607460022,3367,0.36634926301230675,0.36634926301230675,1.0,0.3898305084745763,0.4745762711864407,0.8214285714285714
msmarco-passage-trec-dl-2020,141630,balanced,8192,4096,4096,8192,0.5,0,69,0,-0.00013872794806957245,6796,0.36634926301230675,0.36634926301230675,1.0,0.3898305084745763,0.4745762711864407,0.8214285714285714
msmarco-passage-trec-dl-2020,141630,balanced,10000,5000,5000,10000,0.5,0,69,0,-9.574089199304581e-05,8339,0.36634926301230675,0.36634926301230675,1.0,0.3898305084745763,0.4745762711864407,0.8214285714285714
msmarco-passage-trec-dl-2020,141630,blocker,128,64,64,128,0.5,0,11,0,-0.0012533720582723618,101,0.36634926301230675,0.36634926301230675,1.0,0.09322033898305085,0.4745762711864407,0.19642857142857142
msmarco-passage-trec-dl-2020,141630,blocker,256,144,112,256,0.5625,32,20,0,-0.0003031771630048752,201,0.36634926301230675,0.36634926301230675,1.0,0.16101694915254236,0.4745762711864407,0.33928571428571425
msmarco-passage-trec-dl-2020,141630,blocker,512,208,304,512,0.40625,96,36,0,-8.725933730602264e-05,403,0.36634926301230675,0.36634926301230675,1.0,0.2542372881355932,0.4745762711864407,0.5357142857142857
msmarco-passage-trec-dl-2020,141630,blocker,1024,448,576,1024,0.4375,128,53,0,-0.00021729618310928345,806,0.36634926301230675,0.36634926301230675,1.0,0.3305084745762712,0.4745762711864407,0.6964285714285714
msmarco-passage-trec-dl-2020,141630,blocker,2048,1472,576,2048,0.71875,896,67,0,-0.0003222217783331871,1722,0.36634926301230675,0.36634926301230675,1.0,0.3898305084745763,0.4745762711864407,0.8214285714285714
msmarco-passage-trec-dl-2020,141630,blocker,4096,3488,608,4096,0.8515625,2880,68,0,-3.656558692455292e-05,3674,0.36634926301230675,0.36634926301230675,1.0,0.3898305084745763,0.4745762711864407,0.8214285714285714
msmarco-passage-trec-dl-2020,141630,blocker,8192,5000,3192,8192,0.6103515625,1808,69,0,-9.574089199304581e-05,6844,0.36634926301230675,0.36634926301230675,1.0,0.3898305084745763,0.4745762711864407,0.8214285714285714
msmarco-passage-trec-dl-2020,141630,blocker,10000,5000,5000,10000,0.5,0,69,0,-9.574089199304581e-05,8339,0.36634926301230675,0.36634926301230675,1.0,0.3898305084745763,0.4745762711864407,0.8214285714285714
msmarco-passage-trec-dl-2020,141630,candidate,128,64,64,128,0.5,0,11,0,-0.0012533720582723618,101,0.36634926301230675,0.36634926301230675,1.0,0.09322033898305085,0.4745762711864407,0.19642857142857142
msmarco-passage-trec-dl-2020,141630,candidate,256,144,112,256,0.5625,32,20,0,-0.0003031771630048752,201,0.36634926301230675,0.36634926301230675,1.0,0.16101694915254236,0.4745762711864407,0.33928571428571425
msmarco-passage-trec-dl-2020,141630,candidate,512,208,304,512,0.40625,96,36,0,-8.725933730602264e-05,403,0.36634926301230675,0.36634926301230675,1.0,0.2542372881355932,0.4745762711864407,0.5357142857142857
msmarco-passage-trec-dl-2020,141630,candidate,1024,448,576,1024,0.4375,128,53,0,-0.00021729618310928345,806,0.36634926301230675,0.36634926301230675,1.0,0.3305084745762712,0.4745762711864407,0.6964285714285714
msmarco-passage-trec-dl-2020,141630,candidate,2048,1472,576,2048,0.71875,896,67,0,-0.0003222217783331871,1722,0.36634926301230675,0.36634926301230675,1.0,0.3898305084745763,0.4745762711864407,0.8214285714285714
msmarco-passage-trec-dl-2020,141630,candidate,4096,3488,608,4096,0.8515625,2880,68,0,-3.656558692455292e-05,3674,0.36634926301230675,0.36634926301230675,1.0,0.3898305084745763,0.4745762711864407,0.8214285714285714
msmarco-passage-trec-dl-2020,141630,candidate,8192,5000,3192,8192,0.6103515625,1808,69,0,-9.574089199304581e-05,6844,0.36634926301230675,0.36634926301230675,1.0,0.3898305084745763,0.4745762711864407,0.8214285714285714
msmarco-passage-trec-dl-2020,141630,candidate,10000,5000,5000,10000,0.5,0,69,0,-9.574089199304581e-05,8339,0.36634926301230675,0.36634926301230675,1.0,0.3898305084745763,0.4745762711864407,0.8214285714285714
msmarco-passage-trec-dl-2020,141630,candidate-safe,128,64,64,128,0.5,0,11,0,-0.0012533720582723618,101,0.36634926301230675,0.36634926301230675,1.0,0.09322033898305085,0.4745762711864407,0.19642857142857142
msmarco-passage-trec-dl-2020,141630,candidate-safe,256,144,112,256,0.5625,32,20,0,-0.0003031771630048752,201,0.36634926301230675,0.36634926301230675,1.0,0.16101694915254236,0.4745762711864407,0.33928571428571425
msmarco-passage-trec-dl-2020,141630,candidate-safe,512,208,304,512,0.40625,96,36,0,-8.725933730602264e-05,403,0.36634926301230675,0.36634926301230675,1.0,0.2542372881355932,0.4745762711864407,0.5357142857142857
msmarco-passage-trec-dl-2020,141630,candidate-safe,1024,448,576,1024,0.4375,128,53,0,-0.00021729618310928345,806,0.36634926301230675,0.36634926301230675,1.0,0.3305084745762712,0.4745762711864407,0.6964285714285714
msmarco-passage-trec-dl-2020,141630,candidate-safe,2048,1472,576,2048,0.71875,896,67,0,-0.0003222217783331871,1722,0.36634926301230675,0.36634926301230675,1.0,0.3898305084745763,0.4745762711864407,0.8214285714285714
msmarco-passage-trec-dl-2020,141630,candidate-safe,4096,3488,608,4096,0.8515625,2880,68,0,-3.656558692455292e-05,3674,0.36634926301230675,0.36634926301230675,1.0,0.3898305084745763,0.4745762711864407,0.8214285714285714
msmarco-passage-trec-dl-2020,141630,candidate-safe,8192,5000,3192,8192,0.6103515625,1808,69,0,-9.574089199304581e-05,6844,0.36634926301230675,0.36634926301230675,1.0,0.3898305084745763,0.4745762711864407,0.8214285714285714
msmarco-passage-trec-dl-2020,141630,candidate-safe,10000,5000,5000,10000,0.5,0,69,0,-9.574089199304581e-05,8339,0.36634926301230675,0.36634926301230675,1.0,0.3898305084745763,0.4745762711864407,0.8214285714285714
msmarco-passage-trec-dl-2020,141630,pressure,128,64,64,128,0.5,0,11,0,-0.0012533720582723618,101,0.36634926301230675,0.36634926301230675,1.0,0.09322033898305085,0.4745762711864407,0.19642857142857142
msmarco-passage-trec-dl-2020,141630,pressure,256,144,112,256,0.5625,32,20,0,-0.0003031771630048752,201,0.36634926301230675,0.36634926301230675,1.0,0.16101694915254236,0.4745762711864407,0.33928571428571425
msmarco-passage-trec-dl-2020,141630,pressure,512,208,304,512,0.40625,96,36,0,-8.725933730602264e-05,403,0.36634926301230675,0.36634926301230675,1.0,0.2542372881355932,0.4745762711864407,0.5357142857142857
msmarco-passage-trec-dl-2020,141630,pressure,1024,448,576,1024,0.4375,128,53,0,-0.00021729618310928345,806,0.36634926301230675,0.36634926301230675,1.0,0.3305084745762712,0.4745762711864407,0.6964285714285714
msmarco-passage-trec-dl-2020,141630,pressure,2048,1456,592,2048,0.7109375,864,67,0,-0.0003291107714176178,1713,0.36634926301230675,0.36634926301230675,1.0,0.3898305084745763,0.4745762711864407,0.8214285714285714
msmarco-passage-trec-dl-2020,141630,pressure,4096,3472,624,4096,0.84765625,2848,68,0,-3.784243017435074e-05,3663,0.36634926301230675,0.36634926301230675,1.0,0.3898305084745763,0.4745762711864407,0.8214285714285714
msmarco-passage-trec-dl-2020,141630,pressure,8192,5000,3192,8192,0.6103515625,1808,69,0,-9.574089199304581e-05,6844,0.36634926301230675,0.36634926301230675,1.0,0.3898305084745763,0.4745762711864407,0.8214285714285714
msmarco-passage-trec-dl-2020,141630,pressure,10000,5000,5000,10000,0.5,0,69,0,-9.574089199304581e-05,8339,0.36634926301230675,0.36634926301230675,1.0,0.3898305084745763,0.4745762711864407,0.8214285714285714
msmarco-passage-trec-dl-2020,141630,allocation-grid-oracle,128,64,64,128,0.5,0,11,0,-0.0012533720582723618,101,0.36634926301230675,0.36634926301230675,1.0,0.09322033898305085,0.4745762711864407,0.19642857142857142
msmarco-passage-trec-dl-2020,141630,allocation-grid-oracle,256,144,112,256,0.5625,32,20,0,-0.0003031771630048752,201,0.36634926301230675,0.36634926301230675,1.0,0.16101694915254236,0.4745762711864407,0.33928571428571425
msmarco-passage-trec-dl-2020,141630,allocation-grid-oracle,512,208,304,512,0.40625,96,36,0,-8.725933730602264e-05,403,0.36634926301230675,0.36634926301230675,1.0,0.2542372881355932,0.4745762711864407,0.5357142857142857
msmarco-passage-trec-dl-2020,141630,allocation-grid-oracle,1024,448,576,1024,0.4375,128,53,0,-0.00021729618310928345,806,0.36634926301230675,0.36634926301230675,1.0,0.3305084745762712,0.4745762711864407,0.6964285714285714
msmarco-passage-trec-dl-2020,141630,allocation-grid-oracle,2048,1472,576,2048,0.71875,896,67,0,-0.0003222217783331871,1722,0.36634926301230675,0.36634926301230675,1.0,0.3898305084745763,0.4745762711864407,0.8214285714285714
msmarco-passage-trec-dl-2020,141630,allocation-grid-oracle,4096,3488,608,4096,0.8515625,2880,68,0,-3.656558692455292e-05,3674,0.36634926301230675,0.36634926301230675,1.0,0.3898305084745763,0.4745762711864407,0.8214285714285714
msmarco-passage-trec-dl-2020,141630,allocation-grid-oracle,8192,5000,3192,8192,0.6103515625,1808,69,0,-9.574089199304581e-05,6844,0.36634926301230675,0.36634926301230675,1.0,0.3898305084745763,0.4745762711864407,0.8214285714285714
msmarco-passage-trec-dl-2020,141630,allocation-grid-oracle,10000,5000,5000,10000,0.5,0,69,0,-9.574089199304581e-05,8339,0.36634926301230675,0.36634926301230675,1.0,0.3898305084745763,0.4745762711864407,0.8214285714285714
msmarco-passage-trec-dl-2020,156498,balanced,128,64,64,128,0.5,0,9,0,-0.0014187414199113846,112,0.6901650319830571,0.6901650319830571,1.0,0.5,0.9166666666666666,0.5454545454545455
msmarco-passage-trec-dl-2020,156498,balanced,256,128,128,256,0.5,0,14,0,-0.00043240003287792206,226,0.6901650319830571,0.6901650319830571,1.0,0.6666666666666666,0.9166666666666666,0.7272727272727273
msmarco-passage-trec-dl-2020,156498,balanced,512,256,256,512,0.5,0,26,0,-0.0008846744894981384,433,0.6901650319830571,0.6901650319830571,1.0,0.6666666666666666,0.9166666666666666,0.7272727272727273
msmarco-passage-trec-dl-2020,156498,balanced,1024,512,512,1024,0.5,0,31,0,-0.0001327376812696457,869,0.6901650319830571,0.6901650319830571,1.0,0.75,0.9166666666666666,0.8181818181818182
msmarco-passage-trec-dl-2020,156498,balanced,2048,1024,1024,2048,0.5,0,37,0,-1.5813857316970825e-05,1735,0.6901650319830571,0.6901650319830571,1.0,0.8333333333333334,0.9166666666666666,0.9090909090909092
msmarco-passage-trec-dl-2020,156498,balanced,4096,2048,2048,4096,0.5,0,40,0,-6.675627082586288e-05,3606,0.6901650319830571,0.6901650319830571,1.0,0.8333333333333334,0.9166666666666666,0.9090909090909092
msmarco-passage-trec-dl-2020,156498,balanced,8192,4096,4096,8192,0.5,0,42,0,-0.00011535827070474625,7428,0.6901650319830571,0.6901650319830571,1.0,0.9166666666666666,0.9166666666666666,1.0
msmarco-passage-trec-dl-2020,156498,balanced,10000,5000,5000,10000,0.5,0,42,0,-7.23712146282196e-05,9131,0.6901650319830571,0.6901650319830571,1.0,0.9166666666666666,0.9166666666666666,1.0
msmarco-passage-trec-dl-2020,156498,blocker,128,80,48,128,0.625,32,9,0,-0.0013715587556362152,111,0.6901650319830571,0.6901650319830571,1.0,0.5,0.9166666666666666,0.5454545454545455
msmarco-passage-trec-dl-2020,156498,blocker,256,144,112,256,0.5625,32,15,0,-0.00020570307970046997,223,0.6901650319830571,0.6901650319830571,1.0,0.6666666666666666,0.9166666666666666,0.7272727272727273
msmarco-passage-trec-dl-2020,156498,blocker,512,256,256,512,0.5,0,26,0,-0.0008846744894981384,433,0.6901650319830571,0.6901650319830571,1.0,0.6666666666666666,0.9166666666666666,0.7272727272727273
msmarco-passage-trec-dl-2020,156498,blocker,1024,432,592,1024,0.421875,160,33,0,-0.00018311664462089539,870,0.6901650319830571,0.6901650319830571,1.0,0.75,0.9166666666666666,0.8181818181818182
msmarco-passage-trec-dl-2020,156498,blocker,2048,432,1616,2048,0.2109375,1184,40,0,-0.0001890314742922783,1845,0.6901650319830571,0.6901650319830571,1.0,0.8333333333333334,0.9166666666666666,0.9090909090909092
msmarco-passage-trec-dl-2020,156498,blocker,4096,464,3632,4096,0.11328125,3168,42,0,-0.00014559831470251083,3866,0.6901650319830571,0.6901650319830571,1.0,0.9166666666666666,0.9166666666666666,1.0
msmarco-passage-trec-dl-2020,156498,blocker,8192,3192,5000,8192,0.3896484375,1808,42,0,-7.23712146282196e-05,7480,0.6901650319830571,0.6901650319830571,1.0,0.9166666666666666,0.9166666666666666,1.0
msmarco-passage-trec-dl-2020,156498,blocker,10000,5000,5000,10000,0.5,0,42,0,-7.23712146282196e-05,9131,0.6901650319830571,0.6901650319830571,1.0,0.9166666666666666,0.9166666666666666,1.0
msmarco-passage-trec-dl-2020,156498,candidate,128,80,48,128,0.625,32,9,0,-0.0013715587556362152,111,0.6901650319830571,0.6901650319830571,1.0,0.5,0.9166666666666666,0.5454545454545455
msmarco-passage-trec-dl-2020,156498,candidate,256,144,112,256,0.5625,32,15,0,-0.00020570307970046997,223,0.6901650319830571,0.6901650319830571,1.0,0.6666666666666666,0.9166666666666666,0.7272727272727273
msmarco-passage-trec-dl-2020,156498,candidate,512,256,256,512,0.5,0,26,0,-0.0008846744894981384,433,0.6901650319830571,0.6901650319830571,1.0,0.6666666666666666,0.9166666666666666,0.7272727272727273
msmarco-passage-trec-dl-2020,156498,candidate,1024,432,592,1024,0.421875,160,33,0,-0.00018311664462089539,870,0.6901650319830571,0.6901650319830571,1.0,0.75,0.9166666666666666,0.8181818181818182
msmarco-passage-trec-dl-2020,156498,candidate,2048,432,1616,2048,0.2109375,1184,40,0,-0.0001890314742922783,1845,0.6901650319830571,0.6901650319830571,1.0,0.8333333333333334,0.9166666666666666,0.9090909090909092
msmarco-passage-trec-dl-2020,156498,candidate,4096,464,3632,4096,0.11328125,3168,42,0,-0.00014559831470251083,3866,0.6901650319830571,0.6901650319830571,1.0,0.9166666666666666,0.9166666666666666,1.0
msmarco-passage-trec-dl-2020,156498,candidate,8192,3192,5000,8192,0.3896484375,1808,42,0,-7.23712146282196e-05,7480,0.6901650319830571,0.6901650319830571,1.0,0.9166666666666666,0.9166666666666666,1.0
msmarco-passage-trec-dl-2020,156498,candidate,10000,5000,5000,10000,0.5,0,42,0,-7.23712146282196e-05,9131,0.6901650319830571,0.6901650319830571,1.0,0.9166666666666666,0.9166666666666666,1.0
msmarco-passage-trec-dl-2020,156498,candidate-safe,128,80,48,128,0.625,32,9,0,-0.0013715587556362152,111,0.6901650319830571,0.6901650319830571,1.0,0.5,0.9166666666666666,0.5454545454545455
msmarco-passage-trec-dl-2020,156498,candidate-safe,256,144,112,256,0.5625,32,15,0,-0.00020570307970046997,223,0.6901650319830571,0.6901650319830571,1.0,0.6666666666666666,0.9166666666666666,0.7272727272727273
msmarco-passage-trec-dl-2020,156498,candidate-safe,512,256,256,512,0.5,0,26,0,-0.0008846744894981384,433,0.6901650319830571,0.6901650319830571,1.0,0.6666666666666666,0.9166666666666666,0.7272727272727273
msmarco-passage-trec-dl-2020,156498,candidate-safe,1024,432,592,1024,0.421875,160,33,0,-0.00018311664462089539,870,0.6901650319830571,0.6901650319830571,1.0,0.75,0.9166666666666666,0.8181818181818182
msmarco-passage-trec-dl-2020,156498,candidate-safe,2048,432,1616,2048,0.2109375,1184,40,0,-0.0001890314742922783,1845,0.6901650319830571,0.6901650319830571,1.0,0.8333333333333334,0.9166666666666666,0.9090909090909092
msmarco-passage-trec-dl-2020,156498,candidate-safe,4096,464,3632,4096,0.11328125,3168,42,0,-0.00014559831470251083,3866,0.6901650319830571,0.6901650319830571,1.0,0.9166666666666666,0.9166666666666666,1.0
msmarco-passage-trec-dl-2020,156498,candidate-safe,8192,3192,5000,8192,0.3896484375,1808,42,0,-7.23712146282196e-05,7480,0.6901650319830571,0.6901650319830571,1.0,0.9166666666666666,0.9166666666666666,1.0
msmarco-passage-trec-dl-2020,156498,candidate-safe,10000,5000,5000,10000,0.5,0,42,0,-7.23712146282196e-05,9131,0.6901650319830571,0.6901650319830571,1.0,0.9166666666666666,0.9166666666666666,1.0
msmarco-passage-trec-dl-2020,156498,pressure,128,64,64,128,0.5,0,9,0,-0.0014187414199113846,112,0.6901650319830571,0.6901650319830571,1.0,0.5,0.9166666666666666,0.5454545454545455
msmarco-passage-trec-dl-2020,156498,pressure,256,128,128,256,0.5,0,14,0,-0.00043240003287792206,226,0.6901650319830571,0.6901650319830571,1.0,0.6666666666666666,0.9166666666666666,0.7272727272727273
msmarco-passage-trec-dl-2020,156498,pressure,512,256,256,512,0.5,0,26,0,-0.0008846744894981384,433,0.6901650319830571,0.6901650319830571,1.0,0.6666666666666666,0.9166666666666666,0.7272727272727273
msmarco-passage-trec-dl-2020,156498,pressure,1024,432,592,1024,0.421875,160,33,0,-0.00018311664462089539,870,0.6901650319830571,0.6901650319830571,1.0,0.75,0.9166666666666666,0.8181818181818182
msmarco-passage-trec-dl-2020,156498,pressure,2048,432,1616,2048,0.2109375,1184,40,0,-0.0001890314742922783,1845,0.6901650319830571,0.6901650319830571,1.0,0.8333333333333334,0.9166666666666666,0.9090909090909092
msmarco-passage-trec-dl-2020,156498,pressure,4096,512,3584,4096,0.125,3072,42,0,-0.00014916621148586273,3853,0.6901650319830571,0.6901650319830571,1.0,0.9166666666666666,0.9166666666666666,1.0
msmarco-passage-trec-dl-2020,156498,pressure,8192,3192,5000,8192,0.3896484375,1808,42,0,-7.23712146282196e-05,7480,0.6901650319830571,0.6901650319830571,1.0,0.9166666666666666,0.9166666666666666,1.0
msmarco-passage-trec-dl-2020,156498,pressure,10000,5000,5000,10000,0.5,0,42,0,-7.23712146282196e-05,9131,0.6901650319830571,0.6901650319830571,1.0,0.9166666666666666,0.9166666666666666,1.0
msmarco-passage-trec-dl-2020,156498,allocation-grid-oracle,128,80,48,128,0.625,32,9,0,-0.0013715587556362152,111,0.6901650319830571,0.6901650319830571,1.0,0.5,0.9166666666666666,0.5454545454545455
msmarco-passage-trec-dl-2020,156498,allocation-grid-oracle,256,144,112,256,0.5625,32,15,0,-0.00020570307970046997,223,0.6901650319830571,0.6901650319830571,1.0,0.6666666666666666,0.9166666666666666,0.7272727272727273
msmarco-passage-trec-dl-2020,156498,allocation-grid-oracle,512,256,256,512,0.5,0,26,0,-0.0008846744894981384,433,0.6901650319830571,0.6901650319830571,1.0,0.6666666666666666,0.9166666666666666,0.7272727272727273
msmarco-passage-trec-dl-2020,156498,allocation-grid-oracle,1024,432,592,1024,0.421875,160,33,0,-0.00018311664462089539,870,0.6901650319830571,0.6901650319830571,1.0,0.75,0.9166666666666666,0.8181818181818182
msmarco-passage-trec-dl-2020,156498,allocation-grid-oracle,2048,432,1616,2048,0.2109375,1184,40,0,-0.0001890314742922783,1845,0.6901650319830571,0.6901650319830571,1.0,0.8333333333333334,0.9166666666666666,0.9090909090909092
msmarco-passage-trec-dl-2020,156498,allocation-grid-oracle,4096,464,3632,4096,0.11328125,3168,42,0,-0.00014559831470251083,3866,0.6901650319830571,0.6901650319830571,1.0,0.9166666666666666,0.9166666666666666,1.0
msmarco-passage-trec-dl-2020,156498,allocation-grid-oracle,8192,3192,5000,8192,0.3896484375,1808,42,0,-7.23712146282196e-05,7480,0.6901650319830571,0.6901650319830571,1.0,0.9166666666666666,0.9166666666666666,1.0
msmarco-passage-trec-dl-2020,156498,allocation-grid-oracle,10000,5000,5000,10000,0.5,0,42,0,-7.23712146282196e-05,9131,0.6901650319830571,0.6901650319830571,1.0,0.9166666666666666,0.9166666666666666,1.0
msmarco-passage-trec-dl-2020,169208,balanced,128,64,64,128,0.5,0,11,0,-3.434903919696808e-05,104,0.44922455082360924,0.44922455082360924,1.0,0.375,0.9166666666666666,0.4090909090909091
msmarco-passage-trec-dl-2020,169208,balanced,256,128,128,256,0.5,0,25,0,-0.000752011314034462,221,0.44922455082360924,0.44922455082360924,1.0,0.5833333333333334,0.9166666666666666,0.6363636363636365
msmarco-passage-trec-dl-2020,169208,balanced,512,256,256,512,0.5,0,35,0,-0.0005028080195188522,455,0.44922455082360924,0.44922455082360924,1.0,0.8333333333333334,0.9166666666666666,0.9090909090909092
msmarco-passage-trec-dl-2020,169208,balanced,1024,512,512,1024,0.5,0,38,0,-0.0005448469892144203,927,0.44922455082360924,0.44922455082360924,1.0,0.8333333333333334,0.9166666666666666,0.9090909090909092
msmarco-passage-trec-dl-2020,169208,balanced,2048,1024,1024,2048,0.5,0,41,0,-9.237974882125854e-05,1857,0.44922455082360924,0.44922455082360924,1.0,0.8333333333333334,0.9166666666666666,0.9090909090909092
msmarco-passage-trec-dl-2020,169208,balanced,4096,2048,2048,4096,0.5,0,47,0,-8.547957986593246e-05,3733,0.44922455082360924,0.44922455082360924,1.0,0.875,0.9166666666666666,0.9545454545454546
msmarco-passage-trec-dl-2020,169208,balanced,8192,4096,4096,8192,0.5,0,49,0,-0.0001824256032705307,7298,0.44922455082360924,0.44922455082360924,1.0,0.9166666666666666,0.9166666666666666,1.0
msmarco-passage-trec-dl-2020,169208,balanced,10000,5000,5000,10000,0.5,0,51,0,-5.419831722974777e-05,8818,0.44922455082360924,0.44922455082360924,1.0,0.9166666666666666,0.9166666666666666,1.0
msmarco-passage-trec-dl-2020,169208,blocker,128,64,64,128,0.5,0,11,0,-3.434903919696808e-05,104,0.44922455082360924,0.44922455082360924,1.0,0.375,0.9166666666666666,0.4090909090909091
msmarco-passage-trec-dl-2020,169208,blocker,256,112,144,256,0.4375,32,25,0,-0.00033482350409030914,219,0.44922455082360924,0.44922455082360924,1.0,0.5833333333333334,0.9166666666666666,0.6363636363636365
msmarco-passage-trec-dl-2020,169208,blocker,512,256,256,512,0.5,0,35,0,-0.0005028080195188522,455,0.44922455082360924,0.44922455082360924,1.0,0.8333333333333334,0.9166666666666666,0.9090909090909092
msmarco-passage-trec-dl-2020,169208,blocker,1024,512,512,1024,0.5,0,38,0,-0.0005448469892144203,927,0.44922455082360924,0.44922455082360924,1.0,0.8333333333333334,0.9166666666666666,0.9090909090909092
msmarco-passage-trec-dl-2020,169208,blocker,2048,832,1216,2048,0.40625,384,42,0,-2.7165748178958893e-05,1865,0.44922455082360924,0.44922455082360924,1.0,0.8333333333333334,0.9166666666666666,0.9090909090909092
msmarco-passage-trec-dl-2020,169208,blocker,4096,1376,2720,4096,0.3359375,1344,49,0,-0.0003015222027897835,3751,0.44922455082360924,0.44922455082360924,1.0,0.9166666666666666,0.9166666666666666,1.0
msmarco-passage-trec-dl-2020,169208,blocker,8192,3328,4864,8192,0.40625,1536,51,0,-0.00015172921121120453,7292,0.44922455082360924,0.44922455082360924,1.0,0.9166666666666666,0.9166666666666666,1.0
msmarco-passage-trec-dl-2020,169208,blocker,10000,5000,5000,10000,0.5,0,51,0,-5.419831722974777e-05,8818,0.44922455082360924,0.44922455082360924,1.0,0.9166666666666666,0.9166666666666666,1.0
msmarco-passage-trec-dl-2020,169208,candidate,128,64,64,128,0.5,0,11,0,-3.434903919696808e-05,104,0.44922455082360924,0.44922455082360924,1.0,0.375,0.9166666666666666,0.4090909090909091
msmarco-passage-trec-dl-2020,169208,candidate,256,112,144,256,0.4375,32,25,0,-0.00033482350409030914,219,0.44922455082360924,0.44922455082360924,1.0,0.5833333333333334,0.9166666666666666,0.6363636363636365
msmarco-passage-trec-dl-2020,169208,candidate,512,256,256,512,0.5,0,35,0,-0.0005028080195188522,455,0.44922455082360924,0.44922455082360924,1.0,0.8333333333333334,0.9166666666666666,0.9090909090909092
msmarco-passage-trec-dl-2020,169208,candidate,1024,512,512,1024,0.5,0,38,0,-0.0005448469892144203,927,0.44922455082360924,0.44922455082360924,1.0,0.8333333333333334,0.9166666666666666,0.9090909090909092
msmarco-passage-trec-dl-2020,169208,candidate,2048,832,1216,2048,0.40625,384,42,0,-2.7165748178958893e-05,1865,0.44922455082360924,0.44922455082360924,1.0,0.8333333333333334,0.9166666666666666,0.9090909090909092
msmarco-passage-trec-dl-2020,169208,candidate,4096,1376,2720,4096,0.3359375,1344,49,0,-0.0003015222027897835,3751,0.44922455082360924,0.44922455082360924,1.0,0.9166666666666666,0.9166666666666666,1.0
msmarco-passage-trec-dl-2020,169208,candidate,8192,3328,4864,8192,0.40625,1536,51,0,-0.00015172921121120453,7292,0.44922455082360924,0.44922455082360924,1.0,0.9166666666666666,0.9166666666666666,1.0
msmarco-passage-trec-dl-2020,169208,candidate,10000,5000,5000,10000,0.5,0,51,0,-5.419831722974777e-05,8818,0.44922455082360924,0.44922455082360924,1.0,0.9166666666666666,0.9166666666666666,1.0
msmarco-passage-trec-dl-2020,169208,candidate-safe,128,64,64,128,0.5,0,11,0,-3.434903919696808e-05,104,0.44922455082360924,0.44922455082360924,1.0,0.375,0.9166666666666666,0.4090909090909091
msmarco-passage-trec-dl-2020,169208,candidate-safe,256,112,144,256,0.4375,32,25,0,-0.00033482350409030914,219,0.44922455082360924,0.44922455082360924,1.0,0.5833333333333334,0.9166666666666666,0.6363636363636365
msmarco-passage-trec-dl-2020,169208,candidate-safe,512,256,256,512,0.5,0,35,0,-0.0005028080195188522,455,0.44922455082360924,0.44922455082360924,1.0,0.8333333333333334,0.9166666666666666,0.9090909090909092
msmarco-passage-trec-dl-2020,169208,candidate-safe,1024,512,512,1024,0.5,0,38,0,-0.0005448469892144203,927,0.44922455082360924,0.44922455082360924,1.0,0.8333333333333334,0.9166666666666666,0.9090909090909092
msmarco-passage-trec-dl-2020,169208,candidate-safe,2048,832,1216,2048,0.40625,384,42,0,-2.7165748178958893e-05,1865,0.44922455082360924,0.44922455082360924,1.0,0.8333333333333334,0.9166666666666666,0.9090909090909092
msmarco-passage-trec-dl-2020,169208,candidate-safe,4096,1376,2720,4096,0.3359375,1344,49,0,-0.0003015222027897835,3751,0.44922455082360924,0.44922455082360924,1.0,0.9166666666666666,0.9166666666666666,1.0
msmarco-passage-trec-dl-2020,169208,candidate-safe,8192,3328,4864,8192,0.40625,1536,51,0,-0.00015172921121120453,7292,0.44922455082360924,0.44922455082360924,1.0,0.9166666666666666,0.9166666666666666,1.0
msmarco-passage-trec-dl-2020,169208,candidate-safe,10000,5000,5000,10000,0.5,0,51,0,-5.419831722974777e-05,8818,0.44922455082360924,0.44922455082360924,1.0,0.9166666666666666,0.9166666666666666,1.0
msmarco-passage-trec-dl-2020,169208,pressure,128,64,64,128,0.5,0,11,0,-3.434903919696808e-05,104,0.44922455082360924,0.44922455082360924,1.0,0.375,0.9166666666666666,0.4090909090909091
msmarco-passage-trec-dl-2020,169208,pressure,256,112,144,256,0.4375,32,25,0,-0.00033482350409030914,219,0.44922455082360924,0.44922455082360924,1.0,0.5833333333333334,0.9166666666666666,0.6363636363636365
msmarco-passage-trec-dl-2020,169208,pressure,512,256,256,512,0.5,0,35,0,-0.0005028080195188522,455,0.44922455082360924,0.44922455082360924,1.0,0.8333333333333334,0.9166666666666666,0.9090909090909092
msmarco-passage-trec-dl-2020,169208,pressure,1024,512,512,1024,0.5,0,38,0,-0.0005448469892144203,927,0.44922455082360924,0.44922455082360924,1.0,0.8333333333333334,0.9166666666666666,0.9090909090909092
msmarco-passage-trec-dl-2020,169208,pressure,2048,864,1184,2048,0.421875,320,42,0,-4.732515662908554e-05,1862,0.44922455082360924,0.44922455082360924,1.0,0.8333333333333334,0.9166666666666666,0.9090909090909092
msmarco-passage-trec-dl-2020,169208,pressure,4096,1536,2560,4096,0.375,1024,49,0,-0.00032348930835723877,3738,0.44922455082360924,0.44922455082360924,1.0,0.9166666666666666,0.9166666666666666,1.0
msmarco-passage-trec-dl-2020,169208,pressure,8192,3328,4864,8192,0.40625,1536,51,0,-0.00015172921121120453,7292,0.44922455082360924,0.44922455082360924,1.0,0.9166666666666666,0.9166666666666666,1.0
msmarco-passage-trec-dl-2020,169208,pressure,10000,5000,5000,10000,0.5,0,51,0,-5.419831722974777e-05,8818,0.44922455082360924,0.44922455082360924,1.0,0.9166666666666666,0.9166666666666666,1.0
msmarco-passage-trec-dl-2020,169208,allocation-grid-oracle,128,64,64,128,0.5,0,11,0,-3.434903919696808e-05,104,0.44922455082360924,0.44922455082360924,1.0,0.375,0.9166666666666666,0.4090909090909091
msmarco-passage-trec-dl-2020,169208,allocation-grid-oracle,256,112,144,256,0.4375,32,25,0,-0.00033482350409030914,219,0.44922455082360924,0.44922455082360924,1.0,0.5833333333333334,0.9166666666666666,0.6363636363636365
msmarco-passage-trec-dl-2020,169208,allocation-grid-oracle,512,256,256,512,0.5,0,35,0,-0.0005028080195188522,455,0.44922455082360924,0.44922455082360924,1.0,0.8333333333333334,0.9166666666666666,0.9090909090909092
msmarco-passage-trec-dl-2020,169208,allocation-grid-oracle,1024,512,512,1024,0.5,0,38,0,-0.0005448469892144203,927,0.44922455082360924,0.44922455082360924,1.0,0.8333333333333334,0.9166666666666666,0.9090909090909092
msmarco-passage-trec-dl-2020,169208,allocation-grid-oracle,2048,832,1216,2048,0.40625,384,42,0,-2.7165748178958893e-05,1865,0.44922455082360924,0.44922455082360924,1.0,0.8333333333333334,0.9166666666666666,0.9090909090909092
msmarco-passage-trec-dl-2020,169208,allocation-grid-oracle,4096,1376,2720,4096,0.3359375,1344,49,0,-0.0003015222027897835,3751,0.44922455082360924,0.44922455082360924,1.0,0.9166666666666666,0.9166666666666666,1.0
msmarco-passage-trec-dl-2020,169208,allocation-grid-oracle,8192,3320,4872,8192,0.4052734375,1552,51,0,-0.00015242770314216614,7294,0.44922455082360924,0.44922455082360924,1.0,0.9166666666666666,0.9166666666666666,1.0
msmarco-passage-trec-dl-2020,169208,allocation-grid-oracle,10000,5000,5000,10000,0.5,0,51,0,-5.419831722974777e-05,8818,0.44922455082360924,0.44922455082360924,1.0,0.9166666666666666,0.9166666666666666,1.0
msmarco-passage-trec-dl-2020,174463,balanced,128,64,64,128,0.5,0,2,0,-0.00046498142182826996,122,0.42065927748209586,0.5389615538349253,0.7804996005539508,0.02127659574468085,0.2872340425531915,0.07407407407407407
msmarco-passage-trec-dl-2020,174463,balanced,256,128,128,256,0.5,0,6,0,-0.0015651322901248932,245,0.42065927748209586,0.5389615538349253,0.7804996005539508,0.02127659574468085,0.2872340425531915,0.07407407407407407
msmarco-passage-trec-dl-2020,174463,balanced,512,256,256,512,0.5,0,8,0,-0.0022784825414419174,490,0.43855222955861184,0.5389615538349253,0.8136985401614247,0.031914893617021274,0.2872340425531915,0.11111111111111109
msmarco-passage-trec-dl-2020,174463,balanced,1024,512,512,1024,0.5,0,10,0,-5.176477134227753e-05,972,0.5389615538349253,0.5389615538349253,1.0,0.05319148936170213,0.2872340425531915,0.18518518518518517
msmarco-passage-trec-dl-2020,174463,balanced,2048,1024,1024,2048,0.5,0,13,0,-0.00043283402919769287,1959,0.5389615538349253,0.5389615538349253,1.0,0.05319148936170213,0.2872340425531915,0.18518518518518517
msmarco-passage-trec-dl-2020,174463,balanced,4096,2048,2048,4096,0.5,0,15,0,-4.305317997932434e-05,3931,0.5389615538349253,0.5389615538349253,1.0,0.05319148936170213,0.2872340425531915,0.18518518518518517
msmarco-passage-trec-dl-2020,174463,balanced,8192,4096,4096,8192,0.5,0,17,0,-5.093775689601898e-05,7807,0.5389615538349253,0.5389615538349253,1.0,0.05319148936170213,0.2872340425531915,0.18518518518518517
msmarco-passage-trec-dl-2020,174463,balanced,10000,5000,5000,10000,0.5,0,17,0,-7.949769496917725e-06,9511,0.5389615538349253,0.5389615538349253,1.0,0.05319148936170213,0.2872340425531915,0.18518518518518517
msmarco-passage-trec-dl-2020,174463,blocker,128,64,64,128,0.5,0,2,0,-0.00046498142182826996,122,0.42065927748209586,0.5389615538349253,0.7804996005539508,0.02127659574468085,0.2872340425531915,0.07407407407407407
msmarco-passage-trec-dl-2020,174463,blocker,256,128,128,256,0.5,0,6,0,-0.0015651322901248932,245,0.42065927748209586,0.5389615538349253,0.7804996005539508,0.02127659574468085,0.2872340425531915,0.07407407407407407
msmarco-passage-trec-dl-2020,174463,blocker,512,240,272,512,0.46875,32,8,0,-0.0021740328520536423,490,0.43855222955861184,0.5389615538349253,0.8136985401614247,0.031914893617021274,0.2872340425531915,0.11111111111111109
msmarco-passage-trec-dl-2020,174463,blocker,1024,512,512,1024,0.5,0,10,0,-5.176477134227753e-05,972,0.5389615538349253,0.5389615538349253,1.0,0.05319148936170213,0.2872340425531915,0.18518518518518517
msmarco-passage-trec-dl-2020,174463,blocker,2048,1312,736,2048,0.640625,576,13,0,-0.00024618208408355713,1965,0.5389615538349253,0.5389615538349253,1.0,0.05319148936170213,0.2872340425531915,0.18518518518518517
msmarco-passage-trec-dl-2020,174463,blocker,4096,2048,2048,4096,0.5,0,15,0,-4.305317997932434e-05,3931,0.5389615538349253,0.5389615538349253,1.0,0.05319148936170213,0.2872340425531915,0.18518518518518517
msmarco-passage-trec-dl-2020,174463,blocker,8192,4096,4096,8192,0.5,0,17,0,-5.093775689601898e-05,7807,0.5389615538349253,0.5389615538349253,1.0,0.05319148936170213,0.2872340425531915,0.18518518518518517
msmarco-passage-trec-dl-2020,174463,blocker,10000,5000,5000,10000,0.5,0,17,0,-7.949769496917725e-06,9511,0.5389615538349253,0.5389615538349253,1.0,0.05319148936170213,0.2872340425531915,0.18518518518518517
msmarco-passage-trec-dl-2020,174463,candidate,128,64,64,128,0.5,0,2,0,-0.00046498142182826996,122,0.42065927748209586,0.5389615538349253,0.7804996005539508,0.02127659574468085,0.2872340425531915,0.07407407407407407
msmarco-passage-trec-dl-2020,174463,candidate,256,128,128,256,0.5,0,6,0,-0.0015651322901248932,245,0.42065927748209586,0.5389615538349253,0.7804996005539508,0.02127659574468085,0.2872340425531915,0.07407407407407407
msmarco-passage-trec-dl-2020,174463,candidate,512,240,272,512,0.46875,32,8,0,-0.0021740328520536423,490,0.43855222955861184,0.5389615538349253,0.8136985401614247,0.031914893617021274,0.2872340425531915,0.11111111111111109
msmarco-passage-trec-dl-2020,174463,candidate,1024,512,512,1024,0.5,0,10,0,-5.176477134227753e-05,972,0.5389615538349253,0.5389615538349253,1.0,0.05319148936170213,0.2872340425531915,0.18518518518518517
msmarco-passage-trec-dl-2020,174463,candidate,2048,1312,736,2048,0.640625,576,13,0,-0.00024618208408355713,1965,0.5389615538349253,0.5389615538349253,1.0,0.05319148936170213,0.2872340425531915,0.18518518518518517
msmarco-passage-trec-dl-2020,174463,candidate,4096,3152,944,4096,0.76953125,2208,14,0,-0.0004755910485982895,3970,0.5389615538349253,0.5389615538349253,1.0,0.05319148936170213,0.2872340425531915,0.18518518518518517
msmarco-passage-trec-dl-2020,174463,candidate,8192,5000,3192,8192,0.6103515625,1808,16,0,-1.7100945115089417e-05,7825,0.5389615538349253,0.5389615538349253,1.0,0.05319148936170213,0.2872340425531915,0.18518518518518517
msmarco-passage-trec-dl-2020,174463,candidate,10000,5000,5000,10000,0.5,0,17,0,-7.949769496917725e-06,9511,0.5389615538349253,0.5389615538349253,1.0,0.05319148936170213,0.2872340425531915,0.18518518518518517
msmarco-passage-trec-dl-2020,174463,candidate-safe,128,64,64,128,0.5,0,2,0,-0.00046498142182826996,122,0.42065927748209586,0.5389615538349253,0.7804996005539508,0.02127659574468085,0.2872340425531915,0.07407407407407407
msmarco-passage-trec-dl-2020,174463,candidate-safe,256,128,128,256,0.5,0,6,0,-0.0015651322901248932,245,0.42065927748209586,0.5389615538349253,0.7804996005539508,0.02127659574468085,0.2872340425531915,0.07407407407407407
msmarco-passage-trec-dl-2020,174463,candidate-safe,512,240,272,512,0.46875,32,8,0,-0.0021740328520536423,490,0.43855222955861184,0.5389615538349253,0.8136985401614247,0.031914893617021274,0.2872340425531915,0.11111111111111109
msmarco-passage-trec-dl-2020,174463,candidate-safe,1024,512,512,1024,0.5,0,10,0,-5.176477134227753e-05,972,0.5389615538349253,0.5389615538349253,1.0,0.05319148936170213,0.2872340425531915,0.18518518518518517
msmarco-passage-trec-dl-2020,174463,candidate-safe,2048,1312,736,2048,0.640625,576,13,0,-0.00024618208408355713,1965,0.5389615538349253,0.5389615538349253,1.0,0.05319148936170213,0.2872340425531915,0.18518518518518517
msmarco-passage-trec-dl-2020,174463,candidate-safe,4096,3152,944,4096,0.76953125,2208,14,0,-0.0004755910485982895,3970,0.5389615538349253,0.5389615538349253,1.0,0.05319148936170213,0.2872340425531915,0.18518518518518517
msmarco-passage-trec-dl-2020,174463,candidate-safe,8192,5000,3192,8192,0.6103515625,1808,16,0,-1.7100945115089417e-05,7825,0.5389615538349253,0.5389615538349253,1.0,0.05319148936170213,0.2872340425531915,0.18518518518518517
msmarco-passage-trec-dl-2020,174463,candidate-safe,10000,5000,5000,10000,0.5,0,17,0,-7.949769496917725e-06,9511,0.5389615538349253,0.5389615538349253,1.0,0.05319148936170213,0.2872340425531915,0.18518518518518517
msmarco-passage-trec-dl-2020,174463,pressure,128,64,64,128,0.5,0,2,0,-0.00046498142182826996,122,0.42065927748209586,0.5389615538349253,0.7804996005539508,0.02127659574468085,0.2872340425531915,0.07407407407407407
msmarco-passage-trec-dl-2020,174463,pressure,256,128,128,256,0.5,0,6,0,-0.0015651322901248932,245,0.42065927748209586,0.5389615538349253,0.7804996005539508,0.02127659574468085,0.2872340425531915,0.07407407407407407
msmarco-passage-trec-dl-2020,174463,pressure,512,256,256,512,0.5,0,8,0,-0.0022784825414419174,490,0.43855222955861184,0.5389615538349253,0.8136985401614247,0.031914893617021274,0.2872340425531915,0.11111111111111109
msmarco-passage-trec-dl-2020,174463,pressure,1024,512,512,1024,0.5,0,10,0,-5.176477134227753e-05,972,0.5389615538349253,0.5389615538349253,1.0,0.05319148936170213,0.2872340425531915,0.18518518518518517
msmarco-passage-trec-dl-2020,174463,pressure,2048,1104,944,2048,0.5390625,160,13,0,-0.0003694314509630203,1962,0.5389615538349253,0.5389615538349253,1.0,0.05319148936170213,0.2872340425531915,0.18518518518518517
msmarco-passage-trec-dl-2020,174463,pressure,4096,2048,2048,4096,0.5,0,15,0,-4.305317997932434e-05,3931,0.5389615538349253,0.5389615538349253,1.0,0.05319148936170213,0.2872340425531915,0.18518518518518517
msmarco-passage-trec-dl-2020,174463,pressure,8192,4096,4096,8192,0.5,0,17,0,-5.093775689601898e-05,7807,0.5389615538349253,0.5389615538349253,1.0,0.05319148936170213,0.2872340425531915,0.18518518518518517
msmarco-passage-trec-dl-2020,174463,pressure,10000,5000,5000,10000,0.5,0,17,0,-7.949769496917725e-06,9511,0.5389615538349253,0.5389615538349253,1.0,0.05319148936170213,0.2872340425531915,0.18518518518518517
msmarco-passage-trec-dl-2020,174463,allocation-grid-oracle,128,64,64,128,0.5,0,2,0,-0.00046498142182826996,122,0.42065927748209586,0.5389615538349253,0.7804996005539508,0.02127659574468085,0.2872340425531915,0.07407407407407407
msmarco-passage-trec-dl-2020,174463,allocation-grid-oracle,256,128,128,256,0.5,0,6,0,-0.0015651322901248932,245,0.42065927748209586,0.5389615538349253,0.7804996005539508,0.02127659574468085,0.2872340425531915,0.07407407407407407
msmarco-passage-trec-dl-2020,174463,allocation-grid-oracle,512,240,272,512,0.46875,32,8,0,-0.0021740328520536423,490,0.43855222955861184,0.5389615538349253,0.8136985401614247,0.031914893617021274,0.2872340425531915,0.11111111111111109
msmarco-passage-trec-dl-2020,174463,allocation-grid-oracle,1024,512,512,1024,0.5,0,10,0,-5.176477134227753e-05,972,0.5389615538349253,0.5389615538349253,1.0,0.05319148936170213,0.2872340425531915,0.18518518518518517
msmarco-passage-trec-dl-2020,174463,allocation-grid-oracle,2048,1312,736,2048,0.640625,576,13,0,-0.00024618208408355713,1965,0.5389615538349253,0.5389615538349253,1.0,0.05319148936170213,0.2872340425531915,0.18518518518518517
msmarco-passage-trec-dl-2020,174463,allocation-grid-oracle,4096,2048,2048,4096,0.5,0,15,0,-4.305317997932434e-05,3931,0.5389615538349253,0.5389615538349253,1.0,0.05319148936170213,0.2872340425531915,0.18518518518518517
msmarco-passage-trec-dl-2020,174463,allocation-grid-oracle,8192,4096,4096,8192,0.5,0,17,0,-5.093775689601898e-05,7807,0.5389615538349253,0.5389615538349253,1.0,0.05319148936170213,0.2872340425531915,0.18518518518518517
msmarco-passage-trec-dl-2020,174463,allocation-grid-oracle,10000,5000,5000,10000,0.5,0,17,0,-7.949769496917725e-06,9511,0.5389615538349253,0.5389615538349253,1.0,0.05319148936170213,0.2872340425531915,0.18518518518518517
msmarco-passage-trec-dl-2020,23849,balanced,128,64,64,128,0.5,0,2,0,-0.0027122143656015396,125,0.35895421017163476,0.38007270887384226,0.9444356350531409,0.020618556701030927,0.30927835051546393,0.06666666666666667
msmarco-passage-trec-dl-2020,23849,balanced,256,128,128,256,0.5,0,3,0,-0.0012787934392690659,250,0.35895421017163476,0.38007270887384226,0.9444356350531409,0.020618556701030927,0.30927835051546393,0.06666666666666667
msmarco-passage-trec-dl-2020,23849,balanced,512,256,256,512,0.5,0,5,0,-0.0009372159838676453,495,0.35895421017163476,0.38007270887384226,0.9444356350531409,0.020618556701030927,0.30927835051546393,0.06666666666666667
msmarco-passage-trec-dl-2020,23849,balanced,1024,512,512,1024,0.5,0,6,0,-0.0009566396474838257,988,0.3701539628828741,0.38007270887384226,0.9739030302376683,0.030927835051546393,0.30927835051546393,0.1
msmarco-passage-trec-dl-2020,23849,balanced,2048,1024,1024,2048,0.5,0,6,0,-0.0001308973878622055,1958,0.3701539628828741,0.38007270887384226,0.9739030302376683,0.030927835051546393,0.30927835051546393,0.1
msmarco-passage-trec-dl-2020,23849,balanced,4096,2048,2048,4096,0.5,0,9,0,-0.00020115822553634644,3932,0.38007270887384226,0.38007270887384226,1.0,0.041237113402061855,0.30927835051546393,0.13333333333333333
msmarco-passage-trec-dl-2020,23849,balanced,8192,4096,4096,8192,0.5,0,13,0,-8.146651089191437e-05,7847,0.38007270887384226,0.38007270887384226,1.0,0.061855670103092786,0.30927835051546393,0.2
msmarco-passage-trec-dl-2020,23849,balanced,10000,5000,5000,10000,0.5,0,13,0,-3.847852349281311e-05,9509,0.38007270887384226,0.38007270887384226,1.0,0.061855670103092786,0.30927835051546393,0.2
msmarco-passage-trec-dl-2020,23849,blocker,128,64,64,128,0.5,0,2,0,-0.0027122143656015396,125,0.35895421017163476,0.38007270887384226,0.9444356350531409,0.020618556701030927,0.30927835051546393,0.06666666666666667
msmarco-passage-trec-dl-2020,23849,blocker,256,128,128,256,0.5,0,3,0,-0.0012787934392690659,250,0.35895421017163476,0.38007270887384226,0.9444356350531409,0.020618556701030927,0.30927835051546393,0.06666666666666667
msmarco-passage-trec-dl-2020,23849,blocker,512,272,240,512,0.53125,32,5,0,-0.0008327662944793701,494,0.35895421017163476,0.38007270887384226,0.9444356350531409,0.020618556701030927,0.30927835051546393,0.06666666666666667
msmarco-passage-trec-dl-2020,23849,blocker,1024,560,464,1024,0.546875,96,6,0,-0.0008435603231191635,987,0.3701539628828741,0.38007270887384226,0.9739030302376683,0.030927835051546393,0.30927835051546393,0.1
msmarco-passage-trec-dl-2020,23849,blocker,2048,1184,864,2048,0.578125,320,6,0,-1.7413869500160217e-05,1948,0.3701539628828741,0.38007270887384226,0.9739030302376683,0.030927835051546393,0.30927835051546393,0.1
msmarco-passage-trec-dl-2020,23849,blocker,4096,2048,2048,4096,0.5,0,9,0,-0.00020115822553634644,3932,0.38007270887384226,0.38007270887384226,1.0,0.041237113402061855,0.30927835051546393,0.13333333333333333
msmarco-passage-trec-dl-2020,23849,blocker,8192,4096,4096,8192,0.5,0,13,0,-8.146651089191437e-05,7847,0.38007270887384226,0.38007270887384226,1.0,0.061855670103092786,0.30927835051546393,0.2
msmarco-passage-trec-dl-2020,23849,blocker,10000,5000,5000,10000,0.5,0,13,0,-3.847852349281311e-05,9509,0.38007270887384226,0.38007270887384226,1.0,0.061855670103092786,0.30927835051546393,0.2
msmarco-passage-trec-dl-2020,23849,candidate,128,64,64,128,0.5,0,2,0,-0.0027122143656015396,125,0.35895421017163476,0.38007270887384226,0.9444356350531409,0.020618556701030927,0.30927835051546393,0.06666666666666667
msmarco-passage-trec-dl-2020,23849,candidate,256,128,128,256,0.5,0,3,0,-0.0012787934392690659,250,0.35895421017163476,0.38007270887384226,0.9444356350531409,0.020618556701030927,0.30927835051546393,0.06666666666666667
msmarco-passage-trec-dl-2020,23849,candidate,512,272,240,512,0.53125,32,5,0,-0.0008327662944793701,494,0.35895421017163476,0.38007270887384226,0.9444356350531409,0.020618556701030927,0.30927835051546393,0.06666666666666667
msmarco-passage-trec-dl-2020,23849,candidate,1024,560,464,1024,0.546875,96,6,0,-0.0008435603231191635,987,0.3701539628828741,0.38007270887384226,0.9739030302376683,0.030927835051546393,0.30927835051546393,0.1
msmarco-passage-trec-dl-2020,23849,candidate,2048,1184,864,2048,0.578125,320,6,0,-1.7413869500160217e-05,1948,0.3701539628828741,0.38007270887384226,0.9739030302376683,0.030927835051546393,0.30927835051546393,0.1
msmarco-passage-trec-dl-2020,23849,candidate,4096,2864,1232,4096,0.69921875,1632,9,0,-0.0005007684230804443,3917,0.38007270887384226,0.38007270887384226,1.0,0.041237113402061855,0.30927835051546393,0.13333333333333333
msmarco-passage-trec-dl-2020,23849,candidate,8192,4096,4096,8192,0.5,0,13,0,-8.146651089191437e-05,7847,0.38007270887384226,0.38007270887384226,1.0,0.061855670103092786,0.30927835051546393,0.2
msmarco-passage-trec-dl-2020,23849,candidate,10000,5000,5000,10000,0.5,0,13,0,-3.847852349281311e-05,9509,0.38007270887384226,0.38007270887384226,1.0,0.061855670103092786,0.30927835051546393,0.2
msmarco-passage-trec-dl-2020,23849,candidate-safe,128,64,64,128,0.5,0,2,0,-0.0027122143656015396,125,0.35895421017163476,0.38007270887384226,0.9444356350531409,0.020618556701030927,0.30927835051546393,0.06666666666666667
msmarco-passage-trec-dl-2020,23849,candidate-safe,256,128,128,256,0.5,0,3,0,-0.0012787934392690659,250,0.35895421017163476,0.38007270887384226,0.9444356350531409,0.020618556701030927,0.30927835051546393,0.06666666666666667
msmarco-passage-trec-dl-2020,23849,candidate-safe,512,272,240,512,0.53125,32,5,0,-0.0008327662944793701,494,0.35895421017163476,0.38007270887384226,0.9444356350531409,0.020618556701030927,0.30927835051546393,0.06666666666666667
msmarco-passage-trec-dl-2020,23849,candidate-safe,1024,560,464,1024,0.546875,96,6,0,-0.0008435603231191635,987,0.3701539628828741,0.38007270887384226,0.9739030302376683,0.030927835051546393,0.30927835051546393,0.1
msmarco-passage-trec-dl-2020,23849,candidate-safe,2048,1184,864,2048,0.578125,320,6,0,-1.7413869500160217e-05,1948,0.3701539628828741,0.38007270887384226,0.9739030302376683,0.030927835051546393,0.30927835051546393,0.1
msmarco-passage-trec-dl-2020,23849,candidate-safe,4096,2864,1232,4096,0.69921875,1632,9,0,-0.0005007684230804443,3917,0.38007270887384226,0.38007270887384226,1.0,0.041237113402061855,0.30927835051546393,0.13333333333333333
msmarco-passage-trec-dl-2020,23849,candidate-safe,8192,4096,4096,8192,0.5,0,13,0,-8.146651089191437e-05,7847,0.38007270887384226,0.38007270887384226,1.0,0.061855670103092786,0.30927835051546393,0.2
msmarco-passage-trec-dl-2020,23849,candidate-safe,10000,5000,5000,10000,0.5,0,13,0,-3.847852349281311e-05,9509,0.38007270887384226,0.38007270887384226,1.0,0.061855670103092786,0.30927835051546393,0.2
msmarco-passage-trec-dl-2020,23849,pressure,128,64,64,128,0.5,0,2,0,-0.0027122143656015396,125,0.35895421017163476,0.38007270887384226,0.9444356350531409,0.020618556701030927,0.30927835051546393,0.06666666666666667
msmarco-passage-trec-dl-2020,23849,pressure,256,128,128,256,0.5,0,3,0,-0.0012787934392690659,250,0.35895421017163476,0.38007270887384226,0.9444356350531409,0.020618556701030927,0.30927835051546393,0.06666666666666667
msmarco-passage-trec-dl-2020,23849,pressure,512,256,256,512,0.5,0,5,0,-0.0009372159838676453,495,0.35895421017163476,0.38007270887384226,0.9444356350531409,0.020618556701030927,0.30927835051546393,0.06666666666666667
msmarco-passage-trec-dl-2020,23849,pressure,1024,512,512,1024,0.5,0,6,0,-0.0009566396474838257,988,0.3701539628828741,0.38007270887384226,0.9739030302376683,0.030927835051546393,0.30927835051546393,0.1
msmarco-passage-trec-dl-2020,23849,pressure,2048,1168,880,2048,0.5703125,288,6,0,-2.2720545530319214e-05,1949,0.3701539628828741,0.38007270887384226,0.9739030302376683,0.030927835051546393,0.30927835051546393,0.1
msmarco-passage-trec-dl-2020,23849,pressure,4096,2048,2048,4096,0.5,0,9,0,-0.00020115822553634644,3932,0.38007270887384226,0.38007270887384226,1.0,0.041237113402061855,0.30927835051546393,0.13333333333333333
msmarco-passage-trec-dl-2020,23849,pressure,8192,4096,4096,8192,0.5,0,13,0,-8.146651089191437e-05,7847,0.38007270887384226,0.38007270887384226,1.0,0.061855670103092786,0.30927835051546393,0.2
msmarco-passage-trec-dl-2020,23849,pressure,10000,5000,5000,10000,0.5,0,13,0,-3.847852349281311e-05,9509,0.38007270887384226,0.38007270887384226,1.0,0.061855670103092786,0.30927835051546393,0.2
msmarco-passage-trec-dl-2020,23849,allocation-grid-oracle,128,64,64,128,0.5,0,2,0,-0.0027122143656015396,125,0.35895421017163476,0.38007270887384226,0.9444356350531409,0.020618556701030927,0.30927835051546393,0.06666666666666667
msmarco-passage-trec-dl-2020,23849,allocation-grid-oracle,256,128,128,256,0.5,0,3,0,-0.0012787934392690659,250,0.35895421017163476,0.38007270887384226,0.9444356350531409,0.020618556701030927,0.30927835051546393,0.06666666666666667
msmarco-passage-trec-dl-2020,23849,allocation-grid-oracle,512,272,240,512,0.53125,32,5,0,-0.0008327662944793701,494,0.35895421017163476,0.38007270887384226,0.9444356350531409,0.020618556701030927,0.30927835051546393,0.06666666666666667
msmarco-passage-trec-dl-2020,23849,allocation-grid-oracle,1024,560,464,1024,0.546875,96,6,0,-0.0008435603231191635,987,0.3701539628828741,0.38007270887384226,0.9739030302376683,0.030927835051546393,0.30927835051546393,0.1
msmarco-passage-trec-dl-2020,23849,allocation-grid-oracle,2048,1184,864,2048,0.578125,320,6,0,-1.7413869500160217e-05,1948,0.3701539628828741,0.38007270887384226,0.9739030302376683,0.030927835051546393,0.30927835051546393,0.1
msmarco-passage-trec-dl-2020,23849,allocation-grid-oracle,4096,2048,2048,4096,0.5,0,9,0,-0.00020115822553634644,3932,0.38007270887384226,0.38007270887384226,1.0,0.041237113402061855,0.30927835051546393,0.13333333333333333
msmarco-passage-trec-dl-2020,23849,allocation-grid-oracle,8192,4096,4096,8192,0.5,0,13,0,-8.146651089191437e-05,7847,0.38007270887384226,0.38007270887384226,1.0,0.061855670103092786,0.30927835051546393,0.2
msmarco-passage-trec-dl-2020,23849,allocation-grid-oracle,10000,5000,5000,10000,0.5,0,13,0,-3.847852349281311e-05,9509,0.38007270887384226,0.38007270887384226,1.0,0.061855670103092786,0.30927835051546393,0.2
msmarco-passage-trec-dl-2020,258062,balanced,128,64,64,128,0.5,0,10,0,-0.000388219952583313,112,0.6300426811446147,0.6300426811446147,1.0,0.19230769230769232,0.6923076923076923,0.2777777777777778
msmarco-passage-trec-dl-2020,258062,balanced,256,128,128,256,0.5,0,13,0,-0.00018369406461715698,230,0.6300426811446147,0.6300426811446147,1.0,0.23076923076923078,0.6923076923076923,0.33333333333333337
msmarco-passage-trec-dl-2020,258062,balanced,512,256,256,512,0.5,0,17,0,-3.534741699695587e-05,436,0.6300426811446147,0.6300426811446147,1.0,0.2692307692307692,0.6923076923076923,0.3888888888888889
msmarco-passage-trec-dl-2020,258062,balanced,1024,512,512,1024,0.5,0,19,0,-1.1613592505455017e-05,842,0.6300426811446147,0.6300426811446147,1.0,0.3076923076923077,0.6923076923076923,0.4444444444444445
msmarco-passage-trec-dl-2020,258062,balanced,2048,1024,1024,2048,0.5,0,31,0,-0.0003028232604265213,1679,0.6300426811446147,0.6300426811446147,1.0,0.34615384615384615,0.6923076923076923,0.5
msmarco-passage-trec-dl-2020,258062,balanced,4096,2048,2048,4096,0.5,0,38,0,-0.00010966509580612183,3507,0.6300426811446147,0.6300426811446147,1.0,0.34615384615384615,0.6923076923076923,0.5
msmarco-passage-trec-dl-2020,258062,balanced,8192,4096,4096,8192,0.5,0,39,0,-0.0001907404512166977,7255,0.6300426811446147,0.6300426811446147,1.0,0.34615384615384615,0.6923076923076923,0.5
msmarco-passage-trec-dl-2020,258062,balanced,10000,5000,5000,10000,0.5,0,39,0,-0.00014775339514017105,8949,0.6300426811446147,0.6300426811446147,1.0,0.34615384615384615,0.6923076923076923,0.5
msmarco-passage-trec-dl-2020,258062,blocker,128,64,64,128,0.5,0,10,0,-0.000388219952583313,112,0.6300426811446147,0.6300426811446147,1.0,0.19230769230769232,0.6923076923076923,0.2777777777777778
msmarco-passage-trec-dl-2020,258062,blocker,256,128,128,256,0.5,0,13,0,-0.00018369406461715698,230,0.6300426811446147,0.6300426811446147,1.0,0.23076923076923078,0.6923076923076923,0.33333333333333337
msmarco-passage-trec-dl-2020,258062,blocker,512,272,240,512,0.53125,32,18,0,-0.0013322848826646805,435,0.6300426811446147,0.6300426811446147,1.0,0.2692307692307692,0.6923076923076923,0.3888888888888889
msmarco-passage-trec-dl-2020,258062,blocker,1024,592,432,1024,0.578125,160,28,0,-8.866190910339355e-06,832,0.6300426811446147,0.6300426811446147,1.0,0.34615384615384615,0.6923076923076923,0.5
msmarco-passage-trec-dl-2020,258062,blocker,2048,1376,672,2048,0.671875,704,31,0,-7.669441401958466e-05,1690,0.6300426811446147,0.6300426811446147,1.0,0.34615384615384615,0.6923076923076923,0.5
msmarco-passage-trec-dl-2020,258062,blocker,4096,1872,2224,4096,0.45703125,352,38,0,-7.31106847524643e-05,3512,0.6300426811446147,0.6300426811446147,1.0,0.34615384615384615,0.6923076923076923,0.5
msmarco-passage-trec-dl-2020,258062,blocker,8192,3192,5000,8192,0.3896484375,1808,39,0,-0.00014775339514017105,7281,0.6300426811446147,0.6300426811446147,1.0,0.34615384615384615,0.6923076923076923,0.5
msmarco-passage-trec-dl-2020,258062,blocker,10000,5000,5000,10000,0.5,0,39,0,-0.00014775339514017105,8949,0.6300426811446147,0.6300426811446147,1.0,0.34615384615384615,0.6923076923076923,0.5
msmarco-passage-trec-dl-2020,258062,candidate,128,64,64,128,0.5,0,10,0,-0.000388219952583313,112,0.6300426811446147,0.6300426811446147,1.0,0.19230769230769232,0.6923076923076923,0.2777777777777778
msmarco-passage-trec-dl-2020,258062,candidate,256,128,128,256,0.5,0,13,0,-0.00018369406461715698,230,0.6300426811446147,0.6300426811446147,1.0,0.23076923076923078,0.6923076923076923,0.33333333333333337
msmarco-passage-trec-dl-2020,258062,candidate,512,272,240,512,0.53125,32,18,0,-0.0013322848826646805,435,0.6300426811446147,0.6300426811446147,1.0,0.2692307692307692,0.6923076923076923,0.3888888888888889
msmarco-passage-trec-dl-2020,258062,candidate,1024,592,432,1024,0.578125,160,28,0,-8.866190910339355e-06,832,0.6300426811446147,0.6300426811446147,1.0,0.34615384615384615,0.6923076923076923,0.5
msmarco-passage-trec-dl-2020,258062,candidate,2048,1376,672,2048,0.671875,704,31,0,-7.669441401958466e-05,1690,0.6300426811446147,0.6300426811446147,1.0,0.34615384615384615,0.6923076923076923,0.5
msmarco-passage-trec-dl-2020,258062,candidate,4096,1872,2224,4096,0.45703125,352,38,0,-7.31106847524643e-05,3512,0.6300426811446147,0.6300426811446147,1.0,0.34615384615384615,0.6923076923076923,0.5
msmarco-passage-trec-dl-2020,258062,candidate,8192,3192,5000,8192,0.3896484375,1808,39,0,-0.00014775339514017105,7281,0.6300426811446147,0.6300426811446147,1.0,0.34615384615384615,0.6923076923076923,0.5
msmarco-passage-trec-dl-2020,258062,candidate,10000,5000,5000,10000,0.5,0,39,0,-0.00014775339514017105,8949,0.6300426811446147,0.6300426811446147,1.0,0.34615384615384615,0.6923076923076923,0.5
msmarco-passage-trec-dl-2020,258062,candidate-safe,128,64,64,128,0.5,0,10,0,-0.000388219952583313,112,0.6300426811446147,0.6300426811446147,1.0,0.19230769230769232,0.6923076923076923,0.2777777777777778
msmarco-passage-trec-dl-2020,258062,candidate-safe,256,128,128,256,0.5,0,13,0,-0.00018369406461715698,230,0.6300426811446147,0.6300426811446147,1.0,0.23076923076923078,0.6923076923076923,0.33333333333333337
msmarco-passage-trec-dl-2020,258062,candidate-safe,512,272,240,512,0.53125,32,18,0,-0.0013322848826646805,435,0.6300426811446147,0.6300426811446147,1.0,0.2692307692307692,0.6923076923076923,0.3888888888888889
msmarco-passage-trec-dl-2020,258062,candidate-safe,1024,592,432,1024,0.578125,160,28,0,-8.866190910339355e-06,832,0.6300426811446147,0.6300426811446147,1.0,0.34615384615384615,0.6923076923076923,0.5
msmarco-passage-trec-dl-2020,258062,candidate-safe,2048,1376,672,2048,0.671875,704,31,0,-7.669441401958466e-05,1690,0.6300426811446147,0.6300426811446147,1.0,0.34615384615384615,0.6923076923076923,0.5
msmarco-passage-trec-dl-2020,258062,candidate-safe,4096,1872,2224,4096,0.45703125,352,38,0,-7.31106847524643e-05,3512,0.6300426811446147,0.6300426811446147,1.0,0.34615384615384615,0.6923076923076923,0.5
msmarco-passage-trec-dl-2020,258062,candidate-safe,8192,3192,5000,8192,0.3896484375,1808,39,0,-0.00014775339514017105,7281,0.6300426811446147,0.6300426811446147,1.0,0.34615384615384615,0.6923076923076923,0.5
msmarco-passage-trec-dl-2020,258062,candidate-safe,10000,5000,5000,10000,0.5,0,39,0,-0.00014775339514017105,8949,0.6300426811446147,0.6300426811446147,1.0,0.34615384615384615,0.6923076923076923,0.5
msmarco-passage-trec-dl-2020,258062,pressure,128,64,64,128,0.5,0,10,0,-0.000388219952583313,112,0.6300426811446147,0.6300426811446147,1.0,0.19230769230769232,0.6923076923076923,0.2777777777777778
msmarco-passage-trec-dl-2020,258062,pressure,256,128,128,256,0.5,0,13,0,-0.00018369406461715698,230,0.6300426811446147,0.6300426811446147,1.0,0.23076923076923078,0.6923076923076923,0.33333333333333337
msmarco-passage-trec-dl-2020,258062,pressure,512,272,240,512,0.53125,32,18,0,-0.0013322848826646805,435,0.6300426811446147,0.6300426811446147,1.0,0.2692307692307692,0.6923076923076923,0.3888888888888889
msmarco-passage-trec-dl-2020,258062,pressure,1024,592,432,1024,0.578125,160,28,0,-8.866190910339355e-06,832,0.6300426811446147,0.6300426811446147,1.0,0.34615384615384615,0.6923076923076923,0.5
msmarco-passage-trec-dl-2020,258062,pressure,2048,1344,704,2048,0.65625,640,31,0,-9.256601333618164e-05,1687,0.6300426811446147,0.6300426811446147,1.0,0.34615384615384615,0.6923076923076923,0.5
msmarco-passage-trec-dl-2020,258062,pressure,4096,1872,2224,4096,0.45703125,352,38,0,-7.31106847524643e-05,3512,0.6300426811446147,0.6300426811446147,1.0,0.34615384615384615,0.6923076923076923,0.5
msmarco-passage-trec-dl-2020,258062,pressure,8192,3192,5000,8192,0.3896484375,1808,39,0,-0.00014775339514017105,7281,0.6300426811446147,0.6300426811446147,1.0,0.34615384615384615,0.6923076923076923,0.5
msmarco-passage-trec-dl-2020,258062,pressure,10000,5000,5000,10000,0.5,0,39,0,-0.00014775339514017105,8949,0.6300426811446147,0.6300426811446147,1.0,0.34615384615384615,0.6923076923076923,0.5
msmarco-passage-trec-dl-2020,258062,allocation-grid-oracle,128,64,64,128,0.5,0,10,0,-0.000388219952583313,112,0.6300426811446147,0.6300426811446147,1.0,0.19230769230769232,0.6923076923076923,0.2777777777777778
msmarco-passage-trec-dl-2020,258062,allocation-grid-oracle,256,128,128,256,0.5,0,13,0,-0.00018369406461715698,230,0.6300426811446147,0.6300426811446147,1.0,0.23076923076923078,0.6923076923076923,0.33333333333333337
msmarco-passage-trec-dl-2020,258062,allocation-grid-oracle,512,272,240,512,0.53125,32,18,0,-0.0013322848826646805,435,0.6300426811446147,0.6300426811446147,1.0,0.2692307692307692,0.6923076923076923,0.3888888888888889
msmarco-passage-trec-dl-2020,258062,allocation-grid-oracle,1024,592,432,1024,0.578125,160,28,0,-8.866190910339355e-06,832,0.6300426811446147,0.6300426811446147,1.0,0.34615384615384615,0.6923076923076923,0.5
msmarco-passage-trec-dl-2020,258062,allocation-grid-oracle,2048,1376,672,2048,0.671875,704,31,0,-7.669441401958466e-05,1690,0.6300426811446147,0.6300426811446147,1.0,0.34615384615384615,0.6923076923076923,0.5
msmarco-passage-trec-dl-2020,258062,allocation-grid-oracle,4096,1872,2224,4096,0.45703125,352,38,0,-7.31106847524643e-05,3512,0.6300426811446147,0.6300426811446147,1.0,0.34615384615384615,0.6923076923076923,0.5
msmarco-passage-trec-dl-2020,258062,allocation-grid-oracle,8192,3192,5000,8192,0.3896484375,1808,39,0,-0.00014775339514017105,7281,0.6300426811446147,0.6300426811446147,1.0,0.34615384615384615,0.6923076923076923,0.5
msmarco-passage-trec-dl-2020,258062,allocation-grid-oracle,10000,5000,5000,10000,0.5,0,39,0,-0.00014775339514017105,8949,0.6300426811446147,0.6300426811446147,1.0,0.34615384615384615,0.6923076923076923,0.5
msmarco-passage-trec-dl-2020,324585,balanced,128,64,64,128,0.5,0,7,0,-0.007800105959177017,121,0.2200917662980802,0.3557772116892465,0.6186224386128454,0.09090909090909091,1.0,0.09090909090909091
msmarco-passage-trec-dl-2020,324585,balanced,256,128,128,256,0.5,0,8,0,-0.003065856173634529,247,0.2895229882348575,0.3557772116892465,0.8137760899867339,0.18181818181818182,1.0,0.18181818181818182
msmarco-passage-trec-dl-2020,324585,balanced,512,256,256,512,0.5,0,8,0,-0.0003292784094810486,494,0.2895229882348575,0.3557772116892465,0.8137760899867339,0.18181818181818182,1.0,0.18181818181818182
msmarco-passage-trec-dl-2020,324585,balanced,1024,512,512,1024,0.5,0,10,0,-0.0014400128275156021,1002,0.3557772116892465,0.3557772116892465,1.0,0.2727272727272727,1.0,0.2727272727272727
msmarco-passage-trec-dl-2020,324585,balanced,2048,1024,1024,2048,0.5,0,10,0,-0.0006142687052488327,2015,0.3557772116892465,0.3557772116892465,1.0,0.2727272727272727,1.0,0.2727272727272727
msmarco-passage-trec-dl-2020,324585,balanced,4096,2048,2048,4096,0.5,0,12,0,-8.074939250946045e-05,4028,0.3557772116892465,0.3557772116892465,1.0,0.36363636363636365,1.0,0.36363636363636365
msmarco-passage-trec-dl-2020,324585,balanced,8192,4096,4096,8192,0.5,0,13,0,-0.00016550160944461823,8058,0.3557772116892465,0.3557772116892465,1.0,0.45454545454545453,1.0,0.45454545454545453
msmarco-passage-trec-dl-2020,324585,balanced,10000,5000,5000,10000,0.5,0,13,0,-0.00012251362204551697,9833,0.3557772116892465,0.3557772116892465,1.0,0.45454545454545453,1.0,0.45454545454545453
msmarco-passage-trec-dl-2020,324585,blocker,128,64,64,128,0.5,0,7,0,-0.007800105959177017,121,0.2200917662980802,0.3557772116892465,0.6186224386128454,0.09090909090909091,1.0,0.09090909090909091
msmarco-passage-trec-dl-2020,324585,blocker,256,128,128,256,0.5,0,8,0,-0.003065856173634529,247,0.2895229882348575,0.3557772116892465,0.8137760899867339,0.18181818181818182,1.0,0.18181818181818182
msmarco-passage-trec-dl-2020,324585,blocker,512,240,272,512,0.46875,32,8,0,-0.00023364461958408356,492,0.2895229882348575,0.3557772116892465,0.8137760899867339,0.18181818181818182,1.0,0.18181818181818182
msmarco-passage-trec-dl-2020,324585,blocker,1024,464,560,1024,0.453125,96,10,0,-0.0013357475399971008,1002,0.3557772116892465,0.3557772116892465,1.0,0.2727272727272727,1.0,0.2727272727272727
msmarco-passage-trec-dl-2020,324585,blocker,2048,880,1168,2048,0.4296875,288,10,0,-0.0005060918629169464,2010,0.3557772116892465,0.3557772116892465,1.0,0.2727272727272727,1.0,0.2727272727272727
msmarco-passage-trec-dl-2020,324585,blocker,4096,2400,1696,4096,0.5859375,704,12,0,-1.2869015336036682e-05,4028,0.3557772116892465,0.3557772116892465,1.0,0.36363636363636365,1.0,0.36363636363636365
msmarco-passage-trec-dl-2020,324585,blocker,8192,5000,3192,8192,0.6103515625,1808,13,0,-0.00012251362204551697,8058,0.3557772116892465,0.3557772116892465,1.0,0.45454545454545453,1.0,0.45454545454545453
msmarco-passage-trec-dl-2020,324585,blocker,10000,5000,5000,10000,0.5,0,13,0,-0.00012251362204551697,9833,0.3557772116892465,0.3557772116892465,1.0,0.45454545454545453,1.0,0.45454545454545453
msmarco-passage-trec-dl-2020,324585,candidate,128,48,80,128,0.375,32,7,0,-0.008994849398732185,121,0.2200917662980802,0.3557772116892465,0.6186224386128454,0.09090909090909091,1.0,0.09090909090909091
msmarco-passage-trec-dl-2020,324585,candidate,256,128,128,256,0.5,0,8,0,-0.003065856173634529,247,0.2895229882348575,0.3557772116892465,0.8137760899867339,0.18181818181818182,1.0,0.18181818181818182
msmarco-passage-trec-dl-2020,324585,candidate,512,240,272,512,0.46875,32,8,0,-0.00023364461958408356,492,0.2895229882348575,0.3557772116892465,0.8137760899867339,0.18181818181818182,1.0,0.18181818181818182
msmarco-passage-trec-dl-2020,324585,candidate,1024,464,560,1024,0.453125,96,10,0,-0.0013357475399971008,1002,0.3557772116892465,0.3557772116892465,1.0,0.2727272727272727,1.0,0.2727272727272727
msmarco-passage-trec-dl-2020,324585,candidate,2048,880,1168,2048,0.4296875,288,10,0,-0.0005060918629169464,2010,0.3557772116892465,0.3557772116892465,1.0,0.2727272727272727,1.0,0.2727272727272727
msmarco-passage-trec-dl-2020,324585,candidate,4096,2400,1696,4096,0.5859375,704,12,0,-1.2869015336036682e-05,4028,0.3557772116892465,0.3557772116892465,1.0,0.36363636363636365,1.0,0.36363636363636365
msmarco-passage-trec-dl-2020,324585,candidate,8192,5000,3192,8192,0.6103515625,1808,13,0,-0.00012251362204551697,8058,0.3557772116892465,0.3557772116892465,1.0,0.45454545454545453,1.0,0.45454545454545453
msmarco-passage-trec-dl-2020,324585,candidate,10000,5000,5000,10000,0.5,0,13,0,-0.00012251362204551697,9833,0.3557772116892465,0.3557772116892465,1.0,0.45454545454545453,1.0,0.45454545454545453
msmarco-passage-trec-dl-2020,324585,candidate-safe,128,48,80,128,0.375,32,7,0,-0.008994849398732185,121,0.2200917662980802,0.3557772116892465,0.6186224386128454,0.09090909090909091,1.0,0.09090909090909091
msmarco-passage-trec-dl-2020,324585,candidate-safe,256,128,128,256,0.5,0,8,0,-0.003065856173634529,247,0.2895229882348575,0.3557772116892465,0.8137760899867339,0.18181818181818182,1.0,0.18181818181818182
msmarco-passage-trec-dl-2020,324585,candidate-safe,512,240,272,512,0.46875,32,8,0,-0.00023364461958408356,492,0.2895229882348575,0.3557772116892465,0.8137760899867339,0.18181818181818182,1.0,0.18181818181818182
msmarco-passage-trec-dl-2020,324585,candidate-safe,1024,464,560,1024,0.453125,96,10,0,-0.0013357475399971008,1002,0.3557772116892465,0.3557772116892465,1.0,0.2727272727272727,1.0,0.2727272727272727
msmarco-passage-trec-dl-2020,324585,candidate-safe,2048,880,1168,2048,0.4296875,288,10,0,-0.0005060918629169464,2010,0.3557772116892465,0.3557772116892465,1.0,0.2727272727272727,1.0,0.2727272727272727
msmarco-passage-trec-dl-2020,324585,candidate-safe,4096,2400,1696,4096,0.5859375,704,12,0,-1.2869015336036682e-05,4028,0.3557772116892465,0.3557772116892465,1.0,0.36363636363636365,1.0,0.36363636363636365
msmarco-passage-trec-dl-2020,324585,candidate-safe,8192,5000,3192,8192,0.6103515625,1808,13,0,-0.00012251362204551697,8058,0.3557772116892465,0.3557772116892465,1.0,0.45454545454545453,1.0,0.45454545454545453
msmarco-passage-trec-dl-2020,324585,candidate-safe,10000,5000,5000,10000,0.5,0,13,0,-0.00012251362204551697,9833,0.3557772116892465,0.3557772116892465,1.0,0.45454545454545453,1.0,0.45454545454545453
msmarco-passage-trec-dl-2020,324585,pressure,128,64,64,128,0.5,0,7,0,-0.007800105959177017,121,0.2200917662980802,0.3557772116892465,0.6186224386128454,0.09090909090909091,1.0,0.09090909090909091
msmarco-passage-trec-dl-2020,324585,pressure,256,128,128,256,0.5,0,8,0,-0.003065856173634529,247,0.2895229882348575,0.3557772116892465,0.8137760899867339,0.18181818181818182,1.0,0.18181818181818182
msmarco-passage-trec-dl-2020,324585,pressure,512,256,256,512,0.5,0,8,0,-0.0003292784094810486,494,0.2895229882348575,0.3557772116892465,0.8137760899867339,0.18181818181818182,1.0,0.18181818181818182
msmarco-passage-trec-dl-2020,324585,pressure,1024,512,512,1024,0.5,0,10,0,-0.0014400128275156021,1002,0.3557772116892465,0.3557772116892465,1.0,0.2727272727272727,1.0,0.2727272727272727
msmarco-passage-trec-dl-2020,324585,pressure,2048,1024,1024,2048,0.5,0,10,0,-0.0006142687052488327,2015,0.3557772116892465,0.3557772116892465,1.0,0.2727272727272727,1.0,0.2727272727272727
msmarco-passage-trec-dl-2020,324585,pressure,4096,2400,1696,4096,0.5859375,704,12,0,-1.2869015336036682e-05,4028,0.3557772116892465,0.3557772116892465,1.0,0.36363636363636365,1.0,0.36363636363636365
msmarco-passage-trec-dl-2020,324585,pressure,8192,5000,3192,8192,0.6103515625,1808,13,0,-0.00012251362204551697,8058,0.3557772116892465,0.3557772116892465,1.0,0.45454545454545453,1.0,0.45454545454545453
msmarco-passage-trec-dl-2020,324585,pressure,10000,5000,5000,10000,0.5,0,13,0,-0.00012251362204551697,9833,0.3557772116892465,0.3557772116892465,1.0,0.45454545454545453,1.0,0.45454545454545453
msmarco-passage-trec-dl-2020,324585,allocation-grid-oracle,128,64,64,128,0.5,0,7,0,-0.007800105959177017,121,0.2200917662980802,0.3557772116892465,0.6186224386128454,0.09090909090909091,1.0,0.09090909090909091
msmarco-passage-trec-dl-2020,324585,allocation-grid-oracle,256,128,128,256,0.5,0,8,0,-0.003065856173634529,247,0.2895229882348575,0.3557772116892465,0.8137760899867339,0.18181818181818182,1.0,0.18181818181818182
msmarco-passage-trec-dl-2020,324585,allocation-grid-oracle,512,240,272,512,0.46875,32,8,0,-0.00023364461958408356,492,0.2895229882348575,0.3557772116892465,0.8137760899867339,0.18181818181818182,1.0,0.18181818181818182
msmarco-passage-trec-dl-2020,324585,allocation-grid-oracle,1024,464,560,1024,0.453125,96,10,0,-0.0013357475399971008,1002,0.3557772116892465,0.3557772116892465,1.0,0.2727272727272727,1.0,0.2727272727272727
msmarco-passage-trec-dl-2020,324585,allocation-grid-oracle,2048,880,1168,2048,0.4296875,288,10,0,-0.0005060918629169464,2010,0.3557772116892465,0.3557772116892465,1.0,0.2727272727272727,1.0,0.2727272727272727
msmarco-passage-trec-dl-2020,324585,allocation-grid-oracle,4096,2400,1696,4096,0.5859375,704,12,0,-1.2869015336036682e-05,4028,0.3557772116892465,0.3557772116892465,1.0,0.36363636363636365,1.0,0.36363636363636365
msmarco-passage-trec-dl-2020,324585,allocation-grid-oracle,8192,5000,3192,8192,0.6103515625,1808,13,0,-0.00012251362204551697,8058,0.3557772116892465,0.3557772116892465,1.0,0.45454545454545453,1.0,0.45454545454545453
msmarco-passage-trec-dl-2020,324585,allocation-grid-oracle,10000,5000,5000,10000,0.5,0,13,0,-0.00012251362204551697,9833,0.3557772116892465,0.3557772116892465,1.0,0.45454545454545453,1.0,0.45454545454545453
msmarco-passage-trec-dl-2020,330975,balanced,128,64,64,128,0.5,0,13,0,-0.0005509369075298309,94,0.5772991930706347,0.5772991930706347,1.0,0.18333333333333332,0.8,0.22916666666666663
msmarco-passage-trec-dl-2020,330975,balanced,256,128,128,256,0.5,0,26,0,-0.00011153519153594971,198,0.5772991930706347,0.5772991930706347,1.0,0.31666666666666665,0.8,0.3958333333333333
msmarco-passage-trec-dl-2020,330975,balanced,512,256,256,512,0.5,0,35,0,-0.00010499171912670135,420,0.5772991930706347,0.5772991930706347,1.0,0.38333333333333336,0.8,0.4791666666666667
msmarco-passage-trec-dl-2020,330975,balanced,1024,512,512,1024,0.5,0,49,0,-0.0001559630036354065,894,0.5772991930706347,0.5772991930706347,1.0,0.5166666666666667,0.8,0.6458333333333334
msmarco-passage-trec-dl-2020,330975,balanced,2048,1024,1024,2048,0.5,0,52,0,-8.41282308101654e-05,1871,0.5772991930706347,0.5772991930706347,1.0,0.55,0.8,0.6875
msmarco-passage-trec-dl-2020,330975,balanced,4096,2048,2048,4096,0.5,0,54,0,-0.000412696972489357,3828,0.5772991930706347,0.5772991930706347,1.0,0.55,0.8,0.6875
msmarco-passage-trec-dl-2020,330975,balanced,8192,4096,4096,8192,0.5,0,54,0,-0.0001789294183254242,7740,0.5772991930706347,0.5772991930706347,1.0,0.55,0.8,0.6875
msmarco-passage-trec-dl-2020,330975,balanced,10000,5000,5000,10000,0.5,0,54,0,-0.00013594143092632294,9452,0.5772991930706347,0.5772991930706347,1.0,0.55,0.8,0.6875
msmarco-passage-trec-dl-2020,330975,blocker,128,64,64,128,0.5,0,13,0,-0.0005509369075298309,94,0.5772991930706347,0.5772991930706347,1.0,0.18333333333333332,0.8,0.22916666666666663
msmarco-passage-trec-dl-2020,330975,blocker,256,144,112,256,0.5625,32,29,0,-6.041675806045532e-05,202,0.5772991930706347,0.5772991930706347,1.0,0.35,0.8,0.43749999999999994
msmarco-passage-trec-dl-2020,330975,blocker,512,336,176,512,0.65625,160,40,0,-4.0898099541664124e-05,425,0.5772991930706347,0.5772991930706347,1.0,0.43333333333333335,0.8,0.5416666666666666
msmarco-passage-trec-dl-2020,330975,blocker,1024,784,240,1024,0.765625,544,52,0,-0.00034645386040210724,916,0.5772991930706347,0.5772991930706347,1.0,0.55,0.8,0.6875
msmarco-passage-trec-dl-2020,330975,blocker,2048,1744,304,2048,0.8515625,1440,54,0,-0.000492636114358902,1915,0.5772991930706347,0.5772991930706347,1.0,0.55,0.8,0.6875
msmarco-passage-trec-dl-2020,330975,blocker,4096,3744,352,4096,0.9140625,3392,54,0,-0.00020119361579418182,3943,0.5772991930706347,0.5772991930706347,1.0,0.55,0.8,0.6875
msmarco-passage-trec-dl-2020,330975,blocker,8192,5000,3192,8192,0.6103515625,1808,54,0,-0.00013594143092632294,7760,0.5772991930706347,0.5772991930706347,1.0,0.55,0.8,0.6875
msmarco-passage-trec-dl-2020,330975,blocker,10000,5000,5000,10000,0.5,0,54,0,-0.00013594143092632294,9452,0.5772991930706347,0.5772991930706347,1.0,0.55,0.8,0.6875
msmarco-passage-trec-dl-2020,330975,candidate,128,64,64,128,0.5,0,13,0,-0.0005509369075298309,94,0.5772991930706347,0.5772991930706347,1.0,0.18333333333333332,0.8,0.22916666666666663
msmarco-passage-trec-dl-2020,330975,candidate,256,144,112,256,0.5625,32,29,0,-6.041675806045532e-05,202,0.5772991930706347,0.5772991930706347,1.0,0.35,0.8,0.43749999999999994
msmarco-passage-trec-dl-2020,330975,candidate,512,336,176,512,0.65625,160,40,0,-4.0898099541664124e-05,425,0.5772991930706347,0.5772991930706347,1.0,0.43333333333333335,0.8,0.5416666666666666
msmarco-passage-trec-dl-2020,330975,candidate,1024,784,240,1024,0.765625,544,52,0,-0.00034645386040210724,916,0.5772991930706347,0.5772991930706347,1.0,0.55,0.8,0.6875
msmarco-passage-trec-dl-2020,330975,candidate,2048,1744,304,2048,0.8515625,1440,54,0,-0.000492636114358902,1915,0.5772991930706347,0.5772991930706347,1.0,0.55,0.8,0.6875
msmarco-passage-trec-dl-2020,330975,candidate,4096,3744,352,4096,0.9140625,3392,54,0,-0.00020119361579418182,3943,0.5772991930706347,0.5772991930706347,1.0,0.55,0.8,0.6875
msmarco-passage-trec-dl-2020,330975,candidate,8192,5000,3192,8192,0.6103515625,1808,54,0,-0.00013594143092632294,7760,0.5772991930706347,0.5772991930706347,1.0,0.55,0.8,0.6875
msmarco-passage-trec-dl-2020,330975,candidate,10000,5000,5000,10000,0.5,0,54,0,-0.00013594143092632294,9452,0.5772991930706347,0.5772991930706347,1.0,0.55,0.8,0.6875
msmarco-passage-trec-dl-2020,330975,candidate-safe,128,64,64,128,0.5,0,13,0,-0.0005509369075298309,94,0.5772991930706347,0.5772991930706347,1.0,0.18333333333333332,0.8,0.22916666666666663
msmarco-passage-trec-dl-2020,330975,candidate-safe,256,144,112,256,0.5625,32,29,0,-6.041675806045532e-05,202,0.5772991930706347,0.5772991930706347,1.0,0.35,0.8,0.43749999999999994
msmarco-passage-trec-dl-2020,330975,candidate-safe,512,336,176,512,0.65625,160,40,0,-4.0898099541664124e-05,425,0.5772991930706347,0.5772991930706347,1.0,0.43333333333333335,0.8,0.5416666666666666
msmarco-passage-trec-dl-2020,330975,candidate-safe,1024,784,240,1024,0.765625,544,52,0,-0.00034645386040210724,916,0.5772991930706347,0.5772991930706347,1.0,0.55,0.8,0.6875
msmarco-passage-trec-dl-2020,330975,candidate-safe,2048,1744,304,2048,0.8515625,1440,54,0,-0.000492636114358902,1915,0.5772991930706347,0.5772991930706347,1.0,0.55,0.8,0.6875
msmarco-passage-trec-dl-2020,330975,candidate-safe,4096,3744,352,4096,0.9140625,3392,54,0,-0.00020119361579418182,3943,0.5772991930706347,0.5772991930706347,1.0,0.55,0.8,0.6875
msmarco-passage-trec-dl-2020,330975,candidate-safe,8192,5000,3192,8192,0.6103515625,1808,54,0,-0.00013594143092632294,7760,0.5772991930706347,0.5772991930706347,1.0,0.55,0.8,0.6875
msmarco-passage-trec-dl-2020,330975,candidate-safe,10000,5000,5000,10000,0.5,0,54,0,-0.00013594143092632294,9452,0.5772991930706347,0.5772991930706347,1.0,0.55,0.8,0.6875
msmarco-passage-trec-dl-2020,330975,pressure,128,64,64,128,0.5,0,13,0,-0.0005509369075298309,94,0.5772991930706347,0.5772991930706347,1.0,0.18333333333333332,0.8,0.22916666666666663
msmarco-passage-trec-dl-2020,330975,pressure,256,144,112,256,0.5625,32,29,0,-6.041675806045532e-05,202,0.5772991930706347,0.5772991930706347,1.0,0.35,0.8,0.43749999999999994
msmarco-passage-trec-dl-2020,330975,pressure,512,336,176,512,0.65625,160,40,0,-4.0898099541664124e-05,425,0.5772991930706347,0.5772991930706347,1.0,0.43333333333333335,0.8,0.5416666666666666
msmarco-passage-trec-dl-2020,330975,pressure,1024,752,272,1024,0.734375,480,52,0,-0.00039314664900302887,910,0.5772991930706347,0.5772991930706347,1.0,0.55,0.8,0.6875
msmarco-passage-trec-dl-2020,330975,pressure,2048,1664,384,2048,0.8125,1280,54,0,-0.0005183592438697815,1901,0.5772991930706347,0.5772991930706347,1.0,0.55,0.8,0.6875
msmarco-passage-trec-dl-2020,330975,pressure,4096,3712,384,4096,0.90625,3328,54,0,-0.0002034250646829605,3937,0.5772991930706347,0.5772991930706347,1.0,0.55,0.8,0.6875
msmarco-passage-trec-dl-2020,330975,pressure,8192,5000,3192,8192,0.6103515625,1808,54,0,-0.00013594143092632294,7760,0.5772991930706347,0.5772991930706347,1.0,0.55,0.8,0.6875
msmarco-passage-trec-dl-2020,330975,pressure,10000,5000,5000,10000,0.5,0,54,0,-0.00013594143092632294,9452,0.5772991930706347,0.5772991930706347,1.0,0.55,0.8,0.6875
msmarco-passage-trec-dl-2020,330975,allocation-grid-oracle,128,64,64,128,0.5,0,13,0,-0.0005509369075298309,94,0.5772991930706347,0.5772991930706347,1.0,0.18333333333333332,0.8,0.22916666666666663
msmarco-passage-trec-dl-2020,330975,allocation-grid-oracle,256,144,112,256,0.5625,32,29,0,-6.041675806045532e-05,202,0.5772991930706347,0.5772991930706347,1.0,0.35,0.8,0.43749999999999994
msmarco-passage-trec-dl-2020,330975,allocation-grid-oracle,512,336,176,512,0.65625,160,40,0,-4.0898099541664124e-05,425,0.5772991930706347,0.5772991930706347,1.0,0.43333333333333335,0.8,0.5416666666666666
msmarco-passage-trec-dl-2020,330975,allocation-grid-oracle,1024,784,240,1024,0.765625,544,52,0,-0.00034645386040210724,916,0.5772991930706347,0.5772991930706347,1.0,0.55,0.8,0.6875
msmarco-passage-trec-dl-2020,330975,allocation-grid-oracle,2048,1744,304,2048,0.8515625,1440,54,0,-0.000492636114358902,1915,0.5772991930706347,0.5772991930706347,1.0,0.55,0.8,0.6875
msmarco-passage-trec-dl-2020,330975,allocation-grid-oracle,4096,3744,352,4096,0.9140625,3392,54,0,-0.00020119361579418182,3943,0.5772991930706347,0.5772991930706347,1.0,0.55,0.8,0.6875
msmarco-passage-trec-dl-2020,330975,allocation-grid-oracle,8192,5000,3192,8192,0.6103515625,1808,54,0,-0.00013594143092632294,7760,0.5772991930706347,0.5772991930706347,1.0,0.55,0.8,0.6875
msmarco-passage-trec-dl-2020,330975,allocation-grid-oracle,10000,5000,5000,10000,0.5,0,54,0,-0.00013594143092632294,9452,0.5772991930706347,0.5772991930706347,1.0,0.55,0.8,0.6875
msmarco-passage-trec-dl-2020,332593,balanced,128,64,64,128,0.5,0,9,0,-0.0005591753870248795,115,0.5140193724094145,0.5893826230585116,0.8721318754563699,0.16981132075471697,0.7169811320754716,0.2368421052631579
msmarco-passage-trec-dl-2020,332593,balanced,256,128,128,256,0.5,0,16,0,-0.0007070638239383698,210,0.5893826230585116,0.5893826230585116,1.0,0.2830188679245283,0.7169811320754716,0.39473684210526316
msmarco-passage-trec-dl-2020,332593,balanced,512,256,256,512,0.5,0,21,0,-0.00011897273361682892,402,0.5893826230585116,0.5893826230585116,1.0,0.33962264150943394,0.7169811320754716,0.4736842105263158
msmarco-passage-trec-dl-2020,332593,balanced,1024,512,512,1024,0.5,0,30,0,-6.849318742752075e-05,839,0.5893826230585116,0.5893826230585116,1.0,0.41509433962264153,0.7169811320754716,0.5789473684210527
msmarco-passage-trec-dl-2020,332593,balanced,2048,1024,1024,2048,0.5,0,36,0,-4.772655665874481e-05,1684,0.5893826230585116,0.5893826230585116,1.0,0.5094339622641509,0.7169811320754716,0.7105263157894738
msmarco-passage-trec-dl-2020,332593,balanced,4096,2048,2048,4096,0.5,0,54,0,-1.611746847629547e-05,3304,0.5893826230585116,0.5893826230585116,1.0,0.6037735849056604,0.7169811320754716,0.8421052631578948
msmarco-passage-trec-dl-2020,332593,balanced,8192,4096,4096,8192,0.5,0,74,0,-0.00012583844363689423,6511,0.5893826230585116,0.5893826230585116,1.0,0.6981132075471698,0.7169811320754716,0.9736842105263158
msmarco-passage-trec-dl-2020,332593,balanced,10000,5000,5000,10000,0.5,0,74,0,-8.285138756036758e-05,7945,0.5893826230585116,0.5893826230585116,1.0,0.6981132075471698,0.7169811320754716,0.9736842105263158
msmarco-passage-trec-dl-2020,332593,blocker,128,64,64,128,0.5,0,9,0,-0.0005591753870248795,115,0.5140193724094145,0.5893826230585116,0.8721318754563699,0.16981132075471697,0.7169811320754716,0.2368421052631579
msmarco-passage-trec-dl-2020,332593,blocker,256,96,160,256,0.375,64,18,0,-0.001198556274175644,220,0.5893826230585116,0.5893826230585116,1.0,0.3018867924528302,0.7169811320754716,0.4210526315789474
msmarco-passage-trec-dl-2020,332593,blocker,512,224,288,512,0.4375,64,22,0,-2.4301931262016296e-05,405,0.5893826230585116,0.5893826230585116,1.0,0.3584905660377358,0.7169811320754716,0.5
msmarco-passage-trec-dl-2020,332593,blocker,1024,400,624,1024,0.390625,224,31,0,-3.6949291825294495e-05,841,0.5893826230585116,0.5893826230585116,1.0,0.4339622641509434,0.7169811320754716,0.605263157894737
msmarco-passage-trec-dl-2020,332593,blocker,2048,784,1264,2048,0.3828125,480,45,0,-6.258487701416016e-05,1700,0.5893826230585116,0.5893826230585116,1.0,0.5471698113207547,0.7169811320754716,0.7631578947368421
msmarco-passage-trec-dl-2020,332593,blocker,4096,2208,1888,4096,0.5390625,320,74,0,-0.0003261398524045944,3321,0.5893826230585116,0.5893826230585116,1.0,0.6981132075471698,0.7169811320754716,0.9736842105263158
msmarco-passage-trec-dl-2020,332593,blocker,8192,5000,3192,8192,0.6103515625,1808,74,0,-8.285138756036758e-05,6623,0.5893826230585116,0.5893826230585116,1.0,0.6981132075471698,0.7169811320754716,0.9736842105263158
msmarco-passage-trec-dl-2020,332593,blocker,10000,5000,5000,10000,0.5,0,74,0,-8.285138756036758e-05,7945,0.5893826230585116,0.5893826230585116,1.0,0.6981132075471698,0.7169811320754716,0.9736842105263158
msmarco-passage-trec-dl-2020,332593,candidate,128,64,64,128,0.5,0,9,0,-0.0005591753870248795,115,0.5140193724094145,0.5893826230585116,0.8721318754563699,0.16981132075471697,0.7169811320754716,0.2368421052631579
msmarco-passage-trec-dl-2020,332593,candidate,256,96,160,256,0.375,64,18,0,-0.001198556274175644,220,0.5893826230585116,0.5893826230585116,1.0,0.3018867924528302,0.7169811320754716,0.4210526315789474
msmarco-passage-trec-dl-2020,332593,candidate,512,224,288,512,0.4375,64,22,0,-2.4301931262016296e-05,405,0.5893826230585116,0.5893826230585116,1.0,0.3584905660377358,0.7169811320754716,0.5
msmarco-passage-trec-dl-2020,332593,candidate,1024,400,624,1024,0.390625,224,31,0,-3.6949291825294495e-05,841,0.5893826230585116,0.5893826230585116,1.0,0.4339622641509434,0.7169811320754716,0.605263157894737
msmarco-passage-trec-dl-2020,332593,candidate,2048,784,1264,2048,0.3828125,480,45,0,-6.258487701416016e-05,1700,0.5893826230585116,0.5893826230585116,1.0,0.5471698113207547,0.7169811320754716,0.7631578947368421
msmarco-passage-trec-dl-2020,332593,candidate,4096,2208,1888,4096,0.5390625,320,74,0,-0.0003261398524045944,3321,0.5893826230585116,0.5893826230585116,1.0,0.6981132075471698,0.7169811320754716,0.9736842105263158
msmarco-passage-trec-dl-2020,332593,candidate,8192,5000,3192,8192,0.6103515625,1808,74,0,-8.285138756036758e-05,6623,0.5893826230585116,0.5893826230585116,1.0,0.6981132075471698,0.7169811320754716,0.9736842105263158
msmarco-passage-trec-dl-2020,332593,candidate,10000,5000,5000,10000,0.5,0,74,0,-8.285138756036758e-05,7945,0.5893826230585116,0.5893826230585116,1.0,0.6981132075471698,0.7169811320754716,0.9736842105263158
msmarco-passage-trec-dl-2020,332593,candidate-safe,128,64,64,128,0.5,0,9,0,-0.0005591753870248795,115,0.5140193724094145,0.5893826230585116,0.8721318754563699,0.16981132075471697,0.7169811320754716,0.2368421052631579
msmarco-passage-trec-dl-2020,332593,candidate-safe,256,96,160,256,0.375,64,18,0,-0.001198556274175644,220,0.5893826230585116,0.5893826230585116,1.0,0.3018867924528302,0.7169811320754716,0.4210526315789474
msmarco-passage-trec-dl-2020,332593,candidate-safe,512,224,288,512,0.4375,64,22,0,-2.4301931262016296e-05,405,0.5893826230585116,0.5893826230585116,1.0,0.3584905660377358,0.7169811320754716,0.5
msmarco-passage-trec-dl-2020,332593,candidate-safe,1024,400,624,1024,0.390625,224,31,0,-3.6949291825294495e-05,841,0.5893826230585116,0.5893826230585116,1.0,0.4339622641509434,0.7169811320754716,0.605263157894737
msmarco-passage-trec-dl-2020,332593,candidate-safe,2048,784,1264,2048,0.3828125,480,45,0,-6.258487701416016e-05,1700,0.5893826230585116,0.5893826230585116,1.0,0.5471698113207547,0.7169811320754716,0.7631578947368421
msmarco-passage-trec-dl-2020,332593,candidate-safe,4096,2208,1888,4096,0.5390625,320,74,0,-0.0003261398524045944,3321,0.5893826230585116,0.5893826230585116,1.0,0.6981132075471698,0.7169811320754716,0.9736842105263158
msmarco-passage-trec-dl-2020,332593,candidate-safe,8192,5000,3192,8192,0.6103515625,1808,74,0,-8.285138756036758e-05,6623,0.5893826230585116,0.5893826230585116,1.0,0.6981132075471698,0.7169811320754716,0.9736842105263158
msmarco-passage-trec-dl-2020,332593,candidate-safe,10000,5000,5000,10000,0.5,0,74,0,-8.285138756036758e-05,7945,0.5893826230585116,0.5893826230585116,1.0,0.6981132075471698,0.7169811320754716,0.9736842105263158
msmarco-passage-trec-dl-2020,332593,pressure,128,64,64,128,0.5,0,9,0,-0.0005591753870248795,115,0.5140193724094145,0.5893826230585116,0.8721318754563699,0.16981132075471697,0.7169811320754716,0.2368421052631579
msmarco-passage-trec-dl-2020,332593,pressure,256,96,160,256,0.375,64,18,0,-0.001198556274175644,220,0.5893826230585116,0.5893826230585116,1.0,0.3018867924528302,0.7169811320754716,0.4210526315789474
msmarco-passage-trec-dl-2020,332593,pressure,512,224,288,512,0.4375,64,22,0,-2.4301931262016296e-05,405,0.5893826230585116,0.5893826230585116,1.0,0.3584905660377358,0.7169811320754716,0.5
msmarco-passage-trec-dl-2020,332593,pressure,1024,416,608,1024,0.40625,192,31,0,-3.8776546716690063e-05,840,0.5893826230585116,0.5893826230585116,1.0,0.4339622641509434,0.7169811320754716,0.605263157894737
msmarco-passage-trec-dl-2020,332593,pressure,2048,800,1248,2048,0.390625,448,45,0,-7.18235969543457e-05,1699,0.5893826230585116,0.5893826230585116,1.0,0.5471698113207547,0.7169811320754716,0.7631578947368421
msmarco-passage-trec-dl-2020,332593,pressure,4096,2208,1888,4096,0.5390625,320,74,0,-0.0003261398524045944,3321,0.5893826230585116,0.5893826230585116,1.0,0.6981132075471698,0.7169811320754716,0.9736842105263158
msmarco-passage-trec-dl-2020,332593,pressure,8192,5000,3192,8192,0.6103515625,1808,74,0,-8.285138756036758e-05,6623,0.5893826230585116,0.5893826230585116,1.0,0.6981132075471698,0.7169811320754716,0.9736842105263158
msmarco-passage-trec-dl-2020,332593,pressure,10000,5000,5000,10000,0.5,0,74,0,-8.285138756036758e-05,7945,0.5893826230585116,0.5893826230585116,1.0,0.6981132075471698,0.7169811320754716,0.9736842105263158
msmarco-passage-trec-dl-2020,332593,allocation-grid-oracle,128,64,64,128,0.5,0,9,0,-0.0005591753870248795,115,0.5140193724094145,0.5893826230585116,0.8721318754563699,0.16981132075471697,0.7169811320754716,0.2368421052631579
msmarco-passage-trec-dl-2020,332593,allocation-grid-oracle,256,96,160,256,0.375,64,18,0,-0.001198556274175644,220,0.5893826230585116,0.5893826230585116,1.0,0.3018867924528302,0.7169811320754716,0.4210526315789474
msmarco-passage-trec-dl-2020,332593,allocation-grid-oracle,512,224,288,512,0.4375,64,22,0,-2.4301931262016296e-05,405,0.5893826230585116,0.5893826230585116,1.0,0.3584905660377358,0.7169811320754716,0.5
msmarco-passage-trec-dl-2020,332593,allocation-grid-oracle,1024,400,624,1024,0.390625,224,31,0,-3.6949291825294495e-05,841,0.5893826230585116,0.5893826230585116,1.0,0.4339622641509434,0.7169811320754716,0.605263157894737
msmarco-passage-trec-dl-2020,332593,allocation-grid-oracle,2048,784,1264,2048,0.3828125,480,45,0,-6.258487701416016e-05,1700,0.5893826230585116,0.5893826230585116,1.0,0.5471698113207547,0.7169811320754716,0.7631578947368421
msmarco-passage-trec-dl-2020,332593,allocation-grid-oracle,4096,2208,1888,4096,0.5390625,320,74,0,-0.0003261398524045944,3321,0.5893826230585116,0.5893826230585116,1.0,0.6981132075471698,0.7169811320754716,0.9736842105263158
msmarco-passage-trec-dl-2020,332593,allocation-grid-oracle,8192,5000,3192,8192,0.6103515625,1808,74,0,-8.285138756036758e-05,6623,0.5893826230585116,0.5893826230585116,1.0,0.6981132075471698,0.7169811320754716,0.9736842105263158
msmarco-passage-trec-dl-2020,332593,allocation-grid-oracle,10000,5000,5000,10000,0.5,0,74,0,-8.285138756036758e-05,7945,0.5893826230585116,0.5893826230585116,1.0,0.6981132075471698,0.7169811320754716,0.9736842105263158
msmarco-passage-trec-dl-2020,336901,balanced,128,64,64,128,0.5,0,18,0,-0.00010730698704719543,99,0.33796803454493823,0.33796803454493823,1.0,0.6666666666666666,1.0,0.6666666666666666
msmarco-passage-trec-dl-2020,336901,balanced,256,128,128,256,0.5,0,28,0,-0.0008970014750957489,221,0.33796803454493823,0.33796803454493823,1.0,1.0,1.0,1.0
msmarco-passage-trec-dl-2020,336901,balanced,512,256,256,512,0.5,0,31,0,-0.0002360362559556961,471,0.33796803454493823,0.33796803454493823,1.0,1.0,1.0,1.0
msmarco-passage-trec-dl-2020,336901,balanced,1024,512,512,1024,0.5,0,36,0,-5.320552736520767e-05,968,0.33796803454493823,0.33796803454493823,1.0,1.0,1.0,1.0
msmarco-passage-trec-dl-2020,336901,balanced,2048,1024,1024,2048,0.5,0,37,0,-0.0005851276218891144,1946,0.33796803454493823,0.33796803454493823,1.0,1.0,1.0,1.0
msmarco-passage-trec-dl-2020,336901,balanced,4096,2048,2048,4096,0.5,0,37,0,-0.00013700127601623535,3942,0.33796803454493823,0.33796803454493823,1.0,1.0,1.0,1.0
msmarco-passage-trec-dl-2020,336901,balanced,8192,4096,4096,8192,0.5,0,38,0,-7.833074778318405e-05,7940,0.33796803454493823,0.33796803454493823,1.0,1.0,1.0,1.0
msmarco-passage-trec-dl-2020,336901,balanced,10000,5000,5000,10000,0.5,0,38,0,-3.534369170665741e-05,9703,0.33796803454493823,0.33796803454493823,1.0,1.0,1.0,1.0
msmarco-passage-trec-dl-2020,336901,blocker,128,80,48,128,0.625,32,21,0,-0.00012446939945220947,100,0.33796803454493823,0.33796803454493823,1.0,0.6666666666666666,1.0,0.6666666666666666
msmarco-passage-trec-dl-2020,336901,blocker,256,112,144,256,0.4375,32,28,0,-0.00047981366515159607,221,0.33796803454493823,0.33796803454493823,1.0,1.0,1.0,1.0
msmarco-passage-trec-dl-2020,336901,blocker,512,208,304,512,0.40625,96,33,0,-0.0006600450724363327,471,0.33796803454493823,0.33796803454493823,1.0,1.0,1.0,1.0
msmarco-passage-trec-dl-2020,336901,blocker,1024,480,544,1024,0.46875,64,37,0,-0.0015144702047109604,969,0.33796803454493823,0.33796803454493823,1.0,1.0,1.0,1.0
msmarco-passage-trec-dl-2020,336901,blocker,2048,1120,928,2048,0.546875,192,37,0,-0.0005124788731336594,1946,0.33796803454493823,0.33796803454493823,1.0,1.0,1.0,1.0
msmarco-passage-trec-dl-2020,336901,blocker,4096,2400,1696,4096,0.5859375,704,37,0,-6.980914622545242e-05,3934,0.33796803454493823,0.33796803454493823,1.0,1.0,1.0,1.0
msmarco-passage-trec-dl-2020,336901,blocker,8192,4096,4096,8192,0.5,0,38,0,-7.833074778318405e-05,7940,0.33796803454493823,0.33796803454493823,1.0,1.0,1.0,1.0
msmarco-passage-trec-dl-2020,336901,blocker,10000,5000,5000,10000,0.5,0,38,0,-3.534369170665741e-05,9703,0.33796803454493823,0.33796803454493823,1.0,1.0,1.0,1.0
msmarco-passage-trec-dl-2020,336901,candidate,128,80,48,128,0.625,32,21,0,-0.00012446939945220947,100,0.33796803454493823,0.33796803454493823,1.0,0.6666666666666666,1.0,0.6666666666666666
msmarco-passage-trec-dl-2020,336901,candidate,256,112,144,256,0.4375,32,28,0,-0.00047981366515159607,221,0.33796803454493823,0.33796803454493823,1.0,1.0,1.0,1.0
msmarco-passage-trec-dl-2020,336901,candidate,512,208,304,512,0.40625,96,33,0,-0.0006600450724363327,471,0.33796803454493823,0.33796803454493823,1.0,1.0,1.0,1.0
msmarco-passage-trec-dl-2020,336901,candidate,1024,448,576,1024,0.4375,128,37,0,-0.0016311220824718475,968,0.33796803454493823,0.33796803454493823,1.0,1.0,1.0,1.0
msmarco-passage-trec-dl-2020,336901,candidate,2048,448,1600,2048,0.21875,1152,37,0,-0.0016311220824718475,1981,0.33796803454493823,0.33796803454493823,1.0,1.0,1.0,1.0
msmarco-passage-trec-dl-2020,336901,candidate,4096,448,3648,4096,0.109375,3200,37,0,-0.0016311220824718475,4023,0.33796803454493823,0.33796803454493823,1.0,1.0,1.0,1.0
msmarco-passage-trec-dl-2020,336901,candidate,8192,3192,5000,8192,0.3896484375,1808,38,0,-0.00014521833509206772,7963,0.33796803454493823,0.33796803454493823,1.0,1.0,1.0,1.0
msmarco-passage-trec-dl-2020,336901,candidate,10000,5000,5000,10000,0.5,0,38,0,-3.534369170665741e-05,9703,0.33796803454493823,0.33796803454493823,1.0,1.0,1.0,1.0
msmarco-passage-trec-dl-2020,336901,candidate-safe,128,80,48,128,0.625,32,21,0,-0.00012446939945220947,100,0.33796803454493823,0.33796803454493823,1.0,0.6666666666666666,1.0,0.6666666666666666
msmarco-passage-trec-dl-2020,336901,candidate-safe,256,112,144,256,0.4375,32,28,0,-0.00047981366515159607,221,0.33796803454493823,0.33796803454493823,1.0,1.0,1.0,1.0
msmarco-passage-trec-dl-2020,336901,candidate-safe,512,208,304,512,0.40625,96,33,0,-0.0006600450724363327,471,0.33796803454493823,0.33796803454493823,1.0,1.0,1.0,1.0
msmarco-passage-trec-dl-2020,336901,candidate-safe,1024,448,576,1024,0.4375,128,37,0,-0.0016311220824718475,968,0.33796803454493823,0.33796803454493823,1.0,1.0,1.0,1.0
msmarco-passage-trec-dl-2020,336901,candidate-safe,2048,448,1600,2048,0.21875,1152,37,0,-0.0016311220824718475,1981,0.33796803454493823,0.33796803454493823,1.0,1.0,1.0,1.0
msmarco-passage-trec-dl-2020,336901,candidate-safe,4096,448,3648,4096,0.109375,3200,37,0,-0.0016311220824718475,4023,0.33796803454493823,0.33796803454493823,1.0,1.0,1.0,1.0
msmarco-passage-trec-dl-2020,336901,candidate-safe,8192,3192,5000,8192,0.3896484375,1808,38,0,-0.00014521833509206772,7963,0.33796803454493823,0.33796803454493823,1.0,1.0,1.0,1.0
msmarco-passage-trec-dl-2020,336901,candidate-safe,10000,5000,5000,10000,0.5,0,38,0,-3.534369170665741e-05,9703,0.33796803454493823,0.33796803454493823,1.0,1.0,1.0,1.0
msmarco-passage-trec-dl-2020,336901,pressure,128,80,48,128,0.625,32,21,0,-0.00012446939945220947,100,0.33796803454493823,0.33796803454493823,1.0,0.6666666666666666,1.0,0.6666666666666666
msmarco-passage-trec-dl-2020,336901,pressure,256,128,128,256,0.5,0,28,0,-0.0008970014750957489,221,0.33796803454493823,0.33796803454493823,1.0,1.0,1.0,1.0
msmarco-passage-trec-dl-2020,336901,pressure,512,224,288,512,0.4375,64,32,0,-0.0008706413209438324,471,0.33796803454493823,0.33796803454493823,1.0,1.0,1.0,1.0
msmarco-passage-trec-dl-2020,336901,pressure,1024,480,544,1024,0.46875,64,37,0,-0.0015144702047109604,969,0.33796803454493823,0.33796803454493823,1.0,1.0,1.0,1.0
msmarco-passage-trec-dl-2020,336901,pressure,2048,1216,832,2048,0.59375,384,37,0,-0.0006214100867509842,1950,0.33796803454493823,0.33796803454493823,1.0,1.0,1.0,1.0
msmarco-passage-trec-dl-2020,336901,pressure,4096,2144,1952,4096,0.5234375,192,37,0,-0.00011633895337581635,3935,0.33796803454493823,0.33796803454493823,1.0,1.0,1.0,1.0
msmarco-passage-trec-dl-2020,336901,pressure,8192,4096,4096,8192,0.5,0,38,0,-7.833074778318405e-05,7940,0.33796803454493823,0.33796803454493823,1.0,1.0,1.0,1.0
msmarco-passage-trec-dl-2020,336901,pressure,10000,5000,5000,10000,0.5,0,38,0,-3.534369170665741e-05,9703,0.33796803454493823,0.33796803454493823,1.0,1.0,1.0,1.0
msmarco-passage-trec-dl-2020,336901,allocation-grid-oracle,128,80,48,128,0.625,32,21,0,-0.00012446939945220947,100,0.33796803454493823,0.33796803454493823,1.0,0.6666666666666666,1.0,0.6666666666666666
msmarco-passage-trec-dl-2020,336901,allocation-grid-oracle,256,112,144,256,0.4375,32,28,0,-0.00047981366515159607,221,0.33796803454493823,0.33796803454493823,1.0,1.0,1.0,1.0
msmarco-passage-trec-dl-2020,336901,allocation-grid-oracle,512,208,304,512,0.40625,96,33,0,-0.0006600450724363327,471,0.33796803454493823,0.33796803454493823,1.0,1.0,1.0,1.0
msmarco-passage-trec-dl-2020,336901,allocation-grid-oracle,1024,480,544,1024,0.46875,64,37,0,-0.0015144702047109604,969,0.33796803454493823,0.33796803454493823,1.0,1.0,1.0,1.0
msmarco-passage-trec-dl-2020,336901,allocation-grid-oracle,2048,1120,928,2048,0.546875,192,37,0,-0.0005124788731336594,1946,0.33796803454493823,0.33796803454493823,1.0,1.0,1.0,1.0
msmarco-passage-trec-dl-2020,336901,allocation-grid-oracle,4096,2400,1696,4096,0.5859375,704,37,0,-6.980914622545242e-05,3934,0.33796803454493823,0.33796803454493823,1.0,1.0,1.0,1.0
msmarco-passage-trec-dl-2020,336901,allocation-grid-oracle,8192,4096,4096,8192,0.5,0,38,0,-7.833074778318405e-05,7940,0.33796803454493823,0.33796803454493823,1.0,1.0,1.0,1.0
msmarco-passage-trec-dl-2020,336901,allocation-grid-oracle,10000,5000,5000,10000,0.5,0,38,0,-3.534369170665741e-05,9703,0.33796803454493823,0.33796803454493823,1.0,1.0,1.0,1.0
msmarco-passage-trec-dl-2020,390360,balanced,128,64,64,128,0.5,0,6,0,-0.008064515888690948,122,0.3790882016884483,0.5702169845151126,0.6648139427323586,0.14285714285714285,0.45714285714285713,0.3125
msmarco-passage-trec-dl-2020,390360,balanced,256,128,128,256,0.5,0,8,0,-0.0029237214475870132,242,0.5482389861429965,0.5702169845151126,0.9614567805432782,0.2,0.45714285714285713,0.43750000000000006
msmarco-passage-trec-dl-2020,390360,balanced,512,256,256,512,0.5,0,10,0,-0.0007691308856010437,465,0.5702169845151126,0.5702169845151126,1.0,0.2571428571428571,0.45714285714285713,0.5625
msmarco-passage-trec-dl-2020,390360,balanced,1024,512,512,1024,0.5,0,11,0,-0.00016019679605960846,919,0.5702169845151126,0.5702169845151126,1.0,0.2571428571428571,0.45714285714285713,0.5625
msmarco-passage-trec-dl-2020,390360,balanced,2048,1024,1024,2048,0.5,0,14,0,-0.0004459228366613388,1787,0.5702169845151126,0.5702169845151126,1.0,0.2571428571428571,0.45714285714285713,0.5625
msmarco-passage-trec-dl-2020,390360,balanced,4096,2048,2048,4096,0.5,0,21,0,-0.00025683268904685974,3518,0.5702169845151126,0.5702169845151126,1.0,0.2857142857142857,0.45714285714285713,0.625
msmarco-passage-trec-dl-2020,390360,balanced,8192,4096,4096,8192,0.5,0,29,0,-4.4308602809906006e-05,7058,0.5702169845151126,0.5702169845151126,1.0,0.34285714285714286,0.45714285714285713,0.75
msmarco-passage-trec-dl-2020,390360,balanced,10000,5000,5000,10000,0.5,0,29,0,-1.321546733379364e-06,8704,0.5702169845151126,0.5702169845151126,1.0,0.34285714285714286,0.45714285714285713,0.75
msmarco-passage-trec-dl-2020,390360,blocker,128,64,64,128,0.5,0,6,0,-0.008064515888690948,122,0.3790882016884483,0.5702169845151126,0.6648139427323586,0.14285714285714285,0.45714285714285713,0.3125
msmarco-passage-trec-dl-2020,390360,blocker,256,128,128,256,0.5,0,8,0,-0.0029237214475870132,242,0.5482389861429965,0.5702169845151126,0.9614567805432782,0.2,0.45714285714285713,0.43750000000000006
msmarco-passage-trec-dl-2020,390360,blocker,512,208,304,512,0.40625,96,10,0,-0.0003518257290124893,471,0.5702169845151126,0.5702169845151126,1.0,0.2571428571428571,0.45714285714285713,0.5625
msmarco-passage-trec-dl-2020,390360,blocker,1024,336,688,1024,0.328125,352,13,0,-2.4069100618362427e-05,936,0.5702169845151126,0.5702169845151126,1.0,0.2571428571428571,0.45714285714285713,0.5625
msmarco-passage-trec-dl-2020,390360,blocker,2048,496,1552,2048,0.2421875,1056,14,0,-0.0001437608152627945,1852,0.5702169845151126,0.5702169845151126,1.0,0.2571428571428571,0.45714285714285713,0.5625
msmarco-passage-trec-dl-2020,390360,blocker,4096,2048,2048,4096,0.5,0,21,0,-0.00025683268904685974,3518,0.5702169845151126,0.5702169845151126,1.0,0.2857142857142857,0.45714285714285713,0.625
msmarco-passage-trec-dl-2020,390360,blocker,8192,5000,3192,8192,0.6103515625,1808,29,0,-1.321546733379364e-06,7109,0.5702169845151126,0.5702169845151126,1.0,0.34285714285714286,0.45714285714285713,0.75
msmarco-passage-trec-dl-2020,390360,blocker,10000,5000,5000,10000,0.5,0,29,0,-1.321546733379364e-06,8704,0.5702169845151126,0.5702169845151126,1.0,0.34285714285714286,0.45714285714285713,0.75
msmarco-passage-trec-dl-2020,390360,candidate,128,80,48,128,0.625,32,6,0,-0.009259259328246117,122,0.3790882016884483,0.5702169845151126,0.6648139427323586,0.14285714285714285,0.45714285714285713,0.3125
msmarco-passage-trec-dl-2020,390360,candidate,256,128,128,256,0.5,0,8,0,-0.0029237214475870132,242,0.5482389861429965,0.5702169845151126,0.9614567805432782,0.2,0.45714285714285713,0.43750000000000006
msmarco-passage-trec-dl-2020,390360,candidate,512,208,304,512,0.40625,96,10,0,-0.0003518257290124893,471,0.5702169845151126,0.5702169845151126,1.0,0.2571428571428571,0.45714285714285713,0.5625
msmarco-passage-trec-dl-2020,390360,candidate,1024,336,688,1024,0.328125,352,13,0,-2.4069100618362427e-05,936,0.5702169845151126,0.5702169845151126,1.0,0.2571428571428571,0.45714285714285713,0.5625
msmarco-passage-trec-dl-2020,390360,candidate,2048,496,1552,2048,0.2421875,1056,14,0,-0.0001437608152627945,1852,0.5702169845151126,0.5702169845151126,1.0,0.2571428571428571,0.45714285714285713,0.5625
msmarco-passage-trec-dl-2020,390360,candidate,4096,544,3552,4096,0.1328125,3008,15,0,-0.0004519708454608917,3771,0.5702169845151126,0.5702169845151126,1.0,0.2571428571428571,0.45714285714285713,0.5625
msmarco-passage-trec-dl-2020,390360,candidate,8192,4080,4112,8192,0.498046875,32,29,0,-4.523899406194687e-05,7059,0.5702169845151126,0.5702169845151126,1.0,0.34285714285714286,0.45714285714285713,0.75
msmarco-passage-trec-dl-2020,390360,candidate,10000,5000,5000,10000,0.5,0,29,0,-1.321546733379364e-06,8704,0.5702169845151126,0.5702169845151126,1.0,0.34285714285714286,0.45714285714285713,0.75
msmarco-passage-trec-dl-2020,390360,candidate-safe,128,80,48,128,0.625,32,6,0,-0.009259259328246117,122,0.3790882016884483,0.5702169845151126,0.6648139427323586,0.14285714285714285,0.45714285714285713,0.3125
msmarco-passage-trec-dl-2020,390360,candidate-safe,256,128,128,256,0.5,0,8,0,-0.0029237214475870132,242,0.5482389861429965,0.5702169845151126,0.9614567805432782,0.2,0.45714285714285713,0.43750000000000006
msmarco-passage-trec-dl-2020,390360,candidate-safe,512,208,304,512,0.40625,96,10,0,-0.0003518257290124893,471,0.5702169845151126,0.5702169845151126,1.0,0.2571428571428571,0.45714285714285713,0.5625
msmarco-passage-trec-dl-2020,390360,candidate-safe,1024,336,688,1024,0.328125,352,13,0,-2.4069100618362427e-05,936,0.5702169845151126,0.5702169845151126,1.0,0.2571428571428571,0.45714285714285713,0.5625
msmarco-passage-trec-dl-2020,390360,candidate-safe,2048,496,1552,2048,0.2421875,1056,14,0,-0.0001437608152627945,1852,0.5702169845151126,0.5702169845151126,1.0,0.2571428571428571,0.45714285714285713,0.5625
msmarco-passage-trec-dl-2020,390360,candidate-safe,4096,544,3552,4096,0.1328125,3008,15,0,-0.0004519708454608917,3771,0.5702169845151126,0.5702169845151126,1.0,0.2571428571428571,0.45714285714285713,0.5625
msmarco-passage-trec-dl-2020,390360,candidate-safe,8192,4080,4112,8192,0.498046875,32,29,0,-4.523899406194687e-05,7059,0.5702169845151126,0.5702169845151126,1.0,0.34285714285714286,0.45714285714285713,0.75
msmarco-passage-trec-dl-2020,390360,candidate-safe,10000,5000,5000,10000,0.5,0,29,0,-1.321546733379364e-06,8704,0.5702169845151126,0.5702169845151126,1.0,0.34285714285714286,0.45714285714285713,0.75
msmarco-passage-trec-dl-2020,390360,pressure,128,64,64,128,0.5,0,6,0,-0.008064515888690948,122,0.3790882016884483,0.5702169845151126,0.6648139427323586,0.14285714285714285,0.45714285714285713,0.3125
msmarco-passage-trec-dl-2020,390360,pressure,256,128,128,256,0.5,0,8,0,-0.0029237214475870132,242,0.5482389861429965,0.5702169845151126,0.9614567805432782,0.2,0.45714285714285713,0.43750000000000006
msmarco-passage-trec-dl-2020,390360,pressure,512,224,288,512,0.4375,64,10,0,-0.000478135421872139,470,0.5702169845151126,0.5702169845151126,1.0,0.2571428571428571,0.45714285714285713,0.5625
msmarco-passage-trec-dl-2020,390360,pressure,1024,352,672,1024,0.34375,320,13,0,-5.329027771949768e-05,934,0.5702169845151126,0.5702169845151126,1.0,0.2571428571428571,0.45714285714285713,0.5625
msmarco-passage-trec-dl-2020,390360,pressure,2048,544,1504,2048,0.265625,960,14,0,-0.00016280077397823334,1842,0.5702169845151126,0.5702169845151126,1.0,0.2571428571428571,0.45714285714285713,0.5625
msmarco-passage-trec-dl-2020,390360,pressure,4096,2048,2048,4096,0.5,0,21,0,-0.00025683268904685974,3518,0.5702169845151126,0.5702169845151126,1.0,0.2857142857142857,0.45714285714285713,0.625
msmarco-passage-trec-dl-2020,390360,pressure,8192,5000,3192,8192,0.6103515625,1808,29,0,-1.321546733379364e-06,7109,0.5702169845151126,0.5702169845151126,1.0,0.34285714285714286,0.45714285714285713,0.75
msmarco-passage-trec-dl-2020,390360,pressure,10000,5000,5000,10000,0.5,0,29,0,-1.321546733379364e-06,8704,0.5702169845151126,0.5702169845151126,1.0,0.34285714285714286,0.45714285714285713,0.75
msmarco-passage-trec-dl-2020,390360,allocation-grid-oracle,128,48,80,128,0.375,32,6,0,-0.0025169141590595245,121,0.3790882016884483,0.5702169845151126,0.6648139427323586,0.14285714285714285,0.45714285714285713,0.3125
msmarco-passage-trec-dl-2020,390360,allocation-grid-oracle,256,144,112,256,0.5625,32,8,0,-0.0008388273417949677,239,0.5482389861429965,0.5702169845151126,0.9614567805432782,0.2,0.45714285714285713,0.43750000000000006
msmarco-passage-trec-dl-2020,390360,allocation-grid-oracle,512,208,304,512,0.40625,96,10,0,-0.0003518257290124893,471,0.5702169845151126,0.5702169845151126,1.0,0.2571428571428571,0.45714285714285713,0.5625
msmarco-passage-trec-dl-2020,390360,allocation-grid-oracle,1024,336,688,1024,0.328125,352,13,0,-2.4069100618362427e-05,936,0.5702169845151126,0.5702169845151126,1.0,0.2571428571428571,0.45714285714285713,0.5625
msmarco-passage-trec-dl-2020,390360,allocation-grid-oracle,2048,496,1552,2048,0.2421875,1056,14,0,-0.0001437608152627945,1852,0.5702169845151126,0.5702169845151126,1.0,0.2571428571428571,0.45714285714285713,0.5625
msmarco-passage-trec-dl-2020,390360,allocation-grid-oracle,4096,2048,2048,4096,0.5,0,21,0,-0.00025683268904685974,3518,0.5702169845151126,0.5702169845151126,1.0,0.2857142857142857,0.45714285714285713,0.625
msmarco-passage-trec-dl-2020,390360,allocation-grid-oracle,8192,5000,3192,8192,0.6103515625,1808,29,0,-1.321546733379364e-06,7109,0.5702169845151126,0.5702169845151126,1.0,0.34285714285714286,0.45714285714285713,0.75
msmarco-passage-trec-dl-2020,390360,allocation-grid-oracle,10000,5000,5000,10000,0.5,0,29,0,-1.321546733379364e-06,8704,0.5702169845151126,0.5702169845151126,1.0,0.34285714285714286,0.45714285714285713,0.75
msmarco-passage-trec-dl-2020,405163,balanced,128,64,64,128,0.5,0,3,0,-0.00032040849328041077,122,0.0,0.06625422345438904,0.0,0.0,0.13559322033898305,0.0
msmarco-passage-trec-dl-2020,405163,balanced,256,128,128,256,0.5,0,6,0,-0.002416526898741722,248,0.0,0.06625422345438904,0.0,0.0,0.13559322033898305,0.0
msmarco-passage-trec-dl-2020,405163,balanced,512,256,256,512,0.5,0,6,0,-0.00026193633675575256,495,0.0,0.06625422345438904,0.0,0.0,0.13559322033898305,0.0
msmarco-passage-trec-dl-2020,405163,balanced,1024,512,512,1024,0.5,0,8,0,-0.00036980584263801575,966,0.0,0.06625422345438904,0.0,0.0,0.13559322033898305,0.0
msmarco-passage-trec-dl-2020,405163,balanced,2048,1024,1024,2048,0.5,0,10,0,-0.0006914157420396805,1853,0.06625422345438904,0.06625422345438904,1.0,0.00847457627118644,0.13559322033898305,0.0625
msmarco-passage-trec-dl-2020,405163,balanced,4096,2048,2048,4096,0.5,0,10,0,-0.00021766871213912964,3499,0.06625422345438904,0.06625422345438904,1.0,0.00847457627118644,0.13559322033898305,0.0625
msmarco-passage-trec-dl-2020,405163,balanced,8192,4096,4096,8192,0.5,0,11,0,-9.523704648017883e-06,6142,0.06625422345438904,0.06625422345438904,1.0,0.01694915254237288,0.13559322033898305,0.125
msmarco-passage-trec-dl-2020,405163,balanced,10000,5000,5000,10000,0.5,0,12,0,-7.468834519386292e-05,7148,0.06625422345438904,0.06625422345438904,1.0,0.025423728813559324,0.13559322033898305,0.1875
msmarco-passage-trec-dl-2020,405163,blocker,128,64,64,128,0.5,0,3,0,-0.00032040849328041077,122,0.0,0.06625422345438904,0.0,0.0,0.13559322033898305,0.0
msmarco-passage-trec-dl-2020,405163,blocker,256,128,128,256,0.5,0,6,0,-0.002416526898741722,248,0.0,0.06625422345438904,0.0,0.0,0.13559322033898305,0.0
msmarco-passage-trec-dl-2020,405163,blocker,512,256,256,512,0.5,0,6,0,-0.00026193633675575256,495,0.0,0.06625422345438904,0.0,0.0,0.13559322033898305,0.0
msmarco-passage-trec-dl-2020,405163,blocker,1024,512,512,1024,0.5,0,8,0,-0.00036980584263801575,966,0.0,0.06625422345438904,0.0,0.0,0.13559322033898305,0.0
msmarco-passage-trec-dl-2020,405163,blocker,2048,1024,1024,2048,0.5,0,10,0,-0.0006914157420396805,1853,0.06625422345438904,0.06625422345438904,1.0,0.00847457627118644,0.13559322033898305,0.0625
msmarco-passage-trec-dl-2020,405163,blocker,4096,1488,2608,4096,0.36328125,1120,10,0,-0.00014371983706951141,3509,0.06625422345438904,0.06625422345438904,1.0,0.00847457627118644,0.13559322033898305,0.0625
msmarco-passage-trec-dl-2020,405163,blocker,8192,3192,5000,8192,0.3896484375,1808,12,0,-7.468834519386292e-05,6174,0.06625422345438904,0.06625422345438904,1.0,0.025423728813559324,0.13559322033898305,0.1875
msmarco-passage-trec-dl-2020,405163,blocker,10000,5000,5000,10000,0.5,0,12,0,-7.468834519386292e-05,7148,0.06625422345438904,0.06625422345438904,1.0,0.025423728813559324,0.13559322033898305,0.1875
msmarco-passage-trec-dl-2020,405163,candidate,128,64,64,128,0.5,0,3,0,-0.00032040849328041077,122,0.0,0.06625422345438904,0.0,0.0,0.13559322033898305,0.0
msmarco-passage-trec-dl-2020,405163,candidate,256,128,128,256,0.5,0,6,0,-0.002416526898741722,248,0.0,0.06625422345438904,0.0,0.0,0.13559322033898305,0.0
msmarco-passage-trec-dl-2020,405163,candidate,512,256,256,512,0.5,0,6,0,-0.00026193633675575256,495,0.0,0.06625422345438904,0.0,0.0,0.13559322033898305,0.0
msmarco-passage-trec-dl-2020,405163,candidate,1024,512,512,1024,0.5,0,8,0,-0.00036980584263801575,966,0.0,0.06625422345438904,0.0,0.0,0.13559322033898305,0.0
msmarco-passage-trec-dl-2020,405163,candidate,2048,1024,1024,2048,0.5,0,10,0,-0.0006914157420396805,1853,0.06625422345438904,0.06625422345438904,1.0,0.00847457627118644,0.13559322033898305,0.0625
msmarco-passage-trec-dl-2020,405163,candidate,4096,1488,2608,4096,0.36328125,1120,10,0,-0.00014371983706951141,3509,0.06625422345438904,0.06625422345438904,1.0,0.00847457627118644,0.13559322033898305,0.0625
msmarco-passage-trec-dl-2020,405163,candidate,8192,3192,5000,8192,0.3896484375,1808,12,0,-7.468834519386292e-05,6174,0.06625422345438904,0.06625422345438904,1.0,0.025423728813559324,0.13559322033898305,0.1875
msmarco-passage-trec-dl-2020,405163,candidate,10000,5000,5000,10000,0.5,0,12,0,-7.468834519386292e-05,7148,0.06625422345438904,0.06625422345438904,1.0,0.025423728813559324,0.13559322033898305,0.1875
msmarco-passage-trec-dl-2020,405163,candidate-safe,128,64,64,128,0.5,0,3,0,-0.00032040849328041077,122,0.0,0.06625422345438904,0.0,0.0,0.13559322033898305,0.0
msmarco-passage-trec-dl-2020,405163,candidate-safe,256,128,128,256,0.5,0,6,0,-0.002416526898741722,248,0.0,0.06625422345438904,0.0,0.0,0.13559322033898305,0.0
msmarco-passage-trec-dl-2020,405163,candidate-safe,512,256,256,512,0.5,0,6,0,-0.00026193633675575256,495,0.0,0.06625422345438904,0.0,0.0,0.13559322033898305,0.0
msmarco-passage-trec-dl-2020,405163,candidate-safe,1024,512,512,1024,0.5,0,8,0,-0.00036980584263801575,966,0.0,0.06625422345438904,0.0,0.0,0.13559322033898305,0.0
msmarco-passage-trec-dl-2020,405163,candidate-safe,2048,1024,1024,2048,0.5,0,10,0,-0.0006914157420396805,1853,0.06625422345438904,0.06625422345438904,1.0,0.00847457627118644,0.13559322033898305,0.0625
msmarco-passage-trec-dl-2020,405163,candidate-safe,4096,1488,2608,4096,0.36328125,1120,10,0,-0.00014371983706951141,3509,0.06625422345438904,0.06625422345438904,1.0,0.00847457627118644,0.13559322033898305,0.0625
msmarco-passage-trec-dl-2020,405163,candidate-safe,8192,3192,5000,8192,0.3896484375,1808,12,0,-7.468834519386292e-05,6174,0.06625422345438904,0.06625422345438904,1.0,0.025423728813559324,0.13559322033898305,0.1875
msmarco-passage-trec-dl-2020,405163,candidate-safe,10000,5000,5000,10000,0.5,0,12,0,-7.468834519386292e-05,7148,0.06625422345438904,0.06625422345438904,1.0,0.025423728813559324,0.13559322033898305,0.1875
msmarco-passage-trec-dl-2020,405163,pressure,128,64,64,128,0.5,0,3,0,-0.00032040849328041077,122,0.0,0.06625422345438904,0.0,0.0,0.13559322033898305,0.0
msmarco-passage-trec-dl-2020,405163,pressure,256,128,128,256,0.5,0,6,0,-0.002416526898741722,248,0.0,0.06625422345438904,0.0,0.0,0.13559322033898305,0.0
msmarco-passage-trec-dl-2020,405163,pressure,512,256,256,512,0.5,0,6,0,-0.00026193633675575256,495,0.0,0.06625422345438904,0.0,0.0,0.13559322033898305,0.0
msmarco-passage-trec-dl-2020,405163,pressure,1024,512,512,1024,0.5,0,8,0,-0.00036980584263801575,966,0.0,0.06625422345438904,0.0,0.0,0.13559322033898305,0.0
msmarco-passage-trec-dl-2020,405163,pressure,2048,1024,1024,2048,0.5,0,10,0,-0.0006914157420396805,1853,0.06625422345438904,0.06625422345438904,1.0,0.00847457627118644,0.13559322033898305,0.0625
msmarco-passage-trec-dl-2020,405163,pressure,4096,1840,2256,4096,0.44921875,416,10,0,-0.00017506442964076996,3471,0.06625422345438904,0.06625422345438904,1.0,0.00847457627118644,0.13559322033898305,0.0625
msmarco-passage-trec-dl-2020,405163,pressure,8192,3192,5000,8192,0.3896484375,1808,12,0,-7.468834519386292e-05,6174,0.06625422345438904,0.06625422345438904,1.0,0.025423728813559324,0.13559322033898305,0.1875
msmarco-passage-trec-dl-2020,405163,pressure,10000,5000,5000,10000,0.5,0,12,0,-7.468834519386292e-05,7148,0.06625422345438904,0.06625422345438904,1.0,0.025423728813559324,0.13559322033898305,0.1875
msmarco-passage-trec-dl-2020,405163,allocation-grid-oracle,128,64,64,128,0.5,0,3,0,-0.00032040849328041077,122,0.0,0.06625422345438904,0.0,0.0,0.13559322033898305,0.0
msmarco-passage-trec-dl-2020,405163,allocation-grid-oracle,256,128,128,256,0.5,0,6,0,-0.002416526898741722,248,0.0,0.06625422345438904,0.0,0.0,0.13559322033898305,0.0
msmarco-passage-trec-dl-2020,405163,allocation-grid-oracle,512,256,256,512,0.5,0,6,0,-0.00026193633675575256,495,0.0,0.06625422345438904,0.0,0.0,0.13559322033898305,0.0
msmarco-passage-trec-dl-2020,405163,allocation-grid-oracle,1024,512,512,1024,0.5,0,8,0,-0.00036980584263801575,966,0.0,0.06625422345438904,0.0,0.0,0.13559322033898305,0.0
msmarco-passage-trec-dl-2020,405163,allocation-grid-oracle,2048,1024,1024,2048,0.5,0,10,0,-0.0006914157420396805,1853,0.06625422345438904,0.06625422345438904,1.0,0.00847457627118644,0.13559322033898305,0.0625
msmarco-passage-trec-dl-2020,405163,allocation-grid-oracle,4096,1488,2608,4096,0.36328125,1120,10,0,-0.00014371983706951141,3509,0.06625422345438904,0.06625422345438904,1.0,0.00847457627118644,0.13559322033898305,0.0625
msmarco-passage-trec-dl-2020,405163,allocation-grid-oracle,8192,3192,5000,8192,0.3896484375,1808,12,0,-7.468834519386292e-05,6174,0.06625422345438904,0.06625422345438904,1.0,0.025423728813559324,0.13559322033898305,0.1875
msmarco-passage-trec-dl-2020,405163,allocation-grid-oracle,10000,5000,5000,10000,0.5,0,12,0,-7.468834519386292e-05,7148,0.06625422345438904,0.06625422345438904,1.0,0.025423728813559324,0.13559322033898305,0.1875
msmarco-passage-trec-dl-2020,42255,balanced,128,64,64,128,0.5,0,8,0,-0.00011474080383777618,109,0.813631332951089,0.813631332951089,1.0,0.5714285714285714,1.0,0.5714285714285714
msmarco-passage-trec-dl-2020,42255,balanced,256,128,128,256,0.5,0,15,0,-1.6791746020317078e-05,205,0.813631332951089,0.813631332951089,1.0,0.5714285714285714,1.0,0.5714285714285714
msmarco-passage-trec-dl-2020,42255,balanced,512,256,256,512,0.5,0,27,0,-3.419630229473114e-05,344,0.813631332951089,0.813631332951089,1.0,0.5714285714285714,1.0,0.5714285714285714
msmarco-passage-trec-dl-2020,42255,balanced,1024,512,512,1024,0.5,0,34,0,-0.00030804798007011414,661,0.813631332951089,0.813631332951089,1.0,0.5714285714285714,1.0,0.5714285714285714
msmarco-passage-trec-dl-2020,42255,balanced,2048,1024,1024,2048,0.5,0,46,0,-5.1800161600112915e-06,1465,0.813631332951089,0.813631332951089,1.0,0.8571428571428571,1.0,0.8571428571428571
msmarco-passage-trec-dl-2020,42255,balanced,4096,2048,2048,4096,0.5,0,100,1,-inf,3153,0.813631332951089,0.813631332951089,1.0,1.0,1.0,1.0
msmarco-passage-trec-dl-2020,42255,balanced,8192,4096,4096,8192,0.5,0,100,1,-inf,6894,0.813631332951089,0.813631332951089,1.0,1.0,1.0,1.0
msmarco-passage-trec-dl-2020,42255,balanced,10000,5000,5000,10000,0.5,0,100,1,-inf,8562,0.813631332951089,0.813631332951089,1.0,1.0,1.0,1.0
msmarco-passage-trec-dl-2020,42255,blocker,128,64,64,128,0.5,0,8,0,-0.00011474080383777618,109,0.813631332951089,0.813631332951089,1.0,0.5714285714285714,1.0,0.5714285714285714
msmarco-passage-trec-dl-2020,42255,blocker,256,128,128,256,0.5,0,15,0,-1.6791746020317078e-05,205,0.813631332951089,0.813631332951089,1.0,0.5714285714285714,1.0,0.5714285714285714
msmarco-passage-trec-dl-2020,42255,blocker,512,240,272,512,0.46875,32,28,0,-0.0005504582077264786,350,0.813631332951089,0.813631332951089,1.0,0.5714285714285714,1.0,0.5714285714285714
msmarco-passage-trec-dl-2020,42255,blocker,1024,464,560,1024,0.453125,96,36,0,-5.4018571972846985e-05,666,0.813631332951089,0.813631332951089,1.0,0.7142857142857143,1.0,0.7142857142857143
msmarco-passage-trec-dl-2020,42255,blocker,2048,896,1152,2048,0.4375,256,100,1,-inf,1445,0.813631332951089,0.813631332951089,1.0,1.0,1.0,1.0
msmarco-passage-trec-dl-2020,42255,blocker,4096,2048,2048,4096,0.5,0,100,1,-inf,3153,0.813631332951089,0.813631332951089,1.0,1.0,1.0,1.0
msmarco-passage-trec-dl-2020,42255,blocker,8192,4096,4096,8192,0.5,0,100,1,-inf,6894,0.813631332951089,0.813631332951089,1.0,1.0,1.0,1.0
msmarco-passage-trec-dl-2020,42255,blocker,10000,5000,5000,10000,0.5,0,100,1,-inf,8562,0.813631332951089,0.813631332951089,1.0,1.0,1.0,1.0
msmarco-passage-trec-dl-2020,42255,candidate,128,64,64,128,0.5,0,8,0,-0.00011474080383777618,109,0.813631332951089,0.813631332951089,1.0,0.5714285714285714,1.0,0.5714285714285714
msmarco-passage-trec-dl-2020,42255,candidate,256,128,128,256,0.5,0,15,0,-1.6791746020317078e-05,205,0.813631332951089,0.813631332951089,1.0,0.5714285714285714,1.0,0.5714285714285714
msmarco-passage-trec-dl-2020,42255,candidate,512,240,272,512,0.46875,32,28,0,-0.0005504582077264786,350,0.813631332951089,0.813631332951089,1.0,0.5714285714285714,1.0,0.5714285714285714
msmarco-passage-trec-dl-2020,42255,candidate,1024,464,560,1024,0.453125,96,36,0,-5.4018571972846985e-05,666,0.813631332951089,0.813631332951089,1.0,0.7142857142857143,1.0,0.7142857142857143
msmarco-passage-trec-dl-2020,42255,candidate,2048,896,1152,2048,0.4375,256,100,1,-inf,1445,0.813631332951089,0.813631332951089,1.0,1.0,1.0,1.0
msmarco-passage-trec-dl-2020,42255,candidate,4096,2048,2048,4096,0.5,0,100,1,-inf,3153,0.813631332951089,0.813631332951089,1.0,1.0,1.0,1.0
msmarco-passage-trec-dl-2020,42255,candidate,8192,4096,4096,8192,0.5,0,100,1,-inf,6894,0.813631332951089,0.813631332951089,1.0,1.0,1.0,1.0
msmarco-passage-trec-dl-2020,42255,candidate,10000,5000,5000,10000,0.5,0,100,1,-inf,8562,0.813631332951089,0.813631332951089,1.0,1.0,1.0,1.0
msmarco-passage-trec-dl-2020,42255,candidate-safe,128,64,64,128,0.5,0,8,0,-0.00011474080383777618,109,0.813631332951089,0.813631332951089,1.0,0.5714285714285714,1.0,0.5714285714285714
msmarco-passage-trec-dl-2020,42255,candidate-safe,256,128,128,256,0.5,0,15,0,-1.6791746020317078e-05,205,0.813631332951089,0.813631332951089,1.0,0.5714285714285714,1.0,0.5714285714285714
msmarco-passage-trec-dl-2020,42255,candidate-safe,512,240,272,512,0.46875,32,28,0,-0.0005504582077264786,350,0.813631332951089,0.813631332951089,1.0,0.5714285714285714,1.0,0.5714285714285714
msmarco-passage-trec-dl-2020,42255,candidate-safe,1024,464,560,1024,0.453125,96,36,0,-5.4018571972846985e-05,666,0.813631332951089,0.813631332951089,1.0,0.7142857142857143,1.0,0.7142857142857143
msmarco-passage-trec-dl-2020,42255,candidate-safe,2048,896,1152,2048,0.4375,256,100,1,-inf,1445,0.813631332951089,0.813631332951089,1.0,1.0,1.0,1.0
msmarco-passage-trec-dl-2020,42255,candidate-safe,4096,2048,2048,4096,0.5,0,100,1,-inf,3153,0.813631332951089,0.813631332951089,1.0,1.0,1.0,1.0
msmarco-passage-trec-dl-2020,42255,candidate-safe,8192,4096,4096,8192,0.5,0,100,1,-inf,6894,0.813631332951089,0.813631332951089,1.0,1.0,1.0,1.0
msmarco-passage-trec-dl-2020,42255,candidate-safe,10000,5000,5000,10000,0.5,0,100,1,-inf,8562,0.813631332951089,0.813631332951089,1.0,1.0,1.0,1.0
msmarco-passage-trec-dl-2020,42255,pressure,128,64,64,128,0.5,0,8,0,-0.00011474080383777618,109,0.813631332951089,0.813631332951089,1.0,0.5714285714285714,1.0,0.5714285714285714
msmarco-passage-trec-dl-2020,42255,pressure,256,128,128,256,0.5,0,15,0,-1.6791746020317078e-05,205,0.813631332951089,0.813631332951089,1.0,0.5714285714285714,1.0,0.5714285714285714
msmarco-passage-trec-dl-2020,42255,pressure,512,240,272,512,0.46875,32,28,0,-0.0005504582077264786,350,0.813631332951089,0.813631332951089,1.0,0.5714285714285714,1.0,0.5714285714285714
msmarco-passage-trec-dl-2020,42255,pressure,1024,464,560,1024,0.453125,96,36,0,-5.4018571972846985e-05,666,0.813631332951089,0.813631332951089,1.0,0.7142857142857143,1.0,0.7142857142857143
msmarco-passage-trec-dl-2020,42255,pressure,2048,896,1152,2048,0.4375,256,100,1,-inf,1445,0.813631332951089,0.813631332951089,1.0,1.0,1.0,1.0
msmarco-passage-trec-dl-2020,42255,pressure,4096,2048,2048,4096,0.5,0,100,1,-inf,3153,0.813631332951089,0.813631332951089,1.0,1.0,1.0,1.0
msmarco-passage-trec-dl-2020,42255,pressure,8192,4096,4096,8192,0.5,0,100,1,-inf,6894,0.813631332951089,0.813631332951089,1.0,1.0,1.0,1.0
msmarco-passage-trec-dl-2020,42255,pressure,10000,5000,5000,10000,0.5,0,100,1,-inf,8562,0.813631332951089,0.813631332951089,1.0,1.0,1.0,1.0
msmarco-passage-trec-dl-2020,42255,allocation-grid-oracle,128,64,64,128,0.5,0,8,0,-0.00011474080383777618,109,0.813631332951089,0.813631332951089,1.0,0.5714285714285714,1.0,0.5714285714285714
msmarco-passage-trec-dl-2020,42255,allocation-grid-oracle,256,128,128,256,0.5,0,15,0,-1.6791746020317078e-05,205,0.813631332951089,0.813631332951089,1.0,0.5714285714285714,1.0,0.5714285714285714
msmarco-passage-trec-dl-2020,42255,allocation-grid-oracle,512,240,272,512,0.46875,32,28,0,-0.0005504582077264786,350,0.813631332951089,0.813631332951089,1.0,0.5714285714285714,1.0,0.5714285714285714
msmarco-passage-trec-dl-2020,42255,allocation-grid-oracle,1024,464,560,1024,0.453125,96,36,0,-5.4018571972846985e-05,666,0.813631332951089,0.813631332951089,1.0,0.7142857142857143,1.0,0.7142857142857143
msmarco-passage-trec-dl-2020,42255,allocation-grid-oracle,2048,896,1152,2048,0.4375,256,100,1,-inf,1445,0.813631332951089,0.813631332951089,1.0,1.0,1.0,1.0
msmarco-passage-trec-dl-2020,42255,allocation-grid-oracle,4096,2048,2048,4096,0.5,0,100,1,-inf,3153,0.813631332951089,0.813631332951089,1.0,1.0,1.0,1.0
msmarco-passage-trec-dl-2020,42255,allocation-grid-oracle,8192,4096,4096,8192,0.5,0,100,1,-inf,6894,0.813631332951089,0.813631332951089,1.0,1.0,1.0,1.0
msmarco-passage-trec-dl-2020,42255,allocation-grid-oracle,10000,5000,5000,10000,0.5,0,100,1,-inf,8562,0.813631332951089,0.813631332951089,1.0,1.0,1.0,1.0
msmarco-passage-trec-dl-2020,47210,balanced,128,64,64,128,0.5,0,12,0,-0.0002945084124803543,112,0.8721560573120107,0.8721560573120107,1.0,0.14864864864864866,0.6891891891891891,0.21568627450980396
msmarco-passage-trec-dl-2020,47210,balanced,256,128,128,256,0.5,0,18,0,-0.0004634540528059006,199,0.8721560573120107,0.8721560573120107,1.0,0.21621621621621623,0.6891891891891891,0.3137254901960785
msmarco-passage-trec-dl-2020,47210,balanced,512,256,256,512,0.5,0,25,0,-8.171424269676208e-06,386,0.8721560573120107,0.8721560573120107,1.0,0.2702702702702703,0.6891891891891891,0.3921568627450981
msmarco-passage-trec-dl-2020,47210,balanced,1024,512,512,1024,0.5,0,41,0,-0.00018688663840293884,820,0.8721560573120107,0.8721560573120107,1.0,0.36486486486486486,0.6891891891891891,0.5294117647058824
msmarco-passage-trec-dl-2020,47210,balanced,2048,1024,1024,2048,0.5,0,50,0,-9.436160326004028e-06,1588,0.8721560573120107,0.8721560573120107,1.0,0.44594594594594594,0.6891891891891891,0.6470588235294118
msmarco-passage-trec-dl-2020,47210,balanced,4096,2048,2048,4096,0.5,0,54,0,-7.0463865995407104e-06,3045,0.8721560573120107,0.8721560573120107,1.0,0.4594594594594595,0.6891891891891891,0.6666666666666667
msmarco-passage-trec-dl-2020,47210,balanced,8192,4096,4096,8192,0.5,0,62,0,-2.811197191476822e-05,6317,0.8721560573120107,0.8721560573120107,1.0,0.5,0.6891891891891891,0.7254901960784315
msmarco-passage-trec-dl-2020,47210,balanced,10000,5000,5000,10000,0.5,0,64,0,-2.872757613658905e-05,7881,0.8721560573120107,0.8721560573120107,1.0,0.527027027027027,0.6891891891891891,0.7647058823529411
msmarco-passage-trec-dl-2020,47210,blocker,128,64,64,128,0.5,0,12,0,-0.0002945084124803543,112,0.8721560573120107,0.8721560573120107,1.0,0.14864864864864866,0.6891891891891891,0.21568627450980396
msmarco-passage-trec-dl-2020,47210,blocker,256,144,112,256,0.5625,32,18,0,-0.0002994965761899948,194,0.8721560573120107,0.8721560573120107,1.0,0.21621621621621623,0.6891891891891891,0.3137254901960785
msmarco-passage-trec-dl-2020,47210,blocker,512,272,240,512,0.53125,32,26,0,-2.0135194063186646e-06,387,0.8721560573120107,0.8721560573120107,1.0,0.2702702702702703,0.6891891891891891,0.3921568627450981
msmarco-passage-trec-dl-2020,47210,blocker,1024,592,432,1024,0.578125,160,43,0,-0.00018314644694328308,817,0.8721560573120107,0.8721560573120107,1.0,0.3783783783783784,0.6891891891891891,0.5490196078431373
msmarco-passage-trec-dl-2020,47210,blocker,2048,1552,496,2048,0.7578125,1056,54,0,-0.00015301071107387543,1704,0.8721560573120107,0.8721560573120107,1.0,0.4594594594594595,0.6891891891891891,0.6666666666666667
msmarco-passage-trec-dl-2020,47210,blocker,4096,3360,736,4096,0.8203125,2624,61,0,-4.452560096979141e-05,3555,0.8721560573120107,0.8721560573120107,1.0,0.5,0.6891891891891891,0.7254901960784315
msmarco-passage-trec-dl-2020,47210,blocker,8192,5000,3192,8192,0.6103515625,1808,64,0,-2.872757613658905e-05,6440,0.8721560573120107,0.8721560573120107,1.0,0.527027027027027,0.6891891891891891,0.7647058823529411
msmarco-passage-trec-dl-2020,47210,blocker,10000,5000,5000,10000,0.5,0,64,0,-2.872757613658905e-05,7881,0.8721560573120107,0.8721560573120107,1.0,0.527027027027027,0.6891891891891891,0.7647058823529411
msmarco-passage-trec-dl-2020,47210,candidate,128,80,48,128,0.625,32,11,0,-0.00014369748532772064,110,0.8721560573120107,0.8721560573120107,1.0,0.14864864864864866,0.6891891891891891,0.21568627450980396
msmarco-passage-trec-dl-2020,47210,candidate,256,144,112,256,0.5625,32,18,0,-0.0002994965761899948,194,0.8721560573120107,0.8721560573120107,1.0,0.21621621621621623,0.6891891891891891,0.3137254901960785
msmarco-passage-trec-dl-2020,47210,candidate,512,272,240,512,0.53125,32,26,0,-2.0135194063186646e-06,387,0.8721560573120107,0.8721560573120107,1.0,0.2702702702702703,0.6891891891891891,0.3921568627450981
msmarco-passage-trec-dl-2020,47210,candidate,1024,592,432,1024,0.578125,160,43,0,-0.00018314644694328308,817,0.8721560573120107,0.8721560573120107,1.0,0.3783783783783784,0.6891891891891891,0.5490196078431373
msmarco-passage-trec-dl-2020,47210,candidate,2048,1552,496,2048,0.7578125,1056,54,0,-0.00015301071107387543,1704,0.8721560573120107,0.8721560573120107,1.0,0.4594594594594595,0.6891891891891891,0.6666666666666667
msmarco-passage-trec-dl-2020,47210,candidate,4096,3360,736,4096,0.8203125,2624,61,0,-4.452560096979141e-05,3555,0.8721560573120107,0.8721560573120107,1.0,0.5,0.6891891891891891,0.7254901960784315
msmarco-passage-trec-dl-2020,47210,candidate,8192,5000,3192,8192,0.6103515625,1808,64,0,-2.872757613658905e-05,6440,0.8721560573120107,0.8721560573120107,1.0,0.527027027027027,0.6891891891891891,0.7647058823529411
msmarco-passage-trec-dl-2020,47210,candidate,10000,5000,5000,10000,0.5,0,64,0,-2.872757613658905e-05,7881,0.8721560573120107,0.8721560573120107,1.0,0.527027027027027,0.6891891891891891,0.7647058823529411
msmarco-passage-trec-dl-2020,47210,candidate-safe,128,80,48,128,0.625,32,11,0,-0.00014369748532772064,110,0.8721560573120107,0.8721560573120107,1.0,0.14864864864864866,0.6891891891891891,0.21568627450980396
msmarco-passage-trec-dl-2020,47210,candidate-safe,256,144,112,256,0.5625,32,18,0,-0.0002994965761899948,194,0.8721560573120107,0.8721560573120107,1.0,0.21621621621621623,0.6891891891891891,0.3137254901960785
msmarco-passage-trec-dl-2020,47210,candidate-safe,512,272,240,512,0.53125,32,26,0,-2.0135194063186646e-06,387,0.8721560573120107,0.8721560573120107,1.0,0.2702702702702703,0.6891891891891891,0.3921568627450981
msmarco-passage-trec-dl-2020,47210,candidate-safe,1024,592,432,1024,0.578125,160,43,0,-0.00018314644694328308,817,0.8721560573120107,0.8721560573120107,1.0,0.3783783783783784,0.6891891891891891,0.5490196078431373
msmarco-passage-trec-dl-2020,47210,candidate-safe,2048,1552,496,2048,0.7578125,1056,54,0,-0.00015301071107387543,1704,0.8721560573120107,0.8721560573120107,1.0,0.4594594594594595,0.6891891891891891,0.6666666666666667
msmarco-passage-trec-dl-2020,47210,candidate-safe,4096,3360,736,4096,0.8203125,2624,61,0,-4.452560096979141e-05,3555,0.8721560573120107,0.8721560573120107,1.0,0.5,0.6891891891891891,0.7254901960784315
msmarco-passage-trec-dl-2020,47210,candidate-safe,8192,5000,3192,8192,0.6103515625,1808,64,0,-2.872757613658905e-05,6440,0.8721560573120107,0.8721560573120107,1.0,0.527027027027027,0.6891891891891891,0.7647058823529411
msmarco-passage-trec-dl-2020,47210,candidate-safe,10000,5000,5000,10000,0.5,0,64,0,-2.872757613658905e-05,7881,0.8721560573120107,0.8721560573120107,1.0,0.527027027027027,0.6891891891891891,0.7647058823529411
msmarco-passage-trec-dl-2020,47210,pressure,128,64,64,128,0.5,0,12,0,-0.0002945084124803543,112,0.8721560573120107,0.8721560573120107,1.0,0.14864864864864866,0.6891891891891891,0.21568627450980396
msmarco-passage-trec-dl-2020,47210,pressure,256,144,112,256,0.5625,32,18,0,-0.0002994965761899948,194,0.8721560573120107,0.8721560573120107,1.0,0.21621621621621623,0.6891891891891891,0.3137254901960785
msmarco-passage-trec-dl-2020,47210,pressure,512,272,240,512,0.53125,32,26,0,-2.0135194063186646e-06,387,0.8721560573120107,0.8721560573120107,1.0,0.2702702702702703,0.6891891891891891,0.3921568627450981
msmarco-passage-trec-dl-2020,47210,pressure,1024,592,432,1024,0.578125,160,43,0,-0.00018314644694328308,817,0.8721560573120107,0.8721560573120107,1.0,0.3783783783783784,0.6891891891891891,0.5490196078431373
msmarco-passage-trec-dl-2020,47210,pressure,2048,1504,544,2048,0.734375,960,54,0,-0.00017204973846673965,1683,0.8721560573120107,0.8721560573120107,1.0,0.4594594594594595,0.6891891891891891,0.6666666666666667
msmarco-passage-trec-dl-2020,47210,pressure,4096,3328,768,4096,0.8125,2560,61,0,-4.7286972403526306e-05,3535,0.8721560573120107,0.8721560573120107,1.0,0.5,0.6891891891891891,0.7254901960784315
msmarco-passage-trec-dl-2020,47210,pressure,8192,5000,3192,8192,0.6103515625,1808,64,0,-2.872757613658905e-05,6440,0.8721560573120107,0.8721560573120107,1.0,0.527027027027027,0.6891891891891891,0.7647058823529411
msmarco-passage-trec-dl-2020,47210,pressure,10000,5000,5000,10000,0.5,0,64,0,-2.872757613658905e-05,7881,0.8721560573120107,0.8721560573120107,1.0,0.527027027027027,0.6891891891891891,0.7647058823529411
msmarco-passage-trec-dl-2020,47210,allocation-grid-oracle,128,64,64,128,0.5,0,12,0,-0.0002945084124803543,112,0.8721560573120107,0.8721560573120107,1.0,0.14864864864864866,0.6891891891891891,0.21568627450980396
msmarco-passage-trec-dl-2020,47210,allocation-grid-oracle,256,144,112,256,0.5625,32,18,0,-0.0002994965761899948,194,0.8721560573120107,0.8721560573120107,1.0,0.21621621621621623,0.6891891891891891,0.3137254901960785
msmarco-passage-trec-dl-2020,47210,allocation-grid-oracle,512,272,240,512,0.53125,32,26,0,-2.0135194063186646e-06,387,0.8721560573120107,0.8721560573120107,1.0,0.2702702702702703,0.6891891891891891,0.3921568627450981
msmarco-passage-trec-dl-2020,47210,allocation-grid-oracle,1024,592,432,1024,0.578125,160,43,0,-0.00018314644694328308,817,0.8721560573120107,0.8721560573120107,1.0,0.3783783783783784,0.6891891891891891,0.5490196078431373
msmarco-passage-trec-dl-2020,47210,allocation-grid-oracle,2048,1552,496,2048,0.7578125,1056,54,0,-0.00015301071107387543,1704,0.8721560573120107,0.8721560573120107,1.0,0.4594594594594595,0.6891891891891891,0.6666666666666667
msmarco-passage-trec-dl-2020,47210,allocation-grid-oracle,4096,3360,736,4096,0.8203125,2624,61,0,-4.452560096979141e-05,3555,0.8721560573120107,0.8721560573120107,1.0,0.5,0.6891891891891891,0.7254901960784315
msmarco-passage-trec-dl-2020,47210,allocation-grid-oracle,8192,5000,3192,8192,0.6103515625,1808,64,0,-2.872757613658905e-05,6440,0.8721560573120107,0.8721560573120107,1.0,0.527027027027027,0.6891891891891891,0.7647058823529411
msmarco-passage-trec-dl-2020,47210,allocation-grid-oracle,10000,5000,5000,10000,0.5,0,64,0,-2.872757613658905e-05,7881,0.8721560573120107,0.8721560573120107,1.0,0.527027027027027,0.6891891891891891,0.7647058823529411
msmarco-passage-trec-dl-2020,555530,balanced,128,64,64,128,0.5,0,4,0,-0.0019287057220935822,120,0.21222636597291458,0.21222636597291458,1.0,0.01282051282051282,0.1987179487179487,0.06451612903225806
msmarco-passage-trec-dl-2020,555530,balanced,256,128,128,256,0.5,0,8,0,-0.0013183094561100006,231,0.21222636597291458,0.21222636597291458,1.0,0.01282051282051282,0.1987179487179487,0.06451612903225806
msmarco-passage-trec-dl-2020,555530,balanced,512,256,256,512,0.5,0,15,0,-0.0012380331754684448,448,0.21222636597291458,0.21222636597291458,1.0,0.02564102564102564,0.1987179487179487,0.12903225806451613
msmarco-passage-trec-dl-2020,555530,balanced,1024,512,512,1024,0.5,0,19,0,-0.00035936199128627777,864,0.21222636597291458,0.21222636597291458,1.0,0.03205128205128205,0.1987179487179487,0.16129032258064516
msmarco-passage-trec-dl-2020,555530,balanced,2048,1024,1024,2048,0.5,0,32,0,-3.8076192140579224e-05,1691,0.21222636597291458,0.21222636597291458,1.0,0.0641025641025641,0.1987179487179487,0.3225806451612903
msmarco-passage-trec-dl-2020,555530,balanced,4096,2048,2048,4096,0.5,0,74,0,-1.6005709767341614e-05,3397,0.21222636597291458,0.21222636597291458,1.0,0.15384615384615385,0.1987179487179487,0.7741935483870969
msmarco-passage-trec-dl-2020,555530,balanced,8192,4096,4096,8192,0.5,0,80,0,-3.5884790122509e-05,6706,0.21222636597291458,0.21222636597291458,1.0,0.17307692307692307,0.1987179487179487,0.8709677419354839
msmarco-passage-trec-dl-2020,555530,balanced,10000,5000,5000,10000,0.5,0,81,0,-5.4673291742801666e-05,8179,0.21222636597291458,0.21222636597291458,1.0,0.17307692307692307,0.1987179487179487,0.8709677419354839
msmarco-passage-trec-dl-2020,555530,blocker,128,64,64,128,0.5,0,4,0,-0.0019287057220935822,120,0.21222636597291458,0.21222636597291458,1.0,0.01282051282051282,0.1987179487179487,0.06451612903225806
msmarco-passage-trec-dl-2020,555530,blocker,256,128,128,256,0.5,0,8,0,-0.0013183094561100006,231,0.21222636597291458,0.21222636597291458,1.0,0.01282051282051282,0.1987179487179487,0.06451612903225806
msmarco-passage-trec-dl-2020,555530,blocker,512,272,240,512,0.53125,32,15,0,-0.00016877613961696625,448,0.21222636597291458,0.21222636597291458,1.0,0.02564102564102564,0.1987179487179487,0.12903225806451613
msmarco-passage-trec-dl-2020,555530,blocker,1024,480,544,1024,0.46875,64,19,0,-0.0002667400985956192,869,0.21222636597291458,0.21222636597291458,1.0,0.03205128205128205,0.1987179487179487,0.16129032258064516
msmarco-passage-trec-dl-2020,555530,blocker,2048,1120,928,2048,0.546875,192,38,0,-0.00020230095833539963,1693,0.21222636597291458,0.21222636597291458,1.0,0.0641025641025641,0.1987179487179487,0.3225806451612903
msmarco-passage-trec-dl-2020,555530,blocker,4096,1760,2336,4096,0.4296875,576,76,0,-3.403984010219574e-06,3397,0.21222636597291458,0.21222636597291458,1.0,0.16666666666666666,0.1987179487179487,0.8387096774193549
msmarco-passage-trec-dl-2020,555530,blocker,8192,3192,5000,8192,0.3896484375,1808,81,0,-5.4673291742801666e-05,6728,0.21222636597291458,0.21222636597291458,1.0,0.17307692307692307,0.1987179487179487,0.8709677419354839
msmarco-passage-trec-dl-2020,555530,blocker,10000,5000,5000,10000,0.5,0,81,0,-5.4673291742801666e-05,8179,0.21222636597291458,0.21222636597291458,1.0,0.17307692307692307,0.1987179487179487,0.8709677419354839
msmarco-passage-trec-dl-2020,555530,candidate,128,64,64,128,0.5,0,4,0,-0.0019287057220935822,120,0.21222636597291458,0.21222636597291458,1.0,0.01282051282051282,0.1987179487179487,0.06451612903225806
msmarco-passage-trec-dl-2020,555530,candidate,256,128,128,256,0.5,0,8,0,-0.0013183094561100006,231,0.21222636597291458,0.21222636597291458,1.0,0.01282051282051282,0.1987179487179487,0.06451612903225806
msmarco-passage-trec-dl-2020,555530,candidate,512,272,240,512,0.53125,32,15,0,-0.00016877613961696625,448,0.21222636597291458,0.21222636597291458,1.0,0.02564102564102564,0.1987179487179487,0.12903225806451613
msmarco-passage-trec-dl-2020,555530,candidate,1024,480,544,1024,0.46875,64,19,0,-0.0002667400985956192,869,0.21222636597291458,0.21222636597291458,1.0,0.03205128205128205,0.1987179487179487,0.16129032258064516
msmarco-passage-trec-dl-2020,555530,candidate,2048,1120,928,2048,0.546875,192,38,0,-0.00020230095833539963,1693,0.21222636597291458,0.21222636597291458,1.0,0.0641025641025641,0.1987179487179487,0.3225806451612903
msmarco-passage-trec-dl-2020,555530,candidate,4096,1760,2336,4096,0.4296875,576,76,0,-3.403984010219574e-06,3397,0.21222636597291458,0.21222636597291458,1.0,0.16666666666666666,0.1987179487179487,0.8387096774193549
msmarco-passage-trec-dl-2020,555530,candidate,8192,3192,5000,8192,0.3896484375,1808,81,0,-5.4673291742801666e-05,6728,0.21222636597291458,0.21222636597291458,1.0,0.17307692307692307,0.1987179487179487,0.8709677419354839
msmarco-passage-trec-dl-2020,555530,candidate,10000,5000,5000,10000,0.5,0,81,0,-5.4673291742801666e-05,8179,0.21222636597291458,0.21222636597291458,1.0,0.17307692307692307,0.1987179487179487,0.8709677419354839
msmarco-passage-trec-dl-2020,555530,candidate-safe,128,64,64,128,0.5,0,4,0,-0.0019287057220935822,120,0.21222636597291458,0.21222636597291458,1.0,0.01282051282051282,0.1987179487179487,0.06451612903225806
msmarco-passage-trec-dl-2020,555530,candidate-safe,256,128,128,256,0.5,0,8,0,-0.0013183094561100006,231,0.21222636597291458,0.21222636597291458,1.0,0.01282051282051282,0.1987179487179487,0.06451612903225806
msmarco-passage-trec-dl-2020,555530,candidate-safe,512,272,240,512,0.53125,32,15,0,-0.00016877613961696625,448,0.21222636597291458,0.21222636597291458,1.0,0.02564102564102564,0.1987179487179487,0.12903225806451613
msmarco-passage-trec-dl-2020,555530,candidate-safe,1024,480,544,1024,0.46875,64,19,0,-0.0002667400985956192,869,0.21222636597291458,0.21222636597291458,1.0,0.03205128205128205,0.1987179487179487,0.16129032258064516
msmarco-passage-trec-dl-2020,555530,candidate-safe,2048,1120,928,2048,0.546875,192,38,0,-0.00020230095833539963,1693,0.21222636597291458,0.21222636597291458,1.0,0.0641025641025641,0.1987179487179487,0.3225806451612903
msmarco-passage-trec-dl-2020,555530,candidate-safe,4096,1760,2336,4096,0.4296875,576,76,0,-3.403984010219574e-06,3397,0.21222636597291458,0.21222636597291458,1.0,0.16666666666666666,0.1987179487179487,0.8387096774193549
msmarco-passage-trec-dl-2020,555530,candidate-safe,8192,3192,5000,8192,0.3896484375,1808,81,0,-5.4673291742801666e-05,6728,0.21222636597291458,0.21222636597291458,1.0,0.17307692307692307,0.1987179487179487,0.8709677419354839
msmarco-passage-trec-dl-2020,555530,candidate-safe,10000,5000,5000,10000,0.5,0,81,0,-5.4673291742801666e-05,8179,0.21222636597291458,0.21222636597291458,1.0,0.17307692307692307,0.1987179487179487,0.8709677419354839
msmarco-passage-trec-dl-2020,555530,pressure,128,64,64,128,0.5,0,4,0,-0.0019287057220935822,120,0.21222636597291458,0.21222636597291458,1.0,0.01282051282051282,0.1987179487179487,0.06451612903225806
msmarco-passage-trec-dl-2020,555530,pressure,256,128,128,256,0.5,0,8,0,-0.0013183094561100006,231,0.21222636597291458,0.21222636597291458,1.0,0.01282051282051282,0.1987179487179487,0.06451612903225806
msmarco-passage-trec-dl-2020,555530,pressure,512,272,240,512,0.53125,32,15,0,-0.00016877613961696625,448,0.21222636597291458,0.21222636597291458,1.0,0.02564102564102564,0.1987179487179487,0.12903225806451613
msmarco-passage-trec-dl-2020,555530,pressure,1024,512,512,1024,0.5,0,19,0,-0.00035936199128627777,864,0.21222636597291458,0.21222636597291458,1.0,0.03205128205128205,0.1987179487179487,0.16129032258064516
msmarco-passage-trec-dl-2020,555530,pressure,2048,1120,928,2048,0.546875,192,38,0,-0.00020230095833539963,1693,0.21222636597291458,0.21222636597291458,1.0,0.0641025641025641,0.1987179487179487,0.3225806451612903
msmarco-passage-trec-dl-2020,555530,pressure,4096,1760,2336,4096,0.4296875,576,76,0,-3.403984010219574e-06,3397,0.21222636597291458,0.21222636597291458,1.0,0.16666666666666666,0.1987179487179487,0.8387096774193549
msmarco-passage-trec-dl-2020,555530,pressure,8192,3192,5000,8192,0.3896484375,1808,81,0,-5.4673291742801666e-05,6728,0.21222636597291458,0.21222636597291458,1.0,0.17307692307692307,0.1987179487179487,0.8709677419354839
msmarco-passage-trec-dl-2020,555530,pressure,10000,5000,5000,10000,0.5,0,81,0,-5.4673291742801666e-05,8179,0.21222636597291458,0.21222636597291458,1.0,0.17307692307692307,0.1987179487179487,0.8709677419354839
msmarco-passage-trec-dl-2020,555530,allocation-grid-oracle,128,64,64,128,0.5,0,4,0,-0.0019287057220935822,120,0.21222636597291458,0.21222636597291458,1.0,0.01282051282051282,0.1987179487179487,0.06451612903225806
msmarco-passage-trec-dl-2020,555530,allocation-grid-oracle,256,128,128,256,0.5,0,8,0,-0.0013183094561100006,231,0.21222636597291458,0.21222636597291458,1.0,0.01282051282051282,0.1987179487179487,0.06451612903225806
msmarco-passage-trec-dl-2020,555530,allocation-grid-oracle,512,272,240,512,0.53125,32,15,0,-0.00016877613961696625,448,0.21222636597291458,0.21222636597291458,1.0,0.02564102564102564,0.1987179487179487,0.12903225806451613
msmarco-passage-trec-dl-2020,555530,allocation-grid-oracle,1024,480,544,1024,0.46875,64,19,0,-0.0002667400985956192,869,0.21222636597291458,0.21222636597291458,1.0,0.03205128205128205,0.1987179487179487,0.16129032258064516
msmarco-passage-trec-dl-2020,555530,allocation-grid-oracle,2048,1120,928,2048,0.546875,192,38,0,-0.00020230095833539963,1693,0.21222636597291458,0.21222636597291458,1.0,0.0641025641025641,0.1987179487179487,0.3225806451612903
msmarco-passage-trec-dl-2020,555530,allocation-grid-oracle,4096,1760,2336,4096,0.4296875,576,76,0,-3.403984010219574e-06,3397,0.21222636597291458,0.21222636597291458,1.0,0.16666666666666666,0.1987179487179487,0.8387096774193549
msmarco-passage-trec-dl-2020,555530,allocation-grid-oracle,8192,3192,5000,8192,0.3896484375,1808,81,0,-5.4673291742801666e-05,6728,0.21222636597291458,0.21222636597291458,1.0,0.17307692307692307,0.1987179487179487,0.8709677419354839
msmarco-passage-trec-dl-2020,555530,allocation-grid-oracle,10000,5000,5000,10000,0.5,0,81,0,-5.4673291742801666e-05,8179,0.21222636597291458,0.21222636597291458,1.0,0.17307692307692307,0.1987179487179487,0.8709677419354839
msmarco-passage-trec-dl-2020,583468,balanced,128,64,64,128,0.5,0,15,0,-4.2751431465148926e-05,97,1.0,1.0,1.0,0.12931034482758622,0.7413793103448276,0.1744186046511628
msmarco-passage-trec-dl-2020,583468,balanced,256,128,128,256,0.5,0,44,0,-0.0008403751999139786,166,1.0,1.0,1.0,0.3706896551724138,0.7413793103448276,0.5
msmarco-passage-trec-dl-2020,583468,balanced,512,256,256,512,0.5,0,60,0,-0.00010912865400314331,383,1.0,1.0,1.0,0.47413793103448276,0.7413793103448276,0.6395348837209303
msmarco-passage-trec-dl-2020,583468,balanced,1024,512,512,1024,0.5,0,91,0,-2.504698932170868e-05,874,1.0,1.0,1.0,0.6810344827586207,0.7413793103448276,0.9186046511627907
msmarco-passage-trec-dl-2020,583468,balanced,2048,1024,1024,2048,0.5,0,98,0,-4.7662295401096344e-05,1883,1.0,1.0,1.0,0.7327586206896551,0.7413793103448276,0.9883720930232557
msmarco-passage-trec-dl-2020,583468,balanced,4096,2048,2048,4096,0.5,0,100,1,-inf,3919,1.0,1.0,1.0,0.7413793103448276,0.7413793103448276,1.0
msmarco-passage-trec-dl-2020,583468,balanced,8192,4096,4096,8192,0.5,0,100,1,-inf,8006,1.0,1.0,1.0,0.7413793103448276,0.7413793103448276,1.0
msmarco-passage-trec-dl-2020,583468,balanced,10000,5000,5000,10000,0.5,0,100,1,-inf,9804,1.0,1.0,1.0,0.7413793103448276,0.7413793103448276,1.0
msmarco-passage-trec-dl-2020,583468,blocker,128,64,64,128,0.5,0,15,0,-4.2751431465148926e-05,97,1.0,1.0,1.0,0.12931034482758622,0.7413793103448276,0.1744186046511628
msmarco-passage-trec-dl-2020,583468,blocker,256,128,128,256,0.5,0,44,0,-0.0008403751999139786,166,1.0,1.0,1.0,0.3706896551724138,0.7413793103448276,0.5
msmarco-passage-trec-dl-2020,583468,blocker,512,352,160,512,0.6875,192,84,0,-2.824142575263977e-05,385,1.0,1.0,1.0,0.6293103448275862,0.7413793103448276,0.8488372093023255
msmarco-passage-trec-dl-2020,583468,blocker,1024,848,176,1024,0.828125,672,97,0,-8.193589746952057e-05,868,1.0,1.0,1.0,0.7241379310344828,0.7413793103448276,0.9767441860465116
msmarco-passage-trec-dl-2020,583468,blocker,2048,1104,944,2048,0.5390625,160,100,1,-inf,1882,1.0,1.0,1.0,0.7413793103448276,0.7413793103448276,1.0
msmarco-passage-trec-dl-2020,583468,blocker,4096,2048,2048,4096,0.5,0,100,1,-inf,3919,1.0,1.0,1.0,0.7413793103448276,0.7413793103448276,1.0
msmarco-passage-trec-dl-2020,583468,blocker,8192,4096,4096,8192,0.5,0,100,1,-inf,8006,1.0,1.0,1.0,0.7413793103448276,0.7413793103448276,1.0
msmarco-passage-trec-dl-2020,583468,blocker,10000,5000,5000,10000,0.5,0,100,1,-inf,9804,1.0,1.0,1.0,0.7413793103448276,0.7413793103448276,1.0
msmarco-passage-trec-dl-2020,583468,candidate,128,64,64,128,0.5,0,15,0,-4.2751431465148926e-05,97,1.0,1.0,1.0,0.12931034482758622,0.7413793103448276,0.1744186046511628
msmarco-passage-trec-dl-2020,583468,candidate,256,128,128,256,0.5,0,44,0,-0.0008403751999139786,166,1.0,1.0,1.0,0.3706896551724138,0.7413793103448276,0.5
msmarco-passage-trec-dl-2020,583468,candidate,512,352,160,512,0.6875,192,84,0,-2.824142575263977e-05,385,1.0,1.0,1.0,0.6293103448275862,0.7413793103448276,0.8488372093023255
msmarco-passage-trec-dl-2020,583468,candidate,1024,848,176,1024,0.828125,672,97,0,-8.193589746952057e-05,868,1.0,1.0,1.0,0.7241379310344828,0.7413793103448276,0.9767441860465116
msmarco-passage-trec-dl-2020,583468,candidate,2048,1104,944,2048,0.5390625,160,100,1,-inf,1882,1.0,1.0,1.0,0.7413793103448276,0.7413793103448276,1.0
msmarco-passage-trec-dl-2020,583468,candidate,4096,2048,2048,4096,0.5,0,100,1,-inf,3919,1.0,1.0,1.0,0.7413793103448276,0.7413793103448276,1.0
msmarco-passage-trec-dl-2020,583468,candidate,8192,4096,4096,8192,0.5,0,100,1,-inf,8006,1.0,1.0,1.0,0.7413793103448276,0.7413793103448276,1.0
msmarco-passage-trec-dl-2020,583468,candidate,10000,5000,5000,10000,0.5,0,100,1,-inf,9804,1.0,1.0,1.0,0.7413793103448276,0.7413793103448276,1.0
msmarco-passage-trec-dl-2020,583468,candidate-safe,128,64,64,128,0.5,0,15,0,-4.2751431465148926e-05,97,1.0,1.0,1.0,0.12931034482758622,0.7413793103448276,0.1744186046511628
msmarco-passage-trec-dl-2020,583468,candidate-safe,256,128,128,256,0.5,0,44,0,-0.0008403751999139786,166,1.0,1.0,1.0,0.3706896551724138,0.7413793103448276,0.5
msmarco-passage-trec-dl-2020,583468,candidate-safe,512,352,160,512,0.6875,192,84,0,-2.824142575263977e-05,385,1.0,1.0,1.0,0.6293103448275862,0.7413793103448276,0.8488372093023255
msmarco-passage-trec-dl-2020,583468,candidate-safe,1024,848,176,1024,0.828125,672,97,0,-8.193589746952057e-05,868,1.0,1.0,1.0,0.7241379310344828,0.7413793103448276,0.9767441860465116
msmarco-passage-trec-dl-2020,583468,candidate-safe,2048,1104,944,2048,0.5390625,160,100,1,-inf,1882,1.0,1.0,1.0,0.7413793103448276,0.7413793103448276,1.0
msmarco-passage-trec-dl-2020,583468,candidate-safe,4096,2048,2048,4096,0.5,0,100,1,-inf,3919,1.0,1.0,1.0,0.7413793103448276,0.7413793103448276,1.0
msmarco-passage-trec-dl-2020,583468,candidate-safe,8192,4096,4096,8192,0.5,0,100,1,-inf,8006,1.0,1.0,1.0,0.7413793103448276,0.7413793103448276,1.0
msmarco-passage-trec-dl-2020,583468,candidate-safe,10000,5000,5000,10000,0.5,0,100,1,-inf,9804,1.0,1.0,1.0,0.7413793103448276,0.7413793103448276,1.0
msmarco-passage-trec-dl-2020,583468,pressure,128,64,64,128,0.5,0,15,0,-4.2751431465148926e-05,97,1.0,1.0,1.0,0.12931034482758622,0.7413793103448276,0.1744186046511628
msmarco-passage-trec-dl-2020,583468,pressure,256,128,128,256,0.5,0,44,0,-0.0008403751999139786,166,1.0,1.0,1.0,0.3706896551724138,0.7413793103448276,0.5
msmarco-passage-trec-dl-2020,583468,pressure,512,352,160,512,0.6875,192,84,0,-2.824142575263977e-05,385,1.0,1.0,1.0,0.6293103448275862,0.7413793103448276,0.8488372093023255
msmarco-passage-trec-dl-2020,583468,pressure,1024,848,176,1024,0.828125,672,97,0,-8.193589746952057e-05,868,1.0,1.0,1.0,0.7241379310344828,0.7413793103448276,0.9767441860465116
msmarco-passage-trec-dl-2020,583468,pressure,2048,1104,944,2048,0.5390625,160,100,1,-inf,1882,1.0,1.0,1.0,0.7413793103448276,0.7413793103448276,1.0
msmarco-passage-trec-dl-2020,583468,pressure,4096,2048,2048,4096,0.5,0,100,1,-inf,3919,1.0,1.0,1.0,0.7413793103448276,0.7413793103448276,1.0
msmarco-passage-trec-dl-2020,583468,pressure,8192,4096,4096,8192,0.5,0,100,1,-inf,8006,1.0,1.0,1.0,0.7413793103448276,0.7413793103448276,1.0
msmarco-passage-trec-dl-2020,583468,pressure,10000,5000,5000,10000,0.5,0,100,1,-inf,9804,1.0,1.0,1.0,0.7413793103448276,0.7413793103448276,1.0
msmarco-passage-trec-dl-2020,583468,allocation-grid-oracle,128,64,64,128,0.5,0,15,0,-4.2751431465148926e-05,97,1.0,1.0,1.0,0.12931034482758622,0.7413793103448276,0.1744186046511628
msmarco-passage-trec-dl-2020,583468,allocation-grid-oracle,256,128,128,256,0.5,0,44,0,-0.0008403751999139786,166,1.0,1.0,1.0,0.3706896551724138,0.7413793103448276,0.5
msmarco-passage-trec-dl-2020,583468,allocation-grid-oracle,512,352,160,512,0.6875,192,84,0,-2.824142575263977e-05,385,1.0,1.0,1.0,0.6293103448275862,0.7413793103448276,0.8488372093023255
msmarco-passage-trec-dl-2020,583468,allocation-grid-oracle,1024,848,176,1024,0.828125,672,97,0,-8.193589746952057e-05,868,1.0,1.0,1.0,0.7241379310344828,0.7413793103448276,0.9767441860465116
msmarco-passage-trec-dl-2020,583468,allocation-grid-oracle,2048,1104,944,2048,0.5390625,160,100,1,-inf,1882,1.0,1.0,1.0,0.7413793103448276,0.7413793103448276,1.0
msmarco-passage-trec-dl-2020,583468,allocation-grid-oracle,4096,2048,2048,4096,0.5,0,100,1,-inf,3919,1.0,1.0,1.0,0.7413793103448276,0.7413793103448276,1.0
msmarco-passage-trec-dl-2020,583468,allocation-grid-oracle,8192,4096,4096,8192,0.5,0,100,1,-inf,8006,1.0,1.0,1.0,0.7413793103448276,0.7413793103448276,1.0
msmarco-passage-trec-dl-2020,583468,allocation-grid-oracle,10000,5000,5000,10000,0.5,0,100,1,-inf,9804,1.0,1.0,1.0,0.7413793103448276,0.7413793103448276,1.0
msmarco-passage-trec-dl-2020,640502,balanced,128,64,64,128,0.5,0,6,0,-0.001081334426999092,115,0.5637884576902256,0.7702043899253146,0.7319984994436284,0.022727272727272728,0.21022727272727273,0.10810810810810811
msmarco-passage-trec-dl-2020,640502,balanced,256,128,128,256,0.5,0,12,0,-0.0005139224231243134,226,0.7702043899253146,0.7702043899253146,1.0,0.045454545454545456,0.21022727272727273,0.21621621621621623
msmarco-passage-trec-dl-2020,640502,balanced,512,256,256,512,0.5,0,15,0,-4.712119698524475e-05,416,0.7702043899253146,0.7702043899253146,1.0,0.056818181818181816,0.21022727272727273,0.27027027027027023
msmarco-passage-trec-dl-2020,640502,balanced,1024,512,512,1024,0.5,0,19,0,-0.00016764365136623383,806,0.7702043899253146,0.7702043899253146,1.0,0.07386363636363637,0.21022727272727273,0.35135135135135137
msmarco-passage-trec-dl-2020,640502,balanced,2048,1024,1024,2048,0.5,0,27,0,-5.0518661737442017e-05,1659,0.7702043899253146,0.7702043899253146,1.0,0.08522727272727272,0.21022727272727273,0.4054054054054054
msmarco-passage-trec-dl-2020,640502,balanced,4096,2048,2048,4096,0.5,0,31,0,-0.000399123877286911,3503,0.7702043899253146,0.7702043899253146,1.0,0.09659090909090909,0.21022727272727273,0.45945945945945943
msmarco-passage-trec-dl-2020,640502,balanced,8192,4096,4096,8192,0.5,0,40,0,-4.266854375600815e-05,7305,0.7702043899253146,0.7702043899253146,1.0,0.13068181818181818,0.21022727272727273,0.6216216216216216
msmarco-passage-trec-dl-2020,640502,balanced,10000,5000,5000,10000,0.5,0,41,0,-0.00012280605733394623,9025,0.7702043899253146,0.7702043899253146,1.0,0.13068181818181818,0.21022727272727273,0.6216216216216216
msmarco-passage-trec-dl-2020,640502,blocker,128,64,64,128,0.5,0,6,0,-0.001081334426999092,115,0.5637884576902256,0.7702043899253146,0.7319984994436284,0.022727272727272728,0.21022727272727273,0.10810810810810811
msmarco-passage-trec-dl-2020,640502,blocker,256,128,128,256,0.5,0,12,0,-0.0005139224231243134,226,0.7702043899253146,0.7702043899253146,1.0,0.045454545454545456,0.21022727272727273,0.21621621621621623
msmarco-passage-trec-dl-2020,640502,blocker,512,304,208,512,0.59375,96,17,0,-0.0008524134755134583,423,0.7702043899253146,0.7702043899253146,1.0,0.06818181818181818,0.21022727272727273,0.3243243243243243
msmarco-passage-trec-dl-2020,640502,blocker,1024,656,368,1024,0.640625,288,20,0,-0.0006125010550022125,829,0.7702043899253146,0.7702043899253146,1.0,0.07386363636363637,0.21022727272727273,0.35135135135135137
msmarco-passage-trec-dl-2020,640502,blocker,2048,1296,752,2048,0.6328125,544,28,0,-6.35199248790741e-05,1685,0.7702043899253146,0.7702043899253146,1.0,0.08522727272727272,0.21022727272727273,0.4054054054054054
msmarco-passage-trec-dl-2020,640502,blocker,4096,2064,2032,4096,0.50390625,32,34,0,-0.00010307878255844116,3501,0.7702043899253146,0.7702043899253146,1.0,0.10227272727272728,0.21022727272727273,0.4864864864864865
msmarco-passage-trec-dl-2020,640502,blocker,8192,5000,3192,8192,0.6103515625,1808,41,0,-0.00012280605733394623,7366,0.7702043899253146,0.7702043899253146,1.0,0.13068181818181818,0.21022727272727273,0.6216216216216216
msmarco-passage-trec-dl-2020,640502,blocker,10000,5000,5000,10000,0.5,0,41,0,-0.00012280605733394623,9025,0.7702043899253146,0.7702043899253146,1.0,0.13068181818181818,0.21022727272727273,0.6216216216216216
msmarco-passage-trec-dl-2020,640502,candidate,128,64,64,128,0.5,0,6,0,-0.001081334426999092,115,0.5637884576902256,0.7702043899253146,0.7319984994436284,0.022727272727272728,0.21022727272727273,0.10810810810810811
msmarco-passage-trec-dl-2020,640502,candidate,256,128,128,256,0.5,0,12,0,-0.0005139224231243134,226,0.7702043899253146,0.7702043899253146,1.0,0.045454545454545456,0.21022727272727273,0.21621621621621623
msmarco-passage-trec-dl-2020,640502,candidate,512,304,208,512,0.59375,96,17,0,-0.0008524134755134583,423,0.7702043899253146,0.7702043899253146,1.0,0.06818181818181818,0.21022727272727273,0.3243243243243243
msmarco-passage-trec-dl-2020,640502,candidate,1024,656,368,1024,0.640625,288,20,0,-0.0006125010550022125,829,0.7702043899253146,0.7702043899253146,1.0,0.07386363636363637,0.21022727272727273,0.35135135135135137
msmarco-passage-trec-dl-2020,640502,candidate,2048,1296,752,2048,0.6328125,544,28,0,-6.35199248790741e-05,1685,0.7702043899253146,0.7702043899253146,1.0,0.08522727272727272,0.21022727272727273,0.4054054054054054
msmarco-passage-trec-dl-2020,640502,candidate,4096,2064,2032,4096,0.50390625,32,34,0,-0.00010307878255844116,3501,0.7702043899253146,0.7702043899253146,1.0,0.10227272727272728,0.21022727272727273,0.4864864864864865
msmarco-passage-trec-dl-2020,640502,candidate,8192,5000,3192,8192,0.6103515625,1808,41,0,-0.00012280605733394623,7366,0.7702043899253146,0.7702043899253146,1.0,0.13068181818181818,0.21022727272727273,0.6216216216216216
msmarco-passage-trec-dl-2020,640502,candidate,10000,5000,5000,10000,0.5,0,41,0,-0.00012280605733394623,9025,0.7702043899253146,0.7702043899253146,1.0,0.13068181818181818,0.21022727272727273,0.6216216216216216
msmarco-passage-trec-dl-2020,640502,candidate-safe,128,64,64,128,0.5,0,6,0,-0.001081334426999092,115,0.5637884576902256,0.7702043899253146,0.7319984994436284,0.022727272727272728,0.21022727272727273,0.10810810810810811
msmarco-passage-trec-dl-2020,640502,candidate-safe,256,128,128,256,0.5,0,12,0,-0.0005139224231243134,226,0.7702043899253146,0.7702043899253146,1.0,0.045454545454545456,0.21022727272727273,0.21621621621621623
msmarco-passage-trec-dl-2020,640502,candidate-safe,512,304,208,512,0.59375,96,17,0,-0.0008524134755134583,423,0.7702043899253146,0.7702043899253146,1.0,0.06818181818181818,0.21022727272727273,0.3243243243243243
msmarco-passage-trec-dl-2020,640502,candidate-safe,1024,656,368,1024,0.640625,288,20,0,-0.0006125010550022125,829,0.7702043899253146,0.7702043899253146,1.0,0.07386363636363637,0.21022727272727273,0.35135135135135137
msmarco-passage-trec-dl-2020,640502,candidate-safe,2048,1296,752,2048,0.6328125,544,28,0,-6.35199248790741e-05,1685,0.7702043899253146,0.7702043899253146,1.0,0.08522727272727272,0.21022727272727273,0.4054054054054054
msmarco-passage-trec-dl-2020,640502,candidate-safe,4096,2064,2032,4096,0.50390625,32,34,0,-0.00010307878255844116,3501,0.7702043899253146,0.7702043899253146,1.0,0.10227272727272728,0.21022727272727273,0.4864864864864865
msmarco-passage-trec-dl-2020,640502,candidate-safe,8192,5000,3192,8192,0.6103515625,1808,41,0,-0.00012280605733394623,7366,0.7702043899253146,0.7702043899253146,1.0,0.13068181818181818,0.21022727272727273,0.6216216216216216
msmarco-passage-trec-dl-2020,640502,candidate-safe,10000,5000,5000,10000,0.5,0,41,0,-0.00012280605733394623,9025,0.7702043899253146,0.7702043899253146,1.0,0.13068181818181818,0.21022727272727273,0.6216216216216216
msmarco-passage-trec-dl-2020,640502,pressure,128,64,64,128,0.5,0,6,0,-0.001081334426999092,115,0.5637884576902256,0.7702043899253146,0.7319984994436284,0.022727272727272728,0.21022727272727273,0.10810810810810811
msmarco-passage-trec-dl-2020,640502,pressure,256,128,128,256,0.5,0,12,0,-0.0005139224231243134,226,0.7702043899253146,0.7702043899253146,1.0,0.045454545454545456,0.21022727272727273,0.21621621621621623
msmarco-passage-trec-dl-2020,640502,pressure,512,304,208,512,0.59375,96,17,0,-0.0008524134755134583,423,0.7702043899253146,0.7702043899253146,1.0,0.06818181818181818,0.21022727272727273,0.3243243243243243
msmarco-passage-trec-dl-2020,640502,pressure,1024,608,416,1024,0.59375,192,20,0,-0.0004866793751716614,822,0.7702043899253146,0.7702043899253146,1.0,0.07386363636363637,0.21022727272727273,0.35135135135135137
msmarco-passage-trec-dl-2020,640502,pressure,2048,1248,800,2048,0.609375,448,28,0,-8.491985499858856e-05,1676,0.7702043899253146,0.7702043899253146,1.0,0.08522727272727272,0.21022727272727273,0.4054054054054054
msmarco-passage-trec-dl-2020,640502,pressure,4096,2064,2032,4096,0.50390625,32,34,0,-0.00010307878255844116,3501,0.7702043899253146,0.7702043899253146,1.0,0.10227272727272728,0.21022727272727273,0.4864864864864865
msmarco-passage-trec-dl-2020,640502,pressure,8192,5000,3192,8192,0.6103515625,1808,41,0,-0.00012280605733394623,7366,0.7702043899253146,0.7702043899253146,1.0,0.13068181818181818,0.21022727272727273,0.6216216216216216
msmarco-passage-trec-dl-2020,640502,pressure,10000,5000,5000,10000,0.5,0,41,0,-0.00012280605733394623,9025,0.7702043899253146,0.7702043899253146,1.0,0.13068181818181818,0.21022727272727273,0.6216216216216216
msmarco-passage-trec-dl-2020,640502,allocation-grid-oracle,128,64,64,128,0.5,0,6,0,-0.001081334426999092,115,0.5637884576902256,0.7702043899253146,0.7319984994436284,0.022727272727272728,0.21022727272727273,0.10810810810810811
msmarco-passage-trec-dl-2020,640502,allocation-grid-oracle,256,128,128,256,0.5,0,12,0,-0.0005139224231243134,226,0.7702043899253146,0.7702043899253146,1.0,0.045454545454545456,0.21022727272727273,0.21621621621621623
msmarco-passage-trec-dl-2020,640502,allocation-grid-oracle,512,304,208,512,0.59375,96,17,0,-0.0008524134755134583,423,0.7702043899253146,0.7702043899253146,1.0,0.06818181818181818,0.21022727272727273,0.3243243243243243
msmarco-passage-trec-dl-2020,640502,allocation-grid-oracle,1024,672,352,1024,0.65625,320,20,0,-4.661642014980316e-05,833,0.7702043899253146,0.7702043899253146,1.0,0.07386363636363637,0.21022727272727273,0.35135135135135137
msmarco-passage-trec-dl-2020,640502,allocation-grid-oracle,2048,1296,752,2048,0.6328125,544,28,0,-6.35199248790741e-05,1685,0.7702043899253146,0.7702043899253146,1.0,0.08522727272727272,0.21022727272727273,0.4054054054054054
msmarco-passage-trec-dl-2020,640502,allocation-grid-oracle,4096,2064,2032,4096,0.50390625,32,34,0,-0.00010307878255844116,3501,0.7702043899253146,0.7702043899253146,1.0,0.10227272727272728,0.21022727272727273,0.4864864864864865
msmarco-passage-trec-dl-2020,640502,allocation-grid-oracle,8192,5000,3192,8192,0.6103515625,1808,41,0,-0.00012280605733394623,7366,0.7702043899253146,0.7702043899253146,1.0,0.13068181818181818,0.21022727272727273,0.6216216216216216
msmarco-passage-trec-dl-2020,640502,allocation-grid-oracle,10000,5000,5000,10000,0.5,0,41,0,-0.00012280605733394623,9025,0.7702043899253146,0.7702043899253146,1.0,0.13068181818181818,0.21022727272727273,0.6216216216216216
msmarco-passage-trec-dl-2020,67316,balanced,128,64,64,128,0.5,0,1,0,-0.0006451625376939774,122,0.26071401217877443,0.26071401217877443,1.0,0.017543859649122806,0.40350877192982454,0.043478260869565216
msmarco-passage-trec-dl-2020,67316,balanced,256,128,128,256,0.5,0,4,0,-0.00019094347953796387,230,0.26071401217877443,0.26071401217877443,1.0,0.017543859649122806,0.40350877192982454,0.043478260869565216
msmarco-passage-trec-dl-2020,67316,balanced,512,256,256,512,0.5,0,11,0,-1.1758878827095032e-05,448,0.26071401217877443,0.26071401217877443,1.0,0.03508771929824561,0.40350877192982454,0.08695652173913043
msmarco-passage-trec-dl-2020,67316,balanced,1024,512,512,1024,0.5,0,24,0,-0.00014571845531463623,866,0.26071401217877443,0.26071401217877443,1.0,0.12280701754385964,0.40350877192982454,0.30434782608695654
msmarco-passage-trec-dl-2020,67316,balanced,2048,1024,1024,2048,0.5,0,29,0,-8.880347013473511e-05,1659,0.26071401217877443,0.26071401217877443,1.0,0.12280701754385964,0.40350877192982454,0.30434782608695654
msmarco-passage-trec-dl-2020,67316,balanced,4096,2048,2048,4096,0.5,0,34,0,-3.7221238017082214e-05,3300,0.26071401217877443,0.26071401217877443,1.0,0.14035087719298245,0.40350877192982454,0.34782608695652173
msmarco-passage-trec-dl-2020,67316,balanced,8192,4096,4096,8192,0.5,0,43,0,-5.094241350889206e-05,6729,0.26071401217877443,0.26071401217877443,1.0,0.17543859649122806,0.40350877192982454,0.43478260869565216
msmarco-passage-trec-dl-2020,67316,balanced,10000,5000,5000,10000,0.5,0,69,0,-6.578676402568817e-05,8212,0.26071401217877443,0.26071401217877443,1.0,0.3157894736842105,0.40350877192982454,0.782608695652174
msmarco-passage-trec-dl-2020,67316,blocker,128,64,64,128,0.5,0,1,0,-0.0006451625376939774,122,0.26071401217877443,0.26071401217877443,1.0,0.017543859649122806,0.40350877192982454,0.043478260869565216
msmarco-passage-trec-dl-2020,67316,blocker,256,128,128,256,0.5,0,4,0,-0.00019094347953796387,230,0.26071401217877443,0.26071401217877443,1.0,0.017543859649122806,0.40350877192982454,0.043478260869565216
msmarco-passage-trec-dl-2020,67316,blocker,512,240,272,512,0.46875,32,12,0,-0.00018452107906341553,451,0.26071401217877443,0.26071401217877443,1.0,0.03508771929824561,0.40350877192982454,0.08695652173913043
msmarco-passage-trec-dl-2020,67316,blocker,1024,448,576,1024,0.4375,128,25,0,-2.0731240510940552e-05,869,0.26071401217877443,0.26071401217877443,1.0,0.12280701754385964,0.40350877192982454,0.30434782608695654
msmarco-passage-trec-dl-2020,67316,blocker,2048,672,1376,2048,0.328125,704,31,0,-0.0003494471311569214,1698,0.26071401217877443,0.26071401217877443,1.0,0.12280701754385964,0.40350877192982454,0.30434782608695654
msmarco-passage-trec-dl-2020,67316,blocker,4096,1568,2528,4096,0.3828125,960,41,0,-3.245938569307327e-05,3326,0.26071401217877443,0.26071401217877443,1.0,0.15789473684210525,0.40350877192982454,0.391304347826087
msmarco-passage-trec-dl-2020,67316,blocker,8192,3232,4960,8192,0.39453125,1728,69,0,-6.736163049936295e-05,6764,0.26071401217877443,0.26071401217877443,1.0,0.3157894736842105,0.40350877192982454,0.782608695652174
msmarco-passage-trec-dl-2020,67316,blocker,10000,5000,5000,10000,0.5,0,69,0,-6.578676402568817e-05,8212,0.26071401217877443,0.26071401217877443,1.0,0.3157894736842105,0.40350877192982454,0.782608695652174
msmarco-passage-trec-dl-2020,67316,candidate,128,16,112,128,0.125,96,1,0,-0.012884669005870819,127,0.26071401217877443,0.26071401217877443,1.0,0.017543859649122806,0.40350877192982454,0.043478260869565216
msmarco-passage-trec-dl-2020,67316,candidate,256,64,192,256,0.25,128,1,0,-0.00037193670868873596,244,0.26071401217877443,0.26071401217877443,1.0,0.017543859649122806,0.40350877192982454,0.043478260869565216
msmarco-passage-trec-dl-2020,67316,candidate,512,240,272,512,0.46875,32,12,0,-0.00018452107906341553,451,0.26071401217877443,0.26071401217877443,1.0,0.03508771929824561,0.40350877192982454,0.08695652173913043
msmarco-passage-trec-dl-2020,67316,candidate,1024,448,576,1024,0.4375,128,25,0,-2.0731240510940552e-05,869,0.26071401217877443,0.26071401217877443,1.0,0.12280701754385964,0.40350877192982454,0.30434782608695654
msmarco-passage-trec-dl-2020,67316,candidate,2048,672,1376,2048,0.328125,704,31,0,-0.0003494471311569214,1698,0.26071401217877443,0.26071401217877443,1.0,0.12280701754385964,0.40350877192982454,0.30434782608695654
msmarco-passage-trec-dl-2020,67316,candidate,4096,1568,2528,4096,0.3828125,960,41,0,-3.245938569307327e-05,3326,0.26071401217877443,0.26071401217877443,1.0,0.15789473684210525,0.40350877192982454,0.391304347826087
msmarco-passage-trec-dl-2020,67316,candidate,8192,3232,4960,8192,0.39453125,1728,69,0,-6.736163049936295e-05,6764,0.26071401217877443,0.26071401217877443,1.0,0.3157894736842105,0.40350877192982454,0.782608695652174
msmarco-passage-trec-dl-2020,67316,candidate,10000,5000,5000,10000,0.5,0,69,0,-6.578676402568817e-05,8212,0.26071401217877443,0.26071401217877443,1.0,0.3157894736842105,0.40350877192982454,0.782608695652174
msmarco-passage-trec-dl-2020,67316,candidate-safe,128,16,112,128,0.125,96,1,0,-0.012884669005870819,127,0.26071401217877443,0.26071401217877443,1.0,0.017543859649122806,0.40350877192982454,0.043478260869565216
msmarco-passage-trec-dl-2020,67316,candidate-safe,256,64,192,256,0.25,128,1,0,-0.00037193670868873596,244,0.26071401217877443,0.26071401217877443,1.0,0.017543859649122806,0.40350877192982454,0.043478260869565216
msmarco-passage-trec-dl-2020,67316,candidate-safe,512,240,272,512,0.46875,32,12,0,-0.00018452107906341553,451,0.26071401217877443,0.26071401217877443,1.0,0.03508771929824561,0.40350877192982454,0.08695652173913043
msmarco-passage-trec-dl-2020,67316,candidate-safe,1024,448,576,1024,0.4375,128,25,0,-2.0731240510940552e-05,869,0.26071401217877443,0.26071401217877443,1.0,0.12280701754385964,0.40350877192982454,0.30434782608695654
msmarco-passage-trec-dl-2020,67316,candidate-safe,2048,672,1376,2048,0.328125,704,31,0,-0.0003494471311569214,1698,0.26071401217877443,0.26071401217877443,1.0,0.12280701754385964,0.40350877192982454,0.30434782608695654
msmarco-passage-trec-dl-2020,67316,candidate-safe,4096,1568,2528,4096,0.3828125,960,41,0,-3.245938569307327e-05,3326,0.26071401217877443,0.26071401217877443,1.0,0.15789473684210525,0.40350877192982454,0.391304347826087
msmarco-passage-trec-dl-2020,67316,candidate-safe,8192,3232,4960,8192,0.39453125,1728,69,0,-6.736163049936295e-05,6764,0.26071401217877443,0.26071401217877443,1.0,0.3157894736842105,0.40350877192982454,0.782608695652174
msmarco-passage-trec-dl-2020,67316,candidate-safe,10000,5000,5000,10000,0.5,0,69,0,-6.578676402568817e-05,8212,0.26071401217877443,0.26071401217877443,1.0,0.3157894736842105,0.40350877192982454,0.782608695652174
msmarco-passage-trec-dl-2020,67316,pressure,128,64,64,128,0.5,0,1,0,-0.0006451625376939774,122,0.26071401217877443,0.26071401217877443,1.0,0.017543859649122806,0.40350877192982454,0.043478260869565216
msmarco-passage-trec-dl-2020,67316,pressure,256,128,128,256,0.5,0,4,0,-0.00019094347953796387,230,0.26071401217877443,0.26071401217877443,1.0,0.017543859649122806,0.40350877192982454,0.043478260869565216
msmarco-passage-trec-dl-2020,67316,pressure,512,240,272,512,0.46875,32,12,0,-0.00018452107906341553,451,0.26071401217877443,0.26071401217877443,1.0,0.03508771929824561,0.40350877192982454,0.08695652173913043
msmarco-passage-trec-dl-2020,67316,pressure,1024,448,576,1024,0.4375,128,25,0,-2.0731240510940552e-05,869,0.26071401217877443,0.26071401217877443,1.0,0.12280701754385964,0.40350877192982454,0.30434782608695654
msmarco-passage-trec-dl-2020,67316,pressure,2048,832,1216,2048,0.40625,384,31,0,-0.0004367660731077194,1667,0.26071401217877443,0.26071401217877443,1.0,0.12280701754385964,0.40350877192982454,0.30434782608695654
msmarco-passage-trec-dl-2020,67316,pressure,4096,1664,2432,4096,0.40625,768,41,0,-4.563573747873306e-05,3313,0.26071401217877443,0.26071401217877443,1.0,0.15789473684210525,0.40350877192982454,0.391304347826087
msmarco-passage-trec-dl-2020,67316,pressure,8192,3232,4960,8192,0.39453125,1728,69,0,-6.736163049936295e-05,6764,0.26071401217877443,0.26071401217877443,1.0,0.3157894736842105,0.40350877192982454,0.782608695652174
msmarco-passage-trec-dl-2020,67316,pressure,10000,5000,5000,10000,0.5,0,69,0,-6.578676402568817e-05,8212,0.26071401217877443,0.26071401217877443,1.0,0.3157894736842105,0.40350877192982454,0.782608695652174
msmarco-passage-trec-dl-2020,67316,allocation-grid-oracle,128,64,64,128,0.5,0,1,0,-0.0006451625376939774,122,0.26071401217877443,0.26071401217877443,1.0,0.017543859649122806,0.40350877192982454,0.043478260869565216
msmarco-passage-trec-dl-2020,67316,allocation-grid-oracle,256,128,128,256,0.5,0,4,0,-0.00019094347953796387,230,0.26071401217877443,0.26071401217877443,1.0,0.017543859649122806,0.40350877192982454,0.043478260869565216
msmarco-passage-trec-dl-2020,67316,allocation-grid-oracle,512,240,272,512,0.46875,32,12,0,-0.00018452107906341553,451,0.26071401217877443,0.26071401217877443,1.0,0.03508771929824561,0.40350877192982454,0.08695652173913043
msmarco-passage-trec-dl-2020,67316,allocation-grid-oracle,1024,448,576,1024,0.4375,128,25,0,-2.0731240510940552e-05,869,0.26071401217877443,0.26071401217877443,1.0,0.12280701754385964,0.40350877192982454,0.30434782608695654
msmarco-passage-trec-dl-2020,67316,allocation-grid-oracle,2048,672,1376,2048,0.328125,704,31,0,-0.0003494471311569214,1698,0.26071401217877443,0.26071401217877443,1.0,0.12280701754385964,0.40350877192982454,0.30434782608695654
msmarco-passage-trec-dl-2020,67316,allocation-grid-oracle,4096,1568,2528,4096,0.3828125,960,41,0,-3.245938569307327e-05,3326,0.26071401217877443,0.26071401217877443,1.0,0.15789473684210525,0.40350877192982454,0.391304347826087
msmarco-passage-trec-dl-2020,67316,allocation-grid-oracle,8192,3240,4952,8192,0.3955078125,1712,69,0,-6.767921149730682e-05,6764,0.26071401217877443,0.26071401217877443,1.0,0.3157894736842105,0.40350877192982454,0.782608695652174
msmarco-passage-trec-dl-2020,67316,allocation-grid-oracle,10000,5000,5000,10000,0.5,0,69,0,-6.578676402568817e-05,8212,0.26071401217877443,0.26071401217877443,1.0,0.3157894736842105,0.40350877192982454,0.782608695652174
msmarco-passage-trec-dl-2020,673670,balanced,128,64,64,128,0.5,0,4,0,-9.717419743537903e-05,110,0.0,0.0,1.0,0.0,0.3142857142857143,0.0
msmarco-passage-trec-dl-2020,673670,balanced,256,128,128,256,0.5,0,13,0,-0.00018228404223918915,222,0.0,0.0,1.0,0.0,0.3142857142857143,0.0
msmarco-passage-trec-dl-2020,673670,balanced,512,256,256,512,0.5,0,26,0,-1.8615275621414185e-05,448,0.0,0.0,1.0,0.05714285714285714,0.3142857142857143,0.18181818181818182
msmarco-passage-trec-dl-2020,673670,balanced,1024,512,512,1024,0.5,0,34,0,-0.00022447854280471802,942,0.0,0.0,1.0,0.08571428571428572,0.3142857142857143,0.27272727272727276
msmarco-passage-trec-dl-2020,673670,balanced,2048,1024,1024,2048,0.5,0,37,0,-0.0005410574376583099,1946,0.0,0.0,1.0,0.11428571428571428,0.3142857142857143,0.36363636363636365
msmarco-passage-trec-dl-2020,673670,balanced,4096,2048,2048,4096,0.5,0,48,0,-0.00018382631242275238,3982,0.0,0.0,1.0,0.17142857142857143,0.3142857142857143,0.5454545454545455
msmarco-passage-trec-dl-2020,673670,balanced,8192,4096,4096,8192,0.5,0,52,0,-0.00011704955250024796,8068,0.0,0.0,1.0,0.17142857142857143,0.3142857142857143,0.5454545454545455
msmarco-passage-trec-dl-2020,673670,balanced,10000,5000,5000,10000,0.5,0,52,0,-7.406249642372131e-05,9872,0.0,0.0,1.0,0.17142857142857143,0.3142857142857143,0.5454545454545455
msmarco-passage-trec-dl-2020,673670,blocker,128,64,64,128,0.5,0,4,0,-9.717419743537903e-05,110,0.0,0.0,1.0,0.0,0.3142857142857143,0.0
msmarco-passage-trec-dl-2020,673670,blocker,256,128,128,256,0.5,0,13,0,-0.00018228404223918915,222,0.0,0.0,1.0,0.0,0.3142857142857143,0.0
msmarco-passage-trec-dl-2020,673670,blocker,512,304,208,512,0.59375,96,27,0,-0.0003736726939678192,450,0.0,0.0,1.0,0.05714285714285714,0.3142857142857143,0.18181818181818182
msmarco-passage-trec-dl-2020,673670,blocker,1024,816,208,1024,0.796875,608,37,0,-0.000760100781917572,939,0.0,0.0,1.0,0.11428571428571428,0.3142857142857143,0.36363636363636365
msmarco-passage-trec-dl-2020,673670,blocker,2048,1696,352,2048,0.828125,1344,47,0,-4.7923997044563293e-05,1935,0.0,0.0,1.0,0.17142857142857143,0.3142857142857143,0.5454545454545455
msmarco-passage-trec-dl-2020,673670,blocker,4096,3568,528,4096,0.87109375,3040,52,0,-0.00015206821262836456,3974,0.0,0.0,1.0,0.17142857142857143,0.3142857142857143,0.5454545454545455
msmarco-passage-trec-dl-2020,673670,blocker,8192,5000,3192,8192,0.6103515625,1808,52,0,-7.406249642372131e-05,8064,0.0,0.0,1.0,0.17142857142857143,0.3142857142857143,0.5454545454545455
msmarco-passage-trec-dl-2020,673670,blocker,10000,5000,5000,10000,0.5,0,52,0,-7.406249642372131e-05,9872,0.0,0.0,1.0,0.17142857142857143,0.3142857142857143,0.5454545454545455
msmarco-passage-trec-dl-2020,673670,candidate,128,64,64,128,0.5,0,4,0,-9.717419743537903e-05,110,0.0,0.0,1.0,0.0,0.3142857142857143,0.0
msmarco-passage-trec-dl-2020,673670,candidate,256,128,128,256,0.5,0,13,0,-0.00018228404223918915,222,0.0,0.0,1.0,0.0,0.3142857142857143,0.0
msmarco-passage-trec-dl-2020,673670,candidate,512,304,208,512,0.59375,96,27,0,-0.0003736726939678192,450,0.0,0.0,1.0,0.05714285714285714,0.3142857142857143,0.18181818181818182
msmarco-passage-trec-dl-2020,673670,candidate,1024,816,208,1024,0.796875,608,37,0,-0.000760100781917572,939,0.0,0.0,1.0,0.11428571428571428,0.3142857142857143,0.36363636363636365
msmarco-passage-trec-dl-2020,673670,candidate,2048,1696,352,2048,0.828125,1344,47,0,-4.7923997044563293e-05,1935,0.0,0.0,1.0,0.17142857142857143,0.3142857142857143,0.5454545454545455
msmarco-passage-trec-dl-2020,673670,candidate,4096,3568,528,4096,0.87109375,3040,52,0,-0.00015206821262836456,3974,0.0,0.0,1.0,0.17142857142857143,0.3142857142857143,0.5454545454545455
msmarco-passage-trec-dl-2020,673670,candidate,8192,5000,3192,8192,0.6103515625,1808,52,0,-7.406249642372131e-05,8064,0.0,0.0,1.0,0.17142857142857143,0.3142857142857143,0.5454545454545455
msmarco-passage-trec-dl-2020,673670,candidate,10000,5000,5000,10000,0.5,0,52,0,-7.406249642372131e-05,9872,0.0,0.0,1.0,0.17142857142857143,0.3142857142857143,0.5454545454545455
msmarco-passage-trec-dl-2020,673670,candidate-safe,128,64,64,128,0.5,0,4,0,-9.717419743537903e-05,110,0.0,0.0,1.0,0.0,0.3142857142857143,0.0
msmarco-passage-trec-dl-2020,673670,candidate-safe,256,128,128,256,0.5,0,13,0,-0.00018228404223918915,222,0.0,0.0,1.0,0.0,0.3142857142857143,0.0
msmarco-passage-trec-dl-2020,673670,candidate-safe,512,304,208,512,0.59375,96,27,0,-0.0003736726939678192,450,0.0,0.0,1.0,0.05714285714285714,0.3142857142857143,0.18181818181818182
msmarco-passage-trec-dl-2020,673670,candidate-safe,1024,816,208,1024,0.796875,608,37,0,-0.000760100781917572,939,0.0,0.0,1.0,0.11428571428571428,0.3142857142857143,0.36363636363636365
msmarco-passage-trec-dl-2020,673670,candidate-safe,2048,1696,352,2048,0.828125,1344,47,0,-4.7923997044563293e-05,1935,0.0,0.0,1.0,0.17142857142857143,0.3142857142857143,0.5454545454545455
msmarco-passage-trec-dl-2020,673670,candidate-safe,4096,3568,528,4096,0.87109375,3040,52,0,-0.00015206821262836456,3974,0.0,0.0,1.0,0.17142857142857143,0.3142857142857143,0.5454545454545455
msmarco-passage-trec-dl-2020,673670,candidate-safe,8192,5000,3192,8192,0.6103515625,1808,52,0,-7.406249642372131e-05,8064,0.0,0.0,1.0,0.17142857142857143,0.3142857142857143,0.5454545454545455
msmarco-passage-trec-dl-2020,673670,candidate-safe,10000,5000,5000,10000,0.5,0,52,0,-7.406249642372131e-05,9872,0.0,0.0,1.0,0.17142857142857143,0.3142857142857143,0.5454545454545455
msmarco-passage-trec-dl-2020,673670,pressure,128,64,64,128,0.5,0,4,0,-9.717419743537903e-05,110,0.0,0.0,1.0,0.0,0.3142857142857143,0.0
msmarco-passage-trec-dl-2020,673670,pressure,256,128,128,256,0.5,0,13,0,-0.00018228404223918915,222,0.0,0.0,1.0,0.0,0.3142857142857143,0.0
msmarco-passage-trec-dl-2020,673670,pressure,512,304,208,512,0.59375,96,27,0,-0.0003736726939678192,450,0.0,0.0,1.0,0.05714285714285714,0.3142857142857143,0.18181818181818182
msmarco-passage-trec-dl-2020,673670,pressure,1024,800,224,1024,0.78125,576,37,0,-0.0007813386619091034,935,0.0,0.0,1.0,0.11428571428571428,0.3142857142857143,0.36363636363636365
msmarco-passage-trec-dl-2020,673670,pressure,2048,1696,352,2048,0.828125,1344,47,0,-4.7923997044563293e-05,1935,0.0,0.0,1.0,0.17142857142857143,0.3142857142857143,0.5454545454545455
msmarco-passage-trec-dl-2020,673670,pressure,4096,3520,576,4096,0.859375,2944,52,0,-0.00015576370060443878,3974,0.0,0.0,1.0,0.17142857142857143,0.3142857142857143,0.5454545454545455
msmarco-passage-trec-dl-2020,673670,pressure,8192,5000,3192,8192,0.6103515625,1808,52,0,-7.406249642372131e-05,8064,0.0,0.0,1.0,0.17142857142857143,0.3142857142857143,0.5454545454545455
msmarco-passage-trec-dl-2020,673670,pressure,10000,5000,5000,10000,0.5,0,52,0,-7.406249642372131e-05,9872,0.0,0.0,1.0,0.17142857142857143,0.3142857142857143,0.5454545454545455
msmarco-passage-trec-dl-2020,673670,allocation-grid-oracle,128,64,64,128,0.5,0,4,0,-9.717419743537903e-05,110,0.0,0.0,1.0,0.0,0.3142857142857143,0.0
msmarco-passage-trec-dl-2020,673670,allocation-grid-oracle,256,128,128,256,0.5,0,13,0,-0.00018228404223918915,222,0.0,0.0,1.0,0.0,0.3142857142857143,0.0
msmarco-passage-trec-dl-2020,673670,allocation-grid-oracle,512,304,208,512,0.59375,96,27,0,-0.0003736726939678192,450,0.0,0.0,1.0,0.05714285714285714,0.3142857142857143,0.18181818181818182
msmarco-passage-trec-dl-2020,673670,allocation-grid-oracle,1024,816,208,1024,0.796875,608,37,0,-0.000760100781917572,939,0.0,0.0,1.0,0.11428571428571428,0.3142857142857143,0.36363636363636365
msmarco-passage-trec-dl-2020,673670,allocation-grid-oracle,2048,1696,352,2048,0.828125,1344,47,0,-4.7923997044563293e-05,1935,0.0,0.0,1.0,0.17142857142857143,0.3142857142857143,0.5454545454545455
msmarco-passage-trec-dl-2020,673670,allocation-grid-oracle,4096,3568,528,4096,0.87109375,3040,52,0,-0.00015206821262836456,3974,0.0,0.0,1.0,0.17142857142857143,0.3142857142857143,0.5454545454545455
msmarco-passage-trec-dl-2020,673670,allocation-grid-oracle,8192,5000,3192,8192,0.6103515625,1808,52,0,-7.406249642372131e-05,8064,0.0,0.0,1.0,0.17142857142857143,0.3142857142857143,0.5454545454545455
msmarco-passage-trec-dl-2020,673670,allocation-grid-oracle,10000,5000,5000,10000,0.5,0,52,0,-7.406249642372131e-05,9872,0.0,0.0,1.0,0.17142857142857143,0.3142857142857143,0.5454545454545455
msmarco-passage-trec-dl-2020,701453,balanced,128,64,64,128,0.5,0,19,0,-0.0005202814936637878,106,0.9217813770323309,0.9217813770323309,1.0,0.42857142857142855,0.9523809523809523,0.45
msmarco-passage-trec-dl-2020,701453,balanced,256,128,128,256,0.5,0,24,0,-0.001958351582288742,228,0.9217813770323309,0.9217813770323309,1.0,0.5476190476190477,0.9523809523809523,0.5750000000000001
msmarco-passage-trec-dl-2020,701453,balanced,512,256,256,512,0.5,0,29,0,-0.0007744878530502319,464,0.9217813770323309,0.9217813770323309,1.0,0.6428571428571429,0.9523809523809523,0.675
msmarco-passage-trec-dl-2020,701453,balanced,1024,512,512,1024,0.5,0,30,0,-0.00015236064791679382,923,0.9217813770323309,0.9217813770323309,1.0,0.6428571428571429,0.9523809523809523,0.675
msmarco-passage-trec-dl-2020,701453,balanced,2048,1024,1024,2048,0.5,0,31,0,-0.00029795337468385696,1742,0.9217813770323309,0.9217813770323309,1.0,0.6666666666666666,0.9523809523809523,0.7
msmarco-passage-trec-dl-2020,701453,balanced,4096,2048,2048,4096,0.5,0,37,0,-0.00010573863983154297,3220,0.9217813770323309,0.9217813770323309,1.0,0.7619047619047619,0.9523809523809523,0.8
msmarco-passage-trec-dl-2020,701453,balanced,8192,4096,4096,8192,0.5,0,39,0,-9.890645742416382e-06,6069,0.9217813770323309,0.9217813770323309,1.0,0.7619047619047619,0.9523809523809523,0.8
msmarco-passage-trec-dl-2020,701453,balanced,10000,5000,5000,10000,0.5,0,49,0,-6.873160600662231e-05,7526,0.9217813770323309,0.9217813770323309,1.0,0.7857142857142857,0.9523809523809523,0.8250000000000001
msmarco-passage-trec-dl-2020,701453,blocker,128,64,64,128,0.5,0,19,0,-0.0005202814936637878,106,0.9217813770323309,0.9217813770323309,1.0,0.42857142857142855,0.9523809523809523,0.45
msmarco-passage-trec-dl-2020,701453,blocker,256,144,112,256,0.5625,32,24,0,-0.0015411637723445892,228,0.9217813770323309,0.9217813770323309,1.0,0.5476190476190477,0.9523809523809523,0.5750000000000001
msmarco-passage-trec-dl-2020,701453,blocker,512,320,192,512,0.625,128,29,0,-0.00031419098377227783,461,0.9217813770323309,0.9217813770323309,1.0,0.6428571428571429,0.9523809523809523,0.675
msmarco-passage-trec-dl-2020,701453,blocker,1024,688,336,1024,0.671875,352,31,0,-0.0007123425602912903,934,0.9217813770323309,0.9217813770323309,1.0,0.6666666666666666,0.9523809523809523,0.7
msmarco-passage-trec-dl-2020,701453,blocker,2048,1248,800,2048,0.609375,448,34,0,-0.000186077319085598,1771,0.9217813770323309,0.9217813770323309,1.0,0.7142857142857143,0.9523809523809523,0.7500000000000001
msmarco-passage-trec-dl-2020,701453,blocker,4096,1408,2688,4096,0.34375,1280,38,0,-0.00013317633420228958,3294,0.9217813770323309,0.9217813770323309,1.0,0.7619047619047619,0.9523809523809523,0.8
msmarco-passage-trec-dl-2020,701453,blocker,8192,3192,5000,8192,0.3896484375,1808,49,0,-6.873160600662231e-05,6201,0.9217813770323309,0.9217813770323309,1.0,0.7857142857142857,0.9523809523809523,0.8250000000000001
msmarco-passage-trec-dl-2020,701453,blocker,10000,5000,5000,10000,0.5,0,49,0,-6.873160600662231e-05,7526,0.9217813770323309,0.9217813770323309,1.0,0.7857142857142857,0.9523809523809523,0.8250000000000001
msmarco-passage-trec-dl-2020,701453,candidate,128,64,64,128,0.5,0,19,0,-0.0005202814936637878,106,0.9217813770323309,0.9217813770323309,1.0,0.42857142857142855,0.9523809523809523,0.45
msmarco-passage-trec-dl-2020,701453,candidate,256,144,112,256,0.5625,32,24,0,-0.0015411637723445892,228,0.9217813770323309,0.9217813770323309,1.0,0.5476190476190477,0.9523809523809523,0.5750000000000001
msmarco-passage-trec-dl-2020,701453,candidate,512,320,192,512,0.625,128,29,0,-0.00031419098377227783,461,0.9217813770323309,0.9217813770323309,1.0,0.6428571428571429,0.9523809523809523,0.675
msmarco-passage-trec-dl-2020,701453,candidate,1024,688,336,1024,0.671875,352,31,0,-0.0007123425602912903,934,0.9217813770323309,0.9217813770323309,1.0,0.6666666666666666,0.9523809523809523,0.7
msmarco-passage-trec-dl-2020,701453,candidate,2048,1248,800,2048,0.609375,448,34,0,-0.000186077319085598,1771,0.9217813770323309,0.9217813770323309,1.0,0.7142857142857143,0.9523809523809523,0.7500000000000001
msmarco-passage-trec-dl-2020,701453,candidate,4096,1408,2688,4096,0.34375,1280,38,0,-0.00013317633420228958,3294,0.9217813770323309,0.9217813770323309,1.0,0.7619047619047619,0.9523809523809523,0.8
msmarco-passage-trec-dl-2020,701453,candidate,8192,3192,5000,8192,0.3896484375,1808,49,0,-6.873160600662231e-05,6201,0.9217813770323309,0.9217813770323309,1.0,0.7857142857142857,0.9523809523809523,0.8250000000000001
msmarco-passage-trec-dl-2020,701453,candidate,10000,5000,5000,10000,0.5,0,49,0,-6.873160600662231e-05,7526,0.9217813770323309,0.9217813770323309,1.0,0.7857142857142857,0.9523809523809523,0.8250000000000001
msmarco-passage-trec-dl-2020,701453,candidate-safe,128,64,64,128,0.5,0,19,0,-0.0005202814936637878,106,0.9217813770323309,0.9217813770323309,1.0,0.42857142857142855,0.9523809523809523,0.45
msmarco-passage-trec-dl-2020,701453,candidate-safe,256,144,112,256,0.5625,32,24,0,-0.0015411637723445892,228,0.9217813770323309,0.9217813770323309,1.0,0.5476190476190477,0.9523809523809523,0.5750000000000001
msmarco-passage-trec-dl-2020,701453,candidate-safe,512,320,192,512,0.625,128,29,0,-0.00031419098377227783,461,0.9217813770323309,0.9217813770323309,1.0,0.6428571428571429,0.9523809523809523,0.675
msmarco-passage-trec-dl-2020,701453,candidate-safe,1024,688,336,1024,0.671875,352,31,0,-0.0007123425602912903,934,0.9217813770323309,0.9217813770323309,1.0,0.6666666666666666,0.9523809523809523,0.7
msmarco-passage-trec-dl-2020,701453,candidate-safe,2048,1248,800,2048,0.609375,448,34,0,-0.000186077319085598,1771,0.9217813770323309,0.9217813770323309,1.0,0.7142857142857143,0.9523809523809523,0.7500000000000001
msmarco-passage-trec-dl-2020,701453,candidate-safe,4096,1408,2688,4096,0.34375,1280,38,0,-0.00013317633420228958,3294,0.9217813770323309,0.9217813770323309,1.0,0.7619047619047619,0.9523809523809523,0.8
msmarco-passage-trec-dl-2020,701453,candidate-safe,8192,3192,5000,8192,0.3896484375,1808,49,0,-6.873160600662231e-05,6201,0.9217813770323309,0.9217813770323309,1.0,0.7857142857142857,0.9523809523809523,0.8250000000000001
msmarco-passage-trec-dl-2020,701453,candidate-safe,10000,5000,5000,10000,0.5,0,49,0,-6.873160600662231e-05,7526,0.9217813770323309,0.9217813770323309,1.0,0.7857142857142857,0.9523809523809523,0.8250000000000001
msmarco-passage-trec-dl-2020,701453,pressure,128,64,64,128,0.5,0,19,0,-0.0005202814936637878,106,0.9217813770323309,0.9217813770323309,1.0,0.42857142857142855,0.9523809523809523,0.45
msmarco-passage-trec-dl-2020,701453,pressure,256,144,112,256,0.5625,32,24,0,-0.0015411637723445892,228,0.9217813770323309,0.9217813770323309,1.0,0.5476190476190477,0.9523809523809523,0.5750000000000001
msmarco-passage-trec-dl-2020,701453,pressure,512,288,224,512,0.5625,64,29,0,-0.0004834923893213272,461,0.9217813770323309,0.9217813770323309,1.0,0.6428571428571429,0.9523809523809523,0.675
msmarco-passage-trec-dl-2020,701453,pressure,1024,576,448,1024,0.5625,128,31,0,-0.0009477715939283371,924,0.9217813770323309,0.9217813770323309,1.0,0.6666666666666666,0.9523809523809523,0.7
msmarco-passage-trec-dl-2020,701453,pressure,2048,1248,800,2048,0.609375,448,34,0,-0.000186077319085598,1771,0.9217813770323309,0.9217813770323309,1.0,0.7142857142857143,0.9523809523809523,0.7500000000000001
msmarco-passage-trec-dl-2020,701453,pressure,4096,1440,2656,4096,0.3515625,1216,38,0,-1.890864223241806e-05,3287,0.9217813770323309,0.9217813770323309,1.0,0.7619047619047619,0.9523809523809523,0.8
msmarco-passage-trec-dl-2020,701453,pressure,8192,3192,5000,8192,0.3896484375,1808,49,0,-6.873160600662231e-05,6201,0.9217813770323309,0.9217813770323309,1.0,0.7857142857142857,0.9523809523809523,0.8250000000000001
msmarco-passage-trec-dl-2020,701453,pressure,10000,5000,5000,10000,0.5,0,49,0,-6.873160600662231e-05,7526,0.9217813770323309,0.9217813770323309,1.0,0.7857142857142857,0.9523809523809523,0.8250000000000001
msmarco-passage-trec-dl-2020,701453,allocation-grid-oracle,128,64,64,128,0.5,0,19,0,-0.0005202814936637878,106,0.9217813770323309,0.9217813770323309,1.0,0.42857142857142855,0.9523809523809523,0.45
msmarco-passage-trec-dl-2020,701453,allocation-grid-oracle,256,144,112,256,0.5625,32,24,0,-0.0015411637723445892,228,0.9217813770323309,0.9217813770323309,1.0,0.5476190476190477,0.9523809523809523,0.5750000000000001
msmarco-passage-trec-dl-2020,701453,allocation-grid-oracle,512,320,192,512,0.625,128,29,0,-0.00031419098377227783,461,0.9217813770323309,0.9217813770323309,1.0,0.6428571428571429,0.9523809523809523,0.675
msmarco-passage-trec-dl-2020,701453,allocation-grid-oracle,1024,688,336,1024,0.671875,352,31,0,-0.0007123425602912903,934,0.9217813770323309,0.9217813770323309,1.0,0.6666666666666666,0.9523809523809523,0.7
msmarco-passage-trec-dl-2020,701453,allocation-grid-oracle,2048,1248,800,2048,0.609375,448,34,0,-0.000186077319085598,1771,0.9217813770323309,0.9217813770323309,1.0,0.7142857142857143,0.9523809523809523,0.7500000000000001
msmarco-passage-trec-dl-2020,701453,allocation-grid-oracle,4096,1440,2656,4096,0.3515625,1216,38,0,-1.890864223241806e-05,3287,0.9217813770323309,0.9217813770323309,1.0,0.7619047619047619,0.9523809523809523,0.8
msmarco-passage-trec-dl-2020,701453,allocation-grid-oracle,8192,3192,5000,8192,0.3896484375,1808,49,0,-6.873160600662231e-05,6201,0.9217813770323309,0.9217813770323309,1.0,0.7857142857142857,0.9523809523809523,0.8250000000000001
msmarco-passage-trec-dl-2020,701453,allocation-grid-oracle,10000,5000,5000,10000,0.5,0,49,0,-6.873160600662231e-05,7526,0.9217813770323309,0.9217813770323309,1.0,0.7857142857142857,0.9523809523809523,0.8250000000000001
msmarco-passage-trec-dl-2020,730539,balanced,128,64,64,128,0.5,0,12,0,-0.005559902638196945,115,0.7457049446338547,0.7457049446338547,1.0,0.34615384615384615,0.6538461538461539,0.5294117647058824
msmarco-passage-trec-dl-2020,730539,balanced,256,128,128,256,0.5,0,12,0,-0.0026434939354658127,240,0.7457049446338547,0.7457049446338547,1.0,0.34615384615384615,0.6538461538461539,0.5294117647058824
msmarco-passage-trec-dl-2020,730539,balanced,512,256,256,512,0.5,0,14,0,-1.5418976545333862e-05,489,0.7457049446338547,0.7457049446338547,1.0,0.34615384615384615,0.6538461538461539,0.5294117647058824
msmarco-passage-trec-dl-2020,730539,balanced,1024,512,512,1024,0.5,0,22,0,-0.0005220547318458557,982,0.7457049446338547,0.7457049446338547,1.0,0.5769230769230769,0.6538461538461539,0.8823529411764705
msmarco-passage-trec-dl-2020,730539,balanced,2048,1024,1024,2048,0.5,0,23,0,-0.0008217561990022659,1963,0.7457049446338547,0.7457049446338547,1.0,0.5769230769230769,0.6538461538461539,0.8823529411764705
msmarco-passage-trec-dl-2020,730539,balanced,4096,2048,2048,4096,0.5,0,23,0,-0.0003736298531293869,3894,0.7457049446338547,0.7457049446338547,1.0,0.5769230769230769,0.6538461538461539,0.8823529411764705
msmarco-passage-trec-dl-2020,730539,balanced,8192,4096,4096,8192,0.5,0,23,0,-0.0001398622989654541,7726,0.7457049446338547,0.7457049446338547,1.0,0.5769230769230769,0.6538461538461539,0.8823529411764705
msmarco-passage-trec-dl-2020,730539,balanced,10000,5000,5000,10000,0.5,0,32,0,-0.00010489951819181442,9371,0.7457049446338547,0.7457049446338547,1.0,0.6153846153846154,0.6538461538461539,0.9411764705882353
msmarco-passage-trec-dl-2020,730539,blocker,128,64,64,128,0.5,0,12,0,-0.005559902638196945,115,0.7457049446338547,0.7457049446338547,1.0,0.34615384615384615,0.6538461538461539,0.5294117647058824
msmarco-passage-trec-dl-2020,730539,blocker,256,144,112,256,0.5625,32,12,0,-0.0013204645365476608,239,0.7457049446338547,0.7457049446338547,1.0,0.34615384615384615,0.6538461538461539,0.5294117647058824
msmarco-passage-trec-dl-2020,730539,blocker,512,272,240,512,0.53125,32,15,0,-7.830560207366943e-05,488,0.7457049446338547,0.7457049446338547,1.0,0.38461538461538464,0.6538461538461539,0.5882352941176471
msmarco-passage-trec-dl-2020,730539,blocker,1024,608,416,1024,0.59375,192,22,0,-0.00027080997824668884,987,0.7457049446338547,0.7457049446338547,1.0,0.5769230769230769,0.6538461538461539,0.8823529411764705
msmarco-passage-trec-dl-2020,730539,blocker,2048,1360,688,2048,0.6640625,672,23,0,-0.0006974712014198303,1973,0.7457049446338547,0.7457049446338547,1.0,0.5769230769230769,0.6538461538461539,0.8823529411764705
msmarco-passage-trec-dl-2020,730539,blocker,4096,3104,992,4096,0.7578125,2112,23,0,-0.00030930060893297195,3944,0.7457049446338547,0.7457049446338547,1.0,0.5769230769230769,0.6538461538461539,0.8823529411764705
msmarco-passage-trec-dl-2020,730539,blocker,8192,4704,3488,8192,0.57421875,1216,30,0,-1.1391937732696533e-05,7730,0.7457049446338547,0.7457049446338547,1.0,0.6153846153846154,0.6538461538461539,0.9411764705882353
msmarco-passage-trec-dl-2020,730539,blocker,10000,5000,5000,10000,0.5,0,32,0,-0.00010489951819181442,9371,0.7457049446338547,0.7457049446338547,1.0,0.6153846153846154,0.6538461538461539,0.9411764705882353
msmarco-passage-trec-dl-2020,730539,candidate,128,64,64,128,0.5,0,12,0,-0.005559902638196945,115,0.7457049446338547,0.7457049446338547,1.0,0.34615384615384615,0.6538461538461539,0.5294117647058824
msmarco-passage-trec-dl-2020,730539,candidate,256,144,112,256,0.5625,32,12,0,-0.0013204645365476608,239,0.7457049446338547,0.7457049446338547,1.0,0.34615384615384615,0.6538461538461539,0.5294117647058824
msmarco-passage-trec-dl-2020,730539,candidate,512,272,240,512,0.53125,32,15,0,-7.830560207366943e-05,488,0.7457049446338547,0.7457049446338547,1.0,0.38461538461538464,0.6538461538461539,0.5882352941176471
msmarco-passage-trec-dl-2020,730539,candidate,1024,608,416,1024,0.59375,192,22,0,-0.00027080997824668884,987,0.7457049446338547,0.7457049446338547,1.0,0.5769230769230769,0.6538461538461539,0.8823529411764705
msmarco-passage-trec-dl-2020,730539,candidate,2048,1360,688,2048,0.6640625,672,23,0,-0.0006974712014198303,1973,0.7457049446338547,0.7457049446338547,1.0,0.5769230769230769,0.6538461538461539,0.8823529411764705
msmarco-passage-trec-dl-2020,730539,candidate,4096,3104,992,4096,0.7578125,2112,23,0,-0.00030930060893297195,3944,0.7457049446338547,0.7457049446338547,1.0,0.5769230769230769,0.6538461538461539,0.8823529411764705
msmarco-passage-trec-dl-2020,730539,candidate,8192,4704,3488,8192,0.57421875,1216,30,0,-1.1391937732696533e-05,7730,0.7457049446338547,0.7457049446338547,1.0,0.6153846153846154,0.6538461538461539,0.9411764705882353
msmarco-passage-trec-dl-2020,730539,candidate,10000,5000,5000,10000,0.5,0,32,0,-0.00010489951819181442,9371,0.7457049446338547,0.7457049446338547,1.0,0.6153846153846154,0.6538461538461539,0.9411764705882353
msmarco-passage-trec-dl-2020,730539,candidate-safe,128,64,64,128,0.5,0,12,0,-0.005559902638196945,115,0.7457049446338547,0.7457049446338547,1.0,0.34615384615384615,0.6538461538461539,0.5294117647058824
msmarco-passage-trec-dl-2020,730539,candidate-safe,256,144,112,256,0.5625,32,12,0,-0.0013204645365476608,239,0.7457049446338547,0.7457049446338547,1.0,0.34615384615384615,0.6538461538461539,0.5294117647058824
msmarco-passage-trec-dl-2020,730539,candidate-safe,512,272,240,512,0.53125,32,15,0,-7.830560207366943e-05,488,0.7457049446338547,0.7457049446338547,1.0,0.38461538461538464,0.6538461538461539,0.5882352941176471
msmarco-passage-trec-dl-2020,730539,candidate-safe,1024,608,416,1024,0.59375,192,22,0,-0.00027080997824668884,987,0.7457049446338547,0.7457049446338547,1.0,0.5769230769230769,0.6538461538461539,0.8823529411764705
msmarco-passage-trec-dl-2020,730539,candidate-safe,2048,1360,688,2048,0.6640625,672,23,0,-0.0006974712014198303,1973,0.7457049446338547,0.7457049446338547,1.0,0.5769230769230769,0.6538461538461539,0.8823529411764705
msmarco-passage-trec-dl-2020,730539,candidate-safe,4096,3104,992,4096,0.7578125,2112,23,0,-0.00030930060893297195,3944,0.7457049446338547,0.7457049446338547,1.0,0.5769230769230769,0.6538461538461539,0.8823529411764705
msmarco-passage-trec-dl-2020,730539,candidate-safe,8192,4704,3488,8192,0.57421875,1216,30,0,-1.1391937732696533e-05,7730,0.7457049446338547,0.7457049446338547,1.0,0.6153846153846154,0.6538461538461539,0.9411764705882353
msmarco-passage-trec-dl-2020,730539,candidate-safe,10000,5000,5000,10000,0.5,0,32,0,-0.00010489951819181442,9371,0.7457049446338547,0.7457049446338547,1.0,0.6153846153846154,0.6538461538461539,0.9411764705882353
msmarco-passage-trec-dl-2020,730539,pressure,128,64,64,128,0.5,0,12,0,-0.005559902638196945,115,0.7457049446338547,0.7457049446338547,1.0,0.34615384615384615,0.6538461538461539,0.5294117647058824
msmarco-passage-trec-dl-2020,730539,pressure,256,128,128,256,0.5,0,12,0,-0.0026434939354658127,240,0.7457049446338547,0.7457049446338547,1.0,0.34615384615384615,0.6538461538461539,0.5294117647058824
msmarco-passage-trec-dl-2020,730539,pressure,512,272,240,512,0.53125,32,15,0,-7.830560207366943e-05,488,0.7457049446338547,0.7457049446338547,1.0,0.38461538461538464,0.6538461538461539,0.5882352941176471
msmarco-passage-trec-dl-2020,730539,pressure,1024,544,480,1024,0.53125,64,22,0,-0.00042943283915519714,981,0.7457049446338547,0.7457049446338547,1.0,0.5769230769230769,0.6538461538461539,0.8823529411764705
msmarco-passage-trec-dl-2020,730539,pressure,2048,1024,1024,2048,0.5,0,23,0,-0.0008217561990022659,1963,0.7457049446338547,0.7457049446338547,1.0,0.5769230769230769,0.6538461538461539,0.8823529411764705
msmarco-passage-trec-dl-2020,730539,pressure,4096,2800,1296,4096,0.68359375,1504,23,0,-0.00024889688938856125,3916,0.7457049446338547,0.7457049446338547,1.0,0.5769230769230769,0.6538461538461539,0.8823529411764705
msmarco-passage-trec-dl-2020,730539,pressure,8192,4704,3488,8192,0.57421875,1216,30,0,-1.1391937732696533e-05,7730,0.7457049446338547,0.7457049446338547,1.0,0.6153846153846154,0.6538461538461539,0.9411764705882353
msmarco-passage-trec-dl-2020,730539,pressure,10000,5000,5000,10000,0.5,0,32,0,-0.00010489951819181442,9371,0.7457049446338547,0.7457049446338547,1.0,0.6153846153846154,0.6538461538461539,0.9411764705882353
msmarco-passage-trec-dl-2020,730539,allocation-grid-oracle,128,64,64,128,0.5,0,12,0,-0.005559902638196945,115,0.7457049446338547,0.7457049446338547,1.0,0.34615384615384615,0.6538461538461539,0.5294117647058824
msmarco-passage-trec-dl-2020,730539,allocation-grid-oracle,256,160,96,256,0.625,64,12,0,-0.000902937725186348,238,0.7457049446338547,0.7457049446338547,1.0,0.34615384615384615,0.6538461538461539,0.5294117647058824
msmarco-passage-trec-dl-2020,730539,allocation-grid-oracle,512,272,240,512,0.53125,32,15,0,-7.830560207366943e-05,488,0.7457049446338547,0.7457049446338547,1.0,0.38461538461538464,0.6538461538461539,0.5882352941176471
msmarco-passage-trec-dl-2020,730539,allocation-grid-oracle,1024,608,416,1024,0.59375,192,22,0,-0.00027080997824668884,987,0.7457049446338547,0.7457049446338547,1.0,0.5769230769230769,0.6538461538461539,0.8823529411764705
msmarco-passage-trec-dl-2020,730539,allocation-grid-oracle,2048,1360,688,2048,0.6640625,672,23,0,-0.0006974712014198303,1973,0.7457049446338547,0.7457049446338547,1.0,0.5769230769230769,0.6538461538461539,0.8823529411764705
msmarco-passage-trec-dl-2020,730539,allocation-grid-oracle,4096,3088,1008,4096,0.75390625,2080,23,0,-0.0002169087529182434,3942,0.7457049446338547,0.7457049446338547,1.0,0.5769230769230769,0.6538461538461539,0.8823529411764705
msmarco-passage-trec-dl-2020,730539,allocation-grid-oracle,8192,4712,3480,8192,0.5751953125,1232,30,0,-1.202896237373352e-05,7728,0.7457049446338547,0.7457049446338547,1.0,0.6153846153846154,0.6538461538461539,0.9411764705882353
msmarco-passage-trec-dl-2020,730539,allocation-grid-oracle,10000,5000,5000,10000,0.5,0,32,0,-0.00010489951819181442,9371,0.7457049446338547,0.7457049446338547,1.0,0.6153846153846154,0.6538461538461539,0.9411764705882353
msmarco-passage-trec-dl-2020,768208,balanced,128,64,64,128,0.5,0,10,0,-0.0013893451541662216,117,0.7310226637685726,0.7310226637685726,1.0,0.20930232558139536,0.4418604651162791,0.4736842105263158
msmarco-passage-trec-dl-2020,768208,balanced,256,128,128,256,0.5,0,12,0,-0.0008400250226259232,243,0.7310226637685726,0.7310226637685726,1.0,0.2558139534883721,0.4418604651162791,0.5789473684210527
msmarco-passage-trec-dl-2020,768208,balanced,512,256,256,512,0.5,0,14,0,-0.0022044070065021515,497,0.7310226637685726,0.7310226637685726,1.0,0.3023255813953488,0.4418604651162791,0.6842105263157894
msmarco-passage-trec-dl-2020,768208,balanced,1024,512,512,1024,0.5,0,14,0,-0.0007881000638008118,1008,0.7310226637685726,0.7310226637685726,1.0,0.3023255813953488,0.4418604651162791,0.6842105263157894
msmarco-passage-trec-dl-2020,768208,balanced,2048,1024,1024,2048,0.5,0,15,0,-0.0008616466075181961,2032,0.7310226637685726,0.7310226637685726,1.0,0.3023255813953488,0.4418604651162791,0.6842105263157894
msmarco-passage-trec-dl-2020,768208,balanced,4096,2048,2048,4096,0.5,0,15,0,-0.0004135221242904663,4080,0.7310226637685726,0.7310226637685726,1.0,0.3023255813953488,0.4418604651162791,0.6842105263157894
msmarco-passage-trec-dl-2020,768208,balanced,8192,4096,4096,8192,0.5,0,15,0,-0.0001797545701265335,8176,0.7310226637685726,0.7310226637685726,1.0,0.3023255813953488,0.4418604651162791,0.6842105263157894
msmarco-passage-trec-dl-2020,768208,balanced,10000,5000,5000,10000,0.5,0,15,0,-0.00013676658272743225,9981,0.7310226637685726,0.7310226637685726,1.0,0.3023255813953488,0.4418604651162791,0.6842105263157894
msmarco-passage-trec-dl-2020,768208,blocker,128,64,64,128,0.5,0,10,0,-0.0013893451541662216,117,0.7310226637685726,0.7310226637685726,1.0,0.20930232558139536,0.4418604651162791,0.4736842105263158
msmarco-passage-trec-dl-2020,768208,blocker,256,112,144,256,0.4375,32,12,0,-0.0004228372126817703,243,0.7310226637685726,0.7310226637685726,1.0,0.2558139534883721,0.4418604651162791,0.5789473684210527
msmarco-passage-trec-dl-2020,768208,blocker,512,192,320,512,0.375,128,14,0,-0.0021797437220811844,498,0.7310226637685726,0.7310226637685726,1.0,0.3023255813953488,0.4418604651162791,0.6842105263157894
msmarco-passage-trec-dl-2020,768208,blocker,1024,272,752,1024,0.265625,480,14,0,-0.00027137622237205505,1009,0.7310226637685726,0.7310226637685726,1.0,0.3023255813953488,0.4418604651162791,0.6842105263157894
msmarco-passage-trec-dl-2020,768208,blocker,2048,432,1616,2048,0.2109375,1184,15,0,-0.0005357973277568817,2032,0.7310226637685726,0.7310226637685726,1.0,0.3023255813953488,0.4418604651162791,0.6842105263157894
msmarco-passage-trec-dl-2020,768208,blocker,4096,432,3664,4096,0.10546875,3232,15,0,-0.0002076663076877594,4080,0.7310226637685726,0.7310226637685726,1.0,0.3023255813953488,0.4418604651162791,0.6842105263157894
msmarco-passage-trec-dl-2020,768208,blocker,8192,3192,5000,8192,0.3896484375,1808,15,0,-0.00013676658272743225,8176,0.7310226637685726,0.7310226637685726,1.0,0.3023255813953488,0.4418604651162791,0.6842105263157894
msmarco-passage-trec-dl-2020,768208,blocker,10000,5000,5000,10000,0.5,0,15,0,-0.00013676658272743225,9981,0.7310226637685726,0.7310226637685726,1.0,0.3023255813953488,0.4418604651162791,0.6842105263157894
msmarco-passage-trec-dl-2020,768208,candidate,128,48,80,128,0.375,32,10,0,-0.008537758141756058,118,0.7310226637685726,0.7310226637685726,1.0,0.20930232558139536,0.4418604651162791,0.4736842105263158
msmarco-passage-trec-dl-2020,768208,candidate,256,48,208,256,0.1875,160,10,0,-0.008537758141756058,246,0.7310226637685726,0.7310226637685726,1.0,0.20930232558139536,0.4418604651162791,0.4736842105263158
msmarco-passage-trec-dl-2020,768208,candidate,512,48,464,512,0.09375,416,10,0,-0.008537758141756058,502,0.7310226637685726,0.7310226637685726,1.0,0.20930232558139536,0.4418604651162791,0.4736842105263158
msmarco-passage-trec-dl-2020,768208,candidate,1024,48,976,1024,0.046875,928,10,0,-0.008537758141756058,1014,0.7310226637685726,0.7310226637685726,1.0,0.20930232558139536,0.4418604651162791,0.4736842105263158
msmarco-passage-trec-dl-2020,768208,candidate,2048,48,2000,2048,0.0234375,1952,10,0,-0.008537758141756058,2038,0.7310226637685726,0.7310226637685726,1.0,0.20930232558139536,0.4418604651162791,0.4736842105263158
msmarco-passage-trec-dl-2020,768208,candidate,4096,48,4048,4096,0.01171875,4000,10,0,-0.008537758141756058,4086,0.7310226637685726,0.7310226637685726,1.0,0.20930232558139536,0.4418604651162791,0.4736842105263158
msmarco-passage-trec-dl-2020,768208,candidate,8192,3192,5000,8192,0.3896484375,1808,15,0,-0.00013676658272743225,8176,0.7310226637685726,0.7310226637685726,1.0,0.3023255813953488,0.4418604651162791,0.6842105263157894
msmarco-passage-trec-dl-2020,768208,candidate,10000,5000,5000,10000,0.5,0,15,0,-0.00013676658272743225,9981,0.7310226637685726,0.7310226637685726,1.0,0.3023255813953488,0.4418604651162791,0.6842105263157894
msmarco-passage-trec-dl-2020,768208,candidate-safe,128,48,80,128,0.375,32,10,0,-0.008537758141756058,118,0.7310226637685726,0.7310226637685726,1.0,0.20930232558139536,0.4418604651162791,0.4736842105263158
msmarco-passage-trec-dl-2020,768208,candidate-safe,256,48,208,256,0.1875,160,10,0,-0.008537758141756058,246,0.7310226637685726,0.7310226637685726,1.0,0.20930232558139536,0.4418604651162791,0.4736842105263158
msmarco-passage-trec-dl-2020,768208,candidate-safe,512,48,464,512,0.09375,416,10,0,-0.008537758141756058,502,0.7310226637685726,0.7310226637685726,1.0,0.20930232558139536,0.4418604651162791,0.4736842105263158
msmarco-passage-trec-dl-2020,768208,candidate-safe,1024,48,976,1024,0.046875,928,10,0,-0.008537758141756058,1014,0.7310226637685726,0.7310226637685726,1.0,0.20930232558139536,0.4418604651162791,0.4736842105263158
msmarco-passage-trec-dl-2020,768208,candidate-safe,2048,48,2000,2048,0.0234375,1952,10,0,-0.008537758141756058,2038,0.7310226637685726,0.7310226637685726,1.0,0.20930232558139536,0.4418604651162791,0.4736842105263158
msmarco-passage-trec-dl-2020,768208,candidate-safe,4096,48,4048,4096,0.01171875,4000,10,0,-0.008537758141756058,4086,0.7310226637685726,0.7310226637685726,1.0,0.20930232558139536,0.4418604651162791,0.4736842105263158
msmarco-passage-trec-dl-2020,768208,candidate-safe,8192,3192,5000,8192,0.3896484375,1808,15,0,-0.00013676658272743225,8176,0.7310226637685726,0.7310226637685726,1.0,0.3023255813953488,0.4418604651162791,0.6842105263157894
msmarco-passage-trec-dl-2020,768208,candidate-safe,10000,5000,5000,10000,0.5,0,15,0,-0.00013676658272743225,9981,0.7310226637685726,0.7310226637685726,1.0,0.3023255813953488,0.4418604651162791,0.6842105263157894
msmarco-passage-trec-dl-2020,768208,pressure,128,64,64,128,0.5,0,10,0,-0.0013893451541662216,117,0.7310226637685726,0.7310226637685726,1.0,0.20930232558139536,0.4418604651162791,0.4736842105263158
msmarco-passage-trec-dl-2020,768208,pressure,256,112,144,256,0.4375,32,12,0,-0.0004228372126817703,243,0.7310226637685726,0.7310226637685726,1.0,0.2558139534883721,0.4418604651162791,0.5789473684210527
msmarco-passage-trec-dl-2020,768208,pressure,512,208,304,512,0.40625,96,14,0,-0.001787101849913597,497,0.7310226637685726,0.7310226637685726,1.0,0.3023255813953488,0.4418604651162791,0.6842105263157894
msmarco-passage-trec-dl-2020,768208,pressure,1024,304,720,1024,0.296875,416,14,0,-0.00032190047204494476,1009,0.7310226637685726,0.7310226637685726,1.0,0.3023255813953488,0.4418604651162791,0.6842105263157894
msmarco-passage-trec-dl-2020,768208,pressure,2048,496,1552,2048,0.2421875,1056,15,0,-0.0005594845861196518,2032,0.7310226637685726,0.7310226637685726,1.0,0.3023255813953488,0.4418604651162791,0.6842105263157894
msmarco-passage-trec-dl-2020,768208,pressure,4096,496,3600,4096,0.12109375,3104,15,0,-0.00021236203610897064,4080,0.7310226637685726,0.7310226637685726,1.0,0.3023255813953488,0.4418604651162791,0.6842105263157894
msmarco-passage-trec-dl-2020,768208,pressure,8192,3192,5000,8192,0.3896484375,1808,15,0,-0.00013676658272743225,8176,0.7310226637685726,0.7310226637685726,1.0,0.3023255813953488,0.4418604651162791,0.6842105263157894
msmarco-passage-trec-dl-2020,768208,pressure,10000,5000,5000,10000,0.5,0,15,0,-0.00013676658272743225,9981,0.7310226637685726,0.7310226637685726,1.0,0.3023255813953488,0.4418604651162791,0.6842105263157894
msmarco-passage-trec-dl-2020,768208,allocation-grid-oracle,128,64,64,128,0.5,0,10,0,-0.0013893451541662216,117,0.7310226637685726,0.7310226637685726,1.0,0.20930232558139536,0.4418604651162791,0.4736842105263158
msmarco-passage-trec-dl-2020,768208,allocation-grid-oracle,256,112,144,256,0.4375,32,12,0,-0.0004228372126817703,243,0.7310226637685726,0.7310226637685726,1.0,0.2558139534883721,0.4418604651162791,0.5789473684210527
msmarco-passage-trec-dl-2020,768208,allocation-grid-oracle,512,208,304,512,0.40625,96,14,0,-0.001787101849913597,497,0.7310226637685726,0.7310226637685726,1.0,0.3023255813953488,0.4418604651162791,0.6842105263157894
msmarco-passage-trec-dl-2020,768208,allocation-grid-oracle,1024,272,752,1024,0.265625,480,14,0,-0.00027137622237205505,1009,0.7310226637685726,0.7310226637685726,1.0,0.3023255813953488,0.4418604651162791,0.6842105263157894
msmarco-passage-trec-dl-2020,768208,allocation-grid-oracle,2048,416,1632,2048,0.203125,1216,15,0,-0.0003123302012681961,2033,0.7310226637685726,0.7310226637685726,1.0,0.3023255813953488,0.4418604651162791,0.6842105263157894
msmarco-passage-trec-dl-2020,768208,allocation-grid-oracle,4096,432,3664,4096,0.10546875,3232,15,0,-0.0002076663076877594,4080,0.7310226637685726,0.7310226637685726,1.0,0.3023255813953488,0.4418604651162791,0.6842105263157894
msmarco-passage-trec-dl-2020,768208,allocation-grid-oracle,8192,3192,5000,8192,0.3896484375,1808,15,0,-0.00013676658272743225,8176,0.7310226637685726,0.7310226637685726,1.0,0.3023255813953488,0.4418604651162791,0.6842105263157894
msmarco-passage-trec-dl-2020,768208,allocation-grid-oracle,10000,5000,5000,10000,0.5,0,15,0,-0.00013676658272743225,9981,0.7310226637685726,0.7310226637685726,1.0,0.3023255813953488,0.4418604651162791,0.6842105263157894
msmarco-passage-trec-dl-2020,877809,balanced,128,64,64,128,0.5,0,11,0,-0.0004843715578317642,103,0.7010710947522274,0.7010710947522274,1.0,0.13253012048192772,0.6024096385542169,0.22
msmarco-passage-trec-dl-2020,877809,balanced,256,128,128,256,0.5,0,20,0,-0.00015309080481529236,208,0.7010710947522274,0.7010710947522274,1.0,0.21686746987951808,0.6024096385542169,0.36
msmarco-passage-trec-dl-2020,877809,balanced,512,256,256,512,0.5,0,30,0,-0.00022357888519763947,439,0.7010710947522274,0.7010710947522274,1.0,0.2891566265060241,0.6024096385542169,0.4799999999999999
msmarco-passage-trec-dl-2020,877809,balanced,1024,512,512,1024,0.5,0,39,0,-4.271417856216431e-05,896,0.7010710947522274,0.7010710947522274,1.0,0.3493975903614458,0.6024096385542169,0.58
msmarco-passage-trec-dl-2020,877809,balanced,2048,1024,1024,2048,0.5,0,53,0,-5.12879341840744e-06,1842,0.7010710947522274,0.7010710947522274,1.0,0.43373493975903615,0.6024096385542169,0.72
msmarco-passage-trec-dl-2020,877809,balanced,4096,2048,2048,4096,0.5,0,61,0,-0.00018199440091848373,3738,0.7010710947522274,0.7010710947522274,1.0,0.46987951807228917,0.6024096385542169,0.7799999999999999
msmarco-passage-trec-dl-2020,877809,balanced,8192,4096,4096,8192,0.5,0,65,0,-3.987457603216171e-05,7439,0.7010710947522274,0.7010710947522274,1.0,0.4939759036144578,0.6024096385542169,0.82
msmarco-passage-trec-dl-2020,877809,balanced,10000,5000,5000,10000,0.5,0,66,0,-6.390921771526337e-05,9048,0.7010710947522274,0.7010710947522274,1.0,0.4939759036144578,0.6024096385542169,0.82
msmarco-passage-trec-dl-2020,877809,blocker,128,64,64,128,0.5,0,11,0,-0.0004843715578317642,103,0.7010710947522274,0.7010710947522274,1.0,0.13253012048192772,0.6024096385542169,0.22
msmarco-passage-trec-dl-2020,877809,blocker,256,160,96,256,0.625,64,22,0,-0.00035682879388332367,211,0.7010710947522274,0.7010710947522274,1.0,0.2289156626506024,0.6024096385542169,0.37999999999999995
msmarco-passage-trec-dl-2020,877809,blocker,512,336,176,512,0.65625,160,34,0,-3.746338188648224e-05,446,0.7010710947522274,0.7010710947522274,1.0,0.3253012048192771,0.6024096385542169,0.5399999999999999
msmarco-passage-trec-dl-2020,877809,blocker,1024,656,368,1024,0.640625,288,49,0,-0.000538916327059269,900,0.7010710947522274,0.7010710947522274,1.0,0.40963855421686746,0.6024096385542169,0.6799999999999999
msmarco-passage-trec-dl-2020,877809,blocker,2048,736,1312,2048,0.359375,576,56,0,-3.438536077737808e-05,1849,0.7010710947522274,0.7010710947522274,1.0,0.43373493975903615,0.6024096385542169,0.72
msmarco-passage-trec-dl-2020,877809,blocker,4096,1120,2976,4096,0.2734375,1856,61,0,-3.699213266372681e-05,3796,0.7010710947522274,0.7010710947522274,1.0,0.46987951807228917,0.6024096385542169,0.7799999999999999
msmarco-passage-trec-dl-2020,877809,blocker,8192,4816,3376,8192,0.587890625,1440,65,0,-4.345551133155823e-06,7442,0.7010710947522274,0.7010710947522274,1.0,0.4939759036144578,0.6024096385542169,0.82
msmarco-passage-trec-dl-2020,877809,blocker,10000,5000,5000,10000,0.5,0,66,0,-6.390921771526337e-05,9048,0.7010710947522274,0.7010710947522274,1.0,0.4939759036144578,0.6024096385542169,0.82
msmarco-passage-trec-dl-2020,877809,candidate,128,64,64,128,0.5,0,11,0,-0.0004843715578317642,103,0.7010710947522274,0.7010710947522274,1.0,0.13253012048192772,0.6024096385542169,0.22
msmarco-passage-trec-dl-2020,877809,candidate,256,160,96,256,0.625,64,22,0,-0.00035682879388332367,211,0.7010710947522274,0.7010710947522274,1.0,0.2289156626506024,0.6024096385542169,0.37999999999999995
msmarco-passage-trec-dl-2020,877809,candidate,512,336,176,512,0.65625,160,34,0,-3.746338188648224e-05,446,0.7010710947522274,0.7010710947522274,1.0,0.3253012048192771,0.6024096385542169,0.5399999999999999
msmarco-passage-trec-dl-2020,877809,candidate,1024,656,368,1024,0.640625,288,49,0,-0.000538916327059269,900,0.7010710947522274,0.7010710947522274,1.0,0.40963855421686746,0.6024096385542169,0.6799999999999999
msmarco-passage-trec-dl-2020,877809,candidate,2048,736,1312,2048,0.359375,576,56,0,-3.438536077737808e-05,1849,0.7010710947522274,0.7010710947522274,1.0,0.43373493975903615,0.6024096385542169,0.72
msmarco-passage-trec-dl-2020,877809,candidate,4096,1120,2976,4096,0.2734375,1856,61,0,-3.699213266372681e-05,3796,0.7010710947522274,0.7010710947522274,1.0,0.46987951807228917,0.6024096385542169,0.7799999999999999
msmarco-passage-trec-dl-2020,877809,candidate,8192,4464,3728,8192,0.544921875,736,65,0,-2.0301900804042816e-05,7434,0.7010710947522274,0.7010710947522274,1.0,0.4939759036144578,0.6024096385542169,0.82
msmarco-passage-trec-dl-2020,877809,candidate,10000,5000,5000,10000,0.5,0,66,0,-6.390921771526337e-05,9048,0.7010710947522274,0.7010710947522274,1.0,0.4939759036144578,0.6024096385542169,0.82
msmarco-passage-trec-dl-2020,877809,candidate-safe,128,64,64,128,0.5,0,11,0,-0.0004843715578317642,103,0.7010710947522274,0.7010710947522274,1.0,0.13253012048192772,0.6024096385542169,0.22
msmarco-passage-trec-dl-2020,877809,candidate-safe,256,160,96,256,0.625,64,22,0,-0.00035682879388332367,211,0.7010710947522274,0.7010710947522274,1.0,0.2289156626506024,0.6024096385542169,0.37999999999999995
msmarco-passage-trec-dl-2020,877809,candidate-safe,512,336,176,512,0.65625,160,34,0,-3.746338188648224e-05,446,0.7010710947522274,0.7010710947522274,1.0,0.3253012048192771,0.6024096385542169,0.5399999999999999
msmarco-passage-trec-dl-2020,877809,candidate-safe,1024,656,368,1024,0.640625,288,49,0,-0.000538916327059269,900,0.7010710947522274,0.7010710947522274,1.0,0.40963855421686746,0.6024096385542169,0.6799999999999999
msmarco-passage-trec-dl-2020,877809,candidate-safe,2048,736,1312,2048,0.359375,576,56,0,-3.438536077737808e-05,1849,0.7010710947522274,0.7010710947522274,1.0,0.43373493975903615,0.6024096385542169,0.72
msmarco-passage-trec-dl-2020,877809,candidate-safe,4096,1120,2976,4096,0.2734375,1856,61,0,-3.699213266372681e-05,3796,0.7010710947522274,0.7010710947522274,1.0,0.46987951807228917,0.6024096385542169,0.7799999999999999
msmarco-passage-trec-dl-2020,877809,candidate-safe,8192,4464,3728,8192,0.544921875,736,65,0,-2.0301900804042816e-05,7434,0.7010710947522274,0.7010710947522274,1.0,0.4939759036144578,0.6024096385542169,0.82
msmarco-passage-trec-dl-2020,877809,candidate-safe,10000,5000,5000,10000,0.5,0,66,0,-6.390921771526337e-05,9048,0.7010710947522274,0.7010710947522274,1.0,0.4939759036144578,0.6024096385542169,0.82
msmarco-passage-trec-dl-2020,877809,pressure,128,64,64,128,0.5,0,11,0,-0.0004843715578317642,103,0.7010710947522274,0.7010710947522274,1.0,0.13253012048192772,0.6024096385542169,0.22
msmarco-passage-trec-dl-2020,877809,pressure,256,160,96,256,0.625,64,22,0,-0.00035682879388332367,211,0.7010710947522274,0.7010710947522274,1.0,0.2289156626506024,0.6024096385542169,0.37999999999999995
msmarco-passage-trec-dl-2020,877809,pressure,512,336,176,512,0.65625,160,34,0,-3.746338188648224e-05,446,0.7010710947522274,0.7010710947522274,1.0,0.3253012048192771,0.6024096385542169,0.5399999999999999
msmarco-passage-trec-dl-2020,877809,pressure,1024,656,368,1024,0.640625,288,49,0,-0.000538916327059269,900,0.7010710947522274,0.7010710947522274,1.0,0.40963855421686746,0.6024096385542169,0.6799999999999999
msmarco-passage-trec-dl-2020,877809,pressure,2048,768,1280,2048,0.375,512,56,0,-5.0873495638370514e-05,1848,0.7010710947522274,0.7010710947522274,1.0,0.43373493975903615,0.6024096385542169,0.72
msmarco-passage-trec-dl-2020,877809,pressure,4096,1168,2928,4096,0.28515625,1760,61,0,-4.228297621011734e-05,3793,0.7010710947522274,0.7010710947522274,1.0,0.46987951807228917,0.6024096385542169,0.7799999999999999
msmarco-passage-trec-dl-2020,877809,pressure,8192,4816,3376,8192,0.587890625,1440,65,0,-4.345551133155823e-06,7442,0.7010710947522274,0.7010710947522274,1.0,0.4939759036144578,0.6024096385542169,0.82
msmarco-passage-trec-dl-2020,877809,pressure,10000,5000,5000,10000,0.5,0,66,0,-6.390921771526337e-05,9048,0.7010710947522274,0.7010710947522274,1.0,0.4939759036144578,0.6024096385542169,0.82
msmarco-passage-trec-dl-2020,877809,allocation-grid-oracle,128,64,64,128,0.5,0,11,0,-0.0004843715578317642,103,0.7010710947522274,0.7010710947522274,1.0,0.13253012048192772,0.6024096385542169,0.22
msmarco-passage-trec-dl-2020,877809,allocation-grid-oracle,256,160,96,256,0.625,64,22,0,-0.00035682879388332367,211,0.7010710947522274,0.7010710947522274,1.0,0.2289156626506024,0.6024096385542169,0.37999999999999995
msmarco-passage-trec-dl-2020,877809,allocation-grid-oracle,512,336,176,512,0.65625,160,34,0,-3.746338188648224e-05,446,0.7010710947522274,0.7010710947522274,1.0,0.3253012048192771,0.6024096385542169,0.5399999999999999
msmarco-passage-trec-dl-2020,877809,allocation-grid-oracle,1024,656,368,1024,0.640625,288,49,0,-0.000538916327059269,900,0.7010710947522274,0.7010710947522274,1.0,0.40963855421686746,0.6024096385542169,0.6799999999999999
msmarco-passage-trec-dl-2020,877809,allocation-grid-oracle,2048,736,1312,2048,0.359375,576,56,0,-3.438536077737808e-05,1849,0.7010710947522274,0.7010710947522274,1.0,0.43373493975903615,0.6024096385542169,0.72
msmarco-passage-trec-dl-2020,877809,allocation-grid-oracle,4096,1120,2976,4096,0.2734375,1856,61,0,-3.699213266372681e-05,3796,0.7010710947522274,0.7010710947522274,1.0,0.46987951807228917,0.6024096385542169,0.7799999999999999
msmarco-passage-trec-dl-2020,877809,allocation-grid-oracle,8192,4824,3368,8192,0.5888671875,1456,65,0,-4.009343683719635e-06,7443,0.7010710947522274,0.7010710947522274,1.0,0.4939759036144578,0.6024096385542169,0.82
msmarco-passage-trec-dl-2020,877809,allocation-grid-oracle,10000,5000,5000,10000,0.5,0,66,0,-6.390921771526337e-05,9048,0.7010710947522274,0.7010710947522274,1.0,0.4939759036144578,0.6024096385542169,0.82
msmarco-passage-trec-dl-2020,911232,balanced,128,64,64,128,0.5,0,15,0,-0.0013215523213148117,110,0.7425481957266035,0.7425481957266035,1.0,0.3333333333333333,0.6666666666666666,0.5
msmarco-passage-trec-dl-2020,911232,balanced,256,128,128,256,0.5,0,18,0,-0.001957925036549568,235,0.7425481957266035,0.7425481957266035,1.0,0.3333333333333333,0.6666666666666666,0.5
msmarco-passage-trec-dl-2020,911232,balanced,512,256,256,512,0.5,0,19,0,-0.0017573125660419464,487,0.7425481957266035,0.7425481957266035,1.0,0.3333333333333333,0.6666666666666666,0.5
msmarco-passage-trec-dl-2020,911232,balanced,1024,512,512,1024,0.5,0,22,0,-0.000255826860666275,991,0.7425481957266035,0.7425481957266035,1.0,0.4444444444444444,0.6666666666666666,0.6666666666666666
msmarco-passage-trec-dl-2020,911232,balanced,2048,1024,1024,2048,0.5,0,27,0,-0.0007268916815519333,2000,0.7425481957266035,0.7425481957266035,1.0,0.4444444444444444,0.6666666666666666,0.6666666666666666
msmarco-passage-trec-dl-2020,911232,balanced,4096,2048,2048,4096,0.5,0,27,0,-0.00027876533567905426,4013,0.7425481957266035,0.7425481957266035,1.0,0.4444444444444444,0.6666666666666666,0.6666666666666666
msmarco-passage-trec-dl-2020,911232,balanced,8192,4096,4096,8192,0.5,0,27,0,-4.499778151512146e-05,8047,0.7425481957266035,0.7425481957266035,1.0,0.4444444444444444,0.6666666666666666,0.6666666666666666
msmarco-passage-trec-dl-2020,911232,balanced,10000,5000,5000,10000,0.5,0,27,0,-2.010725438594818e-06,9838,0.7425481957266035,0.7425481957266035,1.0,0.4444444444444444,0.6666666666666666,0.6666666666666666
msmarco-passage-trec-dl-2020,911232,blocker,128,64,64,128,0.5,0,15,0,-0.0013215523213148117,110,0.7425481957266035,0.7425481957266035,1.0,0.3333333333333333,0.6666666666666666,0.5
msmarco-passage-trec-dl-2020,911232,blocker,256,144,112,256,0.5625,32,18,0,-0.001948697492480278,234,0.7425481957266035,0.7425481957266035,1.0,0.3333333333333333,0.6666666666666666,0.5
msmarco-passage-trec-dl-2020,911232,blocker,512,272,240,512,0.53125,32,19,0,-0.0016048029065132141,487,0.7425481957266035,0.7425481957266035,1.0,0.3333333333333333,0.6666666666666666,0.5
msmarco-passage-trec-dl-2020,911232,blocker,1024,336,688,1024,0.328125,352,24,0,-2.744048833847046e-05,992,0.7425481957266035,0.7425481957266035,1.0,0.4444444444444444,0.6666666666666666,0.6666666666666666
msmarco-passage-trec-dl-2020,911232,blocker,2048,528,1520,2048,0.2578125,992,27,0,-0.0004372932016849518,2000,0.7425481957266035,0.7425481957266035,1.0,0.4444444444444444,0.6666666666666666,0.6666666666666666
msmarco-passage-trec-dl-2020,911232,blocker,4096,688,3408,4096,0.16796875,2720,27,0,-9.273272007703781e-05,4036,0.7425481957266035,0.7425481957266035,1.0,0.4444444444444444,0.6666666666666666,0.6666666666666666
msmarco-passage-trec-dl-2020,911232,blocker,8192,3192,5000,8192,0.3896484375,1808,27,0,-2.010725438594818e-06,8065,0.7425481957266035,0.7425481957266035,1.0,0.4444444444444444,0.6666666666666666,0.6666666666666666
msmarco-passage-trec-dl-2020,911232,blocker,10000,5000,5000,10000,0.5,0,27,0,-2.010725438594818e-06,9838,0.7425481957266035,0.7425481957266035,1.0,0.4444444444444444,0.6666666666666666,0.6666666666666666
msmarco-passage-trec-dl-2020,911232,candidate,128,64,64,128,0.5,0,15,0,-0.0013215523213148117,110,0.7425481957266035,0.7425481957266035,1.0,0.3333333333333333,0.6666666666666666,0.5
msmarco-passage-trec-dl-2020,911232,candidate,256,144,112,256,0.5625,32,18,0,-0.001948697492480278,234,0.7425481957266035,0.7425481957266035,1.0,0.3333333333333333,0.6666666666666666,0.5
msmarco-passage-trec-dl-2020,911232,candidate,512,272,240,512,0.53125,32,19,0,-0.0016048029065132141,487,0.7425481957266035,0.7425481957266035,1.0,0.3333333333333333,0.6666666666666666,0.5
msmarco-passage-trec-dl-2020,911232,candidate,1024,336,688,1024,0.328125,352,24,0,-2.744048833847046e-05,992,0.7425481957266035,0.7425481957266035,1.0,0.4444444444444444,0.6666666666666666,0.6666666666666666
msmarco-passage-trec-dl-2020,911232,candidate,2048,336,1712,2048,0.1640625,1376,27,0,-0.0012612584978342056,2000,0.7425481957266035,0.7425481957266035,1.0,0.4444444444444444,0.6666666666666666,0.6666666666666666
msmarco-passage-trec-dl-2020,911232,candidate,4096,336,3760,4096,0.08203125,3424,27,0,-0.0012612584978342056,4045,0.7425481957266035,0.7425481957266035,1.0,0.4444444444444444,0.6666666666666666,0.6666666666666666
msmarco-passage-trec-dl-2020,911232,candidate,8192,3192,5000,8192,0.3896484375,1808,27,0,-2.010725438594818e-06,8065,0.7425481957266035,0.7425481957266035,1.0,0.4444444444444444,0.6666666666666666,0.6666666666666666
msmarco-passage-trec-dl-2020,911232,candidate,10000,5000,5000,10000,0.5,0,27,0,-2.010725438594818e-06,9838,0.7425481957266035,0.7425481957266035,1.0,0.4444444444444444,0.6666666666666666,0.6666666666666666
msmarco-passage-trec-dl-2020,911232,candidate-safe,128,64,64,128,0.5,0,15,0,-0.0013215523213148117,110,0.7425481957266035,0.7425481957266035,1.0,0.3333333333333333,0.6666666666666666,0.5
msmarco-passage-trec-dl-2020,911232,candidate-safe,256,144,112,256,0.5625,32,18,0,-0.001948697492480278,234,0.7425481957266035,0.7425481957266035,1.0,0.3333333333333333,0.6666666666666666,0.5
msmarco-passage-trec-dl-2020,911232,candidate-safe,512,272,240,512,0.53125,32,19,0,-0.0016048029065132141,487,0.7425481957266035,0.7425481957266035,1.0,0.3333333333333333,0.6666666666666666,0.5
msmarco-passage-trec-dl-2020,911232,candidate-safe,1024,336,688,1024,0.328125,352,24,0,-2.744048833847046e-05,992,0.7425481957266035,0.7425481957266035,1.0,0.4444444444444444,0.6666666666666666,0.6666666666666666
msmarco-passage-trec-dl-2020,911232,candidate-safe,2048,336,1712,2048,0.1640625,1376,27,0,-0.0012612584978342056,2000,0.7425481957266035,0.7425481957266035,1.0,0.4444444444444444,0.6666666666666666,0.6666666666666666
msmarco-passage-trec-dl-2020,911232,candidate-safe,4096,336,3760,4096,0.08203125,3424,27,0,-0.0012612584978342056,4045,0.7425481957266035,0.7425481957266035,1.0,0.4444444444444444,0.6666666666666666,0.6666666666666666
msmarco-passage-trec-dl-2020,911232,candidate-safe,8192,3192,5000,8192,0.3896484375,1808,27,0,-2.010725438594818e-06,8065,0.7425481957266035,0.7425481957266035,1.0,0.4444444444444444,0.6666666666666666,0.6666666666666666
msmarco-passage-trec-dl-2020,911232,candidate-safe,10000,5000,5000,10000,0.5,0,27,0,-2.010725438594818e-06,9838,0.7425481957266035,0.7425481957266035,1.0,0.4444444444444444,0.6666666666666666,0.6666666666666666
msmarco-passage-trec-dl-2020,911232,pressure,128,64,64,128,0.5,0,15,0,-0.0013215523213148117,110,0.7425481957266035,0.7425481957266035,1.0,0.3333333333333333,0.6666666666666666,0.5
msmarco-passage-trec-dl-2020,911232,pressure,256,128,128,256,0.5,0,18,0,-0.001957925036549568,235,0.7425481957266035,0.7425481957266035,1.0,0.3333333333333333,0.6666666666666666,0.5
msmarco-passage-trec-dl-2020,911232,pressure,512,272,240,512,0.53125,32,19,0,-0.0016048029065132141,487,0.7425481957266035,0.7425481957266035,1.0,0.3333333333333333,0.6666666666666666,0.5
msmarco-passage-trec-dl-2020,911232,pressure,1024,336,688,1024,0.328125,352,24,0,-2.744048833847046e-05,992,0.7425481957266035,0.7425481957266035,1.0,0.4444444444444444,0.6666666666666666,0.6666666666666666
msmarco-passage-trec-dl-2020,911232,pressure,2048,736,1312,2048,0.359375,576,27,0,-0.0005332455039024353,2001,0.7425481957266035,0.7425481957266035,1.0,0.4444444444444444,0.6666666666666666,0.6666666666666666
msmarco-passage-trec-dl-2020,911232,pressure,4096,736,3360,4096,0.1796875,2624,27,0,-9.678024798631668e-05,4036,0.7425481957266035,0.7425481957266035,1.0,0.4444444444444444,0.6666666666666666,0.6666666666666666
msmarco-passage-trec-dl-2020,911232,pressure,8192,3192,5000,8192,0.3896484375,1808,27,0,-2.010725438594818e-06,8065,0.7425481957266035,0.7425481957266035,1.0,0.4444444444444444,0.6666666666666666,0.6666666666666666
msmarco-passage-trec-dl-2020,911232,pressure,10000,5000,5000,10000,0.5,0,27,0,-2.010725438594818e-06,9838,0.7425481957266035,0.7425481957266035,1.0,0.4444444444444444,0.6666666666666666,0.6666666666666666
msmarco-passage-trec-dl-2020,911232,allocation-grid-oracle,128,64,64,128,0.5,0,15,0,-0.0013215523213148117,110,0.7425481957266035,0.7425481957266035,1.0,0.3333333333333333,0.6666666666666666,0.5
msmarco-passage-trec-dl-2020,911232,allocation-grid-oracle,256,144,112,256,0.5625,32,18,0,-0.001948697492480278,234,0.7425481957266035,0.7425481957266035,1.0,0.3333333333333333,0.6666666666666666,0.5
msmarco-passage-trec-dl-2020,911232,allocation-grid-oracle,512,272,240,512,0.53125,32,19,0,-0.0016048029065132141,487,0.7425481957266035,0.7425481957266035,1.0,0.3333333333333333,0.6666666666666666,0.5
msmarco-passage-trec-dl-2020,911232,allocation-grid-oracle,1024,336,688,1024,0.328125,352,24,0,-2.744048833847046e-05,992,0.7425481957266035,0.7425481957266035,1.0,0.4444444444444444,0.6666666666666666,0.6666666666666666
msmarco-passage-trec-dl-2020,911232,allocation-grid-oracle,2048,528,1520,2048,0.2578125,992,27,0,-0.0004372932016849518,2000,0.7425481957266035,0.7425481957266035,1.0,0.4444444444444444,0.6666666666666666,0.6666666666666666
msmarco-passage-trec-dl-2020,911232,allocation-grid-oracle,4096,688,3408,4096,0.16796875,2720,27,0,-9.273272007703781e-05,4036,0.7425481957266035,0.7425481957266035,1.0,0.4444444444444444,0.6666666666666666,0.6666666666666666
msmarco-passage-trec-dl-2020,911232,allocation-grid-oracle,8192,3192,5000,8192,0.3896484375,1808,27,0,-2.010725438594818e-06,8065,0.7425481957266035,0.7425481957266035,1.0,0.4444444444444444,0.6666666666666666,0.6666666666666666
msmarco-passage-trec-dl-2020,911232,allocation-grid-oracle,10000,5000,5000,10000,0.5,0,27,0,-2.010725438594818e-06,9838,0.7425481957266035,0.7425481957266035,1.0,0.4444444444444444,0.6666666666666666,0.6666666666666666
msmarco-passage-trec-dl-2020,914916,balanced,128,64,64,128,0.5,0,6,0,-0.000918285921216011,114,0.30187598105420255,0.4443928802548443,0.6792997693416845,0.045454545454545456,0.4621212121212121,0.09836065573770493
msmarco-passage-trec-dl-2020,914916,balanced,256,128,128,256,0.5,0,10,0,-0.00012528710067272186,223,0.4443928802548443,0.4443928802548443,1.0,0.06818181818181818,0.4621212121212121,0.14754098360655737
msmarco-passage-trec-dl-2020,914916,balanced,512,256,256,512,0.5,0,21,0,-5.0457194447517395e-05,420,0.4443928802548443,0.4443928802548443,1.0,0.12878787878787878,0.4621212121212121,0.27868852459016397
msmarco-passage-trec-dl-2020,914916,balanced,1024,512,512,1024,0.5,0,29,0,-3.0176714062690735e-05,856,0.4443928802548443,0.4443928802548443,1.0,0.17424242424242425,0.4621212121212121,0.3770491803278689
msmarco-passage-trec-dl-2020,914916,balanced,2048,1024,1024,2048,0.5,0,33,0,-0.00020512938499450684,1744,0.4443928802548443,0.4443928802548443,1.0,0.20454545454545456,0.4621212121212121,0.4426229508196722
msmarco-passage-trec-dl-2020,914916,balanced,4096,2048,2048,4096,0.5,0,36,0,-0.00016994774341583252,3474,0.4443928802548443,0.4443928802548443,1.0,0.2196969696969697,0.4621212121212121,0.4754098360655738
msmarco-passage-trec-dl-2020,914916,balanced,8192,4096,4096,8192,0.5,0,43,0,-2.7410686016082764e-05,6862,0.4443928802548443,0.4443928802548443,1.0,0.2727272727272727,0.4621212121212121,0.5901639344262295
msmarco-passage-trec-dl-2020,914916,balanced,10000,5000,5000,10000,0.5,0,44,0,-7.30566680431366e-05,8348,0.4443928802548443,0.4443928802548443,1.0,0.2803030303030303,0.4621212121212121,0.6065573770491803
msmarco-passage-trec-dl-2020,914916,blocker,128,64,64,128,0.5,0,6,0,-0.000918285921216011,114,0.30187598105420255,0.4443928802548443,0.6792997693416845,0.045454545454545456,0.4621212121212121,0.09836065573770493
msmarco-passage-trec-dl-2020,914916,blocker,256,128,128,256,0.5,0,10,0,-0.00012528710067272186,223,0.4443928802548443,0.4443928802548443,1.0,0.06818181818181818,0.4621212121212121,0.14754098360655737
msmarco-passage-trec-dl-2020,914916,blocker,512,224,288,512,0.4375,64,22,0,-1.712888479232788e-05,422,0.4443928802548443,0.4443928802548443,1.0,0.13636363636363635,0.4621212121212121,0.29508196721311475
msmarco-passage-trec-dl-2020,914916,blocker,1024,400,624,1024,0.390625,224,31,0,-0.00027928687632083893,862,0.4443928802548443,0.4443928802548443,1.0,0.1893939393939394,0.4621212121212121,0.4098360655737705
msmarco-passage-trec-dl-2020,914916,blocker,2048,640,1408,2048,0.3125,768,34,0,-2.1245330572128296e-05,1780,0.4443928802548443,0.4443928802548443,1.0,0.21212121212121213,0.4621212121212121,0.45901639344262296
msmarco-passage-trec-dl-2020,914916,blocker,4096,880,3216,4096,0.21484375,2336,36,0,-8.139759302139282e-07,3666,0.4443928802548443,0.4443928802548443,1.0,0.2196969696969697,0.4621212121212121,0.4754098360655738
msmarco-passage-trec-dl-2020,914916,blocker,8192,4176,4016,8192,0.509765625,160,43,0,-2.286583185195923e-05,6854,0.4443928802548443,0.4443928802548443,1.0,0.2727272727272727,0.4621212121212121,0.5901639344262295
msmarco-passage-trec-dl-2020,914916,blocker,10000,5000,5000,10000,0.5,0,44,0,-7.30566680431366e-05,8348,0.4443928802548443,0.4443928802548443,1.0,0.2803030303030303,0.4621212121212121,0.6065573770491803
msmarco-passage-trec-dl-2020,914916,candidate,128,64,64,128,0.5,0,6,0,-0.000918285921216011,114,0.30187598105420255,0.4443928802548443,0.6792997693416845,0.045454545454545456,0.4621212121212121,0.09836065573770493
msmarco-passage-trec-dl-2020,914916,candidate,256,128,128,256,0.5,0,10,0,-0.00012528710067272186,223,0.4443928802548443,0.4443928802548443,1.0,0.06818181818181818,0.4621212121212121,0.14754098360655737
msmarco-passage-trec-dl-2020,914916,candidate,512,224,288,512,0.4375,64,22,0,-1.712888479232788e-05,422,0.4443928802548443,0.4443928802548443,1.0,0.13636363636363635,0.4621212121212121,0.29508196721311475
msmarco-passage-trec-dl-2020,914916,candidate,1024,400,624,1024,0.390625,224,31,0,-0.00027928687632083893,862,0.4443928802548443,0.4443928802548443,1.0,0.1893939393939394,0.4621212121212121,0.4098360655737705
msmarco-passage-trec-dl-2020,914916,candidate,2048,640,1408,2048,0.3125,768,34,0,-2.1245330572128296e-05,1780,0.4443928802548443,0.4443928802548443,1.0,0.21212121212121213,0.4621212121212121,0.45901639344262296
msmarco-passage-trec-dl-2020,914916,candidate,4096,880,3216,4096,0.21484375,2336,36,0,-8.139759302139282e-07,3666,0.4443928802548443,0.4443928802548443,1.0,0.2196969696969697,0.4621212121212121,0.4754098360655738
msmarco-passage-trec-dl-2020,914916,candidate,8192,4176,4016,8192,0.509765625,160,43,0,-2.286583185195923e-05,6854,0.4443928802548443,0.4443928802548443,1.0,0.2727272727272727,0.4621212121212121,0.5901639344262295
msmarco-passage-trec-dl-2020,914916,candidate,10000,5000,5000,10000,0.5,0,44,0,-7.30566680431366e-05,8348,0.4443928802548443,0.4443928802548443,1.0,0.2803030303030303,0.4621212121212121,0.6065573770491803
msmarco-passage-trec-dl-2020,914916,candidate-safe,128,64,64,128,0.5,0,6,0,-0.000918285921216011,114,0.30187598105420255,0.4443928802548443,0.6792997693416845,0.045454545454545456,0.4621212121212121,0.09836065573770493
msmarco-passage-trec-dl-2020,914916,candidate-safe,256,128,128,256,0.5,0,10,0,-0.00012528710067272186,223,0.4443928802548443,0.4443928802548443,1.0,0.06818181818181818,0.4621212121212121,0.14754098360655737
msmarco-passage-trec-dl-2020,914916,candidate-safe,512,224,288,512,0.4375,64,22,0,-1.712888479232788e-05,422,0.4443928802548443,0.4443928802548443,1.0,0.13636363636363635,0.4621212121212121,0.29508196721311475
msmarco-passage-trec-dl-2020,914916,candidate-safe,1024,400,624,1024,0.390625,224,31,0,-0.00027928687632083893,862,0.4443928802548443,0.4443928802548443,1.0,0.1893939393939394,0.4621212121212121,0.4098360655737705
msmarco-passage-trec-dl-2020,914916,candidate-safe,2048,640,1408,2048,0.3125,768,34,0,-2.1245330572128296e-05,1780,0.4443928802548443,0.4443928802548443,1.0,0.21212121212121213,0.4621212121212121,0.45901639344262296
msmarco-passage-trec-dl-2020,914916,candidate-safe,4096,880,3216,4096,0.21484375,2336,36,0,-8.139759302139282e-07,3666,0.4443928802548443,0.4443928802548443,1.0,0.2196969696969697,0.4621212121212121,0.4754098360655738
msmarco-passage-trec-dl-2020,914916,candidate-safe,8192,4176,4016,8192,0.509765625,160,43,0,-2.286583185195923e-05,6854,0.4443928802548443,0.4443928802548443,1.0,0.2727272727272727,0.4621212121212121,0.5901639344262295
msmarco-passage-trec-dl-2020,914916,candidate-safe,10000,5000,5000,10000,0.5,0,44,0,-7.30566680431366e-05,8348,0.4443928802548443,0.4443928802548443,1.0,0.2803030303030303,0.4621212121212121,0.6065573770491803
msmarco-passage-trec-dl-2020,914916,pressure,128,64,64,128,0.5,0,6,0,-0.000918285921216011,114,0.30187598105420255,0.4443928802548443,0.6792997693416845,0.045454545454545456,0.4621212121212121,0.09836065573770493
msmarco-passage-trec-dl-2020,914916,pressure,256,128,128,256,0.5,0,10,0,-0.00012528710067272186,223,0.4443928802548443,0.4443928802548443,1.0,0.06818181818181818,0.4621212121212121,0.14754098360655737
msmarco-passage-trec-dl-2020,914916,pressure,512,224,288,512,0.4375,64,22,0,-1.712888479232788e-05,422,0.4443928802548443,0.4443928802548443,1.0,0.13636363636363635,0.4621212121212121,0.29508196721311475
msmarco-passage-trec-dl-2020,914916,pressure,1024,464,560,1024,0.453125,96,31,0,-0.00043020211160182953,855,0.4443928802548443,0.4443928802548443,1.0,0.1893939393939394,0.4621212121212121,0.4098360655737705
msmarco-passage-trec-dl-2020,914916,pressure,2048,656,1392,2048,0.3203125,736,34,0,-2.8751790523529053e-05,1777,0.4443928802548443,0.4443928802548443,1.0,0.21212121212121213,0.4621212121212121,0.45901639344262296
msmarco-passage-trec-dl-2020,914916,pressure,4096,880,3216,4096,0.21484375,2336,36,0,-8.139759302139282e-07,3666,0.4443928802548443,0.4443928802548443,1.0,0.2196969696969697,0.4621212121212121,0.4754098360655738
msmarco-passage-trec-dl-2020,914916,pressure,8192,4176,4016,8192,0.509765625,160,43,0,-2.286583185195923e-05,6854,0.4443928802548443,0.4443928802548443,1.0,0.2727272727272727,0.4621212121212121,0.5901639344262295
msmarco-passage-trec-dl-2020,914916,pressure,10000,5000,5000,10000,0.5,0,44,0,-7.30566680431366e-05,8348,0.4443928802548443,0.4443928802548443,1.0,0.2803030303030303,0.4621212121212121,0.6065573770491803
msmarco-passage-trec-dl-2020,914916,allocation-grid-oracle,128,64,64,128,0.5,0,6,0,-0.000918285921216011,114,0.30187598105420255,0.4443928802548443,0.6792997693416845,0.045454545454545456,0.4621212121212121,0.09836065573770493
msmarco-passage-trec-dl-2020,914916,allocation-grid-oracle,256,128,128,256,0.5,0,10,0,-0.00012528710067272186,223,0.4443928802548443,0.4443928802548443,1.0,0.06818181818181818,0.4621212121212121,0.14754098360655737
msmarco-passage-trec-dl-2020,914916,allocation-grid-oracle,512,224,288,512,0.4375,64,22,0,-1.712888479232788e-05,422,0.4443928802548443,0.4443928802548443,1.0,0.13636363636363635,0.4621212121212121,0.29508196721311475
msmarco-passage-trec-dl-2020,914916,allocation-grid-oracle,1024,400,624,1024,0.390625,224,31,0,-0.00027928687632083893,862,0.4443928802548443,0.4443928802548443,1.0,0.1893939393939394,0.4621212121212121,0.4098360655737705
msmarco-passage-trec-dl-2020,914916,allocation-grid-oracle,2048,640,1408,2048,0.3125,768,34,0,-2.1245330572128296e-05,1780,0.4443928802548443,0.4443928802548443,1.0,0.21212121212121213,0.4621212121212121,0.45901639344262296
msmarco-passage-trec-dl-2020,914916,allocation-grid-oracle,4096,880,3216,4096,0.21484375,2336,36,0,-8.139759302139282e-07,3666,0.4443928802548443,0.4443928802548443,1.0,0.2196969696969697,0.4621212121212121,0.4754098360655738
msmarco-passage-trec-dl-2020,914916,allocation-grid-oracle,8192,4184,4008,8192,0.5107421875,176,43,0,-2.242065966129303e-05,6855,0.4443928802548443,0.4443928802548443,1.0,0.2727272727272727,0.4621212121212121,0.5901639344262295
msmarco-passage-trec-dl-2020,914916,allocation-grid-oracle,10000,5000,5000,10000,0.5,0,44,0,-7.30566680431366e-05,8348,0.4443928802548443,0.4443928802548443,1.0,0.2803030303030303,0.4621212121212121,0.6065573770491803
msmarco-passage-trec-dl-2020,938400,balanced,128,64,64,128,0.5,0,7,0,-0.001185121014714241,112,0.4220598610628129,0.4220598610628129,1.0,0.06862745098039216,0.47058823529411764,0.14583333333333334
msmarco-passage-trec-dl-2020,938400,balanced,256,128,128,256,0.5,0,11,0,-0.00020826980471611023,213,0.4220598610628129,0.4220598610628129,1.0,0.06862745098039216,0.47058823529411764,0.14583333333333334
msmarco-passage-trec-dl-2020,938400,balanced,512,256,256,512,0.5,0,24,0,-0.00023026764392852783,433,0.4220598610628129,0.4220598610628129,1.0,0.17647058823529413,0.47058823529411764,0.37500000000000006
msmarco-passage-trec-dl-2020,938400,balanced,1024,512,512,1024,0.5,0,35,0,-0.0004583224654197693,891,0.4220598610628129,0.4220598610628129,1.0,0.24509803921568626,0.47058823529411764,0.5208333333333334
msmarco-passage-trec-dl-2020,938400,balanced,2048,1024,1024,2048,0.5,0,40,0,-0.00011274032294750214,1829,0.4220598610628129,0.4220598610628129,1.0,0.2647058823529412,0.47058823529411764,0.5625
msmarco-passage-trec-dl-2020,938400,balanced,4096,2048,2048,4096,0.5,0,45,0,-0.00023399852216243744,3831,0.4220598610628129,0.4220598610628129,1.0,0.28431372549019607,0.47058823529411764,0.6041666666666666
msmarco-passage-trec-dl-2020,938400,balanced,8192,4096,4096,8192,0.5,0,53,0,-3.357604146003723e-05,7872,0.4220598610628129,0.4220598610628129,1.0,0.29411764705882354,0.47058823529411764,0.625
msmarco-passage-trec-dl-2020,938400,balanced,10000,5000,5000,10000,0.5,0,60,0,-1.5039928257465363e-05,9664,0.4220598610628129,0.4220598610628129,1.0,0.30392156862745096,0.47058823529411764,0.6458333333333333
msmarco-passage-trec-dl-2020,938400,blocker,128,64,64,128,0.5,0,7,0,-0.001185121014714241,112,0.4220598610628129,0.4220598610628129,1.0,0.06862745098039216,0.47058823529411764,0.14583333333333334
msmarco-passage-trec-dl-2020,938400,blocker,256,128,128,256,0.5,0,11,0,-0.00020826980471611023,213,0.4220598610628129,0.4220598610628129,1.0,0.06862745098039216,0.47058823529411764,0.14583333333333334
msmarco-passage-trec-dl-2020,938400,blocker,512,272,240,512,0.53125,32,24,0,-0.0001346338540315628,430,0.4220598610628129,0.4220598610628129,1.0,0.17647058823529413,0.47058823529411764,0.37500000000000006
msmarco-passage-trec-dl-2020,938400,blocker,1024,560,464,1024,0.546875,96,35,0,-0.000322975218296051,889,0.4220598610628129,0.4220598610628129,1.0,0.24509803921568626,0.47058823529411764,0.5208333333333334
msmarco-passage-trec-dl-2020,938400,blocker,2048,1584,464,2048,0.7734375,1120,42,0,-8.344091475009918e-05,1885,0.4220598610628129,0.4220598610628129,1.0,0.27450980392156865,0.47058823529411764,0.5833333333333334
msmarco-passage-trec-dl-2020,938400,blocker,4096,3616,480,4096,0.8828125,3136,53,0,-6.499513983726501e-05,3913,0.4220598610628129,0.4220598610628129,1.0,0.29411764705882354,0.47058823529411764,0.625
msmarco-passage-trec-dl-2020,938400,blocker,8192,5000,3192,8192,0.6103515625,1808,60,0,-1.5039928257465363e-05,7864,0.4220598610628129,0.4220598610628129,1.0,0.30392156862745096,0.47058823529411764,0.6458333333333333
msmarco-passage-trec-dl-2020,938400,blocker,10000,5000,5000,10000,0.5,0,60,0,-1.5039928257465363e-05,9664,0.4220598610628129,0.4220598610628129,1.0,0.30392156862745096,0.47058823529411764,0.6458333333333333
msmarco-passage-trec-dl-2020,938400,candidate,128,64,64,128,0.5,0,7,0,-0.001185121014714241,112,0.4220598610628129,0.4220598610628129,1.0,0.06862745098039216,0.47058823529411764,0.14583333333333334
msmarco-passage-trec-dl-2020,938400,candidate,256,128,128,256,0.5,0,11,0,-0.00020826980471611023,213,0.4220598610628129,0.4220598610628129,1.0,0.06862745098039216,0.47058823529411764,0.14583333333333334
msmarco-passage-trec-dl-2020,938400,candidate,512,272,240,512,0.53125,32,24,0,-0.0001346338540315628,430,0.4220598610628129,0.4220598610628129,1.0,0.17647058823529413,0.47058823529411764,0.37500000000000006
msmarco-passage-trec-dl-2020,938400,candidate,1024,560,464,1024,0.546875,96,35,0,-0.000322975218296051,889,0.4220598610628129,0.4220598610628129,1.0,0.24509803921568626,0.47058823529411764,0.5208333333333334
msmarco-passage-trec-dl-2020,938400,candidate,2048,1584,464,2048,0.7734375,1120,42,0,-8.344091475009918e-05,1885,0.4220598610628129,0.4220598610628129,1.0,0.27450980392156865,0.47058823529411764,0.5833333333333334
msmarco-passage-trec-dl-2020,938400,candidate,4096,3632,464,4096,0.88671875,3168,53,0,-7.387157529592514e-05,3914,0.4220598610628129,0.4220598610628129,1.0,0.29411764705882354,0.47058823529411764,0.625
msmarco-passage-trec-dl-2020,938400,candidate,8192,5000,3192,8192,0.6103515625,1808,60,0,-1.5039928257465363e-05,7864,0.4220598610628129,0.4220598610628129,1.0,0.30392156862745096,0.47058823529411764,0.6458333333333333
msmarco-passage-trec-dl-2020,938400,candidate,10000,5000,5000,10000,0.5,0,60,0,-1.5039928257465363e-05,9664,0.4220598610628129,0.4220598610628129,1.0,0.30392156862745096,0.47058823529411764,0.6458333333333333
msmarco-passage-trec-dl-2020,938400,candidate-safe,128,64,64,128,0.5,0,7,0,-0.001185121014714241,112,0.4220598610628129,0.4220598610628129,1.0,0.06862745098039216,0.47058823529411764,0.14583333333333334
msmarco-passage-trec-dl-2020,938400,candidate-safe,256,128,128,256,0.5,0,11,0,-0.00020826980471611023,213,0.4220598610628129,0.4220598610628129,1.0,0.06862745098039216,0.47058823529411764,0.14583333333333334
msmarco-passage-trec-dl-2020,938400,candidate-safe,512,272,240,512,0.53125,32,24,0,-0.0001346338540315628,430,0.4220598610628129,0.4220598610628129,1.0,0.17647058823529413,0.47058823529411764,0.37500000000000006
msmarco-passage-trec-dl-2020,938400,candidate-safe,1024,560,464,1024,0.546875,96,35,0,-0.000322975218296051,889,0.4220598610628129,0.4220598610628129,1.0,0.24509803921568626,0.47058823529411764,0.5208333333333334
msmarco-passage-trec-dl-2020,938400,candidate-safe,2048,1584,464,2048,0.7734375,1120,42,0,-8.344091475009918e-05,1885,0.4220598610628129,0.4220598610628129,1.0,0.27450980392156865,0.47058823529411764,0.5833333333333334
msmarco-passage-trec-dl-2020,938400,candidate-safe,4096,3632,464,4096,0.88671875,3168,53,0,-7.387157529592514e-05,3914,0.4220598610628129,0.4220598610628129,1.0,0.29411764705882354,0.47058823529411764,0.625
msmarco-passage-trec-dl-2020,938400,candidate-safe,8192,5000,3192,8192,0.6103515625,1808,60,0,-1.5039928257465363e-05,7864,0.4220598610628129,0.4220598610628129,1.0,0.30392156862745096,0.47058823529411764,0.6458333333333333
msmarco-passage-trec-dl-2020,938400,candidate-safe,10000,5000,5000,10000,0.5,0,60,0,-1.5039928257465363e-05,9664,0.4220598610628129,0.4220598610628129,1.0,0.30392156862745096,0.47058823529411764,0.6458333333333333
msmarco-passage-trec-dl-2020,938400,pressure,128,64,64,128,0.5,0,7,0,-0.001185121014714241,112,0.4220598610628129,0.4220598610628129,1.0,0.06862745098039216,0.47058823529411764,0.14583333333333334
msmarco-passage-trec-dl-2020,938400,pressure,256,128,128,256,0.5,0,11,0,-0.00020826980471611023,213,0.4220598610628129,0.4220598610628129,1.0,0.06862745098039216,0.47058823529411764,0.14583333333333334
msmarco-passage-trec-dl-2020,938400,pressure,512,256,256,512,0.5,0,24,0,-0.00023026764392852783,433,0.4220598610628129,0.4220598610628129,1.0,0.17647058823529413,0.47058823529411764,0.37500000000000006
msmarco-passage-trec-dl-2020,938400,pressure,1024,560,464,1024,0.546875,96,35,0,-0.000322975218296051,889,0.4220598610628129,0.4220598610628129,1.0,0.24509803921568626,0.47058823529411764,0.5208333333333334
msmarco-passage-trec-dl-2020,938400,pressure,2048,1584,464,2048,0.7734375,1120,42,0,-8.344091475009918e-05,1885,0.4220598610628129,0.4220598610628129,1.0,0.27450980392156865,0.47058823529411764,0.5833333333333334
msmarco-passage-trec-dl-2020,938400,pressure,4096,3600,496,4096,0.87890625,3104,53,0,-6.618443876504898e-05,3912,0.4220598610628129,0.4220598610628129,1.0,0.29411764705882354,0.47058823529411764,0.625
msmarco-passage-trec-dl-2020,938400,pressure,8192,5000,3192,8192,0.6103515625,1808,60,0,-1.5039928257465363e-05,7864,0.4220598610628129,0.4220598610628129,1.0,0.30392156862745096,0.47058823529411764,0.6458333333333333
msmarco-passage-trec-dl-2020,938400,pressure,10000,5000,5000,10000,0.5,0,60,0,-1.5039928257465363e-05,9664,0.4220598610628129,0.4220598610628129,1.0,0.30392156862745096,0.47058823529411764,0.6458333333333333
msmarco-passage-trec-dl-2020,938400,allocation-grid-oracle,128,64,64,128,0.5,0,7,0,-0.001185121014714241,112,0.4220598610628129,0.4220598610628129,1.0,0.06862745098039216,0.47058823529411764,0.14583333333333334
msmarco-passage-trec-dl-2020,938400,allocation-grid-oracle,256,128,128,256,0.5,0,11,0,-0.00020826980471611023,213,0.4220598610628129,0.4220598610628129,1.0,0.06862745098039216,0.47058823529411764,0.14583333333333334
msmarco-passage-trec-dl-2020,938400,allocation-grid-oracle,512,272,240,512,0.53125,32,24,0,-0.0001346338540315628,430,0.4220598610628129,0.4220598610628129,1.0,0.17647058823529413,0.47058823529411764,0.37500000000000006
msmarco-passage-trec-dl-2020,938400,allocation-grid-oracle,1024,560,464,1024,0.546875,96,35,0,-0.000322975218296051,889,0.4220598610628129,0.4220598610628129,1.0,0.24509803921568626,0.47058823529411764,0.5208333333333334
msmarco-passage-trec-dl-2020,938400,allocation-grid-oracle,2048,1584,464,2048,0.7734375,1120,42,0,-8.344091475009918e-05,1885,0.4220598610628129,0.4220598610628129,1.0,0.27450980392156865,0.47058823529411764,0.5833333333333334
msmarco-passage-trec-dl-2020,938400,allocation-grid-oracle,4096,3616,480,4096,0.8828125,3136,53,0,-6.499513983726501e-05,3913,0.4220598610628129,0.4220598610628129,1.0,0.29411764705882354,0.47058823529411764,0.625
msmarco-passage-trec-dl-2020,938400,allocation-grid-oracle,8192,5000,3192,8192,0.6103515625,1808,60,0,-1.5039928257465363e-05,7864,0.4220598610628129,0.4220598610628129,1.0,0.30392156862745096,0.47058823529411764,0.6458333333333333
msmarco-passage-trec-dl-2020,938400,allocation-grid-oracle,10000,5000,5000,10000,0.5,0,60,0,-1.5039928257465363e-05,9664,0.4220598610628129,0.4220598610628129,1.0,0.30392156862745096,0.47058823529411764,0.6458333333333333
msmarco-passage-trec-dl-2020,940547,balanced,128,64,64,128,0.5,0,6,0,-0.00023842975497245789,112,0.6073755229697407,0.6954509518684792,0.8733549380267511,0.0594059405940594,0.4752475247524752,0.125
msmarco-passage-trec-dl-2020,940547,balanced,256,128,128,256,0.5,0,13,0,-0.00022584758698940277,213,0.6954509518684792,0.6954509518684792,1.0,0.0891089108910891,0.4752475247524752,0.1875
msmarco-passage-trec-dl-2020,940547,balanced,512,256,256,512,0.5,0,19,0,-0.0008742865175008774,441,0.6954509518684792,0.6954509518684792,1.0,0.12871287128712872,0.4752475247524752,0.27083333333333337
msmarco-passage-trec-dl-2020,940547,balanced,1024,512,512,1024,0.5,0,23,0,-9.562820196151733e-06,909,0.6954509518684792,0.6954509518684792,1.0,0.1485148514851485,0.4752475247524752,0.3125
msmarco-passage-trec-dl-2020,940547,balanced,2048,1024,1024,2048,0.5,0,27,0,-0.0006388053297996521,1835,0.6954509518684792,0.6954509518684792,1.0,0.1782178217821782,0.4752475247524752,0.375
msmarco-passage-trec-dl-2020,940547,balanced,4096,2048,2048,4096,0.5,0,27,0,-0.0001906808465719223,3652,0.6954509518684792,0.6954509518684792,1.0,0.1782178217821782,0.4752475247524752,0.375
msmarco-passage-trec-dl-2020,940547,balanced,8192,4096,4096,8192,0.5,0,29,0,-9.486451745033264e-05,7461,0.6954509518684792,0.6954509518684792,1.0,0.19801980198019803,0.4752475247524752,0.4166666666666667
msmarco-passage-trec-dl-2020,940547,balanced,10000,5000,5000,10000,0.5,0,29,0,-5.1876530051231384e-05,9097,0.6954509518684792,0.6954509518684792,1.0,0.19801980198019803,0.4752475247524752,0.4166666666666667
msmarco-passage-trec-dl-2020,940547,blocker,128,64,64,128,0.5,0,6,0,-0.00023842975497245789,112,0.6073755229697407,0.6954509518684792,0.8733549380267511,0.0594059405940594,0.4752475247524752,0.125
msmarco-passage-trec-dl-2020,940547,blocker,256,144,112,256,0.5625,32,13,0,-0.00018301606178283691,214,0.6954509518684792,0.6954509518684792,1.0,0.0891089108910891,0.4752475247524752,0.1875
msmarco-passage-trec-dl-2020,940547,blocker,512,288,224,512,0.5625,64,19,0,-0.000693218782544136,443,0.6954509518684792,0.6954509518684792,1.0,0.12871287128712872,0.4752475247524752,0.27083333333333337
msmarco-passage-trec-dl-2020,940547,blocker,1024,592,432,1024,0.578125,160,27,0,-0.0012500397861003876,912,0.6954509518684792,0.6954509518684792,1.0,0.1782178217821782,0.4752475247524752,0.375
msmarco-passage-trec-dl-2020,940547,blocker,2048,1312,736,2048,0.640625,576,27,0,-0.0004451591521501541,1865,0.6954509518684792,0.6954509518684792,1.0,0.1782178217821782,0.4752475247524752,0.375
msmarco-passage-trec-dl-2020,940547,blocker,4096,2992,1104,4096,0.73046875,1888,27,0,-4.395097494125366e-05,3761,0.6954509518684792,0.6954509518684792,1.0,0.1782178217821782,0.4752475247524752,0.375
msmarco-passage-trec-dl-2020,940547,blocker,8192,5000,3192,8192,0.6103515625,1808,29,0,-5.1876530051231384e-05,7465,0.6954509518684792,0.6954509518684792,1.0,0.19801980198019803,0.4752475247524752,0.4166666666666667
msmarco-passage-trec-dl-2020,940547,blocker,10000,5000,5000,10000,0.5,0,29,0,-5.1876530051231384e-05,9097,0.6954509518684792,0.6954509518684792,1.0,0.19801980198019803,0.4752475247524752,0.4166666666666667
msmarco-passage-trec-dl-2020,940547,candidate,128,64,64,128,0.5,0,6,0,-0.00023842975497245789,112,0.6073755229697407,0.6954509518684792,0.8733549380267511,0.0594059405940594,0.4752475247524752,0.125
msmarco-passage-trec-dl-2020,940547,candidate,256,144,112,256,0.5625,32,13,0,-0.00018301606178283691,214,0.6954509518684792,0.6954509518684792,1.0,0.0891089108910891,0.4752475247524752,0.1875
msmarco-passage-trec-dl-2020,940547,candidate,512,288,224,512,0.5625,64,19,0,-0.000693218782544136,443,0.6954509518684792,0.6954509518684792,1.0,0.12871287128712872,0.4752475247524752,0.27083333333333337
msmarco-passage-trec-dl-2020,940547,candidate,1024,592,432,1024,0.578125,160,27,0,-0.0012500397861003876,912,0.6954509518684792,0.6954509518684792,1.0,0.1782178217821782,0.4752475247524752,0.375
msmarco-passage-trec-dl-2020,940547,candidate,2048,1312,736,2048,0.640625,576,27,0,-0.0004451591521501541,1865,0.6954509518684792,0.6954509518684792,1.0,0.1782178217821782,0.4752475247524752,0.375
msmarco-passage-trec-dl-2020,940547,candidate,4096,2992,1104,4096,0.73046875,1888,27,0,-4.395097494125366e-05,3761,0.6954509518684792,0.6954509518684792,1.0,0.1782178217821782,0.4752475247524752,0.375
msmarco-passage-trec-dl-2020,940547,candidate,8192,5000,3192,8192,0.6103515625,1808,29,0,-5.1876530051231384e-05,7465,0.6954509518684792,0.6954509518684792,1.0,0.19801980198019803,0.4752475247524752,0.4166666666666667
msmarco-passage-trec-dl-2020,940547,candidate,10000,5000,5000,10000,0.5,0,29,0,-5.1876530051231384e-05,9097,0.6954509518684792,0.6954509518684792,1.0,0.19801980198019803,0.4752475247524752,0.4166666666666667
msmarco-passage-trec-dl-2020,940547,candidate-safe,128,64,64,128,0.5,0,6,0,-0.00023842975497245789,112,0.6073755229697407,0.6954509518684792,0.8733549380267511,0.0594059405940594,0.4752475247524752,0.125
msmarco-passage-trec-dl-2020,940547,candidate-safe,256,144,112,256,0.5625,32,13,0,-0.00018301606178283691,214,0.6954509518684792,0.6954509518684792,1.0,0.0891089108910891,0.4752475247524752,0.1875
msmarco-passage-trec-dl-2020,940547,candidate-safe,512,288,224,512,0.5625,64,19,0,-0.000693218782544136,443,0.6954509518684792,0.6954509518684792,1.0,0.12871287128712872,0.4752475247524752,0.27083333333333337
msmarco-passage-trec-dl-2020,940547,candidate-safe,1024,592,432,1024,0.578125,160,27,0,-0.0012500397861003876,912,0.6954509518684792,0.6954509518684792,1.0,0.1782178217821782,0.4752475247524752,0.375
msmarco-passage-trec-dl-2020,940547,candidate-safe,2048,1312,736,2048,0.640625,576,27,0,-0.0004451591521501541,1865,0.6954509518684792,0.6954509518684792,1.0,0.1782178217821782,0.4752475247524752,0.375
msmarco-passage-trec-dl-2020,940547,candidate-safe,4096,2992,1104,4096,0.73046875,1888,27,0,-4.395097494125366e-05,3761,0.6954509518684792,0.6954509518684792,1.0,0.1782178217821782,0.4752475247524752,0.375
msmarco-passage-trec-dl-2020,940547,candidate-safe,8192,5000,3192,8192,0.6103515625,1808,29,0,-5.1876530051231384e-05,7465,0.6954509518684792,0.6954509518684792,1.0,0.19801980198019803,0.4752475247524752,0.4166666666666667
msmarco-passage-trec-dl-2020,940547,candidate-safe,10000,5000,5000,10000,0.5,0,29,0,-5.1876530051231384e-05,9097,0.6954509518684792,0.6954509518684792,1.0,0.19801980198019803,0.4752475247524752,0.4166666666666667
msmarco-passage-trec-dl-2020,940547,pressure,128,64,64,128,0.5,0,6,0,-0.00023842975497245789,112,0.6073755229697407,0.6954509518684792,0.8733549380267511,0.0594059405940594,0.4752475247524752,0.125
msmarco-passage-trec-dl-2020,940547,pressure,256,128,128,256,0.5,0,13,0,-0.00022584758698940277,213,0.6954509518684792,0.6954509518684792,1.0,0.0891089108910891,0.4752475247524752,0.1875
msmarco-passage-trec-dl-2020,940547,pressure,512,256,256,512,0.5,0,19,0,-0.0008742865175008774,441,0.6954509518684792,0.6954509518684792,1.0,0.12871287128712872,0.4752475247524752,0.27083333333333337
msmarco-passage-trec-dl-2020,940547,pressure,1024,592,432,1024,0.578125,160,27,0,-0.0012500397861003876,912,0.6954509518684792,0.6954509518684792,1.0,0.1782178217821782,0.4752475247524752,0.375
msmarco-passage-trec-dl-2020,940547,pressure,2048,1168,880,2048,0.5703125,288,27,0,-0.0005306284874677658,1850,0.6954509518684792,0.6954509518684792,1.0,0.1782178217821782,0.4752475247524752,0.375
msmarco-passage-trec-dl-2020,940547,pressure,4096,2928,1168,4096,0.71484375,1760,27,0,-5.096942186355591e-05,3752,0.6954509518684792,0.6954509518684792,1.0,0.1782178217821782,0.4752475247524752,0.375
msmarco-passage-trec-dl-2020,940547,pressure,8192,5000,3192,8192,0.6103515625,1808,29,0,-5.1876530051231384e-05,7465,0.6954509518684792,0.6954509518684792,1.0,0.19801980198019803,0.4752475247524752,0.4166666666666667
msmarco-passage-trec-dl-2020,940547,pressure,10000,5000,5000,10000,0.5,0,29,0,-5.1876530051231384e-05,9097,0.6954509518684792,0.6954509518684792,1.0,0.19801980198019803,0.4752475247524752,0.4166666666666667
msmarco-passage-trec-dl-2020,940547,allocation-grid-oracle,128,64,64,128,0.5,0,6,0,-0.00023842975497245789,112,0.6073755229697407,0.6954509518684792,0.8733549380267511,0.0594059405940594,0.4752475247524752,0.125
msmarco-passage-trec-dl-2020,940547,allocation-grid-oracle,256,144,112,256,0.5625,32,13,0,-0.00018301606178283691,214,0.6954509518684792,0.6954509518684792,1.0,0.0891089108910891,0.4752475247524752,0.1875
msmarco-passage-trec-dl-2020,940547,allocation-grid-oracle,512,288,224,512,0.5625,64,19,0,-0.000693218782544136,443,0.6954509518684792,0.6954509518684792,1.0,0.12871287128712872,0.4752475247524752,0.27083333333333337
msmarco-passage-trec-dl-2020,940547,allocation-grid-oracle,1024,592,432,1024,0.578125,160,27,0,-0.0012500397861003876,912,0.6954509518684792,0.6954509518684792,1.0,0.1782178217821782,0.4752475247524752,0.375
msmarco-passage-trec-dl-2020,940547,allocation-grid-oracle,2048,1312,736,2048,0.640625,576,27,0,-0.0004451591521501541,1865,0.6954509518684792,0.6954509518684792,1.0,0.1782178217821782,0.4752475247524752,0.375
msmarco-passage-trec-dl-2020,940547,allocation-grid-oracle,4096,2992,1104,4096,0.73046875,1888,27,0,-4.395097494125366e-05,3761,0.6954509518684792,0.6954509518684792,1.0,0.1782178217821782,0.4752475247524752,0.375
msmarco-passage-trec-dl-2020,940547,allocation-grid-oracle,8192,5000,3192,8192,0.6103515625,1808,29,0,-5.1876530051231384e-05,7465,0.6954509518684792,0.6954509518684792,1.0,0.19801980198019803,0.4752475247524752,0.4166666666666667
msmarco-passage-trec-dl-2020,940547,allocation-grid-oracle,10000,5000,5000,10000,0.5,0,29,0,-5.1876530051231384e-05,9097,0.6954509518684792,0.6954509518684792,1.0,0.19801980198019803,0.4752475247524752,0.4166666666666667
msmarco-passage-trec-dl-2020,997622,balanced,128,64,64,128,0.5,0,11,0,-0.0005695298314094543,110,1.0,1.0,1.0,0.3235294117647059,0.7941176470588235,0.40740740740740744
msmarco-passage-trec-dl-2020,997622,balanced,256,128,128,256,0.5,0,16,0,-0.0008274316787719727,234,1.0,1.0,1.0,0.4411764705882353,0.7941176470588235,0.5555555555555556
msmarco-passage-trec-dl-2020,997622,balanced,512,256,256,512,0.5,0,19,0,-0.00018231384456157684,464,1.0,1.0,1.0,0.4411764705882353,0.7941176470588235,0.5555555555555556
msmarco-passage-trec-dl-2020,997622,balanced,1024,512,512,1024,0.5,0,21,0,-0.0003414452075958252,923,1.0,1.0,1.0,0.47058823529411764,0.7941176470588235,0.5925925925925927
msmarco-passage-trec-dl-2020,997622,balanced,2048,1024,1024,2048,0.5,0,22,0,-0.000644853338599205,1831,1.0,1.0,1.0,0.47058823529411764,0.7941176470588235,0.5925925925925927
msmarco-passage-trec-dl-2020,997622,balanced,4096,2048,2048,4096,0.5,0,22,0,-0.00019672885537147522,3633,1.0,1.0,1.0,0.47058823529411764,0.7941176470588235,0.5925925925925927
msmarco-passage-trec-dl-2020,997622,balanced,8192,4096,4096,8192,0.5,0,24,0,-2.3096799850463867e-07,7340,1.0,1.0,1.0,0.5,0.7941176470588235,0.6296296296296297
msmarco-passage-trec-dl-2020,997622,balanced,10000,5000,5000,10000,0.5,0,25,0,-1.543387770652771e-05,9027,1.0,1.0,1.0,0.5,0.7941176470588235,0.6296296296296297
msmarco-passage-trec-dl-2020,997622,blocker,128,64,64,128,0.5,0,11,0,-0.0005695298314094543,110,1.0,1.0,1.0,0.3235294117647059,0.7941176470588235,0.40740740740740744
msmarco-passage-trec-dl-2020,997622,blocker,256,144,112,256,0.5625,32,16,0,-0.0004102438688278198,235,1.0,1.0,1.0,0.4411764705882353,0.7941176470588235,0.5555555555555556
msmarco-passage-trec-dl-2020,997622,blocker,512,304,208,512,0.59375,96,20,0,-0.0007639117538928986,466,1.0,1.0,1.0,0.47058823529411764,0.7941176470588235,0.5925925925925927
msmarco-passage-trec-dl-2020,997622,blocker,1024,656,368,1024,0.640625,288,22,0,-0.0011189933866262436,921,1.0,1.0,1.0,0.47058823529411764,0.7941176470588235,0.5925925925925927
msmarco-passage-trec-dl-2020,997622,blocker,2048,1472,576,2048,0.71875,896,22,0,-0.0003750864416360855,1845,1.0,1.0,1.0,0.47058823529411764,0.7941176470588235,0.5925925925925927
msmarco-passage-trec-dl-2020,997622,blocker,4096,3344,752,4096,0.81640625,2592,22,0,-1.611746847629547e-05,3765,1.0,1.0,1.0,0.47058823529411764,0.7941176470588235,0.5925925925925927
msmarco-passage-trec-dl-2020,997622,blocker,8192,5000,3192,8192,0.6103515625,1808,25,0,-1.543387770652771e-05,7369,1.0,1.0,1.0,0.5,0.7941176470588235,0.6296296296296297
msmarco-passage-trec-dl-2020,997622,blocker,10000,5000,5000,10000,0.5,0,25,0,-1.543387770652771e-05,9027,1.0,1.0,1.0,0.5,0.7941176470588235,0.6296296296296297
msmarco-passage-trec-dl-2020,997622,candidate,128,64,64,128,0.5,0,11,0,-0.0005695298314094543,110,1.0,1.0,1.0,0.3235294117647059,0.7941176470588235,0.40740740740740744
msmarco-passage-trec-dl-2020,997622,candidate,256,144,112,256,0.5625,32,16,0,-0.0004102438688278198,235,1.0,1.0,1.0,0.4411764705882353,0.7941176470588235,0.5555555555555556
msmarco-passage-trec-dl-2020,997622,candidate,512,304,208,512,0.59375,96,20,0,-0.0007639117538928986,466,1.0,1.0,1.0,0.47058823529411764,0.7941176470588235,0.5925925925925927
msmarco-passage-trec-dl-2020,997622,candidate,1024,656,368,1024,0.640625,288,22,0,-0.0011189933866262436,921,1.0,1.0,1.0,0.47058823529411764,0.7941176470588235,0.5925925925925927
msmarco-passage-trec-dl-2020,997622,candidate,2048,1472,576,2048,0.71875,896,22,0,-0.0003750864416360855,1845,1.0,1.0,1.0,0.47058823529411764,0.7941176470588235,0.5925925925925927
msmarco-passage-trec-dl-2020,997622,candidate,4096,3344,752,4096,0.81640625,2592,22,0,-1.611746847629547e-05,3765,1.0,1.0,1.0,0.47058823529411764,0.7941176470588235,0.5925925925925927
msmarco-passage-trec-dl-2020,997622,candidate,8192,5000,3192,8192,0.6103515625,1808,25,0,-1.543387770652771e-05,7369,1.0,1.0,1.0,0.5,0.7941176470588235,0.6296296296296297
msmarco-passage-trec-dl-2020,997622,candidate,10000,5000,5000,10000,0.5,0,25,0,-1.543387770652771e-05,9027,1.0,1.0,1.0,0.5,0.7941176470588235,0.6296296296296297
msmarco-passage-trec-dl-2020,997622,candidate-safe,128,64,64,128,0.5,0,11,0,-0.0005695298314094543,110,1.0,1.0,1.0,0.3235294117647059,0.7941176470588235,0.40740740740740744
msmarco-passage-trec-dl-2020,997622,candidate-safe,256,144,112,256,0.5625,32,16,0,-0.0004102438688278198,235,1.0,1.0,1.0,0.4411764705882353,0.7941176470588235,0.5555555555555556
msmarco-passage-trec-dl-2020,997622,candidate-safe,512,304,208,512,0.59375,96,20,0,-0.0007639117538928986,466,1.0,1.0,1.0,0.47058823529411764,0.7941176470588235,0.5925925925925927
msmarco-passage-trec-dl-2020,997622,candidate-safe,1024,656,368,1024,0.640625,288,22,0,-0.0011189933866262436,921,1.0,1.0,1.0,0.47058823529411764,0.7941176470588235,0.5925925925925927
msmarco-passage-trec-dl-2020,997622,candidate-safe,2048,1472,576,2048,0.71875,896,22,0,-0.0003750864416360855,1845,1.0,1.0,1.0,0.47058823529411764,0.7941176470588235,0.5925925925925927
msmarco-passage-trec-dl-2020,997622,candidate-safe,4096,3344,752,4096,0.81640625,2592,22,0,-1.611746847629547e-05,3765,1.0,1.0,1.0,0.47058823529411764,0.7941176470588235,0.5925925925925927
msmarco-passage-trec-dl-2020,997622,candidate-safe,8192,5000,3192,8192,0.6103515625,1808,25,0,-1.543387770652771e-05,7369,1.0,1.0,1.0,0.5,0.7941176470588235,0.6296296296296297
msmarco-passage-trec-dl-2020,997622,candidate-safe,10000,5000,5000,10000,0.5,0,25,0,-1.543387770652771e-05,9027,1.0,1.0,1.0,0.5,0.7941176470588235,0.6296296296296297
msmarco-passage-trec-dl-2020,997622,pressure,128,64,64,128,0.5,0,11,0,-0.0005695298314094543,110,1.0,1.0,1.0,0.3235294117647059,0.7941176470588235,0.40740740740740744
msmarco-passage-trec-dl-2020,997622,pressure,256,144,112,256,0.5625,32,16,0,-0.0004102438688278198,235,1.0,1.0,1.0,0.4411764705882353,0.7941176470588235,0.5555555555555556
msmarco-passage-trec-dl-2020,997622,pressure,512,304,208,512,0.59375,96,20,0,-0.0007639117538928986,466,1.0,1.0,1.0,0.47058823529411764,0.7941176470588235,0.5925925925925927
msmarco-passage-trec-dl-2020,997622,pressure,1024,656,368,1024,0.640625,288,22,0,-0.0011189933866262436,921,1.0,1.0,1.0,0.47058823529411764,0.7941176470588235,0.5925925925925927
msmarco-passage-trec-dl-2020,997622,pressure,2048,1280,768,2048,0.625,512,22,0,-0.0004686135798692703,1837,1.0,1.0,1.0,0.47058823529411764,0.7941176470588235,0.5925925925925927
msmarco-passage-trec-dl-2020,997622,pressure,4096,3328,768,4096,0.8125,2560,22,0,-1.7503276467323303e-05,3757,1.0,1.0,1.0,0.47058823529411764,0.7941176470588235,0.5925925925925927
msmarco-passage-trec-dl-2020,997622,pressure,8192,5000,3192,8192,0.6103515625,1808,25,0,-1.543387770652771e-05,7369,1.0,1.0,1.0,0.5,0.7941176470588235,0.6296296296296297
msmarco-passage-trec-dl-2020,997622,pressure,10000,5000,5000,10000,0.5,0,25,0,-1.543387770652771e-05,9027,1.0,1.0,1.0,0.5,0.7941176470588235,0.6296296296296297
msmarco-passage-trec-dl-2020,997622,allocation-grid-oracle,128,64,64,128,0.5,0,11,0,-0.0005695298314094543,110,1.0,1.0,1.0,0.3235294117647059,0.7941176470588235,0.40740740740740744
msmarco-passage-trec-dl-2020,997622,allocation-grid-oracle,256,144,112,256,0.5625,32,16,0,-0.0004102438688278198,235,1.0,1.0,1.0,0.4411764705882353,0.7941176470588235,0.5555555555555556
msmarco-passage-trec-dl-2020,997622,allocation-grid-oracle,512,304,208,512,0.59375,96,20,0,-0.0007639117538928986,466,1.0,1.0,1.0,0.47058823529411764,0.7941176470588235,0.5925925925925927
msmarco-passage-trec-dl-2020,997622,allocation-grid-oracle,1024,656,368,1024,0.640625,288,22,0,-0.0011189933866262436,921,1.0,1.0,1.0,0.47058823529411764,0.7941176470588235,0.5925925925925927
msmarco-passage-trec-dl-2020,997622,allocation-grid-oracle,2048,1472,576,2048,0.71875,896,22,0,-0.0003750864416360855,1845,1.0,1.0,1.0,0.47058823529411764,0.7941176470588235,0.5925925925925927
msmarco-passage-trec-dl-2020,997622,allocation-grid-oracle,4096,3344,752,4096,0.81640625,2592,22,0,-1.611746847629547e-05,3765,1.0,1.0,1.0,0.47058823529411764,0.7941176470588235,0.5925925925925927
msmarco-passage-trec-dl-2020,997622,allocation-grid-oracle,8192,5000,3192,8192,0.6103515625,1808,25,0,-1.543387770652771e-05,7369,1.0,1.0,1.0,0.5,0.7941176470588235,0.6296296296296297
msmarco-passage-trec-dl-2020,997622,allocation-grid-oracle,10000,5000,5000,10000,0.5,0,25,0,-1.543387770652771e-05,9027,1.0,1.0,1.0,0.5,0.7941176470588235,0.6296296296296297
