dataset,query_id,k,batch_size,certified,censored_at_5000,certificate_depth,depth_lower_bound,depth_per_k,exceeds_1000,exceeds_2000,overlap_at_k,overlap_at_5k,overlap_at_10k_capped1000,fused_topk_dual_seen_fraction,fused_topk_opposite_rank_median,fused_topk_opposite_rank_max,fused_topk_any_opposite_censored,kth_lower_at_5000,anonymous_upper_at_5000,strongest_competitor_upper_at_5000,minimum_order_slack_at_5000,ambiguity_at_5000,known_k20_poison_query,judged_relevant_total,judged_relevant_retrieved,judged_recall_at_k,judged_dcg_at_k,judged_ndcg_at_k
msmarco-passage-trec-dl-2019,156493,5,64,1,0,64,64,12.8,0,0,0.2,0.4,0.52,1.0,10.0,20,0,0.02828322723507881,0.0003952569095417857,0.030180182307958603,0.0,certified,0,133,5,0.03759398496240601,10.845377356638176,0.8443019660324382
msmarco-passage-trec-dl-2019,156493,10,64,1,0,64,64,6.4,0,0,0.3,0.52,0.54,1.0,17.5,31,0,0.027242401614785194,0.0003952569095417857,0.030180182307958603,0.0,certified,0,133,10,0.07518796992481203,15.630678014265037,0.8865613677260855
msmarco-passage-trec-dl-2019,156493,20,64,1,0,128,128,6.4,0,0,0.4,0.54,0.535,1.0,25.5,57,0,0.022679127752780914,0.0003952569095417857,0.030180182307958603,0.0,certified,0,133,20,0.15037593984962405,23.120805145770536,0.9203847174326445
msmarco-passage-trec-dl-2019,156493,50,64,1,0,192,192,3.84,0,0,0.52,0.508,0.632,1.0,48.5,185,0,0.018068384379148483,0.0003952569095417857,0.030180182307958603,0.0,certified,0,133,50,0.37593984962406013,40.693198105602356,0.9531541301953308
msmarco-passage-trec-dl-2019,156493,100,64,1,0,832,832,8.32,0,0,0.54,0.632,0.672,1.0,91.5,799,0,0.011528821662068367,0.0003952569095417857,0.030180182307958603,0.0,certified,0,133,86,0.6466165413533834,57.901248841593365,0.8665774350892397
msmarco-passage-trec-dl-2019,1110199,5,64,1,0,128,128,25.6,0,0,0.0,0.08,0.06,1.0,29.0,107,0,0.02241753786802292,0.0003952569095417857,0.028030304238200188,5.302205681800842e-05,certified,0,35,4,0.11428571428571428,6.553347682417997,0.31751924931403774
msmarco-passage-trec-dl-2019,1110199,10,64,1,0,512,512,51.2,0,0,0.1,0.06,0.08,1.0,96.5,460,0,0.01809280551970005,0.0003952569095417857,0.028030304238200188,5.302205681800842e-05,certified,0,35,7,0.2,12.062512546723266,0.4492665775732898
msmarco-passage-trec-dl-2019,1110199,20,64,0,1,,5001,,1,1,0.05,0.08,0.14,1.0,161.5,1389,0,0.015993373468518257,0.0003952569095417857,0.028030304238200188,-7.727183401584625e-05,seen-competitor,0,35,11,0.3142857142857143,15.439455300801466,0.4496125052183578
msmarco-passage-trec-dl-2019,1110199,50,64,0,1,,5001,,1,1,0.06,0.128,0.148,0.84,598.5,5001,1,0.01315789483487606,0.0003952569095417857,0.028030304238200188,-7.727183401584625e-05,seen-competitor,0,35,17,0.4857142857142857,19.947483029149595,0.4880081519061202
msmarco-passage-trec-dl-2019,1110199,100,64,0,1,,5001,,1,1,0.08,0.148,0.281,0.76,1048.5,5001,1,0.010309278033673763,0.0003952569095417857,0.028030304238200188,-7.727183401584625e-05,seen-competitor,0,35,18,0.5142857142857142,20.432149431478585,0.4998653448635437
msmarco-passage-trec-dl-2019,1063750,5,64,1,0,128,128,25.6,0,0,0.0,0.04,0.08,1.0,41.0,51,0,0.024242423474788666,0.0003952569095417857,0.028021348640322685,0.0006829500198364258,certified,0,276,3,0.010869565217391304,6.392789260714372,0.36805537399262456
msmarco-passage-trec-dl-2019,1063750,10,64,1,0,1024,1024,102.4,1,0,0.0,0.08,0.08,1.0,57.5,521,0,0.017597153782844543,0.0003952569095417857,0.028021348640322685,7.35744833946228e-06,certified,0,276,5,0.018115942028985508,8.339183891071558,0.37641213526708334
msmarco-passage-trec-dl-2019,1063750,20,64,0,1,,5001,,1,1,0.05,0.08,0.115,0.9,146.0,5001,1,0.01581640914082527,0.0003952569095417857,0.028021348640322685,-0.0001506861299276352,seen-competitor,0,276,11,0.03985507246376811,13.377463434493599,0.45126254556376605
msmarco-passage-trec-dl-2019,1063750,50,64,0,1,,5001,,1,1,0.08,0.096,0.08,0.7,522.5,5001,1,0.012848932296037674,0.0003952569095417857,0.028021348640322685,-0.0001506861299276352,seen-competitor,0,276,24,0.08695652173913043,19.60884456266489,0.41529277552950333
msmarco-passage-trec-dl-2019,1063750,100,64,0,1,,5001,,1,1,0.08,0.08,0.066,0.5,4978.0,5001,1,0.009615384973585606,0.0003952569095417857,0.028021348640322685,-0.0001506861299276352,seen-competitor,0,276,43,0.15579710144927536,28.564084869980984,0.4003951825228743
msmarco-passage-trec-dl-2019,130510,5,64,1,0,64,64,12.8,0,0,0.0,0.52,0.44,1.0,8.0,12,0,0.03030998818576336,0.0003952569095417857,0.03177805617451668,4.0125101804733276e-05,certified,0,28,5,0.17857142857142858,14.916507599862173,0.72272653993353
msmarco-passage-trec-dl-2019,130510,10,64,1,0,64,64,6.4,0,0,0.5,0.44,0.3,1.0,10.5,25,0,0.028033792972564697,0.0003952569095417857,0.03177805617451668,4.0125101804733276e-05,certified,0,28,10,0.35714285714285715,20.052176750962342,0.7468404933801904
msmarco-passage-trec-dl-2019,130510,20,64,1,0,64,64,3.2,0,0,0.5,0.3,0.205,1.0,20.0,47,0,0.023823028430342674,0.0003952569095417857,0.03177805617451668,1.4100223779678345e-06,certified,0,28,19,0.6785714285714286,25.328697469881448,0.8045548400821083
msmarco-passage-trec-dl-2019,130510,50,64,0,1,,5001,,1,1,0.44,0.208,0.19,0.94,84.5,5001,1,0.01258623693138361,0.0003952569095417857,0.03177805617451668,-0.00016495399177074432,seen-competitor,0,28,27,0.9642857142857143,27.809364474563857,0.8376996334827124
msmarco-passage-trec-dl-2019,130510,100,64,0,1,,5001,,1,1,0.3,0.19,0.17,0.8,324.5,5001,1,0.009345794096589088,0.0003952569095417857,0.03177805617451668,-0.00016495399177074432,seen-competitor,0,28,27,0.9642857142857143,27.809364474563857,0.8376996334827124
msmarco-passage-trec-dl-2019,489204,5,64,1,0,128,128,25.6,0,0,0.0,0.08,0.14,1.0,34.0,43,0,0.024115297943353653,0.0003952569095417857,0.02964426949620247,3.079138696193695e-05,certified,0,96,4,0.041666666666666664,5.561606311644851,0.43296558421234305
msmarco-passage-trec-dl-2019,489204,10,64,1,0,192,192,19.2,0,0,0.2,0.14,0.18,1.0,41.5,120,0,0.020971206948161125,0.0003952569095417857,0.02964426949620247,3.079138696193695e-05,certified,0,96,5,0.052083333333333336,5.9178134987528725,0.33565433467531713
msmarco-passage-trec-dl-2019,489204,20,64,1,0,448,448,22.4,0,0,0.1,0.18,0.24,1.0,75.5,254,0,0.018767360597848892,0.0003952569095417857,0.02964426949620247,1.1593103408813477e-05,certified,0,96,8,0.08333333333333333,7.192300767530402,0.2863085289581705
msmarco-passage-trec-dl-2019,489204,50,64,0,1,,5001,,1,1,0.14,0.232,0.278,0.96,129.0,5001,1,0.014369640499353409,0.0003952569095417857,0.02964426949620247,-0.00012194924056529999,seen-competitor,0,96,12,0.125,8.3531214256745,0.25516800087590863
msmarco-passage-trec-dl-2019,489204,100,64,0,1,,5001,,1,1,0.18,0.278,0.325,0.97,297.5,5001,1,0.01077526155859232,0.0003952569095417857,0.02964426949620247,-0.00012194924056529999,seen-competitor,0,96,17,0.17708333333333334,9.180572038832702,0.22852034035344262
msmarco-passage-trec-dl-2019,573724,5,64,1,0,64,64,12.8,0,0,0.2,0.4,0.58,1.0,10.0,17,0,0.02903091162443161,0.0003952569095417857,0.030621785670518875,0.00031325407326221466,certified,0,69,5,0.07246376811594203,5.7221647333484755,0.4454648995104376
msmarco-passage-trec-dl-2019,573724,10,64,1,0,64,64,6.4,0,0,0.3,0.58,0.65,1.0,14.5,34,0,0.026153847575187683,0.0003952569095417857,0.030621785670518875,0.00010033324360847473,certified,0,69,10,0.14492753623188406,7.919324943885392,0.44917869508352665
msmarco-passage-trec-dl-2019,573724,20,64,1,0,128,128,6.4,0,0,0.4,0.65,0.525,1.0,25.0,73,0,0.02386363595724106,0.0003952569095417857,0.030621785670518875,3.4656375646591187e-05,certified,0,69,19,0.2753623188405797,11.68957977777145,0.5374260404058488
msmarco-passage-trec-dl-2019,573724,50,64,1,0,192,192,3.84,0,0,0.58,0.44,0.29,1.0,45.0,149,0,0.01799733377993107,0.0003952569095417857,0.030621785670518875,2.7921050786972046e-06,certified,0,69,37,0.5362318840579711,17.19816956659573,0.6229299559051044
msmarco-passage-trec-dl-2019,573724,100,64,0,1,,5001,,1,1,0.65,0.29,0.191,0.98,80.5,5001,1,0.0114572923630476,0.0003952569095417857,0.030621785670518875,-4.4024549424648285e-05,seen-competitor,0,69,55,0.7971014492753623,21.38595217896836,0.6939686617877886
msmarco-passage-trec-dl-2019,168216,5,64,1,0,64,64,12.8,0,0,0.4,0.16,0.34,1.0,10.0,27,0,0.027500923722982407,0.0003952569095417857,0.032786883413791656,0.0005122870206832886,certified,0,289,5,0.01730103806228374,20.639213832155747,1.0
msmarco-passage-trec-dl-2019,168216,10,64,1,0,128,128,12.8,0,0,0.3,0.34,0.6,1.0,26.5,55,0,0.023959826678037643,0.0003952569095417857,0.032786883413791656,2.2293999791145325e-05,certified,0,289,10,0.03460207612456748,31.804915366618417,1.0
msmarco-passage-trec-dl-2019,168216,20,64,1,0,128,128,6.4,0,0,0.2,0.6,0.705,1.0,37.0,80,0,0.022592592984437943,0.0003952569095417857,0.032786883413791656,3.295019268989563e-06,certified,0,289,20,0.06920415224913495,49.28187867346458,1.0
msmarco-passage-trec-dl-2019,168216,50,64,1,0,192,192,3.84,0,0,0.34,0.636,0.546,1.0,58.5,192,0,0.018616171553730965,0.0003952569095417857,0.032786883413791656,4.954636096954346e-07,certified,0,289,50,0.17301038062283736,79.92463726548073,0.8852567802081158
msmarco-passage-trec-dl-2019,168216,100,64,1,0,384,384,3.84,0,0,0.6,0.546,0.565,1.0,89.0,350,0,0.013178561814129353,0.0003952569095417857,0.032786883413791656,4.954636096954346e-07,certified,0,289,100,0.3460207612456747,121.55109830618841,0.9409043540373102
msmarco-passage-trec-dl-2019,1133167,5,64,1,0,64,64,12.8,0,0,0.0,0.2,0.16,1.0,15.0,20,0,0.028006266802549362,0.0003952569095417857,0.02943722903728485,4.9952417612075806e-05,certified,0,285,5,0.017543859649122806,8.845377356638176,0.4285714285714285
msmarco-passage-trec-dl-2019,1133167,10,64,1,0,128,128,12.8,0,0,0.0,0.16,0.37,1.0,24.5,108,0,0.02211705595254898,0.0003952569095417857,0.02943722903728485,7.078051567077637e-07,certified,0,285,10,0.03508771929824561,14.333081594026913,0.4506561777891266
msmarco-passage-trec-dl-2019,1133167,20,64,1,0,192,192,9.6,0,0,0.25,0.37,0.535,1.0,74.0,186,0,0.02045716531574726,0.0003952569095417857,0.02943722903728485,7.078051567077637e-07,certified,0,285,20,0.07017543859649122,21.360452299212895,0.5285825757141327
msmarco-passage-trec-dl-2019,1133167,50,64,1,0,896,896,17.92,0,0,0.16,0.536,0.378,1.0,95.5,874,0,0.016471557319164276,0.0003952569095417857,0.02943722903728485,5.923211574554443e-07,certified,0,285,50,0.17543859649122806,40.06468292028025,0.6909704520838287
msmarco-passage-trec-dl-2019,1133167,100,64,1,0,3648,3648,36.48,1,1,0.37,0.378,0.22,1.0,119.0,3586,0,0.0128076933324337,0.0003952569095417857,0.02943722903728485,5.923211574554443e-07,certified,0,285,98,0.34385964912280703,65.04548129387925,0.7922132859603497
msmarco-passage-trec-dl-2019,527433,5,64,1,0,64,64,12.8,0,0,0.2,0.2,0.22,1.0,16.0,20,0,0.027364110574126244,0.0003952569095417857,0.029906954616308212,5.3729861974716187e-05,certified,0,75,5,0.06666666666666667,11.98402424049139,0.5806434459155787
msmarco-passage-trec-dl-2019,527433,10,64,1,0,128,128,12.8,0,0,0.1,0.22,0.19,1.0,27.5,58,0,0.023994453251361847,0.0003952569095417857,0.029906954616308212,5.3729861974716187e-05,certified,0,75,9,0.12,16.439583735153846,0.6122899763058403
msmarco-passage-trec-dl-2019,527433,20,64,1,0,1024,1024,51.2,0,0,0.25,0.19,0.225,1.0,47.0,368,0,0.017337461933493614,0.0003952569095417857,0.029906954616308212,5.3729861974716187e-05,certified,0,75,11,0.14666666666666667,16.92990351888799,0.49301586007617676
msmarco-passage-trec-dl-2019,527433,50,64,1,0,2752,2752,55.04,1,1,0.22,0.264,0.368,1.0,141.5,2722,0,0.013903696089982986,0.0003952569095417857,0.029906954616308212,3.135763108730316e-06,certified,0,75,21,0.28,24.18792306171933,0.5256063900655394
msmarco-passage-trec-dl-2019,527433,100,64,0,1,,5001,,1,1,0.19,0.368,0.438,1.0,337.0,2722,0,0.010572623461484909,0.0003952569095417857,0.029906954616308212,-2.2535212337970734e-05,seen-competitor,0,75,29,0.38666666666666666,26.790698116902856,0.5337288412205582
msmarco-passage-trec-dl-2019,1037798,5,64,1,0,64,64,12.8,0,0,0.4,0.32,0.16,1.0,14.0,18,0,0.02830941043794155,0.0003952569095417857,0.0317540317773819,0.00013218633830547333,certified,0,13,0,0.0,0.0,0.0
msmarco-passage-trec-dl-2019,1037798,10,64,1,0,128,128,12.8,0,0,0.2,0.16,0.12,1.0,17.5,59,0,0.023859191685914993,0.0003952569095417857,0.0317540317773819,0.00013218633830547333,certified,0,13,1,0.07692307692307693,2.1072099696478683,0.1148764147845039
msmarco-passage-trec-dl-2019,1037798,20,64,0,1,,5001,,1,1,0.3,0.12,0.08,0.8,62.0,5001,1,0.014925372786819935,0.0003952569095417857,0.0317540317773819,-0.00010037049651145935,seen-competitor,0,13,2,0.15384615384615385,4.059810589205777,0.21194401685445144
msmarco-passage-trec-dl-2019,1037798,50,64,0,1,,5001,,1,1,0.16,0.096,0.104,0.56,3092.5,5001,1,0.012207518331706524,0.0003952569095417857,0.0317540317773819,-0.00010037049651145935,seen-competitor,0,13,6,0.46153846153846156,5.21782008569489,0.27239836043739124
msmarco-passage-trec-dl-2019,1037798,100,64,0,1,,5001,,1,1,0.12,0.104,0.112,0.49,5001.0,5001,1,0.009259259328246117,0.0003952569095417857,0.0317540317773819,-0.00010037049651145935,seen-competitor,0,13,9,0.6923076923076923,6.061692603990003,0.3164530588797481
msmarco-passage-trec-dl-2019,915593,5,64,1,0,64,64,12.8,0,0,0.2,0.24,0.36,1.0,9.0,17,0,0.02903091162443161,0.0003952569095417857,0.0313725508749485,0.00014980696141719818,certified,0,92,4,0.043478260869565216,15.931244181513954,0.7718920066951964
msmarco-passage-trec-dl-2019,915593,10,64,1,0,128,128,12.8,0,0,0.4,0.36,0.51,1.0,16.0,52,0,0.02416052483022213,0.0003952569095417857,0.0313725508749485,8.109398186206818e-05,certified,0,92,5,0.05434782608695652,16.798438660467617,0.5281711479760391
msmarco-passage-trec-dl-2019,915593,20,64,1,0,128,128,6.4,0,0,0.3,0.51,0.59,1.0,35.0,102,0,0.022037651389837265,0.0003952569095417857,0.0313725508749485,4.5318156480789185e-06,certified,0,92,8,0.08695652173913043,19.381805955478004,0.39328464086970727
msmarco-passage-trec-dl-2019,915593,50,64,1,0,320,320,6.4,0,0,0.36,0.552,0.356,1.0,61.5,273,0,0.01787935383617878,0.0003952569095417857,0.0313725508749485,2.5723129510879517e-06,certified,0,92,21,0.22826086956521738,30.324593603305715,0.4025057856543789
msmarco-passage-trec-dl-2019,915593,100,64,1,0,448,448,4.48,0,0,0.51,0.356,0.207,1.0,100.5,446,0,0.013040786609053612,0.0003952569095417857,0.0313725508749485,8.698552846908569e-07,certified,0,92,41,0.44565217391304346,42.288719058794086,0.46069627102057203
msmarco-passage-trec-dl-2019,264014,5,64,1,0,64,64,12.8,0,0,0.4,0.16,0.34,1.0,18.0,40,0,0.026767678558826447,0.0003952569095417857,0.032522473484277725,0.0,certified,0,211,5,0.023696682464454975,15.369096370924007,0.7446551257189392
msmarco-passage-trec-dl-2019,264014,10,64,1,0,128,128,12.8,0,0,0.2,0.34,0.41,1.0,37.0,49,0,0.023859649896621704,0.0003952569095417857,0.032522473484277725,0.0,certified,0,211,10,0.04739336492890995,20.06797298435497,0.6309708028784059
msmarco-passage-trec-dl-2019,264014,20,64,1,0,128,128,6.4,0,0,0.15,0.41,0.42,1.0,42.0,101,0,0.02207661233842373,0.0003952569095417857,0.032522473484277725,0.0,certified,0,211,19,0.09004739336492891,29.182104663472916,0.5921467575704612
msmarco-passage-trec-dl-2019,264014,50,64,1,0,448,448,8.96,0,0,0.34,0.404,0.3,1.0,68.0,245,0,0.016684100031852722,0.0003952569095417857,0.032522473484277725,0.0,certified,0,211,47,0.22274881516587677,46.16729242179354,0.67264445495656
msmarco-passage-trec-dl-2019,264014,100,64,0,1,,5001,,1,1,0.41,0.3,0.227,0.97,126.5,5001,1,0.011111111380159855,0.0003952569095417857,0.032522473484277725,-0.00013730023056268692,seen-competitor,0,211,84,0.3981042654028436,64.21196190570853,0.6922501577526744
msmarco-passage-trec-dl-2019,1121402,5,64,1,0,64,64,12.8,0,0,0.2,0.64,0.56,1.0,9.0,13,0,0.02941812574863434,0.0003952569095417857,0.03102453239262104,9.449571371078491e-05,certified,0,46,5,0.10869565217391304,8.845377356638176,1.0
msmarco-passage-trec-dl-2019,1121402,10,64,1,0,64,64,6.4,0,0,0.4,0.56,0.35,1.0,13.5,22,0,0.027497194707393646,0.0003952569095417857,0.03102453239262104,2.9200688004493713e-05,certified,0,46,10,0.21739130434782608,12.999748260693579,0.9537125187088151
msmarco-passage-trec-dl-2019,1121402,20,64,1,0,64,64,3.2,0,0,0.5,0.35,0.2,1.0,20.5,39,0,0.02454819157719612,0.0003952569095417857,0.03102453239262104,1.987069845199585e-05,certified,0,46,20,0.43478260869565216,17.021599742844543,0.8059162340339633
msmarco-passage-trec-dl-2019,1121402,50,64,1,0,4608,4608,92.16,1,1,0.56,0.176,0.14,1.0,38.0,4601,0,0.011444351635873318,0.0003952569095417857,0.03102453239262104,6.1960890889167786e-06,certified,0,46,41,0.8913043478260869,24.734106848085418,0.8963430773245739
msmarco-passage-trec-dl-2019,1121402,100,64,0,1,,5001,,1,1,0.35,0.14,0.112,0.7,627.5,5001,1,0.008474576286971569,0.0003952569095417857,0.03102453239262104,-0.00017465651035308838,seen-competitor,0,46,44,0.9565217391304348,25.605411370329737,0.9279184150374755
msmarco-passage-trec-dl-2019,962179,5,64,1,0,128,128,25.6,0,0,0.0,0.0,0.1,1.0,45.0,59,0,0.023180458694696426,0.0003952569095417857,0.02548840269446373,0.00030261091887950897,certified,0,25,5,0.2,20.639213832155747,1.0
msmarco-passage-trec-dl-2019,962179,10,64,1,0,192,192,19.2,0,0,0.0,0.1,0.24,1.0,55.5,115,0,0.02177681401371956,0.0003952569095417857,0.02548840269446373,8.490495383739471e-05,certified,0,25,9,0.36,29.596661229118318,0.9305687780632228
msmarco-passage-trec-dl-2019,962179,20,64,1,0,768,768,38.4,0,0,0.0,0.24,0.295,1.0,74.0,218,0,0.017913509160280228,0.0003952569095417857,0.02548840269446373,1.2272968888282776e-05,certified,0,25,14,0.56,35.21175020552873,0.7144969135376774
msmarco-passage-trec-dl-2019,962179,50,64,0,1,,5001,,1,1,0.1,0.3,0.266,0.96,120.0,5001,1,0.015624367631971836,0.0003952569095417857,0.02548840269446373,-4.5243650674819946e-05,seen-competitor,0,25,19,0.76,39.91162663225059,0.7853239508254645
msmarco-passage-trec-dl-2019,962179,100,64,0,1,,5001,,1,1,0.24,0.266,0.167,0.91,204.5,5001,1,0.011239147745072842,0.0003952569095417857,0.02548840269446373,-4.5243650674819946e-05,seen-competitor,0,25,22,0.88,43.36304460760782,0.8532360212938569
msmarco-passage-trec-dl-2019,1117099,5,64,1,0,64,64,12.8,0,0,0.0,0.36,0.42,1.0,11.0,22,0,0.028739120811223984,0.0003952569095417857,0.03021353855729103,3.9074569940567017e-05,certified,0,119,5,0.04201680672268908,20.639213832155747,1.0
msmarco-passage-trec-dl-2019,1117099,10,64,1,0,64,64,6.4,0,0,0.2,0.42,0.28,1.0,17.5,26,0,0.025641025975346565,0.0003952569095417857,0.03021353855729103,3.9074569940567017e-05,certified,0,119,10,0.08403361344537816,31.804915366618417,1.0
msmarco-passage-trec-dl-2019,1117099,20,64,1,0,128,128,6.4,0,0,0.35,0.28,0.22,1.0,26.0,72,0,0.02308802306652069,0.0003952569095417857,0.03021353855729103,7.782131433486938e-06,certified,0,119,20,0.16806722689075632,47.361640851525124,0.9610356205236673
msmarco-passage-trec-dl-2019,1117099,50,64,0,1,,5001,,1,1,0.42,0.22,0.184,0.86,84.0,5001,1,0.012500000186264515,0.0003952569095417857,0.03021353855729103,-0.00016440916806459427,seen-competitor,0,119,31,0.2605042016806723,59.31306221206467,0.6839489213010791
msmarco-passage-trec-dl-2019,1117099,100,64,0,1,,5001,,1,1,0.28,0.184,0.242,0.74,492.5,5001,1,0.00941244326531887,0.0003952569095417857,0.03021353855729103,-0.00016440916806459427,seen-competitor,0,119,34,0.2857142857142857,61.47644465322921,0.581928844309979
msmarco-passage-trec-dl-2019,148538,5,64,1,0,64,64,12.8,0,0,0.2,0.28,0.36,1.0,11.0,14,0,0.02877846732735634,0.0003952569095417857,0.03083491325378418,0.00013454817235469818,certified,0,101,3,0.0297029702970297,7.886852807234542,0.5131630784849048
msmarco-passage-trec-dl-2019,148538,10,64,1,0,128,128,12.8,0,0,0.2,0.36,0.31,1.0,15.5,47,0,0.024585478007793427,0.0003952569095417857,0.03083491325378418,0.00011703930795192719,certified,0,101,6,0.0594059405940594,9.491382510338159,0.4709335881838884
msmarco-passage-trec-dl-2019,148538,20,64,1,0,128,128,6.4,0,0,0.3,0.31,0.285,1.0,32.0,107,0,0.022366967052221298,0.0003952569095417857,0.03083491325378418,4.1350722312927246e-07,certified,0,101,13,0.12871287128712872,11.824868859053026,0.42774723813618054
msmarco-passage-trec-dl-2019,148538,50,64,1,0,1280,1280,25.6,1,0,0.36,0.308,0.394,1.0,80.0,1277,0,0.014069264754652977,0.0003952569095417857,0.03083491325378418,4.1350722312927246e-07,certified,0,101,33,0.32673267326732675,19.33630492082332,0.501706182978191
msmarco-passage-trec-dl-2019,148538,100,64,1,0,3008,3008,30.08,1,1,0.31,0.394,0.49,1.0,200.0,2991,0,0.010627217590808868,0.0003952569095417857,0.03083491325378418,2.5331974029541016e-07,certified,0,101,44,0.43564356435643564,22.99898300105713,0.49373078336025994
msmarco-passage-trec-dl-2019,451602,5,64,1,0,64,64,12.8,0,0,0.2,0.28,0.28,1.0,10.0,14,0,0.02881426177918911,0.0003952569095417857,0.030621785670518875,8.565559983253479e-05,certified,0,154,3,0.01948051948051948,5.660558421703625,0.27426230803832824
msmarco-passage-trec-dl-2019,451602,10,64,1,0,128,128,12.8,0,0,0.3,0.28,0.32,1.0,17.5,55,0,0.024386724457144737,0.0003952569095417857,0.030621785670518875,3.645196557044983e-06,certified,0,154,6,0.03896103896103896,9.060967372513558,0.28489204476939767
msmarco-passage-trec-dl-2019,451602,20,64,1,0,192,192,9.6,0,0,0.25,0.32,0.425,1.0,34.0,171,0,0.021014492958784103,0.0003952569095417857,0.030621785670518875,3.645196557044983e-06,certified,0,154,12,0.07792207792207792,16.388438987006587,0.3325449318925986
msmarco-passage-trec-dl-2019,451602,50,64,1,0,1600,1600,32.0,1,0,0.28,0.428,0.39,1.0,85.0,1537,0,0.015844689682126045,0.0003952569095417857,0.030621785670518875,3.645196557044983e-06,certified,0,154,23,0.14935064935064934,23.797419540419508,0.26358364229589304
msmarco-passage-trec-dl-2019,451602,100,64,0,1,,5001,,1,1,0.32,0.39,0.307,0.98,153.5,5001,1,0.011457609944045544,0.0003952569095417857,0.030621785670518875,-3.534369170665741e-05,seen-competitor,0,154,36,0.23376623376623376,27.89659039703952,0.22385950231152016
msmarco-passage-trec-dl-2019,359349,5,64,1,0,64,64,12.8,0,0,0.2,0.68,0.5,1.0,6.0,9,0,0.03131881356239319,0.0003952569095417857,0.03177805617451668,5.373731255531311e-05,certified,0,56,5,0.08928571428571429,14.392788585576342,0.6973515901634044
msmarco-passage-trec-dl-2019,359349,10,64,1,0,64,64,6.4,0,0,0.8,0.5,0.55,1.0,9.0,15,0,0.028665028512477875,0.0003952569095417857,0.03177805617451668,5.30146062374115e-05,certified,0,56,10,0.17857142857142858,23.06889748143413,0.7253249133197388
msmarco-passage-trec-dl-2019,359349,20,64,1,0,64,64,3.2,0,0,0.75,0.55,0.52,1.0,14.0,40,0,0.02257450856268406,0.0003952569095417857,0.03177805617451668,0.0,certified,0,56,18,0.32142857142857145,33.21555933303006,0.8219472911950271
msmarco-passage-trec-dl-2019,359349,50,64,1,0,320,320,6.4,0,0,0.5,0.548,0.63,1.0,50.5,225,0,0.015940222889184952,0.0003952569095417857,0.03177805617451668,0.0,certified,0,56,24,0.42857142857142855,36.04327797132456,0.7439077607554988
msmarco-passage-trec-dl-2019,359349,100,64,1,0,960,960,9.6,0,0,0.55,0.63,0.416,1.0,91.5,925,0,0.011265180073678493,0.0003952569095417857,0.03177805617451668,0.0,certified,0,56,38,0.6785714285714286,40.26044708773459,0.8134795309009989
msmarco-passage-trec-dl-2019,1115776,5,64,1,0,64,64,12.8,0,0,0.4,0.52,0.38,1.0,7.0,14,0,0.02982766181230545,0.0003952569095417857,0.03229166567325592,0.00024801865220069885,certified,0,24,4,0.16666666666666666,10.83889940421325,0.74262481800425
msmarco-passage-trec-dl-2019,1115776,10,64,1,0,64,64,6.4,0,0,0.3,0.38,0.25,1.0,13.0,26,0,0.02742537297308445,0.0003952569095417857,0.03229166567325592,6.126239895820618e-05,certified,0,24,8,0.3333333333333333,12.144934797104314,0.7501276406848633
msmarco-passage-trec-dl-2019,1115776,20,64,1,0,256,256,12.8,0,0,0.45,0.25,0.185,1.0,21.5,83,0,0.02001194655895233,0.0003952569095417857,0.03229166567325592,6.126239895820618e-05,certified,0,24,13,0.5416666666666666,13.917510034647439,0.7447616561135589
msmarco-passage-trec-dl-2019,1115776,50,64,0,1,,5001,,1,1,0.38,0.2,0.224,0.96,99.0,5001,1,0.012896948494017124,0.0003952569095417857,0.03229166567325592,-7.506459951400757e-07,seen-competitor,0,24,17,0.7083333333333334,14.667145005481945,0.7496259648911835
msmarco-passage-trec-dl-2019,1115776,100,64,0,1,,5001,,1,1,0.25,0.224,0.206,0.89,362.5,5001,1,0.009523809887468815,0.0003952569095417857,0.03229166567325592,-7.506459951400757e-07,seen-competitor,0,24,18,0.75,14.825779964397542,0.7577336698397698
msmarco-passage-trec-dl-2019,1112341,5,64,1,0,64,64,12.8,0,0,0.4,0.24,0.2,1.0,6.0,22,0,0.026631392538547516,0.0003952569095417857,0.03151364624500275,1.563131809234619e-05,certified,0,142,4,0.028169014084507043,16.208537949220382,0.7853272940061117
msmarco-passage-trec-dl-2019,1112341,10,64,1,0,128,128,12.8,0,0,0.3,0.2,0.19,1.0,21.5,65,0,0.022347066551446915,0.0003952569095417857,0.03151364624500275,1.563131809234619e-05,certified,0,142,8,0.056338028169014086,18.692227300623756,0.587715046091354
msmarco-passage-trec-dl-2019,1112341,20,64,1,0,704,704,35.2,0,0,0.2,0.19,0.165,1.0,47.5,269,0,0.017711598426103592,0.0003952569095417857,0.03151364624500275,1.563131809234619e-05,certified,0,142,15,0.1056338028169014,24.74608636020184,0.5021335839115679
msmarco-passage-trec-dl-2019,1112341,50,64,0,1,,5001,,1,1,0.2,0.148,0.118,0.92,142.5,5001,1,0.01387688610702753,0.0003952569095417857,0.03151364624500275,-8.299201726913452e-05,seen-competitor,0,142,25,0.176056338028169,32.12525005645461,0.3558238911224985
msmarco-passage-trec-dl-2019,1112341,100,64,0,1,,5001,,1,1,0.19,0.118,0.128,0.69,922.0,5001,1,0.009345794096589088,0.0003952569095417857,0.03151364624500275,-8.299201726913452e-05,seen-competitor,0,142,32,0.22535211267605634,38.2989223281111,0.26456018580351376
msmarco-passage-trec-dl-2019,131843,5,64,1,0,64,64,12.8,0,0,1.0,0.28,0.18,1.0,4.0,5,0,0.0314980149269104,0.0003952569095417857,0.032786883413791656,0.0002480149269104004,certified,0,64,5,0.078125,20.639213832155747,1.0
msmarco-passage-trec-dl-2019,131843,10,64,1,0,192,192,19.2,0,0,0.6,0.18,0.09,1.0,7.0,117,0,0.019380448386073112,0.0003952569095417857,0.032786883413791656,0.0002480149269104004,certified,0,64,9,0.140625,29.311465056862264,0.9216017310213247
msmarco-passage-trec-dl-2019,131843,20,64,0,1,,5001,,1,1,0.35,0.09,0.05,0.7,209.0,5001,1,0.014492753893136978,0.0003952569095417857,0.032786883413791656,-1.584552228450775e-05,seen-competitor,0,64,15,0.234375,40.042614260767,0.8695708395043903
msmarco-passage-trec-dl-2019,131843,50,64,0,1,,5001,,1,1,0.18,0.04,0.026,0.3,5001.0,5001,1,0.011363636702299118,0.0003952569095417857,0.032786883413791656,-1.584552228450775e-05,seen-competitor,0,64,22,0.34375,42.62783749297006,0.8212479370609108
msmarco-passage-trec-dl-2019,131843,100,64,0,1,,5001,,1,1,0.09,0.026,0.013,0.16,5001.0,5001,1,0.008771929889917374,0.0003952569095417857,0.032786883413791656,-1.584552228450775e-05,seen-competitor,0,64,22,0.34375,42.62783749297006,0.7851424900351222
msmarco-passage-trec-dl-2019,104861,5,64,1,0,192,192,38.4,0,0,0.0,0.0,0.06,1.0,55.0,133,0,0.02187500149011612,0.0003952569095417857,0.024532392621040344,0.0001279916614294052,certified,0,141,5,0.03546099290780142,8.845377356638176,1.0
msmarco-passage-trec-dl-2019,104861,10,64,1,0,192,192,19.2,0,0,0.0,0.06,0.24,1.0,70.5,147,0,0.020727384835481644,0.0003952569095417857,0.024532392621040344,5.135685205459595e-05,certified,0,141,10,0.07092198581560284,13.630678014265037,1.0
msmarco-passage-trec-dl-2019,104861,20,64,1,0,320,320,16.0,0,0,0.0,0.24,0.295,1.0,77.5,276,0,0.019494254142045975,0.0003952569095417857,0.024532392621040344,3.4086406230926514e-07,certified,0,141,20,0.14184397163120568,21.120805145770536,1.0
msmarco-passage-trec-dl-2019,104861,50,64,1,0,4800,4800,96.0,1,1,0.06,0.288,0.244,1.0,121.5,4766,0,0.01541315857321024,0.0003952569095417857,0.024532392621040344,3.4086406230926514e-07,certified,0,141,48,0.3404255319148936,37.27095992007456,0.96324319893005
msmarco-passage-trec-dl-2019,104861,100,64,0,1,,5001,,1,1,0.24,0.244,0.197,0.87,188.5,5001,1,0.011085295118391514,0.0003952569095417857,0.024532392621040344,-0.00012140534818172455,seen-competitor,0,141,77,0.5460992907801419,50.18041712529839,0.7988475395054044
msmarco-passage-trec-dl-2019,833860,5,64,1,0,64,64,12.8,0,0,0.2,0.2,0.18,1.0,8.0,35,0,0.026022912934422493,0.0003952569095417857,0.03079839050769806,2.187490463256836e-05,certified,0,75,5,0.06666666666666667,19.09180260321758,0.9250256699929476
msmarco-passage-trec-dl-2019,833860,10,64,1,0,128,128,12.8,0,0,0.3,0.18,0.2,1.0,27.5,51,0,0.022800881415605545,0.0003952569095417857,0.03079839050769806,2.187490463256836e-05,certified,0,75,10,0.13333333333333333,27.1012448324087,0.8521086920059355
msmarco-passage-trec-dl-2019,833860,20,64,1,0,512,512,25.6,0,0,0.2,0.2,0.165,1.0,51.0,462,0,0.018048416823148727,0.0003952569095417857,0.03079839050769806,2.187490463256836e-05,certified,0,75,16,0.21333333333333335,34.789260839605525,0.7480910040866887
msmarco-passage-trec-dl-2019,833860,50,64,0,1,,5001,,1,1,0.18,0.148,0.156,0.92,195.5,5001,1,0.013381668366491795,0.0003952569095417857,0.03079839050769806,-8.715502917766571e-05,seen-competitor,0,75,28,0.37333333333333335,43.89362380842659,0.7171865695998725
msmarco-passage-trec-dl-2019,833860,100,64,0,1,,5001,,1,1,0.2,0.156,0.155,0.78,477.5,5001,1,0.009803921915590763,0.0003952569095417857,0.03079839050769806,-8.715502917766571e-05,seen-competitor,0,75,42,0.56,51.68321081483633,0.7905197545317085
msmarco-passage-trec-dl-2019,207786,5,64,1,0,64,64,12.8,0,0,0.4,0.4,0.22,1.0,6.0,12,0,0.03021353855729103,0.0003952569095417857,0.03226646035909653,0.00011734291911125183,certified,0,24,4,0.16666666666666666,3.779642067948914,0.4273013932087829
msmarco-passage-trec-dl-2019,207786,10,64,1,0,64,64,6.4,0,0,0.6,0.22,0.24,1.0,9.5,20,0,0.02694394253194332,0.0003952569095417857,0.03226646035909653,0.00011734291911125183,certified,0,24,8,0.3333333333333333,5.753823328040578,0.4221230464118496
msmarco-passage-trec-dl-2019,207786,20,64,1,0,192,192,9.6,0,0,0.5,0.24,0.215,1.0,34.0,87,0,0.019253473728895187,0.0003952569095417857,0.03226646035909653,0.00011734291911125183,certified,0,24,12,0.5,8.804264909909858,0.5276668195125425
msmarco-passage-trec-dl-2019,207786,50,64,0,1,,5001,,1,1,0.22,0.216,0.246,0.96,132.5,5001,1,0.013509559445083141,0.0003952569095417857,0.03226646035909653,-0.0001494167372584343,seen-competitor,0,24,16,0.6666666666666666,10.877456837782809,0.6193032298232217
msmarco-passage-trec-dl-2019,207786,100,64,0,1,,5001,,1,1,0.24,0.246,0.297,0.93,338.5,5001,1,0.010092565789818764,0.0003952569095417857,0.03226646035909653,-0.0001494167372584343,seen-competitor,0,24,19,0.7916666666666666,11.371105590948154,0.6474089048714181
msmarco-passage-trec-dl-2019,1114819,5,64,1,0,64,64,12.8,0,0,0.0,0.32,0.44,1.0,18.0,24,0,0.028068138286471367,0.0003952569095417857,0.028958333656191826,0.000109085813164711,certified,0,341,5,0.01466275659824047,12.845377356638176,0.622377260156352
msmarco-passage-trec-dl-2019,1114819,10,64,1,0,64,64,6.4,0,0,0.0,0.44,0.59,1.0,21.5,37,0,0.02546333521604538,0.0003952569095417857,0.028958333656191826,4.0238723158836365e-05,certified,0,341,10,0.02932551319648094,22.749219383957936,0.7152736965882608
msmarco-passage-trec-dl-2019,1114819,20,64,1,0,128,128,6.4,0,0,0.2,0.59,0.63,1.0,35.0,82,0,0.023252688348293304,0.0003952569095417857,0.028958333656191826,1.2192875146865845e-05,certified,0,341,20,0.05865102639296188,31.728070515230474,0.6559289833176283
msmarco-passage-trec-dl-2019,1114819,50,64,1,0,192,192,3.84,0,0,0.44,0.564,0.442,1.0,55.5,191,0,0.018159903585910797,0.0003952569095417857,0.028958333656191826,0.0,certified,0,341,48,0.14076246334310852,48.18676617494127,0.7307270609374734
msmarco-passage-trec-dl-2019,1114819,100,64,1,0,1088,1088,10.88,1,0,0.59,0.442,0.359,1.0,87.0,1044,0,0.01226448081433773,0.0003952569095417857,0.028958333656191826,0.0,certified,0,341,92,0.2697947214076246,72.3129411580972,0.8028847274746747
msmarco-passage-trec-dl-2019,183378,5,64,1,0,64,64,12.8,0,0,0.0,0.16,0.26,1.0,17.0,40,0,0.026494450867176056,0.0003952569095417857,0.027756938710808754,0.00010628998279571533,certified,0,229,5,0.021834061135371178,18.318096988748497,0.8875385049894213
msmarco-passage-trec-dl-2019,183378,10,64,1,0,64,64,6.4,0,0,0.0,0.26,0.33,1.0,36.0,47,0,0.02524038404226303,0.0003952569095417857,0.027756938710808754,9.673275053501129e-05,certified,0,229,10,0.043668122270742356,29.48379852321117,0.9270201848786107
msmarco-passage-trec-dl-2019,183378,20,64,1,0,128,128,6.4,0,0,0.15,0.33,0.285,1.0,44.5,104,0,0.02163865603506565,0.0003952569095417857,0.027756938710808754,7.531233131885529e-05,certified,0,229,19,0.08296943231441048,43.77188703064854,0.888194366953327
msmarco-passage-trec-dl-2019,183378,50,64,1,0,4160,4160,83.2,1,1,0.26,0.248,0.202,1.0,71.5,4184,0,0.014708233997225761,0.0003952569095417857,0.027756938710808754,3.3155083656311035e-06,certified,0,229,45,0.1965065502183406,73.88762457721376,0.8183899591959803
msmarco-passage-trec-dl-2019,183378,100,64,0,1,,5001,,1,1,0.33,0.202,0.175,0.87,177.5,5001,1,0.009615384973585606,0.0003952569095417857,0.027756938710808754,-2.2985972464084625e-05,seen-competitor,0,229,70,0.3056768558951965,96.78921648081308,0.6603585780993505
msmarco-passage-trec-dl-2019,1106007,5,64,1,0,64,64,12.8,0,0,0.2,0.16,0.2,1.0,22.0,33,0,0.026998598128557205,0.0003952569095417857,0.028258707374334335,4.001148045063019e-05,certified,0,60,5,0.08333333333333333,16.91650759986217,0.8196294557259916
msmarco-passage-trec-dl-2019,1106007,10,64,1,0,128,128,12.8,0,0,0.1,0.2,0.21,1.0,33.5,104,0,0.02226400002837181,0.0003952569095417857,0.028258707374334335,4.001148045063019e-05,certified,0,60,6,0.1,17.91650759986217,0.6672977972273673
msmarco-passage-trec-dl-2019,1106007,20,64,1,0,640,640,32.0,0,0,0.1,0.21,0.225,1.0,50.5,218,0,0.017933456227183342,0.0003952569095417857,0.028258707374334335,2.7921050786972046e-06,certified,0,60,9,0.15,21.196659462848526,0.6172680951287846
msmarco-passage-trec-dl-2019,1106007,50,64,0,1,,5001,,1,1,0.2,0.236,0.306,0.94,130.0,5001,1,0.013852388598024845,0.0003952569095417857,0.028258707374334335,-6.737280637025833e-05,seen-competitor,0,60,18,0.3,27.11498896338309,0.557126459214975
msmarco-passage-trec-dl-2019,1106007,100,64,0,1,,5001,,1,1,0.21,0.306,0.299,0.82,294.0,5001,1,0.01028127409517765,0.0003952569095417857,0.028258707374334335,-6.737280637025833e-05,seen-competitor,0,60,24,0.4,30.485230005840098,0.6050055496312173
msmarco-passage-trec-dl-2019,1124210,5,64,1,0,896,896,179.2,0,0,0.0,0.04,0.02,1.0,114.0,566,0,0.017729030922055244,0.0003952569095417857,0.021954113617539406,4.76837158203125e-05,certified,0,139,5,0.03597122302158273,8.845377356638176,0.4285714285714285
msmarco-passage-trec-dl-2019,1124210,10,64,0,1,,5001,,1,1,0.0,0.02,0.03,0.8,352.5,5001,1,0.016393441706895828,0.0003952569095417857,0.021954113617539406,-0.00014469586312770844,seen-competitor,0,139,8,0.05755395683453238,11.86039354831943,0.44173868400022986
msmarco-passage-trec-dl-2019,1124210,20,64,0,1,,5001,,1,1,0.05,0.03,0.035,0.7,1838.5,5001,1,0.015014715492725372,0.0003952569095417857,0.021954113617539406,-0.00014469586312770844,seen-competitor,0,139,14,0.10071942446043165,16.384485808879393,0.4771327464423237
msmarco-passage-trec-dl-2019,1124210,50,64,0,1,,5001,,1,1,0.02,0.028,0.018,0.5,4961.0,5001,1,0.012048192322254181,0.0003952569095417857,0.021954113617539406,-0.00014469586312770844,seen-competitor,0,139,26,0.18705035971223022,23.726099893132204,0.45704581518316606
msmarco-passage-trec-dl-2019,1124210,100,64,0,1,,5001,,1,1,0.03,0.018,0.019,0.34,5001.0,5001,1,0.009259259328246117,0.0003952569095417857,0.021954113617539406,-0.00014469586312770844,seen-competitor,0,139,52,0.37410071942446044,35.63162356275665,0.4686233251958177
msmarco-passage-trec-dl-2019,490595,5,64,1,0,64,64,12.8,0,0,0.4,0.24,0.6,1.0,8.0,18,0,0.028371628373861313,0.0003952569095417857,0.03226646035909653,2.520531415939331e-05,certified,0,55,4,0.07272727272727272,8.208537949220382,0.39771563083626466
msmarco-passage-trec-dl-2019,490595,10,64,1,0,64,64,6.4,0,0,0.4,0.6,0.58,1.0,18.0,48,0,0.025474825873970985,0.0003952569095417857,0.03226646035909653,2.520531415939331e-05,certified,0,55,7,0.12727272727272726,9.825032821670092,0.38643934874817354
msmarco-passage-trec-dl-2019,490595,20,64,1,0,128,128,6.4,0,0,0.3,0.58,0.495,1.0,28.5,54,0,0.02396514266729355,0.0003952569095417857,0.03226646035909653,8.443370461463928e-06,certified,0,55,16,0.2909090909090909,15.554878694463541,0.472582350232948
msmarco-passage-trec-dl-2019,490595,50,64,1,0,256,256,5.12,0,0,0.6,0.456,0.352,1.0,45.5,168,0,0.01803020015358925,0.0003952569095417857,0.03226646035909653,6.515532732009888e-06,certified,0,55,34,0.6181818181818182,22.56015711115087,0.5566339799052976
msmarco-passage-trec-dl-2019,490595,100,64,1,0,640,640,6.4,0,0,0.58,0.352,0.26,1.0,81.5,635,0,0.011453824117779732,0.0003952569095417857,0.03226646035909653,6.556510925292969e-07,certified,0,55,44,0.8,27.211665272813235,0.6573096677358764
msmarco-passage-trec-dl-2019,1103812,5,64,1,0,128,128,25.6,0,0,0.2,0.08,0.1,1.0,32.0,54,0,0.022548187524080276,0.0003952569095417857,0.03067915514111519,0.0002819821238517761,certified,0,31,3,0.0967741935483871,11.916508275000202,0.6860753156363693
msmarco-passage-trec-dl-2019,1103812,10,64,1,0,320,320,32.0,0,0,0.1,0.1,0.09,1.0,49.0,167,0,0.01935015246272087,0.0003952569095417857,0.03067915514111519,5.072169005870819e-05,certified,0,31,5,0.16129032258064516,14.538906434651423,0.6562537637975345
msmarco-passage-trec-dl-2019,1103812,20,64,1,0,3136,3136,156.8,1,1,0.1,0.09,0.1,0.95,145.0,5001,1,0.016426969319581985,0.0003952569095417857,0.03067915514111519,4.200264811515808e-06,certified,0,31,9,0.2903225806451613,15.966831171645245,0.6333784069844719
msmarco-passage-trec-dl-2019,1103812,50,64,0,1,,5001,,1,1,0.1,0.092,0.11,0.78,935.5,5001,1,0.012317154556512833,0.0003952569095417857,0.03067915514111519,-5.637388676404953e-05,seen-competitor,0,31,12,0.3870967741935484,17.00616238509757,0.6177251802188835
msmarco-passage-trec-dl-2019,1103812,100,64,0,1,,5001,,1,1,0.09,0.11,0.119,0.64,2270.5,5001,1,0.009665819816291332,0.0003952569095417857,0.03067915514111519,-5.637388676404953e-05,seen-competitor,0,31,16,0.5161290322580645,17.657411275718534,0.641380889791474
msmarco-passage-trec-dl-2019,87181,5,64,1,0,64,64,12.8,0,0,0.4,0.24,0.4,1.0,6.0,11,0,0.029857397079467773,0.0003952569095417857,0.03226646035909653,2.520531415939331e-05,certified,0,83,5,0.060240963855421686,7.98402424049139,0.9026211001048624
msmarco-passage-trec-dl-2019,87181,10,64,1,0,64,64,6.4,0,0,0.4,0.4,0.47,1.0,15.5,38,0,0.024202898144721985,0.0003952569095417857,0.03226646035909653,1.8749386072158813e-05,certified,0,83,9,0.10843373493975904,10.53633515321883,0.7729868713934952
msmarco-passage-trec-dl-2019,87181,20,64,1,0,128,128,6.4,0,0,0.3,0.47,0.43,1.0,32.0,87,0,0.022978346794843674,0.0003952569095417857,0.03226646035909653,1.8749386072158813e-05,certified,0,83,17,0.20481927710843373,15.435580579425359,0.730823492423363
msmarco-passage-trec-dl-2019,87181,50,64,1,0,384,384,7.68,0,0,0.4,0.408,0.296,1.0,57.0,179,0,0.01684543490409851,0.0003952569095417857,0.03226646035909653,4.803761839866638e-06,certified,0,83,39,0.46987951807228917,21.994032986539843,0.6955537828926693
msmarco-passage-trec-dl-2019,87181,100,64,1,0,4544,4544,45.44,1,1,0.47,0.296,0.211,1.0,106.5,4519,0,0.010452309623360634,0.0003952569095417857,0.03226646035909653,1.5748664736747742e-06,certified,0,83,64,0.7710843373493976,28.7644908036128,0.7761399480787112
msmarco-passage-trec-dl-2019,443396,5,64,1,0,192,192,38.4,0,0,0.0,0.04,0.1,1.0,33.0,61,0,0.02198067680001259,0.0003952569095417857,0.028021348640322685,5.823001265525818e-05,certified,1,94,1,0.010638297872340425,7.0,0.3391602052736161
msmarco-passage-trec-dl-2019,443396,10,64,1,0,704,704,70.4,0,0,0.0,0.1,0.1,1.0,53.0,190,0,0.017714694142341614,0.0003952569095417857,0.028021348640322685,5.823001265525818e-05,certified,1,94,1,0.010638297872340425,7.0,0.2200917662980802
msmarco-passage-trec-dl-2019,443396,20,64,0,1,,5001,,1,1,0.05,0.1,0.08,0.75,119.5,5001,1,0.015625,0.0003952569095417857,0.028021348640322685,-0.00019762851297855377,seen-competitor,1,94,2,0.02127659574468085,8.838546745260356,0.19832400592597568
msmarco-passage-trec-dl-2019,443396,50,64,0,1,,5001,,1,1,0.1,0.068,0.052,0.46,5001.0,5001,1,0.012500000186264515,0.0003952569095417857,0.028021348640322685,-0.00019762851297855377,seen-competitor,1,94,3,0.031914893617021274,10.182257785306275,0.1638636758462615
msmarco-passage-trec-dl-2019,443396,100,64,0,1,,5001,,1,1,0.1,0.052,0.053,0.33,5001.0,5001,1,0.00917431153357029,0.0003952569095417857,0.028021348640322685,-0.00019762851297855377,seen-competitor,1,94,5,0.05319148936170213,11.485406554747632,0.15580779128744507
msmarco-passage-trec-dl-2019,1121709,5,64,1,0,256,256,51.2,0,0,0.0,0.04,0.08,1.0,39.0,55,0,0.02051335945725441,0.0003952569095417857,0.027492668479681015,0.0008260011672973633,certified,0,12,4,0.3333333333333333,2.5616063116448506,0.3552695025709292
msmarco-passage-trec-dl-2019,1121709,10,64,1,0,3776,3776,377.6,1,1,0.1,0.08,0.06,0.9,69.0,5001,1,0.016393441706895828,0.0003952569095417857,0.027492668479681015,4.103220999240875e-05,certified,0,12,5,0.4166666666666667,3.5616063116448506,0.4044789207924737
msmarco-passage-trec-dl-2019,1121709,20,64,0,1,,5001,,1,1,0.05,0.06,0.03,0.8,495.5,5001,1,0.015130669809877872,0.0003952569095417857,0.027492668479681015,-0.00011627376079559326,seen-competitor,0,12,7,0.5833333333333334,4.565796092426848,0.48808031547261266
msmarco-passage-trec-dl-2019,1121709,50,64,0,1,,5001,,1,1,0.08,0.028,0.038,0.4,5001.0,5001,1,0.012048192322254181,0.0003952569095417857,0.027492668479681015,-0.00011627376079559326,seen-competitor,0,12,9,0.75,5.0021991009210485,0.534731482924515
msmarco-passage-trec-dl-2019,1121709,100,64,0,1,,5001,,1,1,0.06,0.038,0.036,0.22,5001.0,5001,1,0.009009009227156639,0.0003952569095417857,0.027492668479681015,-0.00011627376079559326,seen-competitor,0,12,9,0.75,5.0021991009210485,0.534731482924515
msmarco-passage-trec-dl-2019,87452,5,64,1,0,64,64,12.8,0,0,0.8,0.4,0.42,1.0,4.0,10,0,0.029877368360757828,0.0003952569095417857,0.03279569745063782,0.0,certified,0,81,4,0.04938271604938271,5.684818934934552,0.27543776527367747
msmarco-passage-trec-dl-2019,87452,10,64,1,0,64,64,6.4,0,0,0.5,0.42,0.33,1.0,11.0,32,0,0.02637362666428089,0.0003952569095417857,0.03279569745063782,0.0,certified,0,81,9,0.1111111111111111,9.64523786562229,0.3032624911728478
msmarco-passage-trec-dl-2019,87452,20,64,1,0,128,128,6.4,0,0,0.4,0.33,0.37,1.0,25.5,72,0,0.02250000089406967,0.0003952569095417857,0.03279569745063782,0.0,certified,0,81,16,0.19753086419753085,13.55443563000971,0.3354160481857378
msmarco-passage-trec-dl-2019,87452,50,64,1,0,2112,2112,42.24,1,1,0.42,0.396,0.42,1.0,68.5,2112,0,0.0149533711373806,0.0003952569095417857,0.03279569745063782,0.0,certified,0,81,29,0.35802469135802467,17.724818387109796,0.3481536767601992
msmarco-passage-trec-dl-2019,87452,100,64,0,1,,5001,,1,1,0.33,0.42,0.338,0.97,152.0,5001,1,0.010402807965874672,0.0003952569095417857,0.03279569745063782,-0.00010241568088531494,seen-competitor,0,81,38,0.4691358024691358,22.46827018348025,0.40094941047997734
msmarco-passage-trec-dl-2019,855410,5,64,1,0,64,64,12.8,0,0,0.8,0.2,0.1,1.0,4.0,8,0,0.03079839050769806,0.0003952569095417857,0.03253968432545662,3.3602118492126465e-05,certified,1,4,4,1.0,6.823465818787765,1.0
msmarco-passage-trec-dl-2019,855410,10,64,0,1,,5001,,1,1,0.5,0.1,0.05,0.5,2504.5,5001,1,0.01515151560306549,0.0003952569095417857,0.03253968432545662,-0.00019762851297855377,seen-competitor,1,4,4,1.0,6.823465818787765,1.0
msmarco-passage-trec-dl-2019,855410,20,64,0,1,,5001,,1,1,0.25,0.05,0.025,0.25,5001.0,5001,1,0.013888888992369175,0.0003952569095417857,0.03253968432545662,-0.00019762851297855377,seen-competitor,1,4,4,1.0,6.823465818787765,1.0
msmarco-passage-trec-dl-2019,855410,50,64,0,1,,5001,,1,1,0.1,0.02,0.01,0.1,5001.0,5001,1,0.01149425283074379,0.0003952569095417857,0.03253968432545662,-0.00019762851297855377,seen-competitor,1,4,4,1.0,6.823465818787765,1.0
msmarco-passage-trec-dl-2019,855410,100,64,0,1,,5001,,1,1,0.05,0.01,0.007,0.05,5001.0,5001,1,0.008928571827709675,0.0003952569095417857,0.03253968432545662,-0.00019762851297855377,seen-competitor,1,4,4,1.0,6.823465818787765,1.0
msmarco-passage-trec-dl-2019,1114646,5,64,1,0,64,64,12.8,0,0,0.0,0.28,0.34,1.0,14.0,26,0,0.028431374579668045,0.0003952569095417857,0.030365297570824623,4.731118679046631e-07,certified,0,52,4,0.07692307692307693,7.269575962286642,0.35222155366018326
msmarco-passage-trec-dl-2019,1114646,10,64,1,0,64,64,6.4,0,0,0.1,0.34,0.29,1.0,21.5,34,0,0.02571241371333599,0.0003952569095417857,0.030365297570824623,4.731118679046631e-07,certified,0,52,7,0.1346153846153846,14.203569575023998,0.5290099444521252
msmarco-passage-trec-dl-2019,1114646,20,64,1,0,128,128,6.4,0,0,0.25,0.29,0.155,1.0,33.0,70,0,0.02260442264378071,0.0003952569095417857,0.030365297570824623,4.731118679046631e-07,certified,0,52,15,0.28846153846153844,17.681523206639906,0.5807805309237881
msmarco-passage-trec-dl-2019,1114646,50,64,0,1,,5001,,1,1,0.34,0.136,0.078,0.8,62.5,5001,1,0.012157822959125042,0.0003952569095417857,0.030365297570824623,-7.07283616065979e-05,seen-competitor,0,52,31,0.5961538461538461,22.468627728740238,0.6189384260576918
msmarco-passage-trec-dl-2019,1114646,100,64,0,1,,5001,,1,1,0.29,0.078,0.05,0.52,2574.5,5001,1,0.008403361774981022,0.0003952569095417857,0.030365297570824623,-7.07283616065979e-05,seen-competitor,0,52,40,0.7692307692307693,24.57275340462647,0.6704362371935823
msmarco-passage-trec-dl-2019,19335,5,64,1,0,128,128,25.6,0,0,0.0,0.12,0.16,1.0,17.0,67,0,0.02460317686200142,0.0003952569095417857,0.030751174315810204,0.00030650198459625244,certified,0,20,4,0.2,11.624477925641994,0.6088727275905784
msmarco-passage-trec-dl-2019,19335,10,64,1,0,192,192,19.2,0,0,0.1,0.16,0.12,1.0,38.5,139,0,0.02109002135694027,0.0003952569095417857,0.030751174315810204,0.00030650198459625244,certified,0,20,6,0.3,15.939942032789963,0.7223762208624875
msmarco-passage-trec-dl-2019,19335,20,64,1,0,896,896,44.8,0,0,0.15,0.12,0.135,1.0,63.0,679,0,0.016980012878775597,0.0003952569095417857,0.030751174315810204,2.487562596797943e-05,certified,0,20,9,0.45,16.722829722254478,0.6808223261786741
msmarco-passage-trec-dl-2019,19335,50,64,0,1,,5001,,1,1,0.16,0.156,0.246,0.94,516.0,5001,1,0.012842927128076553,0.0003952569095417857,0.030751174315810204,-0.00012168101966381073,seen-competitor,0,20,17,0.85,18.723019196172398,0.7622543369716006
msmarco-passage-trec-dl-2019,19335,100,64,0,1,,5001,,1,1,0.12,0.246,0.255,0.89,621.0,5001,1,0.009900989942252636,0.0003952569095417857,0.030751174315810204,-0.00012168101966381073,seen-competitor,0,20,18,0.9,18.880312443521944,0.7686580830080865
msmarco-passage-trec-dl-2019,47923,5,64,1,0,64,64,12.8,0,0,0.4,0.48,0.42,1.0,8.0,17,0,0.02982456237077713,0.0003952569095417857,0.0320020467042923,0.00011505559086799622,certified,0,112,5,0.044642857142857144,5.809812235026179,0.2814938728903779
msmarco-passage-trec-dl-2019,47923,10,64,1,0,64,64,6.4,0,0,0.3,0.42,0.37,1.0,12.5,24,0,0.027973394840955734,0.0003952569095417857,0.0320020467042923,0.00011505559086799622,certified,0,112,9,0.08035714285714286,9.408028070137089,0.3338230861874565
msmarco-passage-trec-dl-2019,47923,20,64,1,0,128,128,6.4,0,0,0.45,0.37,0.365,1.0,23.0,65,0,0.02277039736509323,0.0003952569095417857,0.0320020467042923,6.631575524806976e-05,certified,0,112,19,0.16964285714285715,19.4720895091729,0.5458525119377181
msmarco-passage-trec-dl-2019,47923,50,64,1,0,704,704,14.08,0,0,0.42,0.372,0.412,1.0,55.0,527,0,0.015037807635962963,0.0003952569095417857,0.0320020467042923,1.3058073818683624e-05,certified,0,112,34,0.30357142857142855,26.610307742615827,0.5321774738148399
msmarco-passage-trec-dl-2019,47923,100,64,1,0,4416,4416,44.16,1,1,0.37,0.412,0.457,1.0,143.0,1083,0,0.010977070778608322,0.0003952569095417857,0.0320020467042923,7.543712854385376e-07,certified,0,112,44,0.39285714285714285,29.87930300492133,0.5147731376005197
msmarco-passage-trec-dl-2019,405717,5,64,1,0,64,64,12.8,0,0,0.6,0.52,0.68,1.0,5.0,9,0,0.03009049780666828,0.0003952569095417857,0.03201844170689583,1.6395002603530884e-05,certified,0,35,4,0.11428571428571428,2.3175293653079345,0.2620045784218241
msmarco-passage-trec-dl-2019,405717,10,64,1,0,64,64,6.4,0,0,0.6,0.68,0.74,1.0,8.5,23,0,0.026709401980042458,0.0003952569095417857,0.03201844170689583,1.6395002603530884e-05,certified,0,35,7,0.2,5.289240913623945,0.44749902133717223
msmarco-passage-trec-dl-2019,405717,20,64,1,0,128,128,6.4,0,0,0.5,0.74,0.64,1.0,20.5,79,0,0.023735955357551575,0.0003952569095417857,0.03201844170689583,9.657815098762512e-06,certified,0,35,13,0.37142857142857144,7.777254999656808,0.5432459900899806
msmarco-passage-trec-dl-2019,405717,50,64,1,0,192,192,3.84,0,0,0.68,0.6,0.424,1.0,41.0,133,0,0.01836622878909111,0.0003952569095417857,0.03201844170689583,2.678483724594116e-06,certified,0,35,23,0.6571428571428571,10.467939254853112,0.6008885320491647
msmarco-passage-trec-dl-2019,405717,100,64,1,0,1280,1280,12.8,1,0,0.74,0.424,0.319,1.0,74.0,1243,0,0.011463845148682594,0.0003952569095417857,0.03201844170689583,2.942979335784912e-07,certified,0,35,26,0.7428571428571429,10.926232609465247,0.6271958323110669
msmarco-passage-trec-dl-2019,182539,5,64,1,0,64,64,12.8,0,0,0.2,0.6,0.58,1.0,6.0,9,0,0.03030303120613098,0.0003952569095417857,0.03125763311982155,0.0,certified,0,53,5,0.09433962264150944,7.948459118879392,0.61877972894053
msmarco-passage-trec-dl-2019,182539,10,64,1,0,64,64,6.4,0,0,0.5,0.58,0.4,1.0,10.5,17,0,0.028370220214128494,0.0003952569095417857,0.03125763311982155,0.0,certified,0,53,10,0.18867924528301888,10.12168899072412,0.59355873245898
msmarco-passage-trec-dl-2019,182539,20,64,1,0,64,64,3.2,0,0,0.65,0.4,0.24,1.0,16.5,47,0,0.024383079260587692,0.0003952569095417857,0.03125763311982155,0.0,certified,0,53,19,0.3584905660377358,12.898935871019159,0.6598171789079639
msmarco-passage-trec-dl-2019,182539,50,64,0,1,,5001,,1,1,0.58,0.212,0.138,0.98,41.5,5001,1,0.0129019133746624,0.0003952569095417857,0.03125763311982155,-1.0967254638671875e-05,seen-competitor,0,53,40,0.7547169811320755,19.089764441651916,0.7513666913807662
msmarco-passage-trec-dl-2019,182539,100,64,0,1,,5001,,1,1,0.4,0.138,0.136,0.78,220.5,5001,1,0.008456917479634285,0.0003952569095417857,0.03125763311982155,-1.0967254638671875e-05,seen-competitor,0,53,48,0.9056603773584906,20.38688930748193,0.786212868890517
msmarco-passage-trec-dl-2019,1113437,5,64,1,0,128,128,25.6,0,0,0.0,0.0,0.06,1.0,62.0,76,0,0.0221820380538702,0.0003952569095417857,0.024657905101776123,2.8910115361213684e-05,certified,0,77,2,0.025974025974025976,3.430676558073393,0.22321914543809557
msmarco-passage-trec-dl-2019,1113437,10,64,1,0,256,256,25.6,0,0,0.0,0.06,0.14,1.0,70.0,107,0,0.01996927708387375,0.0003952569095417857,0.024657905101776123,1.4627352356910706e-05,certified,0,77,6,0.07792207792207792,5.355676535189823,0.26573241201922004
msmarco-passage-trec-dl-2019,1113437,20,64,1,0,1088,1088,54.4,1,0,0.0,0.14,0.25,1.0,97.0,1058,0,0.017331259325146675,0.0003952569095417857,0.024657905101776123,1.4627352356910706e-05,certified,0,77,10,0.12987012987012986,6.914449446875613,0.25012003848727177
msmarco-passage-trec-dl-2019,1113437,50,64,0,1,,5001,,1,1,0.06,0.288,0.274,0.9,177.5,5001,1,0.013992171734571457,0.0003952569095417857,0.024657905101776123,-1.2514181435108185e-05,seen-competitor,0,77,23,0.2987012987012987,12.418216717417975,0.3479955917119165
msmarco-passage-trec-dl-2019,1113437,100,64,0,1,,5001,,1,1,0.14,0.274,0.255,0.8,403.5,5001,1,0.011111111380159855,0.0003952569095417857,0.024657905101776123,-1.2514181435108185e-05,seen-competitor,0,77,33,0.42857142857142855,14.70398303508887,0.3659536329510035
msmarco-passage-trec-dl-2019,1129237,5,64,1,0,64,64,12.8,0,0,0.2,0.32,0.3,1.0,7.0,13,0,0.02991071343421936,0.0003952569095417857,0.03128054738044739,0.00021367333829402924,certified,0,28,3,0.10714285714285714,14.431244181513954,0.6992148198508501
msmarco-passage-trec-dl-2019,1129237,10,64,1,0,64,64,6.4,0,0,0.3,0.3,0.26,1.0,14.0,38,0,0.02618229389190674,0.0003952569095417857,0.03128054738044739,0.00021367333829402924,certified,0,28,8,0.2857142857142857,22.838783634211204,0.7180897471647473
msmarco-passage-trec-dl-2019,1129237,20,64,1,0,256,256,12.8,0,0,0.35,0.26,0.22,1.0,30.5,94,0,0.019809748977422714,0.0003952569095417857,0.03128054738044739,1.0475516319274902e-05,certified,0,28,15,0.5357142857142857,26.74550517000007,0.634121111084276
msmarco-passage-trec-dl-2019,1129237,50,64,0,1,,5001,,1,1,0.3,0.212,0.2,0.96,94.5,5001,1,0.013635814189910889,0.0003952569095417857,0.03128054738044739,-1.725275069475174e-05,seen-competitor,0,28,23,0.8214285714285714,35.54325135950321,0.8097712871811276
msmarco-passage-trec-dl-2019,1129237,100,64,0,1,,5001,,1,1,0.26,0.2,0.213,0.88,300.0,5001,1,0.009731186553835869,0.0003952569095417857,0.03128054738044739,-1.725275069475174e-05,seen-competitor,0,28,28,1.0,37.38678464377506,0.8517719557600004
msmarco-passage-trec-dl-2019,146187,5,64,1,0,64,64,12.8,0,0,0.6,0.52,0.38,1.0,5.0,8,0,0.03079839050769806,0.0003952569095417857,0.032522473484277725,2.187490463256836e-05,certified,0,23,5,0.21739130434782608,9.392788585576342,0.7312193581235961
msmarco-passage-trec-dl-2019,146187,10,64,1,0,64,64,6.4,0,0,0.7,0.38,0.37,1.0,7.5,13,0,0.028577260673046112,0.0003952569095417857,0.032522473484277725,5.8319419622421265e-06,certified,0,23,8,0.34782608695652173,12.407804777257596,0.7542514543007662
msmarco-passage-trec-dl-2019,146187,20,64,1,0,128,128,6.4,0,0,0.6,0.37,0.34,1.0,13.0,62,0,0.02061014249920845,0.0003952569095417857,0.032522473484277725,5.8319419622421265e-06,certified,0,23,12,0.5217391304347826,13.987192559453485,0.7382196033392078
msmarco-passage-trec-dl-2019,146187,50,64,1,0,512,512,10.24,0,0,0.38,0.308,0.286,1.0,72.0,378,0,0.01488375011831522,0.0003952569095417857,0.032522473484277725,3.7904828786849976e-06,certified,0,23,18,0.782608695652174,15.22042001214238,0.7761318903647354
msmarco-passage-trec-dl-2019,146187,100,64,0,1,,5001,,1,1,0.37,0.286,0.197,0.95,138.5,5001,1,0.010309278033673763,0.0003952569095417857,0.032522473484277725,-0.0001165829598903656,seen-competitor,0,23,20,0.8695652173913043,15.541293659402255,0.7924941372815325
msmarco-passage-trec-dl-2020,1030303,5,64,1,0,64,64,12.8,0,0,1.0,0.36,0.36,1.0,4.0,5,0,0.0317540317773819,0.0003952569095417857,0.03253968432545662,0.00024719908833503723,certified,0,6,3,0.5,10.624477925641994,0.5564942266819493
msmarco-passage-trec-dl-2020,1030303,10,64,1,0,64,64,6.4,0,0,0.8,0.36,0.32,1.0,6.5,28,0,0.025987006723880768,0.0003952569095417857,0.03253968432545662,0.00021949037909507751,certified,0,6,5,0.8333333333333334,14.026432820299394,0.6957409579193886
msmarco-passage-trec-dl-2020,1030303,20,64,1,0,128,128,6.4,0,0,0.45,0.32,0.28,1.0,27.0,75,0,0.020796019583940506,0.0003952569095417857,0.03253968432545662,5.5320560932159424e-05,certified,0,6,5,0.8333333333333334,14.026432820299394,0.6957409579193886
msmarco-passage-trec-dl-2020,1030303,50,64,1,0,2496,2496,49.92,1,1,0.36,0.252,0.156,0.98,71.0,5001,1,0.015048614703118801,0.0003952569095417857,0.03253968432545662,8.339062333106995e-06,certified,0,6,6,1.0,14.560743600961427,0.722243911245231
msmarco-passage-trec-dl-2020,1030303,100,64,0,1,,5001,,1,1,0.32,0.156,0.092,0.78,177.0,5001,1,0.00907114613801241,0.0003952569095417857,0.03253968432545662,-0.00012582633644342422,seen-competitor,0,6,6,1.0,14.560743600961427,0.722243911245231
msmarco-passage-trec-dl-2020,1037496,5,64,1,0,64,64,12.8,0,0,0.2,0.4,0.52,1.0,17.0,20,0,0.02804284356534481,0.0003952569095417857,0.029631255194544792,4.042498767375946e-05,certified,0,81,5,0.06172839506172839,16.392788585576344,0.7942545059558663
msmarco-passage-trec-dl-2020,1037496,10,64,1,0,64,64,6.4,0,0,0.2,0.52,0.41,1.0,17.0,35,0,0.027304966002702713,0.0003952569095417857,0.029631255194544792,4.042498767375946e-05,certified,0,81,10,0.12345679012345678,21.859520885340757,0.6873000802977745
msmarco-passage-trec-dl-2020,1037496,20,64,1,0,64,64,3.2,0,0,0.35,0.41,0.275,1.0,25.5,41,0,0.024845678359270096,0.0003952569095417857,0.029631255194544792,3.3620744943618774e-05,certified,0,81,20,0.24691358024691357,30.892006152594753,0.7090819989375018
msmarco-passage-trec-dl-2020,1037496,50,64,1,0,320,320,6.4,0,0,0.52,0.24,0.146,1.0,42.0,262,0,0.015297998674213886,0.0003952569095417857,0.029631255194544792,4.004687070846558e-06,certified,0,81,46,0.5679012345679012,44.27251141539151,0.8249594684808144
msmarco-passage-trec-dl-2020,1037496,100,64,0,1,,5001,,1,1,0.41,0.146,0.095,0.75,146.0,5001,1,0.008547008968889713,0.0003952569095417857,0.029631255194544792,-0.00010159239172935486,seen-competitor,0,81,58,0.7160493827160493,46.92805031661737,0.7981904181912928
msmarco-passage-trec-dl-2020,1043135,5,64,1,0,64,64,12.8,0,0,0.4,0.44,0.5,1.0,8.0,12,0,0.029469121247529984,0.0003952569095417857,0.03229166567325592,3.1892210245132446e-05,certified,0,44,4,0.09090909090909091,14.208537949220382,0.6884243782136499
msmarco-passage-trec-dl-2020,1043135,10,64,1,0,64,64,6.4,0,0,0.4,0.5,0.54,1.0,11.5,35,0,0.02633379027247429,0.0003952569095417857,0.03229166567325592,3.1892210245132446e-05,certified,0,44,7,0.1590909090909091,18.13508172043754,0.6159065190217728
msmarco-passage-trec-dl-2020,1043135,20,64,1,0,128,128,6.4,0,0,0.3,0.54,0.465,1.0,24.0,68,0,0.022085610777139664,0.0003952569095417857,0.03229166567325592,3.1892210245132446e-05,certified,0,44,11,0.25,24.264302519740994,0.6569520447946693
msmarco-passage-trec-dl-2020,1043135,50,64,1,0,576,576,11.52,0,0,0.5,0.452,0.328,1.0,50.0,153,0,0.017331933602690697,0.0003952569095417857,0.03229166567325592,2.7846544981002808e-06,certified,0,44,19,0.4318181818181818,29.636788541386302,0.6447959813332611
msmarco-passage-trec-dl-2020,1043135,100,64,0,1,,5001,,1,1,0.54,0.328,0.221,0.97,86.5,5001,1,0.011204482056200504,0.0003952569095417857,0.03229166567325592,-0.00013866648077964783,seen-competitor,0,44,30,0.6818181818181818,32.94793550007321,0.7168353067002362
msmarco-passage-trec-dl-2020,1051399,5,64,1,0,64,64,12.8,0,0,0.0,0.16,0.14,1.0,14.0,38,0,0.025693893432617188,0.0003952569095417857,0.03028232976794243,8.296780288219452e-05,certified,0,54,4,0.07407407407407407,13.007743254777221,0.7489015534827868
msmarco-passage-trec-dl-2020,1051399,10,64,1,0,192,192,19.2,0,0,0.0,0.14,0.1,1.0,41.0,158,0,0.02073732763528824,0.0003952569095417857,0.03028232976794243,8.296780288219452e-05,certified,0,54,7,0.12962962962962962,16.73665302120845,0.7554551360454338
msmarco-passage-trec-dl-2020,1051399,20,64,1,0,4096,4096,204.8,1,1,0.15,0.1,0.09,0.9,88.0,5001,1,0.01562674529850483,0.0003952569095417857,0.03028232976794243,8.296780288219452e-05,certified,0,54,8,0.14814814814814814,16.992611046018265,0.6893244869467845
msmarco-passage-trec-dl-2020,1051399,50,64,0,1,,5001,,1,1,0.14,0.1,0.074,0.7,1359.0,5001,1,0.012407978065311909,0.0003952569095417857,0.03028232976794243,-0.00019762851297855377,seen-competitor,0,54,9,0.16666666666666666,17.172642372674957,0.5628792877490011
msmarco-passage-trec-dl-2020,1051399,100,64,0,1,,5001,,1,1,0.1,0.074,0.09,0.59,3741.5,5001,1,0.00923196692019701,0.0003952569095417857,0.03028232976794243,-0.00019762851297855377,seen-competitor,0,54,10,0.18518518518518517,17.66046730948986,0.5659442284469519
msmarco-passage-trec-dl-2020,1064670,5,64,1,0,64,64,12.8,0,0,0.8,0.28,0.22,1.0,4.0,6,0,0.03100961446762085,0.0003952569095417857,0.03253968432545662,0.0,certified,0,21,5,0.23809523809523808,5.845377356638177,0.7241842264347774
msmarco-passage-trec-dl-2020,1064670,10,64,1,0,128,128,12.8,0,0,0.6,0.22,0.14,1.0,6.0,76,0,0.022332780063152313,0.0003952569095417857,0.03253968432545662,0.0,certified,0,21,8,0.38095238095238093,6.818079416195909,0.7053108776576497
msmarco-passage-trec-dl-2020,1064670,20,64,1,0,4800,4800,240.0,1,1,0.35,0.14,0.13,1.0,47.5,872,0,0.015359828248620033,0.0003952569095417857,0.03253968432545662,0.0,certified,0,21,11,0.5238095238095238,7.578400575006798,0.6230453742443244
msmarco-passage-trec-dl-2020,1064670,50,64,0,1,,5001,,1,1,0.22,0.136,0.154,0.92,316.5,5001,1,0.012724118307232857,0.0003952569095417857,0.03253968432545662,-0.00015261583030223846,seen-competitor,0,21,19,0.9047619047619048,9.534471802501571,0.7696709390774928
msmarco-passage-trec-dl-2020,1064670,100,64,0,1,,5001,,1,1,0.14,0.154,0.156,0.74,758.0,5001,1,0.009587127715349197,0.0003952569095417857,0.03253968432545662,-0.00015261583030223846,seen-competitor,0,21,20,0.9523809523809523,9.695015887935593,0.7826308722084421
msmarco-passage-trec-dl-2020,1071750,5,64,1,0,64,64,12.8,0,0,0.6,0.64,0.66,1.0,5.0,8,0,0.03102453239262104,0.0003952569095417857,0.03229166567325592,0.00028961896896362305,certified,0,36,4,0.1111111111111111,2.4484591188793923,0.1593105449915393
msmarco-passage-trec-dl-2020,1071750,10,64,1,0,64,64,6.4,0,0,0.6,0.66,0.47,1.0,7.5,26,0,0.027389705181121826,0.0003952569095417857,0.03229166567325592,0.0001773349940776825,certified,0,36,9,0.25,5.334103364940166,0.28112390978044716
msmarco-passage-trec-dl-2020,1071750,20,64,1,0,64,64,3.2,0,0,0.55,0.47,0.345,1.0,18.5,44,0,0.024909963831305504,0.0003952569095417857,0.03229166567325592,1.2038275599479675e-05,certified,0,36,17,0.4722222222222222,7.829196041188253,0.3646419130402973
msmarco-passage-trec-dl-2020,1071750,50,64,1,0,512,512,10.24,0,0,0.66,0.328,0.27,1.0,34.5,469,0,0.014667956158518791,0.0003952569095417857,0.03229166567325592,5.774199962615967e-07,certified,0,36,28,0.7777777777777778,13.050893213959574,0.5269389007362573
msmarco-passage-trec-dl-2020,1071750,100,64,1,0,3072,3072,30.72,1,1,0.47,0.27,0.27,1.0,109.5,3053,0,0.009761905297636986,0.0003952569095417857,0.03229166567325592,4.069879651069641e-07,certified,0,36,33,0.9166666666666666,14.522129011744148,0.5863410704804097
msmarco-passage-trec-dl-2020,1105792,5,64,1,0,64,64,12.8,0,0,0.6,0.44,0.22,1.0,5.0,9,0,0.0313725508749485,0.0003952569095417857,0.03226646035909653,2.520531415939331e-05,certified,0,12,4,0.3333333333333333,7.553347682417997,0.8539316501572936
msmarco-passage-trec-dl-2020,1105792,10,64,1,0,64,64,6.4,0,0,0.8,0.22,0.12,1.0,7.5,14,0,0.02881426177918911,0.0003952569095417857,0.03226646035909653,2.520531415939331e-05,certified,0,12,7,0.5833333333333334,9.270767453861126,0.7843581773636571
msmarco-passage-trec-dl-2020,1105792,20,64,0,1,,5001,,1,1,0.55,0.12,0.065,0.7,14.5,5001,1,0.013333333656191826,0.0003952569095417857,0.03226646035909653,-2.010725438594818e-06,seen-competitor,0,12,10,0.8333333333333334,10.577471471191968,0.8551777879857793
msmarco-passage-trec-dl-2020,1105792,50,64,0,1,,5001,,1,1,0.22,0.052,0.026,0.28,5001.0,5001,1,0.011111111380159855,0.0003952569095417857,0.03226646035909653,-2.010725438594818e-06,seen-competitor,0,12,11,0.9166666666666666,10.790217524745332,0.8723780895867788
msmarco-passage-trec-dl-2020,1105792,100,64,0,1,,5001,,1,1,0.12,0.026,0.015,0.14,5001.0,5001,1,0.008695651777088642,0.0003952569095417857,0.03226646035909653,-2.010725438594818e-06,seen-competitor,0,12,11,0.9166666666666666,10.790217524745332,0.8723780895867788
msmarco-passage-trec-dl-2020,1106979,5,64,1,0,64,64,12.8,0,0,0.2,0.76,0.54,1.0,7.0,8,0,0.03100961446762085,0.0003952569095417857,0.03159204125404358,0.0,certified,0,66,5,0.07575757575757576,10.845377356638176,0.7056613541155211
msmarco-passage-trec-dl-2020,1106979,10,64,1,0,64,64,6.4,0,0,0.7,0.54,0.36,1.0,8.5,17,0,0.029286926612257957,0.0003952569095417857,0.03159204125404358,0.0,certified,0,66,10,0.15151515151515152,15.630678014265037,0.7755467946831901
msmarco-passage-trec-dl-2020,1106979,20,64,1,0,64,64,3.2,0,0,0.75,0.36,0.245,1.0,14.5,26,0,0.02456299029290676,0.0003952569095417857,0.03159204125404358,0.0,certified,0,66,17,0.25757575757575757,20.322682066039622,0.7603965126473985
msmarco-passage-trec-dl-2020,1106979,50,64,1,0,3392,3392,67.84,1,1,0.54,0.224,0.16,1.0,41.5,3341,0,0.013358655385673046,0.0003952569095417857,0.03159204125404358,0.0,certified,0,66,31,0.4696969696969697,23.946260242791144,0.7349109973995984
msmarco-passage-trec-dl-2020,1106979,100,64,0,1,,5001,,1,1,0.36,0.16,0.128,0.81,207.5,5001,1,0.008695651777088642,0.0003952569095417857,0.03159204125404358,-0.0001346999779343605,seen-competitor,0,66,44,0.6666666666666666,26.689096401030596,0.7560407534372914
msmarco-passage-trec-dl-2020,1108651,5,64,1,0,128,128,25.6,0,0,0.4,0.08,0.08,1.0,29.0,56,0,0.0227801576256752,0.0003952569095417857,0.03306011110544205,0.0,certified,0,115,3,0.02608695652173913,8.303361082234744,0.4023099498730987
msmarco-passage-trec-dl-2020,1108651,10,64,1,0,320,320,32.0,0,0,0.2,0.08,0.1,1.0,68.5,252,0,0.018840434029698372,0.0003952569095417857,0.03306011110544205,0.0,certified,0,115,8,0.06956521739130435,15.928493684806202,0.5008186156509733
msmarco-passage-trec-dl-2020,1108651,20,64,1,0,960,960,48.0,0,0,0.1,0.1,0.1,1.0,103.0,793,0,0.016902828589081764,0.0003952569095417857,0.03306011110544205,0.0,certified,0,115,14,0.12173913043478261,23.39416519062936,0.47470116441047433
msmarco-passage-trec-dl-2020,1108651,50,64,0,1,,5001,,1,1,0.08,0.084,0.092,0.76,538.5,5001,1,0.012525252066552639,0.0003952569095417857,0.03306011110544205,-3.220699727535248e-05,seen-competitor,0,115,22,0.19130434782608696,32.410205778533474,0.4212811682601472
msmarco-passage-trec-dl-2020,1108651,100,64,0,1,,5001,,1,1,0.1,0.092,0.091,0.61,1725.0,5001,1,0.009370132349431515,0.0003952569095417857,0.03306011110544205,-3.220699727535248e-05,seen-competitor,0,115,29,0.25217391304347825,36.179394710507594,0.38634595788865145
msmarco-passage-trec-dl-2020,1109707,5,64,1,0,128,128,25.6,0,0,0.2,0.12,0.08,1.0,19.0,77,0,0.02310924418270588,0.0003952569095417857,0.029213953763246536,0.00011671334505081177,certified,0,160,5,0.03125,14.56808358893175,0.7058448886378986
msmarco-passage-trec-dl-2020,1109707,10,64,1,0,192,192,19.2,0,0,0.1,0.08,0.15,1.0,65.0,137,0,0.021089481189846992,0.0003952569095417857,0.029213953763246536,6.841309368610382e-05,certified,0,160,9,0.05625,18.263209437050715,0.5742260033246084
msmarco-passage-trec-dl-2020,1109707,20,64,1,0,256,256,12.8,0,0,0.15,0.15,0.2,1.0,85.0,240,0,0.01903500221669674,0.0003952569095417857,0.029213953763246536,1.4046207070350647e-05,certified,0,160,16,0.1,23.704031644374236,0.6032321162524751
msmarco-passage-trec-dl-2020,1109707,50,64,1,0,1280,1280,25.6,1,0,0.08,0.228,0.288,1.0,160.0,1260,0,0.013986656442284584,0.0003952569095417857,0.029213953763246536,3.207474946975708e-06,certified,0,160,35,0.21875,35.04431248595101,0.6162456985045617
msmarco-passage-trec-dl-2020,1109707,100,64,0,1,,5001,,1,1,0.15,0.288,0.375,0.98,326.0,5001,1,0.010826719924807549,0.0003952569095417857,0.029213953763246536,-2.950243651866913e-05,seen-competitor,0,160,48,0.3,42.255008677501756,0.5217295747382265
msmarco-passage-trec-dl-2020,1110678,5,64,1,0,128,128,25.6,0,0,0.4,0.12,0.1,1.0,19.0,73,0,0.02321603149175644,0.0003952569095417857,0.03125,0.00013910792768001556,certified,0,83,5,0.060240963855421686,3.8098122350261785,0.47199791526734847
msmarco-passage-trec-dl-2020,1110678,10,64,1,0,320,320,32.0,0,0,0.2,0.1,0.13,1.0,63.0,152,0,0.01944521814584732,0.0003952569095417857,0.03125,2.041831612586975e-05,certified,0,83,5,0.060240963855421686,3.8098122350261785,0.3941142141603877
msmarco-passage-trec-dl-2020,1110678,20,64,1,0,640,640,32.0,0,0,0.15,0.13,0.115,1.0,87.0,631,0,0.017003366723656654,0.0003952569095417857,0.03125,2.475455403327942e-06,certified,0,83,11,0.13253012048192772,5.798412209462062,0.47670664400897145
msmarco-passage-trec-dl-2020,1110678,50,64,0,1,,5001,,1,1,0.1,0.1,0.108,0.82,309.5,5001,1,0.012930577620863914,0.0003952569095417857,0.03125,-6.656814366579056e-05,seen-competitor,0,83,24,0.2891566265060241,8.697185654158433,0.482615395431959
msmarco-passage-trec-dl-2020,1110678,100,64,0,1,,5001,,1,1,0.13,0.108,0.107,0.71,1873.5,5001,1,0.009851932525634766,0.0003952569095417857,0.03125,-6.656814366579056e-05,seen-competitor,0,83,34,0.40963855421686746,10.62661679582653,0.45294797618493304
msmarco-passage-trec-dl-2020,1113256,5,64,1,0,64,64,12.8,0,0,0.6,0.44,0.36,1.0,5.0,7,0,0.03128054738044739,0.0003952569095417857,0.03253968432545662,0.0,certified,0,30,5,0.16666666666666666,20.639213832155747,1.0
msmarco-passage-trec-dl-2020,1113256,10,64,1,0,64,64,6.4,0,0,0.9,0.36,0.52,1.0,7.0,13,0,0.027973394840955734,0.0003952569095417857,0.03253968432545662,0.0,certified,0,30,10,0.3333333333333333,28.18267657154803,1.0
msmarco-passage-trec-dl-2020,1113256,20,64,1,0,128,128,6.4,0,0,0.55,0.52,0.355,1.0,15.5,66,0,0.021540915593504906,0.0003952569095417857,0.03253968432545662,0.0,certified,0,30,15,0.5,30.46264728437433,0.9586156785307911
msmarco-passage-trec-dl-2020,1113256,50,64,1,0,512,512,10.24,0,0,0.36,0.292,0.198,1.0,64.0,177,0,0.016283277422189713,0.0003952569095417857,0.03253968432545662,0.0,certified,0,30,23,0.7666666666666667,32.040120676699125,0.9451624979369504
msmarco-passage-trec-dl-2020,1113256,100,64,0,1,,5001,,1,1,0.52,0.198,0.16,0.9,97.5,5001,1,0.009888465516269207,0.0003952569095417857,0.03253968432545662,-1.744832843542099e-05,seen-competitor,0,30,28,0.9333333333333333,32.87980412022179,0.9699326075431027
msmarco-passage-trec-dl-2020,1115210,5,64,1,0,128,128,25.6,0,0,0.4,0.12,0.08,1.0,15.0,54,0,0.022363070398569107,0.0003952569095417857,0.03279569745063782,0.00026441365480422974,certified,0,11,3,0.2727272727272727,2.1309297535714578,0.19008645736660595
msmarco-passage-trec-dl-2020,1115210,10,64,1,0,256,256,25.6,0,0,0.2,0.08,0.12,1.0,73.5,192,0,0.019809100776910782,0.0003952569095417857,0.03279569745063782,5.761533975601196e-05,certified,0,11,5,0.45454545454545453,5.206378370025222,0.4065761872337411
msmarco-passage-trec-dl-2020,1115210,20,64,1,0,640,640,32.0,0,0,0.15,0.12,0.3,1.0,113.5,289,0,0.01742013357579708,0.0003952569095417857,0.03279569745063782,1.0052695870399475e-05,certified,0,11,6,0.5454545454545454,5.456378370025222,0.4170152474557379
msmarco-passage-trec-dl-2020,1115210,50,64,0,1,,5001,,1,1,0.08,0.304,0.338,0.94,173.5,5001,1,0.014325068332254887,0.0003952569095417857,0.03279569745063782,-1.8145889043807983e-05,seen-competitor,0,11,8,0.7272727272727273,5.866675670955705,0.4483730857277117
msmarco-passage-trec-dl-2020,1115210,100,64,0,1,,5001,,1,1,0.12,0.338,0.345,0.9,219.5,5001,1,0.01149425283074379,0.0003952569095417857,0.03279569745063782,-1.8145889043807983e-05,seen-competitor,0,11,8,0.7272727272727273,5.866675670955705,0.4483730857277117
msmarco-passage-trec-dl-2020,1116380,5,64,1,0,192,192,38.4,0,0,0.0,0.08,0.08,1.0,48.0,110,0,0.0208425335586071,0.0003952569095417857,0.026198629289865494,0.0001472923904657364,certified,0,16,1,0.0625,1.0,0.06506563404025809
msmarco-passage-trec-dl-2020,1116380,10,64,1,0,512,512,51.2,0,0,0.1,0.08,0.06,1.0,80.0,373,0,0.018443847075104713,0.0003952569095417857,0.026198629289865494,0.0001472923904657364,certified,0,16,1,0.0625,1.0,0.05657193010678605
msmarco-passage-trec-dl-2020,1116380,20,64,0,1,,5001,,1,1,0.05,0.06,0.135,1.0,135.5,2654,0,0.01599326729774475,0.0003952569095417857,0.026198629289865494,-2.915225923061371e-05,seen-competitor,0,16,5,0.3125,3.8411942984682157,0.1996561298633194
msmarco-passage-trec-dl-2020,1116380,50,64,0,1,,5001,,1,1,0.08,0.148,0.144,0.7,922.5,5001,1,0.01295829564332962,0.0003952569095417857,0.026198629289865494,-2.915225923061371e-05,seen-competitor,0,16,8,0.5,5.983801337362155,0.31102374002926747
msmarco-passage-trec-dl-2020,1116380,100,64,0,1,,5001,,1,1,0.06,0.144,0.153,0.63,1389.5,5001,1,0.010077735409140587,0.0003952569095417857,0.026198629289865494,-2.915225923061371e-05,seen-competitor,0,16,14,0.875,7.61219227481839,0.3956636221114273
msmarco-passage-trec-dl-2020,1121353,5,64,1,0,64,64,12.8,0,0,0.2,0.2,0.12,1.0,8.0,21,0,0.02678571455180645,0.0003952569095417857,0.03177805617451668,0.0012820549309253693,certified,0,97,5,0.05154639175257732,3.7221647333484755,0.5162274965096612
msmarco-passage-trec-dl-2020,1121353,10,64,1,0,512,512,51.2,0,0,0.3,0.12,0.12,1.0,34.5,95,0,0.018621504306793213,0.0003952569095417857,0.03177805617451668,4.929862916469574e-05,certified,0,97,7,0.07216494845360824,4.326694436452092,0.4913672492473535
msmarco-passage-trec-dl-2020,1121353,20,64,1,0,4480,4480,224.0,1,1,0.2,0.12,0.145,1.0,92.0,555,0,0.016351943835616112,0.0003952569095417857,0.03177805617451668,2.64681875705719e-06,certified,0,97,11,0.1134020618556701,6.464285037299441,0.5719529190209333
msmarco-passage-trec-dl-2020,1121353,50,64,0,1,,5001,,1,1,0.12,0.156,0.168,0.82,385.0,5001,1,0.01315789483487606,0.0003952569095417857,0.03177805617451668,-0.00012168288230895996,seen-competitor,0,97,24,0.24742268041237114,9.073645103461493,0.5287797631168061
msmarco-passage-trec-dl-2020,1121353,100,64,0,1,,5001,,1,1,0.12,0.168,0.154,0.71,551.0,5001,1,0.009999999776482582,0.0003952569095417857,0.03177805617451668,-0.00012168288230895996,seen-competitor,0,97,35,0.36082474226804123,10.86247393796726,0.43890591171211596
msmarco-passage-trec-dl-2020,1122767,5,64,1,0,64,64,12.8,0,0,0.4,0.52,0.44,1.0,9.0,14,0,0.02982766181230545,0.0003952569095417857,0.0320020467042923,1.6395002603530884e-05,certified,0,123,5,0.04065040650406504,16.09180260321758,0.7796712963042549
msmarco-passage-trec-dl-2020,1122767,10,64,1,0,64,64,6.4,0,0,0.3,0.44,0.41,1.0,13.0,18,0,0.02747976779937744,0.0003952569095417857,0.0320020467042923,1.6395002603530884e-05,certified,0,123,10,0.08130081300813008,22.426205936402628,0.7051176108439066
msmarco-passage-trec-dl-2020,1122767,20,64,1,0,128,128,6.4,0,0,0.6,0.41,0.37,1.0,18.0,122,0,0.022191530093550682,0.0003952569095417857,0.0320020467042923,1.6395002603530884e-05,certified,0,123,17,0.13821138211382114,27.84066032805967,0.5649269280606837
msmarco-passage-trec-dl-2020,1122767,50,64,0,1,,5001,,1,1,0.44,0.368,0.29,0.98,60.5,5001,1,0.015384615398943424,0.0003952569095417857,0.0320020467042923,-3.940798342227936e-05,seen-competitor,0,123,39,0.3170731707317073,41.75495191676794,0.6202404259657421
msmarco-passage-trec-dl-2020,1122767,100,64,0,1,,5001,,1,1,0.41,0.29,0.251,0.94,125.5,5001,1,0.010526316240429878,0.0003952569095417857,0.0320020467042923,-3.940798342227936e-05,seen-competitor,0,123,60,0.4878048780487805,53.041692098958094,0.7038298296110539
msmarco-passage-trec-dl-2020,1127540,5,64,1,0,64,64,12.8,0,0,0.8,0.6,0.36,1.0,4.0,6,0,0.03100961446762085,0.0003952569095417857,0.03306011110544205,0.0,certified,0,27,5,0.18518518518518517,18.115494817869916,0.8777221344374128
msmarco-passage-trec-dl-2020,1127540,10,64,1,0,64,64,6.4,0,0,0.9,0.36,0.19,1.0,6.5,19,0,0.028205128386616707,0.0003952569095417857,0.03306011110544205,0.0,certified,0,27,10,0.37037037037037035,25.009354078436004,0.931469863398378
msmarco-passage-trec-dl-2020,1127540,20,64,1,0,512,512,25.6,0,0,0.65,0.19,0.095,1.0,13.0,326,0,0.016110915690660477,0.0003952569095417857,0.03306011110544205,0.0,certified,0,27,18,0.6666666666666666,28.559824013037858,0.9221856044882345
msmarco-passage-trec-dl-2020,1127540,50,64,0,1,,5001,,1,1,0.36,0.076,0.048,0.48,5001.0,5001,1,0.010869565419852734,0.0003952569095417857,0.03306011110544205,-0.00019762851297855377,seen-competitor,0,27,22,0.8148148148148148,29.399222355502054,0.9051614234247218
msmarco-passage-trec-dl-2020,1127540,100,64,0,1,,5001,,1,1,0.19,0.048,0.024,0.26,5001.0,5001,1,0.008474576286971569,0.0003952569095417857,0.03306011110544205,-0.00019762851297855377,seen-competitor,0,27,27,1.0,30.543673022519744,0.9403974777077438
msmarco-passage-trec-dl-2020,1131069,5,64,1,0,64,64,12.8,0,0,0.2,0.64,0.62,1.0,10.0,18,0,0.02904040366411209,0.0003952569095417857,0.03151364624500275,0.0002575088292360306,certified,0,3,1,0.3333333333333333,7.0,0.4692787260227565
msmarco-passage-trec-dl-2020,1131069,10,64,1,0,64,64,6.4,0,0,0.3,0.62,0.41,1.0,13.5,24,0,0.028177224099636078,0.0003952569095417857,0.03151364624500275,1.9077211618423462e-05,certified,0,3,2,0.6666666666666666,9.023453784225214,0.6049306994552043
msmarco-passage-trec-dl-2020,1131069,20,64,1,0,64,64,3.2,0,0,0.6,0.41,0.275,1.0,17.5,34,0,0.025458570569753647,0.0003952569095417857,0.03151364624500275,1.9077211618423462e-05,certified,0,3,3,1.0,10.976054403783124,0.7358326896234014
msmarco-passage-trec-dl-2020,1131069,50,64,1,0,1600,1600,32.0,1,0,0.62,0.232,0.162,1.0,37.0,3853,0,0.013650747947394848,0.0003952569095417857,0.03151364624500275,1.9077211618423462e-05,certified,0,3,3,1.0,10.976054403783124,0.7358326896234014
msmarco-passage-trec-dl-2020,1131069,100,64,0,1,,5001,,1,1,0.41,0.162,0.119,0.82,153.5,5001,1,0.00826446246355772,0.0003952569095417857,0.03151364624500275,-3.3756718039512634e-05,seen-competitor,0,3,3,1.0,10.976054403783124,0.7358326896234014
msmarco-passage-trec-dl-2020,1132532,5,64,1,0,128,128,25.6,0,0,0.0,0.12,0.24,1.0,17.0,54,0,0.024722574278712273,0.0003952569095417857,0.02838164195418358,8.599832653999329e-05,certified,0,110,4,0.03636363636363636,6.291488175275083,0.3048317744289751
msmarco-passage-trec-dl-2020,1132532,10,64,1,0,128,128,12.8,0,0,0.0,0.24,0.27,1.0,31.0,68,0,0.022510822862386703,0.0003952569095417857,0.02838164195418358,8.599832653999329e-05,certified,0,110,8,0.07272727272727272,10.20959435394828,0.3210068077924834
msmarco-passage-trec-dl-2020,1132532,20,64,1,0,256,256,12.8,0,0,0.15,0.27,0.265,1.0,44.5,134,0,0.019894786179065704,0.0003952569095417857,0.02838164195418358,4.079565405845642e-05,certified,0,110,18,0.16363636363636364,21.351140911673337,0.4500122822540868
msmarco-passage-trec-dl-2020,1132532,50,64,0,1,,5001,,1,1,0.24,0.252,0.29,0.98,114.5,5001,1,0.014427457936108112,0.0003952569095417857,0.02838164195418358,-6.80210068821907e-05,seen-competitor,0,110,37,0.33636363636363636,40.288442480305434,0.6196498551216991
msmarco-passage-trec-dl-2020,1132532,100,64,0,1,,5001,,1,1,0.27,0.29,0.279,0.93,201.0,5001,1,0.009902597405016422,0.0003952569095417857,0.02838164195418358,-6.80210068821907e-05,seen-competitor,0,110,56,0.509090909090909,50.58970424214057,0.6288478644618138
msmarco-passage-trec-dl-2020,1133579,5,64,1,0,64,64,12.8,0,0,0.0,0.28,0.4,1.0,14.0,19,0,0.028219396248459816,0.0003952569095417857,0.029957523569464684,0.0001337006688117981,certified,0,77,5,0.06493506493506493,12.845377356638176,0.739553577360618
msmarco-passage-trec-dl-2020,1133579,10,64,1,0,64,64,6.4,0,0,0.1,0.4,0.61,1.0,17.5,48,0,0.02497079409658909,0.0003952569095417857,0.029957523569464684,4.960410296916962e-05,certified,0,77,10,0.12987012987012986,18.15600756596513,0.8195216300658996
msmarco-passage-trec-dl-2020,1133579,20,64,1,0,128,128,6.4,0,0,0.3,0.61,0.505,1.0,43.0,79,0,0.022617680951952934,0.0003952569095417857,0.029957523569464684,9.251758456230164e-06,certified,0,77,19,0.24675324675324675,20.879368158999554,0.738945950742741
msmarco-passage-trec-dl-2020,1133579,50,64,1,0,512,512,10.24,0,0,0.4,0.452,0.31,1.0,56.5,141,0,0.017299270257353783,0.0003952569095417857,0.029957523569464684,9.251758456230164e-06,certified,0,77,43,0.5584415584415584,26.434409476697265,0.7749055299521723
msmarco-passage-trec-dl-2020,1133579,100,64,0,1,,5001,,1,1,0.61,0.31,0.197,0.99,86.5,5001,1,0.011760294437408447,0.0003952569095417857,0.029957523569464684,-1.0011717677116394e-05,seen-competitor,0,77,67,0.8701298701298701,32.27607219632168,0.8359944502842318
msmarco-passage-trec-dl-2020,1136043,5,64,1,0,64,64,12.8,0,0,0.2,0.28,0.2,1.0,6.0,9,0,0.03102453239262104,0.0003952569095417857,0.03151364624500275,0.00011491775512695312,certified,0,37,5,0.13513513513513514,6.794377974462666,0.3291975183607563
msmarco-passage-trec-dl-2020,1136043,10,64,1,0,128,128,12.8,0,0,0.7,0.2,0.15,1.0,8.0,60,0,0.022896114736795425,0.0003952569095417857,0.03151364624500275,0.0,certified,0,37,9,0.24324324324324326,14.043836463985752,0.5230607072726139
msmarco-passage-trec-dl-2020,1136043,20,64,1,0,1344,1344,67.2,1,0,0.35,0.15,0.135,1.0,46.0,1023,0,0.015435775741934776,0.0003952569095417857,0.03151364624500275,0.0,certified,0,37,11,0.2972972972972973,15.954348392589413,0.5335199765362875
msmarco-passage-trec-dl-2020,1136043,50,64,0,1,,5001,,1,1,0.2,0.14,0.134,0.86,580.5,5001,1,0.01273296121507883,0.0003952569095417857,0.03151364624500275,-0.000164681114256382,seen-competitor,0,37,17,0.4594594594594595,18.027429486118546,0.5398897194333242
msmarco-passage-trec-dl-2020,1136043,100,64,0,1,,5001,,1,1,0.15,0.134,0.168,0.83,969.5,5001,1,0.009752297773957253,0.0003952569095417857,0.03151364624500275,-0.000164681114256382,seen-competitor,0,37,21,0.5675675675675675,18.687353935250737,0.5596532928237244
msmarco-passage-trec-dl-2020,1136047,5,64,1,0,64,64,12.8,0,0,0.6,0.6,0.4,1.0,5.0,7,0,0.03102453239262104,0.0003952569095417857,0.032786883413791656,0.00023310072720050812,certified,0,21,1,0.047619047619047616,7.0,0.4554594382818066
msmarco-passage-trec-dl-2020,1136047,10,64,1,0,64,64,6.4,0,0,0.6,0.4,0.41,1.0,8.5,17,0,0.02808326855301857,0.0003952569095417857,0.032786883413791656,0.00014055147767066956,certified,0,21,3,0.14285714285714285,8.84948461734913,0.5006324252537533
msmarco-passage-trec-dl-2020,1136047,20,64,1,0,128,128,6.4,0,0,0.65,0.41,0.4,1.0,15.0,106,0,0.021685605868697166,0.0003952569095417857,0.032786883413791656,0.0,certified,0,21,6,0.2857142857142857,10.627342873625205,0.5268018783875816
msmarco-passage-trec-dl-2020,1136047,50,64,1,0,448,448,8.96,0,0,0.4,0.4,0.342,1.0,59.5,310,0,0.015509460121393204,0.0003952569095417857,0.032786883413791656,0.0,certified,0,21,7,0.3333333333333333,10.812791897040572,0.5301021232675021
msmarco-passage-trec-dl-2020,1136047,100,64,0,1,,5001,,1,1,0.41,0.342,0.287,0.99,121.5,5001,1,0.010943504050374031,0.0003952569095417857,0.032786883413791656,-6.516650319099426e-05,seen-competitor,0,21,9,0.42857142857142855,11.149676051533545,0.5466180247379427
msmarco-passage-trec-dl-2020,1136962,5,64,1,0,64,64,12.8,0,0,0.6,0.6,0.62,1.0,4.0,15,0,0.028790388256311417,0.0003952569095417857,0.032786883413791656,0.00019561685621738434,certified,0,72,5,0.06944444444444445,17.639213832155747,0.8546456263113074
msmarco-passage-trec-dl-2020,1136962,10,64,1,0,64,64,6.4,0,0,0.3,0.62,0.57,1.0,14.0,26,0,0.027389705181121826,0.0003952569095417857,0.032786883413791656,0.00011865422129631042,certified,0,72,10,0.1388888888888889,25.755866800632496,0.8098077452413271
msmarco-passage-trec-dl-2020,1136962,20,64,1,0,64,64,3.2,0,0,0.45,0.57,0.37,1.0,21.5,44,0,0.02533269301056862,0.0003952569095417857,0.032786883413791656,1.044943928718567e-06,certified,0,72,19,0.2638888888888889,37.05870264057506,0.7519742274056004
msmarco-passage-trec-dl-2020,1136962,50,64,1,0,256,256,5.12,0,0,0.62,0.368,0.278,1.0,42.0,219,0,0.01745045930147171,0.0003952569095417857,0.032786883413791656,1.044943928718567e-06,certified,0,72,40,0.5555555555555556,54.65494846335859,0.7497555900145796
msmarco-passage-trec-dl-2020,1136962,100,64,0,1,,5001,,1,1,0.57,0.278,0.239,0.98,72.5,5001,1,0.009477066807448864,0.0003952569095417857,0.032786883413791656,-3.418605774641037e-05,seen-competitor,0,72,50,0.6944444444444444,62.930319209160174,0.8216343887236729
msmarco-passage-trec-dl-2020,118440,5,64,1,0,128,128,25.6,0,0,0.2,0.16,0.12,1.0,11.0,70,0,0.024418605491518974,0.0003952569095417857,0.03181818127632141,0.0004450194537639618,certified,0,217,1,0.004608294930875576,7.0,0.3391602052736161
msmarco-passage-trec-dl-2020,118440,10,64,1,0,128,128,12.8,0,0,0.2,0.12,0.15,1.0,29.0,107,0,0.022153127938508987,0.0003952569095417857,0.03181818127632141,0.00020424649119377136,certified,0,217,2,0.009216589861751152,7.301029995663981,0.2295566553629929
msmarco-passage-trec-dl-2020,118440,20,64,1,0,832,832,41.6,0,0,0.2,0.15,0.165,1.0,86.0,540,0,0.016998687759041786,0.0003952569095417857,0.03181818127632141,5.537644028663635e-05,certified,0,217,4,0.018433179723502304,9.936641361312748,0.20162870468375732
msmarco-passage-trec-dl-2020,118440,50,64,0,1,,5001,,1,1,0.12,0.152,0.122,0.78,163.0,5001,1,0.012987012974917889,0.0003952569095417857,0.03181818127632141,-9.87127423286438e-05,seen-competitor,0,217,8,0.03686635944700461,13.897790765239142,0.20788186641939904
msmarco-passage-trec-dl-2020,118440,100,64,0,1,,5001,,1,1,0.15,0.122,0.077,0.57,1156.0,5001,1,0.009433962404727936,0.0003952569095417857,0.03181818127632141,-9.87127423286438e-05,seen-competitor,0,217,9,0.041474654377880185,14.069232365813056,0.1556749903829755
msmarco-passage-trec-dl-2020,121171,5,64,1,0,64,64,12.8,0,0,0.2,0.32,0.44,1.0,10.0,17,0,0.02919863536953926,0.0003952569095417857,0.03205128386616707,3.670342266559601e-05,certified,0,217,4,0.018433179723502304,4.291488175275083,0.48516733681853114
msmarco-passage-trec-dl-2020,121171,10,64,1,0,64,64,6.4,0,0,0.3,0.44,0.44,1.0,17.5,56,0,0.024824682623147964,0.0003952569095417857,0.03205128386616707,2.866610884666443e-05,certified,0,217,8,0.03686635944700461,6.19704787404268,0.45463973747727204
msmarco-passage-trec-dl-2020,121171,20,64,1,0,128,128,6.4,0,0,0.35,0.44,0.345,1.0,30.0,77,0,0.023058883845806122,0.0003952569095417857,0.03205128386616707,1.9215047359466553e-05,certified,0,217,17,0.07834101382488479,9.47738080476881,0.44872251504420824
msmarco-passage-trec-dl-2020,121171,50,64,1,0,512,512,10.24,0,0,0.44,0.3,0.2,1.0,57.5,483,0,0.01631299778819084,0.0003952569095417857,0.03205128386616707,0.0,certified,0,217,45,0.2073732718894009,19.650599542514453,0.5078566907000964
msmarco-passage-trec-dl-2020,121171,100,64,0,1,,5001,,1,1,0.44,0.2,0.114,0.89,112.0,5001,1,0.009634830057621002,0.0003952569095417857,0.03205128386616707,-6.994232535362244e-05,seen-competitor,0,217,87,0.4009216589861751,31.89227057630867,0.6000327830050924
msmarco-passage-trec-dl-2020,135802,5,64,1,0,64,64,12.8,0,0,0.8,0.28,0.16,1.0,3.0,6,0,0.03100961446762085,0.0003952569095417857,0.03306011110544205,0.0,certified,0,17,5,0.29411764705882354,8.845377356638176,1.0
msmarco-passage-trec-dl-2020,135802,10,64,1,0,576,576,57.6,0,0,0.6,0.16,0.09,1.0,8.0,274,0,0.01728871837258339,0.0003952569095417857,0.03306011110544205,0.0,certified,0,17,8,0.47058823529411764,11.082223392579888,0.8490467214171324
msmarco-passage-trec-dl-2020,135802,20,64,0,1,,5001,,1,1,0.3,0.09,0.05,0.85,197.5,5001,1,0.014705882407724857,0.0003952569095417857,0.03306011110544205,-0.0001423647627234459,seen-competitor,0,17,14,0.8235294117647058,13.667286627684229,0.9200586073094668
msmarco-passage-trec-dl-2020,135802,50,64,0,1,,5001,,1,1,0.16,0.044,0.026,0.34,5001.0,5001,1,0.011363636702299118,0.0003952569095417857,0.03306011110544205,-0.0001423647627234459,seen-competitor,0,17,16,0.9411764705882353,14.101097410695095,0.9492620151054467
msmarco-passage-trec-dl-2020,135802,100,64,0,1,,5001,,1,1,0.09,0.026,0.018,0.2,5001.0,5001,1,0.008928571827709675,0.0003952569095417857,0.03306011110544205,-0.0001423647627234459,seen-competitor,0,17,17,1.0,14.264248630378606,0.960245079121884
msmarco-passage-trec-dl-2020,141630,5,64,1,0,64,64,12.8,0,0,0.4,0.24,0.32,1.0,8.0,18,0,0.028860028833150864,0.0003952569095417857,0.0320020467042923,0.00041000545024871826,certified,0,118,5,0.0423728813559322,5.210318626022307,0.33901268495390774
msmarco-passage-trec-dl-2020,141630,10,64,1,0,64,64,6.4,0,0,0.3,0.32,0.44,1.0,17.5,53,0,0.024877149611711502,0.0003952569095417857,0.0320020467042923,4.9563124775886536e-05,certified,0,118,10,0.0847457627118644,7.383548497867036,0.36634926301230675
msmarco-passage-trec-dl-2020,141630,20,64,1,0,192,192,9.6,0,0,0.3,0.44,0.42,1.0,36.5,96,0,0.02169863134622574,0.0003952569095417857,0.0320020467042923,0.0,certified,0,118,19,0.16101694915254236,11.797062793645305,0.4859804679954283
msmarco-passage-trec-dl-2020,141630,50,64,1,0,576,576,11.52,0,0,0.32,0.432,0.422,1.0,62.0,571,0,0.016620879992842674,0.0003952569095417857,0.0320020467042923,0.0,certified,0,118,37,0.3135593220338983,17.858066768778873,0.5926566265905618
msmarco-passage-trec-dl-2020,141630,100,64,0,1,,5001,,1,1,0.44,0.422,0.402,0.99,117.0,5001,1,0.011425748467445374,0.0003952569095417857,0.0320020467042923,-9.574089199304581e-05,seen-competitor,0,118,56,0.4745762711864407,22.21017434602363,0.5818268286872628
msmarco-passage-trec-dl-2020,156498,5,64,1,0,64,64,12.8,0,0,0.2,0.24,0.26,1.0,12.0,21,0,0.028629031032323837,0.0003952569095417857,0.030365770682692528,0.0001522321254014969,certified,0,12,2,0.16666666666666666,7.630929753571458,0.5940603799878235
msmarco-passage-trec-dl-2020,156498,10,64,1,0,128,128,12.8,0,0,0.2,0.26,0.24,1.0,23.0,61,0,0.023039216175675392,0.0003952569095417857,0.030365770682692528,0.0001522321254014969,certified,0,12,6,0.5,10.918106178673197,0.6901650319830571
msmarco-passage-trec-dl-2020,156498,20,64,1,0,192,192,9.6,0,0,0.2,0.24,0.3,1.0,38.5,136,0,0.02013603039085865,0.0003952569095417857,0.030365770682692528,3.7631019949913025e-05,certified,0,12,8,0.6666666666666666,12.565649478908545,0.7676613897162449
msmarco-passage-trec-dl-2020,156498,50,64,0,1,,5001,,1,1,0.26,0.312,0.308,0.94,115.0,5001,1,0.013888888992369175,0.0003952569095417857,0.030365770682692528,-7.23712146282196e-05,seen-competitor,0,12,11,0.9166666666666666,13.538232120585572,0.8270784650991668
msmarco-passage-trec-dl-2020,156498,100,64,0,1,,5001,,1,1,0.24,0.308,0.302,0.84,195.5,5001,1,0.01038413867354393,0.0003952569095417857,0.030365770682692528,-7.23712146282196e-05,seen-competitor,0,12,11,0.9166666666666666,13.538232120585572,0.8270784650991668
msmarco-passage-trec-dl-2020,169208,5,64,1,0,64,64,12.8,0,0,0.4,0.44,0.4,1.0,10.0,15,0,0.029386531561613083,0.0003952569095417857,0.0317540317773819,3.159418702125549e-05,certified,0,24,3,0.125,6.053347682417997,0.31706527708377913
msmarco-passage-trec-dl-2020,169208,10,64,1,0,64,64,6.4,0,0,0.3,0.4,0.3,1.0,14.5,24,0,0.026754073798656464,0.0003952569095417857,0.0317540317773819,3.159418702125549e-05,certified,0,24,8,0.3333333333333333,10.72618098732178,0.44922455082360924
msmarco-passage-trec-dl-2020,169208,20,64,1,0,128,128,6.4,0,0,0.4,0.3,0.24,1.0,23.5,93,0,0.022707980126142502,0.0003952569095417857,0.0317540317773819,3.159418702125549e-05,certified,0,24,13,0.5416666666666666,16.770338720668082,0.6104481724850592
msmarco-passage-trec-dl-2020,169208,50,64,1,0,4864,4864,97.28,1,1,0.4,0.224,0.186,1.0,67.5,4864,0,0.013361022807657719,0.0003952569095417857,0.0317540317773819,5.977228283882141e-06,certified,0,24,22,0.9166666666666666,19.699924556994684,0.6948600131938133
msmarco-passage-trec-dl-2020,169208,100,64,0,1,,5001,,1,1,0.3,0.186,0.189,0.82,249.0,5001,1,0.009155701845884323,0.0003952569095417857,0.0317540317773819,-5.419831722974777e-05,seen-competitor,0,24,22,0.9166666666666666,19.699924556994684,0.6948600131938133
msmarco-passage-trec-dl-2020,174463,5,64,1,0,128,128,25.6,0,0,0.2,0.08,0.12,1.0,29.0,38,0,0.02346717193722725,0.0003952569095417857,0.031054403632879257,0.0003964640200138092,certified,0,94,2,0.02127659574468085,7.4165082750002025,0.5773678786608424
msmarco-passage-trec-dl-2020,174463,10,64,1,0,512,512,51.2,0,0,0.2,0.12,0.09,1.0,37.5,419,0,0.018221082165837288,0.0003952569095417857,0.031054403632879257,0.00013115257024765015,certified,0,94,5,0.05319148936170213,9.502257617731539,0.5389615538349253
msmarco-passage-trec-dl-2020,174463,20,64,0,1,,5001,,1,1,0.1,0.09,0.09,0.9,181.0,5001,1,0.01587301678955555,0.0003952569095417857,0.031054403632879257,-7.949769496917725e-06,seen-competitor,0,94,5,0.05319148936170213,9.502257617731539,0.37826246263175156
msmarco-passage-trec-dl-2020,174463,50,64,0,1,,5001,,1,1,0.12,0.088,0.1,0.64,477.5,5001,1,0.01314721629023552,0.0003952569095417857,0.031054403632879257,-7.949769496917725e-06,seen-competitor,0,94,16,0.1702127659574468,14.845634634684226,0.3477283336320529
msmarco-passage-trec-dl-2020,174463,100,64,0,1,,5001,,1,1,0.09,0.1,0.086,0.61,1834.5,5001,1,0.009484994225203991,0.0003952569095417857,0.031054403632879257,-7.949769496917725e-06,seen-competitor,0,94,27,0.2872340425531915,18.956505377049787,0.35145968172174186
msmarco-passage-trec-dl-2020,23849,5,64,1,0,256,256,51.2,0,0,0.0,0.04,0.04,1.0,64.0,188,0,0.02017761394381523,0.0003952569095417857,0.026375405490398407,0.0005294084548950195,certified,0,97,2,0.020618556701030927,11.416508275000202,0.5531464700081437
msmarco-passage-trec-dl-2020,23849,10,64,1,0,3648,3648,364.8,1,1,0.0,0.04,0.05,1.0,111.5,3620,0,0.016938479617238045,0.0003952569095417857,0.026375405490398407,0.00012044981122016907,certified,0,97,4,0.041237113402061855,12.088180338893954,0.38007270887384226
msmarco-passage-trec-dl-2020,23849,20,64,0,1,,5001,,1,1,0.05,0.05,0.065,0.85,511.5,5001,1,0.015625,0.0003952569095417857,0.026375405490398407,-3.847852349281311e-05,seen-competitor,0,97,8,0.08247422680412371,16.179036010417185,0.3282958451648608
msmarco-passage-trec-dl-2020,23849,50,64,0,1,,5001,,1,1,0.04,0.068,0.072,0.72,3365.5,5001,1,0.012500000186264515,0.0003952569095417857,0.026375405490398407,-3.847852349281311e-05,seen-competitor,0,97,25,0.25773195876288657,27.560604226681846,0.41550747104854013
msmarco-passage-trec-dl-2020,23849,100,64,0,1,,5001,,1,1,0.05,0.072,0.088,0.6,3990.5,5001,1,0.009669208899140358,0.0003952569095417857,0.026375405490398407,-3.847852349281311e-05,seen-competitor,0,97,30,0.30927835051546393,29.96854579493424,0.4054220764158905
msmarco-passage-trec-dl-2020,258062,5,64,1,0,64,64,12.8,0,0,0.0,0.2,0.26,1.0,18.0,31,0,0.026875901967287064,0.0003952569095417857,0.030117753893136978,4.748627543449402e-05,certified,0,26,4,0.15384615384615385,17.931244181513954,0.8687949224876581
msmarco-passage-trec-dl-2020,258062,10,64,1,0,64,64,6.4,0,0,0.1,0.26,0.21,1.0,28.0,55,0,0.02450980432331562,0.0003952569095417857,0.030117753893136978,4.748627543449402e-05,certified,0,26,5,0.19230769230769232,20.038454151161822,0.6300426811446147
msmarco-passage-trec-dl-2020,258062,20,64,1,0,576,576,28.8,0,0,0.15,0.21,0.23,1.0,41.5,341,0,0.01813008077442646,0.0003952569095417857,0.030117753893136978,9.523704648017883e-06,certified,0,26,8,0.3076923076923077,25.323256057665628,0.5337314900293835
msmarco-passage-trec-dl-2020,258062,50,64,0,1,,5001,,1,1,0.26,0.3,0.356,0.98,173.5,5001,1,0.01408519595861435,0.0003952569095417857,0.030117753893136978,-0.00014775339514017105,seen-competitor,0,26,13,0.5,30.994988383295848,0.6035894984281084
msmarco-passage-trec-dl-2020,258062,100,64,0,1,,5001,,1,1,0.21,0.356,0.361,0.95,295.0,5001,1,0.010379142127931118,0.0003952569095417857,0.030117753893136978,-0.00014775339514017105,seen-competitor,0,26,18,0.6923076923076923,35.44494939047477,0.6902470476787255
msmarco-passage-trec-dl-2020,324585,5,64,1,0,64,64,12.8,0,0,0.2,0.28,0.14,1.0,15.0,22,0,0.027212142944335938,0.0003952569095417857,0.03009207174181938,0.0004884023219347,certified,0,11,1,0.09090909090909091,7.0,0.3391602052736161
msmarco-passage-trec-dl-2020,324585,10,64,1,0,384,384,38.4,0,0,0.1,0.14,0.09,1.0,20.5,239,0,0.018646733835339546,0.0003952569095417857,0.03009207174181938,0.0004884023219347,certified,0,11,3,0.2727272727272727,11.31546410714797,0.3557772116892465
msmarco-passage-trec-dl-2020,324585,20,64,0,1,,5001,,1,1,0.25,0.09,0.08,0.85,209.0,5001,1,0.015180985443294048,0.0003952569095417857,0.03009207174181938,-0.00012251362204551697,seen-competitor,0,11,8,0.7272727272727273,20.25873383402899,0.6001251348684815
msmarco-passage-trec-dl-2020,324585,50,64,0,1,,5001,,1,1,0.14,0.072,0.044,0.58,1293.5,5001,1,0.011904762126505375,0.0003952569095417857,0.03009207174181938,-0.00012251362204551697,seen-competitor,0,11,11,1.0,24.82213935900378,0.7353070459677312
msmarco-passage-trec-dl-2020,324585,100,64,0,1,,5001,,1,1,0.09,0.044,0.032,0.36,5001.0,5001,1,0.00909090880304575,0.0003952569095417857,0.03009207174181938,-0.00012251362204551697,seen-competitor,0,11,11,1.0,24.82213935900378,0.7353070459677312
msmarco-passage-trec-dl-2020,330975,5,64,1,0,64,64,12.8,0,0,0.0,0.28,0.52,1.0,14.0,29,0,0.0275297611951828,0.0003952569095417857,0.030751174315810204,0.000227317214012146,certified,0,60,5,0.08333333333333333,16.09180260321758,0.7796712963042549
msmarco-passage-trec-dl-2020,330975,10,64,1,0,64,64,6.4,0,0,0.1,0.52,0.49,1.0,24.5,43,0,0.026013514026999474,0.0003952569095417857,0.030751174315810204,0.00011740066111087799,certified,0,60,8,0.13333333333333333,18.36095197682864,0.5772991930706347
msmarco-passage-trec-dl-2020,330975,20,64,1,0,128,128,6.4,0,0,0.15,0.49,0.395,1.0,29.5,75,0,0.02300066128373146,0.0003952569095417857,0.030751174315810204,1.2969598174095154e-05,certified,0,60,15,0.25,25.546033391393635,0.6156892150176307
msmarco-passage-trec-dl-2020,330975,50,64,1,0,576,576,11.52,0,0,0.52,0.356,0.256,1.0,46.0,252,0,0.017721321433782578,0.0003952569095417857,0.030751174315810204,1.123175024986267e-06,certified,0,60,32,0.5333333333333333,34.456006315772434,0.617251576228585
msmarco-passage-trec-dl-2020,330975,100,64,0,1,,5001,,1,1,0.49,0.256,0.174,0.96,101.5,5001,1,0.010151613503694534,0.0003952569095417857,0.030751174315810204,-0.00013594143092632294,seen-competitor,0,60,48,0.8,41.58115203323402,0.7226396676287002
msmarco-passage-trec-dl-2020,332593,5,64,1,0,64,64,12.8,0,0,0.0,0.36,0.22,1.0,11.0,18,0,0.02938045561313629,0.0003952569095417857,0.030621785670518875,0.00010695122182369232,certified,0,53,5,0.09433962264150944,10.595390756454924,0.5133621291304895
msmarco-passage-trec-dl-2020,332593,10,64,1,0,128,128,12.8,0,0,0.2,0.22,0.29,1.0,14.5,58,0,0.02417200803756714,0.0003952569095417857,0.030621785670518875,0.00010695122182369232,certified,0,53,10,0.18867924528301888,15.82453634513729,0.5893826230585116
msmarco-passage-trec-dl-2020,332593,20,64,1,0,192,192,9.6,0,0,0.45,0.29,0.44,1.0,40.5,152,0,0.019917583093047142,0.0003952569095417857,0.030621785670518875,5.686655640602112e-05,certified,0,53,18,0.33962264150943394,20.74955645443705,0.6042480047314173
msmarco-passage-trec-dl-2020,332593,50,64,1,0,1920,1920,38.4,1,0,0.22,0.44,0.356,1.0,92.5,1873,0,0.01560092531144619,0.0003952569095417857,0.030621785670518875,5.662441253662109e-07,certified,0,53,31,0.5849056603773585,26.496839592910256,0.613117483424011
msmarco-passage-trec-dl-2020,332593,100,64,0,1,,5001,,1,1,0.29,0.356,0.358,0.98,144.0,5001,1,0.01166190393269062,0.0003952569095417857,0.030621785670518875,-8.285138756036758e-05,seen-competitor,0,53,38,0.7169811320754716,29.679949130274146,0.6785484759887083
msmarco-passage-trec-dl-2020,336901,5,64,1,0,64,64,12.8,0,0,0.2,0.68,0.5,1.0,9.0,14,0,0.030365297570824623,0.0003952569095417857,0.03128054738044739,4.731118679046631e-07,certified,0,3,1,0.3333333333333333,2.7079696506417914,0.1815417925373527
msmarco-passage-trec-dl-2020,336901,10,64,1,0,64,64,6.4,0,0,0.6,0.5,0.33,1.0,10.0,14,0,0.028991596773266792,0.0003952569095417857,0.03128054738044739,4.731118679046631e-07,certified,0,3,2,0.6666666666666666,5.041302983975125,0.33796803454493823
msmarco-passage-trec-dl-2020,336901,20,64,1,0,128,128,6.4,0,0,0.65,0.33,0.19,1.0,14.5,32,0,0.02411038428544998,0.0003952569095417857,0.03128054738044739,4.731118679046631e-07,certified,0,3,2,0.6666666666666666,5.041302983975125,0.33796803454493823
msmarco-passage-trec-dl-2020,336901,50,64,0,1,,5001,,1,1,0.5,0.16,0.11,0.86,49.5,5001,1,0.011416490189731121,0.0003952569095417857,0.03128054738044739,-3.534369170665741e-05,seen-competitor,0,3,3,1.0,6.5134724089751925,0.43666200486689327
msmarco-passage-trec-dl-2020,336901,100,64,0,1,,5001,,1,1,0.33,0.11,0.101,0.58,1111.0,5001,1,0.008547008968889713,0.0003952569095417857,0.03128054738044739,-3.534369170665741e-05,seen-competitor,0,3,3,1.0,6.5134724089751925,0.43666200486689327
msmarco-passage-trec-dl-2020,390360,5,64,1,0,64,64,12.8,0,0,0.2,0.24,0.12,1.0,7.0,10,0,0.030117753893136978,0.0003952569095417857,0.03181818127632141,4.0125101804733276e-05,certified,0,35,4,0.11428571428571428,7.684818934934552,0.3723406810661392
msmarco-passage-trec-dl-2020,390360,10,64,1,0,192,192,19.2,0,0,0.5,0.12,0.09,1.0,15.0,158,0,0.020481310784816742,0.0003952569095417857,0.03181818127632141,4.0125101804733276e-05,certified,0,35,9,0.2571428571428571,15.309951537506011,0.5702169845151126
msmarco-passage-trec-dl-2020,390360,20,64,1,0,2048,2048,102.4,1,1,0.3,0.09,0.16,1.0,111.0,4107,0,0.015275813639163971,0.0003952569095417857,0.03181818127632141,1.6469508409500122e-05,certified,0,35,10,0.2857142857142857,15.537621786202964,0.4935456640168603
msmarco-passage-trec-dl-2020,390360,50,64,0,1,,5001,,1,1,0.12,0.176,0.2,0.9,656.5,5001,1,0.01286537665873766,0.0003952569095417857,0.03181818127632141,-1.321546733379364e-06,seen-competitor,0,35,14,0.4,17.47753992546368,0.5053337953236319
msmarco-passage-trec-dl-2020,390360,100,64,0,1,,5001,,1,1,0.09,0.2,0.255,0.87,942.5,5001,1,0.01013747788965702,0.0003952569095417857,0.03181818127632141,-1.321546733379364e-06,seen-competitor,0,35,16,0.45714285714285713,18.1290705177238,0.5241717112065518
msmarco-passage-trec-dl-2020,405163,5,64,1,0,128,128,25.6,0,0,0.0,0.08,0.1,1.0,26.0,49,0,0.0235294122248888,0.0003952569095417857,0.025989267975091934,0.00027402862906455994,certified,0,118,0,0.0,0.0,0.0
msmarco-passage-trec-dl-2020,405163,10,64,1,0,1024,1024,102.4,1,0,0.0,0.1,0.08,1.0,55.0,1020,0,0.017593450844287872,0.0003952569095417857,0.025989267975091934,0.00027402862906455994,certified,0,118,1,0.00847457627118644,2.1072099696478683,0.06625422345438904
msmarco-passage-trec-dl-2020,405163,20,64,0,1,,5001,,1,1,0.0,0.08,0.06,0.95,249.0,5001,1,0.01646825484931469,0.0003952569095417857,0.025989267975091934,-7.468834519386292e-05,seen-competitor,0,118,6,0.05084745762711865,11.218711681434291,0.22764375026707157
msmarco-passage-trec-dl-2020,405163,50,64,0,1,,5001,,1,1,0.1,0.064,0.116,0.7,1471.5,5001,1,0.01249358057975769,0.0003952569095417857,0.025989267975091934,-7.468834519386292e-05,seen-competitor,0,118,14,0.11864406779661017,18.697006861782864,0.20709073772849726
msmarco-passage-trec-dl-2020,405163,100,64,0,1,,5001,,1,1,0.08,0.116,0.187,0.69,2472.0,5001,1,0.009615384973585606,0.0003952569095417857,0.025989267975091934,-7.468834519386292e-05,seen-competitor,0,118,16,0.13559322033898305,21.014261578086373,0.15793963595864136
msmarco-passage-trec-dl-2020,42255,5,64,1,0,64,64,12.8,0,0,0.6,0.24,0.2,1.0,3.0,21,0,0.02666666731238365,0.0003952569095417857,0.03306011110544205,0.0,certified,0,7,3,0.42857142857142855,14.916508275000202,0.8587958726494572
msmarco-passage-trec-dl-2020,42255,10,64,1,0,128,128,12.8,0,0,0.3,0.2,0.34,1.0,22.5,55,0,0.023697301745414734,0.0003952569095417857,0.03306011110544205,0.0,certified,0,7,4,0.5714285714285714,15.272715462108225,0.813631332951089
msmarco-passage-trec-dl-2020,42255,20,64,1,0,256,256,12.8,0,0,0.2,0.34,0.545,1.0,49.0,101,0,0.01982462778687477,0.0003952569095417857,0.03306011110544205,0.0,certified,0,7,4,0.5714285714285714,15.272715462108225,0.813631332951089
msmarco-passage-trec-dl-2020,42255,50,64,1,0,1152,1152,23.04,1,0,0.2,0.652,0.716,1.0,88.0,1149,0,0.016190476715564728,0.0003952569095417857,0.03306011110544205,0.0,certified,0,7,7,1.0,16.940171953068187,0.9024626118905594
msmarco-passage-trec-dl-2020,42255,100,64,1,0,1152,1152,11.52,1,0,0.34,0.716,0.566,1.0,137.5,1149,0,0.012660964392125607,0.0003952569095417857,0.03306011110544205,0.0,certified,0,7,7,1.0,16.940171953068187,0.9024626118905594
msmarco-passage-trec-dl-2020,47210,5,64,1,0,64,64,12.8,0,0,0.4,0.4,0.3,1.0,6.0,7,0,0.03128054738044739,0.0003952569095417857,0.03205128386616707,0.0,certified,0,74,5,0.06756756756756757,19.09180260321758,0.9250256699929476
msmarco-passage-trec-dl-2020,47210,10,64,1,0,64,64,6.4,0,0,0.6,0.3,0.36,1.0,8.0,21,0,0.02678571455180645,0.0003952569095417857,0.03205128386616707,0.0,certified,0,74,10,0.13513513513513514,24.579692083140905,0.8721560573120107
msmarco-passage-trec-dl-2020,47210,20,64,1,0,192,192,9.6,0,0,0.45,0.36,0.5,1.0,27.5,108,0,0.019686654210090637,0.0003952569095417857,0.03205128386616707,0.0,certified,0,74,17,0.22972972972972974,27.35448449935535,0.7668162201956068
msmarco-passage-trec-dl-2020,47210,50,64,1,0,896,896,17.92,0,0,0.3,0.496,0.398,1.0,89.0,417,0,0.01576576568186283,0.0003952569095417857,0.03205128386616707,0.0,certified,0,74,33,0.44594594594594594,32.354319163521915,0.7131340779250298
msmarco-passage-trec-dl-2020,47210,100,64,0,1,,5001,,1,1,0.36,0.398,0.451,0.98,116.0,5001,1,0.012696290388703346,0.0003952569095417857,0.03205128386616707,-2.872757613658905e-05,seen-competitor,0,74,51,0.6891891891891891,37.906183378295644,0.7675585540983842
msmarco-passage-trec-dl-2020,555530,5,64,1,0,128,128,25.6,0,0,0.0,0.04,0.1,1.0,41.0,77,0,0.02374638244509697,0.0003952569095417857,0.028030304238200188,5.755573511123657e-06,certified,0,156,2,0.01282051282051282,2.8927892607143724,0.3270396664923996
msmarco-passage-trec-dl-2020,555530,10,64,1,0,256,256,25.6,0,0,0.1,0.1,0.16,1.0,60.5,104,0,0.020023858174681664,0.0003952569095417857,0.028030304238200188,5.755573511123657e-06,certified,0,156,2,0.01282051282051282,2.8927892607143724,0.21222636597291458
msmarco-passage-trec-dl-2020,555530,20,64,1,0,704,704,35.2,0,0,0.05,0.16,0.235,1.0,80.0,431,0,0.01726190559566021,0.0003952569095417857,0.028030304238200188,5.755573511123657e-06,certified,0,156,5,0.03205128205128205,3.634156198890826,0.1720652301751181
msmarco-passage-trec-dl-2020,555530,50,64,1,0,1664,1664,33.28,1,0,0.1,0.248,0.312,1.0,187.0,1617,0,0.01457428652793169,0.0003952569095417857,0.028030304238200188,2.5797635316848755e-07,certified,0,156,15,0.09615384615384616,7.5804573277002705,0.19591188371174473
msmarco-passage-trec-dl-2020,555530,100,64,0,1,,5001,,1,1,0.16,0.312,0.346,0.99,273.5,5001,1,0.011171439662575722,0.0003952569095417857,0.028030304238200188,-5.4673291742801666e-05,seen-competitor,0,156,31,0.1987179487179487,10.847213889812927,0.1872588548706931
msmarco-passage-trec-dl-2020,583468,5,64,1,0,64,64,12.8,0,0,0.0,0.44,0.48,1.0,12.0,21,0,0.028629031032323837,0.0003952569095417857,0.029709506779909134,0.00013156794011592865,certified,0,116,5,0.04310344827586207,20.639213832155747,1.0
msmarco-passage-trec-dl-2020,583468,10,64,1,0,64,64,6.4,0,0,0.1,0.48,0.66,1.0,16.5,34,0,0.027027027681469917,0.0003952569095417857,0.029709506779909134,0.00013156794011592865,certified,0,116,10,0.08620689655172414,31.804915366618417,1.0
msmarco-passage-trec-dl-2020,583468,20,64,1,0,128,128,6.4,0,0,0.35,0.66,0.62,1.0,24.5,74,0,0.023647239431738853,0.0003952569095417857,0.029709506779909134,4.630535840988159e-06,certified,0,116,20,0.1724137931034483,46.90136822058924,0.9516960287036073
msmarco-passage-trec-dl-2020,583468,50,64,1,0,192,192,3.84,0,0,0.48,0.516,0.294,1.0,55.5,133,0,0.01734219305217266,0.0003952569095417857,0.029709506779909134,4.630535840988159e-06,certified,0,116,48,0.41379310344827586,69.89523169232922,0.8340806866912502
msmarco-passage-trec-dl-2020,583468,100,64,1,0,1152,1152,11.52,1,0,0.66,0.294,0.164,1.0,82.0,1093,0,0.0126327620819211,0.0003952569095417857,0.029709506779909134,2.6542693376541138e-06,certified,0,116,86,0.7413793103448276,87.67374757028533,0.8982681243445026
msmarco-passage-trec-dl-2020,640502,5,64,1,0,64,64,12.8,0,0,0.2,0.2,0.2,1.0,11.0,14,0,0.027587518095970154,0.0003952569095417857,0.03095238283276558,4.721619188785553e-05,certified,0,176,4,0.022727272727272728,17.931244181513954,0.8687949224876581
msmarco-passage-trec-dl-2020,640502,10,64,1,0,128,128,12.8,0,0,0.2,0.2,0.22,1.0,24.5,51,0,0.022592592984437943,0.0003952569095417857,0.03095238283276558,4.721619188785553e-05,certified,0,176,7,0.03977272727272727,24.496285436572602,0.7702043899253146
msmarco-passage-trec-dl-2020,640502,20,64,1,0,576,576,28.8,0,0,0.25,0.22,0.335,1.0,50.5,483,0,0.01797405071556568,0.0003952569095417857,0.03095238283276558,4.721619188785553e-05,certified,0,176,13,0.07386363636363637,33.88780952789424,0.6876322583485611
msmarco-passage-trec-dl-2020,640502,50,64,0,1,,5001,,1,1,0.2,0.364,0.428,0.98,153.0,5001,1,0.014784121885895729,0.0003952569095417857,0.03095238283276558,-0.00012280605733394623,seen-competitor,0,176,25,0.14204545454545456,49.18412468705869,0.544770440598861
msmarco-passage-trec-dl-2020,640502,100,64,0,1,,5001,,1,1,0.22,0.428,0.384,0.98,214.0,5001,1,0.011569751426577568,0.0003952569095417857,0.03095238283276558,-0.00012280605733394623,seen-competitor,0,176,37,0.21022727272727273,59.07820654969116,0.4030697002444219
msmarco-passage-trec-dl-2020,67316,5,64,1,0,192,192,38.4,0,0,0.2,0.04,0.1,1.0,48.0,97,0,0.021794872358441353,0.0003952569095417857,0.02408602088689804,8.262321352958679e-05,certified,0,57,1,0.017543859649122806,7.0,0.3391602052736161
msmarco-passage-trec-dl-2020,67316,10,64,1,0,256,256,25.6,0,0,0.1,0.1,0.17,1.0,76.0,172,0,0.020370371639728546,0.0003952569095417857,0.02408602088689804,5.178153514862061e-07,certified,0,57,1,0.017543859649122806,7.0,0.26071401217877443
msmarco-passage-trec-dl-2020,67316,20,64,1,0,448,448,22.4,0,0,0.05,0.17,0.24,1.0,95.0,444,0,0.0183815136551857,0.0003952569095417857,0.02408602088689804,5.178153514862061e-07,certified,0,57,5,0.08771929824561403,11.695122406090771,0.3405737560938994
msmarco-passage-trec-dl-2020,67316,50,64,1,0,4224,4224,84.48,1,1,0.1,0.244,0.304,1.0,153.5,4194,0,0.014839773997664452,0.0003952569095417857,0.02408602088689804,0.0,certified,0,57,13,0.22807017543859648,14.008322138214046,0.33735678102575617
msmarco-passage-trec-dl-2020,67316,100,64,0,1,,5001,,1,1,0.17,0.304,0.383,0.98,265.5,5001,1,0.0106988325715065,0.0003952569095417857,0.02408602088689804,-6.578676402568817e-05,seen-competitor,0,57,23,0.40350877192982454,16.927793268572117,0.3961121654311169
msmarco-passage-trec-dl-2020,673670,5,64,1,0,128,128,25.6,0,0,0.0,0.08,0.24,1.0,26.0,52,0,0.02463400922715664,0.0003952569095417857,0.02585919201374054,9.325146675109863e-05,certified,0,35,0,0.0,0.0,0.0
msmarco-passage-trec-dl-2020,673670,10,64,1,0,128,128,12.8,0,0,0.1,0.24,0.27,1.0,43.0,91,0,0.0221820380538702,0.0003952569095417857,0.02585919201374054,7.651746273040771e-05,certified,0,35,0,0.0,0.0,0.0
msmarco-passage-trec-dl-2020,673670,20,64,1,0,192,192,9.6,0,0,0.05,0.27,0.26,1.0,48.5,139,0,0.02115749567747116,0.0003952569095417857,0.02585919201374054,1.739896833896637e-05,certified,0,35,1,0.02857142857142857,1.7125537948275824,0.047549057875356154
msmarco-passage-trec-dl-2020,673670,50,64,1,0,2496,2496,49.92,1,1,0.24,0.252,0.164,1.0,98.0,2446,0,0.015915557742118835,0.0003952569095417857,0.02585919201374054,1.739896833896637e-05,certified,0,35,6,0.17142857142857143,7.085575242622039,0.18111917672830968
msmarco-passage-trec-dl-2020,673670,100,64,0,1,,5001,,1,1,0.27,0.164,0.102,0.84,190.0,5001,1,0.009433962404727936,0.0003952569095417857,0.02585919201374054,-7.406249642372131e-05,seen-competitor,0,35,11,0.3142857142857143,9.556676156239131,0.24428465698383786
msmarco-passage-trec-dl-2020,701453,5,64,1,0,64,64,12.8,0,0,0.4,0.52,0.42,1.0,6.0,8,0,0.03100961446762085,0.0003952569095417857,0.032786883413791656,8.814036846160889e-06,certified,0,42,5,0.11904761904761904,17.369096370924005,0.90976723004651
msmarco-passage-trec-dl-2020,701453,10,64,1,0,64,64,6.4,0,0,0.6,0.42,0.26,1.0,8.5,30,0,0.027051560580730438,0.0003952569095417857,0.032786883413791656,8.814036846160889e-06,certified,0,42,9,0.21428571428571427,22.009469123324344,0.9217813770323309
msmarco-passage-trec-dl-2020,701453,20,64,1,0,128,128,6.4,0,0,0.5,0.26,0.2,1.0,20.5,44,0,0.02269574999809265,0.0003952569095417857,0.032786883413791656,8.814036846160889e-06,certified,0,42,19,0.4523809523809524,26.935569226460853,0.9131106696357759
msmarco-passage-trec-dl-2020,701453,50,64,0,1,,5001,,1,1,0.42,0.184,0.196,0.98,74.5,5001,1,0.012033659033477306,0.0003952569095417857,0.032786883413791656,-6.873160600662231e-05,seen-competitor,0,42,33,0.7857142857142857,30.985258944973435,0.9135022481230284
msmarco-passage-trec-dl-2020,701453,100,64,0,1,,5001,,1,1,0.26,0.196,0.294,0.96,454.5,5001,1,0.009446289390325546,0.0003952569095417857,0.032786883413791656,-6.873160600662231e-05,seen-competitor,0,42,40,0.9523809523809523,32.11976372533823,0.9469495292708172
msmarco-passage-trec-dl-2020,730539,5,64,1,0,64,64,12.8,0,0,0.8,0.4,0.24,1.0,3.0,11,0,0.02877846732735634,0.0003952569095417857,0.03279569745063782,0.00026441365480422974,certified,0,26,5,0.19230769230769232,11.210318626022307,0.872712285110806
msmarco-passage-trec-dl-2020,730539,10,64,1,0,64,64,6.4,0,0,0.4,0.24,0.16,1.0,13.0,25,0,0.026610644534230232,0.0003952569095417857,0.03279569745063782,1.8283724784851074e-05,certified,0,26,9,0.34615384615384615,13.14728377248483,0.7457049446338547
msmarco-passage-trec-dl-2020,730539,20,64,1,0,448,448,22.4,0,0,0.3,0.16,0.1,1.0,25.5,373,0,0.0170206967741251,0.0003952569095417857,0.03279569745063782,1.8283724784851074e-05,certified,0,26,14,0.5384615384615384,15.311178547412574,0.7607136735242858
msmarco-passage-trec-dl-2020,730539,50,64,0,1,,5001,,1,1,0.24,0.092,0.084,0.84,325.5,5001,1,0.011768141761422157,0.0003952569095417857,0.03279569745063782,-0.00010489951819181442,seen-competitor,0,26,16,0.6153846153846154,16.176221822367186,0.7548684148344739
msmarco-passage-trec-dl-2020,730539,100,64,0,1,,5001,,1,1,0.16,0.084,0.081,0.51,4897.0,5001,1,0.008928571827709675,0.0003952569095417857,0.03279569745063782,-0.00010489951819181442,seen-competitor,0,26,17,0.6538461538461539,16.639489810770517,0.7764869593802732
msmarco-passage-trec-dl-2020,768208,5,64,1,0,64,64,12.8,0,0,0.6,0.32,0.2,1.0,5.0,7,0,0.03125,0.0003952569095417857,0.032786883413791656,8.814036846160889e-06,certified,0,43,4,0.09302325581395349,10.901588713748293,0.5710088743485661
msmarco-passage-trec-dl-2020,768208,10,64,1,0,64,64,6.4,0,0,0.5,0.2,0.13,1.0,10.5,37,0,0.025521669536828995,0.0003952569095417857,0.032786883413791656,8.814036846160889e-06,certified,0,43,9,0.20930232558139536,16.13073430243066,0.7310226637685726
msmarco-passage-trec-dl-2020,768208,20,64,0,1,,5001,,1,1,0.35,0.13,0.07,0.8,45.5,5001,1,0.014705882407724857,0.0003952569095417857,0.032786883413791656,-0.00013676658272743225,seen-competitor,0,43,14,0.32558139534883723,18.978921653333238,0.7726726757965918
msmarco-passage-trec-dl-2020,768208,50,64,0,1,,5001,,1,1,0.2,0.06,0.032,0.36,5001.0,5001,1,0.011363636702299118,0.0003952569095417857,0.032786883413791656,-0.00013676658272743225,seen-competitor,0,43,19,0.4418604651162791,19.913937235116524,0.6827706399858805
msmarco-passage-trec-dl-2020,768208,100,64,0,1,,5001,,1,1,0.13,0.032,0.016,0.18,5001.0,5001,1,0.008695651777088642,0.0003952569095417857,0.032786883413791656,-0.00013676658272743225,seen-competitor,0,43,19,0.4418604651162791,19.913937235116524,0.6827706399858805
msmarco-passage-trec-dl-2020,877809,5,64,1,0,64,64,12.8,0,0,0.2,0.32,0.42,1.0,9.0,14,0,0.03007688745856285,0.0003952569095417857,0.03057890012860298,1.5184283256530762e-05,certified,0,83,5,0.060240963855421686,18.318096988748497,0.8875385049894213
msmarco-passage-trec-dl-2020,877809,10,64,1,0,64,64,6.4,0,0,0.3,0.42,0.41,1.0,15.5,44,0,0.025333737954497337,0.0003952569095417857,0.03057890012860298,1.5184283256530762e-05,certified,0,83,10,0.12048192771084337,22.297506834577113,0.7010710947522274
msmarco-passage-trec-dl-2020,877809,20,64,1,0,128,128,6.4,0,0,0.4,0.41,0.305,1.0,30.5,76,0,0.02190016210079193,0.0003952569095417857,0.03057890012860298,4.908069968223572e-06,certified,0,83,18,0.21686746987951808,27.456742411716863,0.5571366829101976
msmarco-passage-trec-dl-2020,877809,50,64,1,0,704,704,14.08,0,0,0.42,0.288,0.25,1.0,62.0,649,0,0.015311046503484249,0.0003952569095417857,0.03057890012860298,2.125278115272522e-06,certified,0,83,35,0.42168674698795183,31.86080631824605,0.4996633752288884
msmarco-passage-trec-dl-2020,877809,100,64,0,1,,5001,,1,1,0.41,0.25,0.204,0.96,148.5,5001,1,0.00996844470500946,0.0003952569095417857,0.03057890012860298,-6.390921771526337e-05,seen-competitor,0,83,50,0.6024096385542169,37.1992324293885,0.5375253817879309
msmarco-passage-trec-dl-2020,911232,5,64,1,0,64,64,12.8,0,0,0.2,0.52,0.32,1.0,9.0,11,0,0.03053613007068634,0.0003952569095417857,0.0313725508749485,0.00014694035053253174,certified,0,18,3,0.16666666666666666,9.79202967422018,0.8111577156305861
msmarco-passage-trec-dl-2020,911232,10,64,1,0,64,64,6.4,0,0,0.5,0.32,0.2,1.0,10.5,18,0,0.027912385761737823,0.0003952569095417857,0.0313725508749485,0.00013480708003044128,certified,0,18,4,0.2222222222222222,10.148236861328202,0.7425481957266035
msmarco-passage-trec-dl-2020,911232,20,64,1,0,320,320,16.0,0,0,0.55,0.2,0.125,1.0,17.5,319,0,0.01877453364431858,0.0003952569095417857,0.0313725508749485,5.3377822041511536e-05,certified,0,18,6,0.3333333333333333,10.654194886138017,0.678419602664669
msmarco-passage-trec-dl-2020,911232,50,64,0,1,,5001,,1,1,0.32,0.1,0.066,0.66,320.5,5001,1,0.01123595517128706,0.0003952569095417857,0.0313725508749485,-2.010725438594818e-06,seen-competitor,0,18,10,0.5555555555555556,11.485386387373541,0.7313467936943855
msmarco-passage-trec-dl-2020,911232,100,64,0,1,,5001,,1,1,0.2,0.066,0.046,0.43,5001.0,5001,1,0.008647995069622993,0.0003952569095417857,0.0313725508749485,-2.010725438594818e-06,seen-competitor,0,18,12,0.6666666666666666,11.798248291696156,0.751268679025732
msmarco-passage-trec-dl-2020,914916,5,64,1,0,64,64,12.8,0,0,0.0,0.16,0.24,1.0,15.0,36,0,0.026491228491067886,0.0003952569095417857,0.02967032976448536,0.0005739778280258179,certified,0,132,5,0.03787878787878788,8.53251846731975,0.41341295926815524
msmarco-passage-trec-dl-2020,914916,10,64,1,0,128,128,12.8,0,0,0.1,0.24,0.23,1.0,30.5,71,0,0.022001933306455612,0.0003952569095417857,0.02967032976448536,0.0003423895686864853,certified,0,132,9,0.06818181818181818,14.133877946033115,0.4443928802548443
msmarco-passage-trec-dl-2020,914916,20,64,1,0,256,256,12.8,0,0,0.2,0.23,0.345,1.0,45.5,142,0,0.019602246582508087,0.0003952569095417857,0.02967032976448536,9.467825293540955e-06,certified,0,132,16,0.12121212121212122,24.167415361365,0.4903915193959061
msmarco-passage-trec-dl-2020,914916,50,64,0,1,,5001,,1,1,0.24,0.36,0.33,0.98,113.5,5001,1,0.015317587181925774,0.0003952569095417857,0.02967032976448536,-7.30566680431366e-05,seen-competitor,0,132,39,0.29545454545454547,41.29991015487426,0.5368331974802978
msmarco-passage-trec-dl-2020,914916,100,64,0,1,,5001,,1,1,0.23,0.33,0.298,0.95,166.0,5001,1,0.011142721399664879,0.0003952569095417857,0.02967032976448536,-7.30566680431366e-05,seen-competitor,0,132,61,0.4621212121212121,48.64428767830929,0.5322704942795948
msmarco-passage-trec-dl-2020,938400,5,64,1,0,64,64,12.8,0,0,0.0,0.08,0.22,1.0,27.0,35,0,0.02506265789270401,0.0003952569095417857,0.02816092036664486,4.7497451305389404e-05,certified,0,102,5,0.049019607843137254,12.734037640308138,0.6169826885784089
msmarco-passage-trec-dl-2020,938400,10,64,1,0,128,128,12.8,0,0,0.0,0.22,0.29,1.0,32.5,124,0,0.022131148725748062,0.0003952569095417857,0.02816092036664486,4.7497451305389404e-05,certified,0,102,7,0.06862745098039216,13.423578160749493,0.4220598610628129
msmarco-passage-trec-dl-2020,938400,20,64,1,0,192,192,9.6,0,0,0.05,0.29,0.33,1.0,59.5,168,0,0.020517677068710327,0.0003952569095417857,0.02816092036664486,3.0267983675003052e-05,certified,0,102,14,0.13725490196078433,22.93502356906228,0.46538452239263867
msmarco-passage-trec-dl-2020,938400,50,64,1,0,2944,2944,58.88,1,1,0.22,0.312,0.262,1.0,95.0,3439,0,0.014952562749385834,0.0003952569095417857,0.02816092036664486,2.8721988201141357e-06,certified,0,102,29,0.28431372549019607,33.70127503213615,0.47794203831760446
msmarco-passage-trec-dl-2020,938400,100,64,0,1,,5001,,1,1,0.29,0.262,0.216,0.93,148.5,5001,1,0.010789467953145504,0.0003952569095417857,0.02816092036664486,-1.5039928257465363e-05,seen-competitor,0,102,48,0.47058823529411764,44.44512988975734,0.5657890058891498
msmarco-passage-trec-dl-2020,940547,5,64,1,0,64,64,12.8,0,0,0.0,0.16,0.18,1.0,18.0,34,0,0.027146130800247192,0.0003952569095417857,0.02877846732735634,5.2990391850471497e-05,certified,0,101,5,0.04950495049504951,7.210318626022307,0.8151510484299679
msmarco-passage-trec-dl-2020,940547,10,64,1,0,128,128,12.8,0,0,0.1,0.18,0.3,1.0,35.5,80,0,0.022819245234131813,0.0003952569095417857,0.02877846732735634,5.2990391850471497e-05,certified,0,101,8,0.07920792079207921,9.479467999633371,0.6954509518684792
msmarco-passage-trec-dl-2020,940547,20,64,1,0,384,384,19.2,0,0,0.2,0.3,0.305,1.0,53.5,127,0,0.01895693875849247,0.0003952569095417857,0.02877846732735634,5.2990391850471497e-05,certified,0,101,13,0.12871287128712872,11.733729509815632,0.5555531348749422
msmarco-passage-trec-dl-2020,940547,50,64,0,1,,5001,,1,1,0.18,0.284,0.23,0.96,83.0,5001,1,0.014745725318789482,0.0003952569095417857,0.02877846732735634,-5.1876530051231384e-05,seen-competitor,0,101,32,0.31683168316831684,15.842354865506945,0.4719033409693897
msmarco-passage-trec-dl-2020,940547,100,64,0,1,,5001,,1,1,0.3,0.23,0.21,0.92,163.0,5001,1,0.011187242344021797,0.0003952569095417857,0.02877846732735634,-5.1876530051231384e-05,seen-competitor,0,101,48,0.4752475247524752,20.022166806246613,0.48116185299413555
msmarco-passage-trec-dl-2020,997622,5,64,1,0,64,64,12.8,0,0,0.0,0.36,0.28,1.0,10.0,13,0,0.0292735043913126,0.0003952569095417857,0.03055555745959282,5.185604095458984e-06,certified,0,34,5,0.14705882352941177,20.639213832155747,1.0
msmarco-passage-trec-dl-2020,997622,10,64,1,0,64,64,6.4,0,0,0.3,0.28,0.2,1.0,13.0,32,0,0.02651914209127426,0.0003952569095417857,0.03055555745959282,4.16487455368042e-06,certified,0,34,10,0.29411764705882354,31.804915366618417,1.0
msmarco-passage-trec-dl-2020,997622,20,64,1,0,320,320,16.0,0,0,0.4,0.2,0.17,1.0,32.5,182,0,0.01885526068508625,0.0003952569095417857,0.03055555745959282,4.16487455368042e-06,certified,0,34,16,0.47058823529411764,41.00978431157972,0.9189517065366465
msmarco-passage-trec-dl-2020,997622,50,64,0,1,,5001,,1,1,0.28,0.184,0.192,0.9,175.5,5001,1,0.012838819995522499,0.0003952569095417857,0.03055555745959282,-1.543387770652771e-05,seen-competitor,0,34,25,0.7352941176470589,44.88064650804828,0.9441048929938048
msmarco-passage-trec-dl-2020,997622,100,64,0,1,,5001,,1,1,0.2,0.192,0.21,0.85,491.0,5001,1,0.00977275799959898,0.0003952569095417857,0.03055555745959282,-1.543387770652771e-05,seen-competitor,0,34,27,0.7941176470588235,45.20459617263974,0.9509194664730362
