dataset,query_id,policy,budget,reads,dense,sparse,k100,k20,certificate_calls,replay_seconds,schedule_seconds
msmarco-passage-trec-dl-2019,490595,certificate-event,128,128,1,127,0,0,3,0.0011990839848294854,0.0008992510847747326
msmarco-passage-trec-dl-2019,490595,certificate-event,256,256,113,143,39,20,24,0.004801667993888259,0.0011671677930280566
msmarco-passage-trec-dl-2019,490595,certificate-event,512,512,212,300,58,20,47,0.009622126002795994,0.001500999554991722
msmarco-passage-trec-dl-2019,490595,certificate-event,1024,1024,573,451,72,20,61,0.013029000954702497,0.0017050834139809012
msmarco-passage-trec-dl-2019,490595,certificate-event,2048,1103,652,451,100,20,64,0.013865793007425964,0.0017587904585525393
msmarco-passage-trec-dl-2019,490595,balanced64,128,128,64,64,17,17,3,0.00017424998804926872,1.5830155462026596e-06
msmarco-passage-trec-dl-2019,490595,balanced64,256,256,128,128,30,20,5,0.00047204201109707355,2.2490276023745537e-06
msmarco-passage-trec-dl-2019,490595,balanced64,512,512,256,256,54,20,9,0.0012302499962970614,3.4159747883677483e-06
msmarco-passage-trec-dl-2019,490595,balanced64,1024,1024,512,512,71,20,17,0.003014999907463789,5.584908649325371e-06
msmarco-passage-trec-dl-2019,490595,balanced64,2048,1216,640,576,100,20,20,0.0037646659184247255,6.37606717646122e-06
msmarco-passage-trec-dl-2019,490595,blocker64,128,128,64,64,17,17,3,0.00017904199194163084,7.541966624557972e-06
msmarco-passage-trec-dl-2019,490595,blocker64,256,256,128,128,30,20,5,0.0004923340165987611,9.124982170760632e-06
msmarco-passage-trec-dl-2019,490595,blocker64,512,512,256,256,54,20,9,0.001288584084250033,1.1291936971247196e-05
msmarco-passage-trec-dl-2019,490595,blocker64,1024,1024,640,384,100,20,17,0.003134584054350853,1.6291975043714046e-05
msmarco-passage-trec-dl-2019,490595,blocker64,2048,1024,640,384,100,20,17,0.0031347930198535323,1.6291975043714046e-05
msmarco-passage-trec-dl-2019,490595,pressure64,128,128,64,64,17,17,3,0.00020695803686976433,4.054198507219553e-05
msmarco-passage-trec-dl-2019,490595,pressure64,256,256,128,128,30,20,5,0.002733374945819378,0.002199457958340645
msmarco-passage-trec-dl-2019,490595,pressure64,512,512,256,256,54,20,9,0.012272374937310815,0.010792291024699807
msmarco-passage-trec-dl-2019,490595,pressure64,1024,1024,640,384,100,20,17,0.04024212493095547,0.0365688739111647
msmarco-passage-trec-dl-2019,490595,pressure64,2048,1024,640,384,100,20,17,0.04024241701699793,0.0365688739111647
msmarco-passage-trec-dl-2019,490595,unit,128,128,52,76,22,20,129,0.009225917048752308,7.620942778885365e-05
msmarco-passage-trec-dl-2019,490595,unit,256,256,114,142,39,20,257,0.029089501011185348,0.0001568417064845562
msmarco-passage-trec-dl-2019,490595,unit,512,512,199,313,58,20,513,0.07772066700272262,0.0003101821057498455
msmarco-passage-trec-dl-2019,490595,unit,1024,1003,635,368,100,20,1004,0.18709158396814018,0.0005995584651827812
msmarco-passage-trec-dl-2019,490595,unit,2048,1003,635,368,100,20,1004,0.18709187500644475,0.0005995584651827812
msmarco-passage-trec-dl-2019,490595,handoff64,128,128,64,64,17,17,5,0.00036570802330970764,6.88750296831131e-05
msmarco-passage-trec-dl-2019,490595,handoff64,256,256,113,143,39,20,77,0.012857082998380065,0.0016575413756072521
msmarco-passage-trec-dl-2019,490595,handoff64,512,512,199,313,58,20,165,0.031947582960128784,0.0037710428005084395
msmarco-passage-trec-dl-2019,490595,handoff64,1024,1021,652,369,100,20,219,0.044974290882237256,0.005102375638671219
msmarco-passage-trec-dl-2019,490595,handoff64,2048,1021,652,369,100,20,219,0.04497454082593322,0.005102375638671219
msmarco-passage-trec-dl-2019,490595,handoff,128,128,1,127,0,0,3,0.0002592499367892742,2.162496093660593e-05
msmarco-passage-trec-dl-2019,490595,handoff,256,256,113,143,39,20,37,0.006446583895012736,0.000798080931417644
msmarco-passage-trec-dl-2019,490595,handoff,512,512,199,313,58,20,125,0.025350708863697946,0.002983620041050017
msmarco-passage-trec-dl-2019,490595,handoff,1024,1021,652,369,100,20,178,0.0383955838624388,0.004422995843924582
msmarco-passage-trec-dl-2019,490595,handoff,2048,1021,652,369,100,20,178,0.038395874900743365,0.004422995843924582
msmarco-passage-trec-dl-2019,855410,handoff64,128,128,64,64,5,5,6,0.0005984170129522681,0.00011604290921241045
msmarco-passage-trec-dl-2019,855410,handoff64,256,256,128,128,5,5,98,0.012320208945311606,0.0021529195364564657
msmarco-passage-trec-dl-2019,855410,handoff64,512,512,256,256,5,5,285,0.03613454196602106,0.006255998625420034
msmarco-passage-trec-dl-2019,855410,handoff64,1024,1024,512,512,5,5,674,0.08806824986822903,0.014914834639057517
msmarco-passage-trec-dl-2019,855410,handoff64,2048,2048,1024,1024,5,5,1426,0.19060141686350107,0.031720523023977876
msmarco-passage-trec-dl-2019,855410,handoff,128,128,1,127,0,0,3,0.0001479580532759428,2.054101787507534e-05
msmarco-passage-trec-dl-2019,855410,handoff,256,256,128,128,5,5,7,0.0006649160059168935,9.849993512034416e-05
msmarco-passage-trec-dl-2019,855410,handoff,512,512,256,256,5,5,194,0.024331041029654443,0.0043386355973780155
msmarco-passage-trec-dl-2019,855410,handoff,1024,1024,512,512,5,5,583,0.07590566610451788,0.013553681434132159
msmarco-passage-trec-dl-2019,855410,handoff,2048,2048,1024,1024,5,5,1335,0.17999454110395163,0.032344866544008255
msmarco-passage-trec-dl-2019,855410,certificate-event,128,128,1,127,0,0,3,0.000144458026625216,1.8331920728087425e-05
msmarco-passage-trec-dl-2019,855410,certificate-event,256,256,129,127,5,5,5,0.00036708300467580557,3.924791235476732e-05
msmarco-passage-trec-dl-2019,855410,certificate-event,512,512,129,383,5,5,6,0.00048112496733665466,4.5705935917794704e-05
msmarco-passage-trec-dl-2019,855410,certificate-event,1024,1024,641,383,5,5,7,0.000599791994318366,5.2413903176784515e-05
msmarco-passage-trec-dl-2019,855410,certificate-event,2048,2048,641,1407,5,5,8,0.00073441700078547,5.8622914366424084e-05
msmarco-passage-trec-dl-2019,855410,balanced64,128,128,64,64,5,5,3,0.00015329208690673113,1.625041477382183e-06
msmarco-passage-trec-dl-2019,855410,balanced64,256,256,128,128,5,5,5,0.0003462920431047678,2.458924427628517e-06
msmarco-passage-trec-dl-2019,855410,balanced64,512,512,256,256,5,5,9,0.0008033750345930457,3.7510180845856667e-06
msmarco-passage-trec-dl-2019,855410,balanced64,1024,1024,512,512,5,5,17,0.0016959999920800328,6.041955202817917e-06
msmarco-passage-trec-dl-2019,855410,balanced64,2048,2048,1024,1024,5,5,33,0.0035185409942641854,9.543495252728462e-06
msmarco-passage-trec-dl-2019,855410,blocker64,128,128,64,64,5,5,3,0.00017245800700038671,6.498885340988636e-06
msmarco-passage-trec-dl-2019,855410,blocker64,256,256,128,128,5,5,5,0.00037650007288903,8.081784471869469e-06
msmarco-passage-trec-dl-2019,855410,blocker64,512,512,256,256,5,5,9,0.0007881670026108623,1.037493348121643e-05
msmarco-passage-trec-dl-2019,855410,blocker64,1024,1024,512,512,5,5,17,0.0017437509959563613,1.5373690985143185e-05
msmarco-passage-trec-dl-2019,855410,blocker64,2048,2048,1024,1024,5,5,33,0.0035487510031089187,2.6040710508823395e-05
msmarco-passage-trec-dl-2019,855410,pressure64,128,128,64,64,5,5,3,0.0002395829651504755,4.987395368516445e-05
msmarco-passage-trec-dl-2019,855410,pressure64,256,256,128,128,5,5,5,0.0009741670219227672,0.0005752069409936666
msmarco-passage-trec-dl-2019,855410,pressure64,512,512,256,256,5,5,9,0.0025473340647295117,0.0016793739050626755
msmarco-passage-trec-dl-2019,855410,pressure64,1024,1024,512,512,5,5,17,0.0055558341555297375,0.0038242898881435394
msmarco-passage-trec-dl-2019,855410,pressure64,2048,2048,1088,960,5,5,33,0.011768417083658278,0.008178665768355131
msmarco-passage-trec-dl-2019,855410,unit,128,128,64,64,5,5,129,0.009792375029064715,8.858542423695326e-05
msmarco-passage-trec-dl-2019,855410,unit,256,256,128,128,5,5,257,0.022837292053736746,0.00015613308642059565
msmarco-passage-trec-dl-2019,855410,unit,512,512,256,256,5,5,513,0.049949625972658396,0.0003084730124101043
msmarco-passage-trec-dl-2019,855410,unit,1024,1024,512,512,5,5,1025,0.1053577089915052,0.0005714013241231441
msmarco-passage-trec-dl-2019,855410,unit,2048,2048,1024,1024,5,5,2049,0.22203620907384902,0.0011334100272506475
msmarco-passage-trec-dl-2019,264014,handoff64,128,128,64,64,9,9,8,0.00088900001719594,0.00015299918595701456
msmarco-passage-trec-dl-2019,264014,handoff64,256,256,140,116,26,20,101,0.015130750020034611,0.0022835012059658766
msmarco-passage-trec-dl-2019,264014,handoff64,512,512,271,241,40,20,254,0.04380062501877546,0.005854915361851454
msmarco-passage-trec-dl-2019,264014,handoff64,1024,1024,759,265,60,20,274,0.048431291943416,0.006339040235616267
msmarco-passage-trec-dl-2019,264014,handoff64,2048,2048,1707,341,66,20,427,0.08745783299673349,0.010159245925024152
msmarco-passage-trec-dl-2019,264014,handoff,128,128,1,127,0,0,3,0.00019733398221433163,2.2542080841958523e-05
msmarco-passage-trec-dl-2019,264014,handoff,256,256,129,127,25,20,20,0.0028726679738610983,0.00039883400313556194
msmarco-passage-trec-dl-2019,264014,handoff,512,512,271,241,40,20,155,0.02808225096669048,0.003683578805066645
msmarco-passage-trec-dl-2019,264014,handoff,1024,1024,759,265,60,20,173,0.032450834987685084,0.004177702823653817
msmarco-passage-trec-dl-2019,264014,handoff,2048,2048,1707,341,66,20,296,0.06442104396410286,0.0077034110436216
msmarco-passage-trec-dl-2019,264014,certificate-event,128,128,1,127,0,0,3,0.00015941704623401165,1.8666964024305344e-05
msmarco-passage-trec-dl-2019,264014,certificate-event,256,256,129,127,25,20,20,0.002480125054717064,0.00019808532670140266
msmarco-passage-trec-dl-2019,264014,certificate-event,512,512,254,258,40,20,41,0.0062235420336946845,0.0004697943804785609
msmarco-passage-trec-dl-2019,264014,certificate-event,1024,1024,766,258,60,20,56,0.009633501060307026,0.0007136274361982942
msmarco-passage-trec-dl-2019,264014,certificate-event,2048,2048,1734,314,66,20,63,0.011262001004070044,0.0008240435272455215
msmarco-passage-trec-dl-2019,264014,balanced64,128,128,64,64,9,9,3,0.00017975002992898226,2.2919848561286926e-06
msmarco-passage-trec-dl-2019,264014,balanced64,256,256,128,128,21,20,5,0.00045175000559538603,2.958928234875202e-06
msmarco-passage-trec-dl-2019,264014,balanced64,512,512,256,256,40,20,9,0.001149166957475245,4.125060513615608e-06
msmarco-passage-trec-dl-2019,264014,balanced64,1024,1024,512,512,56,20,17,0.002917167032137513,7.2910916060209274e-06
msmarco-passage-trec-dl-2019,264014,balanced64,2048,2048,1024,1024,64,20,33,0.006847291951999068,1.2958305887877941e-05
msmarco-passage-trec-dl-2019,264014,blocker64,128,128,64,64,9,9,3,0.00018874998204410076,8.584116585552692e-06
msmarco-passage-trec-dl-2019,264014,blocker64,256,256,128,128,21,20,5,0.00046729203313589096,1.0459101758897305e-05
msmarco-passage-trec-dl-2019,264014,blocker64,512,512,256,256,40,20,9,0.0011938340030610561,1.3044220395386219e-05
msmarco-passage-trec-dl-2019,264014,blocker64,1024,1024,768,256,60,20,17,0.0029365430818870664,1.8961145542562008e-05
msmarco-passage-trec-dl-2019,264014,blocker64,2048,2048,1664,384,66,20,33,0.006629084120504558,3.050314262509346e-05
msmarco-passage-trec-dl-2019,264014,pressure64,128,128,64,64,9,9,3,0.00024020893033593893,4.858395550400019e-05
msmarco-passage-trec-dl-2019,264014,pressure64,256,256,128,128,21,20,5,0.0014472499024122953,0.0009807499591261148
msmarco-passage-trec-dl-2019,264014,pressure64,512,512,256,256,40,20,9,0.007618291885592043,0.006445123814046383
msmarco-passage-trec-dl-2019,264014,pressure64,1024,1024,768,256,60,20,17,0.02891458384692669,0.025828414713032544
msmarco-passage-trec-dl-2019,264014,pressure64,2048,2048,1600,448,66,20,33,0.08086800086311996,0.07377375033684075
msmarco-passage-trec-dl-2019,264014,unit,128,128,70,58,9,9,129,0.009318417054601014,7.945543620735407e-05
msmarco-passage-trec-dl-2019,264014,unit,256,256,140,116,26,20,257,0.02561012504156679,0.0001566701103001833
msmarco-passage-trec-dl-2019,264014,unit,512,512,272,240,40,20,513,0.06839141703676432,0.0003063376061618328
msmarco-passage-trec-dl-2019,264014,unit,1024,1024,769,255,60,20,1025,0.172866209060885,0.0006338730454444885
msmarco-passage-trec-dl-2019,264014,unit,2048,2048,1707,341,66,20,2049,0.40532995911780745,0.0012857222463935614
msmarco-passage-trec-dl-2019,19335,handoff,128,128,1,127,0,0,3,0.00024516694247722626,3.591692075133324e-05
msmarco-passage-trec-dl-2019,19335,handoff,256,256,129,127,8,8,6,0.0006888329517096281,0.0001129580195993185
msmarco-passage-trec-dl-2019,19335,handoff,512,512,231,281,14,14,198,0.0299761249916628,0.004706041072495282
msmarco-passage-trec-dl-2019,19335,handoff,1024,1024,472,552,19,19,609,0.09877154091373086,0.014861586387269199
msmarco-passage-trec-dl-2019,19335,handoff,2048,2048,885,1163,21,20,1340,0.2324622489977628,0.03447272174526006
msmarco-passage-trec-dl-2019,19335,certificate-event,128,128,1,127,0,0,3,0.00015900004655122757,1.837499439716339e-05
msmarco-passage-trec-dl-2019,19335,certificate-event,256,256,129,127,8,8,6,0.0005210831295698881,5.150097422301769e-05
msmarco-passage-trec-dl-2019,19335,certificate-event,512,512,187,325,14,14,17,0.002101292135193944,0.00018912600353360176
msmarco-passage-trec-dl-2019,19335,certificate-event,1024,1024,471,553,19,19,27,0.00374820816796273,0.0003325421130284667
msmarco-passage-trec-dl-2019,19335,certificate-event,2048,2048,1136,912,21,20,31,0.0044840831542387605,0.0003878760617226362
msmarco-passage-trec-dl-2019,19335,balanced64,128,128,64,64,4,4,3,0.00014995806850492954,2.1659070625901222e-06
msmarco-passage-trec-dl-2019,19335,balanced64,256,256,128,128,8,8,5,0.0003535830182954669,2.8739450499415398e-06
msmarco-passage-trec-dl-2019,19335,balanced64,512,512,256,256,14,14,9,0.0008639991283416748,3.958120942115784e-06
msmarco-passage-trec-dl-2019,19335,balanced64,1024,1024,512,512,18,18,17,0.0021177910966798663,6.663030944764614e-06
msmarco-passage-trec-dl-2019,19335,balanced64,2048,2048,1024,1024,21,20,33,0.00482199911493808,1.1078780516982079e-05
msmarco-passage-trec-dl-2019,19335,blocker64,128,128,64,64,4,4,3,0.00017087499145418406,7.707974873483181e-06
msmarco-passage-trec-dl-2019,19335,blocker64,256,256,128,128,8,8,5,0.0004045000532642007,9.29099041968584e-06
msmarco-passage-trec-dl-2019,19335,blocker64,512,512,256,256,14,14,9,0.0009552499977871776,1.187401358038187e-05
msmarco-passage-trec-dl-2019,19335,blocker64,1024,1024,448,576,18,18,17,0.0022500839550048113,1.7456128261983395e-05
msmarco-passage-trec-dl-2019,19335,blocker64,2048,2048,896,1152,21,20,33,0.005006251041777432,2.912222407758236e-05
msmarco-passage-trec-dl-2019,19335,pressure64,128,128,64,64,4,4,3,0.00020779098849743605,3.904104232788086e-05
msmarco-passage-trec-dl-2019,19335,pressure64,256,256,128,128,8,8,5,0.0009554580319672823,0.0005529159680008888
msmarco-passage-trec-dl-2019,19335,pressure64,512,512,256,256,14,14,9,0.00346024997998029,0.002516208100132644
msmarco-passage-trec-dl-2019,19335,pressure64,1024,1024,512,512,18,18,17,0.010918832966126502,0.008638333878479898
msmarco-passage-trec-dl-2019,19335,pressure64,2048,2048,960,1088,21,20,33,0.028056124923750758,0.022982832975685596
msmarco-passage-trec-dl-2019,19335,unit,128,128,67,61,5,5,129,0.009013791917823255,7.255282253026962e-05
msmarco-passage-trec-dl-2019,19335,unit,256,256,133,123,8,8,257,0.022878124960698187,0.00014542415738105774
msmarco-passage-trec-dl-2019,19335,unit,512,512,231,281,14,14,513,0.05423583299852908,0.0002832596655935049
msmarco-passage-trec-dl-2019,19335,unit,1024,1024,472,552,19,19,1025,0.12747666600625962,0.0005870580207556486
msmarco-passage-trec-dl-2019,19335,unit,2048,2048,885,1163,21,20,2049,0.28719508298672736,0.0011559604899957776
msmarco-passage-trec-dl-2019,19335,handoff64,128,128,64,64,4,4,6,0.00048345804680138826,9.587593376636505e-05
msmarco-passage-trec-dl-2019,19335,handoff64,256,256,133,123,8,8,119,0.015232166973873973,0.002517501008696854
msmarco-passage-trec-dl-2019,19335,handoff64,512,512,231,281,14,14,318,0.04404025000985712,0.006911118631251156
msmarco-passage-trec-dl-2019,19335,handoff64,1024,1024,472,552,19,19,729,0.11262087500654161,0.016515618888661265
msmarco-passage-trec-dl-2019,19335,handoff64,2048,2048,885,1163,21,20,1461,0.24398920801468194,0.03425533138215542
msmarco-passage-trec-dl-2019,1133167,certificate-event,128,128,1,127,0,0,3,0.00016029109247028828,1.7832964658737183e-05
msmarco-passage-trec-dl-2019,1133167,certificate-event,256,256,129,127,11,11,14,0.001584041048772633,0.00013641593977808952
msmarco-passage-trec-dl-2019,1133167,certificate-event,512,512,258,254,26,20,33,0.004613500088453293,0.00037858285941183567
msmarco-passage-trec-dl-2019,1133167,certificate-event,1024,1024,354,670,39,20,48,0.007504875073209405,0.0006069138180464506
msmarco-passage-trec-dl-2019,1133167,certificate-event,2048,2048,866,1182,81,20,80,0.015417209011502564,0.0011101649142801762
msmarco-passage-trec-dl-2019,1133167,balanced64,128,128,64,64,6,6,3,0.0001728750066831708,1.208973117172718e-06
msmarco-passage-trec-dl-2019,1133167,balanced64,256,256,128,128,11,11,5,0.00041812495328485966,1.8759164959192276e-06
msmarco-passage-trec-dl-2019,1133167,balanced64,512,512,256,256,26,20,9,0.0010330418590456247,2.9999064281582832e-06
msmarco-passage-trec-dl-2019,1133167,balanced64,1024,1024,512,512,36,20,17,0.0025015418650582433,6.333924829959869e-06
msmarco-passage-trec-dl-2019,1133167,balanced64,2048,2048,1024,1024,50,20,33,0.005577499861828983,1.0624760761857033e-05
msmarco-passage-trec-dl-2019,1133167,blocker64,128,128,64,64,6,6,3,0.00017274997662752867,7.458031177520752e-06
msmarco-passage-trec-dl-2019,1133167,blocker64,256,256,128,128,11,11,5,0.0004072908777743578,8.874107152223587e-06
msmarco-passage-trec-dl-2019,1133167,blocker64,512,512,256,256,26,20,9,0.001009332831017673,1.158122904598713e-05
msmarco-passage-trec-dl-2019,1133167,blocker64,1024,1024,384,640,39,20,17,0.0024222488282248378,2.4954439140856266e-05
msmarco-passage-trec-dl-2019,1133167,blocker64,2048,2048,960,1088,82,20,33,0.0062899988843128085,3.616453614085913e-05
msmarco-passage-trec-dl-2019,1133167,pressure64,128,128,64,64,6,6,3,0.0001971670426428318,3.537489101290703e-05
msmarco-passage-trec-dl-2019,1133167,pressure64,256,256,128,128,11,11,5,0.001098959008231759,0.0006980838952586055
msmarco-passage-trec-dl-2019,1133167,pressure64,512,512,256,256,26,20,9,0.005320084048435092,0.004330291994847357
msmarco-passage-trec-dl-2019,1133167,pressure64,1024,1024,384,640,39,20,17,0.01977283402811736,0.01723491691518575
msmarco-passage-trec-dl-2019,1133167,pressure64,2048,2048,960,1088,82,20,33,0.07325841696001589,0.0664910429622978
msmarco-passage-trec-dl-2019,1133167,unit,128,128,68,60,6,6,129,0.009559542057104409,7.679243572056293e-05
msmarco-passage-trec-dl-2019,1133167,unit,256,256,137,119,12,12,257,0.023847542121075094,0.00014071213081479073
msmarco-passage-trec-dl-2019,1133167,unit,512,512,256,256,26,20,513,0.06029420904815197,0.0002810453297570348
msmarco-passage-trec-dl-2019,1133167,unit,1024,1024,340,684,39,20,1025,0.14590312610380352,0.0005523939616978168
msmarco-passage-trec-dl-2019,1133167,unit,2048,2048,961,1087,82,20,2049,0.37338866712525487,0.001136430655606091
msmarco-passage-trec-dl-2019,1133167,handoff64,128,128,64,64,6,6,10,0.000936332973651588,0.00017954024951905012
msmarco-passage-trec-dl-2019,1133167,handoff64,256,256,137,119,12,12,120,0.01577237492892891,0.002643865766003728
msmarco-passage-trec-dl-2019,1133167,handoff64,512,512,256,256,26,20,267,0.03983024985063821,0.006062195752747357
msmarco-passage-trec-dl-2019,1133167,handoff64,1024,1024,341,683,39,20,392,0.06294212490320206,0.009034068090841174
msmarco-passage-trec-dl-2019,1133167,handoff64,2048,2048,946,1102,82,20,430,0.07306091685313731,0.010013986029662192
msmarco-passage-trec-dl-2019,1133167,handoff,128,128,1,127,0,0,3,0.0001609589671716094,2.229190431535244e-05
msmarco-passage-trec-dl-2019,1133167,handoff,256,256,129,127,11,11,14,0.0017322920029982924,0.00027762772515416145
msmarco-passage-trec-dl-2019,1133167,handoff,512,512,256,256,26,20,148,0.024081707932054996,0.0035045441472902894
msmarco-passage-trec-dl-2019,1133167,handoff,1024,1024,341,683,39,20,271,0.047003874904476106,0.006751538603566587
msmarco-passage-trec-dl-2019,1133167,handoff,2048,2048,866,1182,81,20,304,0.05565416591707617,0.0076643264619633555
msmarco-passage-trec-dl-2019,156493,certificate-event,128,128,1,127,0,0,3,0.00018904195167124271,2.329191192984581e-05
msmarco-passage-trec-dl-2019,156493,certificate-event,256,256,114,142,24,20,12,0.0015714999753981829,0.0001333738910034299
msmarco-passage-trec-dl-2019,156493,certificate-event,512,512,327,185,67,20,37,0.006671374896541238,0.000500582973472774
msmarco-passage-trec-dl-2019,156493,certificate-event,1024,1024,703,321,88,20,58,0.012117749894969165,0.00086016277782619
msmarco-passage-trec-dl-2019,156493,certificate-event,2048,1296,869,427,100,20,68,0.01497241691686213,0.0010469149565324187
msmarco-passage-trec-dl-2019,156493,balanced64,128,128,64,64,18,18,3,0.00020629202481359243,1.6241101548075676e-06
msmarco-passage-trec-dl-2019,156493,balanced64,256,256,128,128,24,20,5,0.0005545420572161674,2.9992079362273216e-06
msmarco-passage-trec-dl-2019,156493,balanced64,512,512,256,256,63,20,9,0.0013803330948576331,4.249392077326775e-06
msmarco-passage-trec-dl-2019,156493,balanced64,1024,1024,512,512,74,20,17,0.0032894581090658903,6.582471542060375e-06
msmarco-passage-trec-dl-2019,156493,balanced64,2048,1600,832,768,100,20,26,0.005721458117477596,9.24849882721901e-06
msmarco-passage-trec-dl-2019,156493,blocker64,128,128,64,64,18,18,3,0.00018341594841331244,8.041970431804657e-06
msmarco-passage-trec-dl-2019,156493,blocker64,256,256,128,128,24,20,5,0.00046758295502513647,9.250943548977375e-06
msmarco-passage-trec-dl-2019,156493,blocker64,512,512,320,192,66,20,9,0.0014239168958738446,1.3708951883018017e-05
msmarco-passage-trec-dl-2019,156493,blocker64,1024,1024,704,320,88,20,17,0.003384625888429582,1.9374070689082146e-05
msmarco-passage-trec-dl-2019,156493,blocker64,2048,1280,832,448,100,20,21,0.004473708919249475,2.2041029296815395e-05
msmarco-passage-trec-dl-2019,156493,pressure64,128,128,64,64,18,18,3,0.00021683401428163052,3.54590592905879e-05
msmarco-passage-trec-dl-2019,156493,pressure64,256,256,128,128,24,20,5,0.002293293015100062,0.0017897500656545162
msmarco-passage-trec-dl-2019,156493,pressure64,512,512,320,192,66,20,9,0.011879667988978326,0.01044575113337487
msmarco-passage-trec-dl-2019,156493,pressure64,1024,1024,704,320,88,20,17,0.04060933494474739,0.037032044027000666
msmarco-passage-trec-dl-2019,156493,pressure64,2048,1280,832,448,100,20,21,0.057922501931898296,0.053209628094919026
msmarco-passage-trec-dl-2019,156493,unit,128,128,56,72,18,18,129,0.009519915911369026,7.2418712079525e-05
msmarco-passage-trec-dl-2019,156493,unit,256,256,99,157,25,20,257,0.02768912387546152,0.00014271005056798458
msmarco-passage-trec-dl-2019,156493,unit,512,512,327,185,67,20,513,0.07882179087027907,0.00029845302924513817
msmarco-passage-trec-dl-2019,156493,unit,1024,1024,695,329,88,20,1025,0.19970708282198757,0.0006232565501704812
msmarco-passage-trec-dl-2019,156493,unit,2048,1223,799,424,100,20,1224,0.25232966581825167,0.0007508399430662394
msmarco-passage-trec-dl-2019,156493,handoff64,128,128,56,72,18,18,10,0.0011583339655771852,0.00020087300799787045
msmarco-passage-trec-dl-2019,156493,handoff64,256,256,99,157,25,20,100,0.015496292035095394,0.002197333029471338
msmarco-passage-trec-dl-2019,156493,handoff64,512,512,327,185,67,20,153,0.026385000091977417,0.0035473310854285955
msmarco-passage-trec-dl-2019,156493,handoff64,1024,1024,699,325,88,20,265,0.055566125083714724,0.00645916152279824
msmarco-passage-trec-dl-2019,156493,handoff64,2048,1226,799,427,100,20,325,0.07352620805613697,0.008084163768216968
msmarco-passage-trec-dl-2019,156493,handoff,128,128,1,127,0,0,3,0.00015758397057652473,2.174999099224806e-05
msmarco-passage-trec-dl-2019,156493,handoff,256,256,99,157,25,20,15,0.0021237509790807962,0.0002857500221580267
msmarco-passage-trec-dl-2019,156493,handoff,512,512,327,185,67,20,68,0.012612418038770556,0.0015905463369563222
msmarco-passage-trec-dl-2019,156493,handoff,1024,1024,699,325,88,20,179,0.0414206680143252,0.004696295130997896
msmarco-passage-trec-dl-2019,156493,handoff,2048,1226,799,427,100,20,239,0.059203876997344196,0.0065435010474175215
msmarco-passage-trec-dl-2019,87452,unit,128,128,62,66,14,14,129,0.009731250000186265,7.43338605388999e-05
msmarco-passage-trec-dl-2019,87452,unit,256,256,144,112,24,20,257,0.027433958020992577,0.00013943214435130358
msmarco-passage-trec-dl-2019,87452,unit,512,512,278,234,28,20,513,0.06664141605142504,0.0002924328437075019
msmarco-passage-trec-dl-2019,87452,unit,1024,1024,616,408,35,20,1025,0.1538492910331115,0.000581681146286428
msmarco-passage-trec-dl-2019,87452,unit,2048,2048,791,1257,47,20,2049,0.3575412069913,0.0011839955113828182
msmarco-passage-trec-dl-2019,87452,handoff64,128,128,64,64,14,14,5,0.00037174997851252556,6.129196844995022e-05
msmarco-passage-trec-dl-2019,87452,handoff64,256,256,144,112,24,20,98,0.015605833032168448,0.002148667466826737
msmarco-passage-trec-dl-2019,87452,handoff64,512,512,278,234,28,20,307,0.052757166093215346,0.006868584896437824
msmarco-passage-trec-dl-2019,87452,handoff64,1024,1024,616,408,35,20,658,0.12032425007782876,0.015081832418218255
msmarco-passage-trec-dl-2019,87452,handoff64,2048,2048,791,1257,47,20,831,0.15647645806893706,0.01926762447692454
msmarco-passage-trec-dl-2019,87452,handoff,128,128,1,127,0,0,3,0.00016187503933906555,2.4875043891370296e-05
msmarco-passage-trec-dl-2019,87452,handoff,256,256,129,127,24,20,5,0.0004419999895617366,5.6875054724514484e-05
msmarco-passage-trec-dl-2019,87452,handoff,512,512,278,234,28,20,184,0.03237779205664992,0.004243925446644425
msmarco-passage-trec-dl-2019,87452,handoff,1024,1024,616,408,35,20,535,0.10073950001969934,0.013155173743143678
msmarco-passage-trec-dl-2019,87452,handoff,2048,2048,791,1257,47,20,701,0.13629995798692107,0.01784832903649658
msmarco-passage-trec-dl-2019,87452,certificate-event,128,128,1,127,0,0,3,0.00014816701877862215,1.6498961485922337e-05
msmarco-passage-trec-dl-2019,87452,certificate-event,256,256,129,127,24,20,5,0.00039229204412549734,3.433192614465952e-05
msmarco-passage-trec-dl-2019,87452,certificate-event,512,512,275,237,28,20,13,0.0018245000392198563,0.0001340819289907813
msmarco-passage-trec-dl-2019,87452,certificate-event,1024,1024,621,403,35,20,26,0.004274583072401583,0.00031466467771679163
msmarco-passage-trec-dl-2019,87452,certificate-event,2048,2048,856,1192,47,20,42,0.007762167020700872,0.0005609135841950774
msmarco-passage-trec-dl-2019,87452,balanced64,128,128,64,64,14,14,3,0.00024783401750028133,1.7920974642038345e-06
msmarco-passage-trec-dl-2019,87452,balanced64,256,256,128,128,24,20,5,0.0005655010463669896,2.5010667741298676e-06
msmarco-passage-trec-dl-2019,87452,balanced64,512,512,256,256,26,20,9,0.0012754600029438734,3.5030534490942955e-06
msmarco-passage-trec-dl-2019,87452,balanced64,1024,1024,512,512,33,20,17,0.002826252020895481,7.25302379578352e-06
msmarco-passage-trec-dl-2019,87452,balanced64,2048,2048,1024,1024,44,20,33,0.006020460044965148,1.1504045687615871e-05
msmarco-passage-trec-dl-2019,87452,blocker64,128,128,64,64,14,14,3,0.00019291602075099945,7.501104846596718e-06
msmarco-passage-trec-dl-2019,87452,blocker64,256,256,128,128,24,20,5,0.0004893739242106676,8.960254490375519e-06
msmarco-passage-trec-dl-2019,87452,blocker64,512,512,256,256,26,20,9,0.0011395409237593412,1.1419178918004036e-05
msmarco-passage-trec-dl-2019,87452,blocker64,1024,1024,576,448,33,20,17,0.0025519569171592593,1.6880221664905548e-05
msmarco-passage-trec-dl-2019,87452,blocker64,2048,2048,832,1216,47,20,33,0.005883206962607801,2.7838977985084057e-05
msmarco-passage-trec-dl-2019,87452,pressure64,128,128,64,64,14,14,3,0.0002460000105202198,3.7207966670393944e-05
msmarco-passage-trec-dl-2019,87452,pressure64,256,256,128,128,24,20,5,0.0018405410228297114,0.001332332962192595
msmarco-passage-trec-dl-2019,87452,pressure64,512,512,256,256,26,20,9,0.007041124044917524,0.005882040015421808
msmarco-passage-trec-dl-2019,87452,pressure64,1024,1024,576,448,33,20,17,0.019534082035534084,0.0168488739291206
msmarco-passage-trec-dl-2019,87452,pressure64,2048,2048,832,1216,47,20,33,0.052171748015098274,0.04582966701127589
msmarco-passage-trec-dl-2019,1112341,certificate-event,128,128,1,127,0,0,3,0.00017145799938589334,1.9374885596334934e-05
msmarco-passage-trec-dl-2019,1112341,certificate-event,256,256,129,127,10,10,7,0.0006939580198377371,6.299896631389856e-05
msmarco-passage-trec-dl-2019,1112341,certificate-event,512,512,296,216,16,16,18,0.0023031251039355993,0.0001975828781723976
msmarco-passage-trec-dl-2019,1112341,certificate-event,1024,1024,695,329,19,19,25,0.003459458122961223,0.00029475102201104164
msmarco-passage-trec-dl-2019,1112341,certificate-event,2048,2048,1513,535,22,20,32,0.004851541132666171,0.0004175009671598673
msmarco-passage-trec-dl-2019,1112341,balanced64,128,128,64,64,7,7,3,0.00021545810159295797,1.7081620171666145e-06
msmarco-passage-trec-dl-2019,1112341,balanced64,256,256,128,128,10,10,5,0.00045479205437004566,2.416083589196205e-06
msmarco-passage-trec-dl-2019,1112341,balanced64,512,512,256,256,14,14,9,0.0009951250394806266,3.334018401801586e-06
msmarco-passage-trec-dl-2019,1112341,balanced64,1024,1024,512,512,19,19,17,0.0022504160879179835,5.9569720178842545e-06
msmarco-passage-trec-dl-2019,1112341,balanced64,2048,2048,1024,1024,21,20,33,0.004816541098989546,9.872950613498688e-06
msmarco-passage-trec-dl-2019,1112341,blocker64,128,128,64,64,7,7,3,0.00023908296134322882,6.66698906570673e-06
msmarco-passage-trec-dl-2019,1112341,blocker64,256,256,128,128,10,10,5,0.0004772499669343233,8.166884072124958e-06
msmarco-passage-trec-dl-2019,1112341,blocker64,512,512,256,256,14,14,9,0.001002207980491221,1.0457821190357208e-05
msmarco-passage-trec-dl-2019,1112341,blocker64,1024,1024,640,384,19,19,17,0.0021892079384997487,1.554284244775772e-05
msmarco-passage-trec-dl-2019,1112341,blocker64,2048,2048,1344,704,24,20,33,0.004807624965906143,2.5417888537049294e-05
msmarco-passage-trec-dl-2019,1112341,pressure64,128,128,64,64,7,7,3,0.00019362499006092548,3.320910036563873e-05
msmarco-passage-trec-dl-2019,1112341,pressure64,256,256,128,128,10,10,5,0.0011581659782677889,0.0007566669955849648
msmarco-passage-trec-dl-2019,1112341,pressure64,512,512,256,256,14,14,9,0.004132749978452921,0.0031514570582658052
msmarco-passage-trec-dl-2019,1112341,pressure64,1024,1024,576,448,19,19,17,0.01215966697782278,0.009848663699813187
msmarco-passage-trec-dl-2019,1112341,pressure64,2048,2048,1344,704,24,20,33,0.031031584017910063,0.025963079882785678
msmarco-passage-trec-dl-2019,1112341,unit,128,128,63,65,8,8,129,0.009727124939672649,8.021655958145857e-05
msmarco-passage-trec-dl-2019,1112341,unit,256,256,133,123,10,10,257,0.02443158393725753,0.00014996819663792849
msmarco-passage-trec-dl-2019,1112341,unit,512,512,294,218,16,16,513,0.057342500891536474,0.0003033437533304095
msmarco-passage-trec-dl-2019,1112341,unit,1024,1024,632,392,19,19,1025,0.13068629195913672,0.0006087025394663215
msmarco-passage-trec-dl-2019,1112341,unit,2048,2048,1336,712,24,20,2049,0.2873095829272643,0.0011808837298303843
msmarco-passage-trec-dl-2019,1112341,handoff64,128,128,63,65,8,8,6,0.0005366250406950712,9.024993050843477e-05
msmarco-passage-trec-dl-2019,1112341,handoff64,256,256,133,123,10,10,123,0.016787166008725762,0.002686162362806499
msmarco-passage-trec-dl-2019,1112341,handoff64,512,512,294,218,16,16,316,0.04578466608654708,0.007041416829451919
msmarco-passage-trec-dl-2019,1112341,handoff64,1024,1024,632,392,19,19,667,0.10294462414458394,0.01504159823525697
msmarco-passage-trec-dl-2019,1112341,handoff64,2048,2048,1339,709,24,20,1116,0.18107262416742742,0.025572714512236416
msmarco-passage-trec-dl-2019,1112341,handoff,128,128,1,127,0,0,3,0.00015770806930959225,2.1875021047890186e-05
msmarco-passage-trec-dl-2019,1112341,handoff,256,256,129,127,10,10,7,0.0007148741278797388,0.00010120798833668232
msmarco-passage-trec-dl-2019,1112341,handoff,512,512,294,218,16,16,193,0.028588999062776566,0.004431300214491785
msmarco-passage-trec-dl-2019,1112341,handoff,1024,1024,632,392,19,19,544,0.08701512403786182,0.013128125574439764
msmarco-passage-trec-dl-2019,1112341,handoff,2048,2048,1339,709,24,20,992,0.16710774903185666,0.024999125045724213
msmarco-passage-trec-dl-2019,168216,balanced64,128,128,64,64,9,9,3,0.0001861249329522252,1.416075974702835e-06
msmarco-passage-trec-dl-2019,168216,balanced64,256,256,128,128,24,20,5,0.000463582924567163,2.166023477911949e-06
msmarco-passage-trec-dl-2019,168216,balanced64,512,512,256,256,86,20,9,0.0013769578654319048,3.4580007195472717e-06
msmarco-passage-trec-dl-2019,168216,balanced64,1024,704,384,320,100,20,12,0.0021788327721878886,4.707952030003071e-06
msmarco-passage-trec-dl-2019,168216,balanced64,2048,704,384,320,100,20,12,0.0021790408063679934,4.707952030003071e-06
msmarco-passage-trec-dl-2019,168216,blocker64,128,128,64,64,9,9,3,0.00015666603576391935,8.37491825222969e-06
msmarco-passage-trec-dl-2019,168216,blocker64,256,256,128,128,24,20,5,0.00046508200466632843,1.0999850928783417e-05
msmarco-passage-trec-dl-2019,168216,blocker64,512,512,320,192,86,20,9,0.0013634569477289915,1.4042831026017666e-05
msmarco-passage-trec-dl-2019,168216,blocker64,1024,640,384,256,100,20,11,0.001883707009255886,1.5875790268182755e-05
msmarco-passage-trec-dl-2019,168216,blocker64,2048,640,384,256,100,20,11,0.0018839570693671703,1.5875790268182755e-05
msmarco-passage-trec-dl-2019,168216,pressure64,128,128,64,64,9,9,3,0.00021958292927592993,3.724999260157347e-05
msmarco-passage-trec-dl-2019,168216,pressure64,256,256,128,128,24,20,5,0.001263290992937982,0.0008129169000312686
msmarco-passage-trec-dl-2019,168216,pressure64,512,512,256,256,86,20,9,0.011222791043110192,0.009783040964975953
msmarco-passage-trec-dl-2019,168216,pressure64,1024,640,384,256,100,20,11,0.01913374906871468,0.017092540045268834
msmarco-passage-trec-dl-2019,168216,pressure64,2048,640,384,256,100,20,11,0.01913404103834182,0.017092540045268834
msmarco-passage-trec-dl-2019,168216,unit,128,128,64,64,9,9,129,0.008600917062722147,0.00010079285129904747
msmarco-passage-trec-dl-2019,168216,unit,256,256,127,129,29,20,257,0.025465958984568715,0.00016892398707568645
msmarco-passage-trec-dl-2019,168216,unit,512,512,298,214,89,20,513,0.07769570907112211,0.0003215981414541602
msmarco-passage-trec-dl-2019,168216,unit,1024,605,350,255,100,20,606,0.10154337610583752,0.00038026843685656786
msmarco-passage-trec-dl-2019,168216,unit,2048,605,350,255,100,20,606,0.10154366807546467,0.00038026843685656786
msmarco-passage-trec-dl-2019,168216,handoff64,128,128,64,64,9,9,4,0.00024987501092255116,4.375085700303316e-05
msmarco-passage-trec-dl-2019,168216,handoff64,256,256,127,129,29,20,79,0.011484834016300738,0.001651204889640212
msmarco-passage-trec-dl-2019,168216,handoff64,512,512,298,214,89,20,216,0.041773000033572316,0.004846582422032952
msmarco-passage-trec-dl-2019,168216,handoff64,1024,605,350,255,100,20,278,0.05943987506907433,0.0064332528272643685
msmarco-passage-trec-dl-2019,168216,handoff64,2048,605,350,255,100,20,278,0.059440125012770295,0.0064332528272643685
msmarco-passage-trec-dl-2019,168216,handoff,128,128,1,127,1,1,3,0.00025233393535017967,2.233288250863552e-05
msmarco-passage-trec-dl-2019,168216,handoff,256,256,129,127,23,20,4,0.0004062509397044778,3.6373850889503956e-05
msmarco-passage-trec-dl-2019,168216,handoff,512,512,298,214,89,20,139,0.030191250960342586,0.003305255202576518
msmarco-passage-trec-dl-2019,168216,handoff,1024,605,350,255,100,20,201,0.047657625866122544,0.005045125144533813
msmarco-passage-trec-dl-2019,168216,handoff,2048,605,350,255,100,20,201,0.047657875809818506,0.005045125144533813
msmarco-passage-trec-dl-2019,168216,certificate-event,128,128,1,127,1,1,3,0.0001527499407529831,1.862493809312582e-05
msmarco-passage-trec-dl-2019,168216,certificate-event,256,256,129,127,23,20,4,0.00030524993781000376,2.5624874979257584e-05
msmarco-passage-trec-dl-2019,168216,certificate-event,512,512,306,206,89,20,43,0.008332332945428789,0.0005820018704980612
msmarco-passage-trec-dl-2019,168216,certificate-event,1024,629,374,255,100,20,64,0.014015790889970958,0.0009571685222908854
msmarco-passage-trec-dl-2019,168216,certificate-event,2048,629,374,255,100,20,64,0.0140160828595981,0.0009571685222908854
msmarco-passage-trec-dl-2019,1103812,certificate-event,128,128,1,127,0,0,3,0.00017441704403609037,2.0249979570508003e-05
msmarco-passage-trec-dl-2019,1103812,certificate-event,256,256,129,127,6,6,4,0.0003028340870514512,2.7582980692386627e-05
msmarco-passage-trec-dl-2019,1103812,certificate-event,512,512,251,261,8,8,6,0.0005857499781996012,5.0083035603165627e-05
msmarco-passage-trec-dl-2019,1103812,certificate-event,1024,1024,497,527,12,12,13,0.0017212920356541872,0.0001593329943716526
msmarco-passage-trec-dl-2019,1103812,certificate-event,2048,2048,513,1535,13,13,16,0.0021955010015517473,0.00019766599871218204
msmarco-passage-trec-dl-2019,1103812,balanced64,128,128,64,64,3,3,3,0.00016179203521460295,1.2919772416353226e-06
msmarco-passage-trec-dl-2019,1103812,balanced64,256,256,128,128,6,6,5,0.0003961259499192238,1.917942427098751e-06
msmarco-passage-trec-dl-2019,1103812,balanced64,512,512,256,256,7,7,9,0.0008787509286776185,3.0439114198088646e-06
msmarco-passage-trec-dl-2019,1103812,balanced64,1024,1024,512,512,11,11,17,0.0019140008371323347,5.293753929436207e-06
msmarco-passage-trec-dl-2019,1103812,balanced64,2048,2048,1024,1024,13,13,33,0.004303459892980754,9.415438398718834e-06
msmarco-passage-trec-dl-2019,1103812,blocker64,128,128,64,64,3,3,3,0.00017074996139854193,7.917056791484356e-06
msmarco-passage-trec-dl-2019,1103812,blocker64,256,256,128,128,6,6,5,0.00039429194293916225,9.668059647083282e-06
msmarco-passage-trec-dl-2019,1103812,blocker64,512,512,256,256,7,7,9,0.0008772918954491615,1.2416974641382694e-05
msmarco-passage-trec-dl-2019,1103812,blocker64,1024,1024,448,576,12,12,17,0.001954207895323634,1.8291291780769825e-05
msmarco-passage-trec-dl-2019,1103812,blocker64,2048,2048,768,1280,13,13,33,0.004229207872413099,2.6915455237030983e-05
msmarco-passage-trec-dl-2019,1103812,pressure64,128,128,64,64,3,3,3,0.00027854193467646837,8.458399679511786e-05
msmarco-passage-trec-dl-2019,1103812,pressure64,256,256,128,128,6,6,5,0.000817999942228198,0.0003917089197784662
msmarco-passage-trec-dl-2019,1103812,pressure64,512,512,256,256,7,7,9,0.002628166927024722,0.0017176659312099218
msmarco-passage-trec-dl-2019,1103812,pressure64,1024,1024,448,576,12,12,17,0.0075021248776465654,0.005568165797740221
msmarco-passage-trec-dl-2019,1103812,pressure64,2048,2048,832,1216,13,13,33,0.01999129180330783,0.015673582558520138
msmarco-passage-trec-dl-2019,1103812,unit,128,128,64,64,3,3,129,0.009336124989204109,7.599405944347382e-05
msmarco-passage-trec-dl-2019,1103812,unit,256,256,128,128,6,6,257,0.022885749931447208,0.0001504087122157216
msmarco-passage-trec-dl-2019,1103812,unit,512,512,229,283,9,9,513,0.05167179100681096,0.0002910005860030651
msmarco-passage-trec-dl-2019,1103812,unit,1024,1024,426,598,12,12,1025,0.11476108292117715,0.000572848366573453
msmarco-passage-trec-dl-2019,1103812,unit,2048,2048,731,1317,13,13,2049,0.25547166587784886,0.0011336497263982892
msmarco-passage-trec-dl-2019,1103812,handoff64,128,128,64,64,3,3,5,0.00038779096212238073,6.708200089633465e-05
msmarco-passage-trec-dl-2019,1103812,handoff64,256,256,128,128,6,6,88,0.010682457941584289,0.0018056248081848025
msmarco-passage-trec-dl-2019,1103812,handoff64,512,512,229,283,9,9,280,0.036732165957801044,0.006121409824118018
msmarco-passage-trec-dl-2019,1103812,handoff64,1024,1024,426,598,12,12,674,0.09492829092778265,0.01511807192582637
msmarco-passage-trec-dl-2019,1103812,handoff64,2048,2048,731,1317,13,13,1285,0.19219329091720283,0.029392572585493326
msmarco-passage-trec-dl-2019,1103812,handoff,128,128,1,127,0,0,3,0.00016083393711596727,2.2541149519383907e-05
msmarco-passage-trec-dl-2019,1103812,handoff,256,256,128,128,6,6,7,0.0006847508484497666,0.00010212324559688568
msmarco-passage-trec-dl-2019,1103812,handoff,512,512,229,283,9,9,199,0.026727125863544643,0.0046102170599624515
msmarco-passage-trec-dl-2019,1103812,handoff,1024,1024,426,598,12,12,593,0.08562920882832259,0.01436122099403292
msmarco-passage-trec-dl-2019,1103812,handoff,2048,2048,731,1317,13,13,1204,0.18410866684280336,0.03031121997628361
msmarco-passage-trec-dl-2019,1114646,unit,128,128,70,58,14,14,129,0.009884250001050532,7.359404116868973e-05
msmarco-passage-trec-dl-2019,1114646,unit,256,256,141,115,24,20,257,0.0272910000057891,0.00014135148376226425
msmarco-passage-trec-dl-2019,1114646,unit,512,512,226,286,29,20,513,0.06668020901270211,0.0002784819807857275
msmarco-passage-trec-dl-2019,1114646,unit,1024,1024,336,688,32,20,1025,0.15122329303994775,0.0006005287868902087
msmarco-passage-trec-dl-2019,1114646,unit,2048,2048,631,1417,33,20,2049,0.32620779308490455,0.0011978561524301767
msmarco-passage-trec-dl-2019,1114646,handoff64,128,128,64,64,12,12,12,0.001234874944202602,0.00021258392371237278
msmarco-passage-trec-dl-2019,1114646,handoff64,256,256,141,115,24,20,117,0.018377625034190714,0.0026102139381691813
msmarco-passage-trec-dl-2019,1114646,handoff64,512,512,226,286,29,20,240,0.0394173749955371,0.005408046999946237
msmarco-passage-trec-dl-2019,1114646,handoff64,1024,1024,336,688,32,20,269,0.04499737499281764,0.0060432120226323605
msmarco-passage-trec-dl-2019,1114646,handoff64,2048,2048,631,1417,33,20,626,0.1138046249980107,0.014407421695068479
msmarco-passage-trec-dl-2019,1114646,handoff,128,128,1,127,0,0,3,0.00015604193322360516,2.2375956177711487e-05
msmarco-passage-trec-dl-2019,1114646,handoff,256,256,129,127,24,20,23,0.003175708930939436,0.0004547489807009697
msmarco-passage-trec-dl-2019,1114646,handoff,512,512,226,286,29,20,122,0.020802375860512257,0.0028836634010076523
msmarco-passage-trec-dl-2019,1114646,handoff,1024,1024,336,688,32,20,146,0.02534750080667436,0.0034242041874676943
msmarco-passage-trec-dl-2019,1114646,handoff,2048,2048,631,1417,33,20,502,0.09581500082276762,0.012827457743696868
msmarco-passage-trec-dl-2019,1114646,certificate-event,128,128,1,127,0,0,3,0.00014945794828236103,1.7499900422990322e-05
msmarco-passage-trec-dl-2019,1114646,certificate-event,256,256,129,127,24,20,23,0.003112875041551888,0.00025750091299414635
msmarco-passage-trec-dl-2019,1114646,certificate-event,512,512,231,281,29,20,30,0.004356584046036005,0.0003730420721694827
msmarco-passage-trec-dl-2019,1114646,certificate-event,1024,1024,460,564,31,20,34,0.005109208985231817,0.00042837613727897406
msmarco-passage-trec-dl-2019,1114646,certificate-event,2048,2048,779,1269,33,20,38,0.0059082499938085675,0.0004887091927230358
msmarco-passage-trec-dl-2019,1114646,balanced64,128,128,64,64,12,12,3,0.00018945906776934862,1.249951310455799e-06
msmarco-passage-trec-dl-2019,1114646,balanced64,256,256,128,128,23,20,5,0.000476334011182189,1.834006980061531e-06
msmarco-passage-trec-dl-2019,1114646,balanced64,512,512,256,256,29,20,9,0.0011191670782864094,2.792803570628166e-06
msmarco-passage-trec-dl-2019,1114646,balanced64,1024,1024,512,512,31,20,17,0.0024435840314254165,4.877685569226742e-06
msmarco-passage-trec-dl-2019,1114646,balanced64,2048,2048,1024,1024,32,20,33,0.0054843759862706065,1.0379590094089508e-05
msmarco-passage-trec-dl-2019,1114646,blocker64,128,128,64,64,12,12,3,0.0001871669664978981,7.333117537200451e-06
msmarco-passage-trec-dl-2019,1114646,blocker64,256,256,128,128,23,20,5,0.000463958946056664,8.708215318620205e-06
msmarco-passage-trec-dl-2019,1114646,blocker64,512,512,256,256,29,20,9,0.0010943339439108968,1.0916264727711678e-05
msmarco-passage-trec-dl-2019,1114646,blocker64,1024,1024,320,704,32,20,17,0.0025354999816045165,1.9375118426978588e-05
msmarco-passage-trec-dl-2019,1114646,blocker64,2048,2048,640,1408,33,20,33,0.005430332967080176,2.999987918883562e-05
msmarco-passage-trec-dl-2019,1114646,pressure64,128,128,64,64,12,12,3,0.00021112500689923763,3.508396912366152e-05
msmarco-passage-trec-dl-2019,1114646,pressure64,256,256,128,128,23,20,5,0.0019587910501286387,0.0015018759295344353
msmarco-passage-trec-dl-2019,1114646,pressure64,512,512,256,256,29,20,9,0.008163666003383696,0.006919625797308981
msmarco-passage-trec-dl-2019,1114646,pressure64,1024,1024,320,704,32,20,17,0.02258904103655368,0.019802209921181202
msmarco-passage-trec-dl-2019,1114646,pressure64,2048,2048,832,1216,33,20,33,0.05272329109720886,0.04675825301092118
msmarco-passage-trec-dl-2019,1129237,unit,128,128,53,75,12,12,129,0.00980283401440829,8.042086847126484e-05
msmarco-passage-trec-dl-2019,1129237,unit,256,256,103,153,16,16,257,0.026023791986517608,0.0001564648700878024
msmarco-passage-trec-dl-2019,1129237,unit,512,512,186,326,23,20,513,0.06223349994979799,0.0003087518271058798
msmarco-passage-trec-dl-2019,1129237,unit,1024,1024,304,720,25,20,1025,0.1423127920133993,0.0005940921837463975
msmarco-passage-trec-dl-2019,1129237,unit,2048,2048,425,1623,27,20,2049,0.3159872080432251,0.001173099735751748
msmarco-passage-trec-dl-2019,1129237,handoff64,128,128,53,75,12,12,25,0.0028075840091332793,0.0004525827243924141
msmarco-passage-trec-dl-2019,1129237,handoff64,256,256,103,153,16,16,125,0.017344834050163627,0.0025832151295617223
msmarco-passage-trec-dl-2019,1129237,handoff64,512,512,186,326,23,20,298,0.046375667094253004,0.006532000028528273
msmarco-passage-trec-dl-2019,1129237,handoff64,1024,1024,304,720,25,20,535,0.08922545914538205,0.011996081448160112
msmarco-passage-trec-dl-2019,1129237,handoff64,2048,2048,425,1623,27,20,780,0.1374238341813907,0.018096260260790586
msmarco-passage-trec-dl-2019,1129237,handoff,128,128,1,127,0,0,3,0.00016004196368157864,2.2500054910779e-05
msmarco-passage-trec-dl-2019,1129237,handoff,256,256,103,153,16,16,47,0.006641916930675507,0.0009502541506662965
msmarco-passage-trec-dl-2019,1129237,handoff,512,512,186,326,23,20,220,0.03514212497975677,0.005000129924155772
msmarco-passage-trec-dl-2019,1129237,handoff,1024,1024,304,720,25,20,457,0.07868066697847098,0.011036006617359817
msmarco-passage-trec-dl-2019,1129237,handoff,2048,2048,425,1623,27,20,702,0.12803050002548844,0.017925417749211192
msmarco-passage-trec-dl-2019,1129237,certificate-event,128,128,1,127,0,0,3,0.00015466706827282906,1.8040998838841915e-05
msmarco-passage-trec-dl-2019,1129237,certificate-event,256,256,112,144,16,16,16,0.0018846261082217097,0.00016775086987763643
msmarco-passage-trec-dl-2019,1129237,certificate-event,512,512,186,326,23,20,27,0.003774126060307026,0.00030720862559974194
msmarco-passage-trec-dl-2019,1129237,certificate-event,1024,1024,226,798,24,20,31,0.0045773760648444295,0.00036679161712527275
msmarco-passage-trec-dl-2019,1129237,certificate-event,2048,2048,364,1684,27,20,36,0.005572334048338234,0.0004422926576808095
msmarco-passage-trec-dl-2019,1129237,balanced64,128,128,64,64,10,10,3,0.00017620797734707594,1.2490199878811836e-06
msmarco-passage-trec-dl-2019,1129237,balanced64,256,256,128,128,16,16,5,0.0004420829936861992,1.8740538507699966e-06
msmarco-passage-trec-dl-2019,1129237,balanced64,512,512,256,256,20,20,9,0.0010453329887241125,2.9570655897259712e-06
msmarco-passage-trec-dl-2019,1129237,balanced64,1024,1024,512,512,24,20,17,0.0023492079926654696,5.332287400960922e-06
msmarco-passage-trec-dl-2019,1129237,balanced64,2048,2048,1024,1024,26,20,33,0.005055123940110207,9.001116268336773e-06
msmarco-passage-trec-dl-2019,1129237,blocker64,128,128,64,64,10,10,3,0.00017670798115432262,7.208087481558323e-06
msmarco-passage-trec-dl-2019,1129237,blocker64,256,256,128,128,16,16,5,0.0004468749975785613,8.624047040939331e-06
msmarco-passage-trec-dl-2019,1129237,blocker64,512,512,192,320,22,20,9,0.0010486249811947346,1.083302777260542e-05
msmarco-passage-trec-dl-2019,1129237,blocker64,1024,1024,320,704,25,20,17,0.002469749888405204,1.7251004464924335e-05
msmarco-passage-trec-dl-2019,1129237,blocker64,2048,2048,448,1600,27,20,33,0.005326332873664796,2.679519820958376e-05
msmarco-passage-trec-dl-2019,1129237,pressure64,128,128,64,64,10,10,3,0.00024170894175767899,3.6334036849439144e-05
msmarco-passage-trec-dl-2019,1129237,pressure64,256,256,128,128,16,16,5,0.0017339589539915323,0.0012175430310890079
msmarco-passage-trec-dl-2019,1129237,pressure64,512,512,192,320,22,20,9,0.005792499985545874,0.004651959985494614
msmarco-passage-trec-dl-2019,1129237,pressure64,1024,1024,320,704,25,20,17,0.015860209008678794,0.013334251008927822
msmarco-passage-trec-dl-2019,1129237,pressure64,2048,2048,512,1536,27,20,33,0.038536458974704146,0.0328686679713428
msmarco-passage-trec-dl-2019,489204,certificate-event,128,128,1,127,0,0,3,0.0001699170097708702,1.916696783155203e-05
msmarco-passage-trec-dl-2019,489204,certificate-event,256,256,129,127,7,7,9,0.0007812089752405882,5.070888437330723e-05
msmarco-passage-trec-dl-2019,489204,certificate-event,512,512,238,274,10,10,16,0.0017303760396316648,0.00013825076166540384
msmarco-passage-trec-dl-2019,489204,certificate-event,1024,1024,355,669,22,20,35,0.004815960070118308,0.00040607969276607037
msmarco-passage-trec-dl-2019,489204,certificate-event,2048,2048,587,1461,26,20,44,0.006763251032680273,0.0005468706367537379
msmarco-passage-trec-dl-2019,489204,balanced64,128,128,64,64,4,4,3,0.00016362511087208986,1.3739336282014847e-06
msmarco-passage-trec-dl-2019,489204,balanced64,256,256,128,128,7,7,5,0.00039100018329918385,1.9988510757684708e-06
msmarco-passage-trec-dl-2019,489204,balanced64,512,512,256,256,10,10,9,0.0009076251881197095,3.123772330582142e-06
msmarco-passage-trec-dl-2019,489204,balanced64,1024,1024,512,512,21,20,17,0.002261750167235732,6.03881198912859e-06
msmarco-passage-trec-dl-2019,489204,balanced64,2048,2048,1024,1024,24,20,33,0.005023625213652849,9.83185600489378e-06
msmarco-passage-trec-dl-2019,489204,blocker64,128,128,64,64,4,4,3,0.00018116692081093788,1.2750038877129555e-05
msmarco-passage-trec-dl-2019,489204,blocker64,256,256,128,128,7,7,5,0.0004158749943599105,1.4290912076830864e-05
msmarco-passage-trec-dl-2019,489204,blocker64,512,512,256,256,10,10,9,0.0009401669958606362,1.6998732462525368e-05
msmarco-passage-trec-dl-2019,489204,blocker64,1024,1024,384,640,22,20,17,0.00221800000872463,2.2541964426636696e-05
msmarco-passage-trec-dl-2019,489204,blocker64,2048,2048,640,1408,26,20,33,0.00516887498088181,3.237207420170307e-05
msmarco-passage-trec-dl-2019,489204,pressure64,128,128,64,64,4,4,3,0.0001877499744296074,3.3084070309996605e-05
msmarco-passage-trec-dl-2019,489204,pressure64,256,256,128,128,7,7,5,0.0007868340471759439,0.00040533405262976885
msmarco-passage-trec-dl-2019,489204,pressure64,512,512,256,256,10,10,9,0.0028111260617151856,0.0019205419812351465
msmarco-passage-trec-dl-2019,489204,pressure64,1024,1024,448,576,22,20,17,0.010546501027420163,0.008194001158699393
msmarco-passage-trec-dl-2019,489204,pressure64,2048,2048,704,1344,26,20,33,0.029738791985437274,0.024269417161121964
msmarco-passage-trec-dl-2019,489204,unit,128,128,60,68,4,4,129,0.009044416947290301,9.350886102765799e-05
msmarco-passage-trec-dl-2019,489204,unit,256,256,119,137,8,8,257,0.02251299994532019,0.0001605880679562688
msmarco-passage-trec-dl-2019,489204,unit,512,512,229,283,11,11,513,0.053148666862398386,0.00029521435499191284
msmarco-passage-trec-dl-2019,489204,unit,1024,1024,388,636,22,20,1025,0.12910212588030845,0.0005753296427428722
msmarco-passage-trec-dl-2019,489204,unit,2048,2048,622,1426,26,20,2049,0.3028021678328514,0.0011614677496254444
msmarco-passage-trec-dl-2019,489204,handoff64,128,128,64,64,4,4,5,0.000350666930899024,5.641719326376915e-05
msmarco-passage-trec-dl-2019,489204,handoff64,256,256,119,137,8,8,115,0.014311374980024993,0.0023612015647813678
msmarco-passage-trec-dl-2019,489204,handoff64,512,512,229,283,11,11,336,0.045944000012241304,0.007290239678695798
msmarco-passage-trec-dl-2019,489204,handoff64,1024,1024,388,636,22,20,657,0.1012345829512924,0.01494283671490848
msmarco-passage-trec-dl-2019,489204,handoff64,2048,2048,622,1426,26,20,1127,0.19300987396854907,0.026921881246380508
msmarco-passage-trec-dl-2019,489204,handoff,128,128,1,127,0,0,3,0.00016254198271781206,2.1499930880963802e-05
msmarco-passage-trec-dl-2019,489204,handoff,256,256,129,127,7,7,5,0.0004005830269306898,4.9832859076559544e-05
msmarco-passage-trec-dl-2019,489204,handoff,512,512,229,283,11,11,207,0.029189458116889,0.004703333834186196
msmarco-passage-trec-dl-2019,489204,handoff,1024,1024,388,636,22,20,528,0.08505037508439273,0.012867922312580049
msmarco-passage-trec-dl-2019,489204,handoff,2048,2048,622,1426,26,20,998,0.17785787512548268,0.026238576392643154
msmarco-passage-trec-dl-2019,146187,pressure64,128,128,64,64,16,16,3,0.0002448749728500843,3.7375022657215595e-05
msmarco-passage-trec-dl-2019,146187,pressure64,256,256,128,128,22,20,5,0.0021540840389207006,0.0016472919378429651
msmarco-passage-trec-dl-2019,146187,pressure64,512,512,320,192,31,20,9,0.008234209031797945,0.006937041995115578
msmarco-passage-trec-dl-2019,146187,pressure64,1024,1024,384,640,55,20,17,0.027355417027138174,0.024251374881714582
msmarco-passage-trec-dl-2019,146187,pressure64,2048,2048,512,1536,65,20,33,0.08136208413634449,0.0738995831925422
msmarco-passage-trec-dl-2019,146187,unit,128,128,66,62,16,16,129,0.010625583003275096,9.054259862750769e-05
msmarco-passage-trec-dl-2019,146187,unit,256,256,144,112,23,20,257,0.028465082985349,0.00016337772831320763
msmarco-passage-trec-dl-2019,146187,unit,512,512,305,207,34,20,513,0.06981633289251477,0.00031276512891054153
msmarco-passage-trec-dl-2019,146187,unit,1024,1024,378,646,56,20,1025,0.1706991249229759,0.000602846615947783
msmarco-passage-trec-dl-2019,146187,unit,2048,2048,420,1628,65,20,2049,0.40618279087357223,0.0012245895341038704
msmarco-passage-trec-dl-2019,146187,handoff64,128,128,64,64,16,16,4,0.00034741696435958147,5.0292001105844975e-05
msmarco-passage-trec-dl-2019,146187,handoff64,256,256,144,112,23,20,102,0.015826416900381446,0.002245375420898199
msmarco-passage-trec-dl-2019,146187,handoff64,512,512,305,207,34,20,297,0.05180745886173099,0.0068040897604078054
msmarco-passage-trec-dl-2019,146187,handoff64,1024,1024,378,646,56,20,407,0.07553237583488226,0.009465217124670744
msmarco-passage-trec-dl-2019,146187,handoff64,2048,2048,420,1628,65,20,508,0.10116308485157788,0.011978965601883829
msmarco-passage-trec-dl-2019,146187,handoff,128,128,1,127,1,1,3,0.00018066703341901302,2.3707980290055275e-05
msmarco-passage-trec-dl-2019,146187,handoff,256,256,129,127,22,20,4,0.00034158409107476473,4.004104994237423e-05
msmarco-passage-trec-dl-2019,146187,handoff,512,512,305,207,34,20,171,0.03128608409315348,0.004103456507436931
msmarco-passage-trec-dl-2019,146187,handoff,1024,1024,378,646,56,20,280,0.054630626109428704,0.007003878126852214
msmarco-passage-trec-dl-2019,146187,handoff,2048,2048,420,1628,65,20,372,0.07829391804989427,0.009679255774244666
msmarco-passage-trec-dl-2019,146187,certificate-event,128,128,1,127,1,1,3,0.00016866694204509258,1.8832040950655937e-05
msmarco-passage-trec-dl-2019,146187,certificate-event,256,256,129,127,22,20,4,0.0003525828942656517,2.5624060072004795e-05
msmarco-passage-trec-dl-2019,146187,certificate-event,512,512,312,200,34,20,28,0.0046984158689156175,0.0003724973648786545
msmarco-passage-trec-dl-2019,146187,certificate-event,1024,1024,391,633,55,20,47,0.008732665912248194,0.0006482871249318123
msmarco-passage-trec-dl-2019,146187,certificate-event,2048,2048,416,1632,65,20,60,0.011833707918412983,0.0008527882164344192
msmarco-passage-trec-dl-2019,146187,balanced64,128,128,64,64,16,16,3,0.0001889580162242055,1.0420335456728935e-06
msmarco-passage-trec-dl-2019,146187,balanced64,256,256,128,128,22,20,5,0.0005094161024317145,1.6259727999567986e-06
msmarco-passage-trec-dl-2019,146187,balanced64,512,512,256,256,30,20,9,0.0012600410263985395,3.7510180845856667e-06
msmarco-passage-trec-dl-2019,146187,balanced64,1024,1024,512,512,52,20,17,0.002917291014455259,6.293179467320442e-06
msmarco-passage-trec-dl-2019,146187,balanced64,2048,2048,1024,1024,62,20,33,0.006505207042209804,1.1001480743288994e-05
msmarco-passage-trec-dl-2019,146187,blocker64,128,128,64,64,16,16,3,0.00020091701298952103,7.500988431274891e-06
msmarco-passage-trec-dl-2019,146187,blocker64,256,256,128,128,22,20,5,0.0004917919868603349,9.041978046298027e-06
msmarco-passage-trec-dl-2019,146187,blocker64,512,512,320,192,31,20,9,0.0011519169202074409,1.1415919288992882e-05
msmarco-passage-trec-dl-2019,146187,blocker64,1024,1024,384,640,55,20,17,0.002782291965559125,1.691700890660286e-05
msmarco-passage-trec-dl-2019,146187,blocker64,2048,2048,448,1600,65,20,33,0.006647582980804145,2.8502079658210278e-05
msmarco-passage-trec-dl-2019,1063750,balanced64,128,128,64,64,4,4,3,0.0001852500718086958,1.2909295037388802e-06
msmarco-passage-trec-dl-2019,1063750,balanced64,256,256,128,128,6,6,5,0.00041837512981146574,2.040993422269821e-06
msmarco-passage-trec-dl-2019,1063750,balanced64,512,512,256,256,6,6,9,0.0008958750404417515,3.16486693918705e-06
msmarco-passage-trec-dl-2019,1063750,balanced64,1024,1024,512,512,8,8,17,0.0019028340466320515,5.580950528383255e-06
msmarco-passage-trec-dl-2019,1063750,balanced64,2048,2048,1024,1024,10,10,33,0.004021917004138231,9.582028724253178e-06
msmarco-passage-trec-dl-2019,1063750,blocker64,128,128,64,64,4,4,3,0.0001674999948590994,7.666065357625484e-06
msmarco-passage-trec-dl-2019,1063750,blocker64,256,256,128,128,6,6,5,0.0003896669950336218,9.125215001404285e-06
msmarco-passage-trec-dl-2019,1063750,blocker64,512,512,256,256,6,6,9,0.0008470009779557586,1.1583324521780014e-05
msmarco-passage-trec-dl-2019,1063750,blocker64,1024,1024,640,384,9,9,17,0.0018396669765934348,1.683423761278391e-05
msmarco-passage-trec-dl-2019,1063750,blocker64,2048,2048,1408,640,10,10,33,0.004038499901071191,2.8416397981345654e-05
msmarco-passage-trec-dl-2019,1063750,pressure64,128,128,64,64,4,4,3,0.0002049170434474945,3.6917044781148434e-05
msmarco-passage-trec-dl-2019,1063750,pressure64,256,256,128,128,6,6,5,0.0009773749625310302,0.0005560009740293026
msmarco-passage-trec-dl-2019,1063750,pressure64,512,512,256,256,6,6,9,0.0027312090387567878,0.0018248771084472537
msmarco-passage-trec-dl-2019,1063750,pressure64,1024,1024,576,448,9,9,17,0.006777417031116784,0.004854959086515009
msmarco-passage-trec-dl-2019,1063750,pressure64,2048,2048,1408,640,10,10,33,0.016985208028927445,0.01285549916792661
msmarco-passage-trec-dl-2019,1063750,unit,128,128,70,58,4,4,129,0.00956970895640552,7.887266110628843e-05
msmarco-passage-trec-dl-2019,1063750,unit,256,256,142,114,6,6,257,0.023203000891953707,0.00014733732677996159
msmarco-passage-trec-dl-2019,1063750,unit,512,512,295,217,6,6,513,0.051864833920262754,0.00029238907154649496
msmarco-passage-trec-dl-2019,1063750,unit,1024,1024,636,388,9,9,1025,0.11316233384422958,0.0005861050449311733
msmarco-passage-trec-dl-2019,1063750,unit,2048,2048,1426,622,11,11,2049,0.24217637488618493,0.001158405444584787
msmarco-passage-trec-dl-2019,1063750,handoff64,128,128,64,64,4,4,6,0.0005133340600878,8.766609244048595e-05
msmarco-passage-trec-dl-2019,1063750,handoff64,256,256,142,114,6,6,108,0.01370487513486296,0.002301082364283502
msmarco-passage-trec-dl-2019,1063750,handoff64,512,512,295,217,6,6,314,0.04159733315464109,0.006881215842440724
msmarco-passage-trec-dl-2019,1063750,handoff64,1024,1024,636,388,9,9,657,0.08970275020692497,0.014505708357319236
msmarco-passage-trec-dl-2019,1063750,handoff64,2048,2048,1426,622,11,11,1126,0.15929583320394158,0.025189910549670458
msmarco-passage-trec-dl-2019,1063750,handoff,128,128,1,127,0,0,3,0.0001562919933348894,2.1832878701388836e-05
msmarco-passage-trec-dl-2019,1063750,handoff,256,256,129,127,6,6,7,0.0006770009640604258,0.00010383385233581066
msmarco-passage-trec-dl-2019,1063750,handoff,512,512,295,217,6,6,188,0.024992542923428118,0.004262126283720136
msmarco-passage-trec-dl-2019,1063750,handoff,1024,1024,636,388,9,9,531,0.07374008395709097,0.012604583287611604
msmarco-passage-trec-dl-2019,1063750,handoff,2048,2048,1426,622,11,11,1000,0.1445741259958595,0.024609609972685575
msmarco-passage-trec-dl-2019,1063750,certificate-event,128,128,1,127,0,0,3,0.00014866702258586884,1.7707934603095055e-05
msmarco-passage-trec-dl-2019,1063750,certificate-event,256,256,129,127,6,6,7,0.0006517090369015932,6.133306305855513e-05
msmarco-passage-trec-dl-2019,1063750,certificate-event,512,512,369,143,6,6,9,0.0009188749827444553,8.200004231184721e-05
msmarco-passage-trec-dl-2019,1063750,certificate-event,1024,1024,369,655,8,8,11,0.0011977499816566706,0.00010404118802398443
msmarco-passage-trec-dl-2019,1063750,certificate-event,2048,2048,1393,655,10,10,12,0.0013443330535665154,0.00011037522926926613
msmarco-passage-trec-dl-2019,182539,blocker64,128,128,64,64,28,20,3,0.0002169169019907713,7.500872015953064e-06
msmarco-passage-trec-dl-2019,182539,blocker64,256,256,128,128,30,20,5,0.0005468758754432201,9.167823009192944e-06
msmarco-passage-trec-dl-2019,182539,blocker64,512,512,320,192,39,20,9,0.0013642509002238512,1.3916869647800922e-05
msmarco-passage-trec-dl-2019,182539,blocker64,1024,1024,704,320,40,20,17,0.0029519599629566073,2.1293992176651955e-05
msmarco-passage-trec-dl-2019,182539,blocker64,2048,2048,1664,384,42,20,33,0.006162959965877235,3.3962307497859e-05
msmarco-passage-trec-dl-2019,182539,pressure64,128,128,64,64,28,20,3,0.0002553750528022647,3.562506753951311e-05
msmarco-passage-trec-dl-2019,182539,pressure64,256,256,128,128,30,20,5,0.003388625103980303,0.0028170840814709663
msmarco-passage-trec-dl-2019,182539,pressure64,512,512,320,192,39,20,9,0.010901750065386295,0.009518751059658825
msmarco-passage-trec-dl-2019,182539,pressure64,1024,1024,704,320,40,20,17,0.028213625075295568,0.025062751141376793
msmarco-passage-trec-dl-2019,182539,pressure64,2048,2048,1536,512,42,20,33,0.0634436251129955,0.056759624974802136
msmarco-passage-trec-dl-2019,182539,unit,128,128,75,53,28,20,129,0.010599166969768703,8.762429933995008e-05
msmarco-passage-trec-dl-2019,182539,unit,256,256,152,104,31,20,257,0.030634749913588166,0.00015941285528242588
msmarco-passage-trec-dl-2019,182539,unit,512,512,322,190,39,20,513,0.07515479193534702,0.00032445474062114954
msmarco-passage-trec-dl-2019,182539,unit,1024,1024,743,281,40,20,1025,0.16753437498118728,0.0006254700710996985
msmarco-passage-trec-dl-2019,182539,unit,2048,2048,1668,380,42,20,2049,0.3566355829825625,0.0012159817852079868
msmarco-passage-trec-dl-2019,182539,handoff64,128,128,64,64,28,20,4,0.0003012919332832098,4.183396231383085e-05
msmarco-passage-trec-dl-2019,182539,handoff64,256,256,152,104,31,20,88,0.015330874943174422,0.0018875427776947618
msmarco-passage-trec-dl-2019,182539,handoff64,512,512,322,190,39,20,264,0.04966220899950713,0.0059684194857254624
msmarco-passage-trec-dl-2019,182539,handoff64,1024,1024,743,281,40,20,447,0.08685433398932219,0.0101700434461236
msmarco-passage-trec-dl-2019,182539,handoff64,2048,2048,1668,380,42,20,648,0.1295205419883132,0.01501454133540392
msmarco-passage-trec-dl-2019,182539,handoff,128,128,1,127,1,1,3,0.00020604196470230818,2.266711089760065e-05
msmarco-passage-trec-dl-2019,182539,handoff,256,256,129,127,31,20,4,0.0003969999961555004,4.454213194549084e-05
msmarco-passage-trec-dl-2019,182539,handoff,512,512,322,190,39,20,137,0.026157790911383927,0.0031677873339504004
msmarco-passage-trec-dl-2019,182539,handoff,1024,1024,743,281,40,20,320,0.06338487402535975,0.007725460920482874
msmarco-passage-trec-dl-2019,182539,handoff,2048,2048,1668,380,42,20,521,0.10633420711383224,0.013162869261577725
msmarco-passage-trec-dl-2019,182539,certificate-event,128,128,1,127,1,1,3,0.00016075000166893005,1.8666964024305344e-05
msmarco-passage-trec-dl-2019,182539,certificate-event,256,256,129,127,31,20,4,0.0003398339031264186,2.5707879103720188e-05
msmarco-passage-trec-dl-2019,182539,certificate-event,512,512,289,223,39,20,17,0.0029982089763507247,0.00022695900406688452
msmarco-passage-trec-dl-2019,182539,certificate-event,1024,1024,801,223,40,20,19,0.003398500964976847,0.0002509588375687599
msmarco-passage-trec-dl-2019,182539,certificate-event,2048,2048,1717,331,42,20,24,0.0044559589587152,0.0003240008372813463
msmarco-passage-trec-dl-2019,182539,balanced64,128,128,64,64,28,20,3,0.00020320899784564972,1.166132278740406e-06
msmarco-passage-trec-dl-2019,182539,balanced64,256,256,128,128,30,20,5,0.0005412920145317912,1.8331920728087425e-06
msmarco-passage-trec-dl-2019,182539,balanced64,512,512,256,256,38,20,9,0.001280292053706944,2.8331996873021126e-06
msmarco-passage-trec-dl-2019,182539,balanced64,1024,1024,512,512,40,20,17,0.002919292077422142,5.042180418968201e-06
msmarco-passage-trec-dl-2019,182539,balanced64,2048,2048,1024,1024,41,20,33,0.006083375075832009,9.664450772106647e-06
msmarco-passage-trec-dl-2019,915593,handoff64,128,128,64,64,9,9,6,0.0004837081069126725,8.404103573411703e-05
msmarco-passage-trec-dl-2019,915593,handoff64,256,256,126,130,23,20,117,0.018213833100162446,0.002634128788486123
msmarco-passage-trec-dl-2019,915593,handoff64,512,512,290,222,63,20,255,0.04402875015512109,0.005847919033840299
msmarco-passage-trec-dl-2019,915593,handoff64,1024,770,493,277,100,20,292,0.05376750009600073,0.00681150343734771
msmarco-passage-trec-dl-2019,915593,handoff64,2048,770,493,277,100,20,292,0.053767750156112015,0.00681150343734771
msmarco-passage-trec-dl-2019,915593,handoff,128,128,1,127,0,0,3,0.00015504099428653717,2.154102548956871e-05
msmarco-passage-trec-dl-2019,915593,handoff,256,256,126,130,23,20,21,0.003110332996584475,0.00045212311670184135
msmarco-passage-trec-dl-2019,915593,handoff,512,512,290,222,63,20,159,0.029169874032959342,0.0038913394091650844
msmarco-passage-trec-dl-2019,915593,handoff,1024,770,493,277,100,20,196,0.038917582016438246,0.004958090023137629
msmarco-passage-trec-dl-2019,915593,handoff,2048,770,493,277,100,20,196,0.03891787398606539,0.004958090023137629
msmarco-passage-trec-dl-2019,915593,certificate-event,128,128,1,127,0,0,3,0.00016799999866634607,1.808302477002144e-05
msmarco-passage-trec-dl-2019,915593,certificate-event,256,256,129,127,22,20,15,0.001987124909646809,0.00015683507081121206
msmarco-passage-trec-dl-2019,915593,certificate-event,512,512,290,222,63,20,42,0.007150708930566907,0.0005193320102989674
msmarco-passage-trec-dl-2019,915593,certificate-event,1024,758,481,277,100,20,58,0.011089667910709977,0.000788083067163825
msmarco-passage-trec-dl-2019,915593,certificate-event,2048,758,481,277,100,20,58,0.011089917970821261,0.000788083067163825
msmarco-passage-trec-dl-2019,915593,balanced64,128,128,64,64,9,9,3,0.00020941696129739285,1.7080456018447876e-06
msmarco-passage-trec-dl-2019,915593,balanced64,256,256,128,128,22,20,5,0.0005082919960841537,2.8739450499415398e-06
msmarco-passage-trec-dl-2019,915593,balanced64,512,512,256,256,46,20,9,0.0012265839613974094,4.081870429217815e-06
msmarco-passage-trec-dl-2019,915593,balanced64,1024,832,448,384,100,20,14,0.002494125976227224,5.9978337958455086e-06
msmarco-passage-trec-dl-2019,915593,balanced64,2048,832,448,384,100,20,14,0.002494376036338508,5.9978337958455086e-06
msmarco-passage-trec-dl-2019,915593,blocker64,128,128,64,64,9,9,3,0.00018162489868700504,7.291906513273716e-06
msmarco-passage-trec-dl-2019,915593,blocker64,256,256,128,128,22,20,5,0.0004841249901801348,8.708913810551167e-06
msmarco-passage-trec-dl-2019,915593,blocker64,512,512,256,256,46,20,9,0.001211875001899898,1.1083902791142464e-05
msmarco-passage-trec-dl-2019,915593,blocker64,1024,768,448,320,100,20,13,0.0021976249990984797,1.4000805094838142e-05
msmarco-passage-trec-dl-2019,915593,blocker64,2048,768,448,320,100,20,13,0.002197875059209764,1.4000805094838142e-05
msmarco-passage-trec-dl-2019,915593,pressure64,128,128,64,64,9,9,3,0.00019566703122109175,3.5626115277409554e-05
msmarco-passage-trec-dl-2019,915593,pressure64,256,256,128,128,22,20,5,0.0015991670079529285,0.0011663350742310286
msmarco-passage-trec-dl-2019,915593,pressure64,512,512,256,256,46,20,9,0.008401000988669693,0.007202461012639105
msmarco-passage-trec-dl-2019,915593,pressure64,1024,768,448,320,100,20,13,0.02244912600144744,0.02025637705810368
msmarco-passage-trec-dl-2019,915593,pressure64,2048,768,448,320,100,20,13,0.022449376061558723,0.02025637705810368
msmarco-passage-trec-dl-2019,915593,unit,128,128,60,68,10,10,129,0.009670082945376635,7.234176155179739e-05
msmarco-passage-trec-dl-2019,915593,unit,256,256,126,130,23,20,257,0.027190916938707232,0.00015501189045608044
msmarco-passage-trec-dl-2019,915593,unit,512,512,290,222,63,20,513,0.07087712595239282,0.00030351115856319666
msmarco-passage-trec-dl-2019,915593,unit,1024,720,446,274,100,20,721,0.11903604294639081,0.0004348884103819728
msmarco-passage-trec-dl-2019,915593,unit,2048,720,446,274,100,20,721,0.11903633503243327,0.0004348884103819728
msmarco-passage-trec-dl-2019,130510,unit,128,128,72,56,22,20,129,0.010578042012639344,7.567449938505888e-05
msmarco-passage-trec-dl-2019,130510,unit,256,256,159,97,26,20,257,0.029026292031630874,0.00014429993461817503
msmarco-passage-trec-dl-2019,130510,unit,512,512,341,171,30,20,513,0.06833050004206598,0.00028558250050991774
msmarco-passage-trec-dl-2019,130510,unit,1024,1024,757,267,32,20,1025,0.15374004107434303,0.0005757551407441497
msmarco-passage-trec-dl-2019,130510,unit,2048,2048,1692,356,33,20,2049,0.32874179107602686,0.0011292091803625226
msmarco-passage-trec-dl-2019,130510,handoff64,128,128,64,64,22,20,17,0.0019273340003564954,0.0003098341403529048
msmarco-passage-trec-dl-2019,130510,handoff64,256,256,159,97,26,20,71,0.010840208968147635,0.0014494562055915594
msmarco-passage-trec-dl-2019,130510,handoff64,512,512,341,171,30,20,223,0.03776295902207494,0.004841379588469863
msmarco-passage-trec-dl-2019,130510,handoff64,1024,1024,757,267,32,20,416,0.07446108397562057,0.00930370343849063
msmarco-passage-trec-dl-2019,130510,handoff64,2048,2048,1692,356,33,20,596,0.10998862597625703,0.013541030930355191
msmarco-passage-trec-dl-2019,130510,handoff,128,128,1,127,0,0,3,0.00015891599468886852,2.174999099224806e-05
msmarco-passage-trec-dl-2019,130510,handoff,256,256,129,127,25,20,19,0.002704957965761423,0.00036858406383544207
msmarco-passage-trec-dl-2019,130510,handoff,512,512,341,171,30,20,113,0.019921917002648115,0.0025876780273392797
msmarco-passage-trec-dl-2019,130510,handoff,1024,1024,757,267,32,20,306,0.05690700002014637,0.007466723443940282
msmarco-passage-trec-dl-2019,130510,handoff,2048,2048,1692,356,33,20,486,0.0937080830335617,0.012336725718341768
msmarco-passage-trec-dl-2019,130510,certificate-event,128,128,1,127,0,0,3,0.0001497080083936453,1.7208047211170197e-05
msmarco-passage-trec-dl-2019,130510,certificate-event,256,256,129,127,25,20,19,0.0025671659968793392,0.0002190840896219015
msmarco-passage-trec-dl-2019,130510,certificate-event,512,512,344,168,30,20,27,0.004108124994672835,0.0003303762059658766
msmarco-passage-trec-dl-2019,130510,certificate-event,1024,1024,822,202,32,20,32,0.005091375089250505,0.0004075411707162857
msmarco-passage-trec-dl-2019,130510,certificate-event,2048,2048,1707,341,33,20,35,0.005679959082044661,0.0004484582459554076
msmarco-passage-trec-dl-2019,130510,balanced64,128,128,64,64,22,20,3,0.000202000024728477,1.5010591596364975e-06
msmarco-passage-trec-dl-2019,130510,balanced64,256,256,128,128,25,20,5,0.0005014580674469471,2.168002538383007e-06
msmarco-passage-trec-dl-2019,130510,balanced64,512,512,256,256,27,20,9,0.001151332980953157,3.252062015235424e-06
msmarco-passage-trec-dl-2019,130510,balanced64,1024,1024,512,512,32,20,17,0.0026152910431846976,6.419140845537186e-06
msmarco-passage-trec-dl-2019,130510,balanced64,2048,2048,1024,1024,32,20,33,0.005666416021995246,1.1958414688706398e-05
msmarco-passage-trec-dl-2019,130510,blocker64,128,128,64,64,22,20,3,0.00021050008945167065,8.16606916487217e-06
msmarco-passage-trec-dl-2019,130510,blocker64,256,256,128,128,25,20,5,0.0005061670672148466,9.665964171290398e-06
msmarco-passage-trec-dl-2019,130510,blocker64,512,512,320,192,29,20,9,0.0011509171454235911,1.2165051884949207e-05
msmarco-passage-trec-dl-2019,130510,blocker64,1024,1024,704,320,32,20,17,0.002629208145663142,1.9871164113283157e-05
msmarco-passage-trec-dl-2019,130510,blocker64,2048,2048,1664,384,33,20,33,0.005430250079371035,2.9121176339685917e-05
msmarco-passage-trec-dl-2019,130510,pressure64,128,128,64,64,22,20,3,0.00023083295673131943,3.441609442234039e-05
msmarco-passage-trec-dl-2019,130510,pressure64,256,256,128,128,25,20,5,0.0026588329346850514,0.002162375138141215
msmarco-passage-trec-dl-2019,130510,pressure64,512,512,320,192,29,20,9,0.008489249972626567,0.007254209136590362
msmarco-passage-trec-dl-2019,130510,pressure64,1024,1024,640,384,32,20,17,0.022006666054949164,0.019196792971342802
msmarco-passage-trec-dl-2019,130510,pressure64,2048,2048,1536,512,33,20,33,0.04986616608221084,0.043917209724895656
msmarco-passage-trec-dl-2019,207786,pressure64,128,128,64,64,11,11,3,0.00022379192523658276,3.4833094105124474e-05
msmarco-passage-trec-dl-2019,207786,pressure64,256,256,128,128,18,18,5,0.0017398339696228504,0.001175957964733243
msmarco-passage-trec-dl-2019,207786,pressure64,512,512,256,256,23,20,9,0.0058417929103598,0.004618832026608288
msmarco-passage-trec-dl-2019,207786,pressure64,1024,1024,448,576,30,20,17,0.016487917979247868,0.01369337399955839
msmarco-passage-trec-dl-2019,207786,pressure64,2048,2048,704,1344,35,20,33,0.04191545897629112,0.03556795523036271
msmarco-passage-trec-dl-2019,207786,unit,128,128,58,70,11,11,129,0.009615125018171966,7.475633174180984e-05
msmarco-passage-trec-dl-2019,207786,unit,256,256,106,150,18,18,257,0.02650437504053116,0.00016050750855356455
msmarco-passage-trec-dl-2019,207786,unit,512,512,236,276,25,20,513,0.06405379204079509,0.000297230901196599
msmarco-passage-trec-dl-2019,207786,unit,1024,1024,448,576,30,20,1025,0.14857950003352016,0.000574745237827301
msmarco-passage-trec-dl-2019,207786,unit,2048,2048,631,1417,35,20,2049,0.3394850839395076,0.0011337135219946504
msmarco-passage-trec-dl-2019,207786,handoff64,128,128,58,70,11,11,14,0.0016387499636039138,0.0002340420614928007
msmarco-passage-trec-dl-2019,207786,handoff64,256,256,106,150,18,18,107,0.015791292069479823,0.0022807129425927997
msmarco-passage-trec-dl-2019,207786,handoff64,512,512,236,276,25,20,261,0.0416163761401549,0.005790347931906581
msmarco-passage-trec-dl-2019,207786,handoff64,1024,1024,448,576,30,20,689,0.12319662608206272,0.016072487458586693
msmarco-passage-trec-dl-2019,207786,handoff64,2048,2048,631,1417,35,20,1066,0.19962291710544378,0.025471198023296893
msmarco-passage-trec-dl-2019,207786,handoff,128,128,1,127,0,0,3,0.00015458301641047,2.3124972358345985e-05
msmarco-passage-trec-dl-2019,207786,handoff,256,256,106,150,18,18,38,0.005423874012194574,0.0007287060143426061
msmarco-passage-trec-dl-2019,207786,handoff,512,512,236,276,25,20,192,0.031004290096461773,0.004353165975771844
msmarco-passage-trec-dl-2019,207786,handoff,1024,1024,448,576,30,20,620,0.11271449807099998,0.01530287740752101
msmarco-passage-trec-dl-2019,207786,handoff,2048,2048,631,1417,35,20,991,0.18971045617945492,0.025845333584584296
msmarco-passage-trec-dl-2019,207786,certificate-event,128,128,1,127,0,0,3,0.00015445903409272432,1.7417012713849545e-05
msmarco-passage-trec-dl-2019,207786,certificate-event,256,256,108,148,18,18,10,0.0012240010546520352,0.00010379101149737835
msmarco-passage-trec-dl-2019,207786,certificate-event,512,512,216,296,25,20,18,0.0024597919546067715,0.00020120921544730663
msmarco-passage-trec-dl-2019,207786,certificate-event,1024,1024,471,553,30,20,28,0.004493916989304125,0.00036325131077319384
msmarco-passage-trec-dl-2019,207786,certificate-event,2048,2048,654,1394,35,20,36,0.0064044169848784804,0.0004939610371366143
msmarco-passage-trec-dl-2019,207786,balanced64,128,128,64,64,11,11,3,0.00018341699615120888,1.209089532494545e-06
msmarco-passage-trec-dl-2019,207786,balanced64,256,256,128,128,18,18,5,0.00044949993025511503,1.834006980061531e-06
msmarco-passage-trec-dl-2019,207786,balanced64,512,512,256,256,23,20,9,0.001055041910149157,2.751941792666912e-06
msmarco-passage-trec-dl-2019,207786,balanced64,1024,1024,512,512,28,20,17,0.0024250829592347145,5.168840289115906e-06
msmarco-passage-trec-dl-2019,207786,balanced64,2048,2048,1024,1024,33,20,33,0.005460707936435938,9.586801752448082e-06
msmarco-passage-trec-dl-2019,207786,blocker64,128,128,64,64,11,11,3,0.00020679098088294268,8.417060598731041e-06
msmarco-passage-trec-dl-2019,207786,blocker64,256,256,128,128,18,18,5,0.0004832909908145666,1.0917079634964466e-05
msmarco-passage-trec-dl-2019,207786,blocker64,512,512,192,320,23,20,9,0.0010991659946739674,1.3376236893236637e-05
msmarco-passage-trec-dl-2019,207786,blocker64,1024,1024,448,576,30,20,17,0.002502374001778662,1.875136513262987e-05
msmarco-passage-trec-dl-2019,207786,blocker64,2048,2048,640,1408,35,20,33,0.00559337402228266,2.700032200664282e-05
msmarco-passage-trec-dl-2019,1106007,handoff,128,128,1,127,0,0,3,0.0001954999752342701,2.7999980375170708e-05
msmarco-passage-trec-dl-2019,1106007,handoff,256,256,129,127,10,10,6,0.0006993330316618085,0.00010958302300423384
msmarco-passage-trec-dl-2019,1106007,handoff,512,512,218,294,17,17,155,0.023827917058952153,0.0037151292199268937
msmarco-passage-trec-dl-2019,1106007,handoff,1024,1024,392,632,21,20,505,0.08555920806247741,0.012753746472299099
msmarco-passage-trec-dl-2019,1106007,handoff,2048,2048,1230,818,33,20,655,0.11348649999126792,0.01692949130665511
msmarco-passage-trec-dl-2019,1106007,certificate-event,128,128,1,127,0,0,3,0.00015366694424301386,1.8040882423520088e-05
msmarco-passage-trec-dl-2019,1106007,certificate-event,256,256,129,127,10,10,5,0.00039312499575316906,3.704091068357229e-05
msmarco-passage-trec-dl-2019,1106007,certificate-event,512,512,247,265,17,17,15,0.0020391669822856784,0.0001902919029816985
msmarco-passage-trec-dl-2019,1106007,certificate-event,1024,1024,381,643,21,20,23,0.0035824169171974063,0.00030420999974012375
msmarco-passage-trec-dl-2019,1106007,certificate-event,2048,2048,852,1196,33,20,31,0.005183666944503784,0.00042133405804634094
msmarco-passage-trec-dl-2019,1106007,balanced64,128,128,64,64,6,6,3,0.00017954094801098108,1.2079253792762756e-06
msmarco-passage-trec-dl-2019,1106007,balanced64,256,256,128,128,10,10,5,0.0004368749214336276,1.8748687580227852e-06
msmarco-passage-trec-dl-2019,1106007,balanced64,512,512,256,256,17,17,9,0.0010580838425084949,2.833898179233074e-06
msmarco-passage-trec-dl-2019,1106007,balanced64,1024,1024,512,512,19,19,17,0.002374333795160055,5.12576662003994e-06
msmarco-passage-trec-dl-2019,1106007,balanced64,2048,2048,1024,1024,33,20,33,0.005248041823506355,8.543371222913265e-06
msmarco-passage-trec-dl-2019,1106007,blocker64,128,128,64,64,6,6,3,0.00018558395095169544,7.3319533839821815e-06
msmarco-passage-trec-dl-2019,1106007,blocker64,256,256,128,128,10,10,5,0.0004235008964315057,8.707051165401936e-06
msmarco-passage-trec-dl-2019,1106007,blocker64,512,512,256,256,17,17,9,0.0010863759089261293,1.3330020010471344e-05
msmarco-passage-trec-dl-2019,1106007,blocker64,1024,1024,384,640,21,20,17,0.0023603758309036493,1.908000558614731e-05
msmarco-passage-trec-dl-2019,1106007,blocker64,2048,2048,1216,832,33,20,33,0.00544845883268863,2.9913149774074554e-05
msmarco-passage-trec-dl-2019,1106007,pressure64,128,128,64,64,6,6,3,0.0002048340393230319,3.441690932959318e-05
msmarco-passage-trec-dl-2019,1106007,pressure64,256,256,128,128,10,10,5,0.0011151680955663323,0.0007014168659225106
msmarco-passage-trec-dl-2019,1106007,pressure64,512,512,256,256,17,17,9,0.004246085067279637,0.003241041791625321
msmarco-passage-trec-dl-2019,1106007,pressure64,1024,1024,384,640,21,20,17,0.012841710005886853,0.010419499943964183
msmarco-passage-trec-dl-2019,1106007,pressure64,2048,2048,1152,896,33,20,33,0.03700829402077943,0.031449623638764024
msmarco-passage-trec-dl-2019,1106007,unit,128,128,66,62,7,7,129,0.009644584031775594,8.18759435787797e-05
msmarco-passage-trec-dl-2019,1106007,unit,256,256,133,123,12,12,257,0.024088584003038704,0.0001497081248089671
msmarco-passage-trec-dl-2019,1106007,unit,512,512,218,294,17,17,513,0.05795775097794831,0.00029337534215301275
msmarco-passage-trec-dl-2019,1106007,unit,1024,1024,392,632,21,20,1025,0.13413408398628235,0.0005665129283443093
msmarco-passage-trec-dl-2019,1106007,unit,2048,2048,1230,818,33,20,2049,0.3137990009272471,0.0011562954168766737
msmarco-passage-trec-dl-2019,1106007,handoff64,128,128,64,64,6,6,6,0.0005056669469922781,8.9708948507905e-05
msmarco-passage-trec-dl-2019,1106007,handoff64,256,256,133,123,12,12,126,0.01621824991889298,0.0025763320736587048
msmarco-passage-trec-dl-2019,1106007,handoff64,512,512,218,294,17,17,281,0.039726999937556684,0.006061375024728477
msmarco-passage-trec-dl-2019,1106007,handoff64,1024,1024,392,632,21,20,631,0.10035445902030915,0.01435890223365277
msmarco-passage-trec-dl-2019,1106007,handoff64,2048,2048,1230,818,33,20,790,0.13020158396102488,0.01826244394760579
msmarco-passage-trec-dl-2020,1109707,blocker64,128,128,64,64,3,3,3,0.00017733394633978605,8.041970431804657e-06
msmarco-passage-trec-dl-2020,1109707,blocker64,256,256,128,128,6,6,5,0.00039716693572700024,9.458977729082108e-06
msmarco-passage-trec-dl-2020,1109707,blocker64,512,512,256,256,22,20,9,0.0009647089755162597,1.179275568574667e-05
msmarco-passage-trec-dl-2020,1109707,blocker64,1024,1024,512,512,28,20,17,0.002396500902250409,1.745892222970724e-05
msmarco-passage-trec-dl-2020,1109707,blocker64,2048,2048,1216,832,40,20,33,0.005638250964693725,2.587307244539261e-05
msmarco-passage-trec-dl-2020,1109707,pressure64,128,128,64,64,3,3,3,0.00018208299297839403,3.295810893177986e-05
msmarco-passage-trec-dl-2020,1109707,pressure64,256,256,128,128,6,6,5,0.0006841660942882299,0.0003238329663872719
msmarco-passage-trec-dl-2020,1109707,pressure64,512,512,256,256,22,20,9,0.002832166152074933,0.0019415839342400432
msmarco-passage-trec-dl-2020,1109707,pressure64,1024,1024,512,512,28,20,17,0.01224812411237508,0.00983108184300363
msmarco-passage-trec-dl-2020,1109707,pressure64,2048,2048,1216,832,40,20,33,0.039778540027327836,0.03396012296434492
msmarco-passage-trec-dl-2020,1109707,unit,128,128,66,62,3,3,129,0.008731666021049023,9.808840695768595e-05
msmarco-passage-trec-dl-2020,1109707,unit,256,256,133,123,6,6,257,0.021709541091695428,0.00016592885367572308
msmarco-passage-trec-dl-2020,1109707,unit,512,512,244,268,22,20,513,0.05490645708050579,0.00031600985676050186
msmarco-passage-trec-dl-2020,1109707,unit,1024,1024,556,468,29,20,1025,0.13800641510169953,0.0006332173943519592
msmarco-passage-trec-dl-2020,1109707,unit,2048,2048,1253,795,41,20,2049,0.33531808119732887,0.001229930785484612
msmarco-passage-trec-dl-2020,1109707,handoff64,128,128,64,64,3,3,4,0.00025170797016471624,4.220812115818262e-05
msmarco-passage-trec-dl-2020,1109707,handoff64,256,256,133,123,6,6,123,0.01489583298098296,0.0026489561423659325
msmarco-passage-trec-dl-2020,1109707,handoff64,512,512,244,268,22,20,282,0.038579082931391895,0.006132450536824763
msmarco-passage-trec-dl-2020,1109707,handoff64,1024,1024,556,468,29,20,615,0.09942466602660716,0.014034541673026979
msmarco-passage-trec-dl-2020,1109707,handoff64,2048,2048,1253,795,41,20,1148,0.21757724904455245,0.027586517855525017
msmarco-passage-trec-dl-2020,1109707,handoff,128,128,1,127,1,1,3,0.00016545807011425495,2.3083994165062904e-05
msmarco-passage-trec-dl-2020,1109707,handoff,256,256,129,127,6,6,4,0.00029754103161394596,3.779190592467785e-05
msmarco-passage-trec-dl-2020,1109707,handoff,512,512,244,268,22,20,156,0.02328099904116243,0.003524374682456255
msmarco-passage-trec-dl-2020,1109707,handoff,1024,1024,556,468,29,20,488,0.08316754002589732,0.012079451931640506
msmarco-passage-trec-dl-2020,1109707,handoff,2048,2048,1253,795,41,20,1019,0.20244154008105397,0.02693586121313274
msmarco-passage-trec-dl-2020,1109707,certificate-event,128,128,1,127,1,1,3,0.00016395794227719307,1.974985934793949e-05
msmarco-passage-trec-dl-2020,1109707,certificate-event,256,256,129,127,6,6,4,0.00028966693207621574,2.7374946512281895e-05
msmarco-passage-trec-dl-2020,1109707,certificate-event,512,512,250,262,22,20,20,0.0026817498728632927,0.0002344166859984398
msmarco-passage-trec-dl-2020,1109707,certificate-event,1024,1024,492,532,28,20,33,0.005107833887450397,0.0004114998737350106
msmarco-passage-trec-dl-2020,1109707,certificate-event,2048,2048,1259,789,41,20,48,0.008540333830751479,0.0006505406927317381
msmarco-passage-trec-dl-2020,1109707,balanced64,128,128,64,64,3,3,3,0.0001712499652057886,1.249951310455799e-06
msmarco-passage-trec-dl-2020,1109707,balanced64,256,256,128,128,6,6,5,0.00039525004103779793,1.9581057131290436e-06
msmarco-passage-trec-dl-2020,1109707,balanced64,512,512,256,256,22,20,9,0.000946874963119626,3.041117452085018e-06
msmarco-passage-trec-dl-2020,1109707,balanced64,1024,1024,512,512,28,20,17,0.002296083024702966,5.3729163482785225e-06
msmarco-passage-trec-dl-2020,1109707,balanced64,2048,2048,1024,1024,38,20,33,0.005471499054692686,8.955947123467922e-06
msmarco-passage-trec-dl-2020,390360,handoff,128,128,1,127,0,0,3,0.00018466601613909006,2.5874003767967224e-05
msmarco-passage-trec-dl-2020,390360,handoff,256,256,128,128,8,8,9,0.0010866249212995172,0.0001607069279998541
msmarco-passage-trec-dl-2020,390360,handoff,512,512,198,314,10,10,141,0.019680999917909503,0.003119880915619433
msmarco-passage-trec-dl-2020,390360,handoff,1024,1024,334,690,13,13,415,0.06359137501567602,0.01012042339425534
msmarco-passage-trec-dl-2020,390360,handoff,2048,2048,489,1559,14,14,726,0.11820716690272093,0.018610754050314426
msmarco-passage-trec-dl-2020,390360,certificate-event,128,128,1,127,0,0,3,0.00015545799396932125,1.758395228534937e-05
msmarco-passage-trec-dl-2020,390360,certificate-event,256,256,129,127,8,8,7,0.0006501659518107772,6.008287891745567e-05
msmarco-passage-trec-dl-2020,390360,certificate-event,512,512,154,358,9,9,9,0.0009474989492446184,8.004100527614355e-05
msmarco-passage-trec-dl-2020,390360,certificate-event,1024,1024,322,702,13,13,14,0.0018163739005103707,0.0001425817608833313
msmarco-passage-trec-dl-2020,390360,certificate-event,2048,2048,338,1710,14,14,16,0.0021422909339889884,0.00016441475600004196
msmarco-passage-trec-dl-2020,390360,balanced64,128,128,64,64,6,6,3,0.00017812498845160007,9.579816833138466e-07
msmarco-passage-trec-dl-2020,390360,balanced64,256,256,128,128,8,8,5,0.0005231669638305902,1.9990839064121246e-06
msmarco-passage-trec-dl-2020,390360,balanced64,512,512,256,256,10,10,9,0.0010788330109789968,3.330991603434086e-06
msmarco-passage-trec-dl-2020,390360,balanced64,1024,1024,512,512,11,11,17,0.002307582995854318,5.663139745593071e-06
msmarco-passage-trec-dl-2020,390360,balanced64,2048,2048,1024,1024,14,14,33,0.004700207966379821,9.03918407857418e-06
msmarco-passage-trec-dl-2020,390360,blocker64,128,128,64,64,6,6,3,0.0001659160479903221,6.58305361866951e-06
msmarco-passage-trec-dl-2020,390360,blocker64,256,256,128,128,8,8,5,0.00041874905582517385,8.041155524551868e-06
msmarco-passage-trec-dl-2020,390360,blocker64,512,512,192,320,10,10,9,0.0009784570429474115,1.029216218739748e-05
msmarco-passage-trec-dl-2020,390360,blocker64,1024,1024,320,704,13,13,17,0.0021421650890260935,1.5333876945078373e-05
msmarco-passage-trec-dl-2020,390360,blocker64,2048,2048,512,1536,14,14,33,0.004664582083933055,2.3253727704286575e-05
msmarco-passage-trec-dl-2020,390360,pressure64,128,128,64,64,6,6,3,0.00019200006499886513,3.512483090162277e-05
msmarco-passage-trec-dl-2020,390360,pressure64,256,256,128,128,8,8,5,0.0011322919744998217,0.0007108327699825168
msmarco-passage-trec-dl-2020,390360,pressure64,512,512,256,256,10,10,9,0.0035469590220600367,0.0025580418296158314
msmarco-passage-trec-dl-2020,390360,pressure64,1024,1024,384,640,13,13,17,0.009000000078231096,0.0068795408587902784
msmarco-passage-trec-dl-2020,390360,pressure64,2048,2048,576,1472,14,14,33,0.02220354217570275,0.017415705719031394
msmarco-passage-trec-dl-2020,390360,unit,128,128,62,66,6,6,129,0.009375458001159132,7.120962254703045e-05
msmarco-passage-trec-dl-2020,390360,unit,256,256,128,128,8,8,257,0.023254333063960075,0.0001418764004483819
msmarco-passage-trec-dl-2020,390360,unit,512,512,198,314,10,10,513,0.054071666090749204,0.0002871279139071703
msmarco-passage-trec-dl-2020,390360,unit,1024,1024,334,690,13,13,1025,0.12255862401798368,0.0005688827950507402
msmarco-passage-trec-dl-2020,390360,unit,2048,2048,489,1559,14,14,2049,0.2729398320661858,0.0011521147098392248
msmarco-passage-trec-dl-2020,390360,handoff64,128,128,64,64,6,6,5,0.00037816702388226986,7.145805284380913e-05
msmarco-passage-trec-dl-2020,390360,handoff64,256,256,128,128,8,8,90,0.01146512501873076,0.0018807923188433051
msmarco-passage-trec-dl-2020,390360,handoff64,512,512,198,314,10,10,223,0.03038379200734198,0.004804541822522879
msmarco-passage-trec-dl-2020,390360,handoff64,1024,1024,334,690,13,13,497,0.0730511259753257,0.011189214535988867
msmarco-passage-trec-dl-2020,390360,handoff64,2048,2048,489,1559,14,14,808,0.12647175102028996,0.018794414470903575
msmarco-passage-trec-dl-2020,1121353,unit,128,128,60,68,5,5,129,0.009855500073172152,8.436921052634716e-05
msmarco-passage-trec-dl-2020,1121353,unit,256,256,119,137,5,5,257,0.023434250033460557,0.00015653367154300213
msmarco-passage-trec-dl-2020,1121353,unit,512,512,229,283,6,6,513,0.05242883297614753,0.0003058257279917598
msmarco-passage-trec-dl-2020,1121353,unit,1024,1024,470,554,12,12,1025,0.11688983300700784,0.000584333436563611
msmarco-passage-trec-dl-2020,1121353,unit,2048,2048,1171,877,17,17,2049,0.2665700000943616,0.001148287090472877
msmarco-passage-trec-dl-2020,1121353,handoff64,128,128,64,64,5,5,5,0.0003851249348372221,5.987600889056921e-05
msmarco-passage-trec-dl-2020,1121353,handoff64,256,256,119,137,5,5,115,0.014309832942672074,0.002407330204732716
msmarco-passage-trec-dl-2020,1121353,handoff64,512,512,229,283,6,6,336,0.043833207921124995,0.007299691322259605
msmarco-passage-trec-dl-2020,1121353,handoff64,1024,1024,469,555,12,12,684,0.09448237391188741,0.01525910443160683
msmarco-passage-trec-dl-2020,1121353,handoff64,2048,2048,1171,877,17,17,1335,0.20513491588644683,0.030653147725388408
msmarco-passage-trec-dl-2020,1121353,handoff,128,128,1,127,0,0,3,0.0001640410628169775,2.1500163711607456e-05
msmarco-passage-trec-dl-2020,1121353,handoff,256,256,129,127,5,5,5,0.0004124990664422512,4.7416193410754204e-05
msmarco-passage-trec-dl-2020,1121353,handoff,512,512,229,283,6,6,206,0.0277254160027951,0.004739219322800636
msmarco-passage-trec-dl-2020,1121353,handoff,1024,1024,469,555,12,12,554,0.07940224895719439,0.013509009615518153
msmarco-passage-trec-dl-2020,1121353,handoff,2048,2048,1171,877,17,17,1204,0.19147537392564118,0.030678582028485835
msmarco-passage-trec-dl-2020,1121353,certificate-event,128,128,1,127,0,0,3,0.00016716704703867435,1.937500201165676e-05
msmarco-passage-trec-dl-2020,1121353,certificate-event,256,256,129,127,5,5,5,0.0003944169729948044,3.2374984584748745e-05
msmarco-passage-trec-dl-2020,1121353,certificate-event,512,512,249,263,6,6,9,0.0009312089532613754,8.154194802045822e-05
msmarco-passage-trec-dl-2020,1121353,certificate-event,1024,1024,342,682,10,10,17,0.0021001260029152036,0.00019154103938490152
msmarco-passage-trec-dl-2020,1121353,certificate-event,2048,2048,1282,766,17,17,28,0.00396854302380234,0.0003577499883249402
msmarco-passage-trec-dl-2020,1121353,balanced64,128,128,64,64,5,5,3,0.0001792090479284525,1.2509990483522415e-06
msmarco-passage-trec-dl-2020,1121353,balanced64,256,256,128,128,5,5,5,0.0004097509663552046,1.834006980061531e-06
msmarco-passage-trec-dl-2020,1121353,balanced64,512,512,256,256,6,6,9,0.0008854179177433252,2.8762733563780785e-06
msmarco-passage-trec-dl-2020,1121353,balanced64,1024,1024,512,512,10,10,17,0.0019430008251219988,5.168374627828598e-06
msmarco-passage-trec-dl-2020,1121353,balanced64,2048,2048,1024,1024,17,17,33,0.004349208902567625,8.755363523960114e-06
msmarco-passage-trec-dl-2020,1121353,blocker64,128,128,64,64,5,5,3,0.00016791699454188347,7.333001121878624e-06
msmarco-passage-trec-dl-2020,1121353,blocker64,256,256,128,128,5,5,5,0.00039350101724267006,8.749892003834248e-06
msmarco-passage-trec-dl-2020,1121353,blocker64,512,512,256,256,6,6,9,0.0008573340019211173,1.0999850928783417e-05
msmarco-passage-trec-dl-2020,1121353,blocker64,1024,1024,448,576,12,12,17,0.0019089169800281525,1.612468622624874e-05
msmarco-passage-trec-dl-2020,1121353,blocker64,2048,2048,1152,896,17,17,33,0.004427791922353208,2.9291724786162376e-05
msmarco-passage-trec-dl-2020,1121353,pressure64,128,128,64,64,5,5,3,0.00021162501070648432,3.829097840934992e-05
msmarco-passage-trec-dl-2020,1121353,pressure64,256,256,128,128,5,5,5,0.0010052089346572757,0.0005930829793214798
msmarco-passage-trec-dl-2020,1121353,pressure64,512,512,256,256,6,6,9,0.0026880429359152913,0.00179537502117455
msmarco-passage-trec-dl-2020,1121353,pressure64,1024,1024,448,576,12,12,17,0.007317751878872514,0.005269708344712853
msmarco-passage-trec-dl-2020,1121353,pressure64,2048,2048,1088,960,17,17,33,0.022971376893110573,0.018272584420628846
msmarco-passage-trec-dl-2020,1122767,handoff64,128,128,64,64,14,14,13,0.0013738330453634262,0.00024416600354015827
msmarco-passage-trec-dl-2020,1122767,handoff64,256,256,124,132,28,20,73,0.01082641608081758,0.0015825810842216015
msmarco-passage-trec-dl-2020,1122767,handoff64,512,512,244,268,35,20,315,0.055740248993970454,0.007082825875841081
msmarco-passage-trec-dl-2020,1122767,handoff64,1024,1024,474,550,42,20,775,0.15038945793639868,0.01816499896813184
msmarco-passage-trec-dl-2020,1122767,handoff64,2048,2048,889,1159,44,20,1605,0.336096957908012,0.03905844781547785
msmarco-passage-trec-dl-2020,1122767,handoff,128,128,1,127,0,0,3,0.00015762506518512964,2.1416926756501198e-05
msmarco-passage-trec-dl-2020,1122767,handoff,256,256,124,132,28,20,19,0.0027202919591218233,0.0004147910512983799
msmarco-passage-trec-dl-2020,1122767,handoff,512,512,244,268,35,20,261,0.047986583900637925,0.006293509271927178
msmarco-passage-trec-dl-2020,1122767,handoff,1024,1024,474,550,42,20,721,0.1430264589143917,0.01809192611835897
msmarco-passage-trec-dl-2020,1122767,handoff,2048,2048,889,1159,44,20,1551,0.33195099991280586,0.04147821827791631
msmarco-passage-trec-dl-2020,1122767,certificate-event,128,128,1,127,0,0,3,0.0001530840527266264,1.7249956727027893e-05
msmarco-passage-trec-dl-2020,1122767,certificate-event,256,256,124,132,28,20,19,0.002392876078374684,0.00020029116421937943
msmarco-passage-trec-dl-2020,1122767,certificate-event,512,512,244,268,35,20,34,0.005304793012328446,0.00040941720362752676
msmarco-passage-trec-dl-2020,1122767,certificate-event,1024,1024,471,553,42,20,49,0.008383376058191061,0.0006119593745097518
msmarco-passage-trec-dl-2020,1122767,certificate-event,2048,2048,1328,720,44,20,54,0.0095109180547297,0.0006825843593105674
msmarco-passage-trec-dl-2020,1122767,balanced64,128,128,64,64,14,14,3,0.00017704104539006948,9.170034900307655e-07
msmarco-passage-trec-dl-2020,1122767,balanced64,256,256,128,128,28,20,5,0.00046583195216953754,1.500011421740055e-06
msmarco-passage-trec-dl-2020,1122767,balanced64,512,512,256,256,34,20,9,0.0011129159247502685,2.4170149117708206e-06
msmarco-passage-trec-dl-2020,1122767,balanced64,1024,1024,512,512,41,20,17,0.0026272909017279744,4.584202542901039e-06
msmarco-passage-trec-dl-2020,1122767,balanced64,2048,2048,1024,1024,44,20,33,0.006035498925484717,1.0168412700295448e-05
msmarco-passage-trec-dl-2020,1122767,blocker64,128,128,64,64,14,14,3,0.0001984169939532876,9.00006853044033e-06
msmarco-passage-trec-dl-2020,1122767,blocker64,256,256,128,128,28,20,5,0.0004857920575886965,1.0501127690076828e-05
msmarco-passage-trec-dl-2020,1122767,blocker64,512,512,256,256,34,20,9,0.0012205010280013084,1.425121445208788e-05
msmarco-passage-trec-dl-2020,1122767,blocker64,1024,1024,448,576,41,20,17,0.0027789181331172585,2.112740185111761e-05
msmarco-passage-trec-dl-2020,1122767,blocker64,2048,2048,896,1152,44,20,33,0.006022668210789561,2.9795453883707523e-05
msmarco-passage-trec-dl-2020,1122767,pressure64,128,128,64,64,14,14,3,0.00021941610611975193,3.516697324812412e-05
msmarco-passage-trec-dl-2020,1122767,pressure64,256,256,128,128,28,20,5,0.001927291159518063,0.0013978340430185199
msmarco-passage-trec-dl-2020,1122767,pressure64,512,512,256,256,34,20,9,0.007911583175882697,0.006627794005908072
msmarco-passage-trec-dl-2020,1122767,pressure64,1024,1024,512,512,41,20,17,0.023364458233118057,0.020176461897790432
msmarco-passage-trec-dl-2020,1122767,pressure64,2048,2048,1024,1024,44,20,33,0.058082083240151405,0.05130395956803113
msmarco-passage-trec-dl-2020,1122767,unit,128,128,72,56,14,14,129,0.009545666980557144,7.451174315065145e-05
msmarco-passage-trec-dl-2020,1122767,unit,256,256,124,132,28,20,257,0.02687887498177588,0.0001463852822780609
msmarco-passage-trec-dl-2020,1122767,unit,512,512,244,268,35,20,513,0.06837837491184473,0.0002931390190497041
msmarco-passage-trec-dl-2020,1122767,unit,1024,1024,474,550,42,20,1025,0.16161758289672434,0.000591942691244185
msmarco-passage-trec-dl-2020,1122767,unit,2048,2048,889,1159,44,20,2049,0.36350662482436746,0.0011692988919094205
msmarco-passage-trec-dl-2020,940547,handoff64,128,128,64,64,6,6,5,0.00042604096233844757,6.870902143418789e-05
msmarco-passage-trec-dl-2020,940547,handoff64,256,256,137,119,14,14,82,0.0114317910047248,0.0017934157513082027
msmarco-passage-trec-dl-2020,940547,handoff64,512,512,283,229,19,19,303,0.047244915971532464,0.006830911268480122
msmarco-passage-trec-dl-2020,940547,handoff64,1024,1024,598,426,27,20,701,0.11641295696608722,0.015952609828673303
msmarco-passage-trec-dl-2020,940547,handoff64,2048,2048,1317,731,27,20,1311,0.23175853991415352,0.030491347424685955
msmarco-passage-trec-dl-2020,940547,handoff,128,128,1,127,0,0,3,0.00016141601372510195,2.1999934688210487e-05
msmarco-passage-trec-dl-2020,940547,handoff,256,256,129,127,13,13,7,0.0007590409368276596,0.00010045792441815138
msmarco-passage-trec-dl-2020,940547,handoff,512,512,283,229,19,19,213,0.03394879098050296,0.004950664006173611
msmarco-passage-trec-dl-2020,940547,handoff,1024,1024,598,426,27,20,611,0.1035144159104675,0.014860670547932386
msmarco-passage-trec-dl-2020,940547,handoff,2048,2048,1317,731,27,20,1221,0.22134408284910023,0.031225545215420425
msmarco-passage-trec-dl-2020,940547,certificate-event,128,128,1,127,0,0,3,0.0001598329981788993,1.8251012079417706e-05
msmarco-passage-trec-dl-2020,940547,certificate-event,256,256,129,127,13,13,7,0.0007263330044224858,6.0584163293242455e-05
msmarco-passage-trec-dl-2020,940547,certificate-event,512,512,317,195,19,19,19,0.0025559579953551292,0.000213877996429801
msmarco-passage-trec-dl-2020,940547,certificate-event,1024,1024,601,423,27,20,36,0.005632666987366974,0.0004454200388863683
msmarco-passage-trec-dl-2020,940547,certificate-event,2048,2048,890,1158,27,20,38,0.0060742509085685015,0.00047133711632341146
msmarco-passage-trec-dl-2020,940547,balanced64,128,128,64,64,6,6,3,0.00019479100592434406,1.584063284099102e-06
msmarco-passage-trec-dl-2020,940547,balanced64,256,256,128,128,13,13,5,0.00044620700646191835,2.2511230781674385e-06
msmarco-passage-trec-dl-2020,940547,balanced64,512,512,256,256,19,19,9,0.001026123994961381,3.252178430557251e-06
msmarco-passage-trec-dl-2020,940547,balanced64,1024,1024,512,512,23,20,17,0.0022748319897800684,5.629262886941433e-06
msmarco-passage-trec-dl-2020,940547,balanced64,2048,2048,1024,1024,27,20,33,0.005028623039834201,9.924056939780712e-06
msmarco-passage-trec-dl-2020,940547,blocker64,128,128,64,64,6,6,3,0.0001818749587982893,8.124974556267262e-06
msmarco-passage-trec-dl-2020,940547,blocker64,256,256,128,128,13,13,5,0.000414749956689775,1.0083080269396305e-05
msmarco-passage-trec-dl-2020,940547,blocker64,512,512,256,256,19,19,9,0.0010102919768542051,1.2582982890307903e-05
msmarco-passage-trec-dl-2020,940547,blocker64,1024,1024,576,448,26,20,17,0.0023515839129686356,1.825194340199232e-05
msmarco-passage-trec-dl-2020,940547,blocker64,2048,2048,1280,768,27,20,33,0.005149333854205906,2.921104896813631e-05
msmarco-passage-trec-dl-2020,940547,pressure64,128,128,64,64,6,6,3,0.00020354194566607475,3.562401980161667e-05
msmarco-passage-trec-dl-2020,940547,pressure64,256,256,128,128,13,13,5,0.001047126017510891,0.0006302900146692991
msmarco-passage-trec-dl-2020,940547,pressure64,512,512,256,256,19,19,9,0.004947543027810752,0.0035428740084171295
msmarco-passage-trec-dl-2020,940547,pressure64,1024,1024,576,448,26,20,17,0.014267083955928683,0.011464248294942081
msmarco-passage-trec-dl-2020,940547,pressure64,2048,2048,1152,896,27,20,33,0.03790270898025483,0.03204366541467607
msmarco-passage-trec-dl-2020,940547,unit,128,128,64,64,6,6,129,0.009468457894399762,7.746322080492973e-05
msmarco-passage-trec-dl-2020,940547,unit,256,256,137,119,14,14,257,0.024560582940466702,0.00014675187412649393
msmarco-passage-trec-dl-2020,940547,unit,512,512,283,229,19,19,513,0.059597832965664566,0.0002934668445959687
msmarco-passage-trec-dl-2020,940547,unit,1024,1024,598,426,27,20,1025,0.1362516658846289,0.0005887924926355481
msmarco-passage-trec-dl-2020,940547,unit,2048,2048,1317,731,27,20,2049,0.3051797079388052,0.0011743028881028295
msmarco-passage-trec-dl-2020,1108651,unit,128,128,66,62,3,3,129,0.009483167086727917,9.475159458816051e-05
msmarco-passage-trec-dl-2020,1108651,unit,256,256,132,124,6,6,257,0.02276670909486711,0.0001626709708943963
msmarco-passage-trec-dl-2020,1108651,unit,512,512,269,243,9,9,513,0.052375918021425605,0.00030738161876797676
msmarco-passage-trec-dl-2020,1108651,unit,1024,1024,554,470,15,15,1025,0.11855666805058718,0.000596454949118197
msmarco-passage-trec-dl-2020,1108651,unit,2048,2048,1286,762,21,20,2049,0.2697313759708777,0.0011711135739460588
msmarco-passage-trec-dl-2020,1108651,handoff64,128,128,64,64,3,3,4,0.00025879195891320705,4.1958061046898365e-05
msmarco-passage-trec-dl-2020,1108651,handoff64,256,256,132,124,6,6,125,0.015558708924800158,0.0026414250023663044
msmarco-passage-trec-dl-2020,1108651,handoff64,512,512,269,243,9,9,364,0.048382958862930536,0.007971382117830217
msmarco-passage-trec-dl-2020,1108651,handoff64,1024,1024,554,470,15,15,822,0.11774629191495478,0.018327849451452494
msmarco-passage-trec-dl-2020,1108651,handoff64,2048,2048,1286,762,21,20,1154,0.17308687593322247,0.025976224103942513
msmarco-passage-trec-dl-2020,1108651,handoff,128,128,1,127,1,1,3,0.00016154209151864052,2.195918932557106e-05
msmarco-passage-trec-dl-2020,1108651,handoff,256,256,129,127,6,6,4,0.0002935001393780112,3.6251149140298367e-05
msmarco-passage-trec-dl-2020,1108651,handoff,512,512,269,243,9,9,237,0.03266491717658937,0.005502534098923206
msmarco-passage-trec-dl-2020,1108651,handoff,1024,1024,554,470,15,15,695,0.10318129218649119,0.016837948001921177
msmarco-passage-trec-dl-2020,1108651,handoff,2048,2048,1286,762,21,20,928,0.1424803752452135,0.02303848823066801
msmarco-passage-trec-dl-2020,1108651,certificate-event,128,128,1,127,1,1,3,0.00015295797493308783,1.7749960534274578e-05
msmarco-passage-trec-dl-2020,1108651,certificate-event,256,256,129,127,6,6,4,0.00028016697615385056,2.445897553116083e-05
msmarco-passage-trec-dl-2020,1108651,certificate-event,512,512,213,299,9,9,11,0.001183292013593018,0.00010916718747466803
msmarco-passage-trec-dl-2020,1108651,certificate-event,1024,1024,575,449,15,15,23,0.003019499941729009,0.0003023772733286023
msmarco-passage-trec-dl-2020,1108651,certificate-event,2048,2048,1233,815,21,20,30,0.0042019159300252795,0.0004038371844217181
msmarco-passage-trec-dl-2020,1108651,balanced64,128,128,64,64,3,3,3,0.00016308296471834183,1.4168908819556236e-06
msmarco-passage-trec-dl-2020,1108651,balanced64,256,256,128,128,6,6,5,0.0003822079161182046,2.0010629668831825e-06
msmarco-passage-trec-dl-2020,1108651,balanced64,512,512,256,256,9,9,9,0.0008624990005046129,2.8761569410562515e-06
msmarco-passage-trec-dl-2020,1108651,balanced64,1024,1024,512,512,14,14,17,0.0020045830169692636,5.87815884500742e-06
msmarco-passage-trec-dl-2020,1108651,balanced64,2048,2048,1024,1024,20,20,33,0.004482124000787735,9.792391210794449e-06
msmarco-passage-trec-dl-2020,1108651,blocker64,128,128,64,64,3,3,3,0.0001645419979467988,7.4588460847735405e-06
msmarco-passage-trec-dl-2020,1108651,blocker64,256,256,128,128,6,6,5,0.0003795840311795473,8.999835699796677e-06
msmarco-passage-trec-dl-2020,1108651,blocker64,512,512,256,256,9,9,9,0.0008488340536132455,1.1249911040067673e-05
msmarco-passage-trec-dl-2020,1108651,blocker64,1024,1024,576,448,14,14,17,0.0019120010547339916,1.616682857275009e-05
msmarco-passage-trec-dl-2020,1108651,blocker64,2048,2048,1280,768,21,20,33,0.004439834039658308,2.38779466599226e-05
msmarco-passage-trec-dl-2020,1108651,pressure64,128,128,64,64,3,3,3,0.00019370904192328453,3.470899537205696e-05
msmarco-passage-trec-dl-2020,1108651,pressure64,256,256,128,128,6,6,5,0.0007580840028822422,0.0003882079618051648
msmarco-passage-trec-dl-2020,1108651,pressure64,512,512,256,256,9,9,9,0.0027746260166168213,0.0019378748256713152
msmarco-passage-trec-dl-2020,1108651,pressure64,1024,1024,512,512,14,14,17,0.008902834029868245,0.006955791963264346
msmarco-passage-trec-dl-2020,1108651,pressure64,2048,2048,1280,768,21,20,33,0.026911001070402563,0.022259624674916267
msmarco-passage-trec-dl-2020,1106979,blocker64,128,128,64,64,23,20,3,0.00023875001352280378,9.373878128826618e-06
msmarco-passage-trec-dl-2020,1106979,blocker64,256,256,128,128,30,20,5,0.0005840410012751818,1.1206837370991707e-05
msmarco-passage-trec-dl-2020,1106979,blocker64,512,512,384,128,34,20,9,0.0012780000688508153,1.4290912076830864e-05
msmarco-passage-trec-dl-2020,1106979,blocker64,1024,1024,832,192,39,20,17,0.00268575013615191,1.8914928659796715e-05
msmarco-passage-trec-dl-2020,1106979,blocker64,2048,2048,1792,256,41,20,33,0.005773166194558144,3.312143962830305e-05
msmarco-passage-trec-dl-2020,1106979,pressure64,128,128,64,64,23,20,3,0.00023695791605859995,3.445800393819809e-05
msmarco-passage-trec-dl-2020,1106979,pressure64,256,256,128,128,30,20,5,0.0031558749033138156,0.0026258330326527357
msmarco-passage-trec-dl-2020,1106979,pressure64,512,512,320,192,34,20,9,0.010210874839685857,0.008982040104456246
msmarco-passage-trec-dl-2020,1106979,pressure64,1024,1024,832,192,39,20,17,0.025304040755145252,0.022615122143179178
msmarco-passage-trec-dl-2020,1106979,pressure64,2048,2048,1728,320,41,20,33,0.06064308271743357,0.05442941340152174
msmarco-passage-trec-dl-2020,1106979,unit,128,128,77,51,25,20,129,0.010673666023649275,7.497088517993689e-05
msmarco-passage-trec-dl-2020,1106979,unit,256,256,173,83,30,20,257,0.029976083082146943,0.0001468433765694499
msmarco-passage-trec-dl-2020,1106979,unit,512,512,377,135,34,20,513,0.07130833307746798,0.00029227533377707005
msmarco-passage-trec-dl-2020,1106979,unit,1024,1024,833,191,39,20,1025,0.15993291605263948,0.0005830258596688509
msmarco-passage-trec-dl-2020,1106979,unit,2048,2048,1813,235,41,20,2049,0.34654708311427385,0.0011759491171687841
msmarco-passage-trec-dl-2020,1106979,handoff64,128,128,64,64,23,20,20,0.0021778750233352184,0.00039966509211808443
msmarco-passage-trec-dl-2020,1106979,handoff64,256,256,173,83,30,20,66,0.010286709060892463,0.0014311225386336446
msmarco-passage-trec-dl-2020,1106979,handoff64,512,512,377,135,34,20,170,0.030028042034246027,0.003862791578285396
msmarco-passage-trec-dl-2020,1106979,handoff64,1024,1024,833,191,39,20,286,0.052954083075746894,0.006646414985880256
msmarco-passage-trec-dl-2020,1106979,handoff64,2048,2048,1813,235,41,20,377,0.07214799907524139,0.008885707473382354
msmarco-passage-trec-dl-2020,1106979,handoff,128,128,1,127,0,0,3,0.0001538340002298355,2.145790494978428e-05
msmarco-passage-trec-dl-2020,1106979,handoff,256,256,129,127,30,20,27,0.003839084063656628,0.0005433359183371067
msmarco-passage-trec-dl-2020,1106979,handoff,512,512,377,135,34,20,47,0.007734876009635627,0.001019751187413931
msmarco-passage-trec-dl-2020,1106979,handoff,1024,1024,833,191,39,20,163,0.031241583987139165,0.004025877104140818
msmarco-passage-trec-dl-2020,1106979,handoff,2048,2048,1813,235,41,20,254,0.05035966692958027,0.0064965084893628955
msmarco-passage-trec-dl-2020,1106979,certificate-event,128,128,1,127,0,0,3,0.0001573750050738454,1.850002445280552e-05
msmarco-passage-trec-dl-2020,1106979,certificate-event,256,256,129,127,30,20,27,0.003783583058975637,0.00032900378573685884
msmarco-passage-trec-dl-2020,1106979,certificate-event,512,512,385,127,34,20,32,0.004693166119977832,0.0003933788975700736
msmarco-passage-trec-dl-2020,1106979,certificate-event,1024,1024,833,191,39,20,42,0.006724458187818527,0.00054946169257164
msmarco-passage-trec-dl-2020,1106979,certificate-event,2048,2048,1838,210,41,20,47,0.007810624199919403,0.0006315438076853752
msmarco-passage-trec-dl-2020,1106979,balanced64,128,128,64,64,23,20,3,0.00020095903892070055,1.043081283569336e-06
msmarco-passage-trec-dl-2020,1106979,balanced64,256,256,128,128,30,20,5,0.000531001016497612,1.711072400212288e-06
msmarco-passage-trec-dl-2020,1106979,balanced64,512,512,256,256,33,20,9,0.0012275009648874402,2.752291038632393e-06
msmarco-passage-trec-dl-2020,1106979,balanced64,1024,1024,512,512,36,20,17,0.002683916944079101,4.9603404477238655e-06
msmarco-passage-trec-dl-2020,1106979,balanced64,2048,2048,1024,1024,39,20,33,0.005836791940964758,8.296221494674683e-06
msmarco-passage-trec-dl-2020,1136962,unit,128,128,73,55,25,20,129,0.010468916036188602,9.42436745390296e-05
msmarco-passage-trec-dl-2020,1136962,unit,256,256,175,81,43,20,257,0.030635040951892734,0.00016153824981302023
msmarco-passage-trec-dl-2020,1136962,unit,512,512,371,141,51,20,513,0.07796991593204439,0.0003242510138079524
msmarco-passage-trec-dl-2020,1136962,unit,1024,1024,761,263,61,20,1025,0.18656529090367258,0.0006452620727941394
msmarco-passage-trec-dl-2020,1136962,unit,2048,2048,1409,639,69,20,2049,0.41796295798849314,0.0012399586848914623
msmarco-passage-trec-dl-2020,1136962,handoff64,128,128,64,64,24,20,4,0.00026616710238158703,4.045700188726187e-05
msmarco-passage-trec-dl-2020,1136962,handoff64,256,256,175,81,43,20,54,0.009597375057637691,0.0011377048213034868
msmarco-passage-trec-dl-2020,1136962,handoff64,512,512,371,141,51,20,170,0.03349737508688122,0.003811874892562628
msmarco-passage-trec-dl-2020,1136962,handoff64,1024,1024,761,263,61,20,347,0.07517050008755177,0.008127379463985562
msmarco-passage-trec-dl-2020,1136962,handoff64,2048,2048,1416,632,69,20,516,0.11734629201237112,0.012372295488603413
msmarco-passage-trec-dl-2020,1136962,handoff,128,128,1,127,1,1,3,0.00015974999405443668,2.3374916054308414e-05
msmarco-passage-trec-dl-2020,1136962,handoff,256,256,129,127,35,20,4,0.0003457500133663416,3.7166872061789036e-05
msmarco-passage-trec-dl-2020,1136962,handoff,512,512,371,141,51,20,45,0.009119166061282158,0.0010188298765569925
msmarco-passage-trec-dl-2020,1136962,handoff,1024,1024,761,263,61,20,222,0.050869332044385374,0.005674656596966088
msmarco-passage-trec-dl-2020,1136962,handoff,2048,2048,1416,632,69,20,389,0.09304704004898667,0.010449654888361692
msmarco-passage-trec-dl-2020,1136962,certificate-event,128,128,1,127,1,1,3,0.00015712494496256113,1.7668004147708416e-05
msmarco-passage-trec-dl-2020,1136962,certificate-event,256,256,129,127,35,20,4,0.0003373749786987901,2.437701914459467e-05
msmarco-passage-trec-dl-2020,1136962,certificate-event,512,512,373,139,51,20,18,0.003041874966584146,0.00021441676653921604
msmarco-passage-trec-dl-2020,1136962,certificate-event,1024,1024,784,240,61,20,35,0.006978290970437229,0.0004990407032892108
msmarco-passage-trec-dl-2020,1136962,certificate-event,2048,2048,1604,444,68,20,44,0.00914804101921618,0.0006429986096918583
msmarco-passage-trec-dl-2020,1136962,balanced64,128,128,64,64,24,20,3,0.00019687495660036802,1.2490199878811836e-06
msmarco-passage-trec-dl-2020,1136962,balanced64,256,256,128,128,35,20,5,0.0005459579406306148,1.8740538507699966e-06
msmarco-passage-trec-dl-2020,1136962,balanced64,512,512,256,256,50,20,9,0.0013244579313322902,2.7909409254789352e-06
msmarco-passage-trec-dl-2020,1136962,balanced64,1024,1024,512,512,59,20,17,0.0030379159143194556,5.124136805534363e-06
msmarco-passage-trec-dl-2020,1136962,balanced64,2048,2048,1024,1024,66,20,33,0.006851831916719675,1.0502990335226059e-05
msmarco-passage-trec-dl-2020,1136962,blocker64,128,128,64,64,24,20,3,0.00018716603517532349,7.1658287197351456e-06
msmarco-passage-trec-dl-2020,1136962,blocker64,256,256,192,64,36,20,5,0.000516916043125093,8.62369779497385e-06
msmarco-passage-trec-dl-2020,1136962,blocker64,512,512,320,192,51,20,9,0.0012839160626754165,1.1206604540348053e-05
msmarco-passage-trec-dl-2020,1136962,blocker64,1024,1024,768,256,61,20,17,0.0029869581339880824,1.6080564819276333e-05
msmarco-passage-trec-dl-2020,1136962,blocker64,2048,2048,1472,576,69,20,33,0.006605791160836816,2.433254849165678e-05
msmarco-passage-trec-dl-2020,1136962,pressure64,128,128,64,64,24,20,3,0.00020787492394447327,3.3583142794668674e-05
msmarco-passage-trec-dl-2020,1136962,pressure64,256,256,192,64,36,20,5,0.0034228749573230743,0.0028663341654464602
msmarco-passage-trec-dl-2020,1136962,pressure64,512,512,320,192,51,20,9,0.01320549997035414,0.011799251195043325
msmarco-passage-trec-dl-2020,1136962,pressure64,1024,1024,704,320,61,20,17,0.037724999943748116,0.034258041298016906
msmarco-passage-trec-dl-2020,1136962,pressure64,2048,2048,1472,576,69,20,33,0.091667708940804,0.08406021038535982
msmarco-passage-trec-dl-2020,1132532,blocker64,128,128,64,64,4,4,3,0.000180334085598588,8.209026418626308e-06
msmarco-passage-trec-dl-2020,1132532,blocker64,256,256,128,128,11,11,5,0.0004291681107133627,9.792041964828968e-06
msmarco-passage-trec-dl-2020,1132532,blocker64,512,512,192,320,25,20,9,0.0010435431031510234,1.2084958143532276e-05
msmarco-passage-trec-dl-2020,1132532,blocker64,1024,1024,384,640,32,20,17,0.0027523350436240435,2.2209947928786278e-05
msmarco-passage-trec-dl-2020,1132532,blocker64,2048,2048,1216,832,37,20,33,0.005893417983315885,3.217114135622978e-05
msmarco-passage-trec-dl-2020,1132532,pressure64,128,128,64,64,4,4,3,0.0001962499227374792,3.483286127448082e-05
msmarco-passage-trec-dl-2020,1132532,pressure64,256,256,128,128,11,11,5,0.0008759169140830636,0.00046999892219901085
msmarco-passage-trec-dl-2020,1132532,pressure64,512,512,192,320,25,20,9,0.004323708941228688,0.003304415848106146
msmarco-passage-trec-dl-2020,1132532,pressure64,1024,1024,384,640,32,20,17,0.016950292978435755,0.014253458939492702
msmarco-passage-trec-dl-2020,1132532,pressure64,2048,2048,1216,832,37,20,33,0.046140210004523396,0.03987141652032733
msmarco-passage-trec-dl-2020,1132532,unit,128,128,62,66,5,5,129,0.008978583035059273,7.000635378062725e-05
msmarco-passage-trec-dl-2020,1132532,unit,256,256,119,137,12,12,257,0.02383604203350842,0.00015163258649408817
msmarco-passage-trec-dl-2020,1132532,unit,512,512,205,307,27,20,513,0.060330000007525086,0.00030034175142645836
msmarco-passage-trec-dl-2020,1132532,unit,1024,1024,355,669,32,20,1025,0.1493803330231458,0.0006090018432587385
msmarco-passage-trec-dl-2020,1132532,unit,2048,2048,1237,811,37,20,2049,0.3422625830862671,0.0011896342039108276
msmarco-passage-trec-dl-2020,1132532,handoff64,128,128,62,66,5,5,8,0.0007649579783901572,0.00012558407615870237
msmarco-passage-trec-dl-2020,1132532,handoff64,256,256,119,137,12,12,123,0.016249999054707587,0.0025940374471247196
msmarco-passage-trec-dl-2020,1132532,handoff64,512,512,205,307,27,20,303,0.04622666607610881,0.006675992626696825
msmarco-passage-trec-dl-2020,1132532,handoff64,1024,1024,355,669,32,20,605,0.10550537402741611,0.0139127008151263
msmarco-passage-trec-dl-2020,1132532,handoff64,2048,2048,1237,811,37,20,705,0.12633049895521253,0.01630894560366869
msmarco-passage-trec-dl-2020,1132532,handoff,128,128,1,127,0,0,3,0.0001563329715281725,2.1332991309463978e-05
msmarco-passage-trec-dl-2020,1132532,handoff,256,256,119,137,12,12,7,0.0007443329086527228,0.00010966591071337461
msmarco-passage-trec-dl-2020,1132532,handoff,512,512,205,307,27,20,187,0.030959082883782685,0.004392629722133279
msmarco-passage-trec-dl-2020,1132532,handoff,1024,1024,355,669,32,20,489,0.09059437492396683,0.012226921739056706
msmarco-passage-trec-dl-2020,1132532,handoff,2048,2048,1237,811,37,20,578,0.1092995828948915,0.014721049461513758
msmarco-passage-trec-dl-2020,1132532,certificate-event,128,128,1,127,0,0,3,0.00016212498303502798,1.908303238451481e-05
msmarco-passage-trec-dl-2020,1132532,certificate-event,256,256,129,127,11,11,4,0.0003036670386791229,2.6041059754788876e-05
msmarco-passage-trec-dl-2020,1132532,certificate-event,512,512,200,312,27,20,32,0.0050167510053142905,0.0004204564029350877
msmarco-passage-trec-dl-2020,1132532,certificate-event,1024,1024,391,633,32,20,44,0.007341833901591599,0.0005946643650531769
msmarco-passage-trec-dl-2020,1132532,certificate-event,2048,2048,1237,811,37,20,52,0.009041833807714283,0.0007127475691959262
msmarco-passage-trec-dl-2020,1132532,balanced64,128,128,64,64,4,4,3,0.00016495899762958288,1.041102223098278e-06
msmarco-passage-trec-dl-2020,1132532,balanced64,256,256,128,128,11,11,5,0.00040666793938726187,1.6241101548075676e-06
msmarco-passage-trec-dl-2020,1132532,balanced64,512,512,256,256,20,20,9,0.0009655850008130074,2.6652123779058456e-06
msmarco-passage-trec-dl-2020,1132532,balanced64,1024,1024,512,512,32,20,17,0.0023299179738387465,4.956265911459923e-06
msmarco-passage-trec-dl-2020,1132532,balanced64,2048,2048,1024,1024,37,20,33,0.0054875429486855865,9.998446330428123e-06
msmarco-passage-trec-dl-2020,877809,pressure64,128,128,64,64,11,11,3,0.00023154099471867085,3.7084100767970085e-05
msmarco-passage-trec-dl-2020,877809,pressure64,256,256,128,128,20,20,5,0.0015844159061089158,0.0011050421744585037
msmarco-passage-trec-dl-2020,877809,pressure64,512,512,320,192,33,20,9,0.007427206845022738,0.0061982921324670315
msmarco-passage-trec-dl-2020,877809,pressure64,1024,1024,704,320,48,20,17,0.02425087383016944,0.021295000100508332
msmarco-passage-trec-dl-2020,877809,pressure64,2048,2048,768,1280,56,20,33,0.06853566586505622,0.06138116808142513
msmarco-passage-trec-dl-2020,877809,unit,128,128,62,66,11,11,129,0.009970042039640248,9.68382228165865e-05
msmarco-passage-trec-dl-2020,877809,unit,256,256,166,90,22,20,257,0.027725999942049384,0.0001682118745520711
msmarco-passage-trec-dl-2020,877809,unit,512,512,347,165,35,20,513,0.06858933391049504,0.0003073394764214754
msmarco-passage-trec-dl-2020,877809,unit,1024,1024,649,375,49,20,1025,0.16614900098647922,0.0006068709772080183
msmarco-passage-trec-dl-2020,877809,unit,2048,2048,737,1311,56,20,2049,0.3905245419591665,0.0012014887761324644
msmarco-passage-trec-dl-2020,877809,handoff64,128,128,64,64,11,11,4,0.00029604206793010235,4.1917082853615284e-05
msmarco-passage-trec-dl-2020,877809,handoff64,256,256,166,90,22,20,54,0.00858620903454721,0.001152959419414401
msmarco-passage-trec-dl-2020,877809,handoff64,512,512,347,165,35,20,186,0.03293833404313773,0.004242961178533733
msmarco-passage-trec-dl-2020,877809,handoff64,1024,1024,671,353,49,20,319,0.06112158403266221,0.0074830083176493645
msmarco-passage-trec-dl-2020,877809,handoff64,2048,2048,737,1311,56,20,466,0.0983962919563055,0.0112577989930287
msmarco-passage-trec-dl-2020,877809,handoff,128,128,1,127,1,1,3,0.00016383302863687277,2.174999099224806e-05
msmarco-passage-trec-dl-2020,877809,handoff,256,256,129,127,20,20,4,0.0003317079972475767,3.616698086261749e-05
msmarco-passage-trec-dl-2020,877809,handoff,512,512,347,165,35,20,70,0.01286191598046571,0.001555207883939147
msmarco-passage-trec-dl-2020,877809,handoff,1024,1024,697,327,48,20,202,0.040774081950075924,0.005113915423862636
msmarco-passage-trec-dl-2020,877809,handoff,2048,2048,737,1311,56,20,290,0.0633493319619447,0.007482045446522534
msmarco-passage-trec-dl-2020,877809,certificate-event,128,128,1,127,1,1,3,0.0001551249297335744,1.7583020962774754e-05
msmarco-passage-trec-dl-2020,877809,certificate-event,256,256,129,127,20,20,4,0.0003114999271929264,2.429110463708639e-05
msmarco-passage-trec-dl-2020,877809,certificate-event,512,512,348,164,35,20,19,0.0029327499214559793,0.00021870795171707869
msmarco-passage-trec-dl-2020,877809,certificate-event,1024,1024,719,305,48,20,34,0.0060620419681072235,0.00044795917347073555
msmarco-passage-trec-dl-2020,877809,certificate-event,2048,2048,719,1329,56,20,43,0.008207375998608768,0.0005861681420356035
msmarco-passage-trec-dl-2020,877809,balanced64,128,128,64,64,11,11,3,0.00017970893532037735,9.989598765969276e-07
msmarco-passage-trec-dl-2020,877809,balanced64,256,256,128,128,20,20,5,0.0004504589596763253,1.6648555174469948e-06
msmarco-passage-trec-dl-2020,877809,balanced64,512,512,256,256,30,20,9,0.0011129589984193444,2.4167820811271667e-06
msmarco-passage-trec-dl-2020,877809,balanced64,1024,1024,512,512,39,20,17,0.002612291951663792,4.582805559039116e-06
msmarco-passage-trec-dl-2020,877809,balanced64,2048,2048,1024,1024,53,20,33,0.006001458968967199,7.917522452771664e-06
msmarco-passage-trec-dl-2020,877809,blocker64,128,128,64,64,11,11,3,0.00018162489868700504,6.666872650384903e-06
msmarco-passage-trec-dl-2020,877809,blocker64,256,256,128,128,20,20,5,0.00046041689347475767,8.083879947662354e-06
msmarco-passage-trec-dl-2020,877809,blocker64,512,512,320,192,33,20,9,0.0011913339840248227,1.2250849977135658e-05
msmarco-passage-trec-dl-2020,877809,blocker64,1024,1024,704,320,48,20,17,0.0027490840293467045,1.8123770132660866e-05
msmarco-passage-trec-dl-2020,877809,blocker64,2048,2048,768,1280,56,20,33,0.006587209063582122,2.9498827643692493e-05
msmarco-passage-trec-dl-2020,1030303,blocker64,128,128,64,64,14,14,3,0.00020662497263401747,7.458147592842579e-06
msmarco-passage-trec-dl-2020,1030303,blocker64,256,256,128,128,23,20,5,0.0005099578993394971,9.000184945762157e-06
msmarco-passage-trec-dl-2020,1030303,blocker64,512,512,320,192,29,20,9,0.0012277079513296485,1.1167139746248722e-05
msmarco-passage-trec-dl-2020,1030303,blocker64,1024,1024,640,384,41,20,17,0.00279833294916898,1.6542035154998302e-05
msmarco-passage-trec-dl-2020,1030303,blocker64,2048,2048,1472,576,44,20,33,0.006097208010032773,2.7082744054496288e-05
msmarco-passage-trec-dl-2020,1030303,pressure64,128,128,64,64,14,14,3,0.00025533302687108517,4.129204899072647e-05
msmarco-passage-trec-dl-2020,1030303,pressure64,256,256,128,128,23,20,5,0.0020973749924451113,0.0015577921876683831
msmarco-passage-trec-dl-2020,1030303,pressure64,512,512,320,192,29,20,9,0.007960874936543405,0.006706582033075392
msmarco-passage-trec-dl-2020,1030303,pressure64,1024,1024,640,384,41,20,17,0.025029624928720295,0.02206124900840223
msmarco-passage-trec-dl-2020,1030303,pressure64,2048,2048,1472,576,44,20,33,0.06495149992406368,0.05831462063360959
msmarco-passage-trec-dl-2020,1030303,unit,128,128,71,57,14,14,129,0.010498416959308088,8.929846808314323e-05
msmarco-passage-trec-dl-2020,1030303,unit,256,256,143,113,24,20,257,0.028099791961722076,0.00016213476192206144
msmarco-passage-trec-dl-2020,1030303,unit,512,512,308,204,30,20,513,0.0684028749819845,0.0003099249443039298
msmarco-passage-trec-dl-2020,1030303,unit,1024,1024,673,351,41,20,1025,0.16052787494845688,0.0005980547284707427
msmarco-passage-trec-dl-2020,1030303,unit,2048,2048,1519,529,44,20,2049,0.3583119169343263,0.0011586914770305157
msmarco-passage-trec-dl-2020,1030303,handoff64,128,128,64,64,14,14,11,0.001065207994543016,0.00020012585446238518
msmarco-passage-trec-dl-2020,1030303,handoff64,256,256,143,113,24,20,111,0.017539958003908396,0.002481124713085592
msmarco-passage-trec-dl-2020,1030303,handoff64,512,512,308,204,30,20,294,0.05019016598816961,0.006655828095972538
msmarco-passage-trec-dl-2020,1030303,handoff64,1024,1024,673,351,41,20,595,0.11207983293570578,0.013895126292482018
msmarco-passage-trec-dl-2020,1030303,handoff64,2048,2048,1519,529,44,20,953,0.1907497919164598,0.02267719421070069
msmarco-passage-trec-dl-2020,1030303,handoff,128,128,1,127,0,0,3,0.0001611249754205346,2.2041029296815395e-05
msmarco-passage-trec-dl-2020,1030303,handoff,256,256,129,127,23,20,20,0.0028051668778061867,0.00038000079803168774
msmarco-passage-trec-dl-2020,1030303,handoff,512,512,308,204,30,20,176,0.031201250851154327,0.004178618313744664
msmarco-passage-trec-dl-2020,1030303,handoff,1024,1024,673,351,41,20,477,0.09360975085292011,0.01200069987680763
msmarco-passage-trec-dl-2020,1030303,handoff,2048,2048,1519,529,44,20,835,0.17287612578365952,0.021874408470466733
msmarco-passage-trec-dl-2020,1030303,certificate-event,128,128,1,127,0,0,3,0.00015608395915478468,1.7750076949596405e-05
msmarco-passage-trec-dl-2020,1030303,certificate-event,256,256,129,127,23,20,20,0.002568000927567482,0.00020370748825371265
msmarco-passage-trec-dl-2020,1030303,certificate-event,512,512,309,203,30,20,32,0.004745416925288737,0.0003641233779489994
msmarco-passage-trec-dl-2020,1030303,certificate-event,1024,1024,689,335,41,20,55,0.009293082868680358,0.0007059533381834626
msmarco-passage-trec-dl-2020,1030303,certificate-event,2048,2048,1625,423,44,20,62,0.010766124818474054,0.0008100372506305575
msmarco-passage-trec-dl-2020,1030303,balanced64,128,128,64,64,14,14,3,0.0001872499706223607,1.08394306153059e-06
msmarco-passage-trec-dl-2020,1030303,balanced64,256,256,128,128,23,20,5,0.00047099997755140066,1.708976924419403e-06
msmarco-passage-trec-dl-2020,1030303,balanced64,512,512,256,256,28,20,9,0.0011132919462397695,2.7511268854141235e-06
msmarco-passage-trec-dl-2020,1030303,balanced64,1024,1024,512,512,39,20,17,0.002620791899971664,4.9172667786479e-06
msmarco-passage-trec-dl-2020,1030303,balanced64,2048,2048,1024,1024,44,20,33,0.005857416894286871,9.293435141444206e-06
msmarco-passage-trec-dl-2020,911232,balanced64,128,128,64,64,15,15,3,0.00020520808175206184,1.125037670135498e-06
msmarco-passage-trec-dl-2020,911232,balanced64,256,256,128,128,18,18,5,0.000491999089717865,1.8749851733446121e-06
msmarco-passage-trec-dl-2020,911232,balanced64,512,512,256,256,19,19,9,0.0010697910329326987,2.9579969123005867e-06
msmarco-passage-trec-dl-2020,911232,balanced64,1024,1024,512,512,22,20,17,0.0023580410052090883,5.373964086174965e-06
msmarco-passage-trec-dl-2020,911232,balanced64,2048,2048,1024,1024,27,20,33,0.005127707961946726,1.099705696105957e-05
msmarco-passage-trec-dl-2020,911232,blocker64,128,128,64,64,15,15,3,0.0001938749337568879,8.415896445512772e-06
msmarco-passage-trec-dl-2020,911232,blocker64,256,256,128,128,18,18,5,0.00046854186803102493,1.0165851563215256e-05
msmarco-passage-trec-dl-2020,911232,blocker64,512,512,256,256,19,19,9,0.001048457925207913,1.2749689631164074e-05
msmarco-passage-trec-dl-2020,911232,blocker64,1024,1024,384,640,24,20,17,0.002459623967297375,2.3374799638986588e-05
msmarco-passage-trec-dl-2020,911232,blocker64,2048,2048,576,1472,27,20,33,0.005285914987325668,3.6124722100794315e-05
msmarco-passage-trec-dl-2020,911232,pressure64,128,128,64,64,15,15,3,0.00022712501231580973,3.587501123547554e-05
msmarco-passage-trec-dl-2020,911232,pressure64,256,256,128,128,18,18,5,0.002084417035803199,0.0016048329416662455
msmarco-passage-trec-dl-2020,911232,pressure64,512,512,256,256,19,19,9,0.006621374981477857,0.005466081900522113
msmarco-passage-trec-dl-2020,911232,pressure64,1024,1024,384,640,24,20,17,0.016680208034813404,0.014221915742382407
msmarco-passage-trec-dl-2020,911232,pressure64,2048,2048,704,1344,27,20,33,0.04223212494980544,0.0367581247119233
msmarco-passage-trec-dl-2020,911232,unit,128,128,68,60,15,15,129,0.010542458039708436,7.783551700413227e-05
msmarco-passage-trec-dl-2020,911232,unit,256,256,137,119,18,18,257,0.027404458029195666,0.00015020568389445543
msmarco-passage-trec-dl-2020,911232,unit,512,512,281,231,19,19,513,0.06216020800638944,0.0002928776666522026
msmarco-passage-trec-dl-2020,911232,unit,1024,1024,322,702,24,20,1025,0.13685250002890825,0.0005764272063970566
msmarco-passage-trec-dl-2020,911232,unit,2048,2048,528,1520,27,20,2049,0.3006649590097368,0.0011454682098701596
msmarco-passage-trec-dl-2020,911232,handoff64,128,128,64,64,15,15,14,0.0014447920257225633,0.00025450089015066624
msmarco-passage-trec-dl-2020,911232,handoff64,256,256,137,119,18,18,126,0.01858429203275591,0.0027372956974431872
msmarco-passage-trec-dl-2020,911232,handoff64,512,512,281,231,19,19,350,0.05483687506057322,0.007935212808661163
msmarco-passage-trec-dl-2020,911232,handoff64,1024,1024,322,702,24,20,420,0.0662387910997495,0.009507043519988656
msmarco-passage-trec-dl-2020,911232,handoff64,2048,2048,528,1520,27,20,648,0.10840158211067319,0.014849034138023853
msmarco-passage-trec-dl-2020,911232,handoff,128,128,1,127,0,0,3,0.00015112501569092274,2.174999099224806e-05
msmarco-passage-trec-dl-2020,911232,handoff,256,256,129,127,18,18,16,0.0019815840059891343,0.00030570931266993284
msmarco-passage-trec-dl-2020,911232,handoff,512,512,281,231,19,19,225,0.03502762597054243,0.0051828344585374
msmarco-passage-trec-dl-2020,911232,handoff,1024,1024,322,702,24,20,290,0.045782709028571844,0.006820212467573583
msmarco-passage-trec-dl-2020,911232,handoff,2048,2048,528,1520,27,20,514,0.08840741799212992,0.012763912440277636
msmarco-passage-trec-dl-2020,911232,certificate-event,128,128,1,127,0,0,3,0.00014633301179856062,1.7874990589916706e-05
msmarco-passage-trec-dl-2020,911232,certificate-event,256,256,129,127,18,18,16,0.001854998990893364,0.00017287605442106724
msmarco-passage-trec-dl-2020,911232,certificate-event,512,512,238,274,19,19,19,0.0023162909783422947,0.00020604301244020462
msmarco-passage-trec-dl-2020,911232,certificate-event,1024,1024,651,373,20,20,21,0.0026459579821676016,0.00022937601897865534
msmarco-passage-trec-dl-2020,911232,certificate-event,2048,2048,651,1397,27,20,28,0.003861374920234084,0.0003320840187370777
msmarco-passage-trec-dl-2020,768208,pressure64,128,128,64,64,10,10,3,0.0002324999077245593,3.966607619076967e-05
msmarco-passage-trec-dl-2020,768208,pressure64,256,256,128,128,12,12,5,0.001629832899197936,0.001149000134319067
msmarco-passage-trec-dl-2020,768208,pressure64,512,512,256,256,14,14,9,0.004927707952447236,0.0038860421627759933
msmarco-passage-trec-dl-2020,768208,pressure64,1024,1024,320,704,14,14,17,0.011917123920284212,0.009736252017319202
msmarco-passage-trec-dl-2020,768208,pressure64,2048,2048,512,1536,15,15,33,0.026905248989351094,0.022377168177627027
msmarco-passage-trec-dl-2020,768208,unit,128,128,59,69,10,10,129,0.01019233395345509,7.875554729253054e-05
msmarco-passage-trec-dl-2020,768208,unit,256,256,111,145,12,12,257,0.025179666932672262,0.00014799833297729492
msmarco-passage-trec-dl-2020,768208,unit,512,512,194,318,14,14,513,0.056713750935159624,0.0002868777373805642
msmarco-passage-trec-dl-2020,768208,unit,1024,1024,272,752,14,14,1025,0.12195545888971537,0.0005644781049340963
msmarco-passage-trec-dl-2020,768208,unit,2048,2048,430,1618,15,15,2049,0.25962725083809346,0.0011325752129778266
msmarco-passage-trec-dl-2020,768208,handoff64,128,128,59,69,10,10,16,0.0017614169046282768,0.00027820898685604334
msmarco-passage-trec-dl-2020,768208,handoff64,256,256,111,145,12,12,104,0.014097916893661022,0.0022296301322057843
msmarco-passage-trec-dl-2020,768208,handoff64,512,512,194,318,14,14,234,0.03281287488061935,0.005052720080129802
msmarco-passage-trec-dl-2020,768208,handoff64,1024,1024,272,752,14,14,391,0.05634787492454052,0.008537803078070283
msmarco-passage-trec-dl-2020,768208,handoff64,2048,2048,430,1618,15,15,559,0.08280508394818753,0.012390918680466712
msmarco-passage-trec-dl-2020,768208,handoff,128,128,1,127,0,0,3,0.00017095799557864666,2.6708119548857212e-05
msmarco-passage-trec-dl-2020,768208,handoff,256,256,111,145,12,12,19,0.0023789169499650598,0.00035804288927465677
msmarco-passage-trec-dl-2020,768208,handoff,512,512,194,318,14,14,149,0.02156991697847843,0.0034383806632831693
msmarco-passage-trec-dl-2020,768208,handoff,1024,1024,272,752,14,14,305,0.04564358398783952,0.007303291000425816
msmarco-passage-trec-dl-2020,768208,handoff,2048,2048,430,1618,15,15,467,0.07150395901408046,0.011641838354989886
msmarco-passage-trec-dl-2020,768208,certificate-event,128,128,1,127,0,0,3,0.00014566699974238873,1.8834020011126995e-05
msmarco-passage-trec-dl-2020,768208,certificate-event,256,256,129,127,12,12,6,0.0004960839869454503,5.125009920448065e-05
msmarco-passage-trec-dl-2020,768208,certificate-event,512,512,129,383,14,14,9,0.000943208928219974,8.462416008114815e-05
msmarco-passage-trec-dl-2020,768208,certificate-event,1024,1024,500,524,14,14,11,0.001237500924617052,0.00010704109445214272
msmarco-passage-trec-dl-2020,768208,certificate-event,2048,2048,500,1548,15,15,13,0.0015435009263455868,0.00012929015792906284
msmarco-passage-trec-dl-2020,768208,balanced64,128,128,64,64,10,10,3,0.0001707079354673624,1.1658994480967522e-06
msmarco-passage-trec-dl-2020,768208,balanced64,256,256,128,128,12,12,5,0.00040804187301546335,1.6668345779180527e-06
msmarco-passage-trec-dl-2020,768208,balanced64,512,512,256,256,14,14,9,0.0009127918165177107,2.5847693905234337e-06
msmarco-passage-trec-dl-2020,768208,balanced64,1024,1024,512,512,14,14,17,0.002008916810154915,5.832756869494915e-06
msmarco-passage-trec-dl-2020,768208,balanced64,2048,2048,1024,1024,15,15,33,0.0041919167852029204,1.0376563295722008e-05
msmarco-passage-trec-dl-2020,768208,blocker64,128,128,64,64,10,10,3,0.00018262502271682024,7.792026735842228e-06
msmarco-passage-trec-dl-2020,768208,blocker64,256,256,128,128,12,12,5,0.0004271250218153,9.33394767343998e-06
msmarco-passage-trec-dl-2020,768208,blocker64,512,512,192,320,14,14,9,0.0009777089580893517,1.1708936654031277e-05
msmarco-passage-trec-dl-2020,768208,blocker64,1024,1024,320,704,14,14,17,0.0020396249601617455,1.7374870367348194e-05
msmarco-passage-trec-dl-2020,768208,blocker64,2048,2048,448,1600,15,15,33,0.004213083069771528,2.5667715817689896e-05
msmarco-passage-trec-dl-2020,169208,handoff,128,128,1,127,0,0,3,0.00018674996681511402,2.712593413889408e-05
msmarco-passage-trec-dl-2020,169208,handoff,256,256,112,144,25,20,11,0.0015891670482233167,0.0002110847271978855
msmarco-passage-trec-dl-2020,169208,handoff,512,512,256,256,35,20,81,0.015442542033270001,0.0018116746796295047
msmarco-passage-trec-dl-2020,169208,handoff,1024,1024,512,512,38,20,425,0.0875658750301227,0.010610143770463765
msmarco-passage-trec-dl-2020,169208,handoff,2048,2048,832,1216,42,20,1012,0.21952162496745586,0.02696627762634307
msmarco-passage-trec-dl-2020,169208,certificate-event,128,128,1,127,0,0,3,0.0001628330210223794,1.8957071006298065e-05
msmarco-passage-trec-dl-2020,169208,certificate-event,256,256,129,127,25,20,10,0.0013486659154295921,0.00011066603474318981
msmarco-passage-trec-dl-2020,169208,certificate-event,512,512,302,210,35,20,17,0.002658582874573767,0.0002045829314738512
msmarco-passage-trec-dl-2020,169208,certificate-event,1024,1024,512,512,38,20,23,0.003993498859927058,0.00031604175455868244
msmarco-passage-trec-dl-2020,169208,certificate-event,2048,2048,797,1251,42,20,29,0.0053156239446252584,0.00040362472645938396
msmarco-passage-trec-dl-2020,169208,balanced64,128,128,64,64,11,11,3,0.00018404191359877586,9.579816833138466e-07
msmarco-passage-trec-dl-2020,169208,balanced64,256,256,128,128,25,20,5,0.00046862487215548754,1.5409896150231361e-06
msmarco-passage-trec-dl-2020,169208,balanced64,512,512,256,256,35,20,9,0.00117508287075907,2.4990877136588097e-06
msmarco-passage-trec-dl-2020,169208,balanced64,1024,1024,512,512,38,20,17,0.002674332819879055,5.081295967102051e-06
msmarco-passage-trec-dl-2020,169208,balanced64,2048,2048,1024,1024,41,20,33,0.006045123795047402,1.0246294550597668e-05
msmarco-passage-trec-dl-2020,169208,blocker64,128,128,64,64,11,11,3,0.00019024999346584082,7.2499969974160194e-06
msmarco-passage-trec-dl-2020,169208,blocker64,256,256,128,128,25,20,5,0.00047850003466010094,8.666887879371643e-06
msmarco-passage-trec-dl-2020,169208,blocker64,512,512,256,256,35,20,9,0.0012146669905632734,1.1124764569103718e-05
msmarco-passage-trec-dl-2020,169208,blocker64,1024,1024,512,512,38,20,17,0.0028589590219780803,2.0750914700329304e-05
msmarco-passage-trec-dl-2020,169208,blocker64,2048,2048,832,1216,42,20,33,0.00607787596527487,2.9210234060883522e-05
msmarco-passage-trec-dl-2020,169208,pressure64,128,128,64,64,11,11,3,0.0002085419837385416,3.400002606213093e-05
msmarco-passage-trec-dl-2020,169208,pressure64,256,256,128,128,25,20,5,0.001766083063557744,0.0012627500109374523
msmarco-passage-trec-dl-2020,169208,pressure64,512,512,256,256,35,20,9,0.008308708085678518,0.007069041836075485
msmarco-passage-trec-dl-2020,169208,pressure64,1024,1024,512,512,38,20,17,0.023777208058163524,0.02084625093266368
msmarco-passage-trec-dl-2020,169208,pressure64,2048,2048,896,1152,42,20,33,0.05733883299399167,0.05087812396232039
msmarco-passage-trec-dl-2020,169208,unit,128,128,63,65,13,13,129,0.00956558296456933,7.449579425156116e-05
msmarco-passage-trec-dl-2020,169208,unit,256,256,111,145,25,20,257,0.027528623933903873,0.00014329468831419945
msmarco-passage-trec-dl-2020,169208,unit,512,512,256,256,35,20,513,0.07079991593491286,0.0002845057751983404
msmarco-passage-trec-dl-2020,169208,unit,1024,1024,512,512,38,20,1025,0.16477591590955853,0.0005948393372818828
msmarco-passage-trec-dl-2020,169208,unit,2048,2048,832,1216,42,20,2049,0.3634756659157574,0.0011822347296401858
msmarco-passage-trec-dl-2020,169208,handoff64,128,128,64,64,11,11,5,0.00035954208578914404,5.362497176975012e-05
msmarco-passage-trec-dl-2020,169208,handoff64,256,256,111,145,25,20,78,0.012278626090846956,0.001681498484686017
msmarco-passage-trec-dl-2020,169208,handoff64,512,512,256,256,35,20,148,0.026281335158273578,0.003288459498435259
msmarco-passage-trec-dl-2020,169208,handoff64,1024,1024,512,512,38,20,492,0.0969665851444006,0.011315164854750037
msmarco-passage-trec-dl-2020,169208,handoff64,2048,2048,832,1216,42,20,1081,0.2266271262196824,0.02586111717391759
msmarco-passage-trec-dl-2020,156498,certificate-event,128,128,1,127,0,0,3,0.00018808292225003242,2.195884007960558e-05
msmarco-passage-trec-dl-2020,156498,certificate-event,256,256,129,127,14,14,10,0.0012152078561484814,0.00011345790699124336
msmarco-passage-trec-dl-2020,156498,certificate-event,512,512,249,263,26,20,23,0.003413291764445603,0.0002862488618120551
msmarco-passage-trec-dl-2020,156498,certificate-event,1024,1024,428,596,33,20,29,0.004751999746076763,0.00037795770913362503
msmarco-passage-trec-dl-2020,156498,certificate-event,2048,2048,428,1620,40,20,37,0.006514624692499638,0.0004984586266800761
msmarco-passage-trec-dl-2020,156498,balanced64,128,128,64,64,9,9,3,0.00017379107885062695,1.0409858077764511e-06
msmarco-passage-trec-dl-2020,156498,balanced64,256,256,128,128,14,14,5,0.0004277911502867937,1.6659032553434372e-06
msmarco-passage-trec-dl-2020,156498,balanced64,512,512,256,256,26,20,9,0.0010601661633700132,2.625049091875553e-06
msmarco-passage-trec-dl-2020,156498,balanced64,1024,1024,512,512,31,20,17,0.002480291179381311,4.792003892362118e-06
msmarco-passage-trec-dl-2020,156498,balanced64,2048,2048,1024,1024,37,20,33,0.005663875141181052,1.0123010724782944e-05
msmarco-passage-trec-dl-2020,156498,blocker64,128,128,64,64,9,9,3,0.0001824999926611781,7.708906196057796e-06
msmarco-passage-trec-dl-2020,156498,blocker64,256,256,128,128,14,14,5,0.0004369160160422325,9.249895811080933e-06
msmarco-passage-trec-dl-2020,156498,blocker64,512,512,256,256,26,20,9,0.0010677489917725325,1.1583906598389149e-05
msmarco-passage-trec-dl-2020,156498,blocker64,1024,1024,448,576,33,20,17,0.002495415974408388,1.679093111306429e-05
msmarco-passage-trec-dl-2020,156498,blocker64,2048,2048,448,1600,40,20,33,0.005649831960909069,2.4664797820150852e-05
msmarco-passage-trec-dl-2020,156498,pressure64,128,128,64,64,9,9,3,0.0002049170434474945,3.5375007428228855e-05
msmarco-passage-trec-dl-2020,156498,pressure64,256,256,128,128,14,14,5,0.00138850009534508,0.0009674590546637774
msmarco-passage-trec-dl-2020,156498,pressure64,512,512,256,256,26,20,9,0.006093708099797368,0.0049862919840961695
msmarco-passage-trec-dl-2020,156498,pressure64,1024,1024,448,576,33,20,17,0.01921400020364672,0.016551292152144015
msmarco-passage-trec-dl-2020,156498,pressure64,2048,2048,448,1600,40,20,33,0.05087087524589151,0.04476179275661707
msmarco-passage-trec-dl-2020,156498,unit,128,128,73,55,9,9,129,0.009589083027094603,7.263058796525002e-05
msmarco-passage-trec-dl-2020,156498,unit,256,256,136,120,16,16,257,0.024791667005047202,0.0001447921385988593
msmarco-passage-trec-dl-2020,156498,unit,512,512,256,256,26,20,513,0.06311625090893358,0.00029363459907472134
msmarco-passage-trec-dl-2020,156498,unit,1024,1024,417,607,33,20,1025,0.15090950089506805,0.0005824245745316148
msmarco-passage-trec-dl-2020,156498,unit,2048,2048,425,1623,40,20,2049,0.3490713338833302,0.0011556517565622926
msmarco-passage-trec-dl-2020,156498,handoff64,128,128,64,64,9,9,8,0.0007463329238817096,0.0001299170544371009
msmarco-passage-trec-dl-2020,156498,handoff64,256,256,136,120,16,16,85,0.011800582869909704,0.0018110856181010604
msmarco-passage-trec-dl-2020,156498,handoff64,512,512,256,256,26,20,250,0.040498457849025726,0.0055546247167512774
msmarco-passage-trec-dl-2020,156498,handoff64,1024,1024,418,606,33,20,345,0.05882037489209324,0.007837291806936264
msmarco-passage-trec-dl-2020,156498,handoff64,2048,2048,425,1623,40,20,378,0.06631533289328218,0.008620919077657163
msmarco-passage-trec-dl-2020,156498,handoff,128,128,1,127,0,0,3,0.00017404207028448582,2.3709028027951717e-05
msmarco-passage-trec-dl-2020,156498,handoff,256,256,129,127,14,14,10,0.0012089591473340988,0.00017725082580000162
msmarco-passage-trec-dl-2020,156498,handoff,512,512,256,256,26,20,162,0.028352751163765788,0.003837868105620146
msmarco-passage-trec-dl-2020,156498,handoff,1024,1024,418,606,33,20,253,0.046109501156024635,0.006272496422752738
msmarco-passage-trec-dl-2020,156498,handoff,2048,2048,425,1623,40,20,274,0.05113158514723182,0.0069050355814397335
msmarco-passage-trec-dl-2020,42255,pressure64,128,128,64,64,8,8,3,0.0002120420103892684,3.55839729309082e-05
msmarco-passage-trec-dl-2020,42255,pressure64,256,256,128,128,15,15,5,0.0012000839924439788,0.0007743749301880598
msmarco-passage-trec-dl-2020,42255,pressure64,512,512,256,256,27,20,9,0.004827875993214548,0.003782249055802822
msmarco-passage-trec-dl-2020,42255,pressure64,1024,1024,512,512,34,20,17,0.017742960015311837,0.01513403991702944
msmarco-passage-trec-dl-2020,42255,pressure64,2048,1856,704,1152,100,20,30,0.05050366895738989,0.0446399588836357
msmarco-passage-trec-dl-2020,42255,unit,128,128,64,64,8,8,129,0.009302792022936046,9.441294241696596e-05
msmarco-passage-trec-dl-2020,42255,unit,256,256,128,128,15,15,257,0.024242125102318823,0.00015796208754181862
msmarco-passage-trec-dl-2020,42255,unit,512,512,237,275,28,20,513,0.06059154204558581,0.0003073749830946326
msmarco-passage-trec-dl-2020,42255,unit,1024,1024,468,556,36,20,1025,0.1448853340698406,0.0006000337889418006
msmarco-passage-trec-dl-2020,42255,unit,2048,1791,642,1149,100,20,1792,0.30105533404275775,0.0010459038894623518
msmarco-passage-trec-dl-2020,42255,handoff64,128,128,64,64,8,8,5,0.00034858298022300005,6.28759153187275e-05
msmarco-passage-trec-dl-2020,42255,handoff64,256,256,128,128,15,15,92,0.012776999967172742,0.0019639224046841264
msmarco-passage-trec-dl-2020,42255,handoff64,512,512,237,275,28,20,267,0.04189233295619488,0.0059739978751167655
msmarco-passage-trec-dl-2020,42255,handoff64,1024,1024,468,556,36,20,623,0.10925945802591741,0.014439656515605748
msmarco-passage-trec-dl-2020,42255,handoff64,2048,1801,642,1159,100,20,643,0.11408654204569757,0.014936822466552258
msmarco-passage-trec-dl-2020,42255,handoff,128,128,1,127,0,0,3,0.00016154104378074408,2.1792016923427582e-05
msmarco-passage-trec-dl-2020,42255,handoff,256,256,129,127,15,15,5,0.000418415991589427,5.5958982557058334e-05
msmarco-passage-trec-dl-2020,42255,handoff,512,512,237,275,28,20,179,0.0291667910059914,0.004214955377392471
msmarco-passage-trec-dl-2020,42255,handoff,1024,1024,468,556,36,20,535,0.09701120806857944,0.013347843196243048
msmarco-passage-trec-dl-2020,42255,handoff,2048,1821,642,1179,100,20,550,0.10065291705541313,0.01376380305737257
msmarco-passage-trec-dl-2020,42255,certificate-event,128,128,1,127,0,0,3,0.00014804198872298002,1.7623999156057835e-05
msmarco-passage-trec-dl-2020,42255,certificate-event,256,256,129,127,15,15,5,0.0003919589798897505,3.6999001167714596e-05
msmarco-passage-trec-dl-2020,42255,certificate-event,512,512,223,289,27,20,24,0.0033624169882386923,0.0002702906494960189
msmarco-passage-trec-dl-2020,42255,certificate-event,1024,1024,459,565,36,20,37,0.005938542075455189,0.00047887186519801617
msmarco-passage-trec-dl-2020,42255,certificate-event,2048,1821,642,1179,100,20,51,0.0092495420249179,0.0007277457043528557
msmarco-passage-trec-dl-2020,42255,balanced64,128,128,64,64,8,8,3,0.00017904199194163084,1.166015863418579e-06
msmarco-passage-trec-dl-2020,42255,balanced64,256,256,128,128,15,15,5,0.00042391696479171515,1.7499551177024841e-06
msmarco-passage-trec-dl-2020,42255,balanced64,512,512,256,256,27,20,9,0.0010351259261369705,2.7909409254789352e-06
msmarco-passage-trec-dl-2020,42255,balanced64,1024,1024,512,512,34,20,17,0.002473458996973932,5.204579792916775e-06
msmarco-passage-trec-dl-2020,42255,balanced64,2048,2048,1024,1024,46,20,33,0.005758542916737497,1.0372605174779892e-05
msmarco-passage-trec-dl-2020,42255,blocker64,128,128,64,64,8,8,3,0.0001848749816417694,8.459086529910564e-06
msmarco-passage-trec-dl-2020,42255,blocker64,256,256,128,128,15,15,5,0.0005126249743625522,1.1168071068823338e-05
msmarco-passage-trec-dl-2020,42255,blocker64,512,512,256,256,27,20,9,0.0011744999792426825,1.5292898751795292e-05
msmarco-passage-trec-dl-2020,42255,blocker64,1024,1024,448,576,35,20,17,0.002553249942138791,2.1626939997076988e-05
msmarco-passage-trec-dl-2020,42255,blocker64,2048,1856,704,1152,100,20,30,0.005388916004449129,2.842000685632229e-05
msmarco-passage-trec-dl-2020,1037496,handoff,128,128,1,127,0,0,3,0.0002147079212591052,4.8001063987612724e-05
msmarco-passage-trec-dl-2020,1037496,handoff,256,256,129,127,28,20,18,0.002697498886846006,0.0003831651993095875
msmarco-passage-trec-dl-2020,1037496,handoff,512,512,281,231,51,20,32,0.005518457968719304,0.0007117901695892215
msmarco-passage-trec-dl-2020,1037496,handoff,1024,1024,628,396,56,20,367,0.08491666696500033,0.009416820365004241
msmarco-passage-trec-dl-2020,1037496,handoff,2048,2048,1405,643,58,20,861,0.20799391705077142,0.023118653101846576
msmarco-passage-trec-dl-2020,1037496,certificate-event,128,128,1,127,0,0,3,0.0001842499477788806,2.1333922632038593e-05
msmarco-passage-trec-dl-2020,1037496,certificate-event,256,256,129,127,28,20,18,0.0026577080134302378,0.0002182507887482643
msmarco-passage-trec-dl-2020,1037496,certificate-event,512,512,281,231,51,20,32,0.0054182501044124365,0.00041158555541187525
msmarco-passage-trec-dl-2020,1037496,certificate-event,1024,1024,683,341,56,20,43,0.007911666063591838,0.000578460399992764
msmarco-passage-trec-dl-2020,1037496,certificate-event,2048,2048,1618,430,58,20,47,0.008857207023538649,0.0006375444354489446
msmarco-passage-trec-dl-2020,1037496,balanced64,128,128,64,64,24,20,3,0.00019625003915280104,1.209089532494545e-06
msmarco-passage-trec-dl-2020,1037496,balanced64,256,256,128,128,28,20,5,0.0005135419778525829,1.7920974642038345e-06
msmarco-passage-trec-dl-2020,1037496,balanced64,512,512,256,256,46,20,9,0.0014144169399514794,4.083034582436085e-06
msmarco-passage-trec-dl-2020,1037496,balanced64,1024,1024,512,512,56,20,17,0.003207125933840871,6.417045369744301e-06
msmarco-passage-trec-dl-2020,1037496,balanced64,2048,2048,1024,1024,58,20,33,0.0068423759657889605,9.794021025300026e-06
msmarco-passage-trec-dl-2020,1037496,blocker64,128,128,64,64,24,20,3,0.0001971670426428318,7.00005330145359e-06
msmarco-passage-trec-dl-2020,1037496,blocker64,256,256,128,128,28,20,5,0.0005024170968681574,8.499948307871819e-06
msmarco-passage-trec-dl-2020,1037496,blocker64,512,512,256,256,46,20,9,0.0012408330803737044,1.0834075510501862e-05
msmarco-passage-trec-dl-2020,1037496,blocker64,1024,1024,640,384,56,20,17,0.002947417087852955,1.550186425447464e-05
msmarco-passage-trec-dl-2020,1037496,blocker64,2048,2048,1408,640,58,20,33,0.006781751057133079,2.7835951186716557e-05
msmarco-passage-trec-dl-2020,1037496,pressure64,128,128,64,64,24,20,3,0.00025995797477662563,3.587605897337198e-05
msmarco-passage-trec-dl-2020,1037496,pressure64,256,256,128,128,28,20,5,0.0030302489176392555,0.0024874601513147354
msmarco-passage-trec-dl-2020,1037496,pressure64,512,512,256,256,46,20,9,0.011285706888884306,0.009920458076521754
msmarco-passage-trec-dl-2020,1037496,pressure64,1024,1024,576,448,56,20,17,0.035318748909048736,0.032047290820628405
msmarco-passage-trec-dl-2020,1037496,pressure64,2048,2048,1024,1024,58,20,33,0.08663241588510573,0.07939433003775775
msmarco-passage-trec-dl-2020,1037496,unit,128,128,64,64,24,20,129,0.009847000008448958,7.374270353466272e-05
msmarco-passage-trec-dl-2020,1037496,unit,256,256,145,111,29,20,257,0.029192375019192696,0.00014840520452708006
msmarco-passage-trec-dl-2020,1037496,unit,512,512,292,220,51,20,513,0.07636049995198846,0.0002972731599584222
msmarco-passage-trec-dl-2020,1037496,unit,1024,1024,628,396,56,20,1025,0.1847902499139309,0.0005937439855188131
msmarco-passage-trec-dl-2020,1037496,unit,2048,2048,1405,643,58,20,2049,0.41031145793385804,0.0012253046734258533
msmarco-passage-trec-dl-2020,1037496,handoff64,128,128,64,64,24,20,14,0.0016424170462414622,0.0002449997700750828
msmarco-passage-trec-dl-2020,1037496,handoff64,256,256,145,111,29,20,85,0.013531042030081153,0.0017928743036463857
msmarco-passage-trec-dl-2020,1037496,handoff64,512,512,281,231,51,20,104,0.017478208988904953,0.002251207595691085
msmarco-passage-trec-dl-2020,1037496,handoff64,1024,1024,628,396,56,20,439,0.09577420901041478,0.010375613579526544
msmarco-passage-trec-dl-2020,1037496,handoff64,2048,2048,1405,643,58,20,933,0.21518287505023181,0.022416811319999397
msmarco-passage-trec-dl-2020,405163,handoff,128,128,1,127,0,0,3,0.0001726670889183879,2.479099202901125e-05
msmarco-passage-trec-dl-2020,405163,handoff,256,256,128,128,6,6,7,0.0006790421903133392,0.00010183197446167469
msmarco-passage-trec-dl-2020,405163,handoff,512,512,256,256,6,6,183,0.02308729209471494,0.004013039288111031
msmarco-passage-trec-dl-2020,405163,handoff,1024,1024,512,512,8,8,531,0.07218883407767862,0.012374876881949604
msmarco-passage-trec-dl-2020,405163,handoff,2048,2048,1020,1028,10,10,1278,0.1892185010947287,0.03214161831419915
msmarco-passage-trec-dl-2020,405163,certificate-event,128,128,1,127,0,0,3,0.00014958297833800316,1.791701652109623e-05
msmarco-passage-trec-dl-2020,405163,certificate-event,256,256,129,127,6,6,4,0.0002673750277608633,2.475001383572817e-05
msmarco-passage-trec-dl-2020,405163,certificate-event,512,512,227,285,6,6,6,0.0005287920357659459,4.562607500702143e-05
msmarco-passage-trec-dl-2020,405163,certificate-event,1024,1024,604,420,8,8,10,0.001069582998752594,9.466800838708878e-05
msmarco-passage-trec-dl-2020,405163,certificate-event,2048,2048,1382,666,9,9,13,0.001526791020296514,0.0001335010165348649
msmarco-passage-trec-dl-2020,405163,balanced64,128,128,64,64,3,3,3,0.00014841696247458458,1.1669471859931946e-06
msmarco-passage-trec-dl-2020,405163,balanced64,256,256,128,128,6,6,5,0.00035258394200354815,1.7080456018447876e-06
msmarco-passage-trec-dl-2020,405163,balanced64,512,512,256,256,6,6,9,0.000792583916336298,2.584070898592472e-06
msmarco-passage-trec-dl-2020,405163,balanced64,1024,1024,512,512,8,8,17,0.0017519999528303742,4.7531211748719215e-06
msmarco-passage-trec-dl-2020,405163,balanced64,2048,2048,1024,1024,10,10,33,0.0038825840456411242,8.293427526950836e-06
msmarco-passage-trec-dl-2020,405163,blocker64,128,128,64,64,3,3,3,0.00014983408618718386,6.4158812165260315e-06
msmarco-passage-trec-dl-2020,405163,blocker64,256,256,128,128,6,6,5,0.0003498760052025318,7.748836651444435e-06
msmarco-passage-trec-dl-2020,405163,blocker64,512,512,256,256,6,6,9,0.0008566260803490877,1.1791940778493881e-05
msmarco-passage-trec-dl-2020,405163,blocker64,1024,1024,512,512,8,8,17,0.001811876194551587,1.7917947843670845e-05
msmarco-passage-trec-dl-2020,405163,blocker64,2048,2048,1024,1024,10,10,33,0.003972167149186134,2.6750843971967697e-05
msmarco-passage-trec-dl-2020,405163,pressure64,128,128,64,64,3,3,3,0.0001902909716591239,3.462505992501974e-05
msmarco-passage-trec-dl-2020,405163,pressure64,256,256,128,128,6,6,5,0.0007012488786131144,0.00033775006886571646
msmarco-passage-trec-dl-2020,405163,pressure64,512,512,256,256,6,6,9,0.002209915895946324,0.0013279180275276303
msmarco-passage-trec-dl-2020,405163,pressure64,1024,1024,512,512,8,8,17,0.005511999945156276,0.003605751902796328
msmarco-passage-trec-dl-2020,405163,pressure64,2048,2048,1024,1024,10,10,33,0.013296791934408247,0.00915958487894386
msmarco-passage-trec-dl-2020,405163,unit,128,128,64,64,3,3,129,0.00839437497779727,7.84597359597683e-05
msmarco-passage-trec-dl-2020,405163,unit,256,256,128,128,6,6,257,0.020778374979272485,0.0001435404410585761
msmarco-passage-trec-dl-2020,405163,unit,512,512,256,256,6,6,513,0.04788112500682473,0.00029142224229872227
msmarco-passage-trec-dl-2020,405163,unit,1024,1024,512,512,8,8,1025,0.10652629192918539,0.0005673080449923873
msmarco-passage-trec-dl-2020,405163,unit,2048,2048,1020,1028,10,10,2049,0.2403741249581799,0.0011385479010641575
msmarco-passage-trec-dl-2020,405163,handoff64,128,128,64,64,3,3,5,0.000365916988812387,6.52089947834611e-05
msmarco-passage-trec-dl-2020,405163,handoff64,256,256,128,128,6,6,89,0.010162250022403896,0.0017311271512880921
msmarco-passage-trec-dl-2020,405163,handoff64,512,512,256,256,6,6,265,0.03258050000295043,0.0054627127246931195
msmarco-passage-trec-dl-2020,405163,handoff64,1024,1024,512,512,8,8,613,0.08026425004936755,0.012910258607007563
msmarco-passage-trec-dl-2020,405163,handoff64,2048,2048,1020,1028,10,10,1360,0.19400087499525398,0.03032380621880293
msmarco-passage-trec-dl-2020,67316,unit,128,128,62,66,1,1,129,0.00894579105079174,8.703779894858599e-05
msmarco-passage-trec-dl-2020,67316,unit,256,256,123,133,4,4,257,0.022024748963303864,0.00015387055464088917
msmarco-passage-trec-dl-2020,67316,unit,512,512,242,270,12,12,513,0.05233908200170845,0.0002961638383567333
msmarco-passage-trec-dl-2020,67316,unit,1024,1024,444,580,25,20,1025,0.12825012393295765,0.0005806705448776484
msmarco-passage-trec-dl-2020,67316,unit,2048,2048,660,1388,31,20,2049,0.3139383739326149,0.0011943572899326682
msmarco-passage-trec-dl-2020,67316,handoff64,128,128,64,64,1,1,5,0.0003399580018594861,5.67091628909111e-05
msmarco-passage-trec-dl-2020,67316,handoff64,256,256,123,133,4,4,124,0.014490248984657228,0.002537249820306897
msmarco-passage-trec-dl-2020,67316,handoff64,512,512,242,270,12,12,362,0.047648456995375454,0.007736159837804735
msmarco-passage-trec-dl-2020,67316,handoff64,1024,1024,493,531,24,20,540,0.0761211650678888,0.011818154132924974
msmarco-passage-trec-dl-2020,67316,handoff64,2048,2048,660,1388,31,20,884,0.1478165821172297,0.020686560892499983
msmarco-passage-trec-dl-2020,67316,handoff,128,128,1,127,0,0,3,0.00017258303705602884,2.2292020730674267e-05
msmarco-passage-trec-dl-2020,67316,handoff,256,256,129,127,4,4,5,0.00040987401735037565,5.1292008720338345e-05
msmarco-passage-trec-dl-2020,67316,handoff,512,512,242,270,12,12,233,0.03234295698348433,0.005258914083242416
msmarco-passage-trec-dl-2020,67316,handoff,1024,1024,587,437,24,20,409,0.060659957001917064,0.009789829608052969
msmarco-passage-trec-dl-2020,67316,handoff,2048,2048,660,1388,31,20,563,0.09448845707811415,0.014144621905870736
msmarco-passage-trec-dl-2020,67316,certificate-event,128,128,1,127,0,0,3,0.00016429193783551455,1.8458114936947823e-05
msmarco-passage-trec-dl-2020,67316,certificate-event,256,256,129,127,4,4,7,0.0005793749587610364,4.0541053749620914e-05
msmarco-passage-trec-dl-2020,67316,certificate-event,512,512,254,258,12,12,22,0.002609124989248812,0.00023170921485871077
msmarco-passage-trec-dl-2020,67316,certificate-event,1024,1024,596,428,24,20,38,0.005418666987679899,0.00046495720744132996
msmarco-passage-trec-dl-2020,67316,certificate-event,2048,2048,596,1452,31,20,46,0.007045750971883535,0.0005884162383154035
msmarco-passage-trec-dl-2020,67316,balanced64,128,128,64,64,1,1,3,0.0001522499369457364,1.6249250620603561e-06
msmarco-passage-trec-dl-2020,67316,balanced64,256,256,128,128,4,4,5,0.0003537498414516449,2.3319153115153313e-06
msmarco-passage-trec-dl-2020,67316,balanced64,512,512,256,256,11,11,9,0.0008501248667016625,3.332854248583317e-06
msmarco-passage-trec-dl-2020,67316,balanced64,1024,1024,512,512,24,20,17,0.00216616690158844,6.166752427816391e-06
msmarco-passage-trec-dl-2020,67316,balanced64,2048,2048,1024,1024,29,20,33,0.005191124859265983,1.1251773685216904e-05
msmarco-passage-trec-dl-2020,67316,blocker64,128,128,64,64,1,1,3,0.0001646659802645445,8.124858140945435e-06
msmarco-passage-trec-dl-2020,67316,blocker64,256,256,128,128,4,4,5,0.00040020793676376343,9.74978320300579e-06
msmarco-passage-trec-dl-2020,67316,blocker64,512,512,256,256,11,11,9,0.0009180419147014618,1.2414762750267982e-05
msmarco-passage-trec-dl-2020,67316,blocker64,1024,1024,448,576,25,20,17,0.0022390829399228096,1.8330872990190983e-05
msmarco-passage-trec-dl-2020,67316,blocker64,2048,2048,704,1344,31,20,33,0.005429499899037182,3.070663660764694e-05
msmarco-passage-trec-dl-2020,67316,pressure64,128,128,64,64,1,1,3,0.00018058402929455042,3.429211210459471e-05
msmarco-passage-trec-dl-2020,67316,pressure64,256,256,128,128,4,4,5,0.0005389590514823794,0.00018462608568370342
msmarco-passage-trec-dl-2020,67316,pressure64,512,512,256,256,11,11,9,0.0022904170909896493,0.001450460054911673
msmarco-passage-trec-dl-2020,67316,pressure64,1024,1024,448,576,25,20,17,0.010284750140272081,0.008119668229483068
msmarco-passage-trec-dl-2020,67316,pressure64,2048,2048,832,1216,31,20,33,0.034035750199109316,0.028673919150605798
msmarco-passage-trec-dl-2020,1110678,pressure64,128,128,64,64,3,3,3,0.00021779199596494436,3.962509799748659e-05
msmarco-passage-trec-dl-2020,1110678,pressure64,256,256,128,128,7,7,5,0.0007928330451250076,0.00038375111762434244
msmarco-passage-trec-dl-2020,1110678,pressure64,512,512,256,256,9,9,9,0.00292870809789747,0.0020057930378243327
msmarco-passage-trec-dl-2020,1110678,pressure64,1024,1024,512,512,17,17,17,0.00949741608928889,0.007320335018448532
msmarco-passage-trec-dl-2020,1110678,pressure64,2048,2048,960,1088,22,20,33,0.029371625161729753,0.024302377132698894
msmarco-passage-trec-dl-2020,1110678,unit,128,128,62,66,3,3,129,0.010580457979813218,0.00010079052299261093
msmarco-passage-trec-dl-2020,1110678,unit,256,256,133,123,7,7,257,0.024560165940783918,0.00018131977412849665
msmarco-passage-trec-dl-2020,1110678,unit,512,512,269,243,10,10,513,0.054193333024159074,0.0003268218133598566
msmarco-passage-trec-dl-2020,1110678,unit,1024,1024,559,465,18,18,1025,0.12268108292482793,0.000605159904807806
msmarco-passage-trec-dl-2020,1110678,unit,2048,2048,901,1147,22,20,2049,0.283179665915668,0.0011947869788855314
msmarco-passage-trec-dl-2020,1110678,handoff64,128,128,62,66,3,3,8,0.0007252499926835299,0.00011904176790267229
msmarco-passage-trec-dl-2020,1110678,handoff64,256,256,133,123,7,7,122,0.015149832936003804,0.0025760510470718145
msmarco-passage-trec-dl-2020,1110678,handoff64,512,512,269,243,10,10,361,0.04787929088342935,0.007806427776813507
msmarco-passage-trec-dl-2020,1110678,handoff64,1024,1024,558,466,18,18,612,0.08626649889629334,0.013478257576934993
msmarco-passage-trec-dl-2020,1110678,handoff64,2048,2048,901,1147,22,20,1051,0.1656992909265682,0.023914540885016322
msmarco-passage-trec-dl-2020,1110678,handoff,128,128,1,127,0,0,3,0.00019225000869482756,2.687494270503521e-05
msmarco-passage-trec-dl-2020,1110678,handoff,256,256,129,127,7,7,8,0.0008917499799281359,0.00013437482994049788
msmarco-passage-trec-dl-2020,1110678,handoff,512,512,269,243,10,10,241,0.03294487507082522,0.005498420912772417
msmarco-passage-trec-dl-2020,1110678,handoff,1024,1024,558,466,18,18,491,0.07171200006268919,0.011776084778830409
msmarco-passage-trec-dl-2020,1110678,handoff,2048,2048,901,1147,22,20,646,0.10006416705437005,0.015586417634040117
msmarco-passage-trec-dl-2020,1110678,certificate-event,128,128,1,127,0,0,3,0.00015795906074345112,1.8875114619731903e-05
msmarco-passage-trec-dl-2020,1110678,certificate-event,256,256,129,127,7,7,8,0.0007708760676905513,7.166701834648848e-05
msmarco-passage-trec-dl-2020,1110678,certificate-event,512,512,270,242,10,10,14,0.0016400010790675879,0.00015662505757063627
msmarco-passage-trec-dl-2020,1110678,certificate-event,1024,1024,508,516,17,17,19,0.002378460136242211,0.00022966810502111912
msmarco-passage-trec-dl-2020,1110678,certificate-event,2048,2048,825,1223,22,20,22,0.0029211260844022036,0.000274003017693758
msmarco-passage-trec-dl-2020,1110678,balanced64,128,128,64,64,3,3,3,0.0001659160479903221,1.375097781419754e-06
msmarco-passage-trec-dl-2020,1110678,balanced64,256,256,128,128,7,7,5,0.00038495706394314766,1.916196197271347e-06
msmarco-passage-trec-dl-2020,1110678,balanced64,512,512,256,256,9,9,9,0.0009170400444418192,2.9581133276224136e-06
msmarco-passage-trec-dl-2020,1110678,balanced64,1024,1024,512,512,17,17,17,0.0020698310108855367,6.127054803073406e-06
msmarco-passage-trec-dl-2020,1110678,balanced64,2048,2048,1024,1024,22,20,33,0.004697039956226945,1.0915216989815235e-05
msmarco-passage-trec-dl-2020,1110678,blocker64,128,128,64,64,3,3,3,0.00016879208851605654,7.707974873483181e-06
msmarco-passage-trec-dl-2020,1110678,blocker64,256,256,128,128,7,7,5,0.00039579207077622414,9.290874004364014e-06
msmarco-passage-trec-dl-2020,1110678,blocker64,512,512,256,256,9,9,9,0.0008702920749783516,1.1582043953239918e-05
msmarco-passage-trec-dl-2020,1110678,blocker64,1024,1024,512,512,17,17,17,0.0019707500468939543,1.6747042536735535e-05
msmarco-passage-trec-dl-2020,1110678,blocker64,2048,2048,896,1152,22,20,33,0.004712708992883563,2.8996961191296577e-05
nfcorpus,PLAIN-1516,handoff,128,128,126,2,100,20,4,0.000417332979850471,4.354200791567564e-05
nfcorpus,PLAIN-1516,handoff,256,128,126,2,100,20,4,0.00041766592767089605,4.354200791567564e-05
nfcorpus,PLAIN-1516,handoff,512,128,126,2,100,20,4,0.0004179158713668585,4.354200791567564e-05
nfcorpus,PLAIN-1516,handoff,1024,128,126,2,100,20,4,0.0004180818796157837,4.354200791567564e-05
nfcorpus,PLAIN-1516,handoff,2048,128,126,2,100,20,4,0.00041829084511846304,4.354200791567564e-05
nfcorpus,PLAIN-1516,certificate-event,128,128,126,2,100,20,4,0.0003284580307081342,2.562499139457941e-05
nfcorpus,PLAIN-1516,certificate-event,256,128,126,2,100,20,4,0.0003287500003352761,2.562499139457941e-05
nfcorpus,PLAIN-1516,certificate-event,512,128,126,2,100,20,4,0.00032891693990677595,2.562499139457941e-05
nfcorpus,PLAIN-1516,certificate-event,1024,128,126,2,100,20,4,0.0003290838794782758,2.562499139457941e-05
nfcorpus,PLAIN-1516,certificate-event,2048,128,126,2,100,20,4,0.0003292089095339179,2.562499139457941e-05
nfcorpus,PLAIN-1516,balanced64,128,128,126,2,100,20,4,0.0003825000021606684,1.2920936569571495e-06
nfcorpus,PLAIN-1516,balanced64,256,128,126,2,100,20,4,0.0003827080363407731,1.2920936569571495e-06
nfcorpus,PLAIN-1516,balanced64,512,128,126,2,100,20,4,0.00038287497591227293,1.2920936569571495e-06
nfcorpus,PLAIN-1516,balanced64,1024,128,126,2,100,20,4,0.0003830420318990946,1.2920936569571495e-06
nfcorpus,PLAIN-1516,balanced64,2048,128,126,2,100,20,4,0.0003831670619547367,1.2920936569571495e-06
nfcorpus,PLAIN-1516,blocker64,128,128,126,2,100,20,4,0.00036441697739064693,6.709014996886253e-06
nfcorpus,PLAIN-1516,blocker64,256,128,126,2,100,20,4,0.00036462501157075167,6.709014996886253e-06
nfcorpus,PLAIN-1516,blocker64,512,128,126,2,100,20,4,0.0003647919511422515,6.709014996886253e-06
nfcorpus,PLAIN-1516,blocker64,1024,128,126,2,100,20,4,0.0003649169811978936,6.709014996886253e-06
nfcorpus,PLAIN-1516,blocker64,2048,128,126,2,100,20,4,0.00036504201125353575,6.709014996886253e-06
nfcorpus,PLAIN-1516,pressure64,128,128,126,2,100,20,4,0.00040304206777364016,2.8873910196125507e-05
nfcorpus,PLAIN-1516,pressure64,256,128,126,2,100,20,4,0.0004032091237604618,2.8873910196125507e-05
nfcorpus,PLAIN-1516,pressure64,512,128,126,2,100,20,4,0.00040341715794056654,2.8873910196125507e-05
nfcorpus,PLAIN-1516,pressure64,1024,128,126,2,100,20,4,0.00040354218799620867,2.8873910196125507e-05
nfcorpus,PLAIN-1516,pressure64,2048,128,126,2,100,20,4,0.0004036672180518508,2.8873910196125507e-05
nfcorpus,PLAIN-1516,unit,128,102,100,2,100,20,103,0.01016791700385511,4.8002228140830994e-05
nfcorpus,PLAIN-1516,unit,256,102,100,2,100,20,103,0.010168208973482251,4.8002228140830994e-05
nfcorpus,PLAIN-1516,unit,512,102,100,2,100,20,103,0.010168459033593535,4.8002228140830994e-05
nfcorpus,PLAIN-1516,unit,1024,102,100,2,100,20,103,0.010168626089580357,4.8002228140830994e-05
nfcorpus,PLAIN-1516,unit,2048,102,100,2,100,20,103,0.010168793029151857,4.8002228140830994e-05
nfcorpus,PLAIN-1516,handoff64,128,102,100,2,100,20,40,0.005872874986380339,4.983192775398493e-05
nfcorpus,PLAIN-1516,handoff64,256,102,100,2,100,20,40,0.005873124930076301,4.983192775398493e-05
nfcorpus,PLAIN-1516,handoff64,512,102,100,2,100,20,40,0.005873332964256406,4.983192775398493e-05
nfcorpus,PLAIN-1516,handoff64,1024,102,100,2,100,20,40,0.005873457994312048,4.983192775398493e-05
nfcorpus,PLAIN-1516,handoff64,2048,102,100,2,100,20,40,0.005873624002560973,4.983192775398493e-05
nfcorpus,PLAIN-2920,handoff,128,128,1,127,1,1,3,0.00015362503472715616,2.2834050469100475e-05
nfcorpus,PLAIN-2920,handoff,256,256,129,127,11,11,4,0.00028670800384134054,3.67090106010437e-05
nfcorpus,PLAIN-2920,handoff,512,512,231,281,18,18,210,0.02978062501642853,0.004402008722536266
nfcorpus,PLAIN-2920,handoff,1024,1024,472,552,23,20,619,0.09629841602873057,0.01382449793163687
nfcorpus,PLAIN-2920,handoff,2048,2048,971,1077,49,20,659,0.10400500008836389,0.014875911176204681
nfcorpus,PLAIN-2920,certificate-event,128,128,1,127,1,1,3,0.00013991701416671276,1.699896529316902e-05
nfcorpus,PLAIN-2920,certificate-event,256,256,129,127,11,11,4,0.00026170897763222456,2.295698504894972e-05
nfcorpus,PLAIN-2920,certificate-event,512,512,240,272,18,18,18,0.0021639589685946703,0.00019091495778411627
nfcorpus,PLAIN-2920,certificate-event,1024,1024,475,549,23,20,28,0.003906292957253754,0.00033403909765183926
nfcorpus,PLAIN-2920,certificate-event,2048,2048,971,1077,49,20,38,0.00616783497389406,0.00047533109318464994
nfcorpus,PLAIN-2920,balanced64,128,128,64,64,8,8,3,0.00015516707208007574,1.4989636838436127e-06
nfcorpus,PLAIN-2920,balanced64,256,256,128,128,11,11,5,0.0003712921170517802,2.1238811314105988e-06
nfcorpus,PLAIN-2920,balanced64,512,512,256,256,17,17,9,0.0008857501670718193,3.1249364838004112e-06
nfcorpus,PLAIN-2920,balanced64,1024,1024,512,512,23,20,17,0.0021235832246020436,5.707843229174614e-06
nfcorpus,PLAIN-2920,balanced64,2048,2048,1024,1024,26,20,33,0.004909333190880716,1.0205898433923721e-05
nfcorpus,PLAIN-2920,blocker64,128,128,64,64,8,8,3,0.0001569580053910613,7.459078915417194e-06
nfcorpus,PLAIN-2920,blocker64,256,256,128,128,11,11,5,0.000381499994546175,8.917995728552341e-06
nfcorpus,PLAIN-2920,blocker64,512,512,256,256,17,17,9,0.0009068329818546772,1.1292984709143639e-05
nfcorpus,PLAIN-2920,blocker64,1024,1024,448,576,23,20,17,0.002127917017787695,1.6500940546393394e-05
nfcorpus,PLAIN-2920,blocker64,2048,2048,971,1077,49,20,34,0.0056610420579090714,2.954376395791769e-05
nfcorpus,PLAIN-2920,pressure64,128,128,64,64,8,8,3,0.00017899996601045132,2.837588544934988e-05
nfcorpus,PLAIN-2920,pressure64,256,256,128,128,11,11,5,0.0007561249658465385,0.0003831679932773113
nfcorpus,PLAIN-2920,pressure64,512,512,256,256,17,17,9,0.0024164579808712006,0.0015232929727062583
nfcorpus,PLAIN-2920,pressure64,1024,1024,512,512,23,20,17,0.007137291948311031,0.004988959990441799
nfcorpus,PLAIN-2920,pressure64,2048,2048,971,1077,49,20,34,0.01527412491850555,0.00984787498600781
nfcorpus,PLAIN-2920,unit,128,128,62,66,8,8,129,0.007831334020011127,8.659146260470152e-05
nfcorpus,PLAIN-2920,unit,256,256,124,132,11,11,257,0.02068908396176994,0.0001516339834779501
nfcorpus,PLAIN-2920,unit,512,512,231,281,18,18,513,0.051932001020759344,0.0002912314375862479
nfcorpus,PLAIN-2920,unit,1024,1024,472,552,23,20,1025,0.1239406680688262,0.000574205070734024
nfcorpus,PLAIN-2920,unit,2048,2048,971,1077,49,20,2049,0.30560054315719754,0.0010717397090047598
nfcorpus,PLAIN-2920,handoff64,128,128,64,64,8,8,4,0.00023983302526175976,3.970798570662737e-05
nfcorpus,PLAIN-2920,handoff64,256,256,124,132,11,11,124,0.0144522920018062,0.0022670803591609
nfcorpus,PLAIN-2920,handoff64,512,512,231,281,18,18,340,0.04581787600181997,0.006801703711971641
nfcorpus,PLAIN-2920,handoff64,1024,1024,472,552,23,20,749,0.11226550093851984,0.015606962610036135
nfcorpus,PLAIN-2920,handoff64,2048,2048,971,1077,49,20,802,0.12235175096429884,0.016729796305298805
nfcorpus,PLAIN-603,balanced64,128,128,125,3,100,20,4,0.00040495803114026785,1.9170111045241356e-06
nfcorpus,PLAIN-603,balanced64,256,128,125,3,100,20,4,0.0004052920266985893,1.9170111045241356e-06
nfcorpus,PLAIN-603,balanced64,512,128,125,3,100,20,4,0.0004055839963257313,1.9170111045241356e-06
nfcorpus,PLAIN-603,balanced64,1024,128,125,3,100,20,4,0.0004057509358972311,1.9170111045241356e-06
nfcorpus,PLAIN-603,balanced64,2048,128,125,3,100,20,4,0.0004058758495375514,1.9170111045241356e-06
nfcorpus,PLAIN-603,blocker64,128,128,125,3,100,20,4,0.0004044590750709176,8.999020792543888e-06
nfcorpus,PLAIN-603,blocker64,256,128,125,3,100,20,4,0.00040475104469805956,8.999020792543888e-06
nfcorpus,PLAIN-603,blocker64,512,128,125,3,100,20,4,0.0004050011048093438,8.999020792543888e-06
nfcorpus,PLAIN-603,blocker64,1024,128,125,3,100,20,4,0.00040520913898944855,8.999020792543888e-06
nfcorpus,PLAIN-603,blocker64,2048,128,125,3,100,20,4,0.0004053341690450907,8.999020792543888e-06
nfcorpus,PLAIN-603,pressure64,128,128,125,3,100,20,4,0.0003945830976590514,2.837588544934988e-05
nfcorpus,PLAIN-603,pressure64,256,128,125,3,100,20,4,0.0003947921795770526,2.837588544934988e-05
nfcorpus,PLAIN-603,pressure64,512,128,125,3,100,20,4,0.0003950000973418355,2.837588544934988e-05
nfcorpus,PLAIN-603,pressure64,1024,128,125,3,100,20,4,0.00039516715332865715,2.837588544934988e-05
nfcorpus,PLAIN-603,pressure64,2048,128,125,3,100,20,4,0.0003952921833842993,2.837588544934988e-05
nfcorpus,PLAIN-603,unit,128,103,100,3,100,20,104,0.010326207964681089,6.304704584181309e-05
nfcorpus,PLAIN-603,unit,256,103,100,3,100,20,104,0.010326499002985656,6.304704584181309e-05
nfcorpus,PLAIN-603,unit,512,103,100,3,100,20,104,0.010326790972612798,6.304704584181309e-05
nfcorpus,PLAIN-603,unit,1024,103,100,3,100,20,104,0.010326998890377581,6.304704584181309e-05
nfcorpus,PLAIN-603,unit,2048,103,100,3,100,20,104,0.010327164898626506,6.304704584181309e-05
nfcorpus,PLAIN-603,handoff64,128,103,100,3,100,20,41,0.006205291952937841,6.929121445864439e-05
nfcorpus,PLAIN-603,handoff64,256,103,100,3,100,20,41,0.006205541896633804,6.929121445864439e-05
nfcorpus,PLAIN-603,handoff64,512,103,100,3,100,20,41,0.006205832934938371,6.929121445864439e-05
nfcorpus,PLAIN-603,handoff64,1024,103,100,3,100,20,41,0.0062060829950496554,6.929121445864439e-05
nfcorpus,PLAIN-603,handoff64,2048,103,100,3,100,20,41,0.006206249003298581,6.929121445864439e-05
nfcorpus,PLAIN-603,handoff,128,128,125,3,100,20,4,0.00031158304773271084,3.2084062695503235e-05
nfcorpus,PLAIN-603,handoff,256,128,125,3,100,20,4,0.00031179108191281557,3.2084062695503235e-05
nfcorpus,PLAIN-603,handoff,512,128,125,3,100,20,4,0.0003120000474154949,3.2084062695503235e-05
nfcorpus,PLAIN-603,handoff,1024,128,125,3,100,20,4,0.00031212507747113705,3.2084062695503235e-05
nfcorpus,PLAIN-603,handoff,2048,128,125,3,100,20,4,0.00031229201704263687,3.2084062695503235e-05
nfcorpus,PLAIN-603,certificate-event,128,128,125,3,100,20,4,0.00029337499290704727,2.0415987819433212e-05
nfcorpus,PLAIN-603,certificate-event,256,128,125,3,100,20,4,0.000293583027087152,2.0415987819433212e-05
nfcorpus,PLAIN-603,certificate-event,512,128,125,3,100,20,4,0.00029374996665865183,2.0415987819433212e-05
nfcorpus,PLAIN-603,certificate-event,1024,128,125,3,100,20,4,0.00029387499671429396,2.0415987819433212e-05
nfcorpus,PLAIN-603,certificate-event,2048,128,125,3,100,20,4,0.00029399991035461426,2.0415987819433212e-05
nfcorpus,PLAIN-817,certificate-event,128,128,120,8,5,5,5,0.00022466701921075583,3.345787990838289e-05
nfcorpus,PLAIN-817,certificate-event,256,256,248,8,6,6,6,0.0003230420406907797,3.841589204967022e-05
nfcorpus,PLAIN-817,certificate-event,512,512,504,8,7,7,7,0.000432959059253335,4.341593012213707e-05
nfcorpus,PLAIN-817,certificate-event,1024,1024,1016,8,10,10,11,0.0009570000693202019,9.083282202482224e-05
nfcorpus,PLAIN-817,certificate-event,2048,2048,2040,8,11,11,13,0.0012803750578314066,0.00011120783165097237
nfcorpus,PLAIN-817,balanced64,128,128,120,8,5,5,4,0.00017866701819002628,1.4171237125992775e-06
nfcorpus,PLAIN-817,balanced64,256,256,248,8,6,6,6,0.00034537503961473703,2.0832521840929985e-06
nfcorpus,PLAIN-817,balanced64,512,512,504,8,7,7,10,0.0007295000832527876,3.1242379918694496e-06
nfcorpus,PLAIN-817,balanced64,1024,1024,1016,8,10,10,18,0.001615166082046926,5.33426646143198e-06
nfcorpus,PLAIN-817,balanced64,2048,2048,2040,8,11,11,34,0.0038143330020830035,9.079929441213608e-06
nfcorpus,PLAIN-817,blocker64,128,128,120,8,5,5,4,0.0001717499690130353,6.834045052528381e-06
nfcorpus,PLAIN-817,blocker64,256,256,248,8,6,6,6,0.00043808401096612215,8.917995728552341e-06
nfcorpus,PLAIN-817,blocker64,512,512,504,8,7,7,10,0.0008707500528544188,1.2710108421742916e-05
nfcorpus,PLAIN-817,blocker64,1024,1024,1016,8,10,10,18,0.0017803331138566136,1.6587087884545326e-05
nfcorpus,PLAIN-817,blocker64,2048,2048,2040,8,11,11,34,0.004015292157419026,2.2962456569075584e-05
nfcorpus,PLAIN-817,pressure64,128,128,120,8,5,5,4,0.0002132919616997242,2.9165996238589287e-05
nfcorpus,PLAIN-817,pressure64,256,256,248,8,6,6,6,0.00039075000677257776,3.0123977921903133e-05
nfcorpus,PLAIN-817,pressure64,512,512,504,8,7,7,10,0.0007735410472378135,3.199884667992592e-05
nfcorpus,PLAIN-817,pressure64,1024,1024,1016,8,10,10,18,0.001650958089157939,3.5457778722047806e-05
nfcorpus,PLAIN-817,pressure64,2048,2048,2040,8,11,11,34,0.003816833021119237,4.149856977164745e-05
nfcorpus,PLAIN-817,unit,128,128,120,8,5,5,129,0.007106958073563874,5.841406527906656e-05
nfcorpus,PLAIN-817,unit,256,256,248,8,6,6,257,0.017687583109363914,0.00010692107025533915
nfcorpus,PLAIN-817,unit,512,512,504,8,7,7,513,0.041876083123497665,0.00021285167895257473
nfcorpus,PLAIN-817,unit,1024,1024,1016,8,10,10,1025,0.09775720816105604,0.0004256580723449588
nfcorpus,PLAIN-817,unit,2048,2048,2040,8,11,11,2049,0.23739841708447784,0.0008502239361405373
nfcorpus,PLAIN-817,handoff64,128,128,120,8,5,5,6,0.0003262910759076476,7.420813199132681e-05
nfcorpus,PLAIN-817,handoff64,256,256,248,8,6,6,9,0.0006557491142302752,0.000124666141346097
nfcorpus,PLAIN-817,handoff64,512,512,504,8,7,7,13,0.0011183740571141243,0.00017399806529283524
nfcorpus,PLAIN-817,handoff64,1024,1024,1016,8,10,10,23,0.0023982080165296793,0.0003128730459138751
nfcorpus,PLAIN-817,handoff64,2048,2048,2040,8,11,11,40,0.005092666018754244,0.0005339148920029402
nfcorpus,PLAIN-817,handoff,128,128,120,8,5,5,5,0.0002347499830648303,4.7791050747036934e-05
nfcorpus,PLAIN-817,handoff,256,256,248,8,6,6,6,0.0003351249033585191,5.954108200967312e-05
nfcorpus,PLAIN-817,handoff,512,512,504,8,7,7,7,0.0005116249667480588,7.133313920348883e-05
nfcorpus,PLAIN-817,handoff,1024,1024,1016,8,10,10,11,0.0011543750297278166,0.0001786662032827735
nfcorpus,PLAIN-817,handoff,2048,2048,2040,8,11,11,13,0.001489875023253262,0.00021583330817520618
nfcorpus,PLAIN-1249,handoff64,128,128,64,64,5,5,5,0.00030983297619968653,5.2040908485651016e-05
nfcorpus,PLAIN-1249,handoff64,256,256,128,128,10,10,91,0.010566540993750095,0.0016892887651920319
nfcorpus,PLAIN-1249,handoff64,512,512,352,160,14,14,144,0.01721941598225385,0.0026139537803828716
nfcorpus,PLAIN-1249,handoff64,1024,1024,864,160,20,20,156,0.01900895801372826,0.00279974564909935
nfcorpus,PLAIN-1249,handoff64,2048,2048,1888,160,32,20,173,0.022082332987338305,0.0030612043337896466
nfcorpus,PLAIN-1249,handoff,128,128,1,127,0,0,3,0.00013979198411107063,2.091703936457634e-05
nfcorpus,PLAIN-1249,handoff,256,256,129,127,10,10,5,0.00036745902616530657,4.5874970965087414e-05
nfcorpus,PLAIN-1249,handoff,512,512,352,160,14,14,55,0.006805583951063454,0.0010005806107074022
nfcorpus,PLAIN-1249,handoff,1024,1024,864,160,20,20,62,0.007921916898339987,0.0011569545604288578
nfcorpus,PLAIN-1249,handoff,2048,2048,1888,160,32,20,67,0.008786583901382983,0.0012573704589158297
nfcorpus,PLAIN-1249,certificate-event,128,128,1,127,0,0,3,0.00017212494276463985,1.9707949832081795e-05
nfcorpus,PLAIN-1249,certificate-event,256,256,129,127,10,10,15,0.001455332967452705,0.0001309976214542985
nfcorpus,PLAIN-1249,certificate-event,512,512,352,160,14,14,23,0.002568832947872579,0.00022520788479596376
nfcorpus,PLAIN-1249,certificate-event,1024,1024,864,160,20,20,30,0.0036806658608838916,0.00031183077953755856
nfcorpus,PLAIN-1249,certificate-event,2048,2048,1888,160,32,20,35,0.004607040900737047,0.0003864147001877427
nfcorpus,PLAIN-1249,balanced64,128,128,64,64,5,5,3,0.00014479097444564104,1.2080417945981026e-06
nfcorpus,PLAIN-1249,balanced64,256,256,128,128,10,10,5,0.0003561659250408411,1.750071533024311e-06
nfcorpus,PLAIN-1249,balanced64,512,512,352,160,14,14,10,0.0009632079163566232,3.250082954764366e-06
nfcorpus,PLAIN-1249,balanced64,1024,1024,864,160,20,20,18,0.002043082960881293,5.750218406319618e-06
nfcorpus,PLAIN-1249,balanced64,2048,2048,1888,160,32,20,34,0.004589666961692274,1.0165036655962467e-05
nfcorpus,PLAIN-1249,blocker64,128,128,64,64,5,5,3,0.00014937494415789843,7.708091288805008e-06
nfcorpus,PLAIN-1249,blocker64,256,256,128,128,10,10,5,0.00036149995867162943,9.208102710545063e-06
nfcorpus,PLAIN-1249,blocker64,512,512,352,160,14,14,10,0.0010072499280795455,1.2666103430092335e-05
nfcorpus,PLAIN-1249,blocker64,1024,1024,864,160,20,20,18,0.0020669999066740274,1.5998841263353825e-05
nfcorpus,PLAIN-1249,blocker64,2048,2048,1888,160,32,20,34,0.004474583896808326,2.1958607248961926e-05
nfcorpus,PLAIN-1249,pressure64,128,128,64,64,5,5,3,0.00016383291222155094,2.9208138585090637e-05
nfcorpus,PLAIN-1249,pressure64,256,256,128,128,10,10,5,0.0006080408347770572,0.0002691661939024925
nfcorpus,PLAIN-1249,pressure64,512,512,352,160,14,14,10,0.001392665784806013,0.0004802084295079112
nfcorpus,PLAIN-1249,pressure64,1024,1024,864,160,20,20,18,0.002422332763671875,0.0004834573483094573
nfcorpus,PLAIN-1249,pressure64,2048,2048,1888,160,32,20,34,0.004832082777284086,0.0004898301558569074
nfcorpus,PLAIN-1249,unit,128,128,64,64,5,5,129,0.007348541053943336,7.766636554151773e-05
nfcorpus,PLAIN-1249,unit,256,256,128,128,10,10,257,0.01994870707858354,0.00014901254326105118
nfcorpus,PLAIN-1249,unit,512,512,352,160,14,14,513,0.04876429005526006,0.0002620999002829194
nfcorpus,PLAIN-1249,unit,1024,1024,864,160,20,20,1025,0.1130092900712043,0.0004764442564919591
nfcorpus,PLAIN-1249,unit,2048,2048,1888,160,32,20,2049,0.26603283209260553,0.0009024966275319457
nfcorpus,PLAIN-1635,unit,128,128,67,61,27,20,129,0.007939749979414046,7.166608702391386e-05
nfcorpus,PLAIN-1635,unit,256,256,104,152,41,20,257,0.026627915911376476,0.00013791583478450775
nfcorpus,PLAIN-1635,unit,512,512,343,169,98,20,513,0.08454170695040375,0.0002672426635399461
nfcorpus,PLAIN-1635,unit,1024,551,382,169,100,20,552,0.09427329094614834,0.00028986879624426365
nfcorpus,PLAIN-1635,unit,2048,551,382,169,100,20,552,0.09427358291577548,0.00028986879624426365
nfcorpus,PLAIN-1635,handoff64,128,128,64,64,27,20,19,0.0017478750087320805,0.0003053317777812481
nfcorpus,PLAIN-1635,handoff64,256,256,104,152,41,20,92,0.014315541018731892,0.0017791246064007282
nfcorpus,PLAIN-1635,handoff64,512,512,343,169,98,20,123,0.02176858193706721,0.002407043590210378
nfcorpus,PLAIN-1635,handoff64,1024,551,382,169,100,20,125,0.02230508194770664,0.002448043553158641
nfcorpus,PLAIN-1635,handoff64,2048,551,382,169,100,20,125,0.022305289981886744,0.002448043553158641
nfcorpus,PLAIN-1635,handoff,128,128,1,127,0,0,3,0.0001308330101892352,1.925008837133646e-05
nfcorpus,PLAIN-1635,handoff,256,256,104,152,41,20,55,0.008618207997642457,0.0010200005490332842
nfcorpus,PLAIN-1635,handoff,512,512,343,169,98,20,86,0.015900832950137556,0.0016487067332491279
nfcorpus,PLAIN-1635,handoff,1024,551,382,169,100,20,88,0.016433874960057437,0.0016968738054856658
nfcorpus,PLAIN-1635,handoff,2048,551,382,169,100,20,88,0.016434083925560117,0.0016968738054856658
nfcorpus,PLAIN-1635,certificate-event,128,128,1,127,0,0,3,0.0001236669486388564,1.687603071331978e-05
nfcorpus,PLAIN-1635,certificate-event,256,256,98,158,41,20,27,0.003446666873060167,0.00028908613603562117
nfcorpus,PLAIN-1635,certificate-event,512,512,343,169,98,20,56,0.010339916916564107,0.000686710118316114
nfcorpus,PLAIN-1635,certificate-event,1024,551,382,169,100,20,58,0.010846707969903946,0.0007199611281976104
nfcorpus,PLAIN-1635,certificate-event,2048,551,382,169,100,20,58,0.01084691600408405,0.0007199611281976104
nfcorpus,PLAIN-1635,balanced64,128,128,64,64,27,20,3,0.0001496670302003622,1.0819640010595322e-06
nfcorpus,PLAIN-1635,balanced64,256,256,128,128,39,20,5,0.00045541697181761265,1.7080456018447876e-06
nfcorpus,PLAIN-1635,balanced64,512,512,343,169,98,20,10,0.0015584168722853065,3.250082954764366e-06
nfcorpus,PLAIN-1635,balanced64,1024,576,407,169,100,20,11,0.0018339998787268996,3.666151314973831e-06
nfcorpus,PLAIN-1635,balanced64,2048,576,407,169,100,20,11,0.0018342077964916825,3.666151314973831e-06
nfcorpus,PLAIN-1635,blocker64,128,128,64,64,27,20,3,0.00016766705084592104,6.500049494206905e-06
nfcorpus,PLAIN-1635,blocker64,256,256,128,128,39,20,5,0.0004580001113936305,7.707858458161354e-06
nfcorpus,PLAIN-1635,blocker64,512,512,343,169,98,20,10,0.0016787080094218254,1.020787749439478e-05
nfcorpus,PLAIN-1635,blocker64,1024,576,407,169,100,20,11,0.0020004159305244684,1.1915923096239567e-05
nfcorpus,PLAIN-1635,blocker64,2048,576,407,169,100,20,11,0.0020007069688290358,1.1915923096239567e-05
nfcorpus,PLAIN-1635,pressure64,128,128,64,64,27,20,3,0.0001891659339889884,2.8290902264416218e-05
nfcorpus,PLAIN-1635,pressure64,256,256,128,128,39,20,5,0.0016625409480184317,0.0011997079709544778
nfcorpus,PLAIN-1635,pressure64,512,512,343,169,98,20,10,0.003646290861070156,0.002018040861003101
nfcorpus,PLAIN-1635,pressure64,1024,576,407,169,100,20,11,0.0038914988981559873,0.0020187487825751305
nfcorpus,PLAIN-1635,pressure64,2048,576,407,169,100,20,11,0.0038917488418519497,0.0020187487825751305
nfcorpus,PLAIN-1441,blocker64,128,128,68,60,16,16,4,0.0002897079102694988,7.957103662192822e-06
nfcorpus,PLAIN-1441,blocker64,256,256,196,60,32,20,6,0.000593873905017972,8.998089469969273e-06
nfcorpus,PLAIN-1441,blocker64,512,512,452,60,37,20,10,0.0012329579330980778,1.0916031897068024e-05
nfcorpus,PLAIN-1441,blocker64,1024,1024,964,60,40,20,18,0.0025863329647108912,1.4416174963116646e-05
nfcorpus,PLAIN-1441,blocker64,2048,2048,1988,60,43,20,34,0.005406290874816477,2.0583276636898518e-05
nfcorpus,PLAIN-1441,pressure64,128,128,68,60,16,16,4,0.00027900002896785736,2.820801455527544e-05
nfcorpus,PLAIN-1441,pressure64,256,256,196,60,32,20,6,0.0006680419901385903,3.0249939300119877e-05
nfcorpus,PLAIN-1441,pressure64,512,512,452,60,37,20,10,0.001389959012158215,3.441807348281145e-05
nfcorpus,PLAIN-1441,pressure64,1024,1024,964,60,40,20,18,0.0028075420996174216,3.8458965718746185e-05
nfcorpus,PLAIN-1441,pressure64,2048,2048,1988,60,43,20,34,0.0057497500674799085,4.645658191293478e-05
nfcorpus,PLAIN-1441,unit,128,128,74,54,21,20,129,0.008458791999146342,7.008691318333149e-05
nfcorpus,PLAIN-1441,unit,256,256,196,60,32,20,257,0.025776791968382895,0.00012313108891248703
nfcorpus,PLAIN-1441,unit,512,512,452,60,37,20,513,0.06351387593895197,0.00022655806969851255
nfcorpus,PLAIN-1441,unit,1024,1024,964,60,40,20,1025,0.14818912593182176,0.0004437458701431751
nfcorpus,PLAIN-1441,unit,2048,2048,1988,60,43,20,2049,0.3259226679801941,0.0008759693009778857
nfcorpus,PLAIN-1441,handoff64,128,128,73,55,20,20,14,0.0012211669236421585,0.00020858121570199728
nfcorpus,PLAIN-1441,handoff64,256,256,196,60,32,20,31,0.003879958880133927,0.0005713732680305839
nfcorpus,PLAIN-1441,handoff64,512,512,452,60,37,20,36,0.004781499854288995,0.000655457261018455
nfcorpus,PLAIN-1441,handoff64,1024,1024,964,60,40,20,45,0.006397166871465743,0.0007975812768563628
nfcorpus,PLAIN-1441,handoff64,2048,2048,1988,60,43,20,63,0.009897791780531406,0.001075413660146296
nfcorpus,PLAIN-1441,handoff,128,128,68,60,16,16,15,0.0012542500626295805,0.00020945793949067593
nfcorpus,PLAIN-1441,handoff,256,256,196,60,32,20,26,0.0029249581275507808,0.0004477497423067689
nfcorpus,PLAIN-1441,handoff,512,512,452,60,37,20,28,0.003290375112555921,0.0004857507301494479
nfcorpus,PLAIN-1441,handoff,1024,1024,964,60,40,20,32,0.0040862500900402665,0.0005734168225899339
nfcorpus,PLAIN-1441,handoff,2048,2048,1988,60,43,20,36,0.004894292098470032,0.0006586249219253659
nfcorpus,PLAIN-1441,certificate-event,128,128,68,60,16,16,15,0.001161125022917986,0.00012825021985918283
nfcorpus,PLAIN-1441,certificate-event,256,256,196,60,32,20,26,0.0027562500908970833,0.00026074890047311783
nfcorpus,PLAIN-1441,certificate-event,512,512,452,60,37,20,28,0.003097750013694167,0.0002802069066092372
nfcorpus,PLAIN-1441,certificate-event,1024,1024,964,60,40,20,32,0.0038362910272553563,0.000331290764734149
nfcorpus,PLAIN-1441,certificate-event,2048,2048,1988,60,43,20,36,0.004599916050210595,0.0003842078149318695
nfcorpus,PLAIN-1441,balanced64,128,128,68,60,16,16,4,0.00025208306033164263,1.4581019058823586e-06
nfcorpus,PLAIN-1441,balanced64,256,256,196,60,32,20,6,0.0005406660493463278,2.082088030874729e-06
nfcorpus,PLAIN-1441,balanced64,512,512,452,60,37,20,10,0.0011549580376595259,3.1242379918694496e-06
nfcorpus,PLAIN-1441,balanced64,1024,1024,964,60,40,20,18,0.002556624007411301,6.124028004705906e-06
nfcorpus,PLAIN-1441,balanced64,2048,2048,1988,60,43,20,34,0.005433415062725544,1.1496711522340775e-05
nfcorpus,PLAIN-1731,handoff,128,128,123,5,100,20,5,0.00036679196637123823,4.8835063353180885e-05
nfcorpus,PLAIN-1731,handoff,256,128,123,5,100,20,5,0.00036704191006720066,4.8835063353180885e-05
nfcorpus,PLAIN-1731,handoff,512,128,123,5,100,20,5,0.0003672918537631631,4.8835063353180885e-05
nfcorpus,PLAIN-1731,handoff,1024,128,123,5,100,20,5,0.0003674998879432678,4.8835063353180885e-05
nfcorpus,PLAIN-1731,handoff,2048,128,123,5,100,20,5,0.0003676657797768712,4.8835063353180885e-05
nfcorpus,PLAIN-1731,certificate-event,128,128,123,5,100,20,5,0.00033537507988512516,3.071012906730175e-05
nfcorpus,PLAIN-1731,certificate-event,256,128,123,5,100,20,5,0.0003355831140652299,3.071012906730175e-05
nfcorpus,PLAIN-1731,certificate-event,512,128,123,5,100,20,5,0.00033579207956790924,3.071012906730175e-05
nfcorpus,PLAIN-1731,certificate-event,1024,128,123,5,100,20,5,0.00033591710962355137,3.071012906730175e-05
nfcorpus,PLAIN-1731,certificate-event,2048,128,123,5,100,20,5,0.0003360840491950512,3.071012906730175e-05
nfcorpus,PLAIN-1731,balanced64,128,128,123,5,100,20,4,0.00037283299025148153,1.293024979531765e-06
nfcorpus,PLAIN-1731,balanced64,256,128,123,5,100,20,4,0.0003730000462383032,1.293024979531765e-06
nfcorpus,PLAIN-1731,balanced64,512,128,123,5,100,20,4,0.000373166985809803,1.293024979531765e-06
nfcorpus,PLAIN-1731,balanced64,1024,128,123,5,100,20,4,0.0003733329940587282,1.293024979531765e-06
nfcorpus,PLAIN-1731,balanced64,2048,128,123,5,100,20,4,0.00037349900230765343,1.293024979531765e-06
nfcorpus,PLAIN-1731,blocker64,128,128,123,5,100,20,4,0.0003595419693738222,6.209011189639568e-06
nfcorpus,PLAIN-1731,blocker64,256,128,123,5,100,20,4,0.0003597079776227474,6.209011189639568e-06
nfcorpus,PLAIN-1731,blocker64,512,128,123,5,100,20,4,0.0003598328912630677,6.209011189639568e-06
nfcorpus,PLAIN-1731,blocker64,1024,128,123,5,100,20,4,0.00035995792131870985,6.209011189639568e-06
nfcorpus,PLAIN-1731,blocker64,2048,128,123,5,100,20,4,0.0003601248608902097,6.209011189639568e-06
nfcorpus,PLAIN-1731,pressure64,128,128,123,5,100,20,4,0.0003944170894101262,2.5082961656153202e-05
nfcorpus,PLAIN-1731,pressure64,256,128,123,5,100,20,4,0.00039458414539694786,2.5082961656153202e-05
nfcorpus,PLAIN-1731,pressure64,512,128,123,5,100,20,4,0.0003947512013837695,2.5082961656153202e-05
nfcorpus,PLAIN-1731,pressure64,1024,128,123,5,100,20,4,0.0003949172096326947,2.5082961656153202e-05
nfcorpus,PLAIN-1731,pressure64,2048,128,123,5,100,20,4,0.00039504223968833685,2.5082961656153202e-05
nfcorpus,PLAIN-1731,unit,128,105,100,5,100,20,106,0.010102750035002828,6.903533358126879e-05
nfcorpus,PLAIN-1731,unit,256,105,100,5,100,20,106,0.010103083099238575,6.903533358126879e-05
nfcorpus,PLAIN-1731,unit,512,105,100,5,100,20,106,0.010103417094796896,6.903533358126879e-05
nfcorpus,PLAIN-1731,unit,1024,105,100,5,100,20,106,0.010103625128977,6.903533358126879e-05
nfcorpus,PLAIN-1731,unit,2048,105,100,5,100,20,106,0.010103750159032643,6.903533358126879e-05
nfcorpus,PLAIN-1731,handoff64,128,105,100,5,100,20,41,0.006137792021036148,6.92510511726141e-05
nfcorpus,PLAIN-1731,handoff64,256,105,100,5,100,20,41,0.006138000055216253,6.92510511726141e-05
nfcorpus,PLAIN-1731,handoff64,512,105,100,5,100,20,41,0.006138290977105498,6.92510511726141e-05
nfcorpus,PLAIN-1731,handoff64,1024,105,100,5,100,20,41,0.006138499011285603,6.92510511726141e-05
nfcorpus,PLAIN-1731,handoff64,2048,105,100,5,100,20,41,0.006138623924925923,6.92510511726141e-05
nfcorpus,PLAIN-1909,unit,128,128,72,56,19,19,129,0.008159916964359581,7.095059845596552e-05
nfcorpus,PLAIN-1909,unit,256,256,200,56,32,20,257,0.02457945898640901,0.00012473820243030787
nfcorpus,PLAIN-1909,unit,512,512,456,56,58,20,513,0.0654420010978356,0.0002349846763536334
nfcorpus,PLAIN-1909,unit,1024,1024,968,56,64,20,1025,0.16584954306017607,0.00045577879063785076
nfcorpus,PLAIN-1909,unit,2048,1892,1836,56,100,20,1893,0.34851233498193324,0.0008458117954432964
nfcorpus,PLAIN-1909,handoff64,128,128,72,56,19,19,13,0.0010430420516058803,0.0001878740731626749
nfcorpus,PLAIN-1909,handoff64,256,256,200,56,32,20,18,0.001761208986863494,0.0002712912391871214
nfcorpus,PLAIN-1909,handoff64,512,512,456,56,58,20,29,0.003677458968013525,0.0004663742147386074
nfcorpus,PLAIN-1909,handoff64,1024,1024,968,56,64,20,40,0.006022167974151671,0.0006405411986634135
nfcorpus,PLAIN-1909,handoff64,2048,1918,1862,56,100,20,55,0.009513251017779112,0.0008907921146601439
nfcorpus,PLAIN-1909,handoff,128,128,72,56,19,19,14,0.0011621660087257624,0.00020229083020240068
nfcorpus,PLAIN-1909,handoff,256,256,200,56,32,20,19,0.0018898319685831666,0.0002885408466681838
nfcorpus,PLAIN-1909,handoff,512,512,456,56,58,20,30,0.0038342069601640105,0.0004976247437298298
nfcorpus,PLAIN-1909,handoff,1024,1024,968,56,64,20,35,0.0049106229562312365,0.0006012497469782829
nfcorpus,PLAIN-1909,handoff,2048,2048,1992,56,100,20,39,0.005921205971390009,0.0007033327128738165
nfcorpus,PLAIN-1909,certificate-event,128,128,72,56,19,19,14,0.0011729999678209424,0.00012579304166138172
nfcorpus,PLAIN-1909,certificate-event,256,256,200,56,32,20,19,0.0019262079149484634,0.00018012721557170153
nfcorpus,PLAIN-1909,certificate-event,512,512,456,56,58,20,30,0.0037733748322352767,0.0003049609949812293
nfcorpus,PLAIN-1909,certificate-event,1024,1024,968,56,64,20,35,0.004814916872419417,0.0003710431046783924
nfcorpus,PLAIN-1909,certificate-event,2048,2048,1992,56,100,20,39,0.00573874986730516,0.00042454409413039684
nfcorpus,PLAIN-1909,balanced64,128,128,72,56,19,19,4,0.00027029099874198437,1.334003172814846e-06
nfcorpus,PLAIN-1909,balanced64,256,256,200,56,32,20,6,0.0005387070123106241,1.8761493265628815e-06
nfcorpus,PLAIN-1909,balanced64,512,512,456,56,58,20,10,0.0011775820748880506,3.002118319272995e-06
nfcorpus,PLAIN-1909,balanced64,1024,1024,968,56,64,20,18,0.002713457099162042,5.000969395041466e-06
nfcorpus,PLAIN-1909,balanced64,2048,1920,1864,56,100,20,32,0.005730499164201319,9.501236490905285e-06
nfcorpus,PLAIN-1909,blocker64,128,128,72,56,19,19,4,0.0003738339291885495,9.748968295753002e-06
nfcorpus,PLAIN-1909,blocker64,256,256,200,56,32,20,6,0.0006942088948562741,1.1290074326097965e-05
nfcorpus,PLAIN-1909,blocker64,512,512,456,56,58,20,10,0.001390916877426207,1.3541080988943577e-05
nfcorpus,PLAIN-1909,blocker64,1024,1024,968,56,64,20,18,0.0030324588296934962,1.7249141819775105e-05
nfcorpus,PLAIN-1909,blocker64,2048,1920,1864,56,100,20,32,0.006016917759552598,2.2831023670732975e-05
nfcorpus,PLAIN-1909,pressure64,128,128,72,56,19,19,4,0.00032545800786465406,2.9376009479165077e-05
nfcorpus,PLAIN-1909,pressure64,256,256,200,56,32,20,6,0.0006137910531833768,3.025098703801632e-05
nfcorpus,PLAIN-1909,pressure64,512,512,456,56,58,20,10,0.0012844160664826632,3.2167998142540455e-05
nfcorpus,PLAIN-1909,pressure64,1024,1024,968,56,64,20,18,0.002886624075472355,3.554392606019974e-05
nfcorpus,PLAIN-1909,pressure64,2048,1920,1864,56,100,20,32,0.005912207067012787,4.300067666918039e-05
nfcorpus,PLAIN-2600,pressure64,128,128,64,64,24,20,3,0.00020808400586247444,3.7665944546461105e-05
nfcorpus,PLAIN-2600,pressure64,256,256,128,128,33,20,5,0.0015716670313850045,0.0010890818666666746
nfcorpus,PLAIN-2600,pressure64,512,512,192,320,44,20,9,0.005376208922825754,0.004115498857572675
nfcorpus,PLAIN-2600,pressure64,1024,1024,376,648,62,20,18,0.014428708818741143,0.011065665865316987
nfcorpus,PLAIN-2600,pressure64,2048,1600,952,648,100,20,27,0.016708125825971365,0.011070083943195641
nfcorpus,PLAIN-2600,unit,128,128,69,59,25,20,129,0.008336166036315262,0.00010921747889369726
nfcorpus,PLAIN-2600,unit,256,256,132,124,34,20,257,0.026806000038050115,0.00019267085008323193
nfcorpus,PLAIN-2600,unit,512,512,195,317,45,20,513,0.07017220905981958,0.00033701362553983927
nfcorpus,PLAIN-2600,unit,1024,1024,376,648,62,20,1025,0.17140304308850318,0.0006053433753550053
nfcorpus,PLAIN-2600,unit,2048,1543,895,648,100,20,1544,0.29597500106319785,0.0008349752752110362
nfcorpus,PLAIN-2600,handoff64,128,128,64,64,24,20,4,0.00024691701401025057,3.937515430152416e-05
nfcorpus,PLAIN-2600,handoff64,256,256,132,124,34,20,110,0.017761124996468425,0.0022028732346370816
nfcorpus,PLAIN-2600,handoff64,512,512,195,317,45,20,242,0.042470791027881205,0.004923492902889848
nfcorpus,PLAIN-2600,handoff64,1024,1024,376,648,62,20,274,0.04971337504684925,0.005621118936687708
nfcorpus,PLAIN-2600,handoff64,2048,1543,895,648,100,20,291,0.05455837503541261,0.006019704160280526
nfcorpus,PLAIN-2600,handoff,128,128,1,127,1,1,3,0.00013891607522964478,2.062495332211256e-05
nfcorpus,PLAIN-2600,handoff,256,256,129,127,33,20,4,0.0003106241347268224,3.3041927963495255e-05
nfcorpus,PLAIN-2600,handoff,512,512,195,317,45,20,132,0.02457949914969504,0.002832415048032999
nfcorpus,PLAIN-2600,handoff,1024,1024,376,648,62,20,161,0.031409874209202826,0.003540332894772291
nfcorpus,PLAIN-2600,handoff,2048,1543,895,648,100,20,169,0.03358729020692408,0.00374850002117455
nfcorpus,PLAIN-2600,certificate-event,128,128,1,127,1,1,3,0.00013391696847975254,1.7375103197991848e-05
nfcorpus,PLAIN-2600,certificate-event,256,256,129,127,33,20,4,0.0002995419781655073,2.3541157133877277e-05
nfcorpus,PLAIN-2600,certificate-event,512,512,191,321,44,20,19,0.00307704193983227,0.0002153320237994194
nfcorpus,PLAIN-2600,certificate-event,1024,1024,376,648,62,20,36,0.007034874870441854,0.00045808113645762205
nfcorpus,PLAIN-2600,certificate-event,2048,1543,895,648,100,20,44,0.009125832933932543,0.0005894571077078581
nfcorpus,PLAIN-2600,balanced64,128,128,64,64,24,20,3,0.00016441592015326023,9.159557521343231e-07
nfcorpus,PLAIN-2600,balanced64,256,256,128,128,33,20,5,0.00045337399933487177,1.4989636838436127e-06
nfcorpus,PLAIN-2600,balanced64,512,512,256,256,42,20,9,0.001241873949766159,2.4578766897320747e-06
nfcorpus,PLAIN-2600,balanced64,1024,1024,512,512,50,20,17,0.0028632069006562233,1.2456905096769333e-05
nfcorpus,PLAIN-2600,balanced64,2048,1544,896,648,100,20,26,0.005041664931923151,1.566181890666485e-05
nfcorpus,PLAIN-2600,blocker64,128,128,64,64,24,20,3,0.00018266704864799976,8.124974556267262e-06
nfcorpus,PLAIN-2600,blocker64,256,256,128,128,33,20,5,0.00048525002785027027,9.666080586612225e-06
nfcorpus,PLAIN-2600,blocker64,512,512,192,320,44,20,9,0.001227916101925075,1.287518534809351e-05
nfcorpus,PLAIN-2600,blocker64,1024,1024,376,648,62,20,18,0.003160666092298925,2.079398836940527e-05
nfcorpus,PLAIN-2600,blocker64,2048,1600,952,648,100,20,27,0.005431833094917238,2.583616878837347e-05
nfcorpus,PLAIN-1611,handoff,128,100,100,0,100,20,101,0.009767791023477912,5.371100269258022e-05
nfcorpus,PLAIN-1611,handoff,256,100,100,0,100,20,101,0.009768040967173874,5.371100269258022e-05
nfcorpus,PLAIN-1611,handoff,512,100,100,0,100,20,101,0.00976833188906312,5.371100269258022e-05
nfcorpus,PLAIN-1611,handoff,1024,100,100,0,100,20,101,0.009768539923243225,5.371100269258022e-05
nfcorpus,PLAIN-1611,handoff,2048,100,100,0,100,20,101,0.009768706862814724,5.371100269258022e-05
nfcorpus,PLAIN-1611,certificate-event,128,100,100,0,100,20,101,0.00969308300409466,5.612964741885662e-05
nfcorpus,PLAIN-1611,certificate-event,256,100,100,0,100,20,101,0.009693333064205945,5.612964741885662e-05
nfcorpus,PLAIN-1611,certificate-event,512,100,100,0,100,20,101,0.009693583124317229,5.612964741885662e-05
nfcorpus,PLAIN-1611,certificate-event,1024,100,100,0,100,20,101,0.009693791158497334,5.612964741885662e-05
nfcorpus,PLAIN-1611,certificate-event,2048,100,100,0,100,20,101,0.009693916072137654,5.612964741885662e-05
nfcorpus,PLAIN-1611,balanced64,128,128,128,0,100,20,3,0.00032633403316140175,1.2079253792762756e-06
nfcorpus,PLAIN-1611,balanced64,256,128,128,0,100,20,3,0.0003265420673415065,1.2079253792762756e-06
nfcorpus,PLAIN-1611,balanced64,512,128,128,0,100,20,3,0.00032675114925950766,1.2079253792762756e-06
nfcorpus,PLAIN-1611,balanced64,1024,128,128,0,100,20,3,0.0003269180888310075,1.2079253792762756e-06
nfcorpus,PLAIN-1611,balanced64,2048,128,128,0,100,20,3,0.0003270431188866496,1.2079253792762756e-06
nfcorpus,PLAIN-1611,blocker64,128,128,128,0,100,20,3,0.0003227089764550328,1.375097781419754e-06
nfcorpus,PLAIN-1611,blocker64,256,128,128,0,100,20,3,0.00032291701063513756,1.375097781419754e-06
nfcorpus,PLAIN-1611,blocker64,512,128,128,0,100,20,3,0.0003230839502066374,1.375097781419754e-06
nfcorpus,PLAIN-1611,blocker64,1024,128,128,0,100,20,3,0.00032325100619345903,1.375097781419754e-06
nfcorpus,PLAIN-1611,blocker64,2048,128,128,0,100,20,3,0.00032341701444238424,1.375097781419754e-06
nfcorpus,PLAIN-1611,pressure64,128,128,128,0,100,20,3,0.0003211249131709337,1.4170072972774506e-06
nfcorpus,PLAIN-1611,pressure64,256,128,128,0,100,20,3,0.0003212919691577554,1.4170072972774506e-06
nfcorpus,PLAIN-1611,pressure64,512,128,128,0,100,20,3,0.0003214168827980757,1.4170072972774506e-06
nfcorpus,PLAIN-1611,pressure64,1024,128,128,0,100,20,3,0.0003215419128537178,1.4170072972774506e-06
nfcorpus,PLAIN-1611,pressure64,2048,128,128,0,100,20,3,0.000321707921102643,1.4170072972774506e-06
nfcorpus,PLAIN-1611,unit,128,100,100,0,100,20,101,0.009520166087895632,3.9000995457172394e-05
nfcorpus,PLAIN-1611,unit,256,100,100,0,100,20,101,0.009520416148006916,3.9000995457172394e-05
nfcorpus,PLAIN-1611,unit,512,100,100,0,100,20,101,0.009520625229924917,3.9000995457172394e-05
nfcorpus,PLAIN-1611,unit,1024,100,100,0,100,20,101,0.0095208331476897,3.9000995457172394e-05
nfcorpus,PLAIN-1611,unit,2048,100,100,0,100,20,101,0.009520958177745342,3.9000995457172394e-05
nfcorpus,PLAIN-1611,handoff64,128,100,100,0,100,20,101,0.009491332923062146,5.2215298637747765e-05
nfcorpus,PLAIN-1611,handoff64,256,100,100,0,100,20,101,0.00949154095724225,5.2215298637747765e-05
nfcorpus,PLAIN-1611,handoff64,512,100,100,0,100,20,101,0.009491748991422355,5.2215298637747765e-05
nfcorpus,PLAIN-1611,handoff64,1024,100,100,0,100,20,101,0.009491916047409177,5.2215298637747765e-05
nfcorpus,PLAIN-1611,handoff64,2048,100,100,0,100,20,101,0.009492082055658102,5.2215298637747765e-05
nfcorpus,PLAIN-1700,blocker64,128,128,64,64,4,4,3,0.00019479193724691868,7.833819836378098e-06
nfcorpus,PLAIN-1700,blocker64,256,256,128,128,6,6,5,0.0004117499338462949,1.070881262421608e-05
nfcorpus,PLAIN-1700,blocker64,512,512,337,175,14,14,10,0.0010032500140368938,1.3998826034367085e-05
nfcorpus,PLAIN-1700,blocker64,1024,1024,849,175,22,20,18,0.00211387500166893,1.7705606296658516e-05
nfcorpus,PLAIN-1700,blocker64,2048,2048,1873,175,25,20,34,0.004581416957080364,2.5912770070135593e-05
nfcorpus,PLAIN-1700,pressure64,128,128,64,64,4,4,3,0.00017374998424202204,2.9708025977015495e-05
nfcorpus,PLAIN-1700,pressure64,256,256,128,128,6,6,5,0.0006324169225990772,0.00025654013734310865
nfcorpus,PLAIN-1700,pressure64,512,512,337,175,14,14,10,0.001395916915498674,0.0003983310889452696
nfcorpus,PLAIN-1700,pressure64,1024,1024,849,175,22,20,18,0.002521333983168006,0.00040212401654571295
nfcorpus,PLAIN-1700,pressure64,2048,2048,1873,175,25,20,34,0.00487762491684407,0.00040816585533320904
nfcorpus,PLAIN-1700,unit,128,128,64,64,4,4,129,0.0074505830416455865,7.142056711018085e-05
nfcorpus,PLAIN-1700,unit,256,256,128,128,6,6,257,0.0191116250352934,0.00013917626347392797
nfcorpus,PLAIN-1700,unit,512,512,337,175,14,14,513,0.04717750009149313,0.0002512207720428705
nfcorpus,PLAIN-1700,unit,1024,1024,849,175,22,20,1025,0.11218641605228186,0.0004555577179417014
nfcorpus,PLAIN-1700,unit,2048,2048,1873,175,25,20,2049,0.25705324904993176,0.000862595159560442
nfcorpus,PLAIN-1700,handoff64,128,128,64,64,4,4,5,0.00034137500915676355,6.920797750353813e-05
nfcorpus,PLAIN-1700,handoff64,256,256,128,128,6,6,88,0.00947383395396173,0.001596882357262075
nfcorpus,PLAIN-1700,handoff64,512,512,337,175,14,14,159,0.018087749951519072,0.0029717142460867763
nfcorpus,PLAIN-1700,handoff64,1024,1024,849,175,22,20,170,0.019827915937639773,0.0031570051796734333
nfcorpus,PLAIN-1700,handoff64,2048,2048,1873,175,25,20,190,0.02317637496162206,0.003463504370301962
nfcorpus,PLAIN-1700,handoff,128,128,1,127,0,0,3,0.0001465840032324195,2.029107417911291e-05
nfcorpus,PLAIN-1700,handoff,256,256,128,128,6,6,6,0.000503833987750113,7.179123349487782e-05
nfcorpus,PLAIN-1700,handoff,512,512,337,175,14,14,76,0.00901200098451227,0.0014906235737726092
nfcorpus,PLAIN-1700,handoff,1024,1024,849,175,22,20,85,0.010401666979305446,0.0016675394726917148
nfcorpus,PLAIN-1700,handoff,2048,2048,1873,175,25,20,90,0.011250542011111975,0.001770040369592607
nfcorpus,PLAIN-1700,certificate-event,128,128,1,127,0,0,3,0.00012924999464303255,1.7000013031065464e-05
nfcorpus,PLAIN-1700,certificate-event,256,256,129,127,6,6,4,0.0002352090086787939,2.3124972358345985e-05
nfcorpus,PLAIN-1700,certificate-event,512,512,337,175,14,14,15,0.0015362499980255961,0.0001363337505608797
nfcorpus,PLAIN-1700,certificate-event,1024,1024,849,175,22,20,24,0.0029521670658141375,0.00025554397143423557
nfcorpus,PLAIN-1700,certificate-event,2048,2048,1873,175,25,20,29,0.00378312508109957,0.00032329291570931673
nfcorpus,PLAIN-1700,balanced64,128,128,64,64,4,4,3,0.00014591705985367298,1.500011421740055e-06
nfcorpus,PLAIN-1700,balanced64,256,256,128,128,6,6,5,0.0003448330098763108,2.08395067602396e-06
nfcorpus,PLAIN-1700,balanced64,512,512,337,175,14,14,10,0.0010017079766839743,4.542875103652477e-06
nfcorpus,PLAIN-1700,balanced64,1024,1024,849,175,22,20,18,0.0021144989877939224,7.126131094992161e-06
nfcorpus,PLAIN-1700,balanced64,2048,2048,1873,175,25,20,34,0.004671999020501971,1.2627104297280312e-05
nfcorpus,PLAIN-2430,blocker64,128,128,64,64,13,13,3,0.00017787492834031582,7.00005330145359e-06
nfcorpus,PLAIN-2430,blocker64,256,256,128,128,22,20,5,0.0004551669117063284,8.333008736371994e-06
nfcorpus,PLAIN-2430,blocker64,512,512,192,320,26,20,9,0.001075250911526382,1.0584015399217606e-05
nfcorpus,PLAIN-2430,blocker64,1024,1024,448,576,39,20,17,0.002482709940522909,1.625122968107462e-05
nfcorpus,PLAIN-2430,blocker64,2048,2048,920,1128,51,20,34,0.006204167963005602,2.8085429221391678e-05
nfcorpus,PLAIN-2430,pressure64,128,128,64,64,13,13,3,0.0001931249862536788,2.6583089493215084e-05
nfcorpus,PLAIN-2430,pressure64,256,256,128,128,22,20,5,0.0010692080250009894,0.0006379990372806787
nfcorpus,PLAIN-2430,pressure64,512,512,256,256,26,20,9,0.0036599580198526382,0.0026397081092000008
nfcorpus,PLAIN-2430,pressure64,1024,1024,448,576,39,20,17,0.010140249971300364,0.007653207052499056
nfcorpus,PLAIN-2430,pressure64,2048,2048,920,1128,51,20,34,0.022730667027644813,0.016395247192122042
nfcorpus,PLAIN-2430,unit,128,128,59,69,15,15,129,0.00855208293069154,9.467173367738724e-05
nfcorpus,PLAIN-2430,unit,256,256,120,136,23,20,257,0.02414991590194404,0.00016059051267802715
nfcorpus,PLAIN-2430,unit,512,512,212,300,27,20,513,0.060508582973852754,0.0003113080747425556
nfcorpus,PLAIN-2430,unit,1024,1024,433,591,39,20,1025,0.14346808299887925,0.000600854866206646
nfcorpus,PLAIN-2430,unit,2048,2048,920,1128,51,20,2049,0.34856099903117865,0.0011252041440457106
nfcorpus,PLAIN-2430,handoff64,128,128,64,64,13,13,4,0.0002689590910449624,4.383304622024298e-05
nfcorpus,PLAIN-2430,handoff64,256,256,120,136,23,20,108,0.014790834044106305,0.002007169066928327
nfcorpus,PLAIN-2430,handoff64,512,512,212,300,27,20,294,0.04450350103434175,0.005794298951514065
nfcorpus,PLAIN-2430,handoff64,1024,1024,433,591,39,20,531,0.08621358394157141,0.01088850712403655
nfcorpus,PLAIN-2430,handoff64,2048,2048,920,1128,51,20,649,0.11297591694165021,0.01379487314261496
nfcorpus,PLAIN-2430,handoff,128,128,1,127,1,1,3,0.00014670798555016518,2.3209024220705032e-05
nfcorpus,PLAIN-2430,handoff,256,256,129,127,22,20,4,0.0003054169937968254,3.5208999179303646e-05
nfcorpus,PLAIN-2430,handoff,512,512,212,300,27,20,173,0.027141999918967485,0.00351128913462162
nfcorpus,PLAIN-2430,handoff,1024,1024,433,591,39,20,409,0.06955954094883054,0.009231287520378828
nfcorpus,PLAIN-2430,handoff,2048,2048,920,1128,51,20,519,0.0949902079300955,0.012241705087944865
nfcorpus,PLAIN-2430,certificate-event,128,128,1,127,1,1,3,0.0001402499619871378,1.741712912917137e-05
nfcorpus,PLAIN-2430,certificate-event,256,256,129,127,22,20,4,0.0002883749548345804,2.3834174498915672e-05
nfcorpus,PLAIN-2430,certificate-event,512,512,210,302,27,20,10,0.0012600829359143972,9.583402425050735e-05
nfcorpus,PLAIN-2430,certificate-event,1024,1024,433,591,39,20,22,0.0037590829888358712,0.0002800840884447098
nfcorpus,PLAIN-2430,certificate-event,2048,2048,920,1128,51,20,38,0.0073315410409122705,0.0004883771762251854
nfcorpus,PLAIN-2430,balanced64,128,128,64,64,13,13,3,0.0001630409387871623,1.1658994480967522e-06
nfcorpus,PLAIN-2430,balanced64,256,256,128,128,22,20,5,0.0004184569697827101,1.8329592421650887e-06
nfcorpus,PLAIN-2430,balanced64,512,512,256,256,26,20,9,0.0010050400160253048,2.8748763725161552e-06
nfcorpus,PLAIN-2430,balanced64,1024,1024,512,512,37,20,17,0.0023021650267764926,5.1658134907484055e-06
nfcorpus,PLAIN-2430,balanced64,2048,2048,1024,1024,42,20,33,0.005719914915971458,1.0583898983895779e-05
nfcorpus,PLAIN-3402,certificate-event,128,128,1,127,1,1,3,0.00016458297614008188,2.0415987819433212e-05
nfcorpus,PLAIN-3402,certificate-event,256,256,129,127,18,18,4,0.0003119170432910323,2.8082984499633312e-05
nfcorpus,PLAIN-3402,certificate-event,512,512,243,269,32,20,23,0.003379042143933475,0.0002609157236292958
nfcorpus,PLAIN-3402,certificate-event,1024,1024,512,512,46,20,43,0.0073870421620085835,0.0005545385647565126
nfcorpus,PLAIN-3402,certificate-event,2048,2048,711,1337,52,20,52,0.009546708082780242,0.0006875386461615562
nfcorpus,PLAIN-3402,balanced64,128,128,64,64,11,11,3,0.00015716603957116604,9.580980986356735e-07
nfcorpus,PLAIN-3402,balanced64,256,256,128,128,18,18,5,0.0003996239975094795,1.4991965144872665e-06
nfcorpus,PLAIN-3402,balanced64,512,512,256,256,31,20,9,0.0010048319818452,2.4152686819434166e-06
nfcorpus,PLAIN-3402,balanced64,1024,1024,512,512,46,20,17,0.002444164943881333,4.706438630819321e-06
nfcorpus,PLAIN-3402,balanced64,2048,2048,1024,1024,52,20,33,0.0060623729368671775,1.058191992342472e-05
nfcorpus,PLAIN-3402,blocker64,128,128,64,64,11,11,3,0.0001694579841569066,8.667120710015297e-06
nfcorpus,PLAIN-3402,blocker64,256,256,128,128,18,18,5,0.00044120801612734795,1.0375166311860085e-05
nfcorpus,PLAIN-3402,blocker64,512,512,256,256,31,20,9,0.0010641660774126649,1.3125129044055939e-05
nfcorpus,PLAIN-3402,blocker64,1024,1024,512,512,46,20,17,0.002628707094117999,2.0164065062999725e-05
nfcorpus,PLAIN-3402,blocker64,2048,2048,832,1216,60,20,33,0.00610612309537828,2.8749112971127033e-05
nfcorpus,PLAIN-3402,pressure64,128,128,64,64,11,11,3,0.0001777909928932786,2.64591071754694e-05
nfcorpus,PLAIN-3402,pressure64,256,256,128,128,18,18,5,0.001012749969959259,0.0006033340469002724
nfcorpus,PLAIN-3402,pressure64,512,512,256,256,31,20,9,0.003613833920098841,0.0025311681674793363
nfcorpus,PLAIN-3402,pressure64,1024,1024,512,512,46,20,17,0.011139749898575246,0.00853816932067275
nfcorpus,PLAIN-3402,pressure64,2048,2048,832,1216,60,20,33,0.030532958917319775,0.024297961150296032
nfcorpus,PLAIN-3402,unit,128,128,55,73,13,13,129,0.007940500043332577,8.920766413211823e-05
nfcorpus,PLAIN-3402,unit,256,256,100,156,19,19,257,0.023412416107021272,0.00015770993195474148
nfcorpus,PLAIN-3402,unit,512,512,235,277,32,20,513,0.06024033320136368,0.00029967736918479204
nfcorpus,PLAIN-3402,unit,1024,1024,512,512,46,20,1025,0.15094491618219763,0.0005966454045847058
nfcorpus,PLAIN-3402,unit,2048,2048,890,1158,60,20,2049,0.36546504113357514,0.0011783783556893468
nfcorpus,PLAIN-3402,handoff64,128,128,64,64,11,11,4,0.00025170808658003807,4.720792640000582e-05
nfcorpus,PLAIN-3402,handoff64,256,256,100,156,19,19,83,0.01172470801975578,0.00160829140804708
nfcorpus,PLAIN-3402,handoff64,512,512,235,277,32,20,271,0.043397124973125756,0.005519759375602007
nfcorpus,PLAIN-3402,handoff64,1024,1024,512,512,46,20,475,0.08253362495452166,0.009970879997126758
nfcorpus,PLAIN-3402,handoff64,2048,2048,889,1159,60,20,909,0.1825013329507783,0.020554706803523004
nfcorpus,PLAIN-3402,handoff,128,128,1,127,1,1,3,0.00014216708950698376,2.0292005501687527e-05
nfcorpus,PLAIN-3402,handoff,256,256,129,127,18,18,4,0.0002883751876652241,3.287498839199543e-05
nfcorpus,PLAIN-3402,handoff,512,512,235,277,32,20,156,0.02614591713063419,0.0032466212287545204
nfcorpus,PLAIN-3402,handoff,1024,1024,512,512,46,20,360,0.065494584152475,0.008161210687831044
nfcorpus,PLAIN-3402,handoff,2048,2048,889,1159,60,20,792,0.16578095906879753,0.0199786308221519
nfcorpus,PLAIN-2991,unit,128,128,60,68,11,11,129,0.007929999963380396,9.945756755769253e-05
nfcorpus,PLAIN-2991,unit,256,256,115,141,19,19,257,0.022804041975177824,0.000167328049428761
nfcorpus,PLAIN-2991,unit,512,512,256,256,30,20,513,0.057954416959546506,0.00030520104337483644
nfcorpus,PLAIN-2991,unit,1024,1024,733,291,44,20,1025,0.1448965419549495,0.0006079659797251225
nfcorpus,PLAIN-2991,unit,2048,2048,1631,417,55,20,2049,0.34491437592078,0.0011869460577145219
nfcorpus,PLAIN-2991,handoff64,128,128,64,64,11,11,4,0.0002597919665277004,3.879109863191843e-05
nfcorpus,PLAIN-2991,handoff64,256,256,115,141,19,19,108,0.015105125959962606,0.002147834631614387
nfcorpus,PLAIN-2991,handoff64,512,512,256,256,30,20,280,0.04153058503288776,0.005547377746552229
nfcorpus,PLAIN-2991,handoff64,1024,1024,732,292,44,20,348,0.05410462606232613,0.006993381422944367
nfcorpus,PLAIN-2991,handoff64,2048,2048,1631,417,55,20,483,0.08472341706510633,0.010035550338216126
nfcorpus,PLAIN-2991,handoff,128,128,1,127,1,1,3,0.00014995806850492954,2.204196061939001e-05
nfcorpus,PLAIN-2991,handoff,256,256,129,127,19,19,4,0.0002989161293953657,3.433390520513058e-05
nfcorpus,PLAIN-2991,handoff,512,512,256,256,30,20,149,0.023527291137725115,0.0032570473849773407
nfcorpus,PLAIN-2991,handoff,1024,1024,732,292,44,20,214,0.03561691613867879,0.004811466089449823
nfcorpus,PLAIN-2991,handoff,2048,2048,1631,417,55,20,345,0.06580599921289831,0.008162048645317554
nfcorpus,PLAIN-2991,certificate-event,128,128,1,127,1,1,3,0.0001681250287219882,1.691700890660286e-05
nfcorpus,PLAIN-2991,certificate-event,256,256,129,127,19,19,4,0.0003248340217396617,2.3126020096242428e-05
nfcorpus,PLAIN-2991,certificate-event,512,512,253,259,30,20,21,0.0030795420752838254,0.00023700017482042313
nfcorpus,PLAIN-2991,certificate-event,1024,1024,716,308,44,20,40,0.006849501049146056,0.0005442510591819882
nfcorpus,PLAIN-2991,certificate-event,2048,2048,1637,411,55,20,49,0.008778460090979934,0.000680292141623795
nfcorpus,PLAIN-2991,balanced64,128,128,64,64,11,11,3,0.00015520909801125526,1.0009389370679855e-06
nfcorpus,PLAIN-2991,balanced64,256,256,128,128,19,19,5,0.0003955010324716568,1.50210689753294e-06
nfcorpus,PLAIN-2991,balanced64,512,512,256,256,30,20,9,0.0009670420549809933,2.3780157789587975e-06
nfcorpus,PLAIN-2991,balanced64,1024,1024,512,512,43,20,17,0.002349875052459538,4.501896910369396e-06
nfcorpus,PLAIN-2991,balanced64,2048,2048,1061,987,54,20,34,0.005846915999427438,9.631039574742317e-06
nfcorpus,PLAIN-2991,blocker64,128,128,64,64,11,11,3,0.000151541898958385,7.292022928595543e-06
nfcorpus,PLAIN-2991,blocker64,256,256,128,128,19,19,5,0.0004135419148951769,8.750124834477901e-06
nfcorpus,PLAIN-2991,blocker64,512,512,256,256,30,20,9,0.0009724169503897429,1.1083087883889675e-05
nfcorpus,PLAIN-2991,blocker64,1024,1024,704,320,44,20,17,0.0023228758946061134,1.624820288270712e-05
nfcorpus,PLAIN-2991,blocker64,2048,2048,1600,448,55,20,33,0.005479875952005386,2.699648030102253e-05
nfcorpus,PLAIN-2991,pressure64,128,128,64,64,11,11,3,0.00022854097187519073,3.2832962460815907e-05
nfcorpus,PLAIN-2991,pressure64,256,256,128,128,19,19,5,0.00096820795442909,0.0005192070966586471
nfcorpus,PLAIN-2991,pressure64,512,512,256,256,30,20,9,0.00324433296918869,0.0022177081555128098
nfcorpus,PLAIN-2991,pressure64,1024,1024,704,320,44,20,17,0.011130540980957448,0.008579876157455146
nfcorpus,PLAIN-2991,pressure64,2048,2048,1600,448,55,20,33,0.031645665992982686,0.025631084223277867
nfcorpus,PLAIN-3452,pressure64,128,128,64,64,21,20,3,0.0002074169460684061,2.9084039852023125e-05
nfcorpus,PLAIN-3452,pressure64,256,256,128,128,27,20,5,0.001544749946333468,0.0010495840106159449
nfcorpus,PLAIN-3452,pressure64,512,512,192,320,39,20,9,0.004908417002297938,0.003729542950168252
nfcorpus,PLAIN-3452,pressure64,1024,1024,608,416,69,20,18,0.008469833992421627,0.005397541914135218
nfcorpus,PLAIN-3452,pressure64,2048,2048,1632,416,77,20,34,0.012415834004059434,0.00540541484951973
nfcorpus,PLAIN-3452,unit,128,128,59,69,21,20,129,0.008435540948994458,9.837967809289694e-05
nfcorpus,PLAIN-3452,unit,256,256,116,140,27,20,257,0.02565049903932959,0.00017087568994611502
nfcorpus,PLAIN-3452,unit,512,512,173,339,39,20,513,0.06513604114297777,0.0003060902236029506
nfcorpus,PLAIN-3452,unit,1024,1024,608,416,69,20,1025,0.168037707102485,0.0005383299430832267
nfcorpus,PLAIN-3452,unit,2048,2048,1632,416,77,20,2049,0.4046978740952909,0.0009969694074243307
nfcorpus,PLAIN-3452,handoff64,128,128,64,64,21,20,4,0.00024691701401025057,3.883405588567257e-05
nfcorpus,PLAIN-3452,handoff64,256,256,116,140,27,20,109,0.01616770902182907,0.002066171611659229
nfcorpus,PLAIN-3452,handoff64,512,512,173,339,39,20,229,0.03680158394854516,0.004574127960950136
nfcorpus,PLAIN-3452,handoff64,1024,1024,608,416,69,20,256,0.04292949987575412,0.00512275577057153
nfcorpus,PLAIN-3452,handoff64,2048,2048,1632,416,77,20,275,0.047765416908077896,0.005460588727146387
nfcorpus,PLAIN-3452,handoff,128,128,1,127,1,1,3,0.00020629202481359243,1.995800994336605e-05
nfcorpus,PLAIN-3452,handoff,256,256,129,127,27,20,4,0.00036079203709959984,3.195810131728649e-05
nfcorpus,PLAIN-3452,handoff,512,512,173,339,39,20,101,0.016905333031900227,0.0021211206912994385
nfcorpus,PLAIN-3452,handoff,1024,1024,608,416,69,20,127,0.023099540965631604,0.002750454586930573
nfcorpus,PLAIN-3452,handoff,2048,2048,1632,416,77,20,136,0.025464082951657474,0.002964496612548828
nfcorpus,PLAIN-3452,certificate-event,128,128,1,127,1,1,3,0.00013529101852327585,1.716683618724346e-05
nfcorpus,PLAIN-3452,certificate-event,256,256,129,127,27,20,4,0.0003207910340279341,3.15419165417552e-05
nfcorpus,PLAIN-3452,certificate-event,512,512,184,328,39,20,21,0.003471166011877358,0.0003044569166377187
nfcorpus,PLAIN-3452,certificate-event,1024,1024,608,416,69,20,47,0.00896999891847372,0.0006322469562292099
nfcorpus,PLAIN-3452,certificate-event,2048,2048,1632,416,77,20,56,0.011227331822738051,0.0007643289864063263
nfcorpus,PLAIN-3452,balanced64,128,128,64,64,21,20,3,0.00019095907919108868,9.170034900307655e-07
nfcorpus,PLAIN-3452,balanced64,256,256,128,128,27,20,5,0.000529375160112977,2.2510066628456116e-06
nfcorpus,PLAIN-3452,balanced64,512,512,256,256,37,20,9,0.0012214591260999441,3.835884854197502e-06
nfcorpus,PLAIN-3452,balanced64,1024,1024,608,416,69,20,18,0.003028375096619129,6.877235136926174e-06
nfcorpus,PLAIN-3452,balanced64,2048,2048,1632,416,77,20,34,0.0067132911644876,1.1001480743288994e-05
nfcorpus,PLAIN-3452,blocker64,128,128,64,64,21,20,3,0.00017175008542835712,7.208087481558323e-06
nfcorpus,PLAIN-3452,blocker64,256,256,128,128,27,20,5,0.0004530420992523432,8.957227692008018e-06
nfcorpus,PLAIN-3452,blocker64,512,512,192,320,39,20,9,0.0010976261692121625,1.1290190741419792e-05
nfcorpus,PLAIN-3452,blocker64,1024,1024,608,416,69,20,18,0.0029391262214630842,1.641339622437954e-05
nfcorpus,PLAIN-3452,blocker64,2048,2048,1632,416,77,20,34,0.006748751271516085,2.470507752150297e-05
nfcorpus,PLAIN-3432,balanced64,128,128,64,64,18,18,3,0.00018258299678564072,1.0010553523898125e-06
nfcorpus,PLAIN-3432,balanced64,256,256,128,128,19,19,5,0.0004503329982981086,1.5849946066737175e-06
nfcorpus,PLAIN-3432,balanced64,512,512,256,256,19,19,9,0.0010006660595536232,2.6259804144501686e-06
nfcorpus,PLAIN-3432,balanced64,1024,1024,512,512,22,20,17,0.002197125111706555,5.250796675682068e-06
nfcorpus,PLAIN-3432,balanced64,2048,2048,1507,541,44,20,34,0.005112250102683902,9.710201993584633e-06
nfcorpus,PLAIN-3432,blocker64,128,128,64,64,18,18,3,0.0002175000263378024,7.1660615503787994e-06
nfcorpus,PLAIN-3432,blocker64,256,256,128,128,19,19,5,0.0005189590156078339,1.0416028089821339e-05
nfcorpus,PLAIN-3432,blocker64,512,512,320,192,20,20,9,0.0010700840502977371,1.3248994946479797e-05
nfcorpus,PLAIN-3432,blocker64,1024,1024,768,256,25,20,17,0.002269042073749006,1.8375227227807045e-05
nfcorpus,PLAIN-3432,blocker64,2048,2048,1507,541,44,20,34,0.00529900100082159,2.7331290766596794e-05
nfcorpus,PLAIN-3432,pressure64,128,128,64,64,18,18,3,0.00019816705025732517,3.0084047466516495e-05
nfcorpus,PLAIN-3432,pressure64,256,256,128,128,19,19,5,0.0012087920913472772,0.0007842499762773514
nfcorpus,PLAIN-3432,pressure64,512,512,320,192,20,20,9,0.0032902080565690994,0.0023408749839290977
nfcorpus,PLAIN-3432,pressure64,1024,1024,768,256,25,20,17,0.008292875136248767,0.006124457926489413
nfcorpus,PLAIN-3432,pressure64,2048,2048,1507,541,44,20,34,0.01807745813857764,0.012798169162124395
nfcorpus,PLAIN-3432,unit,128,128,79,49,18,18,129,0.00872412498574704,7.055129390209913e-05
nfcorpus,PLAIN-3432,unit,256,256,161,95,19,19,257,0.023933666991069913,0.00013455760199576616
nfcorpus,PLAIN-3432,unit,512,512,346,166,20,20,513,0.05544304195791483,0.00026565592270344496
nfcorpus,PLAIN-3432,unit,1024,1024,768,256,25,20,1025,0.12449733295943588,0.000541925779543817
nfcorpus,PLAIN-3432,unit,2048,2048,1507,541,44,20,2049,0.2924484999384731,0.0010795699199661613
nfcorpus,PLAIN-3432,handoff64,128,128,64,64,18,18,17,0.0014690420357510448,0.0002873331541195512
nfcorpus,PLAIN-3432,handoff64,256,256,161,95,19,19,80,0.010545708937570453,0.0015259122010320425
nfcorpus,PLAIN-3432,handoff64,512,512,346,166,20,20,224,0.031306625925935805,0.004455504356883466
nfcorpus,PLAIN-3432,handoff64,1024,1024,768,256,25,20,408,0.060251750983297825,0.008261707029305398
nfcorpus,PLAIN-3432,handoff64,2048,2048,1507,541,44,20,514,0.07914775097742677,0.010600037639960647
nfcorpus,PLAIN-3432,handoff,128,128,1,127,0,0,3,0.0001420419430360198,2.0873965695500374e-05
nfcorpus,PLAIN-3432,handoff,256,256,129,127,19,19,19,0.0021757088834419847,0.0003269570879638195
nfcorpus,PLAIN-3432,handoff,512,512,346,166,20,20,99,0.013768458855338395,0.0019736307440325618
nfcorpus,PLAIN-3432,handoff,1024,1024,768,256,25,20,283,0.04277920885942876,0.0062183046247810125
nfcorpus,PLAIN-3432,handoff,2048,2048,1507,541,44,20,384,0.06050441786646843,0.008733475464396179
nfcorpus,PLAIN-3432,certificate-event,128,128,1,127,0,0,3,0.00013241695705801249,1.6707926988601685e-05
nfcorpus,PLAIN-3432,certificate-event,256,256,129,127,19,19,19,0.0020027089631184936,0.0002025826834142208
nfcorpus,PLAIN-3432,certificate-event,512,512,354,158,20,20,22,0.0024330009473487735,0.0002344996901229024
nfcorpus,PLAIN-3432,certificate-event,1024,1024,778,246,25,20,33,0.0041132509941235185,0.00038228975608944893
nfcorpus,PLAIN-3432,certificate-event,2048,2048,1710,338,28,20,36,0.004638875951059163,0.0004183318233117461
nfcorpus,PLAIN-3261,certificate-event,128,128,42,86,2,2,5,0.00032199989072978497,3.216695040464401e-05
nfcorpus,PLAIN-3261,certificate-event,256,256,170,86,4,4,6,0.0004633339121937752,3.779190592467785e-05
nfcorpus,PLAIN-3261,certificate-event,512,512,426,86,5,5,8,0.0007122509414330125,6.258301436901093e-05
nfcorpus,PLAIN-3261,certificate-event,1024,1024,938,86,7,7,9,0.0008309599943459034,6.833299994468689e-05
nfcorpus,PLAIN-3261,certificate-event,2048,2048,1962,86,17,17,13,0.0013602100079879165,0.00011616607662290335
nfcorpus,PLAIN-3261,balanced64,128,128,64,64,2,2,3,0.000137584051117301,1.2919772416353226e-06
nfcorpus,PLAIN-3261,balanced64,256,256,170,86,4,4,6,0.0004063340602442622,2.1669548004865646e-06
nfcorpus,PLAIN-3261,balanced64,512,512,426,86,5,5,10,0.0007903759833425283,3.376859240233898e-06
nfcorpus,PLAIN-3261,balanced64,1024,1024,938,86,7,7,18,0.0015991260297596455,5.461974069476128e-06
nfcorpus,PLAIN-3261,balanced64,2048,2048,1962,86,17,17,34,0.0034897919977083802,9.002862498164177e-06
nfcorpus,PLAIN-3261,blocker64,128,128,64,64,2,2,3,0.00013145897537469864,7.3749106377363205e-06
nfcorpus,PLAIN-3261,blocker64,256,256,170,86,4,4,6,0.0003951670369133353,9.374809451401234e-06
nfcorpus,PLAIN-3261,blocker64,512,512,426,86,5,5,10,0.0007749589858576655,1.129182055592537e-05
nfcorpus,PLAIN-3261,blocker64,1024,1024,938,86,7,7,18,0.0015692929737269878,1.4707911759614944e-05
nfcorpus,PLAIN-3261,blocker64,2048,2048,1962,86,17,17,34,0.0034141680225729942,2.0789681002497673e-05
nfcorpus,PLAIN-3261,pressure64,128,128,64,64,2,2,3,0.00014887505676597357,2.658285666257143e-05
nfcorpus,PLAIN-3261,pressure64,256,256,170,86,4,4,6,0.00048033404164016247,9.520875755697489e-05
nfcorpus,PLAIN-3261,pressure64,512,512,426,86,5,5,10,0.0009169590193778276,9.787490125745535e-05
nfcorpus,PLAIN-3261,pressure64,1024,1024,938,86,7,7,18,0.001736417063511908,0.0001018765615299344
nfcorpus,PLAIN-3261,pressure64,2048,2048,1962,86,17,17,34,0.0037503750063478947,0.00010987557470798492
nfcorpus,PLAIN-3261,unit,128,128,66,62,2,2,129,0.007228792062960565,7.287703920155764e-05
nfcorpus,PLAIN-3261,unit,256,256,170,86,4,4,257,0.018048042082227767,0.00012899842113256454
nfcorpus,PLAIN-3261,unit,512,512,426,86,5,5,513,0.04116579215042293,0.00023092818446457386
nfcorpus,PLAIN-3261,unit,1024,1024,938,86,7,7,1025,0.09069516719318926,0.00043206079863011837
nfcorpus,PLAIN-3261,unit,2048,2048,1962,86,17,17,2049,0.209158459212631,0.0008598855929449201
nfcorpus,PLAIN-3261,handoff64,128,128,64,64,2,2,5,0.0002855409402400255,4.9875001423060894e-05
nfcorpus,PLAIN-3261,handoff64,256,256,170,86,4,4,23,0.002087957924231887,0.00034650065936148167
nfcorpus,PLAIN-3261,handoff64,512,512,426,86,5,5,28,0.002695124945603311,0.0004110835725441575
nfcorpus,PLAIN-3261,handoff64,1024,1024,938,86,7,7,37,0.0037871659733355045,0.0005343746161088347
nfcorpus,PLAIN-3261,handoff64,2048,2048,1962,86,17,17,56,0.006362915970385075,0.0008219166193157434
nfcorpus,PLAIN-3261,handoff,128,128,42,86,2,2,5,0.0002834169426932931,3.787502646446228e-05
nfcorpus,PLAIN-3261,handoff,256,256,170,86,4,4,6,0.00038645893801003695,4.954205360263586e-05
nfcorpus,PLAIN-3261,handoff,512,512,426,86,5,5,8,0.0006075429264456034,8.145917672663927e-05
nfcorpus,PLAIN-3261,handoff,1024,1024,938,86,7,7,9,0.00073104293551296,9.391724597662687e-05
nfcorpus,PLAIN-3261,handoff,2048,2048,1962,86,17,17,13,0.001256125862710178,0.00017145927995443344
nfcorpus,PLAIN-3392,balanced64,128,128,64,64,9,9,3,0.00016154104378074408,1.0830117389559746e-06
nfcorpus,PLAIN-3392,balanced64,256,256,153,103,16,16,6,0.0005132080987095833,1.959037035703659e-06
nfcorpus,PLAIN-3392,balanced64,512,512,409,103,25,20,10,0.0010921660577878356,3.127148374915123e-06
nfcorpus,PLAIN-3392,balanced64,1024,1024,921,103,31,20,18,0.002306833048351109,5.458248779177666e-06
nfcorpus,PLAIN-3392,balanced64,2048,2048,1945,103,73,20,34,0.005223916028626263,1.1083204299211502e-05
nfcorpus,PLAIN-3392,blocker64,128,128,64,64,9,9,3,0.00015658291522413492,7.541966624557972e-06
nfcorpus,PLAIN-3392,blocker64,256,256,153,103,16,16,6,0.000496207969263196,9.66701190918684e-06
nfcorpus,PLAIN-3392,blocker64,512,512,409,103,25,20,10,0.001059790956787765,1.1750147677958012e-05
nfcorpus,PLAIN-3392,blocker64,1024,1024,921,103,31,20,18,0.0022482079220935702,1.5166006051003933e-05
nfcorpus,PLAIN-3392,blocker64,2048,2048,1945,103,73,20,34,0.0050154998898506165,2.1124957129359245e-05
nfcorpus,PLAIN-3392,pressure64,128,128,64,64,9,9,3,0.00017200002912431955,2.8000096790492535e-05
nfcorpus,PLAIN-3392,pressure64,256,256,153,103,16,16,6,0.0007265830645337701,0.00023300014436244965
nfcorpus,PLAIN-3392,pressure64,512,512,409,103,25,20,10,0.0012812920613214374,0.00023483415134251118
nfcorpus,PLAIN-3392,pressure64,1024,1024,921,103,31,20,18,0.0024490830255672336,0.00023804232478141785
nfcorpus,PLAIN-3392,pressure64,2048,2048,1945,103,73,20,34,0.005240792059339583,0.00024737557396292686
nfcorpus,PLAIN-3392,unit,128,128,64,64,9,9,129,0.007963500102050602,7.883552461862564e-05
nfcorpus,PLAIN-3392,unit,256,256,153,103,16,16,257,0.021637541125528514,0.00014163122978061438
nfcorpus,PLAIN-3392,unit,512,512,409,103,25,20,513,0.05576916609425098,0.0002489363541826606
nfcorpus,PLAIN-3392,unit,1024,1024,921,103,31,20,1025,0.12980316614266485,0.00045632326509803534
nfcorpus,PLAIN-3392,unit,2048,2048,1945,103,73,20,2049,0.295137457200326,0.0008771222783252597
nfcorpus,PLAIN-3392,handoff64,128,128,64,64,9,9,11,0.0009305410785600543,0.00020487385336309671
nfcorpus,PLAIN-3392,handoff64,256,256,153,103,16,16,66,0.007320458069443703,0.001188212656415999
nfcorpus,PLAIN-3392,handoff64,512,512,409,103,25,20,78,0.009198041050694883,0.0014109609182924032
nfcorpus,PLAIN-3392,handoff64,1024,1024,921,103,31,20,90,0.011128875077702105,0.0015989579260349274
nfcorpus,PLAIN-3392,handoff64,2048,2048,1945,103,73,20,107,0.014132417039945722,0.001827706815674901
nfcorpus,PLAIN-3392,handoff,128,128,25,103,5,5,9,0.0008457909571006894,0.00012887397315353155
nfcorpus,PLAIN-3392,handoff,256,256,153,103,16,16,19,0.002128207008354366,0.00030016503296792507
nfcorpus,PLAIN-3392,handoff,512,512,409,103,25,20,29,0.003615749068558216,0.0004897901089861989
nfcorpus,PLAIN-3392,handoff,1024,1024,921,103,31,20,36,0.004859249107539654,0.0006369150942191482
nfcorpus,PLAIN-3392,handoff,2048,2048,1945,103,73,20,38,0.005324040073901415,0.000678040087223053
nfcorpus,PLAIN-3392,certificate-event,128,128,25,103,5,5,9,0.0007367089856415987,7.083301898092031e-05
nfcorpus,PLAIN-3392,certificate-event,256,256,153,103,16,16,19,0.0019859590101987123,0.0001703730085864663
nfcorpus,PLAIN-3392,certificate-event,512,512,409,103,25,20,29,0.0034091670531779528,0.0002885378198698163
nfcorpus,PLAIN-3392,certificate-event,1024,1024,921,103,31,20,36,0.004533834056928754,0.0003747449954971671
nfcorpus,PLAIN-3392,certificate-event,2048,2048,1945,103,73,20,38,0.004948084009811282,0.00039591093081980944
nfcorpus,PLAIN-741,pressure64,128,128,117,11,9,9,4,0.0002448329469189048,3.1082890927791595e-05
nfcorpus,PLAIN-741,pressure64,256,256,245,11,10,10,6,0.00043537397868931293,3.212480805814266e-05
nfcorpus,PLAIN-741,pressure64,512,512,501,11,11,11,10,0.0008519159164279699,3.412691876292229e-05
nfcorpus,PLAIN-741,pressure64,1024,1024,1013,11,13,13,18,0.0017882069805637002,3.766885492950678e-05
nfcorpus,PLAIN-741,pressure64,2048,2048,2037,11,14,14,34,0.004101373953744769,4.395900759845972e-05
nfcorpus,PLAIN-741,unit,128,128,117,11,9,9,129,0.007887083920650184,7.654761429876089e-05
nfcorpus,PLAIN-741,unit,256,256,245,11,10,10,257,0.01930000097490847,0.00012567115481942892
nfcorpus,PLAIN-741,unit,512,512,501,11,11,11,513,0.04514345887582749,0.0002324635861441493
nfcorpus,PLAIN-741,unit,1024,1024,1013,11,13,13,1025,0.10516562487464398,0.00043950637336820364
nfcorpus,PLAIN-741,unit,2048,2048,2037,11,14,14,2049,0.2457109158858657,0.0008646673522889614
nfcorpus,PLAIN-741,handoff64,128,128,117,11,9,9,9,0.0005574999377131462,0.0001303739845752716
nfcorpus,PLAIN-741,handoff64,256,256,245,11,10,10,11,0.0007751659722998738,0.0001557499635964632
nfcorpus,PLAIN-741,handoff64,512,512,501,11,11,11,16,0.00137645797803998,0.00022408494260162115
nfcorpus,PLAIN-741,handoff64,1024,1024,1013,11,13,13,26,0.0027801250107586384,0.0003759586252272129
nfcorpus,PLAIN-741,handoff64,2048,2048,2037,11,14,14,43,0.005518165999092162,0.000601542997173965
nfcorpus,PLAIN-741,handoff,128,128,117,11,9,9,6,0.00029162492137402296,5.7873898185789585e-05
nfcorpus,PLAIN-741,handoff,256,256,245,11,10,10,7,0.000401749974116683,6.941589526832104e-05
nfcorpus,PLAIN-741,handoff,512,512,501,11,11,11,9,0.0006533749401569366,0.00010158284567296505
nfcorpus,PLAIN-741,handoff,1024,1024,1013,11,13,13,12,0.0010679169790819287,0.00015741575043648481
nfcorpus,PLAIN-741,handoff,2048,2048,2037,11,14,14,14,0.0013860419858247042,0.00019162381067872047
nfcorpus,PLAIN-741,certificate-event,128,128,117,11,9,9,6,0.0002554169623181224,3.433297388255596e-05
nfcorpus,PLAIN-741,certificate-event,256,256,245,11,10,10,7,0.000355333904735744,3.887503407895565e-05
nfcorpus,PLAIN-741,certificate-event,512,512,501,11,11,11,9,0.0005765839014202356,5.645793862640858e-05
nfcorpus,PLAIN-741,certificate-event,1024,1024,1013,11,13,13,12,0.0009487918578088284,8.874991908669472e-05
nfcorpus,PLAIN-741,certificate-event,2048,2048,2037,11,14,14,14,0.0012445419561117887,0.00010779197327792645
nfcorpus,PLAIN-741,balanced64,128,128,117,11,9,9,4,0.00022262497805058956,1.7499551177024841e-06
nfcorpus,PLAIN-741,balanced64,256,256,245,11,10,10,6,0.0004373749252408743,2.874992787837982e-06
nfcorpus,PLAIN-741,balanced64,512,512,501,11,11,11,10,0.0008790829451754689,4.125991836190224e-06
nfcorpus,PLAIN-741,balanced64,1024,1024,1013,11,13,13,18,0.0019258329411968589,7.751979865133762e-06
nfcorpus,PLAIN-741,balanced64,2048,2048,2037,11,14,14,34,0.004297290928661823,1.2458651326596737e-05
nfcorpus,PLAIN-741,blocker64,128,128,117,11,9,9,4,0.0001976670464500785,7.750233635306358e-06
nfcorpus,PLAIN-741,blocker64,256,256,245,11,10,10,6,0.0003832089714705944,8.6252111941576e-06
nfcorpus,PLAIN-741,blocker64,512,512,501,11,11,11,10,0.0008054588688537478,1.0625342838466167e-05
nfcorpus,PLAIN-741,blocker64,1024,1024,1013,11,13,13,18,0.001787167857401073,1.4126300811767578e-05
nfcorpus,PLAIN-741,blocker64,2048,2048,2037,11,14,14,34,0.004128000815398991,2.108525950461626e-05
scifact,674,handoff,128,128,1,127,0,0,3,0.00016299996059387922,2.3792032152414322e-05
scifact,674,handoff,256,256,116,140,28,20,26,0.0034534999867901206,0.00045783398672938347
scifact,674,handoff,512,512,223,289,44,20,242,0.04354004096239805,0.005353794666007161
scifact,674,handoff,1024,1024,351,673,60,20,350,0.06733991601504385,0.008094377350062132
scifact,674,handoff,2048,2048,351,1697,65,20,356,0.0690087080001831,0.008262877236120403
scifact,674,certificate-event,128,128,1,127,0,0,3,0.00014404195826500654,1.833401620388031e-05
scifact,674,certificate-event,256,256,118,138,25,20,20,0.002504624892026186,0.00021825090516358614
scifact,674,certificate-event,512,512,209,303,44,20,54,0.008780582924373448,0.0006787099409848452
scifact,674,certificate-event,1024,1024,382,642,60,20,70,0.012293207924813032,0.0009072092361748219
scifact,674,certificate-event,2048,2048,382,1666,65,20,76,0.013828707858920097,0.0009981271577998996
scifact,674,balanced64,128,128,64,64,17,17,3,0.00016595900524407625,1.08394306153059e-06
scifact,674,balanced64,256,256,128,128,24,20,5,0.0004392089322209358,1.6260892152786255e-06
scifact,674,balanced64,512,512,256,256,42,20,9,0.0010925419628620148,2.627144567668438e-06
scifact,674,balanced64,1024,1024,512,512,58,20,17,0.00271295802667737,4.794099368155003e-06
scifact,674,balanced64,2048,2048,1024,1024,65,20,33,0.006644708104431629,9.709736332297325e-06
scifact,674,blocker64,128,128,64,64,17,17,3,0.00016516703180968761,6.8749068304896355e-06
scifact,674,blocker64,256,256,128,128,24,20,5,0.0004402500344440341,8.207978680729866e-06
scifact,674,blocker64,512,512,256,256,42,20,9,0.001102625043131411,1.0499963536858559e-05
scifact,674,blocker64,1024,1024,384,640,60,20,17,0.0027453750371932983,1.566484570503235e-05
scifact,674,blocker64,2048,2048,384,1664,65,20,33,0.006841917056590319,2.508226316422224e-05
scifact,674,pressure64,128,128,64,64,17,17,3,0.0001997080398723483,3.2041105441749096e-05
scifact,674,pressure64,256,256,128,128,24,20,5,0.0014483330305665731,0.0010022921487689018
scifact,674,pressure64,512,512,256,256,42,20,9,0.005853500100784004,0.0045687101082876325
scifact,674,pressure64,1024,1024,384,640,60,20,17,0.01944812503643334,0.0162520861485973
scifact,674,pressure64,2048,2048,384,1664,65,20,33,0.052531209075823426,0.04471879615448415
scifact,674,unit,128,128,59,69,17,17,129,0.00888112501706928,7.501954678446054e-05
scifact,674,unit,256,256,116,140,28,20,257,0.025725499959662557,0.00015739293303340673
scifact,674,unit,512,512,223,289,44,20,513,0.06745045795105398,0.0002994074020534754
scifact,674,unit,1024,1024,351,673,60,20,1025,0.17247516685165465,0.0005966711323708296
scifact,674,unit,2048,2048,351,1697,65,20,2049,0.42311149986926466,0.001180491759441793
scifact,674,handoff64,128,128,59,69,17,17,20,0.0021198750473558903,0.00034525198861956596
scifact,674,handoff64,256,256,116,140,28,20,128,0.018281250027939677,0.002520667971111834
scifact,674,handoff64,512,512,223,289,44,20,344,0.057806374970823526,0.007067658239975572
scifact,674,handoff64,1024,1024,351,673,60,20,454,0.08261229190975428,0.009691408253274858
scifact,674,handoff64,2048,2048,351,1697,65,20,474,0.08833712490741163,0.010189367225393653
scifact,1150,pressure64,128,128,64,64,12,12,3,0.00023195904213935137,3.2916897907853127e-05
scifact,1150,pressure64,256,256,128,128,21,20,5,0.0012614590814337134,0.0007724999450147152
scifact,1150,pressure64,512,512,256,256,25,20,9,0.004391918191686273,0.0032549999887123704
scifact,1150,pressure64,1024,1024,384,640,31,20,17,0.012160793179646134,0.009538832819089293
scifact,1150,pressure64,2048,2048,640,1408,32,20,33,0.030433418112806976,0.024240455008111894
scifact,1150,unit,128,128,64,64,12,12,129,0.008430041023530066,7.675052620470524e-05
scifact,1150,unit,256,256,128,128,21,20,257,0.023778624134138227,0.000146926729939878
scifact,1150,unit,512,512,256,256,25,20,513,0.059345999150536954,0.0002904771827161312
scifact,1150,unit,1024,1024,367,657,31,20,1025,0.14155837416183203,0.0005833153845742345
scifact,1150,unit,2048,2048,567,1481,32,20,2049,0.33440554118715227,0.00117232755292207
scifact,1150,handoff64,128,128,64,64,12,12,4,0.00025395897682756186,3.937492147088051e-05
scifact,1150,handoff64,256,256,128,128,21,20,91,0.013004250009544194,0.0018182492349296808
scifact,1150,handoff64,512,512,256,256,25,20,271,0.042206082958728075,0.0055785332806408405
scifact,1150,handoff64,1024,1024,367,657,31,20,433,0.07094616594258696,0.00913524185307324
scifact,1150,handoff64,2048,2048,567,1481,32,20,834,0.15742054104339331,0.0195262759225443
scifact,1150,handoff,128,128,1,127,1,1,3,0.0001640829723328352,2.1083978936076164e-05
scifact,1150,handoff,256,256,129,127,20,20,4,0.00031766598112881184,3.466801717877388e-05
scifact,1150,handoff,512,512,256,256,25,20,184,0.029599498957395554,0.003981753485277295
scifact,1150,handoff,1024,1024,367,657,31,20,343,0.057797207962721586,0.00780183426104486
scifact,1150,handoff,2048,2048,567,1481,32,20,744,0.1461287490092218,0.01937486103270203
scifact,1150,certificate-event,128,128,1,127,1,1,3,0.00014779099728912115,1.7874990589916706e-05
scifact,1150,certificate-event,256,256,129,127,20,20,4,0.00029404100496321917,2.4458044208586216e-05
scifact,1150,certificate-event,512,512,249,263,25,20,14,0.0018909999635070562,0.00015283306129276752
scifact,1150,certificate-event,1024,1024,375,649,31,20,24,0.0038027919363230467,0.00030137633439153433
scifact,1150,certificate-event,2048,2048,636,1412,32,20,28,0.004806124954484403,0.0003781685372814536
scifact,1150,balanced64,128,128,64,64,12,12,3,0.00017191690858453512,1.250067725777626e-06
scifact,1150,balanced64,256,256,128,128,21,20,5,0.00043587491381913424,1.9579892978072166e-06
scifact,1150,balanced64,512,512,256,256,25,20,9,0.0010418749880045652,3.125052899122238e-06
scifact,1150,balanced64,1024,1024,512,512,30,20,17,0.002397166914306581,5.375011824071407e-06
scifact,1150,balanced64,2048,2048,1024,1024,32,20,33,0.005481791915372014,1.045886892825365e-05
scifact,1150,blocker64,128,128,64,64,12,12,3,0.00020533299539238214,7.542083039879799e-06
scifact,1150,blocker64,256,256,128,128,21,20,5,0.0005344160599634051,1.0751187801361084e-05
scifact,1150,blocker64,512,512,256,256,25,20,9,0.0011544160079210997,1.362606417387724e-05
scifact,1150,blocker64,1024,1024,384,640,31,20,17,0.0025664990535005927,1.9083148799836636e-05
scifact,1150,blocker64,2048,2048,576,1472,32,20,33,0.005785082001239061,2.7499161660671234e-05
scifact,1271,unit,128,128,66,62,12,12,129,0.008759250049479306,9.195797611027956e-05
scifact,1271,unit,256,256,133,123,16,16,257,0.023486958001740277,0.00016350357327610254
scifact,1271,unit,512,512,269,243,21,20,513,0.05716216599103063,0.0003032912500202656
scifact,1271,unit,1024,1024,555,469,25,20,1025,0.13341424893587828,0.0005889591993764043
scifact,1271,unit,2048,2048,633,1415,29,20,2049,0.3127588739152998,0.0011319514596834779
scifact,1271,handoff64,128,128,64,64,11,11,4,0.00025183300022035837,3.933196421712637e-05
scifact,1271,handoff64,256,256,133,123,16,16,124,0.016506249085068703,0.002494371379725635
scifact,1271,handoff64,512,512,269,243,21,20,363,0.052553707151673734,0.007507954956963658
scifact,1271,handoff64,1024,1024,555,469,25,20,816,0.12946254014968872,0.017487237346358597
scifact,1271,handoff64,2048,2048,633,1415,29,20,945,0.15366049809381366,0.020569526590406895
scifact,1271,handoff,128,128,1,127,1,1,3,0.0001503749517723918,2.0582927390933037e-05
scifact,1271,handoff,256,256,129,127,16,16,4,0.0003066250355914235,3.3499905839562416e-05
scifact,1271,handoff,512,512,269,243,21,20,236,0.035713582998141646,0.005049705854617059
scifact,1271,handoff,1024,1024,555,469,25,20,689,0.11356116691604257,0.015842161723412573
scifact,1271,handoff,2048,2048,633,1415,29,20,805,0.13496175094041973,0.018884994788095355
scifact,1271,certificate-event,128,128,1,127,1,1,3,0.00014291598927229643,1.720909494906664e-05
scifact,1271,certificate-event,256,256,129,127,16,16,4,0.0002789159771054983,2.358399797230959e-05
scifact,1271,certificate-event,512,512,232,280,20,20,14,0.0018543750047683716,0.00015999807510524988
scifact,1271,certificate-event,1024,1024,624,400,25,20,24,0.0036509999772533774,0.0003262491663917899
scifact,1271,certificate-event,2048,2048,800,1248,28,20,28,0.00444683397654444,0.0003808322362601757
scifact,1271,balanced64,128,128,64,64,11,11,3,0.00018154201097786427,1.4170072972774506e-06
scifact,1271,balanced64,256,256,128,128,16,16,5,0.0004383750492706895,2.333894371986389e-06
scifact,1271,balanced64,512,512,256,256,21,20,9,0.000993375084362924,3.4178374335169792e-06
scifact,1271,balanced64,1024,1024,512,512,25,20,17,0.002300625084899366,6.292946636676788e-06
scifact,1271,balanced64,2048,2048,1024,1024,28,20,33,0.005241541075520217,1.075246836990118e-05
scifact,1271,blocker64,128,128,64,64,11,11,3,0.0001633750507608056,7.000984624028206e-06
scifact,1271,blocker64,256,256,128,128,16,16,5,0.00040541705675423145,8.334056474268436e-06
scifact,1271,blocker64,512,512,256,256,21,20,9,0.001032042084261775,1.1752010323107243e-05
scifact,1271,blocker64,1024,1024,576,448,25,20,17,0.002315875142812729,1.762912143021822e-05
scifact,1271,blocker64,2048,2048,640,1408,28,20,33,0.0053445001831278205,2.6670051738619804e-05
scifact,1271,pressure64,128,128,64,64,11,11,3,0.00018320803064852953,2.9457849450409412e-05
scifact,1271,pressure64,256,256,128,128,16,16,5,0.0010673750657588243,0.0006748747546225786
scifact,1271,pressure64,512,512,256,256,21,20,9,0.0035559170646592975,0.002615582779981196
scifact,1271,pressure64,1024,1024,512,512,25,20,17,0.010144792031496763,0.007829333655536175
scifact,1271,pressure64,2048,2048,640,1408,28,20,33,0.02582841704133898,0.020183207816444337
scifact,1316,handoff64,128,128,64,64,18,18,13,0.0012449580244719982,0.00021579302847385406
scifact,1316,handoff64,256,256,164,92,31,20,81,0.01230508298613131,0.0015508319484069943
scifact,1316,handoff64,512,512,385,127,39,20,155,0.025175874936394393,0.0030794558115303516
scifact,1316,handoff64,1024,1024,846,178,47,20,265,0.047048957902006805,0.00556553341448307
scifact,1316,handoff64,2048,2048,1369,679,76,20,351,0.06774408288765699,0.007658656686544418
scifact,1316,handoff,128,128,1,127,0,0,3,0.00014295894652605057,2.095801755785942e-05
scifact,1316,handoff,256,256,129,127,29,20,24,0.0032570010516792536,0.0004294969839975238
scifact,1316,handoff,512,512,385,127,39,20,32,0.0047076670452952385,0.0005965798627585173
scifact,1316,handoff,1024,1024,846,178,47,20,142,0.02635904203634709,0.0032299062004312873
scifact,1316,handoff,2048,2048,1369,679,76,20,227,0.04650366702117026,0.005437950254417956
scifact,1316,certificate-event,128,128,1,127,0,0,3,0.00014037499204277992,1.770805101841688e-05
scifact,1316,certificate-event,256,256,129,127,29,20,24,0.003254624898545444,0.0002635858254507184
scifact,1316,certificate-event,512,512,385,127,39,20,32,0.004685874795541167,0.0003649198915809393
scifact,1316,certificate-event,1024,1024,846,178,47,20,47,0.007645207806490362,0.0005795040633529425
scifact,1316,certificate-event,2048,2048,1860,188,51,20,55,0.009285373846068978,0.0007037939503788948
scifact,1316,balanced64,128,128,64,64,18,18,3,0.0001675420207902789,9.59029421210289e-07
scifact,1316,balanced64,256,256,128,128,29,20,5,0.00047037494368851185,1.500127837061882e-06
scifact,1316,balanced64,512,512,256,256,32,20,9,0.0011107500176876783,2.4581095203757286e-06
scifact,1316,balanced64,1024,1024,512,512,42,20,17,0.0025909170508384705,4.664878360927105e-06
scifact,1316,balanced64,2048,2048,1024,1024,51,20,33,0.006069959024898708,9.00006853044033e-06
scifact,1316,blocker64,128,128,64,64,18,18,3,0.00017008301801979542,7.042079232633114e-06
scifact,1316,blocker64,256,256,128,128,29,20,5,0.00046912406105548143,8.584116585552692e-06
scifact,1316,blocker64,512,512,384,128,39,20,9,0.0011183320311829448,1.100008375942707e-05
scifact,1316,blocker64,1024,1024,832,192,46,20,17,0.0025212480686604977,1.5750178135931492e-05
scifact,1316,blocker64,2048,2048,1344,704,76,20,33,0.0059651650954037905,2.4333014152944088e-05
scifact,1316,pressure64,128,128,64,64,18,18,3,0.0001884169178083539,2.9374961741268635e-05
scifact,1316,pressure64,256,256,128,128,29,20,5,0.0021695418981835246,0.0016623340779915452
scifact,1316,pressure64,512,512,384,128,39,20,9,0.007544999942183495,0.006317249266430736
scifact,1316,pressure64,1024,1024,832,192,46,20,17,0.020706249866634607,0.017954791197553277
scifact,1316,pressure64,2048,2048,1344,704,76,20,33,0.05622799997217953,0.04954079235903919
scifact,1316,unit,128,128,79,49,20,20,129,0.008744790917262435,7.416063454002142e-05
scifact,1316,unit,256,256,164,92,31,20,257,0.026818456943146884,0.00014716177247464657
scifact,1316,unit,512,512,385,127,39,20,513,0.06747212389018387,0.00030746369156986475
scifact,1316,unit,1024,1024,846,178,47,20,1025,0.15628254087641835,0.0005932598141953349
scifact,1316,unit,2048,2048,1369,679,76,20,2049,0.3732637908542529,0.0011947103776037693
scifact,839,handoff,128,128,1,127,1,1,3,0.00016799999866634607,2.4167937226593494e-05
scifact,839,handoff,256,256,129,127,13,13,4,0.00031466607470065355,3.9501930586993694e-05
scifact,839,handoff,512,512,233,279,15,15,214,0.030955791124142706,0.004646670655347407
scifact,839,handoff,1024,1024,512,512,24,20,554,0.08881270722486079,0.013060379424132407
scifact,839,handoff,2048,2048,1024,1024,29,20,1309,0.23877104127313942,0.033802254125475883
scifact,839,certificate-event,128,128,1,127,1,1,3,0.0001805830979719758,3.2917014323174953e-05
scifact,839,certificate-event,256,256,129,127,13,13,4,0.0003149161348119378,3.9792037568986416e-05
scifact,839,certificate-event,512,512,184,328,15,15,9,0.001054458087310195,9.958387818187475e-05
scifact,839,certificate-event,1024,1024,432,592,22,20,21,0.0030610410030931234,0.0002608359791338444
scifact,839,certificate-event,2048,2048,1173,875,29,20,34,0.005576500087045133,0.00044800201430916786
scifact,839,balanced64,128,128,64,64,10,10,3,0.00016149994917213917,1.0830117389559746e-06
scifact,839,balanced64,256,256,128,128,13,13,5,0.0003952919505536556,1.5830155462026596e-06
scifact,839,balanced64,512,512,256,256,15,15,9,0.0009166250238195062,2.417946234345436e-06
scifact,839,balanced64,1024,1024,512,512,24,20,17,0.002211000071838498,5.33577986061573e-06
scifact,839,balanced64,2048,2048,1024,1024,29,20,33,0.005287542007863522,1.0128016583621502e-05
scifact,839,blocker64,128,128,64,64,10,10,3,0.00016629102174192667,7.500057108700275e-06
scifact,839,blocker64,256,256,128,128,13,13,5,0.00040625000838190317,8.95909033715725e-06
scifact,839,blocker64,512,512,256,256,15,15,9,0.0009593329159542918,1.137610524892807e-05
scifact,839,blocker64,1024,1024,512,512,24,20,17,0.0023034578189253807,1.6543199308216572e-05
scifact,839,blocker64,2048,2048,1024,1024,29,20,33,0.0051671238616108894,2.4376320652663708e-05
scifact,839,pressure64,128,128,64,64,10,10,3,0.00018795800860971212,3.0041905120015144e-05
scifact,839,pressure64,256,256,128,128,13,13,5,0.0010038330219686031,0.000610165880061686
scifact,839,pressure64,512,512,256,256,15,15,9,0.003263375023379922,0.0022545818937942386
scifact,839,pressure64,1024,1024,512,512,24,20,17,0.008690250106155872,0.006386250024661422
scifact,839,pressure64,2048,2048,896,1152,29,20,33,0.023554750136099756,0.018019875045865774
scifact,839,unit,128,128,64,64,10,10,129,0.008757333969697356,8.304242510348558e-05
scifact,839,unit,256,256,120,136,13,13,257,0.022960333968512714,0.00015203759539872408
scifact,839,unit,512,512,233,279,15,15,513,0.054758249898441136,0.00029232760425657034
scifact,839,unit,1024,1024,512,512,24,20,1025,0.129329374874942,0.0005770401330664754
scifact,839,unit,2048,2048,1024,1024,29,20,2049,0.3068600828992203,0.0011658022413030267
scifact,839,handoff64,128,128,64,64,10,10,4,0.00024995801504701376,3.9209029637277126e-05
scifact,839,handoff64,256,256,120,136,13,13,111,0.014274999033659697,0.002149376436136663
scifact,839,handoff64,512,512,233,279,15,15,339,0.047488541109487414,0.006965753971599042
scifact,839,handoff64,1024,1024,512,512,24,20,680,0.10380220809020102,0.014548715436831117
scifact,839,handoff64,2048,2048,1024,1024,29,20,1435,0.25128229102119803,0.03288117505144328
scifact,1179,handoff64,128,128,64,64,10,10,7,0.0006023750174790621,9.133503772318363e-05
scifact,1179,handoff64,256,256,128,128,17,17,85,0.011518875020556152,0.001661623944528401
scifact,1179,handoff64,512,512,289,223,25,20,263,0.040020624990575016,0.005414404673501849
scifact,1179,handoff64,1024,1024,548,476,37,20,617,0.10353933298029006,0.013158453861251473
scifact,1179,handoff64,2048,2048,1151,897,42,20,1460,0.28488433291204274,0.033924652030691504
scifact,1179,handoff,128,128,1,127,0,0,3,0.0001489589922130108,2.15418403968215e-05
scifact,1179,handoff,256,256,128,128,17,17,14,0.0016742920270189643,0.00022950186394155025
scifact,1179,handoff,512,512,289,223,25,20,192,0.029661333071999252,0.004057921469211578
scifact,1179,handoff,1024,1024,548,476,37,20,546,0.09407462412491441,0.012514341156929731
scifact,1179,handoff,2048,2048,1151,897,42,20,1389,0.27804883220233023,0.03564046963583678
scifact,1179,certificate-event,128,128,1,127,0,0,3,0.00014712510164827108,1.8167076632380486e-05
scifact,1179,certificate-event,256,256,129,127,17,17,13,0.0014457080978900194,0.00012704194523394108
scifact,1179,certificate-event,512,512,300,212,25,20,23,0.003029750077985227,0.0002442508703097701
scifact,1179,certificate-event,1024,1024,567,457,37,20,42,0.006778000155463815,0.000510584912262857
scifact,1179,certificate-event,2048,2048,1126,922,42,20,54,0.009624583180993795,0.0007021268829703331
scifact,1179,balanced64,128,128,64,64,10,10,3,0.00015962496399879456,1.1249212548136711e-06
scifact,1179,balanced64,256,256,128,128,17,17,5,0.0004207500023767352,1.7079291865229607e-06
scifact,1179,balanced64,512,512,256,256,24,20,9,0.001034082961268723,2.7080532163381577e-06
scifact,1179,balanced64,1024,1024,512,512,35,20,17,0.0023998329415917397,5.24881761521101e-06
scifact,1179,balanced64,2048,2048,1024,1024,40,20,33,0.005627873935736716,8.915667422115803e-06
scifact,1179,blocker64,128,128,64,64,10,10,3,0.00016212498303502798,7.457914762198925e-06
scifact,1179,blocker64,256,256,128,128,17,17,5,0.00040458294097334146,8.832896128296852e-06
scifact,1179,blocker64,512,512,256,256,24,20,9,0.0009860829450190067,1.133093610405922e-05
scifact,1179,blocker64,1024,1024,512,512,35,20,17,0.00248904200270772,1.9705970771610737e-05
scifact,1179,blocker64,2048,2048,1152,896,42,20,33,0.0056129590375348926,2.8038164600729942e-05
scifact,1179,pressure64,128,128,64,64,10,10,3,0.00017858296632766724,2.8959009796380997e-05
scifact,1179,pressure64,256,256,128,128,17,17,5,0.0010037919273599982,0.0006156670860946178
scifact,1179,pressure64,512,512,256,256,24,20,9,0.0036701258504763246,0.0027140420861542225
scifact,1179,pressure64,1024,1024,512,512,35,20,17,0.011168167809955776,0.008745333878323436
scifact,1179,pressure64,2048,2048,1152,896,42,20,33,0.03229891776572913,0.026365457917563617
scifact,1179,unit,128,128,64,64,10,10,129,0.008435499970801175,7.68743921071291e-05
scifact,1179,unit,256,256,128,128,17,17,257,0.023610583040863276,0.00014486978761851788
scifact,1179,unit,512,512,289,223,25,20,513,0.05901462503243238,0.00028738356195390224
scifact,1179,unit,1024,1024,548,476,37,20,1025,0.14043349993880838,0.0005771341966465116
scifact,1179,unit,2048,2048,1151,897,42,20,2049,0.33573620789684355,0.0011558206751942635
scifact,1241,pressure64,128,128,64,64,24,20,3,0.00022737495601177216,3.2833078876137733e-05
scifact,1241,pressure64,256,256,128,128,33,20,5,0.0020044170087203383,0.0014814999885857105
scifact,1241,pressure64,512,512,256,256,59,20,9,0.007689333986490965,0.006333541008643806
scifact,1241,pressure64,1024,1024,640,384,86,20,17,0.025229001068510115,0.021760082920081913
scifact,1241,pressure64,2048,2048,1472,576,97,20,33,0.06984137604013085,0.06173379078973085
scifact,1241,unit,128,128,55,73,24,20,129,0.00913233298342675,8.308689575642347e-05
scifact,1241,unit,256,256,90,166,36,20,257,0.028460165951400995,0.00015501235611736774
scifact,1241,unit,512,512,271,241,60,20,513,0.0758982909610495,0.00029679923318326473
scifact,1241,unit,1024,1024,676,348,87,20,1025,0.1921845000470057,0.0006242475938051939
scifact,1241,unit,2048,2048,1463,585,97,20,2049,0.45971041603479534,0.0012877082917839289
scifact,1241,handoff64,128,128,64,64,24,20,4,0.00025483290664851665,3.999995533376932e-05
scifact,1241,handoff64,256,256,90,166,36,20,65,0.010530166910029948,0.0013329131761565804
scifact,1241,handoff64,512,512,271,241,60,20,151,0.028024332830682397,0.003221580176614225
scifact,1241,handoff64,1024,1024,674,350,87,20,216,0.04443970788270235,0.004799995454959571
scifact,1241,handoff64,2048,2048,1465,583,97,20,551,0.13921395782381296,0.013185953255742788
scifact,1241,handoff,128,128,1,127,1,1,3,0.0001442090142518282,2.050003968179226e-05
scifact,1241,handoff,256,256,129,127,33,20,4,0.00031925097573548555,3.320805262774229e-05
scifact,1241,handoff,512,512,271,241,60,20,40,0.00783458398655057,0.0008594550890848041
scifact,1241,handoff,1024,1024,674,350,87,20,105,0.02379162493161857,0.0025280858390033245
scifact,1241,handoff,2048,2048,1465,583,97,20,440,0.12155816692393273,0.012269878759980202
scifact,1241,certificate-event,128,128,1,127,1,1,3,0.0001492910087108612,1.6708974726498127e-05
scifact,1241,certificate-event,256,256,129,127,33,20,4,0.00032037403434515,2.304196823388338e-05
scifact,1241,certificate-event,512,512,270,242,60,20,27,0.004971666028723121,0.00032095820643007755
scifact,1241,certificate-event,1024,1024,671,353,87,20,45,0.009610373992472887,0.000638123950920999
scifact,1241,certificate-event,2048,2048,1510,538,96,20,63,0.014602040988393128,0.000930708134546876
scifact,1241,balanced64,128,128,64,64,24,20,3,0.00017333298455923796,1.000124029815197e-06
scifact,1241,balanced64,256,256,128,128,33,20,5,0.0005422909744083881,2.209097146987915e-06
scifact,1241,balanced64,512,512,256,256,59,20,9,0.001276290975511074,3.5831471905112267e-06
scifact,1241,balanced64,1024,1024,512,512,76,20,17,0.003118540975265205,5.710055120289326e-06
scifact,1241,balanced64,2048,2048,1024,1024,90,20,33,0.007566123967990279,1.0084942914545536e-05
scifact,1241,blocker64,128,128,64,64,24,20,3,0.00018408300820738077,7.1249669417738914e-06
scifact,1241,blocker64,256,256,128,128,33,20,5,0.0005099161062389612,8.501112461090088e-06
scifact,1241,blocker64,512,512,256,256,59,20,9,0.0013056660536676645,1.0876217857003212e-05
scifact,1241,blocker64,1024,1024,640,384,86,20,17,0.0033171660033985972,2.0293286070227623e-05
scifact,1241,blocker64,2048,2048,1472,576,97,20,33,0.00753195711877197,3.079324960708618e-05
scifact,845,unit,128,128,56,72,20,20,129,0.009219208033755422,9.329430758953094e-05
scifact,845,unit,256,256,149,107,35,20,257,0.028018583077937365,0.00016983458772301674
scifact,845,unit,512,512,315,197,40,20,513,0.06995425000786781,0.00031676318030804396
scifact,845,unit,1024,1024,692,332,43,20,1025,0.16025420802179724,0.000609593465924263
scifact,845,unit,2048,2048,1291,757,63,20,2049,0.37366812501568347,0.0011599468998610973
scifact,845,handoff64,128,128,56,72,20,20,23,0.002511249971576035,0.0003812498180195689
scifact,845,handoff64,256,256,149,107,35,20,92,0.01354041590820998,0.0017478722147643566
scifact,845,handoff64,512,512,315,197,40,20,274,0.046978708007372916,0.005595246446318924
scifact,845,handoff64,1024,1024,692,332,43,20,546,0.10148808301892132,0.011666127713397145
scifact,845,handoff64,2048,2048,1291,757,63,20,716,0.13804670807439834,0.015566962771117687
scifact,845,handoff,128,128,1,127,0,0,3,0.00015220895875245333,2.3209024220705032e-05
scifact,845,handoff,256,256,129,127,34,20,25,0.003546166932210326,0.00045600009616464376
scifact,845,handoff,512,512,315,197,40,20,169,0.030795499915257096,0.003822589642368257
scifact,845,handoff,1024,1024,692,332,43,20,441,0.08501979184802622,0.010248827282339334
scifact,845,handoff,2048,2048,1291,757,63,20,605,0.12043383286800236,0.014546282473020256
scifact,845,certificate-event,128,128,1,127,0,0,3,0.00018445902969688177,1.9958941265940666e-05
scifact,845,certificate-event,256,256,129,127,34,20,25,0.00354962598066777,0.00027691712602972984
scifact,845,certificate-event,512,512,321,191,40,20,35,0.005447666975669563,0.00039820827078074217
scifact,845,certificate-event,1024,1024,698,326,43,20,42,0.006913583958521485,0.000494249165058136
scifact,845,certificate-event,2048,2048,1291,757,63,20,59,0.010952834039926529,0.0007593329064548016
scifact,845,balanced64,128,128,64,64,19,19,3,0.00018870807252824306,1.374981366097927e-06
scifact,845,balanced64,256,256,128,128,34,20,5,0.0004830000689253211,1.9579892978072166e-06
scifact,845,balanced64,512,512,256,256,37,20,9,0.0012421251740306616,2.8330832719802856e-06
scifact,845,balanced64,1024,1024,512,512,42,20,17,0.0028470002580434084,6.166170351207256e-06
scifact,845,balanced64,2048,2048,1291,757,63,20,34,0.006518375244922936,1.1206022463738918e-05
scifact,845,blocker64,128,128,64,64,19,19,3,0.000185334007255733,7.6249707490205765e-06
scifact,845,blocker64,256,256,128,128,34,20,5,0.0004946670960634947,9.040930308401585e-06
scifact,845,blocker64,512,512,320,192,40,20,9,0.0011920001124963164,1.162488479167223e-05
scifact,845,blocker64,1024,1024,704,320,42,20,17,0.002717875177040696,1.7165904864668846e-05
scifact,845,blocker64,2048,2048,1291,757,63,20,34,0.006591750192455947,3.18760285153985e-05
scifact,845,pressure64,128,128,64,64,19,19,3,0.00025583303067833185,4.0999846532940865e-05
scifact,845,pressure64,256,256,128,128,34,20,5,0.0017457499634474516,0.001212374889291823
scifact,845,pressure64,512,512,320,192,40,20,9,0.006422458915039897,0.005178916966542602
scifact,845,pressure64,1024,1024,640,384,42,20,17,0.016858958872035146,0.01410650194156915
scifact,845,pressure64,2048,2048,1291,757,63,20,34,0.036392291891388595,0.02950012916699052
scifact,230,handoff,128,128,1,127,1,1,3,0.0001700409920886159,2.4790875613689423e-05
scifact,230,handoff,256,256,129,127,19,19,4,0.00033129099756479263,4.124885890632868e-05
scifact,230,handoff,512,512,179,333,25,20,111,0.018306498997844756,0.0024444557493552566
scifact,230,handoff,1024,1024,286,738,29,20,329,0.05949962406884879,0.008047037525102496
scifact,230,handoff,2048,2048,464,1584,36,20,341,0.06214474909938872,0.008392827585339546
scifact,230,certificate-event,128,128,1,127,1,1,3,0.0001448750263080001,1.7459038645029068e-05
scifact,230,certificate-event,256,256,129,127,19,19,4,0.0002983749145641923,2.3834058083593845e-05
scifact,230,certificate-event,512,512,177,335,25,20,15,0.002119207987561822,0.00015558407176285982
scifact,230,certificate-event,1024,1024,255,769,29,20,24,0.0038747909711673856,0.0002867921721190214
scifact,230,certificate-event,2048,2048,464,1584,36,20,27,0.00458291603717953,0.0003175840247422457
scifact,230,balanced64,128,128,64,64,10,10,3,0.00016383302863687277,1.500011421740055e-06
scifact,230,balanced64,256,256,128,128,19,19,5,0.0004124580882489681,2.125045284628868e-06
scifact,230,balanced64,512,512,256,256,22,20,9,0.0009821251733228564,3.250082954764366e-06
scifact,230,balanced64,1024,1024,512,512,27,20,17,0.002385167172178626,6.623216904699802e-06
scifact,230,balanced64,2048,2048,1024,1024,30,20,33,0.005461833206936717,1.1874828487634659e-05
scifact,230,blocker64,128,128,64,64,10,10,3,0.0001779159065335989,9.790994226932526e-06
scifact,230,blocker64,256,256,128,128,19,19,5,0.00042479089461266994,1.1291936971247196e-05
scifact,230,blocker64,512,512,192,320,24,20,9,0.0011003738036379218,1.5666941180825233e-05
scifact,230,blocker64,1024,1024,320,704,29,20,17,0.002547290758229792,2.1834042854607105e-05
scifact,230,blocker64,2048,2048,464,1584,36,20,34,0.006177456816658378,3.554485738277435e-05
scifact,230,pressure64,128,128,64,64,10,10,3,0.00020683393813669682,3.5501085221767426e-05
scifact,230,pressure64,256,256,128,128,19,19,5,0.001058459049090743,0.0006267930148169398
scifact,230,pressure64,512,512,192,320,24,20,9,0.0040680840611457825,0.0029423349769786
scifact,230,pressure64,1024,1024,320,704,29,20,17,0.011770584038458765,0.009019668214023113
scifact,230,pressure64,2048,2048,512,1536,36,20,33,0.02911525103263557,0.022935665911063552
scifact,230,unit,128,128,64,64,10,10,129,0.008589291013777256,8.520984556525946e-05
scifact,230,unit,256,256,120,136,19,19,257,0.023300291039049625,0.00014871684834361076
scifact,230,unit,512,512,179,333,25,20,513,0.05881654110271484,0.00029417790938168764
scifact,230,unit,1024,1024,286,738,29,20,1025,0.1413621250540018,0.0005787287373095751
scifact,230,unit,2048,2048,464,1584,36,20,2049,0.33547920803539455,0.0011439037043601274
scifact,230,handoff64,128,128,64,64,10,10,4,0.0002495419466868043,3.9417995139956474e-05
scifact,230,handoff64,256,256,121,135,19,19,80,0.010259749949909747,0.0015138713642954826
scifact,230,handoff64,512,512,179,333,25,20,202,0.030484208022244275,0.0041651224019005895
scifact,230,handoff64,1024,1024,286,738,29,20,420,0.07068512495607138,0.009190209908410907
scifact,230,handoff64,2048,2048,464,1584,36,20,457,0.07905974995810539,0.010094878962263465
scifact,659,unit,128,128,62,66,1,1,129,0.007976167020387948,8.183915633708239e-05
scifact,659,unit,256,256,123,133,3,3,257,0.01868900004774332,0.0001447523245587945
scifact,659,unit,512,512,242,270,5,5,513,0.04379216697998345,0.00028259947430342436
scifact,659,unit,1024,1024,468,556,8,8,1025,0.10319245897699147,0.0005702705821022391
scifact,659,unit,2048,2048,1024,1024,14,14,2049,0.24657995894085616,0.0011148089542984962
scifact,659,handoff64,128,128,62,66,1,1,8,0.0006296250503510237,0.00010883272625505924
scifact,659,handoff64,256,256,123,133,3,3,131,0.013652958092279732,0.002531666890718043
scifact,659,handoff64,512,512,242,270,5,5,369,0.04157079104334116,0.0073751595336943865
scifact,659,handoff64,1024,1024,468,556,8,8,820,0.10389474907424301,0.017260120366699994
scifact,659,handoff64,2048,2048,1024,1024,14,14,1515,0.21978412405587733,0.03406638524029404
scifact,659,handoff,128,128,1,127,0,0,3,0.0001538749784231186,2.1332991309463978e-05
scifact,659,handoff,256,256,123,133,3,3,15,0.0014226249186322093,0.00022358482237905264
scifact,659,handoff,512,512,242,270,5,5,253,0.02979604189749807,0.0053135426715016365
scifact,659,handoff,1024,1024,468,556,8,8,704,0.09211120894178748,0.015989171573892236
scifact,659,handoff,2048,2048,1024,1024,14,14,1399,0.2085568339098245,0.03450397460255772
scifact,659,certificate-event,128,128,1,127,0,0,3,0.00015799992252141237,1.837499439716339e-05
scifact,659,certificate-event,256,256,129,127,2,2,4,0.00027374993078410625,2.49580480158329e-05
scifact,659,certificate-event,512,512,287,225,4,4,9,0.0008760419441387057,8.958089165389538e-05
scifact,659,certificate-event,1024,1024,513,511,8,8,17,0.0019979579374194145,0.0002135400427505374
scifact,659,certificate-event,2048,2048,1009,1039,14,14,27,0.0036482488503679633,0.0003537078155204654
scifact,659,balanced64,128,128,64,64,1,1,3,0.00014037499204277992,1.1658994480967522e-06
scifact,659,balanced64,256,256,128,128,2,2,5,0.0003346659941598773,1.7909333109855652e-06
scifact,659,balanced64,512,512,256,256,5,5,9,0.0007619160460308194,2.6657944545149803e-06
scifact,659,balanced64,1024,1024,512,512,8,8,17,0.001828750129789114,5.666166543960571e-06
scifact,659,balanced64,2048,2048,1024,1024,14,14,33,0.004281917121261358,9.789247997105122e-06
scifact,659,blocker64,128,128,64,64,1,1,3,0.0001479580532759428,8.45699105411768e-06
scifact,659,blocker64,256,256,128,128,2,2,5,0.00034600007347762585,1.020706258714199e-05
scifact,659,blocker64,512,512,256,256,5,5,9,0.0007946670521050692,1.2623961083590984e-05
scifact,659,blocker64,1024,1024,448,576,8,8,17,0.001840959070250392,1.9957078620791435e-05
scifact,659,blocker64,2048,2048,1024,1024,14,14,33,0.004175208974629641,2.8414186090230942e-05
scifact,659,pressure64,128,128,64,64,1,1,3,0.00015779200475662947,2.8957845643162727e-05
scifact,659,pressure64,256,256,128,128,2,2,5,0.00043137604370713234,0.00012795778457075357
scifact,659,pressure64,512,512,256,256,5,5,9,0.0012437510304152966,0.0005311248824000359
scifact,659,pressure64,1024,1024,448,576,8,8,17,0.0037696260260418057,0.0020555828232318163
scifact,659,pressure64,2048,2048,1024,1024,14,14,33,0.011695335037074983,0.007479873718693852
scifact,552,handoff,128,128,1,127,1,1,3,0.00015862495638430119,2.245896030217409e-05
scifact,552,handoff,256,256,129,127,25,20,4,0.00033687485847622156,4.1708932258188725e-05
scifact,552,handoff,512,512,276,236,32,20,226,0.03844887495506555,0.004873798578046262
scifact,552,handoff,1024,1024,576,448,35,20,655,0.1206440000096336,0.015314032789319754
scifact,552,handoff,2048,2048,608,1440,40,20,701,0.1304013340268284,0.01656028616707772
scifact,552,certificate-event,128,128,1,127,1,1,3,0.00016779196448624134,2.0125065930187702e-05
scifact,552,certificate-event,256,256,129,127,25,20,4,0.0004044589586555958,2.7250032871961594e-05
scifact,552,certificate-event,512,512,249,263,32,20,21,0.003328125923871994,0.00024403899442404509
scifact,552,certificate-event,1024,1024,613,411,35,20,28,0.004695792915299535,0.0003363300347700715
scifact,552,certificate-event,2048,2048,613,1435,40,20,34,0.006215626839548349,0.0004306230694055557
scifact,552,balanced64,128,128,64,64,16,16,3,0.00017916597425937653,1.0420335456728935e-06
scifact,552,balanced64,256,256,128,128,25,20,5,0.0004666239256039262,1.584063284099102e-06
scifact,552,balanced64,512,512,256,256,32,20,9,0.0011099159019067883,2.5420449674129486e-06
scifact,552,balanced64,1024,1024,512,512,34,20,17,0.0025594158796593547,4.916917532682419e-06
scifact,552,balanced64,2048,2048,1024,1024,38,20,33,0.005989790894091129,1.0667950846254826e-05
scifact,552,blocker64,128,128,64,64,16,16,3,0.0001824999926611781,8.334056474268436e-06
scifact,552,blocker64,256,256,128,128,25,20,5,0.00047404097858816385,9.95909795165062e-06
scifact,552,blocker64,512,512,256,256,32,20,9,0.0012068740325048566,1.4042016118764877e-05
scifact,552,blocker64,1024,1024,576,448,35,20,17,0.00266437407117337,1.999910455197096e-05
scifact,552,blocker64,2048,2048,640,1408,40,20,33,0.006007957039400935,2.816552296280861e-05
scifact,552,pressure64,128,128,64,64,16,16,3,0.00020150002092123032,2.970790956169367e-05
scifact,552,pressure64,256,256,128,128,25,20,5,0.0014307911042124033,0.0009729578159749508
scifact,552,pressure64,512,512,256,256,32,20,9,0.004984499188140035,0.0038431236753240228
scifact,552,pressure64,1024,1024,576,448,35,20,17,0.013713958207517862,0.011001623934134841
scifact,552,pressure64,2048,2048,640,1408,40,20,33,0.03357333317399025,0.027215790702030063
scifact,552,unit,128,128,67,61,17,17,129,0.008982541970908642,8.507957682013512e-05
scifact,552,unit,256,256,135,121,25,20,257,0.026099457987584174,0.00015637511387467384
scifact,552,unit,512,512,276,236,32,20,513,0.06491054105572402,0.00030263280496001244
scifact,552,unit,1024,1024,576,448,35,20,1025,0.15051495702937245,0.0005965253803879023
scifact,552,unit,2048,2048,608,1440,40,20,2049,0.34968883194960654,0.001176844583824277
scifact,552,handoff64,128,128,64,64,16,16,4,0.0002590420190244913,3.949902020394802e-05
scifact,552,handoff64,256,256,135,121,25,20,122,0.018369001103565097,0.0024162119952961802
scifact,552,handoff64,512,512,276,236,32,20,356,0.05878596007823944,0.007359468028880656
scifact,552,handoff64,1024,1024,576,448,35,20,785,0.13966262713074684,0.016909873113036156
scifact,552,handoff64,2048,2048,608,1440,40,20,843,0.15189771121367812,0.018250666558742523
scifact,834,handoff,128,128,1,127,0,0,3,0.00015333399642258883,2.3749074898660183e-05
scifact,834,handoff,256,256,119,137,5,5,6,0.0005162920570001006,8.341600187122822e-05
scifact,834,handoff,512,512,218,294,8,8,208,0.025852708029560745,0.004406409454531968
scifact,834,handoff,1024,1024,392,632,12,12,557,0.07822287501767278,0.013012321200221777
scifact,834,handoff,2048,2048,657,1391,16,16,1030,0.16250045911874622,0.02624683326575905
scifact,834,certificate-event,128,128,1,127,0,0,3,0.00014937506057322025,1.7834012396633625e-05
scifact,834,certificate-event,256,256,129,127,5,5,5,0.00036158296279609203,3.7041958421468735e-05
scifact,834,certificate-event,512,512,218,294,8,8,10,0.0009882079903036356,9.541900362819433e-05
scifact,834,certificate-event,1024,1024,309,715,12,12,19,0.002267582924105227,0.0002129176864400506
scifact,834,certificate-event,2048,2048,508,1540,15,15,26,0.003527832916006446,0.000308708637021482
scifact,834,balanced64,128,128,64,64,4,4,3,0.00014112493954598904,1.0408693924546242e-06
scifact,834,balanced64,256,256,128,128,5,5,5,0.00034566689282655716,1.6239937394857407e-06
scifact,834,balanced64,512,512,256,256,7,7,9,0.0009652499575167894,3.957073204219341e-06
scifact,834,balanced64,1024,1024,512,512,12,12,17,0.002045457949861884,6.582122296094894e-06
scifact,834,balanced64,2048,2048,1024,1024,15,15,33,0.004499790840782225,1.0206946171820164e-05
scifact,834,blocker64,128,128,64,64,4,4,3,0.00015354109928011894,7.3749106377363205e-06
scifact,834,blocker64,256,256,128,128,5,5,5,0.0003655829932540655,8.95792618393898e-06
scifact,834,blocker64,512,512,256,256,7,7,9,0.0008218750590458512,1.1166906915605068e-05
scifact,834,blocker64,1024,1024,384,640,12,12,17,0.0018962910398840904,1.6791746020317078e-05
scifact,834,blocker64,2048,2048,640,1408,16,16,33,0.004463208024390042,2.4711829610168934e-05
scifact,834,pressure64,128,128,64,64,4,4,3,0.00017095799557864666,3.033305983990431e-05
scifact,834,pressure64,256,256,128,128,5,5,5,0.0006550410762429237,0.0003107090014964342
scifact,834,pressure64,512,512,256,256,7,7,9,0.001908708130940795,0.00098808400798589
scifact,834,pressure64,1024,1024,384,640,12,12,17,0.0053787920624017715,0.0033065000316128135
scifact,834,pressure64,2048,2048,768,1280,15,15,33,0.014586000004783273,0.009727542055770755
scifact,834,unit,128,128,58,70,4,4,129,0.008021124987863004,7.379264570772648e-05
scifact,834,unit,256,256,115,141,5,5,257,0.020399375003762543,0.00014557922258973122
scifact,834,unit,512,512,218,294,8,8,513,0.04767749994061887,0.00028266035951673985
scifact,834,unit,1024,1024,392,632,12,12,1025,0.11119583295658231,0.0005617991555482149
scifact,834,unit,2048,2048,658,1390,16,16,2049,0.26375170797109604,0.0011215206468477845
scifact,834,handoff64,128,128,61,67,4,4,6,0.00048191705718636513,8.750101551413536e-05
scifact,834,handoff64,256,256,115,141,5,5,114,0.012709959060885012,0.002191672334447503
scifact,834,handoff64,512,512,218,294,8,8,324,0.03838200110476464,0.006395849399268627
scifact,834,handoff64,1024,1024,392,632,12,12,673,0.08977733412757516,0.01410068350378424
scifact,834,handoff64,2048,2048,657,1391,16,16,1146,0.17142945912200958,0.025854151230305433
scifact,1,balanced64,128,128,64,64,3,3,3,0.00015804101713001728,1.374981366097927e-06
scifact,1,balanced64,256,256,128,128,3,3,5,0.00035570806358009577,2.00001522898674e-06
scifact,1,balanced64,512,512,256,256,8,8,9,0.0007927081314846873,2.9171351343393326e-06
scifact,1,balanced64,1024,1024,512,512,10,10,17,0.0018747501308098435,5.834037438035011e-06
scifact,1,balanced64,2048,2048,1024,1024,12,12,33,0.004290458164177835,1.020974013954401e-05
scifact,1,blocker64,128,128,64,64,3,3,3,0.00015004200395196676,7.125083357095718e-06
scifact,1,blocker64,256,256,128,128,3,3,5,0.00034962501376867294,8.66700429469347e-06
scifact,1,blocker64,512,512,256,256,8,8,9,0.0007870419649407268,1.0958057828247547e-05
scifact,1,blocker64,1024,1024,512,512,10,10,17,0.0017840840155258775,1.6039120964705944e-05
scifact,1,blocker64,2048,2048,1280,768,12,12,33,0.004045542096719146,2.3746979422867298e-05
scifact,1,pressure64,128,128,64,64,3,3,3,0.00016254093497991562,2.7831876650452614e-05
scifact,1,pressure64,256,256,128,128,3,3,5,0.0005472908960655332,0.00022916588932275772
scifact,1,pressure64,512,512,256,256,8,8,9,0.0015657488256692886,0.0007477488834410906
scifact,1,pressure64,1024,1024,512,512,10,10,17,0.004768498823978007,0.0027485399041324854
scifact,1,pressure64,2048,2048,1216,832,12,12,33,0.012328248820267618,0.00782462302595377
scifact,1,unit,128,128,64,64,3,3,129,0.0076506249606609344,6.8252207711339e-05
scifact,1,unit,256,256,128,128,3,3,257,0.01923579187132418,0.00014225882478058338
scifact,1,unit,512,512,256,256,8,8,513,0.044595582876354456,0.0002728913677856326
scifact,1,unit,1024,1024,512,512,10,10,1025,0.10415262391325086,0.0005556420655921102
scifact,1,unit,2048,2048,1317,731,12,12,2049,0.2449710399378091,0.0011249647941440344
scifact,1,handoff64,128,128,64,64,3,3,5,0.00030204199720174074,5.0958944484591484e-05
scifact,1,handoff64,256,256,128,128,3,3,86,0.009213250013999641,0.0016376649728044868
scifact,1,handoff64,512,512,256,256,8,8,264,0.0306552080437541,0.005211496376432478
scifact,1,handoff64,1024,1024,512,512,10,10,613,0.07918341702315956,0.012775296811014414
scifact,1,handoff64,2048,2048,1317,731,12,12,945,0.13137816707603633,0.02051154524087906
scifact,1,handoff,128,128,1,127,0,0,3,0.00015341700054705143,2.1000043489038944e-05
scifact,1,handoff,256,256,129,127,3,3,5,0.0003625829704105854,4.683306906372309e-05
scifact,1,handoff,512,512,256,256,8,8,182,0.021961082937195897,0.0038225780008360744
scifact,1,handoff,1024,1024,512,512,10,10,531,0.07076349994167686,0.01202727877534926
scifact,1,handoff,2048,2048,1317,731,12,12,854,0.12252424983307719,0.020741205080412328
scifact,1,certificate-event,128,128,1,127,0,0,3,0.00014654197730123997,1.7625046893954277e-05
scifact,1,certificate-event,256,256,129,127,3,3,8,0.0006280839443206787,5.066697485744953e-05
scifact,1,certificate-event,512,512,240,272,8,8,17,0.001710625016130507,0.00015691795852035284
scifact,1,certificate-event,1024,1024,387,637,9,9,21,0.002374917035922408,0.00020625093020498753
scifact,1,certificate-event,2048,2048,637,1411,11,11,24,0.002927917055785656,0.00025020900648087263
scifact,143,certificate-event,128,128,1,127,1,1,3,0.0001597920199856162,2.0082923583686352e-05
scifact,143,certificate-event,256,256,129,127,12,12,4,0.0002916250377893448,2.7082976885139942e-05
scifact,143,certificate-event,512,512,297,215,30,20,29,0.004127625026740134,0.0003625402459874749
scifact,143,certificate-event,1024,1024,547,477,44,20,46,0.007499250001274049,0.0006363320862874389
scifact,143,certificate-event,2048,2048,723,1325,76,20,61,0.011633583926595747,0.0008879151428118348
scifact,143,balanced64,128,128,64,64,8,8,3,0.0001503749517723918,9.579816833138466e-07
scifact,143,balanced64,256,256,128,128,12,12,5,0.00037183298263698816,1.5408731997013092e-06
scifact,143,balanced64,512,512,256,256,29,20,9,0.0009312080219388008,2.3740576580166817e-06
scifact,143,balanced64,1024,1024,512,512,43,20,17,0.002365124993957579,4.624132998287678e-06
scifact,143,balanced64,2048,2048,1024,1024,71,20,33,0.006480458076111972,9.209965355694294e-06
scifact,143,blocker64,128,128,64,64,8,8,3,0.00015883403830230236,7.209018804132938e-06
scifact,143,blocker64,256,256,128,128,12,12,5,0.00038995908107608557,8.667935617268085e-06
scifact,143,blocker64,512,512,320,192,29,20,9,0.0009719181107357144,1.1250958777964115e-05
scifact,143,blocker64,1024,1024,512,512,43,20,17,0.0024455850943922997,1.6917125321924686e-05
scifact,143,blocker64,2048,2048,704,1344,76,20,33,0.0064943351317197084,2.504093572497368e-05
scifact,143,pressure64,128,128,64,64,8,8,3,0.0001771249808371067,2.7832924388349056e-05
scifact,143,pressure64,256,256,128,128,12,12,5,0.0009373750071972609,0.0005619158037006855
scifact,143,pressure64,512,512,256,256,29,20,9,0.0037581250071525574,0.002693331567570567
scifact,143,pressure64,1024,1024,512,512,43,20,17,0.013355750008486211,0.010699081467464566
scifact,143,pressure64,2048,2048,704,1344,76,20,33,0.04709324997384101,0.039961204514838755
scifact,143,unit,128,128,68,60,8,8,129,0.0080132499570027,8.14234372228384e-05
scifact,143,unit,256,256,146,110,14,14,257,0.02181195793673396,0.00014721532352268696
scifact,143,unit,512,512,301,211,30,20,513,0.05848820798564702,0.00030013860668987036
scifact,143,unit,1024,1024,554,470,45,20,1025,0.14879674999974668,0.0005953973159193993
scifact,143,unit,2048,2048,691,1357,76,20,2049,0.4026291250484064,0.00118695676792413
scifact,143,handoff64,128,128,64,64,8,8,4,0.0002400000812485814,3.841705620288849e-05
scifact,143,handoff64,256,256,146,110,14,14,100,0.012449250090867281,0.0018870433559641242
scifact,143,handoff64,512,512,301,211,30,20,237,0.033934000064618886,0.004693958908319473
scifact,143,handoff64,1024,1024,554,470,45,20,466,0.07977562502492219,0.009960453491657972
scifact,143,handoff64,2048,2048,691,1357,76,20,664,0.13773120811674744,0.0154191127512604
scifact,143,handoff,128,128,1,127,1,1,3,0.000150916981510818,2.1125073544681072e-05
scifact,143,handoff,256,256,129,127,12,12,4,0.00028387492056936026,3.4250086173415184e-05
scifact,143,handoff,512,512,301,211,30,20,111,0.017598165897652507,0.0023160052951425314
scifact,143,handoff,1024,1024,554,470,45,20,338,0.06230774987488985,0.007927932078018785
scifact,143,handoff,2048,2048,691,1357,76,20,530,0.11951308290008456,0.013575052609667182
scifact,1379,blocker64,128,128,64,64,16,16,3,0.00017933291383087635,8.249888196587563e-06
scifact,1379,blocker64,256,256,128,128,27,20,5,0.00046941591426730156,9.999843314290047e-06
scifact,1379,blocker64,512,512,320,192,56,20,9,0.0011988328769803047,1.295795664191246e-05
scifact,1379,blocker64,1024,1024,384,640,82,20,17,0.003092374885454774,1.8124817870557308e-05
scifact,1379,blocker64,2048,1216,448,768,100,20,20,0.0038965839194133878,1.9957777112722397e-05
scifact,1379,pressure64,128,128,64,64,16,16,3,0.00017962499987334013,2.8959009796380997e-05
scifact,1379,pressure64,256,256,128,128,27,20,5,0.0014552919892594218,0.0010338339488953352
scifact,1379,pressure64,512,512,320,192,56,20,9,0.006670583970844746,0.005428626085631549
scifact,1379,pressure64,1024,1024,384,640,82,20,17,0.024219291983172297,0.020857875235378742
scifact,1379,pressure64,2048,1216,448,768,100,20,20,0.03170829196460545,0.027545291231945157
scifact,1379,unit,128,128,71,57,20,20,129,0.008655666024424136,7.550814189016819e-05
scifact,1379,unit,256,256,168,88,35,20,257,0.026639624033123255,0.00014788343105465174
scifact,1379,unit,512,512,307,205,57,20,513,0.07173862401396036,0.0002932260977104306
scifact,1379,unit,1024,1024,367,657,83,20,1025,0.19002941600047052,0.0005958686815574765
scifact,1379,unit,2048,1175,423,752,100,20,1176,0.22913537500426173,0.0006919954903423786
scifact,1379,handoff64,128,128,64,64,16,16,8,0.0006600409979000688,0.00011878996156156063
scifact,1379,handoff64,256,256,168,88,35,20,54,0.008254248998127878,0.00106257782317698
scifact,1379,handoff64,512,512,309,203,56,20,168,0.030415082001127303,0.003505701548419893
scifact,1379,handoff64,1024,1024,367,657,83,20,248,0.052376372972503304,0.00553232803940773
scifact,1379,handoff64,2048,1270,483,787,100,20,312,0.07103087299037725,0.007227117195725441
scifact,1379,handoff,128,128,1,127,0,0,3,0.00013687496539205313,2.0332983694970608e-05
scifact,1379,handoff,256,256,129,127,27,20,16,0.002044041990302503,0.00027004070580005646
scifact,1379,handoff,512,512,309,203,56,20,64,0.011444625910371542,0.0013732900843024254
scifact,1379,handoff,1024,1024,367,657,83,20,143,0.03278633393347263,0.003340790863148868
scifact,1379,handoff,2048,1295,508,787,100,20,207,0.051547833951190114,0.005348291946575046
scifact,1379,certificate-event,128,128,1,127,0,0,3,0.00013279099948704243,1.670804340392351e-05
scifact,1379,certificate-event,256,256,129,127,27,20,16,0.0019304159795865417,0.00016041530761867762
scifact,1379,certificate-event,512,512,319,193,56,20,46,0.007618375006131828,0.0005847474094480276
scifact,1379,certificate-event,1024,1024,365,659,83,20,59,0.010828875005245209,0.0007850814145058393
scifact,1379,certificate-event,2048,1295,508,787,100,20,74,0.015385708073154092,0.001101247500628233
scifact,1379,balanced64,128,128,64,64,16,16,3,0.00016291590873152018,1.6669509932398796e-06
scifact,1379,balanced64,256,256,128,128,27,20,5,0.0004481659270823002,2.292916178703308e-06
scifact,1379,balanced64,512,512,256,256,48,20,9,0.0012022488517686725,3.833905793726444e-06
scifact,1379,balanced64,1024,1024,512,512,82,20,17,0.003144248854368925,7.1660615503787994e-06
scifact,1379,balanced64,2048,1536,768,768,100,20,25,0.00523608282674104,9.29099041968584e-06
scifact,967,handoff,128,128,1,127,0,0,3,0.0001609170576557517,2.266606315970421e-05
scifact,967,handoff,256,256,111,145,8,8,7,0.0006604170193895698,9.808212053030729e-05
scifact,967,handoff,512,512,235,277,17,17,194,0.02747591701336205,0.004073755699209869
scifact,967,handoff,1024,1024,462,562,25,20,483,0.07598445902112871,0.011148173245601356
scifact,967,handoff,2048,2048,776,1272,28,20,1115,0.2056990839773789,0.028761053108610213
scifact,967,certificate-event,128,128,1,127,0,0,3,0.00016149994917213917,1.8707942217588425e-05
scifact,967,certificate-event,256,256,129,127,7,7,5,0.00038899993523955345,4.004104994237423e-05
scifact,967,certificate-event,512,512,298,214,16,16,18,0.0021251249127089977,0.000203707255423069
scifact,967,certificate-event,1024,1024,563,461,23,20,26,0.0034510409459471703,0.00030770618468523026
scifact,967,certificate-event,2048,2048,698,1350,28,20,34,0.0050803739577531815,0.0004271619254723191
scifact,967,balanced64,128,128,64,64,6,6,3,0.00015129102393984795,1.250067725777626e-06
scifact,967,balanced64,256,256,128,128,7,7,5,0.00035783310886472464,1.8749851733446121e-06
scifact,967,balanced64,512,512,256,256,16,16,9,0.0009259581565856934,2.917950041592121e-06
scifact,967,balanced64,1024,1024,512,512,24,20,17,0.0022318331757560372,6.126007065176964e-06
scifact,967,balanced64,2048,2048,1024,1024,28,20,33,0.0051519161788746715,9.711133316159248e-06
scifact,967,blocker64,128,128,64,64,6,6,3,0.00015587499365210533,7.459078915417194e-06
scifact,967,blocker64,256,256,128,128,7,7,5,0.00037174997851252556,8.834060281515121e-06
scifact,967,blocker64,512,512,256,256,16,16,9,0.0008974999655038118,1.1167023330926895e-05
scifact,967,blocker64,1024,1024,512,512,24,20,17,0.0022360830334946513,1.624971628189087e-05
scifact,967,blocker64,2048,2048,768,1280,28,20,33,0.005200208048336208,2.41247471421957e-05
scifact,967,pressure64,128,128,64,64,6,6,3,0.00017483404371887445,2.962502185255289e-05
scifact,967,pressure64,256,256,128,128,7,7,5,0.0008517930982634425,0.00043174996972084045
scifact,967,pressure64,512,512,256,256,16,16,9,0.0027718350756913424,0.0018050421494990587
scifact,967,pressure64,1024,1024,512,512,24,20,17,0.008497792994603515,0.006255751242861152
scifact,967,pressure64,2048,2048,832,1216,28,20,33,0.023961959057487547,0.01840666914358735
scifact,967,unit,128,128,56,72,6,6,129,0.008446916937828064,8.117803372442722e-05
scifact,967,unit,256,256,110,146,8,8,257,0.02125608397182077,0.00015013501979410648
scifact,967,unit,512,512,235,277,17,17,513,0.05286362499464303,0.000290475320070982
scifact,967,unit,1024,1024,462,562,25,20,1025,0.1280012089991942,0.0005763180088251829
scifact,967,unit,2048,2048,776,1272,28,20,2049,0.3096550010377541,0.0011563940206542611
scifact,967,handoff64,128,128,57,71,6,6,6,0.0005478749517351389,0.00014579202979803085
scifact,967,handoff64,256,256,110,146,8,8,113,0.013039999990724027,0.0022028719540685415
scifact,967,handoff64,512,512,235,277,17,17,304,0.04092262499034405,0.00620850024279207
scifact,967,handoff64,1024,1024,462,562,25,20,593,0.08814408304169774,0.012460762052796781
scifact,967,handoff64,2048,2048,776,1272,28,20,1225,0.21570629195775837,0.028223128407262266
scifact,1088,unit,128,128,62,66,9,9,129,0.00835287501104176,7.42936972528696e-05
scifact,1088,unit,256,256,133,123,14,14,257,0.022446917020715773,0.00013972015585750341
scifact,1088,unit,512,512,245,267,23,20,513,0.0558741670101881,0.00028627412393689156
scifact,1088,unit,1024,1024,476,548,30,20,1025,0.13659999996889383,0.0005826081614941359
scifact,1088,unit,2048,2048,897,1151,36,20,2049,0.3232874170644209,0.0011731316335499287
scifact,1088,handoff64,128,128,62,66,9,9,8,0.0007205830188468099,0.00011141598224639893
scifact,1088,handoff64,256,256,133,123,14,14,123,0.01575841603334993,0.002392210182733834
scifact,1088,handoff64,512,512,245,267,23,20,237,0.03197383298538625,0.004767500213347375
scifact,1088,handoff64,1024,1024,476,548,30,20,702,0.11501345795113593,0.015325382933951914
scifact,1088,handoff64,2048,2048,897,1151,36,20,1546,0.28841191600076854,0.036092765745706856
scifact,1088,handoff,128,128,1,127,0,0,3,0.00015012500807642937,2.150004729628563e-05
scifact,1088,handoff,256,256,129,127,14,14,8,0.0008401250233873725,0.0001170419855043292
scifact,1088,handoff,512,512,245,267,23,20,115,0.016195875010453165,0.002480877796187997
scifact,1088,handoff,1024,1024,476,548,30,20,580,0.10001766600180417,0.013855836703442037
scifact,1088,handoff,2048,2048,897,1151,36,20,1424,0.27612183208111674,0.03694334125611931
scifact,1088,certificate-event,128,128,1,127,0,0,3,0.00015333399642258883,1.8292106688022614e-05
scifact,1088,certificate-event,256,256,129,127,14,14,8,0.0007977919885888696,7.224990986287594e-05
scifact,1088,certificate-event,512,512,245,267,23,20,17,0.002208958030678332,0.00017945899162441492
scifact,1088,certificate-event,1024,1024,451,573,30,20,33,0.005096498993225396,0.00039941491559147835
scifact,1088,certificate-event,2048,2048,861,1187,36,20,47,0.008001124020665884,0.0006010389188304543
scifact,1088,balanced64,128,128,64,64,8,8,3,0.0001585830468684435,1.08394306153059e-06
scifact,1088,balanced64,256,256,128,128,14,14,5,0.00039412500336766243,1.5828991308808327e-06
scifact,1088,balanced64,512,512,256,256,22,20,9,0.0009390419581905007,2.458924427628517e-06
scifact,1088,balanced64,1024,1024,512,512,29,20,17,0.0023065420100465417,5.4158736020326614e-06
scifact,1088,balanced64,2048,2048,1024,1024,35,20,33,0.005380459013395011,9.501934982836246e-06
scifact,1088,blocker64,128,128,64,64,8,8,3,0.000167582998983562,7.666880264878273e-06
scifact,1088,blocker64,256,256,128,128,14,14,5,0.0004214579239487648,9.249895811080933e-06
scifact,1088,blocker64,512,512,256,256,22,20,9,0.0010444169165566564,1.1874828487634659e-05
scifact,1088,blocker64,1024,1024,512,512,29,20,17,0.0024465839378535748,1.8001766875386238e-05
scifact,1088,blocker64,2048,2048,896,1152,36,20,33,0.005529708927497268,2.6708818040788174e-05
scifact,1088,pressure64,128,128,64,64,8,8,3,0.00018400000408291817,3.004097379744053e-05
scifact,1088,pressure64,256,256,128,128,14,14,5,0.0009932090761139989,0.0005332910222932696
scifact,1088,pressure64,512,512,256,256,22,20,9,0.0035247091436758637,0.002407417166978121
scifact,1088,pressure64,1024,1024,512,512,29,20,17,0.010447709122672677,0.00800766609609127
scifact,1088,pressure64,2048,2048,960,1088,36,20,33,0.02833362517412752,0.02256175025831908
scifact,628,pressure64,128,128,64,64,10,10,3,0.0002044580178335309,3.095809370279312e-05
scifact,628,pressure64,256,256,128,128,16,16,5,0.0010621669935062528,0.0006417072145268321
scifact,628,pressure64,512,512,320,192,30,20,9,0.004132249974645674,0.0031070413533598185
scifact,628,pressure64,1024,1024,384,640,59,20,17,0.015855500008910894,0.013076668372377753
scifact,628,pressure64,2048,2048,512,1536,82,20,33,0.05283458298072219,0.045060457196086645
scifact,628,unit,128,128,70,58,10,10,129,0.008256291970610619,7.583084516227245e-05
scifact,628,unit,256,256,150,106,16,16,257,0.02270191698335111,0.00014420680236071348
scifact,628,unit,512,512,346,166,31,20,513,0.05848758399952203,0.0002913399366661906
scifact,628,unit,1024,1024,346,678,61,20,1025,0.1586719589540735,0.0005845543928444386
scifact,628,unit,2048,2048,488,1560,82,20,2049,0.42361991794314235,0.0012104104971513152
scifact,628,handoff64,128,128,64,64,10,10,11,0.0009467089548707008,0.0001766659552231431
scifact,628,handoff64,256,256,150,106,16,16,97,0.012647250900045037,0.0019299121340736747
scifact,628,handoff64,512,512,346,166,31,20,229,0.03349170892033726,0.004635738092474639
scifact,628,handoff64,1024,1024,346,678,61,20,252,0.03872395888902247,0.005164030008018017
scifact,628,handoff64,2048,2048,488,1560,82,20,352,0.06758666783571243,0.007837032899260521
scifact,628,handoff,128,128,1,127,0,0,3,0.00015337509103119373,2.13750172406435e-05
scifact,628,handoff,256,256,129,127,16,16,17,0.001974542043171823,0.00030679209157824516
scifact,628,handoff,512,512,346,166,31,20,108,0.017147209029644728,0.0022801688173785806
scifact,628,handoff,1024,1024,346,678,61,20,129,0.02209616801701486,0.002834753948263824
scifact,628,handoff,2048,2048,488,1560,82,20,221,0.04877508501522243,0.005627546110190451
scifact,628,certificate-event,128,128,1,127,0,0,3,0.00013749999925494194,1.708290074020624e-05
scifact,628,certificate-event,256,256,129,127,16,16,17,0.0018321669194847345,0.00017337372992187738
scifact,628,certificate-event,512,512,357,155,30,20,35,0.004735457943752408,0.0004147884901612997
scifact,628,certificate-event,1024,1024,357,667,61,20,57,0.009541957988403738,0.0007374522974714637
scifact,628,certificate-event,2048,2048,498,1550,82,20,73,0.014218542026355863,0.00101803510915488
scifact,628,balanced64,128,128,64,64,10,10,3,0.00016983295790851116,1.2919772416353226e-06
scifact,628,balanced64,256,256,128,128,16,16,5,0.0004195829387754202,1.9168946892023087e-06
scifact,628,balanced64,512,512,256,256,26,20,9,0.0011114169610664248,3.084074705839157e-06
scifact,628,balanced64,1024,1024,512,512,53,20,17,0.0027314999606460333,5.919020622968674e-06
scifact,628,balanced64,2048,2048,1024,1024,78,20,33,0.006518709007650614,9.667826816439629e-06
scifact,628,blocker64,128,128,64,64,10,10,3,0.00016404199413955212,7.459078915417194e-06
scifact,628,blocker64,256,256,128,128,16,16,5,0.00040291703771799803,8.916947990655899e-06
scifact,628,blocker64,512,512,320,192,30,20,9,0.0010042090434581041,1.1291936971247196e-05
scifact,628,blocker64,1024,1024,384,640,59,20,17,0.002621001098304987,1.950107980519533e-05
scifact,628,blocker64,2048,2048,512,1536,82,20,33,0.007097335183061659,3.441516309976578e-05
scifact,130,pressure64,128,128,64,64,7,7,3,0.00020087510347366333,3.100000321865082e-05
scifact,130,pressure64,256,256,128,128,8,8,5,0.0008338751504197717,0.000438417075201869
scifact,130,pressure64,512,512,256,256,11,11,9,0.00238241720944643,0.0014972920762374997
scifact,130,pressure64,1024,1024,576,448,13,13,17,0.006300083128735423,0.004281875095330179
scifact,130,pressure64,2048,2048,896,1152,18,18,33,0.01665629120543599,0.011842917883768678
scifact,130,unit,128,128,68,60,7,7,129,0.00847604195587337,8.521496783941984e-05
scifact,130,unit,256,256,137,119,8,8,257,0.021432375884614885,0.00015195843297988176
scifact,130,unit,512,512,294,218,11,11,513,0.05015925085172057,0.0002890460891649127
scifact,130,unit,1024,1024,593,431,13,13,1025,0.11335412587504834,0.0005688321543857455
scifact,130,unit,2048,2048,885,1163,18,18,2049,0.27269016788341105,0.0011380803771317005
scifact,130,handoff64,128,128,64,64,7,7,4,0.00025645806454122066,4.679197445511818e-05
scifact,130,handoff64,256,256,137,119,8,8,114,0.013480500085279346,0.002244626055471599
scifact,130,handoff64,512,512,294,218,11,11,313,0.039561000070534647,0.0063035457860678434
scifact,130,handoff64,1024,1024,593,431,13,13,653,0.08836275001522154,0.013466961332596838
scifact,130,handoff64,2048,2048,885,1163,18,18,1208,0.19005616707727313,0.027265914832241833
scifact,130,handoff,128,128,1,127,1,1,3,0.0001635829685255885,2.5916029699146748e-05
scifact,130,handoff,256,256,129,127,8,8,4,0.0002922080457210541,4.1207997128367424e-05
scifact,130,handoff,512,512,294,218,11,11,187,0.024833124014548957,0.004025369416922331
scifact,130,handoff,1024,1024,593,431,13,13,527,0.0747179570607841,0.011998478788882494
scifact,130,handoff,2048,2048,885,1163,18,18,1079,0.17825295706279576,0.02721627417486161
scifact,130,certificate-event,128,128,1,127,1,1,3,0.00015570898540318012,1.77919864654541e-05
scifact,130,certificate-event,256,256,129,127,8,8,4,0.0002785840770229697,2.4209031835198402e-05
scifact,130,certificate-event,512,512,275,237,11,11,10,0.001077959081158042,9.691901504993439e-05
scifact,130,certificate-event,1024,1024,476,548,12,12,13,0.0015418761176988482,0.00013441895134747028
scifact,130,certificate-event,2048,2048,1081,967,18,18,17,0.0023762101773172617,0.00019325304310768843
scifact,130,balanced64,128,128,64,64,7,7,3,0.00015229196287691593,9.579816833138466e-07
scifact,130,balanced64,256,256,128,128,8,8,5,0.00036679196637123823,1.5419209375977516e-06
scifact,130,balanced64,512,512,256,256,11,11,9,0.0008514170767739415,2.499902620911598e-06
scifact,130,balanced64,1024,1024,512,512,13,13,17,0.0020261250901967287,5.624955520033836e-06
scifact,130,balanced64,2048,2048,1024,1024,18,18,33,0.004654709133319557,9.500887244939804e-06
scifact,130,blocker64,128,128,64,64,7,7,3,0.00016295805107802153,8.08399636298418e-06
scifact,130,blocker64,256,256,128,128,8,8,5,0.00038412504363805056,9.66817606240511e-06
scifact,130,blocker64,512,512,256,256,11,11,9,0.0008963331347331405,1.2084143236279488e-05
scifact,130,blocker64,1024,1024,576,448,13,13,17,0.0019622910767793655,1.749955117702484e-05
scifact,130,blocker64,2048,2048,896,1152,18,18,33,0.004929666058160365,3.1251925975084305e-05
scifact,185,handoff,128,128,1,127,0,0,3,0.00018095900304615498,2.3458036594092846e-05
scifact,185,handoff,256,256,129,127,27,20,19,0.0025635419879108667,0.0003460438456386328
scifact,185,handoff,512,512,335,177,48,20,96,0.016771625028923154,0.0020732947159558535
scifact,185,handoff,1024,1024,753,271,58,20,264,0.054924166994169354,0.006267997552640736
scifact,185,handoff,2048,2048,1285,763,94,20,411,0.09161595802288502,0.01032287091948092
scifact,185,certificate-event,128,128,1,127,0,0,3,0.00014141702558845282,1.8000020645558834e-05
scifact,185,certificate-event,256,256,129,127,27,20,19,0.002345292014069855,0.00020487699657678604
scifact,185,certificate-event,512,512,338,174,48,20,37,0.0055995420552790165,0.0004498360212892294
scifact,185,certificate-event,1024,1024,753,271,58,20,56,0.00979520904365927,0.0007410828256979585
scifact,185,certificate-event,2048,2048,1588,460,69,20,73,0.013926417101174593,0.0010015806183218956
scifact,185,balanced64,128,128,64,64,16,16,3,0.0001634999644011259,1.1670636013150215e-06
scifact,185,balanced64,256,256,128,128,27,20,5,0.0004374579293653369,1.791166141629219e-06
scifact,185,balanced64,512,512,256,256,46,20,9,0.0011493749916553497,2.752058207988739e-06
scifact,185,balanced64,1024,1024,512,512,53,20,17,0.002797541907057166,4.918081685900688e-06
scifact,185,balanced64,2048,2048,1024,1024,60,20,33,0.006544749950990081,9.333831258118153e-06
scifact,185,blocker64,128,128,64,64,16,16,3,0.00017345801461488008,7.873866707086563e-06
scifact,185,blocker64,256,256,128,128,27,20,5,0.00048804201651364565,9.290757589042187e-06
scifact,185,blocker64,512,512,320,192,47,20,9,0.0012270830338820815,1.3749813660979271e-05
scifact,185,blocker64,1024,1024,704,320,57,20,17,0.0028887499356642365,2.0123901776969433e-05
scifact,185,blocker64,2048,2048,1280,768,94,20,33,0.006857791915535927,2.9997900128364563e-05
scifact,185,pressure64,128,128,64,64,16,16,3,0.00019799999427050352,3.204203676432371e-05
scifact,185,pressure64,256,256,128,128,27,20,5,0.0014665840426459908,0.0010095430770888925
scifact,185,pressure64,512,512,320,192,47,20,9,0.006422042963095009,0.0051727499812841415
scifact,185,pressure64,1024,1024,704,320,57,20,17,0.020101126050576568,0.017109042964875698
scifact,185,pressure64,2048,2048,1280,768,94,20,33,0.05494879302568734,0.04776775278151035
scifact,185,unit,128,128,59,69,17,17,129,0.008428458007983863,7.158482912927866e-05
scifact,185,unit,256,256,132,124,27,20,257,0.025387958041392267,0.00013891817070543766
scifact,185,unit,512,512,335,177,48,20,513,0.06950662506278604,0.0002909682225435972
scifact,185,unit,1024,1024,753,271,58,20,1025,0.17100358312018216,0.0005878563970327377
scifact,185,unit,2048,2048,1274,774,94,20,2049,0.4110800002235919,0.0011746560921892524
scifact,185,handoff64,128,128,59,69,17,17,13,0.0013160420348867774,0.0002244589850306511
scifact,185,handoff64,256,256,132,124,27,20,104,0.01525974995456636,0.0021132512483745813
scifact,185,handoff64,512,512,335,177,48,20,186,0.029902208945713937,0.0037676721112802625
scifact,185,handoff64,1024,1024,753,271,58,20,354,0.0676288758404553,0.0076130053494125605
scifact,185,handoff64,2048,2048,1285,763,94,20,503,0.10471033491194248,0.011277296114712954
trec-covid,8,handoff64,128,128,64,64,2,2,5,0.0003927910001948476,7.583294063806534e-05
trec-covid,8,handoff64,256,256,128,128,2,2,86,0.00990441592875868,0.0017722066259011626
trec-covid,8,handoff64,512,512,242,270,6,6,257,0.03197245788760483,0.00559483258984983
trec-covid,8,handoff64,1024,1024,468,556,10,10,708,0.0979162078583613,0.015820421744138002
trec-covid,8,handoff64,2048,2048,742,1306,12,12,1262,0.18287662486545742,0.028765126364305615
trec-covid,8,handoff,128,128,1,127,0,0,3,0.00016062508802860975,2.1792016923427582e-05
trec-covid,8,handoff,256,256,129,127,2,2,5,0.00038275006227195263,5.066697485744953e-05
trec-covid,8,handoff,512,512,242,270,6,6,175,0.02196962502785027,0.0038889871211722493
trec-covid,8,handoff,1024,1024,468,556,10,10,626,0.08817304205149412,0.014921865426003933
trec-covid,8,handoff,2048,2048,742,1306,12,12,1175,0.17309900012332946,0.02940995735116303
trec-covid,8,certificate-event,128,128,1,127,0,0,3,0.0001539579825475812,1.9166036508977413e-05
trec-covid,8,certificate-event,256,256,129,127,2,2,30,0.0029745829524472356,0.00017674779519438744
trec-covid,8,certificate-event,512,512,249,263,6,6,37,0.0038134159985929728,0.00025658286176621914
trec-covid,8,certificate-event,1024,1024,393,631,10,10,47,0.005166374030523002,0.00039095664396882057
trec-covid,8,certificate-event,2048,2048,1417,631,11,11,49,0.005486708017997444,0.00041212374344468117
trec-covid,8,balanced64,128,128,64,64,2,2,3,0.0001836660085245967,9.170034900307655e-07
trec-covid,8,balanced64,256,256,128,128,2,2,5,0.00044545799028128386,1.5419209375977516e-06
trec-covid,8,balanced64,512,512,256,256,6,6,9,0.000905998982489109,3.6261044442653656e-06
trec-covid,8,balanced64,1024,1024,512,512,10,10,17,0.0019474580185487866,6.0443999245762825e-06
trec-covid,8,balanced64,2048,2048,1024,1024,12,12,33,0.00420491595286876,1.004454679787159e-05
trec-covid,8,blocker64,128,128,64,64,2,2,3,0.00015595799777656794,7.125083357095718e-06
trec-covid,8,blocker64,256,256,128,128,2,2,5,0.00035691692028194666,8.417177014052868e-06
trec-covid,8,blocker64,512,512,256,256,6,6,9,0.0007859580218791962,1.0667135939002037e-05
trec-covid,8,blocker64,1024,1024,448,576,10,10,17,0.0018007910111919045,1.5666126273572445e-05
trec-covid,8,blocker64,2048,2048,768,1280,12,12,33,0.003999958047643304,2.3791100829839706e-05
trec-covid,8,pressure64,128,128,64,64,2,2,3,0.00018325005657970905,3.4833094105124474e-05
trec-covid,8,pressure64,256,256,128,128,2,2,5,0.000676875002682209,0.00031387503258883953
trec-covid,8,pressure64,512,512,256,256,6,6,9,0.0016539170173928142,0.000867958995513618
trec-covid,8,pressure64,1024,1024,448,576,10,10,17,0.006364083965308964,0.0044176249066367745
trec-covid,8,pressure64,2048,2048,768,1280,12,12,33,0.017457291949540377,0.013105666381306946
trec-covid,8,unit,128,128,64,64,2,2,129,0.009094374952837825,8.337164763361216e-05
trec-covid,8,unit,256,256,128,128,2,2,257,0.021570540964603424,0.00015512097161263227
trec-covid,8,unit,512,512,242,270,6,6,513,0.04834687395486981,0.000306570902466774
trec-covid,8,unit,1024,1024,468,556,10,10,1025,0.11134891491383314,0.0006049465155228972
trec-covid,8,unit,2048,2048,742,1306,12,12,2049,0.24786158185452223,0.0011714870342984796
trec-covid,34,pressure64,128,128,64,64,4,4,3,0.00021362502593547106,3.5041943192481995e-05
trec-covid,34,pressure64,256,256,128,128,5,5,5,0.0008700410835444927,0.0004624578868970275
trec-covid,34,pressure64,512,512,256,256,6,6,9,0.0024882490979507565,0.0016039590118452907
trec-covid,34,pressure64,1024,1024,448,576,7,7,17,0.006229833117686212,0.0042783760000020266
trec-covid,34,pressure64,2048,2048,1024,1024,7,7,33,0.014179916121065617,0.01010450185276568
trec-covid,34,unit,128,128,64,64,4,4,129,0.00924712501000613,7.712084334343672e-05
trec-covid,34,unit,256,256,128,128,5,5,257,0.022589000058360398,0.00014999357517808676
trec-covid,34,unit,512,512,256,256,6,6,513,0.050697874976322055,0.00028774922247976065
trec-covid,34,unit,1024,1024,512,512,7,7,1025,0.11039208306465298,0.0005925867008045316
trec-covid,34,unit,2048,2048,1024,1024,7,7,2049,0.23749454109929502,0.001147940056398511
trec-covid,34,handoff64,128,128,64,64,4,4,5,0.0003432090161368251,5.633290857076645e-05
trec-covid,34,handoff64,256,256,128,128,5,5,87,0.010566624929197133,0.001802415819838643
trec-covid,34,handoff64,512,512,256,256,6,6,263,0.033483500010333955,0.005634542088955641
trec-covid,34,handoff64,1024,1024,512,512,7,7,611,0.0817334579769522,0.013435846078209579
trec-covid,34,handoff64,2048,2048,1024,1024,7,7,1365,0.19154870801139623,0.03058808739297092
trec-covid,34,handoff,128,128,1,127,0,0,3,0.0001573330955579877,2.1458021365106106e-05
trec-covid,34,handoff,256,256,129,127,5,5,5,0.0003880411386489868,5.0166971050202847e-05
trec-covid,34,handoff,512,512,256,256,6,6,180,0.02383050019852817,0.004051126190461218
trec-covid,34,handoff,1024,1024,512,512,7,7,528,0.07284541614353657,0.012583880918100476
trec-covid,34,handoff,2048,2048,1024,1024,7,7,1282,0.18479645706247538,0.03187132882885635
trec-covid,34,certificate-event,128,128,1,127,0,0,3,0.00022000004537403584,2.558401320129633e-05
trec-covid,34,certificate-event,256,256,129,127,5,5,24,0.002231542021036148,0.00014312576968222857
trec-covid,34,certificate-event,512,512,131,381,6,6,27,0.0026003329548984766,0.00017570762429386377
trec-covid,34,certificate-event,1024,1024,437,587,7,7,30,0.003014874877408147,0.0002114996314048767
trec-covid,34,certificate-event,2048,2048,1113,935,7,7,32,0.0032916248310357332,0.0002344166859984398
trec-covid,34,balanced64,128,128,64,64,4,4,3,0.00015429104678332806,1.125037670135498e-06
trec-covid,34,balanced64,256,256,128,128,5,5,5,0.0003724991111084819,1.6249250620603561e-06
trec-covid,34,balanced64,512,512,256,256,6,6,9,0.0008417911594733596,2.4579931050539017e-06
trec-covid,34,balanced64,1024,1024,512,512,7,7,17,0.0018233321607112885,4.790956154465675e-06
trec-covid,34,balanced64,2048,2048,1024,1024,7,7,33,0.0037678321823477745,8.580507710576057e-06
trec-covid,34,blocker64,128,128,64,64,4,4,3,0.00016099994536489248,8.124043233692646e-06
trec-covid,34,blocker64,256,256,128,128,5,5,5,0.0003725829301401973,9.623938240110874e-06
trec-covid,34,blocker64,512,512,256,256,6,6,9,0.0008111658971756697,1.1832802556455135e-05
trec-covid,34,blocker64,1024,1024,512,512,7,7,17,0.0018573330016806722,1.7873826436698437e-05
trec-covid,34,blocker64,2048,2048,1024,1024,7,7,33,0.003916207933798432,2.9413960874080658e-05
trec-covid,17,pressure64,128,128,64,64,0,0,3,0.00019995903130620718,3.62499849870801e-05
trec-covid,17,pressure64,256,256,128,128,4,4,5,0.00044575100764632225,7.158296648412943e-05
trec-covid,17,pressure64,512,512,256,256,6,6,9,0.0017232510726898909,0.0008844168623909354
trec-covid,17,pressure64,1024,1024,512,512,11,11,17,0.006141167017631233,0.004148707841522992
trec-covid,17,pressure64,2048,2048,960,1088,13,13,33,0.018610541941598058,0.013964791898615658
trec-covid,17,unit,128,128,64,64,0,0,129,0.008718542056158185,7.542164530605078e-05
trec-covid,17,unit,256,256,128,128,4,4,257,0.020913292071782053,0.00014696340076625347
trec-covid,17,unit,512,512,256,256,6,6,513,0.048514709109440446,0.0002834610641002655
trec-covid,17,unit,1024,1024,468,556,12,12,1025,0.11287570907734334,0.0005807527340948582
trec-covid,17,unit,2048,2048,867,1181,13,13,2049,0.25591687601991,0.0011477414518594742
trec-covid,17,handoff64,128,128,64,64,0,0,5,0.00032645801547914743,5.454104393720627e-05
trec-covid,17,handoff64,256,256,128,128,4,4,87,0.009840790997259319,0.0017997928662225604
trec-covid,17,handoff64,512,512,256,256,6,6,264,0.03323837392963469,0.005787044879980385
trec-covid,17,handoff64,1024,1024,468,556,12,12,666,0.09207741497084498,0.01490472664590925
trec-covid,17,handoff64,2048,2048,867,1181,13,13,1465,0.22197649802546948,0.034072648151777685
trec-covid,17,handoff,128,128,1,127,0,0,3,0.00017216603737324476,2.437399234622717e-05
trec-covid,17,handoff,256,256,129,127,4,4,5,0.0004173320485278964,6.004096940159798e-05
trec-covid,17,handoff,512,512,256,256,6,6,181,0.02353670704178512,0.00415854062885046
trec-covid,17,handoff,1024,1024,468,556,12,12,583,0.08389245695434511,0.01407706888858229
trec-covid,17,handoff,2048,2048,867,1181,13,13,1382,0.21557874896097928,0.035325234523043036
trec-covid,17,certificate-event,128,128,1,127,0,0,3,0.0001681250287219882,1.7417012713849545e-05
trec-covid,17,certificate-event,256,256,129,127,4,4,12,0.0011012499453499913,7.37910158932209e-05
trec-covid,17,certificate-event,512,512,221,291,6,6,17,0.0017232919344678521,0.000130539876408875
trec-covid,17,certificate-event,1024,1024,463,561,12,12,27,0.0031970419222489,0.00026062573306262493
trec-covid,17,certificate-event,2048,2048,756,1292,13,13,31,0.003886166960000992,0.0003272086614742875
trec-covid,17,balanced64,128,128,64,64,0,0,3,0.00014575000386685133,1.082080416381359e-06
trec-covid,17,balanced64,256,256,128,128,4,4,5,0.0004482079530134797,2.3740576580166817e-06
trec-covid,17,balanced64,512,512,256,256,6,6,9,0.0009212079457938671,3.6241253837943077e-06
trec-covid,17,balanced64,1024,1024,512,512,11,11,17,0.0020645828917622566,6.332411430776119e-06
trec-covid,17,balanced64,2048,2048,1024,1024,13,13,33,0.004394207964651287,1.0123476386070251e-05
trec-covid,17,blocker64,128,128,64,64,0,0,3,0.00015400000847876072,7.332884706556797e-06
trec-covid,17,blocker64,256,256,128,128,4,4,5,0.00035858305636793375,8.916947990655899e-06
trec-covid,17,blocker64,512,512,256,256,6,6,9,0.0008154159877449274,1.1082971468567848e-05
trec-covid,17,blocker64,1024,1024,448,576,11,11,17,0.0018657499458640814,1.6043195500969887e-05
trec-covid,17,blocker64,2048,2048,896,1152,13,13,33,0.004184667021036148,2.404546830803156e-05
trec-covid,37,balanced64,128,128,64,64,13,13,3,0.0002555829705670476,1.125037670135498e-06
trec-covid,37,balanced64,256,256,128,128,25,20,5,0.0006139579927548766,2.7919886633753777e-06
trec-covid,37,balanced64,512,512,256,256,35,20,9,0.0013572080060839653,5.00003807246685e-06
trec-covid,37,balanced64,1024,1024,512,512,38,20,17,0.0028403749456629157,7.917056791484356e-06
trec-covid,37,balanced64,2048,2048,1024,1024,48,20,33,0.006223249947652221,1.2581935152411461e-05
trec-covid,37,blocker64,128,128,64,64,13,13,3,0.00020424998365342617,8.958973921835423e-06
trec-covid,37,blocker64,256,256,128,128,25,20,5,0.0005157080013304949,1.245888415724039e-05
trec-covid,37,blocker64,512,512,192,320,37,20,9,0.0012188329128548503,1.549883745610714e-05
trec-covid,37,blocker64,1024,1024,256,768,47,20,17,0.0028454988496378064,2.083275467157364e-05
trec-covid,37,blocker64,2048,2048,832,1216,100,20,33,0.007114498759619892,3.5165692679584026e-05
trec-covid,37,pressure64,128,128,64,64,13,13,3,0.0001984999980777502,3.491598181426525e-05
trec-covid,37,pressure64,256,256,128,128,25,20,5,0.001573875080794096,0.001126789953559637
trec-covid,37,pressure64,512,512,192,320,37,20,9,0.0069061670219525695,0.005763705936260521
trec-covid,37,pressure64,1024,1024,256,768,47,20,17,0.022484333021566272,0.019544122857041657
trec-covid,37,pressure64,2048,2048,832,1216,100,20,33,0.07274629105813801,0.06516845582518727
trec-covid,37,unit,128,128,60,68,13,13,129,0.009331832989118993,7.737556006759405e-05
trec-covid,37,unit,256,256,119,137,27,20,257,0.02659941604360938,0.00014496769290417433
trec-covid,37,unit,512,512,146,366,37,20,513,0.06923979101702571,0.00030030927155166864
trec-covid,37,unit,1024,1024,218,806,47,20,1025,0.16729170712642372,0.0005880064563825727
trec-covid,37,unit,2048,1976,773,1203,100,20,1977,0.39887329016346484,0.0011611692607402802
trec-covid,37,handoff64,128,128,61,67,13,13,6,0.00047833402641117573,8.66670161485672e-05
trec-covid,37,handoff64,256,256,119,137,27,20,127,0.019673043047077954,0.002746957470662892
trec-covid,37,handoff64,512,512,146,366,37,20,188,0.03050016809720546,0.004139421391300857
trec-covid,37,handoff64,1024,1024,218,806,47,20,242,0.0425070010824129,0.005454212194308639
trec-covid,37,handoff64,2048,2013,773,1240,100,20,276,0.052362084155902267,0.006384213455021381
trec-covid,37,handoff,128,128,1,127,0,0,3,0.0001521250233054161,2.1542073227465153e-05
trec-covid,37,handoff,256,256,119,137,27,20,8,0.0010230420157313347,0.0001347920624539256
trec-covid,37,handoff,512,512,146,366,37,20,69,0.011896666954271495,0.0016041238559409976
trec-covid,37,handoff,1024,1024,218,806,47,20,120,0.023188916966319084,0.0029641218716278672
trec-covid,37,handoff,2048,2048,547,1501,91,20,142,0.029736084048636258,0.0036258717300370336
trec-covid,37,certificate-event,128,128,1,127,0,0,3,0.00014591601211577654,1.7707934603095055e-05
trec-covid,37,certificate-event,256,256,129,127,25,20,5,0.0004109570290893316,3.712496254593134e-05
trec-covid,37,certificate-event,512,512,157,355,37,20,19,0.0031542900251224637,0.00025475211441516876
trec-covid,37,certificate-event,1024,1024,220,804,47,20,29,0.005268206004984677,0.00039837625809013844
trec-covid,37,certificate-event,2048,2048,368,1680,84,20,44,0.00929408089723438,0.0006147914100438356
trec-covid,5,blocker64,128,128,64,64,5,5,3,0.00018937501590698957,8.375034667551517e-06
trec-covid,5,blocker64,256,256,128,128,8,8,5,0.0004297079285606742,1.0083080269396305e-05
trec-covid,5,blocker64,512,512,256,256,18,18,9,0.0009806249290704727,1.2333039194345474e-05
trec-covid,5,blocker64,1024,1024,576,448,22,20,17,0.0022617499344050884,1.8083141185343266e-05
trec-covid,5,blocker64,2048,2048,1472,576,29,20,33,0.005220166873186827,2.8541311621665955e-05
trec-covid,5,pressure64,128,128,64,64,5,5,3,0.00020712497644126415,3.683404065668583e-05
trec-covid,5,pressure64,256,256,128,128,8,8,5,0.0008752079447731376,0.0004712931113317609
trec-covid,5,pressure64,512,512,256,256,18,18,9,0.0034010409144684672,0.0024141271132975817
trec-covid,5,pressure64,1024,1024,576,448,22,20,17,0.011226123897358775,0.008898794883862138
trec-covid,5,pressure64,2048,2048,1408,640,29,20,33,0.03155674890149385,0.0260267952689901
trec-covid,5,unit,128,128,64,64,5,5,129,0.008813792024739087,7.345702033489943e-05
trec-covid,5,unit,256,256,128,128,8,8,257,0.02277041703928262,0.00016670976765453815
trec-covid,5,unit,512,512,269,243,18,18,513,0.055891625001095235,0.00031042832415550947
trec-covid,5,unit,1024,1024,581,443,22,20,1025,0.13194120803382248,0.0006045586196705699
trec-covid,5,unit,2048,2048,1491,557,29,20,2049,0.3022767910733819,0.0011978476541116834
trec-covid,5,handoff64,128,128,64,64,5,5,5,0.00034416699782013893,5.9333047829568386e-05
trec-covid,5,handoff64,256,256,128,128,8,8,88,0.011010375921614468,0.0018499183934181929
trec-covid,5,handoff64,512,512,269,243,18,18,234,0.0327145429328084,0.0050080399960279465
trec-covid,5,handoff64,1024,1024,581,443,22,20,634,0.10107195994351059,0.014280370087362826
trec-covid,5,handoff64,2048,2048,1491,557,29,20,873,0.14794550195802003,0.020124078146182
trec-covid,5,handoff,128,128,1,127,0,0,3,0.00016345793846994638,2.2417167201638222e-05
trec-covid,5,handoff,256,256,128,128,8,8,7,0.0006697919452562928,9.429326746612787e-05
trec-covid,5,handoff,512,512,269,243,18,18,153,0.023049874929711223,0.003465374233201146
trec-covid,5,handoff,1024,1024,581,443,22,20,553,0.09132233296986669,0.013559002080000937
trec-covid,5,handoff,2048,2048,1491,557,29,20,788,0.13784924894571304,0.019833085942082107
trec-covid,5,certificate-event,128,128,1,127,0,0,3,0.0001635829685255885,1.9290950149297714e-05
trec-covid,5,certificate-event,256,256,128,128,8,8,7,0.0006430419161915779,5.6832912378013134e-05
trec-covid,5,certificate-event,512,512,251,261,18,18,23,0.002896791906096041,0.0002609990769997239
trec-covid,5,certificate-event,1024,1024,478,546,21,20,30,0.004216999979689717,0.00036925007589161396
trec-covid,5,certificate-event,2048,2048,1502,546,29,20,39,0.005887916893698275,0.0005052508786320686
trec-covid,5,balanced64,128,128,64,64,5,5,3,0.00020095903892070055,2.1670712158083916e-06
trec-covid,5,balanced64,256,256,128,128,8,8,5,0.00043254299089312553,2.8760405257344246e-06
trec-covid,5,balanced64,512,512,256,256,18,18,9,0.0009880430297926068,3.875116817653179e-06
trec-covid,5,balanced64,1024,1024,512,512,21,20,17,0.002264876035042107,6.335205398499966e-06
trec-covid,5,balanced64,2048,2048,1024,1024,26,20,33,0.005182001041248441,1.0209972970187664e-05
trec-covid,29,balanced64,128,128,64,64,11,11,3,0.0001852500718086958,1.1669471859931946e-06
trec-covid,29,balanced64,256,256,128,128,17,17,5,0.00045245897490531206,1.8759164959192276e-06
trec-covid,29,balanced64,512,512,256,256,25,20,9,0.0010820010211318731,2.874992787837982e-06
trec-covid,29,balanced64,1024,1024,512,512,39,20,17,0.0026511260075494647,6.251037120819092e-06
trec-covid,29,balanced64,2048,2048,1024,1024,51,20,33,0.006215750938281417,1.0832445695996284e-05
trec-covid,29,blocker64,128,128,64,64,11,11,3,0.00016979093197733164,6.58305361866951e-06
trec-covid,29,blocker64,256,256,128,128,17,17,5,0.0004251239588484168,7.999013178050518e-06
trec-covid,29,blocker64,512,512,320,192,30,20,9,0.0010367899667471647,9.95793379843235e-06
trec-covid,29,blocker64,1024,1024,576,448,40,20,17,0.002491914900019765,1.4960067346692085e-05
trec-covid,29,blocker64,2048,2048,704,1344,54,20,33,0.006097497884184122,2.587609924376011e-05
trec-covid,29,pressure64,128,128,64,64,11,11,3,0.00020754104480147362,3.479188308119774e-05
trec-covid,29,pressure64,256,256,128,128,17,17,5,0.0015143740456551313,0.0010562918614596128
trec-covid,29,pressure64,512,512,320,192,30,20,9,0.005705081974156201,0.004630874725989997
trec-covid,29,pressure64,1024,1024,576,448,40,20,17,0.01872199901845306,0.015979125630110502
trec-covid,29,pressure64,2048,2048,704,1344,54,20,33,0.05296654102858156,0.046422290964983404
trec-covid,29,unit,128,128,71,57,11,11,129,0.009276834083721042,7.42975389584899e-05
trec-covid,29,unit,256,256,149,107,17,17,257,0.024889126187190413,0.00014250841923058033
trec-covid,29,unit,512,512,299,213,31,20,513,0.062181876273825765,0.00028122460935264826
trec-covid,29,unit,1024,1024,619,405,40,20,1025,0.15183891833294183,0.0005694327410310507
trec-covid,29,unit,2048,2048,659,1389,54,20,2049,0.3673509593354538,0.0011643808102235198
trec-covid,29,handoff64,128,128,64,64,11,11,11,0.0010162499966099858,0.00018004083540290594
trec-covid,29,handoff64,256,256,149,107,17,17,101,0.01399637502618134,0.0020863732788711786
trec-covid,29,handoff64,512,512,300,212,31,20,254,0.040001415996812284,0.0054913293570280075
trec-covid,29,handoff64,1024,1024,619,405,40,20,612,0.11127537488937378,0.013899699435569346
trec-covid,29,handoff64,2048,2048,659,1389,54,20,671,0.12474808294791728,0.01539844658691436
trec-covid,29,handoff,128,128,1,127,0,0,3,0.00017341692000627518,2.2416934370994568e-05
trec-covid,29,handoff,256,256,129,127,17,17,15,0.001827541971579194,0.0002661250764504075
trec-covid,29,handoff,512,512,300,212,31,20,131,0.021647042012773454,0.0029539967654272914
trec-covid,29,handoff,1024,1024,619,405,40,20,489,0.09381612506695092,0.012148040113970637
trec-covid,29,handoff,2048,2048,659,1389,54,20,540,0.10529870807658881,0.013616958749480546
trec-covid,29,certificate-event,128,128,1,127,0,0,3,0.00015141593758016825,1.8124934285879135e-05
trec-covid,29,certificate-event,256,256,129,127,17,17,15,0.0016774159157648683,0.0001539168879389763
trec-covid,29,certificate-event,512,512,314,198,31,20,33,0.0048399989027529955,0.00041346088983118534
trec-covid,29,certificate-event,1024,1024,666,358,40,20,51,0.008263290976174176,0.000667835003696382
trec-covid,29,certificate-event,2048,2048,666,1382,54,20,66,0.01178062497638166,0.0008935449877753854
trec-covid,14,blocker64,128,128,64,64,11,11,3,0.00019637506920844316,7.2499969974160194e-06
trec-covid,14,blocker64,256,256,128,128,17,17,5,0.0004805420758202672,8.750008419156075e-06
trec-covid,14,blocker64,512,512,192,320,20,20,9,0.0010838761227205396,1.08740059658885e-05
trec-covid,14,blocker64,1024,1024,320,704,24,20,17,0.002363668056204915,1.5998142771422863e-05
trec-covid,14,blocker64,2048,2048,384,1664,28,20,33,0.005209876107983291,2.7038855478167534e-05
trec-covid,14,pressure64,128,128,64,64,11,11,3,0.00021433306392282248,3.6207959055900574e-05
trec-covid,14,pressure64,256,256,128,128,17,17,5,0.0017781240167096257,0.0012879997957497835
trec-covid,14,pressure64,512,512,192,320,20,20,9,0.006140165030956268,0.0050431666895747185
trec-covid,14,pressure64,1024,1024,320,704,24,20,17,0.01642591506242752,0.013938457588665187
trec-covid,14,pressure64,2048,2048,384,1664,28,20,33,0.04009233205579221,0.0344856675947085
trec-covid,14,unit,128,128,53,75,13,13,129,0.009972666972316802,7.662991993129253e-05
trec-covid,14,unit,256,256,98,158,19,19,257,0.026555001037195325,0.00014397199265658855
trec-covid,14,unit,512,512,175,337,20,20,513,0.06274970900267363,0.0003230971051380038
trec-covid,14,unit,1024,1024,276,748,25,20,1025,0.14049725094810128,0.000605981913395226
trec-covid,14,unit,2048,2048,354,1694,28,20,2049,0.30806200089864433,0.0011793150333687663
trec-covid,14,handoff64,128,128,64,64,11,11,5,0.000389833003282547,7.241684943437576e-05
trec-covid,14,handoff64,256,256,98,158,19,19,79,0.011946999933570623,0.00170267338398844
trec-covid,14,handoff64,512,512,175,337,20,20,234,0.037246083840727806,0.005235958960838616
trec-covid,14,handoff64,1024,1024,276,748,25,20,442,0.07351312588434666,0.010059250402264297
trec-covid,14,handoff64,2048,2048,354,1694,28,20,604,0.10353308392222971,0.013895997661165893
trec-covid,14,handoff,128,128,1,127,0,0,3,0.00017008394934237003,2.091703936457634e-05
trec-covid,14,handoff,256,256,129,127,16,16,5,0.00042929197661578655,4.950002767145634e-05
trec-covid,14,handoff,512,512,175,337,20,20,102,0.01681754202581942,0.0024028749903663993
trec-covid,14,handoff,1024,1024,276,748,25,20,310,0.05374933301936835,0.007745538256131113
trec-covid,14,handoff,2048,2048,354,1694,28,20,468,0.08430416707415134,0.012125948793254793
trec-covid,14,certificate-event,128,128,1,127,0,0,3,0.0001651250058785081,1.8915976397693157e-05
trec-covid,14,certificate-event,256,256,113,143,19,19,10,0.0011034170165657997,8.341588545590639e-05
trec-covid,14,certificate-event,512,512,151,361,20,20,14,0.0017592920921742916,0.00013033300638198853
trec-covid,14,certificate-event,1024,1024,270,754,25,20,24,0.0035170421469956636,0.00027879199478775263
trec-covid,14,certificate-event,2048,2048,377,1671,28,20,30,0.004627417190931737,0.0003617090405896306
trec-covid,14,balanced64,128,128,64,64,11,11,3,0.00017633300740271807,1.166132278740406e-06
trec-covid,14,balanced64,256,256,128,128,17,17,5,0.00043520808685570955,1.7071142792701721e-06
trec-covid,14,balanced64,512,512,256,256,20,20,9,0.0010130831506103277,2.5810441002249718e-06
trec-covid,14,balanced64,1024,1024,512,512,23,20,17,0.0022557490738108754,4.789093509316444e-06
trec-covid,14,balanced64,2048,2048,1024,1024,25,20,33,0.004906582063995302,8.207629434764385e-06
trec-covid,23,unit,128,128,58,70,5,5,129,0.00921679101884365,7.99249392002821e-05
trec-covid,23,unit,256,256,114,142,6,6,257,0.022952416096813977,0.0001472968142479658
trec-covid,23,unit,512,512,217,295,12,12,513,0.05270158301573247,0.00028518110048025846
trec-covid,23,unit,1024,1024,388,636,16,16,1025,0.12441729207057506,0.0005873715272173285
trec-covid,23,unit,2048,2048,622,1426,18,18,2049,0.283173167030327,0.0011585368774831295
trec-covid,23,handoff64,128,128,64,64,5,5,5,0.0003862089943140745,5.979090929031372e-05
trec-covid,23,handoff64,256,256,114,142,6,6,106,0.013393501052632928,0.0022095046006143093
trec-covid,23,handoff64,512,512,217,295,12,12,313,0.04186995909549296,0.006752377143129706
trec-covid,23,handoff64,1024,1024,388,636,16,16,658,0.09867945907171816,0.014954332611523569
trec-covid,23,handoff64,2048,2048,622,1426,18,18,1128,0.18268000008538365,0.026548488764092326
trec-covid,23,handoff,128,128,1,127,0,0,3,0.00017316697631031275,2.3833010345697403e-05
trec-covid,23,handoff,256,256,129,127,6,6,5,0.0004157919902354479,5.466595757752657e-05
trec-covid,23,handoff,512,512,217,295,12,12,184,0.02614533295854926,0.004307088092900813
trec-covid,23,handoff,1024,1024,388,636,16,16,529,0.0836951668607071,0.013158390414901078
trec-covid,23,handoff,2048,2048,622,1426,18,18,999,0.17018412484321743,0.026273617637343705
trec-covid,23,certificate-event,128,128,1,127,0,0,3,0.00016479101032018661,1.808302477002144e-05
trec-covid,23,certificate-event,256,256,129,127,6,6,10,0.0008807500125840306,5.483196582645178e-05
trec-covid,23,certificate-event,512,512,220,292,12,12,22,0.002527916105464101,0.00020091375336050987
trec-covid,23,certificate-event,1024,1024,277,747,16,16,30,0.0037794570671394467,0.00030887057073414326
trec-covid,23,certificate-event,2048,2048,443,1605,18,18,35,0.004647372988983989,0.0003790385089814663
trec-covid,23,balanced64,128,128,64,64,5,5,3,0.0001647499157115817,1.0010553523898125e-06
trec-covid,23,balanced64,256,256,128,128,6,6,5,0.0003876249538734555,1.584063284099102e-06
trec-covid,23,balanced64,512,512,256,256,10,10,9,0.0008639579173177481,2.5421613827347755e-06
trec-covid,23,balanced64,1024,1024,512,512,16,16,17,0.0019946249667555094,4.8334477469325066e-06
trec-covid,23,balanced64,2048,2048,1024,1024,18,18,33,0.004587584058754146,9.542214684188366e-06
trec-covid,23,blocker64,128,128,64,64,5,5,3,0.00017737504094839096,8.334056474268436e-06
trec-covid,23,blocker64,256,256,128,128,6,6,5,0.0004152089823037386,1.0165967978537083e-05
trec-covid,23,blocker64,512,512,256,256,10,10,9,0.0009147509699687362,1.258309930562973e-05
trec-covid,23,blocker64,1024,1024,384,640,16,16,17,0.0022592509631067514,2.1624029614031315e-05
trec-covid,23,blocker64,2048,2048,640,1408,18,18,33,0.00484087597578764,3.100291360169649e-05
trec-covid,23,pressure64,128,128,64,64,5,5,3,0.00020074995700269938,3.608397673815489e-05
trec-covid,23,pressure64,256,256,128,128,6,6,5,0.0009950409876182675,0.0005707509117200971
trec-covid,23,pressure64,512,512,256,256,10,10,9,0.0030673330184072256,0.0020931678591296077
trec-covid,23,pressure64,1024,1024,384,640,16,16,17,0.010140083031728864,0.007788336020894349
trec-covid,23,pressure64,2048,2048,704,1344,18,18,33,0.026331041008234024,0.02129408484324813
trec-covid,32,handoff64,128,128,64,64,3,3,5,0.00044545799028128386,8.087384048849344e-05
trec-covid,32,handoff64,256,256,133,123,3,3,124,0.014248374034650624,0.0025012128753587604
trec-covid,32,handoff64,512,512,270,242,4,4,362,0.042974208015948534,0.0075192112708464265
trec-covid,32,handoff64,1024,1024,556,468,4,4,813,0.10182812495622784,0.01742395560722798
trec-covid,32,handoff64,2048,2048,1181,867,4,4,1613,0.21183370798826218,0.035806992440484464
trec-covid,32,handoff,128,128,1,127,0,0,3,0.00015783298294991255,2.1249987185001373e-05
trec-covid,32,handoff,256,256,129,127,3,3,6,0.0005186250200495124,7.858290337026119e-05
trec-covid,32,handoff,512,512,270,242,4,4,237,0.028902958030812442,0.005229162168689072
trec-covid,32,handoff,1024,1024,556,468,4,4,688,0.08860225009266287,0.01600357925053686
trec-covid,32,handoff,2048,2048,1181,867,4,4,1488,0.2013903750339523,0.03667037468403578
trec-covid,32,certificate-event,128,128,1,127,0,0,3,0.00014933303464204073,1.795799471437931e-05
trec-covid,32,certificate-event,256,256,129,127,3,3,5,0.00037354102823883295,3.7999008782207966e-05
trec-covid,32,certificate-event,512,512,198,314,4,4,8,0.000726250116713345,7.099995855242014e-05
trec-covid,32,certificate-event,1024,1024,710,314,4,4,9,0.0008471671026200056,7.766694761812687e-05
trec-covid,32,certificate-event,2048,2048,773,1275,4,4,11,0.001133376033976674,0.00010083382949233055
trec-covid,32,balanced64,128,128,64,64,3,3,3,0.0001522080274298787,1.1238735169172287e-06
trec-covid,32,balanced64,256,256,128,128,3,3,5,0.0003489160444587469,1.6237609088420868e-06
trec-covid,32,balanced64,512,512,256,256,4,4,9,0.0007594580529257655,2.45578121393919e-06
trec-covid,32,balanced64,1024,1024,512,512,4,4,17,0.0016460410552099347,4.707486368715763e-06
trec-covid,32,balanced64,2048,2048,1024,1024,4,4,33,0.0036090411012992263,8.12544021755457e-06
trec-covid,32,blocker64,128,128,64,64,3,3,3,0.0002121669240295887,8.834060281515121e-06
trec-covid,32,blocker64,256,256,128,128,3,3,5,0.00043458386790007353,1.179310493171215e-05
trec-covid,32,blocker64,512,512,256,256,4,4,9,0.0008465838618576527,1.4210119843482971e-05
trec-covid,32,blocker64,1024,1024,576,448,4,4,17,0.0017136249225586653,1.9044033251702785e-05
trec-covid,32,blocker64,2048,2048,1152,896,4,4,33,0.003529332927428186,2.6914873160421848e-05
trec-covid,32,pressure64,128,128,64,64,3,3,3,0.00018541701138019562,3.3667078241705894e-05
trec-covid,32,pressure64,256,256,128,128,3,3,5,0.0006865840405225754,0.00034875015262514353
trec-covid,32,pressure64,512,512,256,256,4,4,9,0.0016878340393304825,0.0009552091360092163
trec-covid,32,pressure64,1024,1024,576,448,4,4,17,0.004026001086458564,0.0024437910178676248
trec-covid,32,pressure64,2048,2048,1152,896,4,4,33,0.009073459077626467,0.005528329638764262
trec-covid,32,unit,128,128,66,62,3,3,129,0.008920083055272698,7.225596345961094e-05
trec-covid,32,unit,256,256,133,123,3,3,257,0.021085416083224118,0.00014042900875210762
trec-covid,32,unit,512,512,270,242,4,4,513,0.046588625060394406,0.00029296858701854944
trec-covid,32,unit,1024,1024,556,468,4,4,1025,0.10160837508738041,0.0005730283446609974
trec-covid,32,unit,2048,2048,1181,867,4,4,2049,0.21852416708134115,0.0011369960848242044
trec-covid,27,pressure64,128,128,64,64,3,3,3,0.0002079999540001154,3.595894668251276e-05
trec-covid,27,pressure64,256,256,128,128,3,3,5,0.0007309169741347432,0.0003475839039310813
trec-covid,27,pressure64,512,512,256,256,3,3,9,0.0017913759220391512,0.0009604179067537189
trec-covid,27,pressure64,1024,1024,448,576,5,5,17,0.004775083856657147,0.0027535429690033197
trec-covid,27,pressure64,2048,2048,832,1216,5,5,33,0.011022291844710708,0.006818585563451052
trec-covid,27,unit,128,128,64,64,3,3,129,0.00941195897758007,7.905054371803999e-05
trec-covid,27,unit,256,256,128,128,3,3,257,0.022450417978689075,0.00015204597730189562
trec-covid,27,unit,512,512,256,256,3,3,513,0.04932679294142872,0.00030171696562319994
trec-covid,27,unit,1024,1024,426,598,5,5,1025,0.10837108490522951,0.0005969060584902763
trec-covid,27,unit,2048,2048,731,1317,5,5,2049,0.23308800091035664,0.0011381598887965083
trec-covid,27,handoff64,128,128,64,64,3,3,5,0.0003337919479236007,5.437585059553385e-05
trec-covid,27,handoff64,256,256,128,128,3,3,86,0.01000041700899601,0.001780996797606349
trec-covid,27,handoff64,512,512,256,256,3,3,262,0.031985500943847,0.005565369268879294
trec-covid,27,handoff64,1024,1024,426,598,5,5,594,0.07785066787619144,0.013118735630996525
trec-covid,27,handoff64,2048,2048,731,1317,5,5,1204,0.16568745987024158,0.027372150914743543
trec-covid,27,handoff,128,128,1,127,0,0,3,0.00016195804346352816,2.2125081159174442e-05
trec-covid,27,handoff,256,256,129,127,3,3,5,0.00038958305958658457,5.095801316201687e-05
trec-covid,27,handoff,512,512,256,256,3,3,180,0.022393750143237412,0.004011509707197547
trec-covid,27,handoff,1024,1024,426,598,5,5,512,0.06838195922318846,0.012005088618025184
trec-covid,27,handoff,2048,2048,731,1317,5,5,1122,0.1589714172296226,0.02809084579348564
trec-covid,27,certificate-event,128,128,1,127,0,0,3,0.0001614589709788561,1.7999904230237007e-05
trec-covid,27,certificate-event,256,256,129,127,3,3,60,0.005956126027740538,0.00030458695255219936
trec-covid,27,certificate-event,512,512,183,329,3,3,62,0.006213167100213468,0.00032491993624716997
trec-covid,27,certificate-event,1024,1024,329,695,5,5,64,0.006495834095403552,0.00034675293136388063
trec-covid,27,certificate-event,2048,2048,859,1189,5,5,66,0.006796959089115262,0.0003687108401209116
trec-covid,27,balanced64,128,128,64,64,3,3,3,0.00021550001110881567,1.4171237125992775e-06
trec-covid,27,balanced64,256,256,128,128,3,3,5,0.0004291249206289649,2.2081658244132996e-06
trec-covid,27,balanced64,512,512,256,256,3,3,9,0.0008798339404165745,3.291177563369274e-06
trec-covid,27,balanced64,1024,1024,512,512,5,5,17,0.0018648760160431266,5.665002390742302e-06
trec-covid,27,balanced64,2048,2048,1024,1024,5,5,33,0.0038997920928522944,9.95909795165062e-06
trec-covid,27,blocker64,128,128,64,64,3,3,3,0.00016312499064952135,7.3750270530581474e-06
trec-covid,27,blocker64,256,256,128,128,3,3,5,0.00038070802111178637,8.750008419156075e-06
trec-covid,27,blocker64,512,512,256,256,3,3,9,0.0008219160372391343,1.129100564867258e-05
trec-covid,27,blocker64,1024,1024,448,576,5,5,17,0.001798624056391418,1.658312976360321e-05
trec-covid,27,blocker64,2048,2048,768,1280,5,5,33,0.0038231650833040476,2.4582957848906517e-05
trec-covid,1,pressure64,128,128,64,64,1,1,3,0.00019995891489088535,3.683299291878939e-05
trec-covid,1,pressure64,256,256,128,128,4,4,5,0.0005562499864026904,0.00018816697411239147
trec-covid,1,pressure64,512,512,256,256,5,5,9,0.002062416053377092,0.0012096239952370524
trec-covid,1,pressure64,1024,1024,448,576,8,8,17,0.005678041139617562,0.0037546660751104355
trec-covid,1,pressure64,2048,2048,704,1344,8,8,33,0.014311208156868815,0.010270375409163535
trec-covid,1,unit,128,128,62,66,1,1,129,0.009133500047028065,7.962808012962341e-05
trec-covid,1,unit,256,256,128,128,4,4,257,0.021928625064902008,0.00014958682004362345
trec-covid,1,unit,512,512,242,270,5,5,513,0.04875529103446752,0.0002848010044544935
trec-covid,1,unit,1024,1024,401,623,8,8,1025,0.10727066604886204,0.0005562312435358763
trec-covid,1,unit,2048,2048,583,1465,9,9,2049,0.23222179105505347,0.0011072434717789292
trec-covid,1,handoff64,128,128,64,64,1,1,5,0.00033316598273813725,5.658308509737253e-05
trec-covid,1,handoff64,256,256,128,128,4,4,107,0.012428373913280666,0.0022337434347718954
trec-covid,1,handoff64,512,512,242,270,5,5,299,0.03659758192952722,0.006373618962243199
trec-covid,1,handoff64,1024,1024,401,623,8,8,515,0.06561887392308563,0.011250420939177275
trec-covid,1,handoff64,2048,2048,583,1465,9,9,776,0.10422520793508738,0.017482331721112132
trec-covid,1,handoff,128,128,1,127,0,0,3,0.00018220802303403616,2.295803278684616e-05
trec-covid,1,handoff,256,256,129,127,4,4,5,0.0004397080047056079,6.016704719513655e-05
trec-covid,1,handoff,512,512,242,270,5,5,196,0.025068292045034468,0.004456582828424871
trec-covid,1,handoff,1024,1024,401,623,8,8,410,0.05411387502681464,0.00975966569967568
trec-covid,1,handoff,2048,2048,583,1465,9,9,668,0.09274245798587799,0.01656982651911676
trec-covid,1,certificate-event,128,128,1,127,0,0,3,0.00015154201537370682,1.8249964341521263e-05
trec-covid,1,certificate-event,256,256,129,127,4,4,7,0.0005477080121636391,3.9999838918447495e-05
trec-covid,1,certificate-event,512,512,129,383,4,4,8,0.0006747490260750055,4.679185803979635e-05
trec-covid,1,certificate-event,1024,1024,641,383,6,6,9,0.0008016660576686263,5.387584678828716e-05
trec-covid,1,certificate-event,2048,2048,641,1407,8,8,12,0.0012219160562381148,9.300094097852707e-05
trec-covid,1,balanced64,128,128,64,64,1,1,3,0.00014699995517730713,1.208973117172718e-06
trec-covid,1,balanced64,256,256,128,128,4,4,5,0.0003518749726936221,1.7088605090975761e-06
trec-covid,1,balanced64,512,512,256,256,5,5,9,0.0008322090143337846,3.1266827136278152e-06
trec-covid,1,balanced64,1024,1024,512,512,7,7,17,0.0017714999848976731,5.377456545829773e-06
trec-covid,1,balanced64,2048,2048,1024,1024,8,8,33,0.0037882919423282146,8.590752258896828e-06
trec-covid,1,blocker64,128,128,64,64,1,1,3,0.00015458289999514818,7.333001121878624e-06
trec-covid,1,blocker64,256,256,128,128,4,4,5,0.0003522908082231879,8.666072972118855e-06
trec-covid,1,blocker64,512,512,256,256,5,5,9,0.000783040770329535,1.079007051885128e-05
trec-covid,1,blocker64,1024,1024,448,576,8,8,17,0.0017053737537935376,1.5539233572781086e-05
trec-covid,1,blocker64,2048,2048,576,1472,9,9,33,0.004006248782388866,3.0454248189926147e-05
trec-covid,40,handoff,128,128,1,127,0,0,3,0.00016537506598979235,2.4916022084653378e-05
trec-covid,40,handoff,256,256,116,140,28,20,30,0.005165708134882152,0.0006631661672145128
trec-covid,40,handoff,512,512,223,289,37,20,247,0.04605291713960469,0.005993383820168674
trec-covid,40,handoff,1024,1024,413,611,67,20,421,0.08698525023646653,0.010657300124876201
trec-covid,40,handoff,2048,1963,1057,906,100,20,766,0.1832786671584472,0.021150949178263545
trec-covid,40,certificate-event,128,128,1,127,0,0,3,0.00016125000547617674,2.0417035557329655e-05
trec-covid,40,certificate-event,256,256,116,140,28,20,10,0.0012938330182805657,0.00010812305845320225
trec-covid,40,certificate-event,512,512,213,299,37,20,28,0.004606249975040555,0.0003449561772868037
trec-covid,40,certificate-event,1024,1024,448,576,67,20,44,0.008306291070766747,0.0005987471668049693
trec-covid,40,certificate-event,2048,1997,1057,940,100,20,65,0.014062833040952682,0.0009710843442007899
trec-covid,40,balanced64,128,128,64,64,15,15,3,0.00017708400264382362,1.0420335456728935e-06
trec-covid,40,balanced64,256,256,128,128,27,20,5,0.0004682090366259217,1.666136085987091e-06
trec-covid,40,balanced64,512,512,256,256,32,20,9,0.0011388750281184912,2.7060741558670998e-06
trec-covid,40,balanced64,1024,1024,512,512,58,20,17,0.0027918750420212746,5.08094672113657e-06
trec-covid,40,balanced64,2048,2048,1024,1024,82,20,33,0.006822583032771945,9.290059097111225e-06
trec-covid,40,blocker64,128,128,64,64,15,15,3,0.0001822920748963952,7.792026735842228e-06
trec-covid,40,blocker64,256,256,128,128,27,20,5,0.0004797921283170581,9.207869879901409e-06
trec-covid,40,blocker64,512,512,256,256,32,20,9,0.001144917099736631,1.1457712389528751e-05
trec-covid,40,blocker64,1024,1024,448,576,67,20,17,0.0029293340630829334,1.7499784007668495e-05
trec-covid,40,blocker64,2048,2048,1088,960,100,20,33,0.007047876017168164,2.6832683943212032e-05
trec-covid,40,pressure64,128,128,64,64,15,15,3,0.00020804197993129492,3.537512384355068e-05
trec-covid,40,pressure64,256,256,128,128,27,20,5,0.0018020829884335399,0.0013443330535665154
trec-covid,40,pressure64,512,512,256,256,32,20,9,0.007790875039063394,0.00657570909243077
trec-covid,40,pressure64,1024,1024,448,576,67,20,17,0.026305709034204483,0.023268501041457057
trec-covid,40,pressure64,2048,2048,1088,960,100,20,33,0.08250466699246317,0.07477241510059685
trec-covid,40,unit,128,128,62,66,15,15,129,0.009488458978012204,7.429288234561682e-05
trec-covid,40,unit,256,256,116,140,28,20,257,0.02819375100079924,0.00014466862194240093
trec-covid,40,unit,512,512,223,289,37,20,513,0.06932825094554573,0.00027424655854701996
trec-covid,40,unit,1024,1024,413,611,67,20,1025,0.17683433392085135,0.0005738403415307403
trec-covid,40,unit,2048,1961,1056,905,100,20,1962,0.4123348338762298,0.0011450652964413166
trec-covid,40,handoff64,128,128,62,66,15,15,8,0.0007901251083239913,0.00012004212476313114
trec-covid,40,handoff64,256,256,116,140,28,20,95,0.015411167056299746,0.0020108255557715893
trec-covid,40,handoff64,512,512,223,289,37,20,312,0.05567416700068861,0.00711023376788944
trec-covid,40,handoff64,1024,1024,413,611,67,20,487,0.09598250093404204,0.011438907589763403
trec-covid,40,handoff64,2048,1963,1057,906,100,20,835,0.19121383398305625,0.020696781110018492
trec-covid,49,blocker64,128,128,64,64,1,1,3,0.00018370803445577621,8.167000487446785e-06
trec-covid,49,blocker64,256,256,128,128,5,5,5,0.0004015000304207206,9.792041964828968e-06
trec-covid,49,blocker64,512,512,256,256,6,6,9,0.0008819580543786287,1.2251082807779312e-05
trec-covid,49,blocker64,1024,1024,512,512,8,8,17,0.0018967920914292336,1.774984411895275e-05
trec-covid,49,blocker64,2048,2048,1024,1024,12,12,33,0.004365708096884191,2.866913564503193e-05
trec-covid,49,pressure64,128,128,64,64,1,1,3,0.00020845793187618256,3.650004509836435e-05
trec-covid,49,pressure64,256,256,128,128,5,5,5,0.0005650419043377042,0.0001793750561773777
trec-covid,49,pressure64,512,512,256,256,6,6,9,0.0020370418205857277,0.001202541054226458
trec-covid,49,pressure64,1024,1024,512,512,8,8,17,0.005734916892834008,0.003888081992045045
trec-covid,49,pressure64,2048,2048,1024,1024,12,12,33,0.016456250799819827,0.012207834864966571
trec-covid,49,unit,128,128,64,64,1,1,129,0.009330958942882717,8.821068331599236e-05
trec-covid,49,unit,256,256,128,128,5,5,257,0.022078999900259078,0.00018554693087935448
trec-covid,49,unit,512,512,256,256,6,6,513,0.05024308292195201,0.0003377031534910202
trec-covid,49,unit,1024,1024,512,512,8,8,1025,0.11160991596989334,0.0006200008792802691
trec-covid,49,unit,2048,2048,1024,1024,12,12,2049,0.24726295692380518,0.0012243471574038267
trec-covid,49,handoff64,128,128,64,64,1,1,5,0.00043466698843985796,7.84990843385458e-05
trec-covid,49,handoff64,256,256,128,128,5,5,90,0.010535249952226877,0.0018674148013815284
trec-covid,49,handoff64,512,512,256,256,6,6,267,0.03421820793300867,0.005819958518259227
trec-covid,49,handoff64,1024,1024,512,512,8,8,615,0.08407291700132191,0.01372962084133178
trec-covid,49,handoff64,2048,2048,1024,1024,12,12,1370,0.20212937600445002,0.031566276331432164
trec-covid,49,handoff,128,128,1,127,0,0,3,0.00020366592798382044,2.9333983547985554e-05
trec-covid,49,handoff,256,256,128,128,5,5,7,0.0008427908178418875,0.00014866702258586884
trec-covid,49,handoff,512,512,256,256,6,6,184,0.02454412484075874,0.004259038018062711
trec-covid,49,handoff,1024,1024,512,512,8,8,532,0.0755070837913081,0.01301211433019489
trec-covid,49,handoff,2048,2048,1024,1024,12,12,1287,0.19557475077454,0.032978948089294136
trec-covid,49,certificate-event,128,128,1,127,0,0,3,0.00016054196748882532,1.8291990272700787e-05
trec-covid,49,certificate-event,256,256,129,127,5,5,4,0.00028129201382398605,2.5333953090012074e-05
trec-covid,49,certificate-event,512,512,260,252,6,6,7,0.0006662500090897083,5.8416975662112236e-05
trec-covid,49,certificate-event,1024,1024,533,491,8,8,13,0.0014939169632270932,0.0001349990488961339
trec-covid,49,certificate-event,2048,2048,1033,1015,12,12,21,0.0026782089844346046,0.00024941633455455303
trec-covid,49,balanced64,128,128,64,64,1,1,3,0.00014887505676597357,1.208973117172718e-06
trec-covid,49,balanced64,256,256,128,128,5,5,5,0.0003524160711094737,1.7508864402770996e-06
trec-covid,49,balanced64,512,512,256,256,6,6,9,0.0007934160530567169,2.7921050786972046e-06
trec-covid,49,balanced64,1024,1024,512,512,8,8,17,0.0017499580280855298,4.875240847468376e-06
trec-covid,49,balanced64,2048,2048,1024,1024,12,12,33,0.0038788749370723963,8.58306884765625e-06
trec-covid,36,balanced64,128,128,64,64,13,13,3,0.00019025010988116264,1.0830117389559746e-06
trec-covid,36,balanced64,256,256,128,128,24,20,5,0.0004668751498684287,1.7489073798060417e-06
trec-covid,36,balanced64,512,512,256,256,33,20,9,0.001155167119577527,2.7067726477980614e-06
trec-covid,36,balanced64,1024,1024,512,512,41,20,17,0.002818792127072811,5.789683200418949e-06
trec-covid,36,balanced64,2048,2048,1024,1024,96,20,33,0.007451959187164903,1.1540716513991356e-05
trec-covid,36,blocker64,128,128,64,64,13,13,3,0.00018095900304615498,7.582944817841053e-06
trec-covid,36,blocker64,256,256,128,128,24,20,5,0.00046775105874985456,9.083887562155724e-06
trec-covid,36,blocker64,512,512,320,192,36,20,9,0.0011834590695798397,1.1583790183067322e-05
trec-covid,36,blocker64,1024,1024,640,384,57,20,17,0.002853709040209651,1.6750767827033997e-05
trec-covid,36,blocker64,2048,2048,640,1408,99,20,33,0.007751584053039551,2.8209760785102844e-05
trec-covid,36,pressure64,128,128,64,64,13,13,3,0.00021445797756314278,3.2625044696033e-05
trec-covid,36,pressure64,256,256,128,128,24,20,5,0.0016159580554813147,0.0011558330152183771
trec-covid,36,pressure64,512,512,320,192,36,20,9,0.007019792101345956,0.005854039918631315
trec-covid,36,pressure64,1024,1024,640,384,57,20,17,0.021267584175802767,0.01836016564629972
trec-covid,36,pressure64,2048,2048,640,1408,99,20,33,0.07941020920407027,0.07122341659851372
trec-covid,36,unit,128,128,58,70,13,13,129,0.008945834008045495,7.16671347618103e-05
trec-covid,36,unit,256,256,149,107,26,20,257,0.02615454199258238,0.0001424616202712059
trec-covid,36,unit,512,512,340,172,38,20,513,0.0673226669896394,0.00028896110597997904
trec-covid,36,unit,1024,1024,584,440,61,20,1025,0.16442845901474357,0.0005931390915066004
trec-covid,36,unit,2048,2048,584,1464,99,20,2049,0.4528242920059711,0.0012528676306828856
trec-covid,36,handoff64,128,128,60,68,13,13,5,0.0004976249765604734,8.420890662819147e-05
trec-covid,36,handoff64,256,256,148,108,26,20,51,0.00760741694830358,0.0010894581209868193
trec-covid,36,handoff64,512,512,340,172,38,20,187,0.033038541907444596,0.004165207501500845
trec-covid,36,handoff64,1024,1024,586,438,61,20,336,0.06368895899504423,0.0076832928461954
trec-covid,36,handoff64,2048,2048,586,1462,99,20,363,0.07218054193072021,0.008396123768761754
trec-covid,36,handoff,128,128,1,127,0,0,3,0.00016679195687174797,2.437399234622717e-05
trec-covid,36,handoff,256,256,129,127,24,20,12,0.0016337080160155892,0.00020733289420604706
trec-covid,36,handoff,512,512,340,172,38,20,110,0.02020224998705089,0.0024700037902221084
trec-covid,36,handoff,1024,1024,586,438,61,20,259,0.05071783403400332,0.006217386689968407
trec-covid,36,handoff,2048,2048,586,1462,99,20,276,0.056037417030893266,0.006746718776412308
trec-covid,36,certificate-event,128,128,1,127,0,0,3,0.0001497080083936453,1.7749960534274578e-05
trec-covid,36,certificate-event,256,256,129,127,24,20,12,0.0014947080053389072,0.00011279096361249685
trec-covid,36,certificate-event,512,512,341,171,38,20,26,0.004054583027027547,0.00029745965730398893
trec-covid,36,certificate-event,1024,1024,704,320,53,20,44,0.007847749977372587,0.0005772534059360623
trec-covid,36,certificate-event,2048,2048,704,1344,98,20,68,0.014705082983709872,0.0010033758589997888
trec-covid,25,handoff,128,128,1,127,1,1,3,0.0001776249846443534,2.3333006538450718e-05
trec-covid,25,handoff,256,256,129,127,13,13,4,0.0003322499105706811,3.908306825906038e-05
trec-covid,25,handoff,512,512,256,256,17,17,183,0.028788041905499995,0.004221579059958458
trec-covid,25,handoff,1024,1024,367,657,23,20,358,0.05968720791861415,0.0085704984376207
trec-covid,25,handoff,2048,2048,567,1481,25,20,761,0.14074212487321347,0.020064871525391936
trec-covid,25,certificate-event,128,128,1,127,1,1,3,0.00015820807311683893,1.791701652109623e-05
trec-covid,25,certificate-event,256,256,129,127,13,13,4,0.0002987910993397236,2.4707987904548645e-05
trec-covid,25,certificate-event,512,512,247,265,17,17,14,0.001829457120038569,0.00015116611029952765
trec-covid,25,certificate-event,1024,1024,429,595,22,20,19,0.0026966241421177983,0.00021841702982783318
trec-covid,25,certificate-event,2048,2048,454,1594,25,20,24,0.003673833212815225,0.00028779194690287113
trec-covid,25,balanced64,128,128,64,64,10,10,3,0.00017416698392480612,1.1669471859931946e-06
trec-covid,25,balanced64,256,256,128,128,13,13,5,0.0004213330103084445,1.7918646335601807e-06
trec-covid,25,balanced64,512,512,256,256,17,17,9,0.0009825830347836018,2.792919985949993e-06
trec-covid,25,balanced64,1024,1024,512,512,21,20,17,0.002249790937639773,4.959874786436558e-06
trec-covid,25,balanced64,2048,2048,1024,1024,25,20,33,0.0051654159324243665,1.020787749439478e-05
trec-covid,25,blocker64,128,128,64,64,10,10,3,0.00019150006119161844,8.792034350335598e-06
trec-covid,25,blocker64,256,256,128,128,13,13,5,0.0004748330684378743,1.066701952368021e-05
trec-covid,25,blocker64,512,512,256,256,17,17,9,0.001071416074410081,1.333397813141346e-05
trec-covid,25,blocker64,1024,1024,384,640,23,20,17,0.0024449580814689398,1.9332976080477238e-05
trec-covid,25,blocker64,2048,2048,576,1472,25,20,33,0.005316833150573075,2.8039677999913692e-05
trec-covid,25,pressure64,128,128,64,64,10,10,3,0.00020479096565395594,3.475008998066187e-05
trec-covid,25,pressure64,256,256,128,128,13,13,5,0.001381457899697125,0.0009539581369608641
trec-covid,25,pressure64,512,512,256,256,17,17,9,0.004738207906484604,0.0036250411067157984
trec-covid,25,pressure64,1024,1024,384,640,23,20,17,0.01328320789616555,0.010767208179458976
trec-covid,25,pressure64,2048,2048,704,1344,25,20,33,0.03391666593961418,0.028217083076015115
trec-covid,25,unit,128,128,64,64,10,10,129,0.009789332980290055,0.00010318274144083261
trec-covid,25,unit,256,256,128,128,13,13,257,0.024641708005219698,0.0001728071365505457
trec-covid,25,unit,512,512,256,256,17,17,513,0.059895416954532266,0.00033481186255812645
trec-covid,25,unit,1024,1024,367,657,23,20,1025,0.13836129195988178,0.0006317631341516972
trec-covid,25,unit,2048,2048,567,1481,25,20,2049,0.31497854192275554,0.001236345968209207
trec-covid,25,handoff64,128,128,64,64,10,10,4,0.00028016604483127594,4.0708109736442566e-05
trec-covid,25,handoff64,256,256,128,128,13,13,87,0.01196308305952698,0.0018350802129134536
trec-covid,25,handoff64,512,512,256,256,17,17,267,0.04055416607297957,0.005963533534668386
trec-covid,25,handoff64,1024,1024,367,657,23,20,444,0.07167079101782292,0.01009112293832004
trec-covid,25,handoff64,2048,2048,567,1481,25,20,847,0.15091566601768136,0.020357323810458183
trec-covid,22,handoff,128,128,1,127,0,0,3,0.0001739590661600232,2.395804040133953e-05
trec-covid,22,handoff,256,256,128,128,9,9,13,0.001535459072329104,0.0002337511396035552
trec-covid,22,handoff,512,512,256,256,17,17,194,0.0295521680964157,0.004468623315915465
trec-covid,22,handoff,1024,1024,512,512,20,20,543,0.0913201270159334,0.013503075577318668
trec-covid,22,handoff,2048,2048,959,1089,23,20,1203,0.2155936690978706,0.03179205616470426
trec-covid,22,certificate-event,128,128,1,127,0,0,3,0.00016162509564310312,1.8415972590446472e-05
trec-covid,22,certificate-event,256,256,129,127,9,9,12,0.0012465420877560973,0.00011895911302417517
trec-covid,22,certificate-event,512,512,249,263,17,17,29,0.003683459130115807,0.0003337094094604254
trec-covid,22,certificate-event,1024,1024,480,544,20,20,36,0.004873918020166457,0.00043245928827673197
trec-covid,22,certificate-event,2048,2048,598,1450,22,20,41,0.005793043063022196,0.0005026671569794416
trec-covid,22,balanced64,128,128,64,64,6,6,3,0.0001632090425118804,1.1669471859931946e-06
trec-covid,22,balanced64,256,256,128,128,9,9,5,0.00039287505205720663,1.7510028555989265e-06
trec-covid,22,balanced64,512,512,256,256,17,17,9,0.0009298749500885606,2.7919886633753777e-06
trec-covid,22,balanced64,1024,1024,512,512,20,20,17,0.0021657089237123728,5.042995326220989e-06
trec-covid,22,balanced64,2048,2048,1024,1024,23,20,33,0.00490733387414366,9.671319276094437e-06
trec-covid,22,blocker64,128,128,64,64,6,6,3,0.0001806669170036912,8.29214695841074e-06
trec-covid,22,blocker64,256,256,128,128,9,9,5,0.0004202089039608836,9.917188435792923e-06
trec-covid,22,blocker64,512,512,256,256,17,17,9,0.0009812498465180397,1.2375065125524998e-05
trec-covid,22,blocker64,1024,1024,512,512,20,20,17,0.0023434169124811888,1.9789906218647957e-05
trec-covid,22,blocker64,2048,2048,960,1088,23,20,33,0.005024500889703631,2.875074278563261e-05
trec-covid,22,pressure64,128,128,64,64,6,6,3,0.00024616706650704145,3.741588443517685e-05
trec-covid,22,pressure64,256,256,128,128,9,9,5,0.0011534171644598246,0.000689998734742403
trec-covid,22,pressure64,512,512,256,256,17,17,9,0.004045292153023183,0.0029717907309532166
trec-covid,22,pressure64,1024,1024,512,512,20,20,17,0.012167750159278512,0.0097759555792436
trec-covid,22,pressure64,2048,2048,1024,1024,23,20,33,0.03072004218120128,0.025548537727445364
trec-covid,22,unit,128,128,64,64,6,6,129,0.009351582964882255,7.61642586439848e-05
trec-covid,22,unit,256,256,128,128,9,9,257,0.02380791597533971,0.00015428999904543161
trec-covid,22,unit,512,512,256,256,17,17,513,0.057615375029854476,0.00030945870094001293
trec-covid,22,unit,1024,1024,512,512,20,20,1025,0.13377920805942267,0.0006414464442059398
trec-covid,22,unit,2048,2048,959,1089,23,20,2049,0.2958832490257919,0.0012238314375281334
trec-covid,22,handoff64,128,128,64,64,6,6,9,0.0007811249233782291,0.00014095788355916739
trec-covid,22,handoff64,256,256,128,128,9,9,93,0.01209666591603309,0.0019654197385534644
trec-covid,22,handoff64,512,512,256,256,17,17,274,0.04025333293247968,0.006137878401204944
trec-covid,22,handoff64,1024,1024,512,512,20,20,623,0.10009658290073276,0.014183110324665904
trec-covid,22,handoff64,2048,2048,959,1089,23,20,1285,0.22117945784702897,0.03032869065646082
trec-covid,41,certificate-event,128,128,1,127,0,0,3,0.00017870799638330936,2.2332998923957348e-05
trec-covid,41,certificate-event,256,256,129,127,16,16,6,0.0006247078999876976,5.370809230953455e-05
trec-covid,41,certificate-event,512,512,246,266,20,20,15,0.00205437489785254,0.00016770896036177874
trec-covid,41,certificate-event,1024,1024,491,533,30,20,31,0.005126332864165306,0.000403375830501318
trec-covid,41,certificate-event,2048,2048,1296,752,35,20,38,0.006565998890437186,0.0005107938777655363
trec-covid,41,balanced64,128,128,64,64,7,7,3,0.00017437501810491085,1.209089532494545e-06
trec-covid,41,balanced64,256,256,128,128,16,16,5,0.00043754198122769594,1.8760329112410545e-06
trec-covid,41,balanced64,512,512,256,256,20,20,9,0.0010368339717388153,3.0009541660547256e-06
trec-covid,41,balanced64,1024,1024,512,512,31,20,17,0.002436542883515358,5.625886842608452e-06
trec-covid,41,balanced64,2048,2048,1024,1024,34,20,33,0.005567834945395589,1.9042985513806343e-05
trec-covid,41,blocker64,128,128,64,64,7,7,3,0.00018704100511968136,8.125905878841877e-06
trec-covid,41,blocker64,256,256,128,128,16,16,5,0.0004503750242292881,9.626033715903759e-06
trec-covid,41,blocker64,512,512,256,256,20,20,9,0.0010948330163955688,1.4167046174407005e-05
trec-covid,41,blocker64,1024,1024,512,512,31,20,17,0.00249404099304229,2.0292936824262142e-05
trec-covid,41,blocker64,2048,2048,1280,768,34,20,33,0.005678457906469703,3.216974437236786e-05
trec-covid,41,pressure64,128,128,64,64,7,7,3,0.0001996250357478857,3.5751028917729855e-05
trec-covid,41,pressure64,256,256,128,128,16,16,5,0.0011422920506447554,0.0007300840225070715
trec-covid,41,pressure64,512,512,256,256,20,20,9,0.005022417055442929,0.003920627059414983
trec-covid,41,pressure64,1024,1024,512,512,31,20,17,0.016291792038828135,0.01368896127678454
trec-covid,41,pressure64,2048,2048,1280,768,34,20,33,0.04550087603274733,0.03957142250146717
trec-covid,41,unit,128,128,62,66,7,7,129,0.009291874943301082,7.509125862270594e-05
trec-covid,41,unit,256,256,133,123,16,16,257,0.02446629188489169,0.00015205005183815956
trec-covid,41,unit,512,512,269,243,20,20,513,0.059826833894476295,0.0003154376754537225
trec-covid,41,unit,1024,1024,519,505,31,20,1025,0.1425463758641854,0.0006213217275217175
trec-covid,41,unit,2048,2048,1296,752,35,20,2049,0.3248674179194495,0.0011907190782949328
trec-covid,41,handoff64,128,128,62,66,7,7,8,0.0007905829697847366,0.00012416800018399954
trec-covid,41,handoff64,256,256,133,123,16,16,117,0.01570812496356666,0.0025346693582832813
trec-covid,41,handoff64,512,512,269,243,20,20,358,0.05447091592941433,0.008010366931557655
trec-covid,41,handoff64,1024,1024,519,505,31,20,707,0.1194090829230845,0.016258208197541535
trec-covid,41,handoff64,2048,2048,1296,752,35,20,1194,0.2188269579783082,0.028163752052932978
trec-covid,41,handoff,128,128,1,127,0,0,3,0.0001724169123917818,2.666597720235586e-05
trec-covid,41,handoff,256,256,129,127,16,16,6,0.0006406249012798071,8.508190512657166e-05
trec-covid,41,handoff,512,512,269,243,20,20,240,0.03824774990789592,0.00558571342844516
trec-covid,41,handoff,1024,1024,519,505,31,20,589,0.10351199994329363,0.014569754130207002
trec-covid,41,handoff,2048,2048,1296,752,35,20,1074,0.20307716692332178,0.02764633938204497
trec-covid,20,unit,128,128,64,64,11,11,129,0.009112457977607846,8.029502350836992e-05
trec-covid,20,unit,256,256,123,133,17,17,257,0.02464495797175914,0.00015688501298427582
trec-covid,20,unit,512,512,258,254,33,20,513,0.060978124965913594,0.00029589561745524406
trec-covid,20,unit,1024,1024,724,300,51,20,1025,0.16247595800086856,0.0006027492927387357
trec-covid,20,unit,2048,2010,1245,765,100,20,2011,0.39253358298446983,0.0012110150419175625
trec-covid,20,handoff64,128,128,64,64,11,11,12,0.00121720798779279,0.00019283534493297338
trec-covid,20,handoff64,256,256,123,133,17,17,97,0.013040333054959774,0.0019273448269814253
trec-covid,20,handoff64,512,512,272,240,27,20,249,0.03725966706406325,0.0053490884602069855
trec-covid,20,handoff64,1024,1024,724,300,51,20,339,0.058017709059640765,0.007528290851041675
trec-covid,20,handoff64,2048,2048,1305,743,92,20,522,0.10254970914684236,0.012147244880907238
trec-covid,20,handoff,128,128,1,127,0,0,3,0.00015812506899237633,2.141797449439764e-05
trec-covid,20,handoff,256,256,123,133,17,17,27,0.003600583062507212,0.0004885861417278647
trec-covid,20,handoff,512,512,272,240,27,20,179,0.028171708108857274,0.004146914812736213
trec-covid,20,handoff,1024,1024,724,300,51,20,267,0.048192292102612555,0.006335868849419057
trec-covid,20,handoff,2048,2048,1315,733,90,20,446,0.09147612517699599,0.011360790114849806
trec-covid,20,certificate-event,128,128,1,127,0,0,3,0.00016204093117266893,1.8249149434268475e-05
trec-covid,20,certificate-event,256,256,118,138,17,17,17,0.0020426659611985087,0.0001831650733947754
trec-covid,20,certificate-event,512,512,237,275,23,20,25,0.003458874998614192,0.00032141420524567366
trec-covid,20,certificate-event,1024,1024,749,275,51,20,33,0.005295875016599894,0.0004542891401797533
trec-covid,20,certificate-event,2048,2048,1315,733,90,20,53,0.01078716607298702,0.0007672052597627044
trec-covid,20,balanced64,128,128,64,64,11,11,3,0.0001912500010803342,1.374981366097927e-06
trec-covid,20,balanced64,256,256,128,128,17,17,5,0.0004640830447897315,2.0829029381275177e-06
trec-covid,20,balanced64,512,512,256,256,33,20,9,0.0010647490853443742,2.9597431421279907e-06
trec-covid,20,balanced64,1024,1024,512,512,51,20,17,0.0027717070188373327,6.2086619436740875e-06
trec-covid,20,balanced64,2048,2048,1024,1024,52,20,33,0.006399290054105222,1.1373776942491531e-05
trec-covid,20,blocker64,128,128,64,64,11,11,3,0.00017733394633978605,7.083057425916195e-06
trec-covid,20,blocker64,256,256,128,128,17,17,5,0.0004383339546620846,8.500064723193645e-06
trec-covid,20,blocker64,512,512,256,256,33,20,9,0.0010628339368849993,1.08740059658885e-05
trec-covid,20,blocker64,1024,1024,704,320,51,20,17,0.0026790009578689933,1.604005228728056e-05
trec-covid,20,blocker64,2048,2048,1280,768,100,20,33,0.006672043004073203,2.807890996336937e-05
trec-covid,20,pressure64,128,128,64,64,11,11,3,0.00021566706709563732,3.420689608901739e-05
trec-covid,20,pressure64,256,256,128,128,17,17,5,0.001499708043411374,0.001049706945195794
trec-covid,20,pressure64,512,512,256,256,33,20,9,0.005399583140388131,0.004308538977056742
trec-covid,20,pressure64,1024,1024,640,384,51,20,17,0.023330958210863173,0.020435620099306107
trec-covid,20,pressure64,2048,2048,1280,768,100,20,33,0.07217804121319205,0.06496262189466506
trec-covid,3,blocker64,128,128,64,64,4,4,3,0.00019045802764594555,8.457922376692295e-06
trec-covid,3,blocker64,256,256,128,128,6,6,5,0.00048591603990644217,1.154094934463501e-05
trec-covid,3,blocker64,512,512,256,256,9,9,9,0.0009917489951476455,1.4999997802078724e-05
trec-covid,3,blocker64,1024,1024,576,448,11,11,17,0.002064666012302041,2.0292121917009354e-05
trec-covid,3,blocker64,2048,2048,1088,960,14,14,33,0.004358166013844311,2.8625945560634136e-05
trec-covid,3,pressure64,128,128,64,64,4,4,3,0.00019458401948213577,3.404100425541401e-05
trec-covid,3,pressure64,256,256,128,128,6,6,5,0.000827000942081213,0.00044720794539898634
trec-covid,3,pressure64,512,512,256,256,9,9,9,0.002537584863603115,0.0016822910401970148
trec-covid,3,pressure64,1024,1024,576,448,11,11,17,0.007401292794384062,0.005364333977922797
trec-covid,3,pressure64,2048,2048,1088,960,14,14,33,0.019277542713098228,0.014650541241280735
trec-covid,3,unit,128,128,64,64,4,4,129,0.009310333989560604,8.512556087225676e-05
trec-covid,3,unit,256,256,128,128,6,6,257,0.02253595902584493,0.00015075202099978924
trec-covid,3,unit,512,512,270,242,9,9,513,0.05178650002926588,0.00029117369558662176
trec-covid,3,unit,1024,1024,556,468,11,11,1025,0.11553579196333885,0.000571003882214427
trec-covid,3,unit,2048,2048,1082,966,14,14,2049,0.2554306258680299,0.0011272229021415114
trec-covid,3,handoff64,128,128,64,64,4,4,5,0.0003964160569012165,6.7500164732337e-05
trec-covid,3,handoff64,256,256,128,128,6,6,88,0.010636624996550381,0.0017801269423216581
trec-covid,3,handoff64,512,512,270,242,9,9,251,0.032792833051644266,0.005281174089759588
trec-covid,3,handoff64,1024,1024,556,468,11,11,703,0.09922679199371487,0.015508513431996107
trec-covid,3,handoff64,2048,2048,1082,966,14,14,1393,0.2086428339825943,0.0316653837217018
trec-covid,3,handoff,128,128,1,127,0,0,3,0.00016041705384850502,2.1332059986889362e-05
trec-covid,3,handoff,256,256,128,128,6,6,8,0.0008048750460147858,0.00011853920295834541
trec-covid,3,handoff,512,512,270,242,9,9,171,0.023024750058539212,0.0038412390276789665
trec-covid,3,handoff,1024,1024,556,468,11,11,623,0.09025466709863394,0.01486719201784581
trec-covid,3,handoff,2048,2048,1082,966,14,14,1311,0.2008121251128614,0.033348069759085774
trec-covid,3,certificate-event,128,128,1,127,0,0,3,0.00015795801300555468,1.7251120880246162e-05
trec-covid,3,certificate-event,256,256,129,127,6,6,4,0.0002810420701280236,2.3834058083593845e-05
trec-covid,3,certificate-event,512,512,287,225,8,8,8,0.0008108330657705665,7.204222492873669e-05
trec-covid,3,certificate-event,1024,1024,578,446,11,11,13,0.0015470411162823439,0.00013754237443208694
trec-covid,3,certificate-event,2048,2048,1082,966,14,14,21,0.0028023741906508803,0.00025062612257897854
trec-covid,3,balanced64,128,128,64,64,4,4,3,0.00016033300198614597,9.58913005888462e-07
trec-covid,3,balanced64,256,256,128,128,6,6,5,0.000376041978597641,1.5009427443146706e-06
trec-covid,3,balanced64,512,512,256,256,9,9,9,0.0008564579766243696,2.459157258272171e-06
trec-covid,3,balanced64,1024,1024,512,512,10,10,17,0.0019007079536095262,4.711095243692398e-06
trec-covid,3,balanced64,2048,2048,1024,1024,12,12,33,0.004273541970178485,9.128008969128132e-06
trec-covid,33,balanced64,128,128,64,64,2,2,3,0.0001771249808371067,1.2079253792762756e-06
trec-covid,33,balanced64,256,256,128,128,5,5,5,0.0003947078948840499,1.8749851733446121e-06
trec-covid,33,balanced64,512,512,256,256,7,7,9,0.0008749989792704582,2.9578804969787598e-06
trec-covid,33,balanced64,1024,1024,512,512,10,10,17,0.0019181650131940842,5.166861228644848e-06
trec-covid,33,balanced64,2048,2048,1024,1024,15,15,33,0.004262623027898371,8.667819201946259e-06
trec-covid,33,blocker64,128,128,64,64,2,2,3,0.0001581249525770545,7.6669966802001e-06
trec-covid,33,blocker64,256,256,128,128,5,5,5,0.00036391697358340025,9.08400397747755e-06
trec-covid,33,blocker64,512,512,256,256,7,7,9,0.0008367080008611083,1.1543161235749722e-05
trec-covid,33,blocker64,1024,1024,512,512,10,10,17,0.001891207997687161,1.6586040146648884e-05
trec-covid,33,blocker64,2048,2048,832,1216,16,16,33,0.004316208069212735,2.7460977435112e-05
trec-covid,33,pressure64,128,128,64,64,2,2,3,0.00020083400886505842,3.679096698760986e-05
trec-covid,33,pressure64,256,256,128,128,5,5,5,0.0006514169508591294,0.0002727910177782178
trec-covid,33,pressure64,512,512,256,256,7,7,9,0.002341083949431777,0.0014557498507201672
trec-covid,33,pressure64,1024,1024,512,512,10,10,17,0.007074208930134773,0.005103916977532208
trec-covid,33,pressure64,2048,2048,832,1216,16,16,33,0.0189336669864133,0.014572460087947547
trec-covid,33,unit,128,128,64,64,2,2,129,0.009084624936804175,6.938236765563488e-05
trec-covid,33,unit,256,256,128,128,5,5,257,0.022478875005617738,0.0001357566798105836
trec-covid,33,unit,512,512,256,256,7,7,513,0.05164087505545467,0.0002792240120470524
trec-covid,33,unit,1024,1024,512,512,10,10,1025,0.11662079207599163,0.0005726706003770232
trec-covid,33,unit,2048,2048,889,1159,16,16,2049,0.2575891671003774,0.0011147838085889816
trec-covid,33,handoff64,128,128,64,64,2,2,5,0.0004491660511121154,7.408310193568468e-05
trec-covid,33,handoff64,256,256,128,128,5,5,89,0.011154749081470072,0.0018899082206189632
trec-covid,33,handoff64,512,512,256,256,7,7,267,0.035276665119454265,0.005837701261043549
trec-covid,33,handoff64,1024,1024,512,512,10,10,616,0.08640024915803224,0.013703119358979166
trec-covid,33,handoff64,2048,2048,889,1159,16,16,1067,0.15663187415339053,0.024119870271533728
trec-covid,33,handoff,128,128,1,127,0,0,3,0.00018137507140636444,2.150004729628563e-05
trec-covid,33,handoff,256,256,128,128,5,5,6,0.0005960840499028563,8.583301678299904e-05
trec-covid,33,handoff,512,512,256,256,7,7,184,0.02470891794655472,0.004262752598151565
trec-covid,33,handoff,1024,1024,512,512,10,10,533,0.07654437597375363,0.012808582745492458
trec-covid,33,handoff,2048,2048,889,1159,16,16,979,0.14758175099268556,0.024768050760030746
trec-covid,33,certificate-event,128,128,1,127,0,0,3,0.00015079102013260126,1.7000013031065464e-05
trec-covid,33,certificate-event,256,256,129,127,5,5,4,0.0002658739686012268,2.3542088456451893e-05
trec-covid,33,certificate-event,512,512,314,198,6,6,8,0.0007581239333376288,6.896024569869041e-05
trec-covid,33,certificate-event,1024,1024,525,499,10,10,15,0.0018909579375758767,0.00020066916476935148
trec-covid,33,certificate-event,2048,2048,956,1092,15,15,23,0.003276707953773439,0.0003184204688295722
