dataset,snapshot,query_id,policy,batch,k,completed,cost,lower_bound,terminal_accesses,stop
msmarco-passage-trec-dl-2019,0,490595,dibud,1,1,1,10,10,1003,cap100
msmarco-passage-trec-dl-2019,0,490595,dibud,1,2,1,10,10,1003,cap100
msmarco-passage-trec-dl-2019,0,490595,dibud,1,3,1,14,14,1003,cap100
msmarco-passage-trec-dl-2019,0,490595,dibud,1,4,1,26,26,1003,cap100
msmarco-passage-trec-dl-2019,0,490595,dibud,1,5,1,46,46,1003,cap100
msmarco-passage-trec-dl-2019,0,490595,dibud,1,6,1,52,52,1003,cap100
msmarco-passage-trec-dl-2019,0,490595,dibud,1,7,1,74,74,1003,cap100
msmarco-passage-trec-dl-2019,0,490595,dibud,1,8,1,80,80,1003,cap100
msmarco-passage-trec-dl-2019,0,490595,dibud,1,9,1,92,92,1003,cap100
msmarco-passage-trec-dl-2019,0,490595,dibud,1,10,1,95,95,1003,cap100
msmarco-passage-trec-dl-2019,0,490595,dibud,1,11,1,98,98,1003,cap100
msmarco-passage-trec-dl-2019,0,490595,dibud,1,12,1,98,98,1003,cap100
msmarco-passage-trec-dl-2019,0,490595,dibud,1,13,1,99,99,1003,cap100
msmarco-passage-trec-dl-2019,0,490595,dibud,1,14,1,100,100,1003,cap100
msmarco-passage-trec-dl-2019,0,490595,dibud,1,15,1,105,105,1003,cap100
msmarco-passage-trec-dl-2019,0,490595,dibud,1,16,1,111,111,1003,cap100
msmarco-passage-trec-dl-2019,0,490595,dibud,1,17,1,112,112,1003,cap100
msmarco-passage-trec-dl-2019,0,490595,dibud,1,18,1,116,116,1003,cap100
msmarco-passage-trec-dl-2019,0,490595,dibud,1,19,1,116,116,1003,cap100
msmarco-passage-trec-dl-2019,0,490595,dibud,1,20,1,116,116,1003,cap100
msmarco-passage-trec-dl-2019,0,490595,dibud,1,21,1,127,127,1003,cap100
msmarco-passage-trec-dl-2019,0,490595,dibud,1,22,1,128,128,1003,cap100
msmarco-passage-trec-dl-2019,0,490595,dibud,1,23,1,141,141,1003,cap100
msmarco-passage-trec-dl-2019,0,490595,dibud,1,24,1,152,152,1003,cap100
msmarco-passage-trec-dl-2019,0,490595,dibud,1,25,1,164,164,1003,cap100
msmarco-passage-trec-dl-2019,0,490595,dibud,1,26,1,173,173,1003,cap100
msmarco-passage-trec-dl-2019,0,490595,dibud,1,27,1,180,180,1003,cap100
msmarco-passage-trec-dl-2019,0,490595,dibud,1,28,1,188,188,1003,cap100
msmarco-passage-trec-dl-2019,0,490595,dibud,1,29,1,202,202,1003,cap100
msmarco-passage-trec-dl-2019,0,490595,dibud,1,30,1,204,204,1003,cap100
msmarco-passage-trec-dl-2019,0,490595,dibud,1,31,1,215,215,1003,cap100
msmarco-passage-trec-dl-2019,0,490595,dibud,1,32,1,223,223,1003,cap100
msmarco-passage-trec-dl-2019,0,490595,dibud,1,33,1,226,226,1003,cap100
msmarco-passage-trec-dl-2019,0,490595,dibud,1,34,1,234,234,1003,cap100
msmarco-passage-trec-dl-2019,0,490595,dibud,1,35,1,234,234,1003,cap100
msmarco-passage-trec-dl-2019,0,490595,dibud,1,36,1,235,235,1003,cap100
msmarco-passage-trec-dl-2019,0,490595,dibud,1,37,1,239,239,1003,cap100
msmarco-passage-trec-dl-2019,0,490595,dibud,1,38,1,246,246,1003,cap100
msmarco-passage-trec-dl-2019,0,490595,dibud,1,39,1,250,250,1003,cap100
msmarco-passage-trec-dl-2019,0,490595,dibud,1,40,1,260,260,1003,cap100
msmarco-passage-trec-dl-2019,0,490595,dibud,1,41,1,291,291,1003,cap100
msmarco-passage-trec-dl-2019,0,490595,dibud,1,42,1,310,310,1003,cap100
msmarco-passage-trec-dl-2019,0,490595,dibud,1,43,1,316,316,1003,cap100
msmarco-passage-trec-dl-2019,0,490595,dibud,1,44,1,329,329,1003,cap100
msmarco-passage-trec-dl-2019,0,490595,dibud,1,45,1,340,340,1003,cap100
msmarco-passage-trec-dl-2019,0,490595,dibud,1,46,1,343,343,1003,cap100
msmarco-passage-trec-dl-2019,0,490595,dibud,1,47,1,343,343,1003,cap100
msmarco-passage-trec-dl-2019,0,490595,dibud,1,48,1,357,357,1003,cap100
msmarco-passage-trec-dl-2019,0,490595,dibud,1,49,1,360,360,1003,cap100
msmarco-passage-trec-dl-2019,0,490595,dibud,1,50,1,362,362,1003,cap100
msmarco-passage-trec-dl-2019,0,490595,dibud,1,51,1,364,364,1003,cap100
msmarco-passage-trec-dl-2019,0,490595,dibud,1,52,1,419,419,1003,cap100
msmarco-passage-trec-dl-2019,0,490595,dibud,1,53,1,433,433,1003,cap100
msmarco-passage-trec-dl-2019,0,490595,dibud,1,54,1,442,442,1003,cap100
msmarco-passage-trec-dl-2019,0,490595,dibud,1,55,1,461,461,1003,cap100
msmarco-passage-trec-dl-2019,0,490595,dibud,1,56,1,481,481,1003,cap100
msmarco-passage-trec-dl-2019,0,490595,dibud,1,57,1,489,489,1003,cap100
msmarco-passage-trec-dl-2019,0,490595,dibud,1,58,1,494,494,1003,cap100
msmarco-passage-trec-dl-2019,0,490595,dibud,1,59,1,521,521,1003,cap100
msmarco-passage-trec-dl-2019,0,490595,dibud,1,60,1,586,586,1003,cap100
msmarco-passage-trec-dl-2019,0,490595,dibud,1,61,1,619,619,1003,cap100
msmarco-passage-trec-dl-2019,0,490595,dibud,1,62,1,621,621,1003,cap100
msmarco-passage-trec-dl-2019,0,490595,dibud,1,63,1,634,634,1003,cap100
msmarco-passage-trec-dl-2019,0,490595,dibud,1,64,1,634,634,1003,cap100
msmarco-passage-trec-dl-2019,0,490595,dibud,1,65,1,660,660,1003,cap100
msmarco-passage-trec-dl-2019,0,490595,dibud,1,66,1,710,710,1003,cap100
msmarco-passage-trec-dl-2019,0,490595,dibud,1,67,1,746,746,1003,cap100
msmarco-passage-trec-dl-2019,0,490595,dibud,1,68,1,757,757,1003,cap100
msmarco-passage-trec-dl-2019,0,490595,dibud,1,69,1,833,833,1003,cap100
msmarco-passage-trec-dl-2019,0,490595,dibud,1,70,1,841,841,1003,cap100
msmarco-passage-trec-dl-2019,0,490595,dibud,1,71,1,843,843,1003,cap100
msmarco-passage-trec-dl-2019,0,490595,dibud,1,72,1,903,903,1003,cap100
msmarco-passage-trec-dl-2019,0,490595,dibud,1,73,1,951,951,1003,cap100
msmarco-passage-trec-dl-2019,0,490595,dibud,1,74,1,973,973,1003,cap100
msmarco-passage-trec-dl-2019,0,490595,dibud,1,75,1,1002,1002,1003,cap100
msmarco-passage-trec-dl-2019,0,490595,dibud,1,76,1,1002,1002,1003,cap100
msmarco-passage-trec-dl-2019,0,490595,dibud,1,77,1,1003,1003,1003,cap100
msmarco-passage-trec-dl-2019,0,490595,dibud,1,78,1,1003,1003,1003,cap100
msmarco-passage-trec-dl-2019,0,490595,dibud,1,79,1,1003,1003,1003,cap100
msmarco-passage-trec-dl-2019,0,490595,dibud,1,80,1,1003,1003,1003,cap100
msmarco-passage-trec-dl-2019,0,490595,dibud,1,81,1,1003,1003,1003,cap100
msmarco-passage-trec-dl-2019,0,490595,dibud,1,82,1,1003,1003,1003,cap100
msmarco-passage-trec-dl-2019,0,490595,dibud,1,83,1,1003,1003,1003,cap100
msmarco-passage-trec-dl-2019,0,490595,dibud,1,84,1,1003,1003,1003,cap100
msmarco-passage-trec-dl-2019,0,490595,dibud,1,85,1,1003,1003,1003,cap100
msmarco-passage-trec-dl-2019,0,490595,dibud,1,86,1,1003,1003,1003,cap100
msmarco-passage-trec-dl-2019,0,490595,dibud,1,87,1,1003,1003,1003,cap100
msmarco-passage-trec-dl-2019,0,490595,dibud,1,88,1,1003,1003,1003,cap100
msmarco-passage-trec-dl-2019,0,490595,dibud,1,89,1,1003,1003,1003,cap100
msmarco-passage-trec-dl-2019,0,490595,dibud,1,90,1,1003,1003,1003,cap100
msmarco-passage-trec-dl-2019,0,490595,dibud,1,91,1,1003,1003,1003,cap100
msmarco-passage-trec-dl-2019,0,490595,dibud,1,92,1,1003,1003,1003,cap100
msmarco-passage-trec-dl-2019,0,490595,dibud,1,93,1,1003,1003,1003,cap100
msmarco-passage-trec-dl-2019,0,490595,dibud,1,94,1,1003,1003,1003,cap100
msmarco-passage-trec-dl-2019,0,490595,dibud,1,95,1,1003,1003,1003,cap100
msmarco-passage-trec-dl-2019,0,490595,dibud,1,96,1,1003,1003,1003,cap100
msmarco-passage-trec-dl-2019,0,490595,dibud,1,97,1,1003,1003,1003,cap100
msmarco-passage-trec-dl-2019,0,490595,dibud,1,98,1,1003,1003,1003,cap100
msmarco-passage-trec-dl-2019,0,490595,dibud,1,99,1,1003,1003,1003,cap100
msmarco-passage-trec-dl-2019,0,490595,dibud,1,100,1,1003,1003,1003,cap100
msmarco-passage-trec-dl-2019,0,490595,balanced,1,1,1,10,10,1269,cap100
msmarco-passage-trec-dl-2019,0,490595,balanced,1,2,1,10,10,1269,cap100
msmarco-passage-trec-dl-2019,0,490595,balanced,1,3,1,15,15,1269,cap100
msmarco-passage-trec-dl-2019,0,490595,balanced,1,4,1,27,27,1269,cap100
msmarco-passage-trec-dl-2019,0,490595,balanced,1,5,1,47,47,1269,cap100
msmarco-passage-trec-dl-2019,0,490595,balanced,1,6,1,53,53,1269,cap100
msmarco-passage-trec-dl-2019,0,490595,balanced,1,7,1,74,74,1269,cap100
msmarco-passage-trec-dl-2019,0,490595,balanced,1,8,1,80,80,1269,cap100
msmarco-passage-trec-dl-2019,0,490595,balanced,1,9,1,92,92,1269,cap100
msmarco-passage-trec-dl-2019,0,490595,balanced,1,10,1,95,95,1269,cap100
msmarco-passage-trec-dl-2019,0,490595,balanced,1,11,1,100,100,1269,cap100
msmarco-passage-trec-dl-2019,0,490595,balanced,1,12,1,100,100,1269,cap100
msmarco-passage-trec-dl-2019,0,490595,balanced,1,13,1,102,102,1269,cap100
msmarco-passage-trec-dl-2019,0,490595,balanced,1,14,1,104,104,1269,cap100
msmarco-passage-trec-dl-2019,0,490595,balanced,1,15,1,114,114,1269,cap100
msmarco-passage-trec-dl-2019,0,490595,balanced,1,16,1,126,126,1269,cap100
msmarco-passage-trec-dl-2019,0,490595,balanced,1,17,1,128,128,1269,cap100
msmarco-passage-trec-dl-2019,0,490595,balanced,1,18,1,136,136,1269,cap100
msmarco-passage-trec-dl-2019,0,490595,balanced,1,19,1,136,136,1269,cap100
msmarco-passage-trec-dl-2019,0,490595,balanced,1,20,1,136,136,1269,cap100
msmarco-passage-trec-dl-2019,0,490595,balanced,1,21,1,152,152,1269,cap100
msmarco-passage-trec-dl-2019,0,490595,balanced,1,22,1,152,152,1269,cap100
msmarco-passage-trec-dl-2019,0,490595,balanced,1,23,1,168,168,1269,cap100
msmarco-passage-trec-dl-2019,0,490595,balanced,1,24,1,182,182,1269,cap100
msmarco-passage-trec-dl-2019,0,490595,balanced,1,25,1,196,196,1269,cap100
msmarco-passage-trec-dl-2019,0,490595,balanced,1,26,1,208,208,1269,cap100
msmarco-passage-trec-dl-2019,0,490595,balanced,1,27,1,216,216,1269,cap100
msmarco-passage-trec-dl-2019,0,490595,balanced,1,28,1,226,226,1269,cap100
msmarco-passage-trec-dl-2019,0,490595,balanced,1,29,1,244,244,1269,cap100
msmarco-passage-trec-dl-2019,0,490595,balanced,1,30,1,246,246,1269,cap100
msmarco-passage-trec-dl-2019,0,490595,balanced,1,31,1,260,260,1269,cap100
msmarco-passage-trec-dl-2019,0,490595,balanced,1,32,1,270,270,1269,cap100
msmarco-passage-trec-dl-2019,0,490595,balanced,1,33,1,274,274,1269,cap100
msmarco-passage-trec-dl-2019,0,490595,balanced,1,34,1,284,284,1269,cap100
msmarco-passage-trec-dl-2019,0,490595,balanced,1,35,1,284,284,1269,cap100
msmarco-passage-trec-dl-2019,0,490595,balanced,1,36,1,284,284,1269,cap100
msmarco-passage-trec-dl-2019,0,490595,balanced,1,37,1,284,284,1269,cap100
msmarco-passage-trec-dl-2019,0,490595,balanced,1,38,1,284,284,1269,cap100
msmarco-passage-trec-dl-2019,0,490595,balanced,1,39,1,284,284,1269,cap100
msmarco-passage-trec-dl-2019,0,490595,balanced,1,40,1,284,284,1269,cap100
msmarco-passage-trec-dl-2019,0,490595,balanced,1,41,1,297,297,1269,cap100
msmarco-passage-trec-dl-2019,0,490595,balanced,1,42,1,327,327,1269,cap100
msmarco-passage-trec-dl-2019,0,490595,balanced,1,43,1,335,335,1269,cap100
msmarco-passage-trec-dl-2019,0,490595,balanced,1,44,1,335,335,1269,cap100
msmarco-passage-trec-dl-2019,0,490595,balanced,1,45,1,344,344,1269,cap100
msmarco-passage-trec-dl-2019,0,490595,balanced,1,46,1,350,350,1269,cap100
msmarco-passage-trec-dl-2019,0,490595,balanced,1,47,1,350,350,1269,cap100
msmarco-passage-trec-dl-2019,0,490595,balanced,1,48,1,378,378,1269,cap100
msmarco-passage-trec-dl-2019,0,490595,balanced,1,49,1,384,384,1269,cap100
msmarco-passage-trec-dl-2019,0,490595,balanced,1,50,1,388,388,1269,cap100
msmarco-passage-trec-dl-2019,0,490595,balanced,1,51,1,392,392,1269,cap100
msmarco-passage-trec-dl-2019,0,490595,balanced,1,52,1,460,460,1269,cap100
msmarco-passage-trec-dl-2019,0,490595,balanced,1,53,1,476,476,1269,cap100
msmarco-passage-trec-dl-2019,0,490595,balanced,1,54,1,486,486,1269,cap100
msmarco-passage-trec-dl-2019,0,490595,balanced,1,55,1,524,524,1269,cap100
msmarco-passage-trec-dl-2019,0,490595,balanced,1,56,1,564,564,1269,cap100
msmarco-passage-trec-dl-2019,0,490595,balanced,1,57,1,580,580,1269,cap100
msmarco-passage-trec-dl-2019,0,490595,balanced,1,58,1,590,590,1269,cap100
msmarco-passage-trec-dl-2019,0,490595,balanced,1,59,1,644,644,1269,cap100
msmarco-passage-trec-dl-2019,0,490595,balanced,1,60,1,736,736,1269,cap100
msmarco-passage-trec-dl-2019,0,490595,balanced,1,61,1,736,736,1269,cap100
msmarco-passage-trec-dl-2019,0,490595,balanced,1,62,1,736,736,1269,cap100
msmarco-passage-trec-dl-2019,0,490595,balanced,1,63,1,736,736,1269,cap100
msmarco-passage-trec-dl-2019,0,490595,balanced,1,64,1,736,736,1269,cap100
msmarco-passage-trec-dl-2019,0,490595,balanced,1,65,1,736,736,1269,cap100
msmarco-passage-trec-dl-2019,0,490595,balanced,1,66,1,736,736,1269,cap100
msmarco-passage-trec-dl-2019,0,490595,balanced,1,67,1,755,755,1269,cap100
msmarco-passage-trec-dl-2019,0,490595,balanced,1,68,1,777,777,1269,cap100
msmarco-passage-trec-dl-2019,0,490595,balanced,1,69,1,929,929,1269,cap100
msmarco-passage-trec-dl-2019,0,490595,balanced,1,70,1,945,945,1269,cap100
msmarco-passage-trec-dl-2019,0,490595,balanced,1,71,1,949,949,1269,cap100
msmarco-passage-trec-dl-2019,0,490595,balanced,1,72,1,1069,1069,1269,cap100
msmarco-passage-trec-dl-2019,0,490595,balanced,1,73,1,1165,1165,1269,cap100
msmarco-passage-trec-dl-2019,0,490595,balanced,1,74,1,1209,1209,1269,cap100
msmarco-passage-trec-dl-2019,0,490595,balanced,1,75,1,1267,1267,1269,cap100
msmarco-passage-trec-dl-2019,0,490595,balanced,1,76,1,1267,1267,1269,cap100
msmarco-passage-trec-dl-2019,0,490595,balanced,1,77,1,1269,1269,1269,cap100
msmarco-passage-trec-dl-2019,0,490595,balanced,1,78,1,1269,1269,1269,cap100
msmarco-passage-trec-dl-2019,0,490595,balanced,1,79,1,1269,1269,1269,cap100
msmarco-passage-trec-dl-2019,0,490595,balanced,1,80,1,1269,1269,1269,cap100
msmarco-passage-trec-dl-2019,0,490595,balanced,1,81,1,1269,1269,1269,cap100
msmarco-passage-trec-dl-2019,0,490595,balanced,1,82,1,1269,1269,1269,cap100
msmarco-passage-trec-dl-2019,0,490595,balanced,1,83,1,1269,1269,1269,cap100
msmarco-passage-trec-dl-2019,0,490595,balanced,1,84,1,1269,1269,1269,cap100
msmarco-passage-trec-dl-2019,0,490595,balanced,1,85,1,1269,1269,1269,cap100
msmarco-passage-trec-dl-2019,0,490595,balanced,1,86,1,1269,1269,1269,cap100
msmarco-passage-trec-dl-2019,0,490595,balanced,1,87,1,1269,1269,1269,cap100
msmarco-passage-trec-dl-2019,0,490595,balanced,1,88,1,1269,1269,1269,cap100
msmarco-passage-trec-dl-2019,0,490595,balanced,1,89,1,1269,1269,1269,cap100
msmarco-passage-trec-dl-2019,0,490595,balanced,1,90,1,1269,1269,1269,cap100
msmarco-passage-trec-dl-2019,0,490595,balanced,1,91,1,1269,1269,1269,cap100
msmarco-passage-trec-dl-2019,0,490595,balanced,1,92,1,1269,1269,1269,cap100
msmarco-passage-trec-dl-2019,0,490595,balanced,1,93,1,1269,1269,1269,cap100
msmarco-passage-trec-dl-2019,0,490595,balanced,1,94,1,1269,1269,1269,cap100
msmarco-passage-trec-dl-2019,0,490595,balanced,1,95,1,1269,1269,1269,cap100
msmarco-passage-trec-dl-2019,0,490595,balanced,1,96,1,1269,1269,1269,cap100
msmarco-passage-trec-dl-2019,0,490595,balanced,1,97,1,1269,1269,1269,cap100
msmarco-passage-trec-dl-2019,0,490595,balanced,1,98,1,1269,1269,1269,cap100
msmarco-passage-trec-dl-2019,0,490595,balanced,1,99,1,1269,1269,1269,cap100
msmarco-passage-trec-dl-2019,0,490595,balanced,1,100,1,1269,1269,1269,cap100
msmarco-passage-trec-dl-2019,0,490595,dibud,64,1,1,128,128,1024,cap100
msmarco-passage-trec-dl-2019,0,490595,dibud,64,2,1,128,128,1024,cap100
msmarco-passage-trec-dl-2019,0,490595,dibud,64,3,1,128,128,1024,cap100
msmarco-passage-trec-dl-2019,0,490595,dibud,64,4,1,128,128,1024,cap100
msmarco-passage-trec-dl-2019,0,490595,dibud,64,5,1,128,128,1024,cap100
msmarco-passage-trec-dl-2019,0,490595,dibud,64,6,1,128,128,1024,cap100
msmarco-passage-trec-dl-2019,0,490595,dibud,64,7,1,128,128,1024,cap100
msmarco-passage-trec-dl-2019,0,490595,dibud,64,8,1,128,128,1024,cap100
msmarco-passage-trec-dl-2019,0,490595,dibud,64,9,1,128,128,1024,cap100
msmarco-passage-trec-dl-2019,0,490595,dibud,64,10,1,128,128,1024,cap100
msmarco-passage-trec-dl-2019,0,490595,dibud,64,11,1,128,128,1024,cap100
msmarco-passage-trec-dl-2019,0,490595,dibud,64,12,1,128,128,1024,cap100
msmarco-passage-trec-dl-2019,0,490595,dibud,64,13,1,128,128,1024,cap100
msmarco-passage-trec-dl-2019,0,490595,dibud,64,14,1,128,128,1024,cap100
msmarco-passage-trec-dl-2019,0,490595,dibud,64,15,1,128,128,1024,cap100
msmarco-passage-trec-dl-2019,0,490595,dibud,64,16,1,128,128,1024,cap100
msmarco-passage-trec-dl-2019,0,490595,dibud,64,17,1,128,128,1024,cap100
msmarco-passage-trec-dl-2019,0,490595,dibud,64,18,1,192,192,1024,cap100
msmarco-passage-trec-dl-2019,0,490595,dibud,64,19,1,192,192,1024,cap100
msmarco-passage-trec-dl-2019,0,490595,dibud,64,20,1,192,192,1024,cap100
msmarco-passage-trec-dl-2019,0,490595,dibud,64,21,1,192,192,1024,cap100
msmarco-passage-trec-dl-2019,0,490595,dibud,64,22,1,192,192,1024,cap100
msmarco-passage-trec-dl-2019,0,490595,dibud,64,23,1,192,192,1024,cap100
msmarco-passage-trec-dl-2019,0,490595,dibud,64,24,1,192,192,1024,cap100
msmarco-passage-trec-dl-2019,0,490595,dibud,64,25,1,256,256,1024,cap100
msmarco-passage-trec-dl-2019,0,490595,dibud,64,26,1,256,256,1024,cap100
msmarco-passage-trec-dl-2019,0,490595,dibud,64,27,1,256,256,1024,cap100
msmarco-passage-trec-dl-2019,0,490595,dibud,64,28,1,256,256,1024,cap100
msmarco-passage-trec-dl-2019,0,490595,dibud,64,29,1,256,256,1024,cap100
msmarco-passage-trec-dl-2019,0,490595,dibud,64,30,1,256,256,1024,cap100
msmarco-passage-trec-dl-2019,0,490595,dibud,64,31,1,320,320,1024,cap100
msmarco-passage-trec-dl-2019,0,490595,dibud,64,32,1,320,320,1024,cap100
msmarco-passage-trec-dl-2019,0,490595,dibud,64,33,1,320,320,1024,cap100
msmarco-passage-trec-dl-2019,0,490595,dibud,64,34,1,320,320,1024,cap100
msmarco-passage-trec-dl-2019,0,490595,dibud,64,35,1,320,320,1024,cap100
msmarco-passage-trec-dl-2019,0,490595,dibud,64,36,1,320,320,1024,cap100
msmarco-passage-trec-dl-2019,0,490595,dibud,64,37,1,320,320,1024,cap100
msmarco-passage-trec-dl-2019,0,490595,dibud,64,38,1,320,320,1024,cap100
msmarco-passage-trec-dl-2019,0,490595,dibud,64,39,1,320,320,1024,cap100
msmarco-passage-trec-dl-2019,0,490595,dibud,64,40,1,320,320,1024,cap100
msmarco-passage-trec-dl-2019,0,490595,dibud,64,41,1,384,384,1024,cap100
msmarco-passage-trec-dl-2019,0,490595,dibud,64,42,1,384,384,1024,cap100
msmarco-passage-trec-dl-2019,0,490595,dibud,64,43,1,384,384,1024,cap100
msmarco-passage-trec-dl-2019,0,490595,dibud,64,44,1,384,384,1024,cap100
msmarco-passage-trec-dl-2019,0,490595,dibud,64,45,1,384,384,1024,cap100
msmarco-passage-trec-dl-2019,0,490595,dibud,64,46,1,384,384,1024,cap100
msmarco-passage-trec-dl-2019,0,490595,dibud,64,47,1,384,384,1024,cap100
msmarco-passage-trec-dl-2019,0,490595,dibud,64,48,1,384,384,1024,cap100
msmarco-passage-trec-dl-2019,0,490595,dibud,64,49,1,384,384,1024,cap100
msmarco-passage-trec-dl-2019,0,490595,dibud,64,50,1,448,448,1024,cap100
msmarco-passage-trec-dl-2019,0,490595,dibud,64,51,1,448,448,1024,cap100
msmarco-passage-trec-dl-2019,0,490595,dibud,64,52,1,448,448,1024,cap100
msmarco-passage-trec-dl-2019,0,490595,dibud,64,53,1,512,512,1024,cap100
msmarco-passage-trec-dl-2019,0,490595,dibud,64,54,1,512,512,1024,cap100
msmarco-passage-trec-dl-2019,0,490595,dibud,64,55,1,576,576,1024,cap100
msmarco-passage-trec-dl-2019,0,490595,dibud,64,56,1,576,576,1024,cap100
msmarco-passage-trec-dl-2019,0,490595,dibud,64,57,1,576,576,1024,cap100
msmarco-passage-trec-dl-2019,0,490595,dibud,64,58,1,576,576,1024,cap100
msmarco-passage-trec-dl-2019,0,490595,dibud,64,59,1,640,640,1024,cap100
msmarco-passage-trec-dl-2019,0,490595,dibud,64,60,1,640,640,1024,cap100
msmarco-passage-trec-dl-2019,0,490595,dibud,64,61,1,640,640,1024,cap100
msmarco-passage-trec-dl-2019,0,490595,dibud,64,62,1,640,640,1024,cap100
msmarco-passage-trec-dl-2019,0,490595,dibud,64,63,1,704,704,1024,cap100
msmarco-passage-trec-dl-2019,0,490595,dibud,64,64,1,704,704,1024,cap100
msmarco-passage-trec-dl-2019,0,490595,dibud,64,65,1,704,704,1024,cap100
msmarco-passage-trec-dl-2019,0,490595,dibud,64,66,1,768,768,1024,cap100
msmarco-passage-trec-dl-2019,0,490595,dibud,64,67,1,768,768,1024,cap100
msmarco-passage-trec-dl-2019,0,490595,dibud,64,68,1,832,832,1024,cap100
msmarco-passage-trec-dl-2019,0,490595,dibud,64,69,1,896,896,1024,cap100
msmarco-passage-trec-dl-2019,0,490595,dibud,64,70,1,896,896,1024,cap100
msmarco-passage-trec-dl-2019,0,490595,dibud,64,71,1,896,896,1024,cap100
msmarco-passage-trec-dl-2019,0,490595,dibud,64,72,1,960,960,1024,cap100
msmarco-passage-trec-dl-2019,0,490595,dibud,64,73,1,1024,1024,1024,cap100
msmarco-passage-trec-dl-2019,0,490595,dibud,64,74,1,1024,1024,1024,cap100
msmarco-passage-trec-dl-2019,0,490595,dibud,64,75,1,1024,1024,1024,cap100
msmarco-passage-trec-dl-2019,0,490595,dibud,64,76,1,1024,1024,1024,cap100
msmarco-passage-trec-dl-2019,0,490595,dibud,64,77,1,1024,1024,1024,cap100
msmarco-passage-trec-dl-2019,0,490595,dibud,64,78,1,1024,1024,1024,cap100
msmarco-passage-trec-dl-2019,0,490595,dibud,64,79,1,1024,1024,1024,cap100
msmarco-passage-trec-dl-2019,0,490595,dibud,64,80,1,1024,1024,1024,cap100
msmarco-passage-trec-dl-2019,0,490595,dibud,64,81,1,1024,1024,1024,cap100
msmarco-passage-trec-dl-2019,0,490595,dibud,64,82,1,1024,1024,1024,cap100
msmarco-passage-trec-dl-2019,0,490595,dibud,64,83,1,1024,1024,1024,cap100
msmarco-passage-trec-dl-2019,0,490595,dibud,64,84,1,1024,1024,1024,cap100
msmarco-passage-trec-dl-2019,0,490595,dibud,64,85,1,1024,1024,1024,cap100
msmarco-passage-trec-dl-2019,0,490595,dibud,64,86,1,1024,1024,1024,cap100
msmarco-passage-trec-dl-2019,0,490595,dibud,64,87,1,1024,1024,1024,cap100
msmarco-passage-trec-dl-2019,0,490595,dibud,64,88,1,1024,1024,1024,cap100
msmarco-passage-trec-dl-2019,0,490595,dibud,64,89,1,1024,1024,1024,cap100
msmarco-passage-trec-dl-2019,0,490595,dibud,64,90,1,1024,1024,1024,cap100
msmarco-passage-trec-dl-2019,0,490595,dibud,64,91,1,1024,1024,1024,cap100
msmarco-passage-trec-dl-2019,0,490595,dibud,64,92,1,1024,1024,1024,cap100
msmarco-passage-trec-dl-2019,0,490595,dibud,64,93,1,1024,1024,1024,cap100
msmarco-passage-trec-dl-2019,0,490595,dibud,64,94,1,1024,1024,1024,cap100
msmarco-passage-trec-dl-2019,0,490595,dibud,64,95,1,1024,1024,1024,cap100
msmarco-passage-trec-dl-2019,0,490595,dibud,64,96,1,1024,1024,1024,cap100
msmarco-passage-trec-dl-2019,0,490595,dibud,64,97,1,1024,1024,1024,cap100
msmarco-passage-trec-dl-2019,0,490595,dibud,64,98,1,1024,1024,1024,cap100
msmarco-passage-trec-dl-2019,0,490595,dibud,64,99,1,1024,1024,1024,cap100
msmarco-passage-trec-dl-2019,0,490595,dibud,64,100,1,1024,1024,1024,cap100
msmarco-passage-trec-dl-2019,0,490595,balanced,64,1,1,128,128,1216,cap100
msmarco-passage-trec-dl-2019,0,490595,balanced,64,2,1,128,128,1216,cap100
msmarco-passage-trec-dl-2019,0,490595,balanced,64,3,1,128,128,1216,cap100
msmarco-passage-trec-dl-2019,0,490595,balanced,64,4,1,128,128,1216,cap100
msmarco-passage-trec-dl-2019,0,490595,balanced,64,5,1,128,128,1216,cap100
msmarco-passage-trec-dl-2019,0,490595,balanced,64,6,1,128,128,1216,cap100
msmarco-passage-trec-dl-2019,0,490595,balanced,64,7,1,128,128,1216,cap100
msmarco-passage-trec-dl-2019,0,490595,balanced,64,8,1,128,128,1216,cap100
msmarco-passage-trec-dl-2019,0,490595,balanced,64,9,1,128,128,1216,cap100
msmarco-passage-trec-dl-2019,0,490595,balanced,64,10,1,128,128,1216,cap100
msmarco-passage-trec-dl-2019,0,490595,balanced,64,11,1,128,128,1216,cap100
msmarco-passage-trec-dl-2019,0,490595,balanced,64,12,1,128,128,1216,cap100
msmarco-passage-trec-dl-2019,0,490595,balanced,64,13,1,128,128,1216,cap100
msmarco-passage-trec-dl-2019,0,490595,balanced,64,14,1,128,128,1216,cap100
msmarco-passage-trec-dl-2019,0,490595,balanced,64,15,1,128,128,1216,cap100
msmarco-passage-trec-dl-2019,0,490595,balanced,64,16,1,128,128,1216,cap100
msmarco-passage-trec-dl-2019,0,490595,balanced,64,17,1,128,128,1216,cap100
msmarco-passage-trec-dl-2019,0,490595,balanced,64,18,1,256,256,1216,cap100
msmarco-passage-trec-dl-2019,0,490595,balanced,64,19,1,256,256,1216,cap100
msmarco-passage-trec-dl-2019,0,490595,balanced,64,20,1,256,256,1216,cap100
msmarco-passage-trec-dl-2019,0,490595,balanced,64,21,1,256,256,1216,cap100
msmarco-passage-trec-dl-2019,0,490595,balanced,64,22,1,256,256,1216,cap100
msmarco-passage-trec-dl-2019,0,490595,balanced,64,23,1,256,256,1216,cap100
msmarco-passage-trec-dl-2019,0,490595,balanced,64,24,1,256,256,1216,cap100
msmarco-passage-trec-dl-2019,0,490595,balanced,64,25,1,256,256,1216,cap100
msmarco-passage-trec-dl-2019,0,490595,balanced,64,26,1,256,256,1216,cap100
msmarco-passage-trec-dl-2019,0,490595,balanced,64,27,1,256,256,1216,cap100
msmarco-passage-trec-dl-2019,0,490595,balanced,64,28,1,256,256,1216,cap100
msmarco-passage-trec-dl-2019,0,490595,balanced,64,29,1,256,256,1216,cap100
msmarco-passage-trec-dl-2019,0,490595,balanced,64,30,1,256,256,1216,cap100
msmarco-passage-trec-dl-2019,0,490595,balanced,64,31,1,384,384,1216,cap100
msmarco-passage-trec-dl-2019,0,490595,balanced,64,32,1,384,384,1216,cap100
msmarco-passage-trec-dl-2019,0,490595,balanced,64,33,1,384,384,1216,cap100
msmarco-passage-trec-dl-2019,0,490595,balanced,64,34,1,384,384,1216,cap100
msmarco-passage-trec-dl-2019,0,490595,balanced,64,35,1,384,384,1216,cap100
msmarco-passage-trec-dl-2019,0,490595,balanced,64,36,1,384,384,1216,cap100
msmarco-passage-trec-dl-2019,0,490595,balanced,64,37,1,384,384,1216,cap100
msmarco-passage-trec-dl-2019,0,490595,balanced,64,38,1,384,384,1216,cap100
msmarco-passage-trec-dl-2019,0,490595,balanced,64,39,1,384,384,1216,cap100
msmarco-passage-trec-dl-2019,0,490595,balanced,64,40,1,384,384,1216,cap100
msmarco-passage-trec-dl-2019,0,490595,balanced,64,41,1,384,384,1216,cap100
msmarco-passage-trec-dl-2019,0,490595,balanced,64,42,1,384,384,1216,cap100
msmarco-passage-trec-dl-2019,0,490595,balanced,64,43,1,384,384,1216,cap100
msmarco-passage-trec-dl-2019,0,490595,balanced,64,44,1,384,384,1216,cap100
msmarco-passage-trec-dl-2019,0,490595,balanced,64,45,1,384,384,1216,cap100
msmarco-passage-trec-dl-2019,0,490595,balanced,64,46,1,384,384,1216,cap100
msmarco-passage-trec-dl-2019,0,490595,balanced,64,47,1,384,384,1216,cap100
msmarco-passage-trec-dl-2019,0,490595,balanced,64,48,1,384,384,1216,cap100
msmarco-passage-trec-dl-2019,0,490595,balanced,64,49,1,384,384,1216,cap100
msmarco-passage-trec-dl-2019,0,490595,balanced,64,50,1,512,512,1216,cap100
msmarco-passage-trec-dl-2019,0,490595,balanced,64,51,1,512,512,1216,cap100
msmarco-passage-trec-dl-2019,0,490595,balanced,64,52,1,512,512,1216,cap100
msmarco-passage-trec-dl-2019,0,490595,balanced,64,53,1,512,512,1216,cap100
msmarco-passage-trec-dl-2019,0,490595,balanced,64,54,1,512,512,1216,cap100
msmarco-passage-trec-dl-2019,0,490595,balanced,64,55,1,640,640,1216,cap100
msmarco-passage-trec-dl-2019,0,490595,balanced,64,56,1,640,640,1216,cap100
msmarco-passage-trec-dl-2019,0,490595,balanced,64,57,1,640,640,1216,cap100
msmarco-passage-trec-dl-2019,0,490595,balanced,64,58,1,640,640,1216,cap100
msmarco-passage-trec-dl-2019,0,490595,balanced,64,59,1,768,768,1216,cap100
msmarco-passage-trec-dl-2019,0,490595,balanced,64,60,1,768,768,1216,cap100
msmarco-passage-trec-dl-2019,0,490595,balanced,64,61,1,768,768,1216,cap100
msmarco-passage-trec-dl-2019,0,490595,balanced,64,62,1,768,768,1216,cap100
msmarco-passage-trec-dl-2019,0,490595,balanced,64,63,1,768,768,1216,cap100
msmarco-passage-trec-dl-2019,0,490595,balanced,64,64,1,768,768,1216,cap100
msmarco-passage-trec-dl-2019,0,490595,balanced,64,65,1,768,768,1216,cap100
msmarco-passage-trec-dl-2019,0,490595,balanced,64,66,1,768,768,1216,cap100
msmarco-passage-trec-dl-2019,0,490595,balanced,64,67,1,768,768,1216,cap100
msmarco-passage-trec-dl-2019,0,490595,balanced,64,68,1,832,832,1216,cap100
msmarco-passage-trec-dl-2019,0,490595,balanced,64,69,1,960,960,1216,cap100
msmarco-passage-trec-dl-2019,0,490595,balanced,64,70,1,960,960,1216,cap100
msmarco-passage-trec-dl-2019,0,490595,balanced,64,71,1,960,960,1216,cap100
msmarco-passage-trec-dl-2019,0,490595,balanced,64,72,1,1088,1088,1216,cap100
msmarco-passage-trec-dl-2019,0,490595,balanced,64,73,1,1216,1216,1216,cap100
msmarco-passage-trec-dl-2019,0,490595,balanced,64,74,1,1216,1216,1216,cap100
msmarco-passage-trec-dl-2019,0,490595,balanced,64,75,1,1216,1216,1216,cap100
msmarco-passage-trec-dl-2019,0,490595,balanced,64,76,1,1216,1216,1216,cap100
msmarco-passage-trec-dl-2019,0,490595,balanced,64,77,1,1216,1216,1216,cap100
msmarco-passage-trec-dl-2019,0,490595,balanced,64,78,1,1216,1216,1216,cap100
msmarco-passage-trec-dl-2019,0,490595,balanced,64,79,1,1216,1216,1216,cap100
msmarco-passage-trec-dl-2019,0,490595,balanced,64,80,1,1216,1216,1216,cap100
msmarco-passage-trec-dl-2019,0,490595,balanced,64,81,1,1216,1216,1216,cap100
msmarco-passage-trec-dl-2019,0,490595,balanced,64,82,1,1216,1216,1216,cap100
msmarco-passage-trec-dl-2019,0,490595,balanced,64,83,1,1216,1216,1216,cap100
msmarco-passage-trec-dl-2019,0,490595,balanced,64,84,1,1216,1216,1216,cap100
msmarco-passage-trec-dl-2019,0,490595,balanced,64,85,1,1216,1216,1216,cap100
msmarco-passage-trec-dl-2019,0,490595,balanced,64,86,1,1216,1216,1216,cap100
msmarco-passage-trec-dl-2019,0,490595,balanced,64,87,1,1216,1216,1216,cap100
msmarco-passage-trec-dl-2019,0,490595,balanced,64,88,1,1216,1216,1216,cap100
msmarco-passage-trec-dl-2019,0,490595,balanced,64,89,1,1216,1216,1216,cap100
msmarco-passage-trec-dl-2019,0,490595,balanced,64,90,1,1216,1216,1216,cap100
msmarco-passage-trec-dl-2019,0,490595,balanced,64,91,1,1216,1216,1216,cap100
msmarco-passage-trec-dl-2019,0,490595,balanced,64,92,1,1216,1216,1216,cap100
msmarco-passage-trec-dl-2019,0,490595,balanced,64,93,1,1216,1216,1216,cap100
msmarco-passage-trec-dl-2019,0,490595,balanced,64,94,1,1216,1216,1216,cap100
msmarco-passage-trec-dl-2019,0,490595,balanced,64,95,1,1216,1216,1216,cap100
msmarco-passage-trec-dl-2019,0,490595,balanced,64,96,1,1216,1216,1216,cap100
msmarco-passage-trec-dl-2019,0,490595,balanced,64,97,1,1216,1216,1216,cap100
msmarco-passage-trec-dl-2019,0,490595,balanced,64,98,1,1216,1216,1216,cap100
msmarco-passage-trec-dl-2019,0,490595,balanced,64,99,1,1216,1216,1216,cap100
msmarco-passage-trec-dl-2019,0,490595,balanced,64,100,1,1216,1216,1216,cap100
msmarco-passage-trec-dl-2019,0,855410,dibud,1,1,1,6,6,9101,observation_limit
msmarco-passage-trec-dl-2019,0,855410,dibud,1,2,1,7,7,9101,observation_limit
msmarco-passage-trec-dl-2019,0,855410,dibud,1,3,1,9,9,9101,observation_limit
msmarco-passage-trec-dl-2019,0,855410,dibud,1,4,1,9,9,9101,observation_limit
msmarco-passage-trec-dl-2019,0,855410,dibud,1,5,1,17,17,9101,observation_limit
msmarco-passage-trec-dl-2019,0,855410,dibud,1,6,1,8202,8202,9101,observation_limit
msmarco-passage-trec-dl-2019,0,855410,dibud,1,7,0,,9102,9101,observation_limit
msmarco-passage-trec-dl-2019,0,855410,dibud,1,8,0,,9102,9101,observation_limit
msmarco-passage-trec-dl-2019,0,855410,dibud,1,9,0,,9102,9101,observation_limit
msmarco-passage-trec-dl-2019,0,855410,dibud,1,10,0,,9102,9101,observation_limit
msmarco-passage-trec-dl-2019,0,855410,dibud,1,11,0,,9102,9101,observation_limit
msmarco-passage-trec-dl-2019,0,855410,dibud,1,12,0,,9102,9101,observation_limit
msmarco-passage-trec-dl-2019,0,855410,dibud,1,13,0,,9102,9101,observation_limit
msmarco-passage-trec-dl-2019,0,855410,dibud,1,14,0,,9102,9101,observation_limit
msmarco-passage-trec-dl-2019,0,855410,dibud,1,15,0,,9102,9101,observation_limit
msmarco-passage-trec-dl-2019,0,855410,dibud,1,16,0,,9102,9101,observation_limit
msmarco-passage-trec-dl-2019,0,855410,dibud,1,17,0,,9102,9101,observation_limit
msmarco-passage-trec-dl-2019,0,855410,dibud,1,18,0,,9102,9101,observation_limit
msmarco-passage-trec-dl-2019,0,855410,dibud,1,19,0,,9102,9101,observation_limit
msmarco-passage-trec-dl-2019,0,855410,dibud,1,20,0,,9102,9101,observation_limit
msmarco-passage-trec-dl-2019,0,855410,dibud,1,21,0,,9102,9101,observation_limit
msmarco-passage-trec-dl-2019,0,855410,dibud,1,22,0,,9102,9101,observation_limit
msmarco-passage-trec-dl-2019,0,855410,dibud,1,23,0,,9102,9101,observation_limit
msmarco-passage-trec-dl-2019,0,855410,dibud,1,24,0,,9102,9101,observation_limit
msmarco-passage-trec-dl-2019,0,855410,dibud,1,25,0,,9102,9101,observation_limit
msmarco-passage-trec-dl-2019,0,855410,dibud,1,26,0,,9102,9101,observation_limit
msmarco-passage-trec-dl-2019,0,855410,dibud,1,27,0,,9102,9101,observation_limit
msmarco-passage-trec-dl-2019,0,855410,dibud,1,28,0,,9102,9101,observation_limit
msmarco-passage-trec-dl-2019,0,855410,dibud,1,29,0,,9102,9101,observation_limit
msmarco-passage-trec-dl-2019,0,855410,dibud,1,30,0,,9102,9101,observation_limit
msmarco-passage-trec-dl-2019,0,855410,dibud,1,31,0,,9102,9101,observation_limit
msmarco-passage-trec-dl-2019,0,855410,dibud,1,32,0,,9102,9101,observation_limit
msmarco-passage-trec-dl-2019,0,855410,dibud,1,33,0,,9102,9101,observation_limit
msmarco-passage-trec-dl-2019,0,855410,dibud,1,34,0,,9102,9101,observation_limit
msmarco-passage-trec-dl-2019,0,855410,dibud,1,35,0,,9102,9101,observation_limit
msmarco-passage-trec-dl-2019,0,855410,dibud,1,36,0,,9102,9101,observation_limit
msmarco-passage-trec-dl-2019,0,855410,dibud,1,37,0,,9102,9101,observation_limit
msmarco-passage-trec-dl-2019,0,855410,dibud,1,38,0,,9102,9101,observation_limit
msmarco-passage-trec-dl-2019,0,855410,dibud,1,39,0,,9102,9101,observation_limit
msmarco-passage-trec-dl-2019,0,855410,dibud,1,40,0,,9102,9101,observation_limit
msmarco-passage-trec-dl-2019,0,855410,dibud,1,41,0,,9102,9101,observation_limit
msmarco-passage-trec-dl-2019,0,855410,dibud,1,42,0,,9102,9101,observation_limit
msmarco-passage-trec-dl-2019,0,855410,dibud,1,43,0,,9102,9101,observation_limit
msmarco-passage-trec-dl-2019,0,855410,dibud,1,44,0,,9102,9101,observation_limit
msmarco-passage-trec-dl-2019,0,855410,dibud,1,45,0,,9102,9101,observation_limit
msmarco-passage-trec-dl-2019,0,855410,dibud,1,46,0,,9102,9101,observation_limit
msmarco-passage-trec-dl-2019,0,855410,dibud,1,47,0,,9102,9101,observation_limit
msmarco-passage-trec-dl-2019,0,855410,dibud,1,48,0,,9102,9101,observation_limit
msmarco-passage-trec-dl-2019,0,855410,dibud,1,49,0,,9102,9101,observation_limit
msmarco-passage-trec-dl-2019,0,855410,dibud,1,50,0,,9102,9101,observation_limit
msmarco-passage-trec-dl-2019,0,855410,dibud,1,51,0,,9102,9101,observation_limit
msmarco-passage-trec-dl-2019,0,855410,dibud,1,52,0,,9102,9101,observation_limit
msmarco-passage-trec-dl-2019,0,855410,dibud,1,53,0,,9102,9101,observation_limit
msmarco-passage-trec-dl-2019,0,855410,dibud,1,54,0,,9102,9101,observation_limit
msmarco-passage-trec-dl-2019,0,855410,dibud,1,55,0,,9102,9101,observation_limit
msmarco-passage-trec-dl-2019,0,855410,dibud,1,56,0,,9102,9101,observation_limit
msmarco-passage-trec-dl-2019,0,855410,dibud,1,57,0,,9102,9101,observation_limit
msmarco-passage-trec-dl-2019,0,855410,dibud,1,58,0,,9102,9101,observation_limit
msmarco-passage-trec-dl-2019,0,855410,dibud,1,59,0,,9102,9101,observation_limit
msmarco-passage-trec-dl-2019,0,855410,dibud,1,60,0,,9102,9101,observation_limit
msmarco-passage-trec-dl-2019,0,855410,dibud,1,61,0,,9102,9101,observation_limit
msmarco-passage-trec-dl-2019,0,855410,dibud,1,62,0,,9102,9101,observation_limit
msmarco-passage-trec-dl-2019,0,855410,dibud,1,63,0,,9102,9101,observation_limit
msmarco-passage-trec-dl-2019,0,855410,dibud,1,64,0,,9102,9101,observation_limit
msmarco-passage-trec-dl-2019,0,855410,dibud,1,65,0,,9102,9101,observation_limit
msmarco-passage-trec-dl-2019,0,855410,dibud,1,66,0,,9102,9101,observation_limit
msmarco-passage-trec-dl-2019,0,855410,dibud,1,67,0,,9102,9101,observation_limit
msmarco-passage-trec-dl-2019,0,855410,dibud,1,68,0,,9102,9101,observation_limit
msmarco-passage-trec-dl-2019,0,855410,dibud,1,69,0,,9102,9101,observation_limit
msmarco-passage-trec-dl-2019,0,855410,dibud,1,70,0,,9102,9101,observation_limit
msmarco-passage-trec-dl-2019,0,855410,dibud,1,71,0,,9102,9101,observation_limit
msmarco-passage-trec-dl-2019,0,855410,dibud,1,72,0,,9102,9101,observation_limit
msmarco-passage-trec-dl-2019,0,855410,dibud,1,73,0,,9102,9101,observation_limit
msmarco-passage-trec-dl-2019,0,855410,dibud,1,74,0,,9102,9101,observation_limit
msmarco-passage-trec-dl-2019,0,855410,dibud,1,75,0,,9102,9101,observation_limit
msmarco-passage-trec-dl-2019,0,855410,dibud,1,76,0,,9102,9101,observation_limit
msmarco-passage-trec-dl-2019,0,855410,dibud,1,77,0,,9102,9101,observation_limit
msmarco-passage-trec-dl-2019,0,855410,dibud,1,78,0,,9102,9101,observation_limit
msmarco-passage-trec-dl-2019,0,855410,dibud,1,79,0,,9102,9101,observation_limit
msmarco-passage-trec-dl-2019,0,855410,dibud,1,80,0,,9102,9101,observation_limit
msmarco-passage-trec-dl-2019,0,855410,dibud,1,81,0,,9102,9101,observation_limit
msmarco-passage-trec-dl-2019,0,855410,dibud,1,82,0,,9102,9101,observation_limit
msmarco-passage-trec-dl-2019,0,855410,dibud,1,83,0,,9102,9101,observation_limit
msmarco-passage-trec-dl-2019,0,855410,dibud,1,84,0,,9102,9101,observation_limit
msmarco-passage-trec-dl-2019,0,855410,dibud,1,85,0,,9102,9101,observation_limit
msmarco-passage-trec-dl-2019,0,855410,dibud,1,86,0,,9102,9101,observation_limit
msmarco-passage-trec-dl-2019,0,855410,dibud,1,87,0,,9102,9101,observation_limit
msmarco-passage-trec-dl-2019,0,855410,dibud,1,88,0,,9102,9101,observation_limit
msmarco-passage-trec-dl-2019,0,855410,dibud,1,89,0,,9102,9101,observation_limit
msmarco-passage-trec-dl-2019,0,855410,dibud,1,90,0,,9102,9101,observation_limit
msmarco-passage-trec-dl-2019,0,855410,dibud,1,91,0,,9102,9101,observation_limit
msmarco-passage-trec-dl-2019,0,855410,dibud,1,92,0,,9102,9101,observation_limit
msmarco-passage-trec-dl-2019,0,855410,dibud,1,93,0,,9102,9101,observation_limit
msmarco-passage-trec-dl-2019,0,855410,dibud,1,94,0,,9102,9101,observation_limit
msmarco-passage-trec-dl-2019,0,855410,dibud,1,95,0,,9102,9101,observation_limit
msmarco-passage-trec-dl-2019,0,855410,dibud,1,96,0,,9102,9101,observation_limit
msmarco-passage-trec-dl-2019,0,855410,dibud,1,97,0,,9102,9101,observation_limit
msmarco-passage-trec-dl-2019,0,855410,dibud,1,98,0,,9102,9101,observation_limit
msmarco-passage-trec-dl-2019,0,855410,dibud,1,99,0,,9102,9101,observation_limit
msmarco-passage-trec-dl-2019,0,855410,dibud,1,100,0,,9102,9101,observation_limit
msmarco-passage-trec-dl-2019,0,855410,balanced,1,1,1,6,6,10000,budget
msmarco-passage-trec-dl-2019,0,855410,balanced,1,2,1,7,7,10000,budget
msmarco-passage-trec-dl-2019,0,855410,balanced,1,3,1,10,10,10000,budget
msmarco-passage-trec-dl-2019,0,855410,balanced,1,4,1,10,10,10000,budget
msmarco-passage-trec-dl-2019,0,855410,balanced,1,5,1,15,15,10000,budget
msmarco-passage-trec-dl-2019,0,855410,balanced,1,6,1,8202,8202,10000,budget
msmarco-passage-trec-dl-2019,0,855410,balanced,1,7,0,,10001,10000,budget
msmarco-passage-trec-dl-2019,0,855410,balanced,1,8,0,,10001,10000,budget
msmarco-passage-trec-dl-2019,0,855410,balanced,1,9,0,,10001,10000,budget
msmarco-passage-trec-dl-2019,0,855410,balanced,1,10,0,,10001,10000,budget
msmarco-passage-trec-dl-2019,0,855410,balanced,1,11,0,,10001,10000,budget
msmarco-passage-trec-dl-2019,0,855410,balanced,1,12,0,,10001,10000,budget
msmarco-passage-trec-dl-2019,0,855410,balanced,1,13,0,,10001,10000,budget
msmarco-passage-trec-dl-2019,0,855410,balanced,1,14,0,,10001,10000,budget
msmarco-passage-trec-dl-2019,0,855410,balanced,1,15,0,,10001,10000,budget
msmarco-passage-trec-dl-2019,0,855410,balanced,1,16,0,,10001,10000,budget
msmarco-passage-trec-dl-2019,0,855410,balanced,1,17,0,,10001,10000,budget
msmarco-passage-trec-dl-2019,0,855410,balanced,1,18,0,,10001,10000,budget
msmarco-passage-trec-dl-2019,0,855410,balanced,1,19,0,,10001,10000,budget
msmarco-passage-trec-dl-2019,0,855410,balanced,1,20,0,,10001,10000,budget
msmarco-passage-trec-dl-2019,0,855410,balanced,1,21,0,,10001,10000,budget
msmarco-passage-trec-dl-2019,0,855410,balanced,1,22,0,,10001,10000,budget
msmarco-passage-trec-dl-2019,0,855410,balanced,1,23,0,,10001,10000,budget
msmarco-passage-trec-dl-2019,0,855410,balanced,1,24,0,,10001,10000,budget
msmarco-passage-trec-dl-2019,0,855410,balanced,1,25,0,,10001,10000,budget
msmarco-passage-trec-dl-2019,0,855410,balanced,1,26,0,,10001,10000,budget
msmarco-passage-trec-dl-2019,0,855410,balanced,1,27,0,,10001,10000,budget
msmarco-passage-trec-dl-2019,0,855410,balanced,1,28,0,,10001,10000,budget
msmarco-passage-trec-dl-2019,0,855410,balanced,1,29,0,,10001,10000,budget
msmarco-passage-trec-dl-2019,0,855410,balanced,1,30,0,,10001,10000,budget
msmarco-passage-trec-dl-2019,0,855410,balanced,1,31,0,,10001,10000,budget
msmarco-passage-trec-dl-2019,0,855410,balanced,1,32,0,,10001,10000,budget
msmarco-passage-trec-dl-2019,0,855410,balanced,1,33,0,,10001,10000,budget
msmarco-passage-trec-dl-2019,0,855410,balanced,1,34,0,,10001,10000,budget
msmarco-passage-trec-dl-2019,0,855410,balanced,1,35,0,,10001,10000,budget
msmarco-passage-trec-dl-2019,0,855410,balanced,1,36,0,,10001,10000,budget
msmarco-passage-trec-dl-2019,0,855410,balanced,1,37,0,,10001,10000,budget
msmarco-passage-trec-dl-2019,0,855410,balanced,1,38,0,,10001,10000,budget
msmarco-passage-trec-dl-2019,0,855410,balanced,1,39,0,,10001,10000,budget
msmarco-passage-trec-dl-2019,0,855410,balanced,1,40,0,,10001,10000,budget
msmarco-passage-trec-dl-2019,0,855410,balanced,1,41,0,,10001,10000,budget
msmarco-passage-trec-dl-2019,0,855410,balanced,1,42,0,,10001,10000,budget
msmarco-passage-trec-dl-2019,0,855410,balanced,1,43,0,,10001,10000,budget
msmarco-passage-trec-dl-2019,0,855410,balanced,1,44,0,,10001,10000,budget
msmarco-passage-trec-dl-2019,0,855410,balanced,1,45,0,,10001,10000,budget
msmarco-passage-trec-dl-2019,0,855410,balanced,1,46,0,,10001,10000,budget
msmarco-passage-trec-dl-2019,0,855410,balanced,1,47,0,,10001,10000,budget
msmarco-passage-trec-dl-2019,0,855410,balanced,1,48,0,,10001,10000,budget
msmarco-passage-trec-dl-2019,0,855410,balanced,1,49,0,,10001,10000,budget
msmarco-passage-trec-dl-2019,0,855410,balanced,1,50,0,,10001,10000,budget
msmarco-passage-trec-dl-2019,0,855410,balanced,1,51,0,,10001,10000,budget
msmarco-passage-trec-dl-2019,0,855410,balanced,1,52,0,,10001,10000,budget
msmarco-passage-trec-dl-2019,0,855410,balanced,1,53,0,,10001,10000,budget
msmarco-passage-trec-dl-2019,0,855410,balanced,1,54,0,,10001,10000,budget
msmarco-passage-trec-dl-2019,0,855410,balanced,1,55,0,,10001,10000,budget
msmarco-passage-trec-dl-2019,0,855410,balanced,1,56,0,,10001,10000,budget
msmarco-passage-trec-dl-2019,0,855410,balanced,1,57,0,,10001,10000,budget
msmarco-passage-trec-dl-2019,0,855410,balanced,1,58,0,,10001,10000,budget
msmarco-passage-trec-dl-2019,0,855410,balanced,1,59,0,,10001,10000,budget
msmarco-passage-trec-dl-2019,0,855410,balanced,1,60,0,,10001,10000,budget
msmarco-passage-trec-dl-2019,0,855410,balanced,1,61,0,,10001,10000,budget
msmarco-passage-trec-dl-2019,0,855410,balanced,1,62,0,,10001,10000,budget
msmarco-passage-trec-dl-2019,0,855410,balanced,1,63,0,,10001,10000,budget
msmarco-passage-trec-dl-2019,0,855410,balanced,1,64,0,,10001,10000,budget
msmarco-passage-trec-dl-2019,0,855410,balanced,1,65,0,,10001,10000,budget
msmarco-passage-trec-dl-2019,0,855410,balanced,1,66,0,,10001,10000,budget
msmarco-passage-trec-dl-2019,0,855410,balanced,1,67,0,,10001,10000,budget
msmarco-passage-trec-dl-2019,0,855410,balanced,1,68,0,,10001,10000,budget
msmarco-passage-trec-dl-2019,0,855410,balanced,1,69,0,,10001,10000,budget
msmarco-passage-trec-dl-2019,0,855410,balanced,1,70,0,,10001,10000,budget
msmarco-passage-trec-dl-2019,0,855410,balanced,1,71,0,,10001,10000,budget
msmarco-passage-trec-dl-2019,0,855410,balanced,1,72,0,,10001,10000,budget
msmarco-passage-trec-dl-2019,0,855410,balanced,1,73,0,,10001,10000,budget
msmarco-passage-trec-dl-2019,0,855410,balanced,1,74,0,,10001,10000,budget
msmarco-passage-trec-dl-2019,0,855410,balanced,1,75,0,,10001,10000,budget
msmarco-passage-trec-dl-2019,0,855410,balanced,1,76,0,,10001,10000,budget
msmarco-passage-trec-dl-2019,0,855410,balanced,1,77,0,,10001,10000,budget
msmarco-passage-trec-dl-2019,0,855410,balanced,1,78,0,,10001,10000,budget
msmarco-passage-trec-dl-2019,0,855410,balanced,1,79,0,,10001,10000,budget
msmarco-passage-trec-dl-2019,0,855410,balanced,1,80,0,,10001,10000,budget
msmarco-passage-trec-dl-2019,0,855410,balanced,1,81,0,,10001,10000,budget
msmarco-passage-trec-dl-2019,0,855410,balanced,1,82,0,,10001,10000,budget
msmarco-passage-trec-dl-2019,0,855410,balanced,1,83,0,,10001,10000,budget
msmarco-passage-trec-dl-2019,0,855410,balanced,1,84,0,,10001,10000,budget
msmarco-passage-trec-dl-2019,0,855410,balanced,1,85,0,,10001,10000,budget
msmarco-passage-trec-dl-2019,0,855410,balanced,1,86,0,,10001,10000,budget
msmarco-passage-trec-dl-2019,0,855410,balanced,1,87,0,,10001,10000,budget
msmarco-passage-trec-dl-2019,0,855410,balanced,1,88,0,,10001,10000,budget
msmarco-passage-trec-dl-2019,0,855410,balanced,1,89,0,,10001,10000,budget
msmarco-passage-trec-dl-2019,0,855410,balanced,1,90,0,,10001,10000,budget
msmarco-passage-trec-dl-2019,0,855410,balanced,1,91,0,,10001,10000,budget
msmarco-passage-trec-dl-2019,0,855410,balanced,1,92,0,,10001,10000,budget
msmarco-passage-trec-dl-2019,0,855410,balanced,1,93,0,,10001,10000,budget
msmarco-passage-trec-dl-2019,0,855410,balanced,1,94,0,,10001,10000,budget
msmarco-passage-trec-dl-2019,0,855410,balanced,1,95,0,,10001,10000,budget
msmarco-passage-trec-dl-2019,0,855410,balanced,1,96,0,,10001,10000,budget
msmarco-passage-trec-dl-2019,0,855410,balanced,1,97,0,,10001,10000,budget
msmarco-passage-trec-dl-2019,0,855410,balanced,1,98,0,,10001,10000,budget
msmarco-passage-trec-dl-2019,0,855410,balanced,1,99,0,,10001,10000,budget
msmarco-passage-trec-dl-2019,0,855410,balanced,1,100,0,,10001,10000,budget
msmarco-passage-trec-dl-2019,0,855410,dibud,64,1,1,128,128,9160,observation_limit
msmarco-passage-trec-dl-2019,0,855410,dibud,64,2,1,128,128,9160,observation_limit
msmarco-passage-trec-dl-2019,0,855410,dibud,64,3,1,128,128,9160,observation_limit
msmarco-passage-trec-dl-2019,0,855410,dibud,64,4,1,128,128,9160,observation_limit
msmarco-passage-trec-dl-2019,0,855410,dibud,64,5,1,128,128,9160,observation_limit
msmarco-passage-trec-dl-2019,0,855410,dibud,64,6,1,8320,8320,9160,observation_limit
msmarco-passage-trec-dl-2019,0,855410,dibud,64,7,0,,9161,9160,observation_limit
msmarco-passage-trec-dl-2019,0,855410,dibud,64,8,0,,9161,9160,observation_limit
msmarco-passage-trec-dl-2019,0,855410,dibud,64,9,0,,9161,9160,observation_limit
msmarco-passage-trec-dl-2019,0,855410,dibud,64,10,0,,9161,9160,observation_limit
msmarco-passage-trec-dl-2019,0,855410,dibud,64,11,0,,9161,9160,observation_limit
msmarco-passage-trec-dl-2019,0,855410,dibud,64,12,0,,9161,9160,observation_limit
msmarco-passage-trec-dl-2019,0,855410,dibud,64,13,0,,9161,9160,observation_limit
msmarco-passage-trec-dl-2019,0,855410,dibud,64,14,0,,9161,9160,observation_limit
msmarco-passage-trec-dl-2019,0,855410,dibud,64,15,0,,9161,9160,observation_limit
msmarco-passage-trec-dl-2019,0,855410,dibud,64,16,0,,9161,9160,observation_limit
msmarco-passage-trec-dl-2019,0,855410,dibud,64,17,0,,9161,9160,observation_limit
msmarco-passage-trec-dl-2019,0,855410,dibud,64,18,0,,9161,9160,observation_limit
msmarco-passage-trec-dl-2019,0,855410,dibud,64,19,0,,9161,9160,observation_limit
msmarco-passage-trec-dl-2019,0,855410,dibud,64,20,0,,9161,9160,observation_limit
msmarco-passage-trec-dl-2019,0,855410,dibud,64,21,0,,9161,9160,observation_limit
msmarco-passage-trec-dl-2019,0,855410,dibud,64,22,0,,9161,9160,observation_limit
msmarco-passage-trec-dl-2019,0,855410,dibud,64,23,0,,9161,9160,observation_limit
msmarco-passage-trec-dl-2019,0,855410,dibud,64,24,0,,9161,9160,observation_limit
msmarco-passage-trec-dl-2019,0,855410,dibud,64,25,0,,9161,9160,observation_limit
msmarco-passage-trec-dl-2019,0,855410,dibud,64,26,0,,9161,9160,observation_limit
msmarco-passage-trec-dl-2019,0,855410,dibud,64,27,0,,9161,9160,observation_limit
msmarco-passage-trec-dl-2019,0,855410,dibud,64,28,0,,9161,9160,observation_limit
msmarco-passage-trec-dl-2019,0,855410,dibud,64,29,0,,9161,9160,observation_limit
msmarco-passage-trec-dl-2019,0,855410,dibud,64,30,0,,9161,9160,observation_limit
msmarco-passage-trec-dl-2019,0,855410,dibud,64,31,0,,9161,9160,observation_limit
msmarco-passage-trec-dl-2019,0,855410,dibud,64,32,0,,9161,9160,observation_limit
msmarco-passage-trec-dl-2019,0,855410,dibud,64,33,0,,9161,9160,observation_limit
msmarco-passage-trec-dl-2019,0,855410,dibud,64,34,0,,9161,9160,observation_limit
msmarco-passage-trec-dl-2019,0,855410,dibud,64,35,0,,9161,9160,observation_limit
msmarco-passage-trec-dl-2019,0,855410,dibud,64,36,0,,9161,9160,observation_limit
msmarco-passage-trec-dl-2019,0,855410,dibud,64,37,0,,9161,9160,observation_limit
msmarco-passage-trec-dl-2019,0,855410,dibud,64,38,0,,9161,9160,observation_limit
msmarco-passage-trec-dl-2019,0,855410,dibud,64,39,0,,9161,9160,observation_limit
msmarco-passage-trec-dl-2019,0,855410,dibud,64,40,0,,9161,9160,observation_limit
msmarco-passage-trec-dl-2019,0,855410,dibud,64,41,0,,9161,9160,observation_limit
msmarco-passage-trec-dl-2019,0,855410,dibud,64,42,0,,9161,9160,observation_limit
msmarco-passage-trec-dl-2019,0,855410,dibud,64,43,0,,9161,9160,observation_limit
msmarco-passage-trec-dl-2019,0,855410,dibud,64,44,0,,9161,9160,observation_limit
msmarco-passage-trec-dl-2019,0,855410,dibud,64,45,0,,9161,9160,observation_limit
msmarco-passage-trec-dl-2019,0,855410,dibud,64,46,0,,9161,9160,observation_limit
msmarco-passage-trec-dl-2019,0,855410,dibud,64,47,0,,9161,9160,observation_limit
msmarco-passage-trec-dl-2019,0,855410,dibud,64,48,0,,9161,9160,observation_limit
msmarco-passage-trec-dl-2019,0,855410,dibud,64,49,0,,9161,9160,observation_limit
msmarco-passage-trec-dl-2019,0,855410,dibud,64,50,0,,9161,9160,observation_limit
msmarco-passage-trec-dl-2019,0,855410,dibud,64,51,0,,9161,9160,observation_limit
msmarco-passage-trec-dl-2019,0,855410,dibud,64,52,0,,9161,9160,observation_limit
msmarco-passage-trec-dl-2019,0,855410,dibud,64,53,0,,9161,9160,observation_limit
msmarco-passage-trec-dl-2019,0,855410,dibud,64,54,0,,9161,9160,observation_limit
msmarco-passage-trec-dl-2019,0,855410,dibud,64,55,0,,9161,9160,observation_limit
msmarco-passage-trec-dl-2019,0,855410,dibud,64,56,0,,9161,9160,observation_limit
msmarco-passage-trec-dl-2019,0,855410,dibud,64,57,0,,9161,9160,observation_limit
msmarco-passage-trec-dl-2019,0,855410,dibud,64,58,0,,9161,9160,observation_limit
msmarco-passage-trec-dl-2019,0,855410,dibud,64,59,0,,9161,9160,observation_limit
msmarco-passage-trec-dl-2019,0,855410,dibud,64,60,0,,9161,9160,observation_limit
msmarco-passage-trec-dl-2019,0,855410,dibud,64,61,0,,9161,9160,observation_limit
msmarco-passage-trec-dl-2019,0,855410,dibud,64,62,0,,9161,9160,observation_limit
msmarco-passage-trec-dl-2019,0,855410,dibud,64,63,0,,9161,9160,observation_limit
msmarco-passage-trec-dl-2019,0,855410,dibud,64,64,0,,9161,9160,observation_limit
msmarco-passage-trec-dl-2019,0,855410,dibud,64,65,0,,9161,9160,observation_limit
msmarco-passage-trec-dl-2019,0,855410,dibud,64,66,0,,9161,9160,observation_limit
msmarco-passage-trec-dl-2019,0,855410,dibud,64,67,0,,9161,9160,observation_limit
msmarco-passage-trec-dl-2019,0,855410,dibud,64,68,0,,9161,9160,observation_limit
msmarco-passage-trec-dl-2019,0,855410,dibud,64,69,0,,9161,9160,observation_limit
msmarco-passage-trec-dl-2019,0,855410,dibud,64,70,0,,9161,9160,observation_limit
msmarco-passage-trec-dl-2019,0,855410,dibud,64,71,0,,9161,9160,observation_limit
msmarco-passage-trec-dl-2019,0,855410,dibud,64,72,0,,9161,9160,observation_limit
msmarco-passage-trec-dl-2019,0,855410,dibud,64,73,0,,9161,9160,observation_limit
msmarco-passage-trec-dl-2019,0,855410,dibud,64,74,0,,9161,9160,observation_limit
msmarco-passage-trec-dl-2019,0,855410,dibud,64,75,0,,9161,9160,observation_limit
msmarco-passage-trec-dl-2019,0,855410,dibud,64,76,0,,9161,9160,observation_limit
msmarco-passage-trec-dl-2019,0,855410,dibud,64,77,0,,9161,9160,observation_limit
msmarco-passage-trec-dl-2019,0,855410,dibud,64,78,0,,9161,9160,observation_limit
msmarco-passage-trec-dl-2019,0,855410,dibud,64,79,0,,9161,9160,observation_limit
msmarco-passage-trec-dl-2019,0,855410,dibud,64,80,0,,9161,9160,observation_limit
msmarco-passage-trec-dl-2019,0,855410,dibud,64,81,0,,9161,9160,observation_limit
msmarco-passage-trec-dl-2019,0,855410,dibud,64,82,0,,9161,9160,observation_limit
msmarco-passage-trec-dl-2019,0,855410,dibud,64,83,0,,9161,9160,observation_limit
msmarco-passage-trec-dl-2019,0,855410,dibud,64,84,0,,9161,9160,observation_limit
msmarco-passage-trec-dl-2019,0,855410,dibud,64,85,0,,9161,9160,observation_limit
msmarco-passage-trec-dl-2019,0,855410,dibud,64,86,0,,9161,9160,observation_limit
msmarco-passage-trec-dl-2019,0,855410,dibud,64,87,0,,9161,9160,observation_limit
msmarco-passage-trec-dl-2019,0,855410,dibud,64,88,0,,9161,9160,observation_limit
msmarco-passage-trec-dl-2019,0,855410,dibud,64,89,0,,9161,9160,observation_limit
msmarco-passage-trec-dl-2019,0,855410,dibud,64,90,0,,9161,9160,observation_limit
msmarco-passage-trec-dl-2019,0,855410,dibud,64,91,0,,9161,9160,observation_limit
msmarco-passage-trec-dl-2019,0,855410,dibud,64,92,0,,9161,9160,observation_limit
msmarco-passage-trec-dl-2019,0,855410,dibud,64,93,0,,9161,9160,observation_limit
msmarco-passage-trec-dl-2019,0,855410,dibud,64,94,0,,9161,9160,observation_limit
msmarco-passage-trec-dl-2019,0,855410,dibud,64,95,0,,9161,9160,observation_limit
msmarco-passage-trec-dl-2019,0,855410,dibud,64,96,0,,9161,9160,observation_limit
msmarco-passage-trec-dl-2019,0,855410,dibud,64,97,0,,9161,9160,observation_limit
msmarco-passage-trec-dl-2019,0,855410,dibud,64,98,0,,9161,9160,observation_limit
msmarco-passage-trec-dl-2019,0,855410,dibud,64,99,0,,9161,9160,observation_limit
msmarco-passage-trec-dl-2019,0,855410,dibud,64,100,0,,9161,9160,observation_limit
msmarco-passage-trec-dl-2019,0,855410,balanced,64,1,1,128,128,10000,budget
msmarco-passage-trec-dl-2019,0,855410,balanced,64,2,1,128,128,10000,budget
msmarco-passage-trec-dl-2019,0,855410,balanced,64,3,1,128,128,10000,budget
msmarco-passage-trec-dl-2019,0,855410,balanced,64,4,1,128,128,10000,budget
msmarco-passage-trec-dl-2019,0,855410,balanced,64,5,1,128,128,10000,budget
msmarco-passage-trec-dl-2019,0,855410,balanced,64,6,1,8320,8320,10000,budget
msmarco-passage-trec-dl-2019,0,855410,balanced,64,7,0,,10001,10000,budget
msmarco-passage-trec-dl-2019,0,855410,balanced,64,8,0,,10001,10000,budget
msmarco-passage-trec-dl-2019,0,855410,balanced,64,9,0,,10001,10000,budget
msmarco-passage-trec-dl-2019,0,855410,balanced,64,10,0,,10001,10000,budget
msmarco-passage-trec-dl-2019,0,855410,balanced,64,11,0,,10001,10000,budget
msmarco-passage-trec-dl-2019,0,855410,balanced,64,12,0,,10001,10000,budget
msmarco-passage-trec-dl-2019,0,855410,balanced,64,13,0,,10001,10000,budget
msmarco-passage-trec-dl-2019,0,855410,balanced,64,14,0,,10001,10000,budget
msmarco-passage-trec-dl-2019,0,855410,balanced,64,15,0,,10001,10000,budget
msmarco-passage-trec-dl-2019,0,855410,balanced,64,16,0,,10001,10000,budget
msmarco-passage-trec-dl-2019,0,855410,balanced,64,17,0,,10001,10000,budget
msmarco-passage-trec-dl-2019,0,855410,balanced,64,18,0,,10001,10000,budget
msmarco-passage-trec-dl-2019,0,855410,balanced,64,19,0,,10001,10000,budget
msmarco-passage-trec-dl-2019,0,855410,balanced,64,20,0,,10001,10000,budget
msmarco-passage-trec-dl-2019,0,855410,balanced,64,21,0,,10001,10000,budget
msmarco-passage-trec-dl-2019,0,855410,balanced,64,22,0,,10001,10000,budget
msmarco-passage-trec-dl-2019,0,855410,balanced,64,23,0,,10001,10000,budget
msmarco-passage-trec-dl-2019,0,855410,balanced,64,24,0,,10001,10000,budget
msmarco-passage-trec-dl-2019,0,855410,balanced,64,25,0,,10001,10000,budget
msmarco-passage-trec-dl-2019,0,855410,balanced,64,26,0,,10001,10000,budget
msmarco-passage-trec-dl-2019,0,855410,balanced,64,27,0,,10001,10000,budget
msmarco-passage-trec-dl-2019,0,855410,balanced,64,28,0,,10001,10000,budget
msmarco-passage-trec-dl-2019,0,855410,balanced,64,29,0,,10001,10000,budget
msmarco-passage-trec-dl-2019,0,855410,balanced,64,30,0,,10001,10000,budget
msmarco-passage-trec-dl-2019,0,855410,balanced,64,31,0,,10001,10000,budget
msmarco-passage-trec-dl-2019,0,855410,balanced,64,32,0,,10001,10000,budget
msmarco-passage-trec-dl-2019,0,855410,balanced,64,33,0,,10001,10000,budget
msmarco-passage-trec-dl-2019,0,855410,balanced,64,34,0,,10001,10000,budget
msmarco-passage-trec-dl-2019,0,855410,balanced,64,35,0,,10001,10000,budget
msmarco-passage-trec-dl-2019,0,855410,balanced,64,36,0,,10001,10000,budget
msmarco-passage-trec-dl-2019,0,855410,balanced,64,37,0,,10001,10000,budget
msmarco-passage-trec-dl-2019,0,855410,balanced,64,38,0,,10001,10000,budget
msmarco-passage-trec-dl-2019,0,855410,balanced,64,39,0,,10001,10000,budget
msmarco-passage-trec-dl-2019,0,855410,balanced,64,40,0,,10001,10000,budget
msmarco-passage-trec-dl-2019,0,855410,balanced,64,41,0,,10001,10000,budget
msmarco-passage-trec-dl-2019,0,855410,balanced,64,42,0,,10001,10000,budget
msmarco-passage-trec-dl-2019,0,855410,balanced,64,43,0,,10001,10000,budget
msmarco-passage-trec-dl-2019,0,855410,balanced,64,44,0,,10001,10000,budget
msmarco-passage-trec-dl-2019,0,855410,balanced,64,45,0,,10001,10000,budget
msmarco-passage-trec-dl-2019,0,855410,balanced,64,46,0,,10001,10000,budget
msmarco-passage-trec-dl-2019,0,855410,balanced,64,47,0,,10001,10000,budget
msmarco-passage-trec-dl-2019,0,855410,balanced,64,48,0,,10001,10000,budget
msmarco-passage-trec-dl-2019,0,855410,balanced,64,49,0,,10001,10000,budget
msmarco-passage-trec-dl-2019,0,855410,balanced,64,50,0,,10001,10000,budget
msmarco-passage-trec-dl-2019,0,855410,balanced,64,51,0,,10001,10000,budget
msmarco-passage-trec-dl-2019,0,855410,balanced,64,52,0,,10001,10000,budget
msmarco-passage-trec-dl-2019,0,855410,balanced,64,53,0,,10001,10000,budget
msmarco-passage-trec-dl-2019,0,855410,balanced,64,54,0,,10001,10000,budget
msmarco-passage-trec-dl-2019,0,855410,balanced,64,55,0,,10001,10000,budget
msmarco-passage-trec-dl-2019,0,855410,balanced,64,56,0,,10001,10000,budget
msmarco-passage-trec-dl-2019,0,855410,balanced,64,57,0,,10001,10000,budget
msmarco-passage-trec-dl-2019,0,855410,balanced,64,58,0,,10001,10000,budget
msmarco-passage-trec-dl-2019,0,855410,balanced,64,59,0,,10001,10000,budget
msmarco-passage-trec-dl-2019,0,855410,balanced,64,60,0,,10001,10000,budget
msmarco-passage-trec-dl-2019,0,855410,balanced,64,61,0,,10001,10000,budget
msmarco-passage-trec-dl-2019,0,855410,balanced,64,62,0,,10001,10000,budget
msmarco-passage-trec-dl-2019,0,855410,balanced,64,63,0,,10001,10000,budget
msmarco-passage-trec-dl-2019,0,855410,balanced,64,64,0,,10001,10000,budget
msmarco-passage-trec-dl-2019,0,855410,balanced,64,65,0,,10001,10000,budget
msmarco-passage-trec-dl-2019,0,855410,balanced,64,66,0,,10001,10000,budget
msmarco-passage-trec-dl-2019,0,855410,balanced,64,67,0,,10001,10000,budget
msmarco-passage-trec-dl-2019,0,855410,balanced,64,68,0,,10001,10000,budget
msmarco-passage-trec-dl-2019,0,855410,balanced,64,69,0,,10001,10000,budget
msmarco-passage-trec-dl-2019,0,855410,balanced,64,70,0,,10001,10000,budget
msmarco-passage-trec-dl-2019,0,855410,balanced,64,71,0,,10001,10000,budget
msmarco-passage-trec-dl-2019,0,855410,balanced,64,72,0,,10001,10000,budget
msmarco-passage-trec-dl-2019,0,855410,balanced,64,73,0,,10001,10000,budget
msmarco-passage-trec-dl-2019,0,855410,balanced,64,74,0,,10001,10000,budget
msmarco-passage-trec-dl-2019,0,855410,balanced,64,75,0,,10001,10000,budget
msmarco-passage-trec-dl-2019,0,855410,balanced,64,76,0,,10001,10000,budget
msmarco-passage-trec-dl-2019,0,855410,balanced,64,77,0,,10001,10000,budget
msmarco-passage-trec-dl-2019,0,855410,balanced,64,78,0,,10001,10000,budget
msmarco-passage-trec-dl-2019,0,855410,balanced,64,79,0,,10001,10000,budget
msmarco-passage-trec-dl-2019,0,855410,balanced,64,80,0,,10001,10000,budget
msmarco-passage-trec-dl-2019,0,855410,balanced,64,81,0,,10001,10000,budget
msmarco-passage-trec-dl-2019,0,855410,balanced,64,82,0,,10001,10000,budget
msmarco-passage-trec-dl-2019,0,855410,balanced,64,83,0,,10001,10000,budget
msmarco-passage-trec-dl-2019,0,855410,balanced,64,84,0,,10001,10000,budget
msmarco-passage-trec-dl-2019,0,855410,balanced,64,85,0,,10001,10000,budget
msmarco-passage-trec-dl-2019,0,855410,balanced,64,86,0,,10001,10000,budget
msmarco-passage-trec-dl-2019,0,855410,balanced,64,87,0,,10001,10000,budget
msmarco-passage-trec-dl-2019,0,855410,balanced,64,88,0,,10001,10000,budget
msmarco-passage-trec-dl-2019,0,855410,balanced,64,89,0,,10001,10000,budget
msmarco-passage-trec-dl-2019,0,855410,balanced,64,90,0,,10001,10000,budget
msmarco-passage-trec-dl-2019,0,855410,balanced,64,91,0,,10001,10000,budget
msmarco-passage-trec-dl-2019,0,855410,balanced,64,92,0,,10001,10000,budget
msmarco-passage-trec-dl-2019,0,855410,balanced,64,93,0,,10001,10000,budget
msmarco-passage-trec-dl-2019,0,855410,balanced,64,94,0,,10001,10000,budget
msmarco-passage-trec-dl-2019,0,855410,balanced,64,95,0,,10001,10000,budget
msmarco-passage-trec-dl-2019,0,855410,balanced,64,96,0,,10001,10000,budget
msmarco-passage-trec-dl-2019,0,855410,balanced,64,97,0,,10001,10000,budget
msmarco-passage-trec-dl-2019,0,855410,balanced,64,98,0,,10001,10000,budget
msmarco-passage-trec-dl-2019,0,855410,balanced,64,99,0,,10001,10000,budget
msmarco-passage-trec-dl-2019,0,855410,balanced,64,100,0,,10001,10000,budget
msmarco-passage-trec-dl-2020,0,1109707,dibud,1,1,1,2,2,6931,observation_limit
msmarco-passage-trec-dl-2020,0,1109707,dibud,1,2,1,37,37,6931,observation_limit
msmarco-passage-trec-dl-2020,0,1109707,dibud,1,3,1,50,50,6931,observation_limit
msmarco-passage-trec-dl-2020,0,1109707,dibud,1,4,1,168,168,6931,observation_limit
msmarco-passage-trec-dl-2020,0,1109707,dibud,1,5,1,173,173,6931,observation_limit
msmarco-passage-trec-dl-2020,0,1109707,dibud,1,6,1,195,195,6931,observation_limit
msmarco-passage-trec-dl-2020,0,1109707,dibud,1,7,1,276,276,6931,observation_limit
msmarco-passage-trec-dl-2020,0,1109707,dibud,1,8,1,284,284,6931,observation_limit
msmarco-passage-trec-dl-2020,0,1109707,dibud,1,9,1,287,287,6931,observation_limit
msmarco-passage-trec-dl-2020,0,1109707,dibud,1,10,1,290,290,6931,observation_limit
msmarco-passage-trec-dl-2020,0,1109707,dibud,1,11,1,350,350,6931,observation_limit
msmarco-passage-trec-dl-2020,0,1109707,dibud,1,12,1,353,353,6931,observation_limit
msmarco-passage-trec-dl-2020,0,1109707,dibud,1,13,1,380,380,6931,observation_limit
msmarco-passage-trec-dl-2020,0,1109707,dibud,1,14,1,405,405,6931,observation_limit
msmarco-passage-trec-dl-2020,0,1109707,dibud,1,15,1,414,414,6931,observation_limit
msmarco-passage-trec-dl-2020,0,1109707,dibud,1,16,1,427,427,6931,observation_limit
msmarco-passage-trec-dl-2020,0,1109707,dibud,1,17,1,441,441,6931,observation_limit
msmarco-passage-trec-dl-2020,0,1109707,dibud,1,18,1,445,445,6931,observation_limit
msmarco-passage-trec-dl-2020,0,1109707,dibud,1,19,1,446,446,6931,observation_limit
msmarco-passage-trec-dl-2020,0,1109707,dibud,1,20,1,454,454,6931,observation_limit
msmarco-passage-trec-dl-2020,0,1109707,dibud,1,21,1,458,458,6931,observation_limit
msmarco-passage-trec-dl-2020,0,1109707,dibud,1,22,1,486,486,6931,observation_limit
msmarco-passage-trec-dl-2020,0,1109707,dibud,1,23,1,559,559,6931,observation_limit
msmarco-passage-trec-dl-2020,0,1109707,dibud,1,24,1,698,698,6931,observation_limit
msmarco-passage-trec-dl-2020,0,1109707,dibud,1,25,1,823,823,6931,observation_limit
msmarco-passage-trec-dl-2020,0,1109707,dibud,1,26,1,861,861,6931,observation_limit
msmarco-passage-trec-dl-2020,0,1109707,dibud,1,27,1,876,876,6931,observation_limit
msmarco-passage-trec-dl-2020,0,1109707,dibud,1,28,1,926,926,6931,observation_limit
msmarco-passage-trec-dl-2020,0,1109707,dibud,1,29,1,998,998,6931,observation_limit
msmarco-passage-trec-dl-2020,0,1109707,dibud,1,30,1,1165,1165,6931,observation_limit
msmarco-passage-trec-dl-2020,0,1109707,dibud,1,31,1,1165,1165,6931,observation_limit
msmarco-passage-trec-dl-2020,0,1109707,dibud,1,32,1,1165,1165,6931,observation_limit
msmarco-passage-trec-dl-2020,0,1109707,dibud,1,33,1,1166,1166,6931,observation_limit
msmarco-passage-trec-dl-2020,0,1109707,dibud,1,34,1,1166,1166,6931,observation_limit
msmarco-passage-trec-dl-2020,0,1109707,dibud,1,35,1,1215,1215,6931,observation_limit
msmarco-passage-trec-dl-2020,0,1109707,dibud,1,36,1,1299,1299,6931,observation_limit
msmarco-passage-trec-dl-2020,0,1109707,dibud,1,37,1,1321,1321,6931,observation_limit
msmarco-passage-trec-dl-2020,0,1109707,dibud,1,38,1,1417,1417,6931,observation_limit
msmarco-passage-trec-dl-2020,0,1109707,dibud,1,39,1,1770,1770,6931,observation_limit
msmarco-passage-trec-dl-2020,0,1109707,dibud,1,40,1,1884,1884,6931,observation_limit
msmarco-passage-trec-dl-2020,0,1109707,dibud,1,41,1,2028,2028,6931,observation_limit
msmarco-passage-trec-dl-2020,0,1109707,dibud,1,42,1,2058,2058,6931,observation_limit
msmarco-passage-trec-dl-2020,0,1109707,dibud,1,43,1,2317,2317,6931,observation_limit
msmarco-passage-trec-dl-2020,0,1109707,dibud,1,44,1,2317,2317,6931,observation_limit
msmarco-passage-trec-dl-2020,0,1109707,dibud,1,45,1,2317,2317,6931,observation_limit
msmarco-passage-trec-dl-2020,0,1109707,dibud,1,46,1,2412,2412,6931,observation_limit
msmarco-passage-trec-dl-2020,0,1109707,dibud,1,47,1,2412,2412,6931,observation_limit
msmarco-passage-trec-dl-2020,0,1109707,dibud,1,48,1,2465,2465,6931,observation_limit
msmarco-passage-trec-dl-2020,0,1109707,dibud,1,49,1,2465,2465,6931,observation_limit
msmarco-passage-trec-dl-2020,0,1109707,dibud,1,50,1,2465,2465,6931,observation_limit
msmarco-passage-trec-dl-2020,0,1109707,dibud,1,51,1,2465,2465,6931,observation_limit
msmarco-passage-trec-dl-2020,0,1109707,dibud,1,52,1,2465,2465,6931,observation_limit
msmarco-passage-trec-dl-2020,0,1109707,dibud,1,53,1,2465,2465,6931,observation_limit
msmarco-passage-trec-dl-2020,0,1109707,dibud,1,54,1,2465,2465,6931,observation_limit
msmarco-passage-trec-dl-2020,0,1109707,dibud,1,55,1,2465,2465,6931,observation_limit
msmarco-passage-trec-dl-2020,0,1109707,dibud,1,56,1,2465,2465,6931,observation_limit
msmarco-passage-trec-dl-2020,0,1109707,dibud,1,57,1,2465,2465,6931,observation_limit
msmarco-passage-trec-dl-2020,0,1109707,dibud,1,58,1,2691,2691,6931,observation_limit
msmarco-passage-trec-dl-2020,0,1109707,dibud,1,59,1,3059,3059,6931,observation_limit
msmarco-passage-trec-dl-2020,0,1109707,dibud,1,60,1,3706,3706,6931,observation_limit
msmarco-passage-trec-dl-2020,0,1109707,dibud,1,61,1,4810,4810,6931,observation_limit
msmarco-passage-trec-dl-2020,0,1109707,dibud,1,62,1,5350,5350,6931,observation_limit
msmarco-passage-trec-dl-2020,0,1109707,dibud,1,63,1,6104,6104,6931,observation_limit
msmarco-passage-trec-dl-2020,0,1109707,dibud,1,64,0,,6932,6931,observation_limit
msmarco-passage-trec-dl-2020,0,1109707,dibud,1,65,0,,6932,6931,observation_limit
msmarco-passage-trec-dl-2020,0,1109707,dibud,1,66,0,,6932,6931,observation_limit
msmarco-passage-trec-dl-2020,0,1109707,dibud,1,67,0,,6932,6931,observation_limit
msmarco-passage-trec-dl-2020,0,1109707,dibud,1,68,0,,6932,6931,observation_limit
msmarco-passage-trec-dl-2020,0,1109707,dibud,1,69,0,,6932,6931,observation_limit
msmarco-passage-trec-dl-2020,0,1109707,dibud,1,70,0,,6932,6931,observation_limit
msmarco-passage-trec-dl-2020,0,1109707,dibud,1,71,0,,6932,6931,observation_limit
msmarco-passage-trec-dl-2020,0,1109707,dibud,1,72,0,,6932,6931,observation_limit
msmarco-passage-trec-dl-2020,0,1109707,dibud,1,73,0,,6932,6931,observation_limit
msmarco-passage-trec-dl-2020,0,1109707,dibud,1,74,0,,6932,6931,observation_limit
msmarco-passage-trec-dl-2020,0,1109707,dibud,1,75,0,,6932,6931,observation_limit
msmarco-passage-trec-dl-2020,0,1109707,dibud,1,76,0,,6932,6931,observation_limit
msmarco-passage-trec-dl-2020,0,1109707,dibud,1,77,0,,6932,6931,observation_limit
msmarco-passage-trec-dl-2020,0,1109707,dibud,1,78,0,,6932,6931,observation_limit
msmarco-passage-trec-dl-2020,0,1109707,dibud,1,79,0,,6932,6931,observation_limit
msmarco-passage-trec-dl-2020,0,1109707,dibud,1,80,0,,6932,6931,observation_limit
msmarco-passage-trec-dl-2020,0,1109707,dibud,1,81,0,,6932,6931,observation_limit
msmarco-passage-trec-dl-2020,0,1109707,dibud,1,82,0,,6932,6931,observation_limit
msmarco-passage-trec-dl-2020,0,1109707,dibud,1,83,0,,6932,6931,observation_limit
msmarco-passage-trec-dl-2020,0,1109707,dibud,1,84,0,,6932,6931,observation_limit
msmarco-passage-trec-dl-2020,0,1109707,dibud,1,85,0,,6932,6931,observation_limit
msmarco-passage-trec-dl-2020,0,1109707,dibud,1,86,0,,6932,6931,observation_limit
msmarco-passage-trec-dl-2020,0,1109707,dibud,1,87,0,,6932,6931,observation_limit
msmarco-passage-trec-dl-2020,0,1109707,dibud,1,88,0,,6932,6931,observation_limit
msmarco-passage-trec-dl-2020,0,1109707,dibud,1,89,0,,6932,6931,observation_limit
msmarco-passage-trec-dl-2020,0,1109707,dibud,1,90,0,,6932,6931,observation_limit
msmarco-passage-trec-dl-2020,0,1109707,dibud,1,91,0,,6932,6931,observation_limit
msmarco-passage-trec-dl-2020,0,1109707,dibud,1,92,0,,6932,6931,observation_limit
msmarco-passage-trec-dl-2020,0,1109707,dibud,1,93,0,,6932,6931,observation_limit
msmarco-passage-trec-dl-2020,0,1109707,dibud,1,94,0,,6932,6931,observation_limit
msmarco-passage-trec-dl-2020,0,1109707,dibud,1,95,0,,6932,6931,observation_limit
msmarco-passage-trec-dl-2020,0,1109707,dibud,1,96,0,,6932,6931,observation_limit
msmarco-passage-trec-dl-2020,0,1109707,dibud,1,97,0,,6932,6931,observation_limit
msmarco-passage-trec-dl-2020,0,1109707,dibud,1,98,0,,6932,6931,observation_limit
msmarco-passage-trec-dl-2020,0,1109707,dibud,1,99,0,,6932,6931,observation_limit
msmarco-passage-trec-dl-2020,0,1109707,dibud,1,100,0,,6932,6931,observation_limit
msmarco-passage-trec-dl-2020,0,1109707,balanced,1,1,1,2,2,10000,budget
msmarco-passage-trec-dl-2020,0,1109707,balanced,1,2,1,38,38,10000,budget
msmarco-passage-trec-dl-2020,0,1109707,balanced,1,3,1,51,51,10000,budget
msmarco-passage-trec-dl-2020,0,1109707,balanced,1,4,1,173,173,10000,budget
msmarco-passage-trec-dl-2020,0,1109707,balanced,1,5,1,177,177,10000,budget
msmarco-passage-trec-dl-2020,0,1109707,balanced,1,6,1,201,201,10000,budget
msmarco-passage-trec-dl-2020,0,1109707,balanced,1,7,1,285,285,10000,budget
msmarco-passage-trec-dl-2020,0,1109707,balanced,1,8,1,293,293,10000,budget
msmarco-passage-trec-dl-2020,0,1109707,balanced,1,9,1,299,299,10000,budget
msmarco-passage-trec-dl-2020,0,1109707,balanced,1,10,1,305,305,10000,budget
msmarco-passage-trec-dl-2020,0,1109707,balanced,1,11,1,377,377,10000,budget
msmarco-passage-trec-dl-2020,0,1109707,balanced,1,12,1,381,381,10000,budget
msmarco-passage-trec-dl-2020,0,1109707,balanced,1,13,1,395,395,10000,budget
msmarco-passage-trec-dl-2020,0,1109707,balanced,1,14,1,414,414,10000,budget
msmarco-passage-trec-dl-2020,0,1109707,balanced,1,15,1,432,432,10000,budget
msmarco-passage-trec-dl-2020,0,1109707,balanced,1,16,1,458,458,10000,budget
msmarco-passage-trec-dl-2020,0,1109707,balanced,1,17,1,480,480,10000,budget
msmarco-passage-trec-dl-2020,0,1109707,balanced,1,18,1,480,480,10000,budget
msmarco-passage-trec-dl-2020,0,1109707,balanced,1,19,1,480,480,10000,budget
msmarco-passage-trec-dl-2020,0,1109707,balanced,1,20,1,480,480,10000,budget
msmarco-passage-trec-dl-2020,0,1109707,balanced,1,21,1,480,480,10000,budget
msmarco-passage-trec-dl-2020,0,1109707,balanced,1,22,1,508,508,10000,budget
msmarco-passage-trec-dl-2020,0,1109707,balanced,1,23,1,586,586,10000,budget
msmarco-passage-trec-dl-2020,0,1109707,balanced,1,24,1,738,738,10000,budget
msmarco-passage-trec-dl-2020,0,1109707,balanced,1,25,1,876,876,10000,budget
msmarco-passage-trec-dl-2020,0,1109707,balanced,1,26,1,918,918,10000,budget
msmarco-passage-trec-dl-2020,0,1109707,balanced,1,27,1,936,936,10000,budget
msmarco-passage-trec-dl-2020,0,1109707,balanced,1,28,1,936,936,10000,budget
msmarco-passage-trec-dl-2020,0,1109707,balanced,1,29,1,1059,1059,10000,budget
msmarco-passage-trec-dl-2020,0,1109707,balanced,1,30,1,1393,1393,10000,budget
msmarco-passage-trec-dl-2020,0,1109707,balanced,1,31,1,1393,1393,10000,budget
msmarco-passage-trec-dl-2020,0,1109707,balanced,1,32,1,1393,1393,10000,budget
msmarco-passage-trec-dl-2020,0,1109707,balanced,1,33,1,1395,1395,10000,budget
msmarco-passage-trec-dl-2020,0,1109707,balanced,1,34,1,1395,1395,10000,budget
msmarco-passage-trec-dl-2020,0,1109707,balanced,1,35,1,1395,1395,10000,budget
msmarco-passage-trec-dl-2020,0,1109707,balanced,1,36,1,1499,1499,10000,budget
msmarco-passage-trec-dl-2020,0,1109707,balanced,1,37,1,1527,1527,10000,budget
msmarco-passage-trec-dl-2020,0,1109707,balanced,1,38,1,1651,1651,10000,budget
msmarco-passage-trec-dl-2020,0,1109707,balanced,1,39,1,2121,2121,10000,budget
msmarco-passage-trec-dl-2020,0,1109707,balanced,1,40,1,2277,2277,10000,budget
msmarco-passage-trec-dl-2020,0,1109707,balanced,1,41,1,2477,2477,10000,budget
msmarco-passage-trec-dl-2020,0,1109707,balanced,1,42,1,2519,2519,10000,budget
msmarco-passage-trec-dl-2020,0,1109707,balanced,1,43,1,2519,2519,10000,budget
msmarco-passage-trec-dl-2020,0,1109707,balanced,1,44,1,2519,2519,10000,budget
msmarco-passage-trec-dl-2020,0,1109707,balanced,1,45,1,2519,2519,10000,budget
msmarco-passage-trec-dl-2020,0,1109707,balanced,1,46,1,2519,2519,10000,budget
msmarco-passage-trec-dl-2020,0,1109707,balanced,1,47,1,2519,2519,10000,budget
msmarco-passage-trec-dl-2020,0,1109707,balanced,1,48,1,2519,2519,10000,budget
msmarco-passage-trec-dl-2020,0,1109707,balanced,1,49,1,2519,2519,10000,budget
msmarco-passage-trec-dl-2020,0,1109707,balanced,1,50,1,2519,2519,10000,budget
msmarco-passage-trec-dl-2020,0,1109707,balanced,1,51,1,2519,2519,10000,budget
msmarco-passage-trec-dl-2020,0,1109707,balanced,1,52,1,2519,2519,10000,budget
msmarco-passage-trec-dl-2020,0,1109707,balanced,1,53,1,2519,2519,10000,budget
msmarco-passage-trec-dl-2020,0,1109707,balanced,1,54,1,2519,2519,10000,budget
msmarco-passage-trec-dl-2020,0,1109707,balanced,1,55,1,2519,2519,10000,budget
msmarco-passage-trec-dl-2020,0,1109707,balanced,1,56,1,2519,2519,10000,budget
msmarco-passage-trec-dl-2020,0,1109707,balanced,1,57,1,2519,2519,10000,budget
msmarco-passage-trec-dl-2020,0,1109707,balanced,1,58,1,2971,2971,10000,budget
msmarco-passage-trec-dl-2020,0,1109707,balanced,1,59,1,3707,3707,10000,budget
msmarco-passage-trec-dl-2020,0,1109707,balanced,1,60,1,4739,4739,10000,budget
msmarco-passage-trec-dl-2020,0,1109707,balanced,1,61,1,6455,6455,10000,budget
msmarco-passage-trec-dl-2020,0,1109707,balanced,1,62,1,7329,7329,10000,budget
msmarco-passage-trec-dl-2020,0,1109707,balanced,1,63,1,8585,8585,10000,budget
msmarco-passage-trec-dl-2020,0,1109707,balanced,1,64,0,,10001,10000,budget
msmarco-passage-trec-dl-2020,0,1109707,balanced,1,65,0,,10001,10000,budget
msmarco-passage-trec-dl-2020,0,1109707,balanced,1,66,0,,10001,10000,budget
msmarco-passage-trec-dl-2020,0,1109707,balanced,1,67,0,,10001,10000,budget
msmarco-passage-trec-dl-2020,0,1109707,balanced,1,68,0,,10001,10000,budget
msmarco-passage-trec-dl-2020,0,1109707,balanced,1,69,0,,10001,10000,budget
msmarco-passage-trec-dl-2020,0,1109707,balanced,1,70,0,,10001,10000,budget
msmarco-passage-trec-dl-2020,0,1109707,balanced,1,71,0,,10001,10000,budget
msmarco-passage-trec-dl-2020,0,1109707,balanced,1,72,0,,10001,10000,budget
msmarco-passage-trec-dl-2020,0,1109707,balanced,1,73,0,,10001,10000,budget
msmarco-passage-trec-dl-2020,0,1109707,balanced,1,74,0,,10001,10000,budget
msmarco-passage-trec-dl-2020,0,1109707,balanced,1,75,0,,10001,10000,budget
msmarco-passage-trec-dl-2020,0,1109707,balanced,1,76,0,,10001,10000,budget
msmarco-passage-trec-dl-2020,0,1109707,balanced,1,77,0,,10001,10000,budget
msmarco-passage-trec-dl-2020,0,1109707,balanced,1,78,0,,10001,10000,budget
msmarco-passage-trec-dl-2020,0,1109707,balanced,1,79,0,,10001,10000,budget
msmarco-passage-trec-dl-2020,0,1109707,balanced,1,80,0,,10001,10000,budget
msmarco-passage-trec-dl-2020,0,1109707,balanced,1,81,0,,10001,10000,budget
msmarco-passage-trec-dl-2020,0,1109707,balanced,1,82,0,,10001,10000,budget
msmarco-passage-trec-dl-2020,0,1109707,balanced,1,83,0,,10001,10000,budget
msmarco-passage-trec-dl-2020,0,1109707,balanced,1,84,0,,10001,10000,budget
msmarco-passage-trec-dl-2020,0,1109707,balanced,1,85,0,,10001,10000,budget
msmarco-passage-trec-dl-2020,0,1109707,balanced,1,86,0,,10001,10000,budget
msmarco-passage-trec-dl-2020,0,1109707,balanced,1,87,0,,10001,10000,budget
msmarco-passage-trec-dl-2020,0,1109707,balanced,1,88,0,,10001,10000,budget
msmarco-passage-trec-dl-2020,0,1109707,balanced,1,89,0,,10001,10000,budget
msmarco-passage-trec-dl-2020,0,1109707,balanced,1,90,0,,10001,10000,budget
msmarco-passage-trec-dl-2020,0,1109707,balanced,1,91,0,,10001,10000,budget
msmarco-passage-trec-dl-2020,0,1109707,balanced,1,92,0,,10001,10000,budget
msmarco-passage-trec-dl-2020,0,1109707,balanced,1,93,0,,10001,10000,budget
msmarco-passage-trec-dl-2020,0,1109707,balanced,1,94,0,,10001,10000,budget
msmarco-passage-trec-dl-2020,0,1109707,balanced,1,95,0,,10001,10000,budget
msmarco-passage-trec-dl-2020,0,1109707,balanced,1,96,0,,10001,10000,budget
msmarco-passage-trec-dl-2020,0,1109707,balanced,1,97,0,,10001,10000,budget
msmarco-passage-trec-dl-2020,0,1109707,balanced,1,98,0,,10001,10000,budget
msmarco-passage-trec-dl-2020,0,1109707,balanced,1,99,0,,10001,10000,budget
msmarco-passage-trec-dl-2020,0,1109707,balanced,1,100,0,,10001,10000,budget
msmarco-passage-trec-dl-2020,0,1109707,dibud,64,1,1,128,128,6984,observation_limit
msmarco-passage-trec-dl-2020,0,1109707,dibud,64,2,1,128,128,6984,observation_limit
msmarco-passage-trec-dl-2020,0,1109707,dibud,64,3,1,128,128,6984,observation_limit
msmarco-passage-trec-dl-2020,0,1109707,dibud,64,4,1,256,256,6984,observation_limit
msmarco-passage-trec-dl-2020,0,1109707,dibud,64,5,1,256,256,6984,observation_limit
msmarco-passage-trec-dl-2020,0,1109707,dibud,64,6,1,256,256,6984,observation_limit
msmarco-passage-trec-dl-2020,0,1109707,dibud,64,7,1,384,384,6984,observation_limit
msmarco-passage-trec-dl-2020,0,1109707,dibud,64,8,1,384,384,6984,observation_limit
msmarco-passage-trec-dl-2020,0,1109707,dibud,64,9,1,384,384,6984,observation_limit
msmarco-passage-trec-dl-2020,0,1109707,dibud,64,10,1,384,384,6984,observation_limit
msmarco-passage-trec-dl-2020,0,1109707,dibud,64,11,1,384,384,6984,observation_limit
msmarco-passage-trec-dl-2020,0,1109707,dibud,64,12,1,384,384,6984,observation_limit
msmarco-passage-trec-dl-2020,0,1109707,dibud,64,13,1,448,448,6984,observation_limit
msmarco-passage-trec-dl-2020,0,1109707,dibud,64,14,1,512,512,6984,observation_limit
msmarco-passage-trec-dl-2020,0,1109707,dibud,64,15,1,512,512,6984,observation_limit
msmarco-passage-trec-dl-2020,0,1109707,dibud,64,16,1,512,512,6984,observation_limit
msmarco-passage-trec-dl-2020,0,1109707,dibud,64,17,1,512,512,6984,observation_limit
msmarco-passage-trec-dl-2020,0,1109707,dibud,64,18,1,512,512,6984,observation_limit
msmarco-passage-trec-dl-2020,0,1109707,dibud,64,19,1,512,512,6984,observation_limit
msmarco-passage-trec-dl-2020,0,1109707,dibud,64,20,1,512,512,6984,observation_limit
msmarco-passage-trec-dl-2020,0,1109707,dibud,64,21,1,512,512,6984,observation_limit
msmarco-passage-trec-dl-2020,0,1109707,dibud,64,22,1,512,512,6984,observation_limit
msmarco-passage-trec-dl-2020,0,1109707,dibud,64,23,1,640,640,6984,observation_limit
msmarco-passage-trec-dl-2020,0,1109707,dibud,64,24,1,768,768,6984,observation_limit
msmarco-passage-trec-dl-2020,0,1109707,dibud,64,25,1,896,896,6984,observation_limit
msmarco-passage-trec-dl-2020,0,1109707,dibud,64,26,1,960,960,6984,observation_limit
msmarco-passage-trec-dl-2020,0,1109707,dibud,64,27,1,960,960,6984,observation_limit
msmarco-passage-trec-dl-2020,0,1109707,dibud,64,28,1,1024,1024,6984,observation_limit
msmarco-passage-trec-dl-2020,0,1109707,dibud,64,29,1,1088,1088,6984,observation_limit
msmarco-passage-trec-dl-2020,0,1109707,dibud,64,30,1,1216,1216,6984,observation_limit
msmarco-passage-trec-dl-2020,0,1109707,dibud,64,31,1,1216,1216,6984,observation_limit
msmarco-passage-trec-dl-2020,0,1109707,dibud,64,32,1,1216,1216,6984,observation_limit
msmarco-passage-trec-dl-2020,0,1109707,dibud,64,33,1,1216,1216,6984,observation_limit
msmarco-passage-trec-dl-2020,0,1109707,dibud,64,34,1,1216,1216,6984,observation_limit
msmarco-passage-trec-dl-2020,0,1109707,dibud,64,35,1,1280,1280,6984,observation_limit
msmarco-passage-trec-dl-2020,0,1109707,dibud,64,36,1,1344,1344,6984,observation_limit
msmarco-passage-trec-dl-2020,0,1109707,dibud,64,37,1,1344,1344,6984,observation_limit
msmarco-passage-trec-dl-2020,0,1109707,dibud,64,38,1,1472,1472,6984,observation_limit
msmarco-passage-trec-dl-2020,0,1109707,dibud,64,39,1,1856,1856,6984,observation_limit
msmarco-passage-trec-dl-2020,0,1109707,dibud,64,40,1,1920,1920,6984,observation_limit
msmarco-passage-trec-dl-2020,0,1109707,dibud,64,41,1,2112,2112,6984,observation_limit
msmarco-passage-trec-dl-2020,0,1109707,dibud,64,42,1,2112,2112,6984,observation_limit
msmarco-passage-trec-dl-2020,0,1109707,dibud,64,43,1,2368,2368,6984,observation_limit
msmarco-passage-trec-dl-2020,0,1109707,dibud,64,44,1,2368,2368,6984,observation_limit
msmarco-passage-trec-dl-2020,0,1109707,dibud,64,45,1,2368,2368,6984,observation_limit
msmarco-passage-trec-dl-2020,0,1109707,dibud,64,46,1,2432,2432,6984,observation_limit
msmarco-passage-trec-dl-2020,0,1109707,dibud,64,47,1,2432,2432,6984,observation_limit
msmarco-passage-trec-dl-2020,0,1109707,dibud,64,48,1,2496,2496,6984,observation_limit
msmarco-passage-trec-dl-2020,0,1109707,dibud,64,49,1,2496,2496,6984,observation_limit
msmarco-passage-trec-dl-2020,0,1109707,dibud,64,50,1,2496,2496,6984,observation_limit
msmarco-passage-trec-dl-2020,0,1109707,dibud,64,51,1,2496,2496,6984,observation_limit
msmarco-passage-trec-dl-2020,0,1109707,dibud,64,52,1,2496,2496,6984,observation_limit
msmarco-passage-trec-dl-2020,0,1109707,dibud,64,53,1,2496,2496,6984,observation_limit
msmarco-passage-trec-dl-2020,0,1109707,dibud,64,54,1,2496,2496,6984,observation_limit
msmarco-passage-trec-dl-2020,0,1109707,dibud,64,55,1,2496,2496,6984,observation_limit
msmarco-passage-trec-dl-2020,0,1109707,dibud,64,56,1,2496,2496,6984,observation_limit
msmarco-passage-trec-dl-2020,0,1109707,dibud,64,57,1,2496,2496,6984,observation_limit
msmarco-passage-trec-dl-2020,0,1109707,dibud,64,58,1,2752,2752,6984,observation_limit
msmarco-passage-trec-dl-2020,0,1109707,dibud,64,59,1,3072,3072,6984,observation_limit
msmarco-passage-trec-dl-2020,0,1109707,dibud,64,60,1,3776,3776,6984,observation_limit
msmarco-passage-trec-dl-2020,0,1109707,dibud,64,61,1,4864,4864,6984,observation_limit
msmarco-passage-trec-dl-2020,0,1109707,dibud,64,62,1,5440,5440,6984,observation_limit
msmarco-passage-trec-dl-2020,0,1109707,dibud,64,63,1,6208,6208,6984,observation_limit
msmarco-passage-trec-dl-2020,0,1109707,dibud,64,64,0,,6985,6984,observation_limit
msmarco-passage-trec-dl-2020,0,1109707,dibud,64,65,0,,6985,6984,observation_limit
msmarco-passage-trec-dl-2020,0,1109707,dibud,64,66,0,,6985,6984,observation_limit
msmarco-passage-trec-dl-2020,0,1109707,dibud,64,67,0,,6985,6984,observation_limit
msmarco-passage-trec-dl-2020,0,1109707,dibud,64,68,0,,6985,6984,observation_limit
msmarco-passage-trec-dl-2020,0,1109707,dibud,64,69,0,,6985,6984,observation_limit
msmarco-passage-trec-dl-2020,0,1109707,dibud,64,70,0,,6985,6984,observation_limit
msmarco-passage-trec-dl-2020,0,1109707,dibud,64,71,0,,6985,6984,observation_limit
msmarco-passage-trec-dl-2020,0,1109707,dibud,64,72,0,,6985,6984,observation_limit
msmarco-passage-trec-dl-2020,0,1109707,dibud,64,73,0,,6985,6984,observation_limit
msmarco-passage-trec-dl-2020,0,1109707,dibud,64,74,0,,6985,6984,observation_limit
msmarco-passage-trec-dl-2020,0,1109707,dibud,64,75,0,,6985,6984,observation_limit
msmarco-passage-trec-dl-2020,0,1109707,dibud,64,76,0,,6985,6984,observation_limit
msmarco-passage-trec-dl-2020,0,1109707,dibud,64,77,0,,6985,6984,observation_limit
msmarco-passage-trec-dl-2020,0,1109707,dibud,64,78,0,,6985,6984,observation_limit
msmarco-passage-trec-dl-2020,0,1109707,dibud,64,79,0,,6985,6984,observation_limit
msmarco-passage-trec-dl-2020,0,1109707,dibud,64,80,0,,6985,6984,observation_limit
msmarco-passage-trec-dl-2020,0,1109707,dibud,64,81,0,,6985,6984,observation_limit
msmarco-passage-trec-dl-2020,0,1109707,dibud,64,82,0,,6985,6984,observation_limit
msmarco-passage-trec-dl-2020,0,1109707,dibud,64,83,0,,6985,6984,observation_limit
msmarco-passage-trec-dl-2020,0,1109707,dibud,64,84,0,,6985,6984,observation_limit
msmarco-passage-trec-dl-2020,0,1109707,dibud,64,85,0,,6985,6984,observation_limit
msmarco-passage-trec-dl-2020,0,1109707,dibud,64,86,0,,6985,6984,observation_limit
msmarco-passage-trec-dl-2020,0,1109707,dibud,64,87,0,,6985,6984,observation_limit
msmarco-passage-trec-dl-2020,0,1109707,dibud,64,88,0,,6985,6984,observation_limit
msmarco-passage-trec-dl-2020,0,1109707,dibud,64,89,0,,6985,6984,observation_limit
msmarco-passage-trec-dl-2020,0,1109707,dibud,64,90,0,,6985,6984,observation_limit
msmarco-passage-trec-dl-2020,0,1109707,dibud,64,91,0,,6985,6984,observation_limit
msmarco-passage-trec-dl-2020,0,1109707,dibud,64,92,0,,6985,6984,observation_limit
msmarco-passage-trec-dl-2020,0,1109707,dibud,64,93,0,,6985,6984,observation_limit
msmarco-passage-trec-dl-2020,0,1109707,dibud,64,94,0,,6985,6984,observation_limit
msmarco-passage-trec-dl-2020,0,1109707,dibud,64,95,0,,6985,6984,observation_limit
msmarco-passage-trec-dl-2020,0,1109707,dibud,64,96,0,,6985,6984,observation_limit
msmarco-passage-trec-dl-2020,0,1109707,dibud,64,97,0,,6985,6984,observation_limit
msmarco-passage-trec-dl-2020,0,1109707,dibud,64,98,0,,6985,6984,observation_limit
msmarco-passage-trec-dl-2020,0,1109707,dibud,64,99,0,,6985,6984,observation_limit
msmarco-passage-trec-dl-2020,0,1109707,dibud,64,100,0,,6985,6984,observation_limit
msmarco-passage-trec-dl-2020,0,1109707,balanced,64,1,1,128,128,10000,budget
msmarco-passage-trec-dl-2020,0,1109707,balanced,64,2,1,128,128,10000,budget
msmarco-passage-trec-dl-2020,0,1109707,balanced,64,3,1,128,128,10000,budget
msmarco-passage-trec-dl-2020,0,1109707,balanced,64,4,1,256,256,10000,budget
msmarco-passage-trec-dl-2020,0,1109707,balanced,64,5,1,256,256,10000,budget
msmarco-passage-trec-dl-2020,0,1109707,balanced,64,6,1,256,256,10000,budget
msmarco-passage-trec-dl-2020,0,1109707,balanced,64,7,1,384,384,10000,budget
msmarco-passage-trec-dl-2020,0,1109707,balanced,64,8,1,384,384,10000,budget
msmarco-passage-trec-dl-2020,0,1109707,balanced,64,9,1,384,384,10000,budget
msmarco-passage-trec-dl-2020,0,1109707,balanced,64,10,1,384,384,10000,budget
msmarco-passage-trec-dl-2020,0,1109707,balanced,64,11,1,384,384,10000,budget
msmarco-passage-trec-dl-2020,0,1109707,balanced,64,12,1,384,384,10000,budget
msmarco-passage-trec-dl-2020,0,1109707,balanced,64,13,1,448,448,10000,budget
msmarco-passage-trec-dl-2020,0,1109707,balanced,64,14,1,512,512,10000,budget
msmarco-passage-trec-dl-2020,0,1109707,balanced,64,15,1,512,512,10000,budget
msmarco-passage-trec-dl-2020,0,1109707,balanced,64,16,1,512,512,10000,budget
msmarco-passage-trec-dl-2020,0,1109707,balanced,64,17,1,512,512,10000,budget
msmarco-passage-trec-dl-2020,0,1109707,balanced,64,18,1,512,512,10000,budget
msmarco-passage-trec-dl-2020,0,1109707,balanced,64,19,1,512,512,10000,budget
msmarco-passage-trec-dl-2020,0,1109707,balanced,64,20,1,512,512,10000,budget
msmarco-passage-trec-dl-2020,0,1109707,balanced,64,21,1,512,512,10000,budget
msmarco-passage-trec-dl-2020,0,1109707,balanced,64,22,1,512,512,10000,budget
msmarco-passage-trec-dl-2020,0,1109707,balanced,64,23,1,640,640,10000,budget
msmarco-passage-trec-dl-2020,0,1109707,balanced,64,24,1,768,768,10000,budget
msmarco-passage-trec-dl-2020,0,1109707,balanced,64,25,1,896,896,10000,budget
msmarco-passage-trec-dl-2020,0,1109707,balanced,64,26,1,1024,1024,10000,budget
msmarco-passage-trec-dl-2020,0,1109707,balanced,64,27,1,1024,1024,10000,budget
msmarco-passage-trec-dl-2020,0,1109707,balanced,64,28,1,1024,1024,10000,budget
msmarco-passage-trec-dl-2020,0,1109707,balanced,64,29,1,1088,1088,10000,budget
msmarco-passage-trec-dl-2020,0,1109707,balanced,64,30,1,1344,1344,10000,budget
msmarco-passage-trec-dl-2020,0,1109707,balanced,64,31,1,1344,1344,10000,budget
msmarco-passage-trec-dl-2020,0,1109707,balanced,64,32,1,1344,1344,10000,budget
msmarco-passage-trec-dl-2020,0,1109707,balanced,64,33,1,1344,1344,10000,budget
msmarco-passage-trec-dl-2020,0,1109707,balanced,64,34,1,1344,1344,10000,budget
msmarco-passage-trec-dl-2020,0,1109707,balanced,64,35,1,1344,1344,10000,budget
msmarco-passage-trec-dl-2020,0,1109707,balanced,64,36,1,1472,1472,10000,budget
msmarco-passage-trec-dl-2020,0,1109707,balanced,64,37,1,1472,1472,10000,budget
msmarco-passage-trec-dl-2020,0,1109707,balanced,64,38,1,1600,1600,10000,budget
msmarco-passage-trec-dl-2020,0,1109707,balanced,64,39,1,2112,2112,10000,budget
msmarco-passage-trec-dl-2020,0,1109707,balanced,64,40,1,2240,2240,10000,budget
msmarco-passage-trec-dl-2020,0,1109707,balanced,64,41,1,2496,2496,10000,budget
msmarco-passage-trec-dl-2020,0,1109707,balanced,64,42,1,2496,2496,10000,budget
msmarco-passage-trec-dl-2020,0,1109707,balanced,64,43,1,2496,2496,10000,budget
msmarco-passage-trec-dl-2020,0,1109707,balanced,64,44,1,2496,2496,10000,budget
msmarco-passage-trec-dl-2020,0,1109707,balanced,64,45,1,2496,2496,10000,budget
msmarco-passage-trec-dl-2020,0,1109707,balanced,64,46,1,2496,2496,10000,budget
msmarco-passage-trec-dl-2020,0,1109707,balanced,64,47,1,2496,2496,10000,budget
msmarco-passage-trec-dl-2020,0,1109707,balanced,64,48,1,2496,2496,10000,budget
msmarco-passage-trec-dl-2020,0,1109707,balanced,64,49,1,2496,2496,10000,budget
msmarco-passage-trec-dl-2020,0,1109707,balanced,64,50,1,2496,2496,10000,budget
msmarco-passage-trec-dl-2020,0,1109707,balanced,64,51,1,2496,2496,10000,budget
msmarco-passage-trec-dl-2020,0,1109707,balanced,64,52,1,2496,2496,10000,budget
msmarco-passage-trec-dl-2020,0,1109707,balanced,64,53,1,2496,2496,10000,budget
msmarco-passage-trec-dl-2020,0,1109707,balanced,64,54,1,2496,2496,10000,budget
msmarco-passage-trec-dl-2020,0,1109707,balanced,64,55,1,2496,2496,10000,budget
msmarco-passage-trec-dl-2020,0,1109707,balanced,64,56,1,2496,2496,10000,budget
msmarco-passage-trec-dl-2020,0,1109707,balanced,64,57,1,2496,2496,10000,budget
msmarco-passage-trec-dl-2020,0,1109707,balanced,64,58,1,3008,3008,10000,budget
msmarco-passage-trec-dl-2020,0,1109707,balanced,64,59,1,3648,3648,10000,budget
msmarco-passage-trec-dl-2020,0,1109707,balanced,64,60,1,4800,4800,10000,budget
msmarco-passage-trec-dl-2020,0,1109707,balanced,64,61,1,6464,6464,10000,budget
msmarco-passage-trec-dl-2020,0,1109707,balanced,64,62,1,7360,7360,10000,budget
msmarco-passage-trec-dl-2020,0,1109707,balanced,64,63,1,8640,8640,10000,budget
msmarco-passage-trec-dl-2020,0,1109707,balanced,64,64,0,,10001,10000,budget
msmarco-passage-trec-dl-2020,0,1109707,balanced,64,65,0,,10001,10000,budget
msmarco-passage-trec-dl-2020,0,1109707,balanced,64,66,0,,10001,10000,budget
msmarco-passage-trec-dl-2020,0,1109707,balanced,64,67,0,,10001,10000,budget
msmarco-passage-trec-dl-2020,0,1109707,balanced,64,68,0,,10001,10000,budget
msmarco-passage-trec-dl-2020,0,1109707,balanced,64,69,0,,10001,10000,budget
msmarco-passage-trec-dl-2020,0,1109707,balanced,64,70,0,,10001,10000,budget
msmarco-passage-trec-dl-2020,0,1109707,balanced,64,71,0,,10001,10000,budget
msmarco-passage-trec-dl-2020,0,1109707,balanced,64,72,0,,10001,10000,budget
msmarco-passage-trec-dl-2020,0,1109707,balanced,64,73,0,,10001,10000,budget
msmarco-passage-trec-dl-2020,0,1109707,balanced,64,74,0,,10001,10000,budget
msmarco-passage-trec-dl-2020,0,1109707,balanced,64,75,0,,10001,10000,budget
msmarco-passage-trec-dl-2020,0,1109707,balanced,64,76,0,,10001,10000,budget
msmarco-passage-trec-dl-2020,0,1109707,balanced,64,77,0,,10001,10000,budget
msmarco-passage-trec-dl-2020,0,1109707,balanced,64,78,0,,10001,10000,budget
msmarco-passage-trec-dl-2020,0,1109707,balanced,64,79,0,,10001,10000,budget
msmarco-passage-trec-dl-2020,0,1109707,balanced,64,80,0,,10001,10000,budget
msmarco-passage-trec-dl-2020,0,1109707,balanced,64,81,0,,10001,10000,budget
msmarco-passage-trec-dl-2020,0,1109707,balanced,64,82,0,,10001,10000,budget
msmarco-passage-trec-dl-2020,0,1109707,balanced,64,83,0,,10001,10000,budget
msmarco-passage-trec-dl-2020,0,1109707,balanced,64,84,0,,10001,10000,budget
msmarco-passage-trec-dl-2020,0,1109707,balanced,64,85,0,,10001,10000,budget
msmarco-passage-trec-dl-2020,0,1109707,balanced,64,86,0,,10001,10000,budget
msmarco-passage-trec-dl-2020,0,1109707,balanced,64,87,0,,10001,10000,budget
msmarco-passage-trec-dl-2020,0,1109707,balanced,64,88,0,,10001,10000,budget
msmarco-passage-trec-dl-2020,0,1109707,balanced,64,89,0,,10001,10000,budget
msmarco-passage-trec-dl-2020,0,1109707,balanced,64,90,0,,10001,10000,budget
msmarco-passage-trec-dl-2020,0,1109707,balanced,64,91,0,,10001,10000,budget
msmarco-passage-trec-dl-2020,0,1109707,balanced,64,92,0,,10001,10000,budget
msmarco-passage-trec-dl-2020,0,1109707,balanced,64,93,0,,10001,10000,budget
msmarco-passage-trec-dl-2020,0,1109707,balanced,64,94,0,,10001,10000,budget
msmarco-passage-trec-dl-2020,0,1109707,balanced,64,95,0,,10001,10000,budget
msmarco-passage-trec-dl-2020,0,1109707,balanced,64,96,0,,10001,10000,budget
msmarco-passage-trec-dl-2020,0,1109707,balanced,64,97,0,,10001,10000,budget
msmarco-passage-trec-dl-2020,0,1109707,balanced,64,98,0,,10001,10000,budget
msmarco-passage-trec-dl-2020,0,1109707,balanced,64,99,0,,10001,10000,budget
msmarco-passage-trec-dl-2020,0,1109707,balanced,64,100,0,,10001,10000,budget
msmarco-passage-trec-dl-2020,0,390360,dibud,1,1,1,8,8,7770,observation_limit
msmarco-passage-trec-dl-2020,0,390360,dibud,1,2,1,13,13,7770,observation_limit
msmarco-passage-trec-dl-2020,0,390360,dibud,1,3,1,13,13,7770,observation_limit
msmarco-passage-trec-dl-2020,0,390360,dibud,1,4,1,15,15,7770,observation_limit
msmarco-passage-trec-dl-2020,0,390360,dibud,1,5,1,24,24,7770,observation_limit
msmarco-passage-trec-dl-2020,0,390360,dibud,1,6,1,66,66,7770,observation_limit
msmarco-passage-trec-dl-2020,0,390360,dibud,1,7,1,178,178,7770,observation_limit
msmarco-passage-trec-dl-2020,0,390360,dibud,1,8,1,214,214,7770,observation_limit
msmarco-passage-trec-dl-2020,0,390360,dibud,1,9,1,283,283,7770,observation_limit
msmarco-passage-trec-dl-2020,0,390360,dibud,1,10,1,328,328,7770,observation_limit
msmarco-passage-trec-dl-2020,0,390360,dibud,1,11,1,576,576,7770,observation_limit
msmarco-passage-trec-dl-2020,0,390360,dibud,1,12,1,869,869,7770,observation_limit
msmarco-passage-trec-dl-2020,0,390360,dibud,1,13,1,900,900,7770,observation_limit
msmarco-passage-trec-dl-2020,0,390360,dibud,1,14,1,1040,1040,7770,observation_limit
msmarco-passage-trec-dl-2020,0,390360,dibud,1,15,1,2575,2575,7770,observation_limit
msmarco-passage-trec-dl-2020,0,390360,dibud,1,16,1,2810,2810,7770,observation_limit
msmarco-passage-trec-dl-2020,0,390360,dibud,1,17,1,2916,2916,7770,observation_limit
msmarco-passage-trec-dl-2020,0,390360,dibud,1,18,1,2916,2916,7770,observation_limit
msmarco-passage-trec-dl-2020,0,390360,dibud,1,19,1,2978,2978,7770,observation_limit
msmarco-passage-trec-dl-2020,0,390360,dibud,1,20,1,3734,3734,7770,observation_limit
msmarco-passage-trec-dl-2020,0,390360,dibud,1,21,1,4012,4012,7770,observation_limit
msmarco-passage-trec-dl-2020,0,390360,dibud,1,22,1,5539,5539,7770,observation_limit
msmarco-passage-trec-dl-2020,0,390360,dibud,1,23,1,5763,5763,7770,observation_limit
msmarco-passage-trec-dl-2020,0,390360,dibud,1,24,1,5763,5763,7770,observation_limit
msmarco-passage-trec-dl-2020,0,390360,dibud,1,25,1,5763,5763,7770,observation_limit
msmarco-passage-trec-dl-2020,0,390360,dibud,1,26,1,5763,5763,7770,observation_limit
msmarco-passage-trec-dl-2020,0,390360,dibud,1,27,1,5763,5763,7770,observation_limit
msmarco-passage-trec-dl-2020,0,390360,dibud,1,28,1,5763,5763,7770,observation_limit
msmarco-passage-trec-dl-2020,0,390360,dibud,1,29,1,6624,6624,7770,observation_limit
msmarco-passage-trec-dl-2020,0,390360,dibud,1,30,0,,7771,7770,observation_limit
msmarco-passage-trec-dl-2020,0,390360,dibud,1,31,0,,7771,7770,observation_limit
msmarco-passage-trec-dl-2020,0,390360,dibud,1,32,0,,7771,7770,observation_limit
msmarco-passage-trec-dl-2020,0,390360,dibud,1,33,0,,7771,7770,observation_limit
msmarco-passage-trec-dl-2020,0,390360,dibud,1,34,0,,7771,7770,observation_limit
msmarco-passage-trec-dl-2020,0,390360,dibud,1,35,0,,7771,7770,observation_limit
msmarco-passage-trec-dl-2020,0,390360,dibud,1,36,0,,7771,7770,observation_limit
msmarco-passage-trec-dl-2020,0,390360,dibud,1,37,0,,7771,7770,observation_limit
msmarco-passage-trec-dl-2020,0,390360,dibud,1,38,0,,7771,7770,observation_limit
msmarco-passage-trec-dl-2020,0,390360,dibud,1,39,0,,7771,7770,observation_limit
msmarco-passage-trec-dl-2020,0,390360,dibud,1,40,0,,7771,7770,observation_limit
msmarco-passage-trec-dl-2020,0,390360,dibud,1,41,0,,7771,7770,observation_limit
msmarco-passage-trec-dl-2020,0,390360,dibud,1,42,0,,7771,7770,observation_limit
msmarco-passage-trec-dl-2020,0,390360,dibud,1,43,0,,7771,7770,observation_limit
msmarco-passage-trec-dl-2020,0,390360,dibud,1,44,0,,7771,7770,observation_limit
msmarco-passage-trec-dl-2020,0,390360,dibud,1,45,0,,7771,7770,observation_limit
msmarco-passage-trec-dl-2020,0,390360,dibud,1,46,0,,7771,7770,observation_limit
msmarco-passage-trec-dl-2020,0,390360,dibud,1,47,0,,7771,7770,observation_limit
msmarco-passage-trec-dl-2020,0,390360,dibud,1,48,0,,7771,7770,observation_limit
msmarco-passage-trec-dl-2020,0,390360,dibud,1,49,0,,7771,7770,observation_limit
msmarco-passage-trec-dl-2020,0,390360,dibud,1,50,0,,7771,7770,observation_limit
msmarco-passage-trec-dl-2020,0,390360,dibud,1,51,0,,7771,7770,observation_limit
msmarco-passage-trec-dl-2020,0,390360,dibud,1,52,0,,7771,7770,observation_limit
msmarco-passage-trec-dl-2020,0,390360,dibud,1,53,0,,7771,7770,observation_limit
msmarco-passage-trec-dl-2020,0,390360,dibud,1,54,0,,7771,7770,observation_limit
msmarco-passage-trec-dl-2020,0,390360,dibud,1,55,0,,7771,7770,observation_limit
msmarco-passage-trec-dl-2020,0,390360,dibud,1,56,0,,7771,7770,observation_limit
msmarco-passage-trec-dl-2020,0,390360,dibud,1,57,0,,7771,7770,observation_limit
msmarco-passage-trec-dl-2020,0,390360,dibud,1,58,0,,7771,7770,observation_limit
msmarco-passage-trec-dl-2020,0,390360,dibud,1,59,0,,7771,7770,observation_limit
msmarco-passage-trec-dl-2020,0,390360,dibud,1,60,0,,7771,7770,observation_limit
msmarco-passage-trec-dl-2020,0,390360,dibud,1,61,0,,7771,7770,observation_limit
msmarco-passage-trec-dl-2020,0,390360,dibud,1,62,0,,7771,7770,observation_limit
msmarco-passage-trec-dl-2020,0,390360,dibud,1,63,0,,7771,7770,observation_limit
msmarco-passage-trec-dl-2020,0,390360,dibud,1,64,0,,7771,7770,observation_limit
msmarco-passage-trec-dl-2020,0,390360,dibud,1,65,0,,7771,7770,observation_limit
msmarco-passage-trec-dl-2020,0,390360,dibud,1,66,0,,7771,7770,observation_limit
msmarco-passage-trec-dl-2020,0,390360,dibud,1,67,0,,7771,7770,observation_limit
msmarco-passage-trec-dl-2020,0,390360,dibud,1,68,0,,7771,7770,observation_limit
msmarco-passage-trec-dl-2020,0,390360,dibud,1,69,0,,7771,7770,observation_limit
msmarco-passage-trec-dl-2020,0,390360,dibud,1,70,0,,7771,7770,observation_limit
msmarco-passage-trec-dl-2020,0,390360,dibud,1,71,0,,7771,7770,observation_limit
msmarco-passage-trec-dl-2020,0,390360,dibud,1,72,0,,7771,7770,observation_limit
msmarco-passage-trec-dl-2020,0,390360,dibud,1,73,0,,7771,7770,observation_limit
msmarco-passage-trec-dl-2020,0,390360,dibud,1,74,0,,7771,7770,observation_limit
msmarco-passage-trec-dl-2020,0,390360,dibud,1,75,0,,7771,7770,observation_limit
msmarco-passage-trec-dl-2020,0,390360,dibud,1,76,0,,7771,7770,observation_limit
msmarco-passage-trec-dl-2020,0,390360,dibud,1,77,0,,7771,7770,observation_limit
msmarco-passage-trec-dl-2020,0,390360,dibud,1,78,0,,7771,7770,observation_limit
msmarco-passage-trec-dl-2020,0,390360,dibud,1,79,0,,7771,7770,observation_limit
msmarco-passage-trec-dl-2020,0,390360,dibud,1,80,0,,7771,7770,observation_limit
msmarco-passage-trec-dl-2020,0,390360,dibud,1,81,0,,7771,7770,observation_limit
msmarco-passage-trec-dl-2020,0,390360,dibud,1,82,0,,7771,7770,observation_limit
msmarco-passage-trec-dl-2020,0,390360,dibud,1,83,0,,7771,7770,observation_limit
msmarco-passage-trec-dl-2020,0,390360,dibud,1,84,0,,7771,7770,observation_limit
msmarco-passage-trec-dl-2020,0,390360,dibud,1,85,0,,7771,7770,observation_limit
msmarco-passage-trec-dl-2020,0,390360,dibud,1,86,0,,7771,7770,observation_limit
msmarco-passage-trec-dl-2020,0,390360,dibud,1,87,0,,7771,7770,observation_limit
msmarco-passage-trec-dl-2020,0,390360,dibud,1,88,0,,7771,7770,observation_limit
msmarco-passage-trec-dl-2020,0,390360,dibud,1,89,0,,7771,7770,observation_limit
msmarco-passage-trec-dl-2020,0,390360,dibud,1,90,0,,7771,7770,observation_limit
msmarco-passage-trec-dl-2020,0,390360,dibud,1,91,0,,7771,7770,observation_limit
msmarco-passage-trec-dl-2020,0,390360,dibud,1,92,0,,7771,7770,observation_limit
msmarco-passage-trec-dl-2020,0,390360,dibud,1,93,0,,7771,7770,observation_limit
msmarco-passage-trec-dl-2020,0,390360,dibud,1,94,0,,7771,7770,observation_limit
msmarco-passage-trec-dl-2020,0,390360,dibud,1,95,0,,7771,7770,observation_limit
msmarco-passage-trec-dl-2020,0,390360,dibud,1,96,0,,7771,7770,observation_limit
msmarco-passage-trec-dl-2020,0,390360,dibud,1,97,0,,7771,7770,observation_limit
msmarco-passage-trec-dl-2020,0,390360,dibud,1,98,0,,7771,7770,observation_limit
msmarco-passage-trec-dl-2020,0,390360,dibud,1,99,0,,7771,7770,observation_limit
msmarco-passage-trec-dl-2020,0,390360,dibud,1,100,0,,7771,7770,observation_limit
msmarco-passage-trec-dl-2020,0,390360,balanced,1,1,1,8,8,10000,budget
msmarco-passage-trec-dl-2020,0,390360,balanced,1,2,1,14,14,10000,budget
msmarco-passage-trec-dl-2020,0,390360,balanced,1,3,1,14,14,10000,budget
msmarco-passage-trec-dl-2020,0,390360,balanced,1,4,1,15,15,10000,budget
msmarco-passage-trec-dl-2020,0,390360,balanced,1,5,1,24,24,10000,budget
msmarco-passage-trec-dl-2020,0,390360,balanced,1,6,1,66,66,10000,budget
msmarco-passage-trec-dl-2020,0,390360,balanced,1,7,1,178,178,10000,budget
msmarco-passage-trec-dl-2020,0,390360,balanced,1,8,1,214,214,10000,budget
msmarco-passage-trec-dl-2020,0,390360,balanced,1,9,1,283,283,10000,budget
msmarco-passage-trec-dl-2020,0,390360,balanced,1,10,1,340,340,10000,budget
msmarco-passage-trec-dl-2020,0,390360,balanced,1,11,1,716,716,10000,budget
msmarco-passage-trec-dl-2020,0,390360,balanced,1,12,1,1140,1140,10000,budget
msmarco-passage-trec-dl-2020,0,390360,balanced,1,13,1,1188,1188,10000,budget
msmarco-passage-trec-dl-2020,0,390360,balanced,1,14,1,1404,1404,10000,budget
msmarco-passage-trec-dl-2020,0,390360,balanced,1,15,1,4078,4078,10000,budget
msmarco-passage-trec-dl-2020,0,390360,balanced,1,16,1,4078,4078,10000,budget
msmarco-passage-trec-dl-2020,0,390360,balanced,1,17,1,4078,4078,10000,budget
msmarco-passage-trec-dl-2020,0,390360,balanced,1,18,1,4078,4078,10000,budget
msmarco-passage-trec-dl-2020,0,390360,balanced,1,19,1,4078,4078,10000,budget
msmarco-passage-trec-dl-2020,0,390360,balanced,1,20,1,4078,4078,10000,budget
msmarco-passage-trec-dl-2020,0,390360,balanced,1,21,1,4078,4078,10000,budget
msmarco-passage-trec-dl-2020,0,390360,balanced,1,22,1,5540,5540,10000,budget
msmarco-passage-trec-dl-2020,0,390360,balanced,1,23,1,5985,5985,10000,budget
msmarco-passage-trec-dl-2020,0,390360,balanced,1,24,1,5985,5985,10000,budget
msmarco-passage-trec-dl-2020,0,390360,balanced,1,25,1,5985,5985,10000,budget
msmarco-passage-trec-dl-2020,0,390360,balanced,1,26,1,5985,5985,10000,budget
msmarco-passage-trec-dl-2020,0,390360,balanced,1,27,1,5985,5985,10000,budget
msmarco-passage-trec-dl-2020,0,390360,balanced,1,28,1,5985,5985,10000,budget
msmarco-passage-trec-dl-2020,0,390360,balanced,1,29,1,7707,7707,10000,budget
msmarco-passage-trec-dl-2020,0,390360,balanced,1,30,0,,10001,10000,budget
msmarco-passage-trec-dl-2020,0,390360,balanced,1,31,0,,10001,10000,budget
msmarco-passage-trec-dl-2020,0,390360,balanced,1,32,0,,10001,10000,budget
msmarco-passage-trec-dl-2020,0,390360,balanced,1,33,0,,10001,10000,budget
msmarco-passage-trec-dl-2020,0,390360,balanced,1,34,0,,10001,10000,budget
msmarco-passage-trec-dl-2020,0,390360,balanced,1,35,0,,10001,10000,budget
msmarco-passage-trec-dl-2020,0,390360,balanced,1,36,0,,10001,10000,budget
msmarco-passage-trec-dl-2020,0,390360,balanced,1,37,0,,10001,10000,budget
msmarco-passage-trec-dl-2020,0,390360,balanced,1,38,0,,10001,10000,budget
msmarco-passage-trec-dl-2020,0,390360,balanced,1,39,0,,10001,10000,budget
msmarco-passage-trec-dl-2020,0,390360,balanced,1,40,0,,10001,10000,budget
msmarco-passage-trec-dl-2020,0,390360,balanced,1,41,0,,10001,10000,budget
msmarco-passage-trec-dl-2020,0,390360,balanced,1,42,0,,10001,10000,budget
msmarco-passage-trec-dl-2020,0,390360,balanced,1,43,0,,10001,10000,budget
msmarco-passage-trec-dl-2020,0,390360,balanced,1,44,0,,10001,10000,budget
msmarco-passage-trec-dl-2020,0,390360,balanced,1,45,0,,10001,10000,budget
msmarco-passage-trec-dl-2020,0,390360,balanced,1,46,0,,10001,10000,budget
msmarco-passage-trec-dl-2020,0,390360,balanced,1,47,0,,10001,10000,budget
msmarco-passage-trec-dl-2020,0,390360,balanced,1,48,0,,10001,10000,budget
msmarco-passage-trec-dl-2020,0,390360,balanced,1,49,0,,10001,10000,budget
msmarco-passage-trec-dl-2020,0,390360,balanced,1,50,0,,10001,10000,budget
msmarco-passage-trec-dl-2020,0,390360,balanced,1,51,0,,10001,10000,budget
msmarco-passage-trec-dl-2020,0,390360,balanced,1,52,0,,10001,10000,budget
msmarco-passage-trec-dl-2020,0,390360,balanced,1,53,0,,10001,10000,budget
msmarco-passage-trec-dl-2020,0,390360,balanced,1,54,0,,10001,10000,budget
msmarco-passage-trec-dl-2020,0,390360,balanced,1,55,0,,10001,10000,budget
msmarco-passage-trec-dl-2020,0,390360,balanced,1,56,0,,10001,10000,budget
msmarco-passage-trec-dl-2020,0,390360,balanced,1,57,0,,10001,10000,budget
msmarco-passage-trec-dl-2020,0,390360,balanced,1,58,0,,10001,10000,budget
msmarco-passage-trec-dl-2020,0,390360,balanced,1,59,0,,10001,10000,budget
msmarco-passage-trec-dl-2020,0,390360,balanced,1,60,0,,10001,10000,budget
msmarco-passage-trec-dl-2020,0,390360,balanced,1,61,0,,10001,10000,budget
msmarco-passage-trec-dl-2020,0,390360,balanced,1,62,0,,10001,10000,budget
msmarco-passage-trec-dl-2020,0,390360,balanced,1,63,0,,10001,10000,budget
msmarco-passage-trec-dl-2020,0,390360,balanced,1,64,0,,10001,10000,budget
msmarco-passage-trec-dl-2020,0,390360,balanced,1,65,0,,10001,10000,budget
msmarco-passage-trec-dl-2020,0,390360,balanced,1,66,0,,10001,10000,budget
msmarco-passage-trec-dl-2020,0,390360,balanced,1,67,0,,10001,10000,budget
msmarco-passage-trec-dl-2020,0,390360,balanced,1,68,0,,10001,10000,budget
msmarco-passage-trec-dl-2020,0,390360,balanced,1,69,0,,10001,10000,budget
msmarco-passage-trec-dl-2020,0,390360,balanced,1,70,0,,10001,10000,budget
msmarco-passage-trec-dl-2020,0,390360,balanced,1,71,0,,10001,10000,budget
msmarco-passage-trec-dl-2020,0,390360,balanced,1,72,0,,10001,10000,budget
msmarco-passage-trec-dl-2020,0,390360,balanced,1,73,0,,10001,10000,budget
msmarco-passage-trec-dl-2020,0,390360,balanced,1,74,0,,10001,10000,budget
msmarco-passage-trec-dl-2020,0,390360,balanced,1,75,0,,10001,10000,budget
msmarco-passage-trec-dl-2020,0,390360,balanced,1,76,0,,10001,10000,budget
msmarco-passage-trec-dl-2020,0,390360,balanced,1,77,0,,10001,10000,budget
msmarco-passage-trec-dl-2020,0,390360,balanced,1,78,0,,10001,10000,budget
msmarco-passage-trec-dl-2020,0,390360,balanced,1,79,0,,10001,10000,budget
msmarco-passage-trec-dl-2020,0,390360,balanced,1,80,0,,10001,10000,budget
msmarco-passage-trec-dl-2020,0,390360,balanced,1,81,0,,10001,10000,budget
msmarco-passage-trec-dl-2020,0,390360,balanced,1,82,0,,10001,10000,budget
msmarco-passage-trec-dl-2020,0,390360,balanced,1,83,0,,10001,10000,budget
msmarco-passage-trec-dl-2020,0,390360,balanced,1,84,0,,10001,10000,budget
msmarco-passage-trec-dl-2020,0,390360,balanced,1,85,0,,10001,10000,budget
msmarco-passage-trec-dl-2020,0,390360,balanced,1,86,0,,10001,10000,budget
msmarco-passage-trec-dl-2020,0,390360,balanced,1,87,0,,10001,10000,budget
msmarco-passage-trec-dl-2020,0,390360,balanced,1,88,0,,10001,10000,budget
msmarco-passage-trec-dl-2020,0,390360,balanced,1,89,0,,10001,10000,budget
msmarco-passage-trec-dl-2020,0,390360,balanced,1,90,0,,10001,10000,budget
msmarco-passage-trec-dl-2020,0,390360,balanced,1,91,0,,10001,10000,budget
msmarco-passage-trec-dl-2020,0,390360,balanced,1,92,0,,10001,10000,budget
msmarco-passage-trec-dl-2020,0,390360,balanced,1,93,0,,10001,10000,budget
msmarco-passage-trec-dl-2020,0,390360,balanced,1,94,0,,10001,10000,budget
msmarco-passage-trec-dl-2020,0,390360,balanced,1,95,0,,10001,10000,budget
msmarco-passage-trec-dl-2020,0,390360,balanced,1,96,0,,10001,10000,budget
msmarco-passage-trec-dl-2020,0,390360,balanced,1,97,0,,10001,10000,budget
msmarco-passage-trec-dl-2020,0,390360,balanced,1,98,0,,10001,10000,budget
msmarco-passage-trec-dl-2020,0,390360,balanced,1,99,0,,10001,10000,budget
msmarco-passage-trec-dl-2020,0,390360,balanced,1,100,0,,10001,10000,budget
msmarco-passage-trec-dl-2020,0,390360,dibud,64,1,1,128,128,7816,observation_limit
msmarco-passage-trec-dl-2020,0,390360,dibud,64,2,1,128,128,7816,observation_limit
msmarco-passage-trec-dl-2020,0,390360,dibud,64,3,1,128,128,7816,observation_limit
msmarco-passage-trec-dl-2020,0,390360,dibud,64,4,1,128,128,7816,observation_limit
msmarco-passage-trec-dl-2020,0,390360,dibud,64,5,1,128,128,7816,observation_limit
msmarco-passage-trec-dl-2020,0,390360,dibud,64,6,1,128,128,7816,observation_limit
msmarco-passage-trec-dl-2020,0,390360,dibud,64,7,1,256,256,7816,observation_limit
msmarco-passage-trec-dl-2020,0,390360,dibud,64,8,1,256,256,7816,observation_limit
msmarco-passage-trec-dl-2020,0,390360,dibud,64,9,1,384,384,7816,observation_limit
msmarco-passage-trec-dl-2020,0,390360,dibud,64,10,1,384,384,7816,observation_limit
msmarco-passage-trec-dl-2020,0,390360,dibud,64,11,1,640,640,7816,observation_limit
msmarco-passage-trec-dl-2020,0,390360,dibud,64,12,1,896,896,7816,observation_limit
msmarco-passage-trec-dl-2020,0,390360,dibud,64,13,1,960,960,7816,observation_limit
msmarco-passage-trec-dl-2020,0,390360,dibud,64,14,1,1088,1088,7816,observation_limit
msmarco-passage-trec-dl-2020,0,390360,dibud,64,15,1,2624,2624,7816,observation_limit
msmarco-passage-trec-dl-2020,0,390360,dibud,64,16,1,2880,2880,7816,observation_limit
msmarco-passage-trec-dl-2020,0,390360,dibud,64,17,1,2944,2944,7816,observation_limit
msmarco-passage-trec-dl-2020,0,390360,dibud,64,18,1,2944,2944,7816,observation_limit
msmarco-passage-trec-dl-2020,0,390360,dibud,64,19,1,3008,3008,7816,observation_limit
msmarco-passage-trec-dl-2020,0,390360,dibud,64,20,1,3776,3776,7816,observation_limit
msmarco-passage-trec-dl-2020,0,390360,dibud,64,21,1,4032,4032,7816,observation_limit
msmarco-passage-trec-dl-2020,0,390360,dibud,64,22,1,5632,5632,7816,observation_limit
msmarco-passage-trec-dl-2020,0,390360,dibud,64,23,1,5824,5824,7816,observation_limit
msmarco-passage-trec-dl-2020,0,390360,dibud,64,24,1,5824,5824,7816,observation_limit
msmarco-passage-trec-dl-2020,0,390360,dibud,64,25,1,5824,5824,7816,observation_limit
msmarco-passage-trec-dl-2020,0,390360,dibud,64,26,1,5824,5824,7816,observation_limit
msmarco-passage-trec-dl-2020,0,390360,dibud,64,27,1,5824,5824,7816,observation_limit
msmarco-passage-trec-dl-2020,0,390360,dibud,64,28,1,5824,5824,7816,observation_limit
msmarco-passage-trec-dl-2020,0,390360,dibud,64,29,1,6720,6720,7816,observation_limit
msmarco-passage-trec-dl-2020,0,390360,dibud,64,30,0,,7817,7816,observation_limit
msmarco-passage-trec-dl-2020,0,390360,dibud,64,31,0,,7817,7816,observation_limit
msmarco-passage-trec-dl-2020,0,390360,dibud,64,32,0,,7817,7816,observation_limit
msmarco-passage-trec-dl-2020,0,390360,dibud,64,33,0,,7817,7816,observation_limit
msmarco-passage-trec-dl-2020,0,390360,dibud,64,34,0,,7817,7816,observation_limit
msmarco-passage-trec-dl-2020,0,390360,dibud,64,35,0,,7817,7816,observation_limit
msmarco-passage-trec-dl-2020,0,390360,dibud,64,36,0,,7817,7816,observation_limit
msmarco-passage-trec-dl-2020,0,390360,dibud,64,37,0,,7817,7816,observation_limit
msmarco-passage-trec-dl-2020,0,390360,dibud,64,38,0,,7817,7816,observation_limit
msmarco-passage-trec-dl-2020,0,390360,dibud,64,39,0,,7817,7816,observation_limit
msmarco-passage-trec-dl-2020,0,390360,dibud,64,40,0,,7817,7816,observation_limit
msmarco-passage-trec-dl-2020,0,390360,dibud,64,41,0,,7817,7816,observation_limit
msmarco-passage-trec-dl-2020,0,390360,dibud,64,42,0,,7817,7816,observation_limit
msmarco-passage-trec-dl-2020,0,390360,dibud,64,43,0,,7817,7816,observation_limit
msmarco-passage-trec-dl-2020,0,390360,dibud,64,44,0,,7817,7816,observation_limit
msmarco-passage-trec-dl-2020,0,390360,dibud,64,45,0,,7817,7816,observation_limit
msmarco-passage-trec-dl-2020,0,390360,dibud,64,46,0,,7817,7816,observation_limit
msmarco-passage-trec-dl-2020,0,390360,dibud,64,47,0,,7817,7816,observation_limit
msmarco-passage-trec-dl-2020,0,390360,dibud,64,48,0,,7817,7816,observation_limit
msmarco-passage-trec-dl-2020,0,390360,dibud,64,49,0,,7817,7816,observation_limit
msmarco-passage-trec-dl-2020,0,390360,dibud,64,50,0,,7817,7816,observation_limit
msmarco-passage-trec-dl-2020,0,390360,dibud,64,51,0,,7817,7816,observation_limit
msmarco-passage-trec-dl-2020,0,390360,dibud,64,52,0,,7817,7816,observation_limit
msmarco-passage-trec-dl-2020,0,390360,dibud,64,53,0,,7817,7816,observation_limit
msmarco-passage-trec-dl-2020,0,390360,dibud,64,54,0,,7817,7816,observation_limit
msmarco-passage-trec-dl-2020,0,390360,dibud,64,55,0,,7817,7816,observation_limit
msmarco-passage-trec-dl-2020,0,390360,dibud,64,56,0,,7817,7816,observation_limit
msmarco-passage-trec-dl-2020,0,390360,dibud,64,57,0,,7817,7816,observation_limit
msmarco-passage-trec-dl-2020,0,390360,dibud,64,58,0,,7817,7816,observation_limit
msmarco-passage-trec-dl-2020,0,390360,dibud,64,59,0,,7817,7816,observation_limit
msmarco-passage-trec-dl-2020,0,390360,dibud,64,60,0,,7817,7816,observation_limit
msmarco-passage-trec-dl-2020,0,390360,dibud,64,61,0,,7817,7816,observation_limit
msmarco-passage-trec-dl-2020,0,390360,dibud,64,62,0,,7817,7816,observation_limit
msmarco-passage-trec-dl-2020,0,390360,dibud,64,63,0,,7817,7816,observation_limit
msmarco-passage-trec-dl-2020,0,390360,dibud,64,64,0,,7817,7816,observation_limit
msmarco-passage-trec-dl-2020,0,390360,dibud,64,65,0,,7817,7816,observation_limit
msmarco-passage-trec-dl-2020,0,390360,dibud,64,66,0,,7817,7816,observation_limit
msmarco-passage-trec-dl-2020,0,390360,dibud,64,67,0,,7817,7816,observation_limit
msmarco-passage-trec-dl-2020,0,390360,dibud,64,68,0,,7817,7816,observation_limit
msmarco-passage-trec-dl-2020,0,390360,dibud,64,69,0,,7817,7816,observation_limit
msmarco-passage-trec-dl-2020,0,390360,dibud,64,70,0,,7817,7816,observation_limit
msmarco-passage-trec-dl-2020,0,390360,dibud,64,71,0,,7817,7816,observation_limit
msmarco-passage-trec-dl-2020,0,390360,dibud,64,72,0,,7817,7816,observation_limit
msmarco-passage-trec-dl-2020,0,390360,dibud,64,73,0,,7817,7816,observation_limit
msmarco-passage-trec-dl-2020,0,390360,dibud,64,74,0,,7817,7816,observation_limit
msmarco-passage-trec-dl-2020,0,390360,dibud,64,75,0,,7817,7816,observation_limit
msmarco-passage-trec-dl-2020,0,390360,dibud,64,76,0,,7817,7816,observation_limit
msmarco-passage-trec-dl-2020,0,390360,dibud,64,77,0,,7817,7816,observation_limit
msmarco-passage-trec-dl-2020,0,390360,dibud,64,78,0,,7817,7816,observation_limit
msmarco-passage-trec-dl-2020,0,390360,dibud,64,79,0,,7817,7816,observation_limit
msmarco-passage-trec-dl-2020,0,390360,dibud,64,80,0,,7817,7816,observation_limit
msmarco-passage-trec-dl-2020,0,390360,dibud,64,81,0,,7817,7816,observation_limit
msmarco-passage-trec-dl-2020,0,390360,dibud,64,82,0,,7817,7816,observation_limit
msmarco-passage-trec-dl-2020,0,390360,dibud,64,83,0,,7817,7816,observation_limit
msmarco-passage-trec-dl-2020,0,390360,dibud,64,84,0,,7817,7816,observation_limit
msmarco-passage-trec-dl-2020,0,390360,dibud,64,85,0,,7817,7816,observation_limit
msmarco-passage-trec-dl-2020,0,390360,dibud,64,86,0,,7817,7816,observation_limit
msmarco-passage-trec-dl-2020,0,390360,dibud,64,87,0,,7817,7816,observation_limit
msmarco-passage-trec-dl-2020,0,390360,dibud,64,88,0,,7817,7816,observation_limit
msmarco-passage-trec-dl-2020,0,390360,dibud,64,89,0,,7817,7816,observation_limit
msmarco-passage-trec-dl-2020,0,390360,dibud,64,90,0,,7817,7816,observation_limit
msmarco-passage-trec-dl-2020,0,390360,dibud,64,91,0,,7817,7816,observation_limit
msmarco-passage-trec-dl-2020,0,390360,dibud,64,92,0,,7817,7816,observation_limit
msmarco-passage-trec-dl-2020,0,390360,dibud,64,93,0,,7817,7816,observation_limit
msmarco-passage-trec-dl-2020,0,390360,dibud,64,94,0,,7817,7816,observation_limit
msmarco-passage-trec-dl-2020,0,390360,dibud,64,95,0,,7817,7816,observation_limit
msmarco-passage-trec-dl-2020,0,390360,dibud,64,96,0,,7817,7816,observation_limit
msmarco-passage-trec-dl-2020,0,390360,dibud,64,97,0,,7817,7816,observation_limit
msmarco-passage-trec-dl-2020,0,390360,dibud,64,98,0,,7817,7816,observation_limit
msmarco-passage-trec-dl-2020,0,390360,dibud,64,99,0,,7817,7816,observation_limit
msmarco-passage-trec-dl-2020,0,390360,dibud,64,100,0,,7817,7816,observation_limit
msmarco-passage-trec-dl-2020,0,390360,balanced,64,1,1,128,128,10000,budget
msmarco-passage-trec-dl-2020,0,390360,balanced,64,2,1,128,128,10000,budget
msmarco-passage-trec-dl-2020,0,390360,balanced,64,3,1,128,128,10000,budget
msmarco-passage-trec-dl-2020,0,390360,balanced,64,4,1,128,128,10000,budget
msmarco-passage-trec-dl-2020,0,390360,balanced,64,5,1,128,128,10000,budget
msmarco-passage-trec-dl-2020,0,390360,balanced,64,6,1,128,128,10000,budget
msmarco-passage-trec-dl-2020,0,390360,balanced,64,7,1,256,256,10000,budget
msmarco-passage-trec-dl-2020,0,390360,balanced,64,8,1,256,256,10000,budget
msmarco-passage-trec-dl-2020,0,390360,balanced,64,9,1,384,384,10000,budget
msmarco-passage-trec-dl-2020,0,390360,balanced,64,10,1,384,384,10000,budget
msmarco-passage-trec-dl-2020,0,390360,balanced,64,11,1,768,768,10000,budget
msmarco-passage-trec-dl-2020,0,390360,balanced,64,12,1,1152,1152,10000,budget
msmarco-passage-trec-dl-2020,0,390360,balanced,64,13,1,1280,1280,10000,budget
msmarco-passage-trec-dl-2020,0,390360,balanced,64,14,1,1408,1408,10000,budget
msmarco-passage-trec-dl-2020,0,390360,balanced,64,15,1,4096,4096,10000,budget
msmarco-passage-trec-dl-2020,0,390360,balanced,64,16,1,4096,4096,10000,budget
msmarco-passage-trec-dl-2020,0,390360,balanced,64,17,1,4096,4096,10000,budget
msmarco-passage-trec-dl-2020,0,390360,balanced,64,18,1,4096,4096,10000,budget
msmarco-passage-trec-dl-2020,0,390360,balanced,64,19,1,4096,4096,10000,budget
msmarco-passage-trec-dl-2020,0,390360,balanced,64,20,1,4096,4096,10000,budget
msmarco-passage-trec-dl-2020,0,390360,balanced,64,21,1,4096,4096,10000,budget
msmarco-passage-trec-dl-2020,0,390360,balanced,64,22,1,5632,5632,10000,budget
msmarco-passage-trec-dl-2020,0,390360,balanced,64,23,1,5952,5952,10000,budget
msmarco-passage-trec-dl-2020,0,390360,balanced,64,24,1,5952,5952,10000,budget
msmarco-passage-trec-dl-2020,0,390360,balanced,64,25,1,5952,5952,10000,budget
msmarco-passage-trec-dl-2020,0,390360,balanced,64,26,1,5952,5952,10000,budget
msmarco-passage-trec-dl-2020,0,390360,balanced,64,27,1,5952,5952,10000,budget
msmarco-passage-trec-dl-2020,0,390360,balanced,64,28,1,5952,5952,10000,budget
msmarco-passage-trec-dl-2020,0,390360,balanced,64,29,1,7744,7744,10000,budget
msmarco-passage-trec-dl-2020,0,390360,balanced,64,30,0,,10001,10000,budget
msmarco-passage-trec-dl-2020,0,390360,balanced,64,31,0,,10001,10000,budget
msmarco-passage-trec-dl-2020,0,390360,balanced,64,32,0,,10001,10000,budget
msmarco-passage-trec-dl-2020,0,390360,balanced,64,33,0,,10001,10000,budget
msmarco-passage-trec-dl-2020,0,390360,balanced,64,34,0,,10001,10000,budget
msmarco-passage-trec-dl-2020,0,390360,balanced,64,35,0,,10001,10000,budget
msmarco-passage-trec-dl-2020,0,390360,balanced,64,36,0,,10001,10000,budget
msmarco-passage-trec-dl-2020,0,390360,balanced,64,37,0,,10001,10000,budget
msmarco-passage-trec-dl-2020,0,390360,balanced,64,38,0,,10001,10000,budget
msmarco-passage-trec-dl-2020,0,390360,balanced,64,39,0,,10001,10000,budget
msmarco-passage-trec-dl-2020,0,390360,balanced,64,40,0,,10001,10000,budget
msmarco-passage-trec-dl-2020,0,390360,balanced,64,41,0,,10001,10000,budget
msmarco-passage-trec-dl-2020,0,390360,balanced,64,42,0,,10001,10000,budget
msmarco-passage-trec-dl-2020,0,390360,balanced,64,43,0,,10001,10000,budget
msmarco-passage-trec-dl-2020,0,390360,balanced,64,44,0,,10001,10000,budget
msmarco-passage-trec-dl-2020,0,390360,balanced,64,45,0,,10001,10000,budget
msmarco-passage-trec-dl-2020,0,390360,balanced,64,46,0,,10001,10000,budget
msmarco-passage-trec-dl-2020,0,390360,balanced,64,47,0,,10001,10000,budget
msmarco-passage-trec-dl-2020,0,390360,balanced,64,48,0,,10001,10000,budget
msmarco-passage-trec-dl-2020,0,390360,balanced,64,49,0,,10001,10000,budget
msmarco-passage-trec-dl-2020,0,390360,balanced,64,50,0,,10001,10000,budget
msmarco-passage-trec-dl-2020,0,390360,balanced,64,51,0,,10001,10000,budget
msmarco-passage-trec-dl-2020,0,390360,balanced,64,52,0,,10001,10000,budget
msmarco-passage-trec-dl-2020,0,390360,balanced,64,53,0,,10001,10000,budget
msmarco-passage-trec-dl-2020,0,390360,balanced,64,54,0,,10001,10000,budget
msmarco-passage-trec-dl-2020,0,390360,balanced,64,55,0,,10001,10000,budget
msmarco-passage-trec-dl-2020,0,390360,balanced,64,56,0,,10001,10000,budget
msmarco-passage-trec-dl-2020,0,390360,balanced,64,57,0,,10001,10000,budget
msmarco-passage-trec-dl-2020,0,390360,balanced,64,58,0,,10001,10000,budget
msmarco-passage-trec-dl-2020,0,390360,balanced,64,59,0,,10001,10000,budget
msmarco-passage-trec-dl-2020,0,390360,balanced,64,60,0,,10001,10000,budget
msmarco-passage-trec-dl-2020,0,390360,balanced,64,61,0,,10001,10000,budget
msmarco-passage-trec-dl-2020,0,390360,balanced,64,62,0,,10001,10000,budget
msmarco-passage-trec-dl-2020,0,390360,balanced,64,63,0,,10001,10000,budget
msmarco-passage-trec-dl-2020,0,390360,balanced,64,64,0,,10001,10000,budget
msmarco-passage-trec-dl-2020,0,390360,balanced,64,65,0,,10001,10000,budget
msmarco-passage-trec-dl-2020,0,390360,balanced,64,66,0,,10001,10000,budget
msmarco-passage-trec-dl-2020,0,390360,balanced,64,67,0,,10001,10000,budget
msmarco-passage-trec-dl-2020,0,390360,balanced,64,68,0,,10001,10000,budget
msmarco-passage-trec-dl-2020,0,390360,balanced,64,69,0,,10001,10000,budget
msmarco-passage-trec-dl-2020,0,390360,balanced,64,70,0,,10001,10000,budget
msmarco-passage-trec-dl-2020,0,390360,balanced,64,71,0,,10001,10000,budget
msmarco-passage-trec-dl-2020,0,390360,balanced,64,72,0,,10001,10000,budget
msmarco-passage-trec-dl-2020,0,390360,balanced,64,73,0,,10001,10000,budget
msmarco-passage-trec-dl-2020,0,390360,balanced,64,74,0,,10001,10000,budget
msmarco-passage-trec-dl-2020,0,390360,balanced,64,75,0,,10001,10000,budget
msmarco-passage-trec-dl-2020,0,390360,balanced,64,76,0,,10001,10000,budget
msmarco-passage-trec-dl-2020,0,390360,balanced,64,77,0,,10001,10000,budget
msmarco-passage-trec-dl-2020,0,390360,balanced,64,78,0,,10001,10000,budget
msmarco-passage-trec-dl-2020,0,390360,balanced,64,79,0,,10001,10000,budget
msmarco-passage-trec-dl-2020,0,390360,balanced,64,80,0,,10001,10000,budget
msmarco-passage-trec-dl-2020,0,390360,balanced,64,81,0,,10001,10000,budget
msmarco-passage-trec-dl-2020,0,390360,balanced,64,82,0,,10001,10000,budget
msmarco-passage-trec-dl-2020,0,390360,balanced,64,83,0,,10001,10000,budget
msmarco-passage-trec-dl-2020,0,390360,balanced,64,84,0,,10001,10000,budget
msmarco-passage-trec-dl-2020,0,390360,balanced,64,85,0,,10001,10000,budget
msmarco-passage-trec-dl-2020,0,390360,balanced,64,86,0,,10001,10000,budget
msmarco-passage-trec-dl-2020,0,390360,balanced,64,87,0,,10001,10000,budget
msmarco-passage-trec-dl-2020,0,390360,balanced,64,88,0,,10001,10000,budget
msmarco-passage-trec-dl-2020,0,390360,balanced,64,89,0,,10001,10000,budget
msmarco-passage-trec-dl-2020,0,390360,balanced,64,90,0,,10001,10000,budget
msmarco-passage-trec-dl-2020,0,390360,balanced,64,91,0,,10001,10000,budget
msmarco-passage-trec-dl-2020,0,390360,balanced,64,92,0,,10001,10000,budget
msmarco-passage-trec-dl-2020,0,390360,balanced,64,93,0,,10001,10000,budget
msmarco-passage-trec-dl-2020,0,390360,balanced,64,94,0,,10001,10000,budget
msmarco-passage-trec-dl-2020,0,390360,balanced,64,95,0,,10001,10000,budget
msmarco-passage-trec-dl-2020,0,390360,balanced,64,96,0,,10001,10000,budget
msmarco-passage-trec-dl-2020,0,390360,balanced,64,97,0,,10001,10000,budget
msmarco-passage-trec-dl-2020,0,390360,balanced,64,98,0,,10001,10000,budget
msmarco-passage-trec-dl-2020,0,390360,balanced,64,99,0,,10001,10000,budget
msmarco-passage-trec-dl-2020,0,390360,balanced,64,100,0,,10001,10000,budget
nfcorpus,0,PLAIN-1516,dibud,1,1,1,5,5,102,cap100
nfcorpus,0,PLAIN-1516,dibud,1,2,1,5,5,102,cap100
nfcorpus,0,PLAIN-1516,dibud,1,3,1,5,5,102,cap100
nfcorpus,0,PLAIN-1516,dibud,1,4,1,5,5,102,cap100
nfcorpus,0,PLAIN-1516,dibud,1,5,1,6,6,102,cap100
nfcorpus,0,PLAIN-1516,dibud,1,6,1,7,7,102,cap100
nfcorpus,0,PLAIN-1516,dibud,1,7,1,8,8,102,cap100
nfcorpus,0,PLAIN-1516,dibud,1,8,1,10,10,102,cap100
nfcorpus,0,PLAIN-1516,dibud,1,9,1,11,11,102,cap100
nfcorpus,0,PLAIN-1516,dibud,1,10,1,12,12,102,cap100
nfcorpus,0,PLAIN-1516,dibud,1,11,1,13,13,102,cap100
nfcorpus,0,PLAIN-1516,dibud,1,12,1,14,14,102,cap100
nfcorpus,0,PLAIN-1516,dibud,1,13,1,15,15,102,cap100
nfcorpus,0,PLAIN-1516,dibud,1,14,1,16,16,102,cap100
nfcorpus,0,PLAIN-1516,dibud,1,15,1,17,17,102,cap100
nfcorpus,0,PLAIN-1516,dibud,1,16,1,18,18,102,cap100
nfcorpus,0,PLAIN-1516,dibud,1,17,1,19,19,102,cap100
nfcorpus,0,PLAIN-1516,dibud,1,18,1,20,20,102,cap100
nfcorpus,0,PLAIN-1516,dibud,1,19,1,21,21,102,cap100
nfcorpus,0,PLAIN-1516,dibud,1,20,1,22,22,102,cap100
nfcorpus,0,PLAIN-1516,dibud,1,21,1,23,23,102,cap100
nfcorpus,0,PLAIN-1516,dibud,1,22,1,24,24,102,cap100
nfcorpus,0,PLAIN-1516,dibud,1,23,1,25,25,102,cap100
nfcorpus,0,PLAIN-1516,dibud,1,24,1,26,26,102,cap100
nfcorpus,0,PLAIN-1516,dibud,1,25,1,27,27,102,cap100
nfcorpus,0,PLAIN-1516,dibud,1,26,1,28,28,102,cap100
nfcorpus,0,PLAIN-1516,dibud,1,27,1,29,29,102,cap100
nfcorpus,0,PLAIN-1516,dibud,1,28,1,30,30,102,cap100
nfcorpus,0,PLAIN-1516,dibud,1,29,1,31,31,102,cap100
nfcorpus,0,PLAIN-1516,dibud,1,30,1,32,32,102,cap100
nfcorpus,0,PLAIN-1516,dibud,1,31,1,33,33,102,cap100
nfcorpus,0,PLAIN-1516,dibud,1,32,1,34,34,102,cap100
nfcorpus,0,PLAIN-1516,dibud,1,33,1,35,35,102,cap100
nfcorpus,0,PLAIN-1516,dibud,1,34,1,36,36,102,cap100
nfcorpus,0,PLAIN-1516,dibud,1,35,1,37,37,102,cap100
nfcorpus,0,PLAIN-1516,dibud,1,36,1,38,38,102,cap100
nfcorpus,0,PLAIN-1516,dibud,1,37,1,39,39,102,cap100
nfcorpus,0,PLAIN-1516,dibud,1,38,1,40,40,102,cap100
nfcorpus,0,PLAIN-1516,dibud,1,39,1,41,41,102,cap100
nfcorpus,0,PLAIN-1516,dibud,1,40,1,42,42,102,cap100
nfcorpus,0,PLAIN-1516,dibud,1,41,1,43,43,102,cap100
nfcorpus,0,PLAIN-1516,dibud,1,42,1,44,44,102,cap100
nfcorpus,0,PLAIN-1516,dibud,1,43,1,45,45,102,cap100
nfcorpus,0,PLAIN-1516,dibud,1,44,1,46,46,102,cap100
nfcorpus,0,PLAIN-1516,dibud,1,45,1,47,47,102,cap100
nfcorpus,0,PLAIN-1516,dibud,1,46,1,48,48,102,cap100
nfcorpus,0,PLAIN-1516,dibud,1,47,1,49,49,102,cap100
nfcorpus,0,PLAIN-1516,dibud,1,48,1,50,50,102,cap100
nfcorpus,0,PLAIN-1516,dibud,1,49,1,51,51,102,cap100
nfcorpus,0,PLAIN-1516,dibud,1,50,1,52,52,102,cap100
nfcorpus,0,PLAIN-1516,dibud,1,51,1,53,53,102,cap100
nfcorpus,0,PLAIN-1516,dibud,1,52,1,54,54,102,cap100
nfcorpus,0,PLAIN-1516,dibud,1,53,1,55,55,102,cap100
nfcorpus,0,PLAIN-1516,dibud,1,54,1,56,56,102,cap100
nfcorpus,0,PLAIN-1516,dibud,1,55,1,57,57,102,cap100
nfcorpus,0,PLAIN-1516,dibud,1,56,1,58,58,102,cap100
nfcorpus,0,PLAIN-1516,dibud,1,57,1,59,59,102,cap100
nfcorpus,0,PLAIN-1516,dibud,1,58,1,60,60,102,cap100
nfcorpus,0,PLAIN-1516,dibud,1,59,1,61,61,102,cap100
nfcorpus,0,PLAIN-1516,dibud,1,60,1,62,62,102,cap100
nfcorpus,0,PLAIN-1516,dibud,1,61,1,63,63,102,cap100
nfcorpus,0,PLAIN-1516,dibud,1,62,1,64,64,102,cap100
nfcorpus,0,PLAIN-1516,dibud,1,63,1,65,65,102,cap100
nfcorpus,0,PLAIN-1516,dibud,1,64,1,66,66,102,cap100
nfcorpus,0,PLAIN-1516,dibud,1,65,1,67,67,102,cap100
nfcorpus,0,PLAIN-1516,dibud,1,66,1,68,68,102,cap100
nfcorpus,0,PLAIN-1516,dibud,1,67,1,69,69,102,cap100
nfcorpus,0,PLAIN-1516,dibud,1,68,1,70,70,102,cap100
nfcorpus,0,PLAIN-1516,dibud,1,69,1,71,71,102,cap100
nfcorpus,0,PLAIN-1516,dibud,1,70,1,72,72,102,cap100
nfcorpus,0,PLAIN-1516,dibud,1,71,1,73,73,102,cap100
nfcorpus,0,PLAIN-1516,dibud,1,72,1,74,74,102,cap100
nfcorpus,0,PLAIN-1516,dibud,1,73,1,75,75,102,cap100
nfcorpus,0,PLAIN-1516,dibud,1,74,1,76,76,102,cap100
nfcorpus,0,PLAIN-1516,dibud,1,75,1,77,77,102,cap100
nfcorpus,0,PLAIN-1516,dibud,1,76,1,78,78,102,cap100
nfcorpus,0,PLAIN-1516,dibud,1,77,1,79,79,102,cap100
nfcorpus,0,PLAIN-1516,dibud,1,78,1,80,80,102,cap100
nfcorpus,0,PLAIN-1516,dibud,1,79,1,81,81,102,cap100
nfcorpus,0,PLAIN-1516,dibud,1,80,1,82,82,102,cap100
nfcorpus,0,PLAIN-1516,dibud,1,81,1,83,83,102,cap100
nfcorpus,0,PLAIN-1516,dibud,1,82,1,84,84,102,cap100
nfcorpus,0,PLAIN-1516,dibud,1,83,1,85,85,102,cap100
nfcorpus,0,PLAIN-1516,dibud,1,84,1,86,86,102,cap100
nfcorpus,0,PLAIN-1516,dibud,1,85,1,87,87,102,cap100
nfcorpus,0,PLAIN-1516,dibud,1,86,1,88,88,102,cap100
nfcorpus,0,PLAIN-1516,dibud,1,87,1,89,89,102,cap100
nfcorpus,0,PLAIN-1516,dibud,1,88,1,90,90,102,cap100
nfcorpus,0,PLAIN-1516,dibud,1,89,1,91,91,102,cap100
nfcorpus,0,PLAIN-1516,dibud,1,90,1,92,92,102,cap100
nfcorpus,0,PLAIN-1516,dibud,1,91,1,93,93,102,cap100
nfcorpus,0,PLAIN-1516,dibud,1,92,1,94,94,102,cap100
nfcorpus,0,PLAIN-1516,dibud,1,93,1,95,95,102,cap100
nfcorpus,0,PLAIN-1516,dibud,1,94,1,96,96,102,cap100
nfcorpus,0,PLAIN-1516,dibud,1,95,1,97,97,102,cap100
nfcorpus,0,PLAIN-1516,dibud,1,96,1,98,98,102,cap100
nfcorpus,0,PLAIN-1516,dibud,1,97,1,99,99,102,cap100
nfcorpus,0,PLAIN-1516,dibud,1,98,1,100,100,102,cap100
nfcorpus,0,PLAIN-1516,dibud,1,99,1,101,101,102,cap100
nfcorpus,0,PLAIN-1516,dibud,1,100,1,102,102,102,cap100
nfcorpus,0,PLAIN-1516,balanced,1,1,1,5,5,102,cap100
nfcorpus,0,PLAIN-1516,balanced,1,2,1,5,5,102,cap100
nfcorpus,0,PLAIN-1516,balanced,1,3,1,5,5,102,cap100
nfcorpus,0,PLAIN-1516,balanced,1,4,1,5,5,102,cap100
nfcorpus,0,PLAIN-1516,balanced,1,5,1,6,6,102,cap100
nfcorpus,0,PLAIN-1516,balanced,1,6,1,7,7,102,cap100
nfcorpus,0,PLAIN-1516,balanced,1,7,1,8,8,102,cap100
nfcorpus,0,PLAIN-1516,balanced,1,8,1,10,10,102,cap100
nfcorpus,0,PLAIN-1516,balanced,1,9,1,11,11,102,cap100
nfcorpus,0,PLAIN-1516,balanced,1,10,1,12,12,102,cap100
nfcorpus,0,PLAIN-1516,balanced,1,11,1,13,13,102,cap100
nfcorpus,0,PLAIN-1516,balanced,1,12,1,14,14,102,cap100
nfcorpus,0,PLAIN-1516,balanced,1,13,1,15,15,102,cap100
nfcorpus,0,PLAIN-1516,balanced,1,14,1,16,16,102,cap100
nfcorpus,0,PLAIN-1516,balanced,1,15,1,17,17,102,cap100
nfcorpus,0,PLAIN-1516,balanced,1,16,1,18,18,102,cap100
nfcorpus,0,PLAIN-1516,balanced,1,17,1,19,19,102,cap100
nfcorpus,0,PLAIN-1516,balanced,1,18,1,20,20,102,cap100
nfcorpus,0,PLAIN-1516,balanced,1,19,1,21,21,102,cap100
nfcorpus,0,PLAIN-1516,balanced,1,20,1,22,22,102,cap100
nfcorpus,0,PLAIN-1516,balanced,1,21,1,23,23,102,cap100
nfcorpus,0,PLAIN-1516,balanced,1,22,1,24,24,102,cap100
nfcorpus,0,PLAIN-1516,balanced,1,23,1,25,25,102,cap100
nfcorpus,0,PLAIN-1516,balanced,1,24,1,26,26,102,cap100
nfcorpus,0,PLAIN-1516,balanced,1,25,1,27,27,102,cap100
nfcorpus,0,PLAIN-1516,balanced,1,26,1,28,28,102,cap100
nfcorpus,0,PLAIN-1516,balanced,1,27,1,29,29,102,cap100
nfcorpus,0,PLAIN-1516,balanced,1,28,1,30,30,102,cap100
nfcorpus,0,PLAIN-1516,balanced,1,29,1,31,31,102,cap100
nfcorpus,0,PLAIN-1516,balanced,1,30,1,32,32,102,cap100
nfcorpus,0,PLAIN-1516,balanced,1,31,1,33,33,102,cap100
nfcorpus,0,PLAIN-1516,balanced,1,32,1,34,34,102,cap100
nfcorpus,0,PLAIN-1516,balanced,1,33,1,35,35,102,cap100
nfcorpus,0,PLAIN-1516,balanced,1,34,1,36,36,102,cap100
nfcorpus,0,PLAIN-1516,balanced,1,35,1,37,37,102,cap100
nfcorpus,0,PLAIN-1516,balanced,1,36,1,38,38,102,cap100
nfcorpus,0,PLAIN-1516,balanced,1,37,1,39,39,102,cap100
nfcorpus,0,PLAIN-1516,balanced,1,38,1,40,40,102,cap100
nfcorpus,0,PLAIN-1516,balanced,1,39,1,41,41,102,cap100
nfcorpus,0,PLAIN-1516,balanced,1,40,1,42,42,102,cap100
nfcorpus,0,PLAIN-1516,balanced,1,41,1,43,43,102,cap100
nfcorpus,0,PLAIN-1516,balanced,1,42,1,44,44,102,cap100
nfcorpus,0,PLAIN-1516,balanced,1,43,1,45,45,102,cap100
nfcorpus,0,PLAIN-1516,balanced,1,44,1,46,46,102,cap100
nfcorpus,0,PLAIN-1516,balanced,1,45,1,47,47,102,cap100
nfcorpus,0,PLAIN-1516,balanced,1,46,1,48,48,102,cap100
nfcorpus,0,PLAIN-1516,balanced,1,47,1,49,49,102,cap100
nfcorpus,0,PLAIN-1516,balanced,1,48,1,50,50,102,cap100
nfcorpus,0,PLAIN-1516,balanced,1,49,1,51,51,102,cap100
nfcorpus,0,PLAIN-1516,balanced,1,50,1,52,52,102,cap100
nfcorpus,0,PLAIN-1516,balanced,1,51,1,53,53,102,cap100
nfcorpus,0,PLAIN-1516,balanced,1,52,1,54,54,102,cap100
nfcorpus,0,PLAIN-1516,balanced,1,53,1,55,55,102,cap100
nfcorpus,0,PLAIN-1516,balanced,1,54,1,56,56,102,cap100
nfcorpus,0,PLAIN-1516,balanced,1,55,1,57,57,102,cap100
nfcorpus,0,PLAIN-1516,balanced,1,56,1,58,58,102,cap100
nfcorpus,0,PLAIN-1516,balanced,1,57,1,59,59,102,cap100
nfcorpus,0,PLAIN-1516,balanced,1,58,1,60,60,102,cap100
nfcorpus,0,PLAIN-1516,balanced,1,59,1,61,61,102,cap100
nfcorpus,0,PLAIN-1516,balanced,1,60,1,62,62,102,cap100
nfcorpus,0,PLAIN-1516,balanced,1,61,1,63,63,102,cap100
nfcorpus,0,PLAIN-1516,balanced,1,62,1,64,64,102,cap100
nfcorpus,0,PLAIN-1516,balanced,1,63,1,65,65,102,cap100
nfcorpus,0,PLAIN-1516,balanced,1,64,1,66,66,102,cap100
nfcorpus,0,PLAIN-1516,balanced,1,65,1,67,67,102,cap100
nfcorpus,0,PLAIN-1516,balanced,1,66,1,68,68,102,cap100
nfcorpus,0,PLAIN-1516,balanced,1,67,1,69,69,102,cap100
nfcorpus,0,PLAIN-1516,balanced,1,68,1,70,70,102,cap100
nfcorpus,0,PLAIN-1516,balanced,1,69,1,71,71,102,cap100
nfcorpus,0,PLAIN-1516,balanced,1,70,1,72,72,102,cap100
nfcorpus,0,PLAIN-1516,balanced,1,71,1,73,73,102,cap100
nfcorpus,0,PLAIN-1516,balanced,1,72,1,74,74,102,cap100
nfcorpus,0,PLAIN-1516,balanced,1,73,1,75,75,102,cap100
nfcorpus,0,PLAIN-1516,balanced,1,74,1,76,76,102,cap100
nfcorpus,0,PLAIN-1516,balanced,1,75,1,77,77,102,cap100
nfcorpus,0,PLAIN-1516,balanced,1,76,1,78,78,102,cap100
nfcorpus,0,PLAIN-1516,balanced,1,77,1,79,79,102,cap100
nfcorpus,0,PLAIN-1516,balanced,1,78,1,80,80,102,cap100
nfcorpus,0,PLAIN-1516,balanced,1,79,1,81,81,102,cap100
nfcorpus,0,PLAIN-1516,balanced,1,80,1,82,82,102,cap100
nfcorpus,0,PLAIN-1516,balanced,1,81,1,83,83,102,cap100
nfcorpus,0,PLAIN-1516,balanced,1,82,1,84,84,102,cap100
nfcorpus,0,PLAIN-1516,balanced,1,83,1,85,85,102,cap100
nfcorpus,0,PLAIN-1516,balanced,1,84,1,86,86,102,cap100
nfcorpus,0,PLAIN-1516,balanced,1,85,1,87,87,102,cap100
nfcorpus,0,PLAIN-1516,balanced,1,86,1,88,88,102,cap100
nfcorpus,0,PLAIN-1516,balanced,1,87,1,89,89,102,cap100
nfcorpus,0,PLAIN-1516,balanced,1,88,1,90,90,102,cap100
nfcorpus,0,PLAIN-1516,balanced,1,89,1,91,91,102,cap100
nfcorpus,0,PLAIN-1516,balanced,1,90,1,92,92,102,cap100
nfcorpus,0,PLAIN-1516,balanced,1,91,1,93,93,102,cap100
nfcorpus,0,PLAIN-1516,balanced,1,92,1,94,94,102,cap100
nfcorpus,0,PLAIN-1516,balanced,1,93,1,95,95,102,cap100
nfcorpus,0,PLAIN-1516,balanced,1,94,1,96,96,102,cap100
nfcorpus,0,PLAIN-1516,balanced,1,95,1,97,97,102,cap100
nfcorpus,0,PLAIN-1516,balanced,1,96,1,98,98,102,cap100
nfcorpus,0,PLAIN-1516,balanced,1,97,1,99,99,102,cap100
nfcorpus,0,PLAIN-1516,balanced,1,98,1,100,100,102,cap100
nfcorpus,0,PLAIN-1516,balanced,1,99,1,101,101,102,cap100
nfcorpus,0,PLAIN-1516,balanced,1,100,1,102,102,102,cap100
nfcorpus,0,PLAIN-1516,dibud,64,1,1,66,66,128,cap100
nfcorpus,0,PLAIN-1516,dibud,64,2,1,66,66,128,cap100
nfcorpus,0,PLAIN-1516,dibud,64,3,1,66,66,128,cap100
nfcorpus,0,PLAIN-1516,dibud,64,4,1,66,66,128,cap100
nfcorpus,0,PLAIN-1516,dibud,64,5,1,66,66,128,cap100
nfcorpus,0,PLAIN-1516,dibud,64,6,1,66,66,128,cap100
nfcorpus,0,PLAIN-1516,dibud,64,7,1,66,66,128,cap100
nfcorpus,0,PLAIN-1516,dibud,64,8,1,66,66,128,cap100
nfcorpus,0,PLAIN-1516,dibud,64,9,1,66,66,128,cap100
nfcorpus,0,PLAIN-1516,dibud,64,10,1,66,66,128,cap100
nfcorpus,0,PLAIN-1516,dibud,64,11,1,66,66,128,cap100
nfcorpus,0,PLAIN-1516,dibud,64,12,1,66,66,128,cap100
nfcorpus,0,PLAIN-1516,dibud,64,13,1,66,66,128,cap100
nfcorpus,0,PLAIN-1516,dibud,64,14,1,66,66,128,cap100
nfcorpus,0,PLAIN-1516,dibud,64,15,1,66,66,128,cap100
nfcorpus,0,PLAIN-1516,dibud,64,16,1,66,66,128,cap100
nfcorpus,0,PLAIN-1516,dibud,64,17,1,66,66,128,cap100
nfcorpus,0,PLAIN-1516,dibud,64,18,1,66,66,128,cap100
nfcorpus,0,PLAIN-1516,dibud,64,19,1,66,66,128,cap100
nfcorpus,0,PLAIN-1516,dibud,64,20,1,66,66,128,cap100
nfcorpus,0,PLAIN-1516,dibud,64,21,1,66,66,128,cap100
nfcorpus,0,PLAIN-1516,dibud,64,22,1,66,66,128,cap100
nfcorpus,0,PLAIN-1516,dibud,64,23,1,66,66,128,cap100
nfcorpus,0,PLAIN-1516,dibud,64,24,1,66,66,128,cap100
nfcorpus,0,PLAIN-1516,dibud,64,25,1,66,66,128,cap100
nfcorpus,0,PLAIN-1516,dibud,64,26,1,66,66,128,cap100
nfcorpus,0,PLAIN-1516,dibud,64,27,1,66,66,128,cap100
nfcorpus,0,PLAIN-1516,dibud,64,28,1,66,66,128,cap100
nfcorpus,0,PLAIN-1516,dibud,64,29,1,66,66,128,cap100
nfcorpus,0,PLAIN-1516,dibud,64,30,1,66,66,128,cap100
nfcorpus,0,PLAIN-1516,dibud,64,31,1,66,66,128,cap100
nfcorpus,0,PLAIN-1516,dibud,64,32,1,66,66,128,cap100
nfcorpus,0,PLAIN-1516,dibud,64,33,1,66,66,128,cap100
nfcorpus,0,PLAIN-1516,dibud,64,34,1,66,66,128,cap100
nfcorpus,0,PLAIN-1516,dibud,64,35,1,66,66,128,cap100
nfcorpus,0,PLAIN-1516,dibud,64,36,1,66,66,128,cap100
nfcorpus,0,PLAIN-1516,dibud,64,37,1,66,66,128,cap100
nfcorpus,0,PLAIN-1516,dibud,64,38,1,66,66,128,cap100
nfcorpus,0,PLAIN-1516,dibud,64,39,1,66,66,128,cap100
nfcorpus,0,PLAIN-1516,dibud,64,40,1,66,66,128,cap100
nfcorpus,0,PLAIN-1516,dibud,64,41,1,66,66,128,cap100
nfcorpus,0,PLAIN-1516,dibud,64,42,1,66,66,128,cap100
nfcorpus,0,PLAIN-1516,dibud,64,43,1,66,66,128,cap100
nfcorpus,0,PLAIN-1516,dibud,64,44,1,66,66,128,cap100
nfcorpus,0,PLAIN-1516,dibud,64,45,1,66,66,128,cap100
nfcorpus,0,PLAIN-1516,dibud,64,46,1,66,66,128,cap100
nfcorpus,0,PLAIN-1516,dibud,64,47,1,66,66,128,cap100
nfcorpus,0,PLAIN-1516,dibud,64,48,1,66,66,128,cap100
nfcorpus,0,PLAIN-1516,dibud,64,49,1,66,66,128,cap100
nfcorpus,0,PLAIN-1516,dibud,64,50,1,66,66,128,cap100
nfcorpus,0,PLAIN-1516,dibud,64,51,1,66,66,128,cap100
nfcorpus,0,PLAIN-1516,dibud,64,52,1,66,66,128,cap100
nfcorpus,0,PLAIN-1516,dibud,64,53,1,66,66,128,cap100
nfcorpus,0,PLAIN-1516,dibud,64,54,1,66,66,128,cap100
nfcorpus,0,PLAIN-1516,dibud,64,55,1,66,66,128,cap100
nfcorpus,0,PLAIN-1516,dibud,64,56,1,66,66,128,cap100
nfcorpus,0,PLAIN-1516,dibud,64,57,1,66,66,128,cap100
nfcorpus,0,PLAIN-1516,dibud,64,58,1,66,66,128,cap100
nfcorpus,0,PLAIN-1516,dibud,64,59,1,66,66,128,cap100
nfcorpus,0,PLAIN-1516,dibud,64,60,1,66,66,128,cap100
nfcorpus,0,PLAIN-1516,dibud,64,61,1,66,66,128,cap100
nfcorpus,0,PLAIN-1516,dibud,64,62,1,66,66,128,cap100
nfcorpus,0,PLAIN-1516,dibud,64,63,1,66,66,128,cap100
nfcorpus,0,PLAIN-1516,dibud,64,64,1,66,66,128,cap100
nfcorpus,0,PLAIN-1516,dibud,64,65,1,128,128,128,cap100
nfcorpus,0,PLAIN-1516,dibud,64,66,1,128,128,128,cap100
nfcorpus,0,PLAIN-1516,dibud,64,67,1,128,128,128,cap100
nfcorpus,0,PLAIN-1516,dibud,64,68,1,128,128,128,cap100
nfcorpus,0,PLAIN-1516,dibud,64,69,1,128,128,128,cap100
nfcorpus,0,PLAIN-1516,dibud,64,70,1,128,128,128,cap100
nfcorpus,0,PLAIN-1516,dibud,64,71,1,128,128,128,cap100
nfcorpus,0,PLAIN-1516,dibud,64,72,1,128,128,128,cap100
nfcorpus,0,PLAIN-1516,dibud,64,73,1,128,128,128,cap100
nfcorpus,0,PLAIN-1516,dibud,64,74,1,128,128,128,cap100
nfcorpus,0,PLAIN-1516,dibud,64,75,1,128,128,128,cap100
nfcorpus,0,PLAIN-1516,dibud,64,76,1,128,128,128,cap100
nfcorpus,0,PLAIN-1516,dibud,64,77,1,128,128,128,cap100
nfcorpus,0,PLAIN-1516,dibud,64,78,1,128,128,128,cap100
nfcorpus,0,PLAIN-1516,dibud,64,79,1,128,128,128,cap100
nfcorpus,0,PLAIN-1516,dibud,64,80,1,128,128,128,cap100
nfcorpus,0,PLAIN-1516,dibud,64,81,1,128,128,128,cap100
nfcorpus,0,PLAIN-1516,dibud,64,82,1,128,128,128,cap100
nfcorpus,0,PLAIN-1516,dibud,64,83,1,128,128,128,cap100
nfcorpus,0,PLAIN-1516,dibud,64,84,1,128,128,128,cap100
nfcorpus,0,PLAIN-1516,dibud,64,85,1,128,128,128,cap100
nfcorpus,0,PLAIN-1516,dibud,64,86,1,128,128,128,cap100
nfcorpus,0,PLAIN-1516,dibud,64,87,1,128,128,128,cap100
nfcorpus,0,PLAIN-1516,dibud,64,88,1,128,128,128,cap100
nfcorpus,0,PLAIN-1516,dibud,64,89,1,128,128,128,cap100
nfcorpus,0,PLAIN-1516,dibud,64,90,1,128,128,128,cap100
nfcorpus,0,PLAIN-1516,dibud,64,91,1,128,128,128,cap100
nfcorpus,0,PLAIN-1516,dibud,64,92,1,128,128,128,cap100
nfcorpus,0,PLAIN-1516,dibud,64,93,1,128,128,128,cap100
nfcorpus,0,PLAIN-1516,dibud,64,94,1,128,128,128,cap100
nfcorpus,0,PLAIN-1516,dibud,64,95,1,128,128,128,cap100
nfcorpus,0,PLAIN-1516,dibud,64,96,1,128,128,128,cap100
nfcorpus,0,PLAIN-1516,dibud,64,97,1,128,128,128,cap100
nfcorpus,0,PLAIN-1516,dibud,64,98,1,128,128,128,cap100
nfcorpus,0,PLAIN-1516,dibud,64,99,1,128,128,128,cap100
nfcorpus,0,PLAIN-1516,dibud,64,100,1,128,128,128,cap100
nfcorpus,0,PLAIN-1516,balanced,64,1,1,66,66,128,cap100
nfcorpus,0,PLAIN-1516,balanced,64,2,1,66,66,128,cap100
nfcorpus,0,PLAIN-1516,balanced,64,3,1,66,66,128,cap100
nfcorpus,0,PLAIN-1516,balanced,64,4,1,66,66,128,cap100
nfcorpus,0,PLAIN-1516,balanced,64,5,1,66,66,128,cap100
nfcorpus,0,PLAIN-1516,balanced,64,6,1,66,66,128,cap100
nfcorpus,0,PLAIN-1516,balanced,64,7,1,66,66,128,cap100
nfcorpus,0,PLAIN-1516,balanced,64,8,1,66,66,128,cap100
nfcorpus,0,PLAIN-1516,balanced,64,9,1,66,66,128,cap100
nfcorpus,0,PLAIN-1516,balanced,64,10,1,66,66,128,cap100
nfcorpus,0,PLAIN-1516,balanced,64,11,1,66,66,128,cap100
nfcorpus,0,PLAIN-1516,balanced,64,12,1,66,66,128,cap100
nfcorpus,0,PLAIN-1516,balanced,64,13,1,66,66,128,cap100
nfcorpus,0,PLAIN-1516,balanced,64,14,1,66,66,128,cap100
nfcorpus,0,PLAIN-1516,balanced,64,15,1,66,66,128,cap100
nfcorpus,0,PLAIN-1516,balanced,64,16,1,66,66,128,cap100
nfcorpus,0,PLAIN-1516,balanced,64,17,1,66,66,128,cap100
nfcorpus,0,PLAIN-1516,balanced,64,18,1,66,66,128,cap100
nfcorpus,0,PLAIN-1516,balanced,64,19,1,66,66,128,cap100
nfcorpus,0,PLAIN-1516,balanced,64,20,1,66,66,128,cap100
nfcorpus,0,PLAIN-1516,balanced,64,21,1,66,66,128,cap100
nfcorpus,0,PLAIN-1516,balanced,64,22,1,66,66,128,cap100
nfcorpus,0,PLAIN-1516,balanced,64,23,1,66,66,128,cap100
nfcorpus,0,PLAIN-1516,balanced,64,24,1,66,66,128,cap100
nfcorpus,0,PLAIN-1516,balanced,64,25,1,66,66,128,cap100
nfcorpus,0,PLAIN-1516,balanced,64,26,1,66,66,128,cap100
nfcorpus,0,PLAIN-1516,balanced,64,27,1,66,66,128,cap100
nfcorpus,0,PLAIN-1516,balanced,64,28,1,66,66,128,cap100
nfcorpus,0,PLAIN-1516,balanced,64,29,1,66,66,128,cap100
nfcorpus,0,PLAIN-1516,balanced,64,30,1,66,66,128,cap100
nfcorpus,0,PLAIN-1516,balanced,64,31,1,66,66,128,cap100
nfcorpus,0,PLAIN-1516,balanced,64,32,1,66,66,128,cap100
nfcorpus,0,PLAIN-1516,balanced,64,33,1,66,66,128,cap100
nfcorpus,0,PLAIN-1516,balanced,64,34,1,66,66,128,cap100
nfcorpus,0,PLAIN-1516,balanced,64,35,1,66,66,128,cap100
nfcorpus,0,PLAIN-1516,balanced,64,36,1,66,66,128,cap100
nfcorpus,0,PLAIN-1516,balanced,64,37,1,66,66,128,cap100
nfcorpus,0,PLAIN-1516,balanced,64,38,1,66,66,128,cap100
nfcorpus,0,PLAIN-1516,balanced,64,39,1,66,66,128,cap100
nfcorpus,0,PLAIN-1516,balanced,64,40,1,66,66,128,cap100
nfcorpus,0,PLAIN-1516,balanced,64,41,1,66,66,128,cap100
nfcorpus,0,PLAIN-1516,balanced,64,42,1,66,66,128,cap100
nfcorpus,0,PLAIN-1516,balanced,64,43,1,66,66,128,cap100
nfcorpus,0,PLAIN-1516,balanced,64,44,1,66,66,128,cap100
nfcorpus,0,PLAIN-1516,balanced,64,45,1,66,66,128,cap100
nfcorpus,0,PLAIN-1516,balanced,64,46,1,66,66,128,cap100
nfcorpus,0,PLAIN-1516,balanced,64,47,1,66,66,128,cap100
nfcorpus,0,PLAIN-1516,balanced,64,48,1,66,66,128,cap100
nfcorpus,0,PLAIN-1516,balanced,64,49,1,66,66,128,cap100
nfcorpus,0,PLAIN-1516,balanced,64,50,1,66,66,128,cap100
nfcorpus,0,PLAIN-1516,balanced,64,51,1,66,66,128,cap100
nfcorpus,0,PLAIN-1516,balanced,64,52,1,66,66,128,cap100
nfcorpus,0,PLAIN-1516,balanced,64,53,1,66,66,128,cap100
nfcorpus,0,PLAIN-1516,balanced,64,54,1,66,66,128,cap100
nfcorpus,0,PLAIN-1516,balanced,64,55,1,66,66,128,cap100
nfcorpus,0,PLAIN-1516,balanced,64,56,1,66,66,128,cap100
nfcorpus,0,PLAIN-1516,balanced,64,57,1,66,66,128,cap100
nfcorpus,0,PLAIN-1516,balanced,64,58,1,66,66,128,cap100
nfcorpus,0,PLAIN-1516,balanced,64,59,1,66,66,128,cap100
nfcorpus,0,PLAIN-1516,balanced,64,60,1,66,66,128,cap100
nfcorpus,0,PLAIN-1516,balanced,64,61,1,66,66,128,cap100
nfcorpus,0,PLAIN-1516,balanced,64,62,1,66,66,128,cap100
nfcorpus,0,PLAIN-1516,balanced,64,63,1,66,66,128,cap100
nfcorpus,0,PLAIN-1516,balanced,64,64,1,66,66,128,cap100
nfcorpus,0,PLAIN-1516,balanced,64,65,1,128,128,128,cap100
nfcorpus,0,PLAIN-1516,balanced,64,66,1,128,128,128,cap100
nfcorpus,0,PLAIN-1516,balanced,64,67,1,128,128,128,cap100
nfcorpus,0,PLAIN-1516,balanced,64,68,1,128,128,128,cap100
nfcorpus,0,PLAIN-1516,balanced,64,69,1,128,128,128,cap100
nfcorpus,0,PLAIN-1516,balanced,64,70,1,128,128,128,cap100
nfcorpus,0,PLAIN-1516,balanced,64,71,1,128,128,128,cap100
nfcorpus,0,PLAIN-1516,balanced,64,72,1,128,128,128,cap100
nfcorpus,0,PLAIN-1516,balanced,64,73,1,128,128,128,cap100
nfcorpus,0,PLAIN-1516,balanced,64,74,1,128,128,128,cap100
nfcorpus,0,PLAIN-1516,balanced,64,75,1,128,128,128,cap100
nfcorpus,0,PLAIN-1516,balanced,64,76,1,128,128,128,cap100
nfcorpus,0,PLAIN-1516,balanced,64,77,1,128,128,128,cap100
nfcorpus,0,PLAIN-1516,balanced,64,78,1,128,128,128,cap100
nfcorpus,0,PLAIN-1516,balanced,64,79,1,128,128,128,cap100
nfcorpus,0,PLAIN-1516,balanced,64,80,1,128,128,128,cap100
nfcorpus,0,PLAIN-1516,balanced,64,81,1,128,128,128,cap100
nfcorpus,0,PLAIN-1516,balanced,64,82,1,128,128,128,cap100
nfcorpus,0,PLAIN-1516,balanced,64,83,1,128,128,128,cap100
nfcorpus,0,PLAIN-1516,balanced,64,84,1,128,128,128,cap100
nfcorpus,0,PLAIN-1516,balanced,64,85,1,128,128,128,cap100
nfcorpus,0,PLAIN-1516,balanced,64,86,1,128,128,128,cap100
nfcorpus,0,PLAIN-1516,balanced,64,87,1,128,128,128,cap100
nfcorpus,0,PLAIN-1516,balanced,64,88,1,128,128,128,cap100
nfcorpus,0,PLAIN-1516,balanced,64,89,1,128,128,128,cap100
nfcorpus,0,PLAIN-1516,balanced,64,90,1,128,128,128,cap100
nfcorpus,0,PLAIN-1516,balanced,64,91,1,128,128,128,cap100
nfcorpus,0,PLAIN-1516,balanced,64,92,1,128,128,128,cap100
nfcorpus,0,PLAIN-1516,balanced,64,93,1,128,128,128,cap100
nfcorpus,0,PLAIN-1516,balanced,64,94,1,128,128,128,cap100
nfcorpus,0,PLAIN-1516,balanced,64,95,1,128,128,128,cap100
nfcorpus,0,PLAIN-1516,balanced,64,96,1,128,128,128,cap100
nfcorpus,0,PLAIN-1516,balanced,64,97,1,128,128,128,cap100
nfcorpus,0,PLAIN-1516,balanced,64,98,1,128,128,128,cap100
nfcorpus,0,PLAIN-1516,balanced,64,99,1,128,128,128,cap100
nfcorpus,0,PLAIN-1516,balanced,64,100,1,128,128,128,cap100
nfcorpus,0,PLAIN-2920,dibud,1,1,1,4,4,3140,cap100
nfcorpus,0,PLAIN-2920,dibud,1,2,1,4,4,3140,cap100
nfcorpus,0,PLAIN-2920,dibud,1,3,1,18,18,3140,cap100
nfcorpus,0,PLAIN-2920,dibud,1,4,1,33,33,3140,cap100
nfcorpus,0,PLAIN-2920,dibud,1,5,1,46,46,3140,cap100
nfcorpus,0,PLAIN-2920,dibud,1,6,1,118,118,3140,cap100
nfcorpus,0,PLAIN-2920,dibud,1,7,1,122,122,3140,cap100
nfcorpus,0,PLAIN-2920,dibud,1,8,1,124,124,3140,cap100
nfcorpus,0,PLAIN-2920,dibud,1,9,1,136,136,3140,cap100
nfcorpus,0,PLAIN-2920,dibud,1,10,1,159,159,3140,cap100
nfcorpus,0,PLAIN-2920,dibud,1,11,1,228,228,3140,cap100
nfcorpus,0,PLAIN-2920,dibud,1,12,1,270,270,3140,cap100
nfcorpus,0,PLAIN-2920,dibud,1,13,1,271,271,3140,cap100
nfcorpus,0,PLAIN-2920,dibud,1,14,1,276,276,3140,cap100
nfcorpus,0,PLAIN-2920,dibud,1,15,1,293,293,3140,cap100
nfcorpus,0,PLAIN-2920,dibud,1,16,1,322,322,3140,cap100
nfcorpus,0,PLAIN-2920,dibud,1,17,1,357,357,3140,cap100
nfcorpus,0,PLAIN-2920,dibud,1,18,1,489,489,3140,cap100
nfcorpus,0,PLAIN-2920,dibud,1,19,1,534,534,3140,cap100
nfcorpus,0,PLAIN-2920,dibud,1,20,1,588,588,3140,cap100
nfcorpus,0,PLAIN-2920,dibud,1,21,1,683,683,3140,cap100
nfcorpus,0,PLAIN-2920,dibud,1,22,1,686,686,3140,cap100
nfcorpus,0,PLAIN-2920,dibud,1,23,1,812,812,3140,cap100
nfcorpus,0,PLAIN-2920,dibud,1,24,1,1032,1032,3140,cap100
nfcorpus,0,PLAIN-2920,dibud,1,25,1,1061,1061,3140,cap100
nfcorpus,0,PLAIN-2920,dibud,1,26,1,1230,1230,3140,cap100
nfcorpus,0,PLAIN-2920,dibud,1,27,1,1565,1565,3140,cap100
nfcorpus,0,PLAIN-2920,dibud,1,28,1,1565,1565,3140,cap100
nfcorpus,0,PLAIN-2920,dibud,1,29,1,1565,1565,3140,cap100
nfcorpus,0,PLAIN-2920,dibud,1,30,1,1565,1565,3140,cap100
nfcorpus,0,PLAIN-2920,dibud,1,31,1,1565,1565,3140,cap100
nfcorpus,0,PLAIN-2920,dibud,1,32,1,1565,1565,3140,cap100
nfcorpus,0,PLAIN-2920,dibud,1,33,1,1565,1565,3140,cap100
nfcorpus,0,PLAIN-2920,dibud,1,34,1,1570,1570,3140,cap100
nfcorpus,0,PLAIN-2920,dibud,1,35,1,1588,1588,3140,cap100
nfcorpus,0,PLAIN-2920,dibud,1,36,1,1651,1651,3140,cap100
nfcorpus,0,PLAIN-2920,dibud,1,37,1,1653,1653,3140,cap100
nfcorpus,0,PLAIN-2920,dibud,1,38,1,1718,1718,3140,cap100
nfcorpus,0,PLAIN-2920,dibud,1,39,1,2010,2010,3140,cap100
nfcorpus,0,PLAIN-2920,dibud,1,40,1,2015,2015,3140,cap100
nfcorpus,0,PLAIN-2920,dibud,1,41,1,2015,2015,3140,cap100
nfcorpus,0,PLAIN-2920,dibud,1,42,1,2015,2015,3140,cap100
nfcorpus,0,PLAIN-2920,dibud,1,43,1,2015,2015,3140,cap100
nfcorpus,0,PLAIN-2920,dibud,1,44,1,2015,2015,3140,cap100
nfcorpus,0,PLAIN-2920,dibud,1,45,1,2015,2015,3140,cap100
nfcorpus,0,PLAIN-2920,dibud,1,46,1,2015,2015,3140,cap100
nfcorpus,0,PLAIN-2920,dibud,1,47,1,2015,2015,3140,cap100
nfcorpus,0,PLAIN-2920,dibud,1,48,1,2015,2015,3140,cap100
nfcorpus,0,PLAIN-2920,dibud,1,49,1,2015,2015,3140,cap100
nfcorpus,0,PLAIN-2920,dibud,1,50,1,2193,2193,3140,cap100
nfcorpus,0,PLAIN-2920,dibud,1,51,1,2193,2193,3140,cap100
nfcorpus,0,PLAIN-2920,dibud,1,52,1,2193,2193,3140,cap100
nfcorpus,0,PLAIN-2920,dibud,1,53,1,2193,2193,3140,cap100
nfcorpus,0,PLAIN-2920,dibud,1,54,1,2193,2193,3140,cap100
nfcorpus,0,PLAIN-2920,dibud,1,55,1,2193,2193,3140,cap100
nfcorpus,0,PLAIN-2920,dibud,1,56,1,2193,2193,3140,cap100
nfcorpus,0,PLAIN-2920,dibud,1,57,1,2193,2193,3140,cap100
nfcorpus,0,PLAIN-2920,dibud,1,58,1,2193,2193,3140,cap100
nfcorpus,0,PLAIN-2920,dibud,1,59,1,2193,2193,3140,cap100
nfcorpus,0,PLAIN-2920,dibud,1,60,1,2193,2193,3140,cap100
nfcorpus,0,PLAIN-2920,dibud,1,61,1,2193,2193,3140,cap100
nfcorpus,0,PLAIN-2920,dibud,1,62,1,2287,2287,3140,cap100
nfcorpus,0,PLAIN-2920,dibud,1,63,1,2287,2287,3140,cap100
nfcorpus,0,PLAIN-2920,dibud,1,64,1,2637,2637,3140,cap100
nfcorpus,0,PLAIN-2920,dibud,1,65,1,2780,2780,3140,cap100
nfcorpus,0,PLAIN-2920,dibud,1,66,1,3140,3140,3140,cap100
nfcorpus,0,PLAIN-2920,dibud,1,67,1,3140,3140,3140,cap100
nfcorpus,0,PLAIN-2920,dibud,1,68,1,3140,3140,3140,cap100
nfcorpus,0,PLAIN-2920,dibud,1,69,1,3140,3140,3140,cap100
nfcorpus,0,PLAIN-2920,dibud,1,70,1,3140,3140,3140,cap100
nfcorpus,0,PLAIN-2920,dibud,1,71,1,3140,3140,3140,cap100
nfcorpus,0,PLAIN-2920,dibud,1,72,1,3140,3140,3140,cap100
nfcorpus,0,PLAIN-2920,dibud,1,73,1,3140,3140,3140,cap100
nfcorpus,0,PLAIN-2920,dibud,1,74,1,3140,3140,3140,cap100
nfcorpus,0,PLAIN-2920,dibud,1,75,1,3140,3140,3140,cap100
nfcorpus,0,PLAIN-2920,dibud,1,76,1,3140,3140,3140,cap100
nfcorpus,0,PLAIN-2920,dibud,1,77,1,3140,3140,3140,cap100
nfcorpus,0,PLAIN-2920,dibud,1,78,1,3140,3140,3140,cap100
nfcorpus,0,PLAIN-2920,dibud,1,79,1,3140,3140,3140,cap100
nfcorpus,0,PLAIN-2920,dibud,1,80,1,3140,3140,3140,cap100
nfcorpus,0,PLAIN-2920,dibud,1,81,1,3140,3140,3140,cap100
nfcorpus,0,PLAIN-2920,dibud,1,82,1,3140,3140,3140,cap100
nfcorpus,0,PLAIN-2920,dibud,1,83,1,3140,3140,3140,cap100
nfcorpus,0,PLAIN-2920,dibud,1,84,1,3140,3140,3140,cap100
nfcorpus,0,PLAIN-2920,dibud,1,85,1,3140,3140,3140,cap100
nfcorpus,0,PLAIN-2920,dibud,1,86,1,3140,3140,3140,cap100
nfcorpus,0,PLAIN-2920,dibud,1,87,1,3140,3140,3140,cap100
nfcorpus,0,PLAIN-2920,dibud,1,88,1,3140,3140,3140,cap100
nfcorpus,0,PLAIN-2920,dibud,1,89,1,3140,3140,3140,cap100
nfcorpus,0,PLAIN-2920,dibud,1,90,1,3140,3140,3140,cap100
nfcorpus,0,PLAIN-2920,dibud,1,91,1,3140,3140,3140,cap100
nfcorpus,0,PLAIN-2920,dibud,1,92,1,3140,3140,3140,cap100
nfcorpus,0,PLAIN-2920,dibud,1,93,1,3140,3140,3140,cap100
nfcorpus,0,PLAIN-2920,dibud,1,94,1,3140,3140,3140,cap100
nfcorpus,0,PLAIN-2920,dibud,1,95,1,3140,3140,3140,cap100
nfcorpus,0,PLAIN-2920,dibud,1,96,1,3140,3140,3140,cap100
nfcorpus,0,PLAIN-2920,dibud,1,97,1,3140,3140,3140,cap100
nfcorpus,0,PLAIN-2920,dibud,1,98,1,3140,3140,3140,cap100
nfcorpus,0,PLAIN-2920,dibud,1,99,1,3140,3140,3140,cap100
nfcorpus,0,PLAIN-2920,dibud,1,100,1,3140,3140,3140,cap100
nfcorpus,0,PLAIN-2920,balanced,1,1,1,4,4,3140,cap100
nfcorpus,0,PLAIN-2920,balanced,1,2,1,4,4,3140,cap100
nfcorpus,0,PLAIN-2920,balanced,1,3,1,18,18,3140,cap100
nfcorpus,0,PLAIN-2920,balanced,1,4,1,33,33,3140,cap100
nfcorpus,0,PLAIN-2920,balanced,1,5,1,48,48,3140,cap100
nfcorpus,0,PLAIN-2920,balanced,1,6,1,122,122,3140,cap100
nfcorpus,0,PLAIN-2920,balanced,1,7,1,126,126,3140,cap100
nfcorpus,0,PLAIN-2920,balanced,1,8,1,128,128,3140,cap100
nfcorpus,0,PLAIN-2920,balanced,1,9,1,140,140,3140,cap100
nfcorpus,0,PLAIN-2920,balanced,1,10,1,164,164,3140,cap100
nfcorpus,0,PLAIN-2920,balanced,1,11,1,236,236,3140,cap100
nfcorpus,0,PLAIN-2920,balanced,1,12,1,280,280,3140,cap100
nfcorpus,0,PLAIN-2920,balanced,1,13,1,280,280,3140,cap100
nfcorpus,0,PLAIN-2920,balanced,1,14,1,286,286,3140,cap100
nfcorpus,0,PLAIN-2920,balanced,1,15,1,304,304,3140,cap100
nfcorpus,0,PLAIN-2920,balanced,1,16,1,334,334,3140,cap100
nfcorpus,0,PLAIN-2920,balanced,1,17,1,386,386,3140,cap100
nfcorpus,0,PLAIN-2920,balanced,1,18,1,536,536,3140,cap100
nfcorpus,0,PLAIN-2920,balanced,1,19,1,588,588,3140,cap100
nfcorpus,0,PLAIN-2920,balanced,1,20,1,650,650,3140,cap100
nfcorpus,0,PLAIN-2920,balanced,1,21,1,764,764,3140,cap100
nfcorpus,0,PLAIN-2920,balanced,1,22,1,764,764,3140,cap100
nfcorpus,0,PLAIN-2920,balanced,1,23,1,866,866,3140,cap100
nfcorpus,0,PLAIN-2920,balanced,1,24,1,1114,1114,3140,cap100
nfcorpus,0,PLAIN-2920,balanced,1,25,1,1146,1146,3140,cap100
nfcorpus,0,PLAIN-2920,balanced,1,26,1,1484,1484,3140,cap100
nfcorpus,0,PLAIN-2920,balanced,1,27,1,2154,2154,3140,cap100
nfcorpus,0,PLAIN-2920,balanced,1,28,1,2154,2154,3140,cap100
nfcorpus,0,PLAIN-2920,balanced,1,29,1,2154,2154,3140,cap100
nfcorpus,0,PLAIN-2920,balanced,1,30,1,2154,2154,3140,cap100
nfcorpus,0,PLAIN-2920,balanced,1,31,1,2154,2154,3140,cap100
nfcorpus,0,PLAIN-2920,balanced,1,32,1,2154,2154,3140,cap100
nfcorpus,0,PLAIN-2920,balanced,1,33,1,2154,2154,3140,cap100
nfcorpus,0,PLAIN-2920,balanced,1,34,1,2154,2154,3140,cap100
nfcorpus,0,PLAIN-2920,balanced,1,35,1,2154,2154,3140,cap100
nfcorpus,0,PLAIN-2920,balanced,1,36,1,2154,2154,3140,cap100
nfcorpus,0,PLAIN-2920,balanced,1,37,1,2154,2154,3140,cap100
nfcorpus,0,PLAIN-2920,balanced,1,38,1,2154,2154,3140,cap100
nfcorpus,0,PLAIN-2920,balanced,1,39,1,2154,2154,3140,cap100
nfcorpus,0,PLAIN-2920,balanced,1,40,1,2154,2154,3140,cap100
nfcorpus,0,PLAIN-2920,balanced,1,41,1,2154,2154,3140,cap100
nfcorpus,0,PLAIN-2920,balanced,1,42,1,2154,2154,3140,cap100
nfcorpus,0,PLAIN-2920,balanced,1,43,1,2154,2154,3140,cap100
nfcorpus,0,PLAIN-2920,balanced,1,44,1,2154,2154,3140,cap100
nfcorpus,0,PLAIN-2920,balanced,1,45,1,2154,2154,3140,cap100
nfcorpus,0,PLAIN-2920,balanced,1,46,1,2154,2154,3140,cap100
nfcorpus,0,PLAIN-2920,balanced,1,47,1,2154,2154,3140,cap100
nfcorpus,0,PLAIN-2920,balanced,1,48,1,2154,2154,3140,cap100
nfcorpus,0,PLAIN-2920,balanced,1,49,1,2154,2154,3140,cap100
nfcorpus,0,PLAIN-2920,balanced,1,50,1,2193,2193,3140,cap100
nfcorpus,0,PLAIN-2920,balanced,1,51,1,2193,2193,3140,cap100
nfcorpus,0,PLAIN-2920,balanced,1,52,1,2193,2193,3140,cap100
nfcorpus,0,PLAIN-2920,balanced,1,53,1,2193,2193,3140,cap100
nfcorpus,0,PLAIN-2920,balanced,1,54,1,2193,2193,3140,cap100
nfcorpus,0,PLAIN-2920,balanced,1,55,1,2193,2193,3140,cap100
nfcorpus,0,PLAIN-2920,balanced,1,56,1,2193,2193,3140,cap100
nfcorpus,0,PLAIN-2920,balanced,1,57,1,2193,2193,3140,cap100
nfcorpus,0,PLAIN-2920,balanced,1,58,1,2193,2193,3140,cap100
nfcorpus,0,PLAIN-2920,balanced,1,59,1,2193,2193,3140,cap100
nfcorpus,0,PLAIN-2920,balanced,1,60,1,2193,2193,3140,cap100
nfcorpus,0,PLAIN-2920,balanced,1,61,1,2193,2193,3140,cap100
nfcorpus,0,PLAIN-2920,balanced,1,62,1,2287,2287,3140,cap100
nfcorpus,0,PLAIN-2920,balanced,1,63,1,2287,2287,3140,cap100
nfcorpus,0,PLAIN-2920,balanced,1,64,1,2637,2637,3140,cap100
nfcorpus,0,PLAIN-2920,balanced,1,65,1,2780,2780,3140,cap100
nfcorpus,0,PLAIN-2920,balanced,1,66,1,3140,3140,3140,cap100
nfcorpus,0,PLAIN-2920,balanced,1,67,1,3140,3140,3140,cap100
nfcorpus,0,PLAIN-2920,balanced,1,68,1,3140,3140,3140,cap100
nfcorpus,0,PLAIN-2920,balanced,1,69,1,3140,3140,3140,cap100
nfcorpus,0,PLAIN-2920,balanced,1,70,1,3140,3140,3140,cap100
nfcorpus,0,PLAIN-2920,balanced,1,71,1,3140,3140,3140,cap100
nfcorpus,0,PLAIN-2920,balanced,1,72,1,3140,3140,3140,cap100
nfcorpus,0,PLAIN-2920,balanced,1,73,1,3140,3140,3140,cap100
nfcorpus,0,PLAIN-2920,balanced,1,74,1,3140,3140,3140,cap100
nfcorpus,0,PLAIN-2920,balanced,1,75,1,3140,3140,3140,cap100
nfcorpus,0,PLAIN-2920,balanced,1,76,1,3140,3140,3140,cap100
nfcorpus,0,PLAIN-2920,balanced,1,77,1,3140,3140,3140,cap100
nfcorpus,0,PLAIN-2920,balanced,1,78,1,3140,3140,3140,cap100
nfcorpus,0,PLAIN-2920,balanced,1,79,1,3140,3140,3140,cap100
nfcorpus,0,PLAIN-2920,balanced,1,80,1,3140,3140,3140,cap100
nfcorpus,0,PLAIN-2920,balanced,1,81,1,3140,3140,3140,cap100
nfcorpus,0,PLAIN-2920,balanced,1,82,1,3140,3140,3140,cap100
nfcorpus,0,PLAIN-2920,balanced,1,83,1,3140,3140,3140,cap100
nfcorpus,0,PLAIN-2920,balanced,1,84,1,3140,3140,3140,cap100
nfcorpus,0,PLAIN-2920,balanced,1,85,1,3140,3140,3140,cap100
nfcorpus,0,PLAIN-2920,balanced,1,86,1,3140,3140,3140,cap100
nfcorpus,0,PLAIN-2920,balanced,1,87,1,3140,3140,3140,cap100
nfcorpus,0,PLAIN-2920,balanced,1,88,1,3140,3140,3140,cap100
nfcorpus,0,PLAIN-2920,balanced,1,89,1,3140,3140,3140,cap100
nfcorpus,0,PLAIN-2920,balanced,1,90,1,3140,3140,3140,cap100
nfcorpus,0,PLAIN-2920,balanced,1,91,1,3140,3140,3140,cap100
nfcorpus,0,PLAIN-2920,balanced,1,92,1,3140,3140,3140,cap100
nfcorpus,0,PLAIN-2920,balanced,1,93,1,3140,3140,3140,cap100
nfcorpus,0,PLAIN-2920,balanced,1,94,1,3140,3140,3140,cap100
nfcorpus,0,PLAIN-2920,balanced,1,95,1,3140,3140,3140,cap100
nfcorpus,0,PLAIN-2920,balanced,1,96,1,3140,3140,3140,cap100
nfcorpus,0,PLAIN-2920,balanced,1,97,1,3140,3140,3140,cap100
nfcorpus,0,PLAIN-2920,balanced,1,98,1,3140,3140,3140,cap100
nfcorpus,0,PLAIN-2920,balanced,1,99,1,3140,3140,3140,cap100
nfcorpus,0,PLAIN-2920,balanced,1,100,1,3140,3140,3140,cap100
nfcorpus,0,PLAIN-2920,dibud,64,1,1,128,128,3200,cap100
nfcorpus,0,PLAIN-2920,dibud,64,2,1,128,128,3200,cap100
nfcorpus,0,PLAIN-2920,dibud,64,3,1,128,128,3200,cap100
nfcorpus,0,PLAIN-2920,dibud,64,4,1,128,128,3200,cap100
nfcorpus,0,PLAIN-2920,dibud,64,5,1,128,128,3200,cap100
nfcorpus,0,PLAIN-2920,dibud,64,6,1,128,128,3200,cap100
nfcorpus,0,PLAIN-2920,dibud,64,7,1,128,128,3200,cap100
nfcorpus,0,PLAIN-2920,dibud,64,8,1,128,128,3200,cap100
nfcorpus,0,PLAIN-2920,dibud,64,9,1,256,256,3200,cap100
nfcorpus,0,PLAIN-2920,dibud,64,10,1,256,256,3200,cap100
nfcorpus,0,PLAIN-2920,dibud,64,11,1,256,256,3200,cap100
nfcorpus,0,PLAIN-2920,dibud,64,12,1,384,384,3200,cap100
nfcorpus,0,PLAIN-2920,dibud,64,13,1,384,384,3200,cap100
nfcorpus,0,PLAIN-2920,dibud,64,14,1,384,384,3200,cap100
nfcorpus,0,PLAIN-2920,dibud,64,15,1,384,384,3200,cap100
nfcorpus,0,PLAIN-2920,dibud,64,16,1,384,384,3200,cap100
nfcorpus,0,PLAIN-2920,dibud,64,17,1,448,448,3200,cap100
nfcorpus,0,PLAIN-2920,dibud,64,18,1,576,576,3200,cap100
nfcorpus,0,PLAIN-2920,dibud,64,19,1,576,576,3200,cap100
nfcorpus,0,PLAIN-2920,dibud,64,20,1,704,704,3200,cap100
nfcorpus,0,PLAIN-2920,dibud,64,21,1,704,704,3200,cap100
nfcorpus,0,PLAIN-2920,dibud,64,22,1,704,704,3200,cap100
nfcorpus,0,PLAIN-2920,dibud,64,23,1,832,832,3200,cap100
nfcorpus,0,PLAIN-2920,dibud,64,24,1,1088,1088,3200,cap100
nfcorpus,0,PLAIN-2920,dibud,64,25,1,1088,1088,3200,cap100
nfcorpus,0,PLAIN-2920,dibud,64,26,1,1280,1280,3200,cap100
nfcorpus,0,PLAIN-2920,dibud,64,27,1,1589,1589,3200,cap100
nfcorpus,0,PLAIN-2920,dibud,64,28,1,1589,1589,3200,cap100
nfcorpus,0,PLAIN-2920,dibud,64,29,1,1589,1589,3200,cap100
nfcorpus,0,PLAIN-2920,dibud,64,30,1,1589,1589,3200,cap100
nfcorpus,0,PLAIN-2920,dibud,64,31,1,1589,1589,3200,cap100
nfcorpus,0,PLAIN-2920,dibud,64,32,1,1589,1589,3200,cap100
nfcorpus,0,PLAIN-2920,dibud,64,33,1,1589,1589,3200,cap100
nfcorpus,0,PLAIN-2920,dibud,64,34,1,1589,1589,3200,cap100
nfcorpus,0,PLAIN-2920,dibud,64,35,1,1589,1589,3200,cap100
nfcorpus,0,PLAIN-2920,dibud,64,36,1,1653,1653,3200,cap100
nfcorpus,0,PLAIN-2920,dibud,64,37,1,1653,1653,3200,cap100
nfcorpus,0,PLAIN-2920,dibud,64,38,1,1781,1781,3200,cap100
nfcorpus,0,PLAIN-2920,dibud,64,39,1,2037,2037,3200,cap100
nfcorpus,0,PLAIN-2920,dibud,64,40,1,2037,2037,3200,cap100
nfcorpus,0,PLAIN-2920,dibud,64,41,1,2037,2037,3200,cap100
nfcorpus,0,PLAIN-2920,dibud,64,42,1,2037,2037,3200,cap100
nfcorpus,0,PLAIN-2920,dibud,64,43,1,2037,2037,3200,cap100
nfcorpus,0,PLAIN-2920,dibud,64,44,1,2037,2037,3200,cap100
nfcorpus,0,PLAIN-2920,dibud,64,45,1,2037,2037,3200,cap100
nfcorpus,0,PLAIN-2920,dibud,64,46,1,2037,2037,3200,cap100
nfcorpus,0,PLAIN-2920,dibud,64,47,1,2037,2037,3200,cap100
nfcorpus,0,PLAIN-2920,dibud,64,48,1,2037,2037,3200,cap100
nfcorpus,0,PLAIN-2920,dibud,64,49,1,2037,2037,3200,cap100
nfcorpus,0,PLAIN-2920,dibud,64,50,1,2240,2240,3200,cap100
nfcorpus,0,PLAIN-2920,dibud,64,51,1,2240,2240,3200,cap100
nfcorpus,0,PLAIN-2920,dibud,64,52,1,2240,2240,3200,cap100
nfcorpus,0,PLAIN-2920,dibud,64,53,1,2240,2240,3200,cap100
nfcorpus,0,PLAIN-2920,dibud,64,54,1,2240,2240,3200,cap100
nfcorpus,0,PLAIN-2920,dibud,64,55,1,2240,2240,3200,cap100
nfcorpus,0,PLAIN-2920,dibud,64,56,1,2240,2240,3200,cap100
nfcorpus,0,PLAIN-2920,dibud,64,57,1,2240,2240,3200,cap100
nfcorpus,0,PLAIN-2920,dibud,64,58,1,2240,2240,3200,cap100
nfcorpus,0,PLAIN-2920,dibud,64,59,1,2240,2240,3200,cap100
nfcorpus,0,PLAIN-2920,dibud,64,60,1,2240,2240,3200,cap100
nfcorpus,0,PLAIN-2920,dibud,64,61,1,2240,2240,3200,cap100
nfcorpus,0,PLAIN-2920,dibud,64,62,1,2304,2304,3200,cap100
nfcorpus,0,PLAIN-2920,dibud,64,63,1,2304,2304,3200,cap100
nfcorpus,0,PLAIN-2920,dibud,64,64,1,2688,2688,3200,cap100
nfcorpus,0,PLAIN-2920,dibud,64,65,1,2816,2816,3200,cap100
nfcorpus,0,PLAIN-2920,dibud,64,66,1,3200,3200,3200,cap100
nfcorpus,0,PLAIN-2920,dibud,64,67,1,3200,3200,3200,cap100
nfcorpus,0,PLAIN-2920,dibud,64,68,1,3200,3200,3200,cap100
nfcorpus,0,PLAIN-2920,dibud,64,69,1,3200,3200,3200,cap100
nfcorpus,0,PLAIN-2920,dibud,64,70,1,3200,3200,3200,cap100
nfcorpus,0,PLAIN-2920,dibud,64,71,1,3200,3200,3200,cap100
nfcorpus,0,PLAIN-2920,dibud,64,72,1,3200,3200,3200,cap100
nfcorpus,0,PLAIN-2920,dibud,64,73,1,3200,3200,3200,cap100
nfcorpus,0,PLAIN-2920,dibud,64,74,1,3200,3200,3200,cap100
nfcorpus,0,PLAIN-2920,dibud,64,75,1,3200,3200,3200,cap100
nfcorpus,0,PLAIN-2920,dibud,64,76,1,3200,3200,3200,cap100
nfcorpus,0,PLAIN-2920,dibud,64,77,1,3200,3200,3200,cap100
nfcorpus,0,PLAIN-2920,dibud,64,78,1,3200,3200,3200,cap100
nfcorpus,0,PLAIN-2920,dibud,64,79,1,3200,3200,3200,cap100
nfcorpus,0,PLAIN-2920,dibud,64,80,1,3200,3200,3200,cap100
nfcorpus,0,PLAIN-2920,dibud,64,81,1,3200,3200,3200,cap100
nfcorpus,0,PLAIN-2920,dibud,64,82,1,3200,3200,3200,cap100
nfcorpus,0,PLAIN-2920,dibud,64,83,1,3200,3200,3200,cap100
nfcorpus,0,PLAIN-2920,dibud,64,84,1,3200,3200,3200,cap100
nfcorpus,0,PLAIN-2920,dibud,64,85,1,3200,3200,3200,cap100
nfcorpus,0,PLAIN-2920,dibud,64,86,1,3200,3200,3200,cap100
nfcorpus,0,PLAIN-2920,dibud,64,87,1,3200,3200,3200,cap100
nfcorpus,0,PLAIN-2920,dibud,64,88,1,3200,3200,3200,cap100
nfcorpus,0,PLAIN-2920,dibud,64,89,1,3200,3200,3200,cap100
nfcorpus,0,PLAIN-2920,dibud,64,90,1,3200,3200,3200,cap100
nfcorpus,0,PLAIN-2920,dibud,64,91,1,3200,3200,3200,cap100
nfcorpus,0,PLAIN-2920,dibud,64,92,1,3200,3200,3200,cap100
nfcorpus,0,PLAIN-2920,dibud,64,93,1,3200,3200,3200,cap100
nfcorpus,0,PLAIN-2920,dibud,64,94,1,3200,3200,3200,cap100
nfcorpus,0,PLAIN-2920,dibud,64,95,1,3200,3200,3200,cap100
nfcorpus,0,PLAIN-2920,dibud,64,96,1,3200,3200,3200,cap100
nfcorpus,0,PLAIN-2920,dibud,64,97,1,3200,3200,3200,cap100
nfcorpus,0,PLAIN-2920,dibud,64,98,1,3200,3200,3200,cap100
nfcorpus,0,PLAIN-2920,dibud,64,99,1,3200,3200,3200,cap100
nfcorpus,0,PLAIN-2920,dibud,64,100,1,3200,3200,3200,cap100
nfcorpus,0,PLAIN-2920,balanced,64,1,1,128,128,3189,cap100
nfcorpus,0,PLAIN-2920,balanced,64,2,1,128,128,3189,cap100
nfcorpus,0,PLAIN-2920,balanced,64,3,1,128,128,3189,cap100
nfcorpus,0,PLAIN-2920,balanced,64,4,1,128,128,3189,cap100
nfcorpus,0,PLAIN-2920,balanced,64,5,1,128,128,3189,cap100
nfcorpus,0,PLAIN-2920,balanced,64,6,1,128,128,3189,cap100
nfcorpus,0,PLAIN-2920,balanced,64,7,1,128,128,3189,cap100
nfcorpus,0,PLAIN-2920,balanced,64,8,1,128,128,3189,cap100
nfcorpus,0,PLAIN-2920,balanced,64,9,1,256,256,3189,cap100
nfcorpus,0,PLAIN-2920,balanced,64,10,1,256,256,3189,cap100
nfcorpus,0,PLAIN-2920,balanced,64,11,1,256,256,3189,cap100
nfcorpus,0,PLAIN-2920,balanced,64,12,1,384,384,3189,cap100
nfcorpus,0,PLAIN-2920,balanced,64,13,1,384,384,3189,cap100
nfcorpus,0,PLAIN-2920,balanced,64,14,1,384,384,3189,cap100
nfcorpus,0,PLAIN-2920,balanced,64,15,1,384,384,3189,cap100
nfcorpus,0,PLAIN-2920,balanced,64,16,1,384,384,3189,cap100
nfcorpus,0,PLAIN-2920,balanced,64,17,1,512,512,3189,cap100
nfcorpus,0,PLAIN-2920,balanced,64,18,1,640,640,3189,cap100
nfcorpus,0,PLAIN-2920,balanced,64,19,1,640,640,3189,cap100
nfcorpus,0,PLAIN-2920,balanced,64,20,1,768,768,3189,cap100
nfcorpus,0,PLAIN-2920,balanced,64,21,1,768,768,3189,cap100
nfcorpus,0,PLAIN-2920,balanced,64,22,1,768,768,3189,cap100
nfcorpus,0,PLAIN-2920,balanced,64,23,1,896,896,3189,cap100
nfcorpus,0,PLAIN-2920,balanced,64,24,1,1152,1152,3189,cap100
nfcorpus,0,PLAIN-2920,balanced,64,25,1,1152,1152,3189,cap100
nfcorpus,0,PLAIN-2920,balanced,64,26,1,1536,1536,3189,cap100
nfcorpus,0,PLAIN-2920,balanced,64,27,1,2165,2165,3189,cap100
nfcorpus,0,PLAIN-2920,balanced,64,28,1,2165,2165,3189,cap100
nfcorpus,0,PLAIN-2920,balanced,64,29,1,2165,2165,3189,cap100
nfcorpus,0,PLAIN-2920,balanced,64,30,1,2165,2165,3189,cap100
nfcorpus,0,PLAIN-2920,balanced,64,31,1,2165,2165,3189,cap100
nfcorpus,0,PLAIN-2920,balanced,64,32,1,2165,2165,3189,cap100
nfcorpus,0,PLAIN-2920,balanced,64,33,1,2165,2165,3189,cap100
nfcorpus,0,PLAIN-2920,balanced,64,34,1,2165,2165,3189,cap100
nfcorpus,0,PLAIN-2920,balanced,64,35,1,2165,2165,3189,cap100
nfcorpus,0,PLAIN-2920,balanced,64,36,1,2165,2165,3189,cap100
nfcorpus,0,PLAIN-2920,balanced,64,37,1,2165,2165,3189,cap100
nfcorpus,0,PLAIN-2920,balanced,64,38,1,2165,2165,3189,cap100
nfcorpus,0,PLAIN-2920,balanced,64,39,1,2165,2165,3189,cap100
nfcorpus,0,PLAIN-2920,balanced,64,40,1,2165,2165,3189,cap100
nfcorpus,0,PLAIN-2920,balanced,64,41,1,2165,2165,3189,cap100
nfcorpus,0,PLAIN-2920,balanced,64,42,1,2165,2165,3189,cap100
nfcorpus,0,PLAIN-2920,balanced,64,43,1,2165,2165,3189,cap100
nfcorpus,0,PLAIN-2920,balanced,64,44,1,2165,2165,3189,cap100
nfcorpus,0,PLAIN-2920,balanced,64,45,1,2165,2165,3189,cap100
nfcorpus,0,PLAIN-2920,balanced,64,46,1,2165,2165,3189,cap100
nfcorpus,0,PLAIN-2920,balanced,64,47,1,2165,2165,3189,cap100
nfcorpus,0,PLAIN-2920,balanced,64,48,1,2165,2165,3189,cap100
nfcorpus,0,PLAIN-2920,balanced,64,49,1,2165,2165,3189,cap100
nfcorpus,0,PLAIN-2920,balanced,64,50,1,2229,2229,3189,cap100
nfcorpus,0,PLAIN-2920,balanced,64,51,1,2229,2229,3189,cap100
nfcorpus,0,PLAIN-2920,balanced,64,52,1,2229,2229,3189,cap100
nfcorpus,0,PLAIN-2920,balanced,64,53,1,2229,2229,3189,cap100
nfcorpus,0,PLAIN-2920,balanced,64,54,1,2229,2229,3189,cap100
nfcorpus,0,PLAIN-2920,balanced,64,55,1,2229,2229,3189,cap100
nfcorpus,0,PLAIN-2920,balanced,64,56,1,2229,2229,3189,cap100
nfcorpus,0,PLAIN-2920,balanced,64,57,1,2229,2229,3189,cap100
nfcorpus,0,PLAIN-2920,balanced,64,58,1,2229,2229,3189,cap100
nfcorpus,0,PLAIN-2920,balanced,64,59,1,2229,2229,3189,cap100
nfcorpus,0,PLAIN-2920,balanced,64,60,1,2229,2229,3189,cap100
nfcorpus,0,PLAIN-2920,balanced,64,61,1,2229,2229,3189,cap100
nfcorpus,0,PLAIN-2920,balanced,64,62,1,2293,2293,3189,cap100
nfcorpus,0,PLAIN-2920,balanced,64,63,1,2293,2293,3189,cap100
nfcorpus,0,PLAIN-2920,balanced,64,64,1,2677,2677,3189,cap100
nfcorpus,0,PLAIN-2920,balanced,64,65,1,2805,2805,3189,cap100
nfcorpus,0,PLAIN-2920,balanced,64,66,1,3189,3189,3189,cap100
nfcorpus,0,PLAIN-2920,balanced,64,67,1,3189,3189,3189,cap100
nfcorpus,0,PLAIN-2920,balanced,64,68,1,3189,3189,3189,cap100
nfcorpus,0,PLAIN-2920,balanced,64,69,1,3189,3189,3189,cap100
nfcorpus,0,PLAIN-2920,balanced,64,70,1,3189,3189,3189,cap100
nfcorpus,0,PLAIN-2920,balanced,64,71,1,3189,3189,3189,cap100
nfcorpus,0,PLAIN-2920,balanced,64,72,1,3189,3189,3189,cap100
nfcorpus,0,PLAIN-2920,balanced,64,73,1,3189,3189,3189,cap100
nfcorpus,0,PLAIN-2920,balanced,64,74,1,3189,3189,3189,cap100
nfcorpus,0,PLAIN-2920,balanced,64,75,1,3189,3189,3189,cap100
nfcorpus,0,PLAIN-2920,balanced,64,76,1,3189,3189,3189,cap100
nfcorpus,0,PLAIN-2920,balanced,64,77,1,3189,3189,3189,cap100
nfcorpus,0,PLAIN-2920,balanced,64,78,1,3189,3189,3189,cap100
nfcorpus,0,PLAIN-2920,balanced,64,79,1,3189,3189,3189,cap100
nfcorpus,0,PLAIN-2920,balanced,64,80,1,3189,3189,3189,cap100
nfcorpus,0,PLAIN-2920,balanced,64,81,1,3189,3189,3189,cap100
nfcorpus,0,PLAIN-2920,balanced,64,82,1,3189,3189,3189,cap100
nfcorpus,0,PLAIN-2920,balanced,64,83,1,3189,3189,3189,cap100
nfcorpus,0,PLAIN-2920,balanced,64,84,1,3189,3189,3189,cap100
nfcorpus,0,PLAIN-2920,balanced,64,85,1,3189,3189,3189,cap100
nfcorpus,0,PLAIN-2920,balanced,64,86,1,3189,3189,3189,cap100
nfcorpus,0,PLAIN-2920,balanced,64,87,1,3189,3189,3189,cap100
nfcorpus,0,PLAIN-2920,balanced,64,88,1,3189,3189,3189,cap100
nfcorpus,0,PLAIN-2920,balanced,64,89,1,3189,3189,3189,cap100
nfcorpus,0,PLAIN-2920,balanced,64,90,1,3189,3189,3189,cap100
nfcorpus,0,PLAIN-2920,balanced,64,91,1,3189,3189,3189,cap100
nfcorpus,0,PLAIN-2920,balanced,64,92,1,3189,3189,3189,cap100
nfcorpus,0,PLAIN-2920,balanced,64,93,1,3189,3189,3189,cap100
nfcorpus,0,PLAIN-2920,balanced,64,94,1,3189,3189,3189,cap100
nfcorpus,0,PLAIN-2920,balanced,64,95,1,3189,3189,3189,cap100
nfcorpus,0,PLAIN-2920,balanced,64,96,1,3189,3189,3189,cap100
nfcorpus,0,PLAIN-2920,balanced,64,97,1,3189,3189,3189,cap100
nfcorpus,0,PLAIN-2920,balanced,64,98,1,3189,3189,3189,cap100
nfcorpus,0,PLAIN-2920,balanced,64,99,1,3189,3189,3189,cap100
nfcorpus,0,PLAIN-2920,balanced,64,100,1,3189,3189,3189,cap100
scifact,0,674,dibud,1,1,1,4,4,4216,cap100
scifact,0,674,dibud,1,2,1,19,19,4216,cap100
scifact,0,674,dibud,1,3,1,21,21,4216,cap100
scifact,0,674,dibud,1,4,1,21,21,4216,cap100
scifact,0,674,dibud,1,5,1,27,27,4216,cap100
scifact,0,674,dibud,1,6,1,37,37,4216,cap100
scifact,0,674,dibud,1,7,1,41,41,4216,cap100
scifact,0,674,dibud,1,8,1,58,58,4216,cap100
scifact,0,674,dibud,1,9,1,59,59,4216,cap100
scifact,0,674,dibud,1,10,1,73,73,4216,cap100
scifact,0,674,dibud,1,11,1,81,81,4216,cap100
scifact,0,674,dibud,1,12,1,94,94,4216,cap100
scifact,0,674,dibud,1,13,1,95,95,4216,cap100
scifact,0,674,dibud,1,14,1,96,96,4216,cap100
scifact,0,674,dibud,1,15,1,99,99,4216,cap100
scifact,0,674,dibud,1,16,1,100,100,4216,cap100
scifact,0,674,dibud,1,17,1,103,103,4216,cap100
scifact,0,674,dibud,1,18,1,136,136,4216,cap100
scifact,0,674,dibud,1,19,1,212,212,4216,cap100
scifact,0,674,dibud,1,20,1,215,215,4216,cap100
scifact,0,674,dibud,1,21,1,217,217,4216,cap100
scifact,0,674,dibud,1,22,1,222,222,4216,cap100
scifact,0,674,dibud,1,23,1,225,225,4216,cap100
scifact,0,674,dibud,1,24,1,227,227,4216,cap100
scifact,0,674,dibud,1,25,1,245,245,4216,cap100
scifact,0,674,dibud,1,26,1,255,255,4216,cap100
scifact,0,674,dibud,1,27,1,256,256,4216,cap100
scifact,0,674,dibud,1,28,1,256,256,4216,cap100
scifact,0,674,dibud,1,29,1,299,299,4216,cap100
scifact,0,674,dibud,1,30,1,304,304,4216,cap100
scifact,0,674,dibud,1,31,1,320,320,4216,cap100
scifact,0,674,dibud,1,32,1,335,335,4216,cap100
scifact,0,674,dibud,1,33,1,338,338,4216,cap100
scifact,0,674,dibud,1,34,1,364,364,4216,cap100
scifact,0,674,dibud,1,35,1,367,367,4216,cap100
scifact,0,674,dibud,1,36,1,390,390,4216,cap100
scifact,0,674,dibud,1,37,1,391,391,4216,cap100
scifact,0,674,dibud,1,38,1,411,411,4216,cap100
scifact,0,674,dibud,1,39,1,414,414,4216,cap100
scifact,0,674,dibud,1,40,1,426,426,4216,cap100
scifact,0,674,dibud,1,41,1,436,436,4216,cap100
scifact,0,674,dibud,1,42,1,450,450,4216,cap100
scifact,0,674,dibud,1,43,1,463,463,4216,cap100
scifact,0,674,dibud,1,44,1,477,477,4216,cap100
scifact,0,674,dibud,1,45,1,540,540,4216,cap100
scifact,0,674,dibud,1,46,1,557,557,4216,cap100
scifact,0,674,dibud,1,47,1,567,567,4216,cap100
scifact,0,674,dibud,1,48,1,567,567,4216,cap100
scifact,0,674,dibud,1,49,1,567,567,4216,cap100
scifact,0,674,dibud,1,50,1,614,614,4216,cap100
scifact,0,674,dibud,1,51,1,621,621,4216,cap100
scifact,0,674,dibud,1,52,1,624,624,4216,cap100
scifact,0,674,dibud,1,53,1,683,683,4216,cap100
scifact,0,674,dibud,1,54,1,735,735,4216,cap100
scifact,0,674,dibud,1,55,1,772,772,4216,cap100
scifact,0,674,dibud,1,56,1,814,814,4216,cap100
scifact,0,674,dibud,1,57,1,852,852,4216,cap100
scifact,0,674,dibud,1,58,1,861,861,4216,cap100
scifact,0,674,dibud,1,59,1,867,867,4216,cap100
scifact,0,674,dibud,1,60,1,877,877,4216,cap100
scifact,0,674,dibud,1,61,1,1032,1032,4216,cap100
scifact,0,674,dibud,1,62,1,1038,1038,4216,cap100
scifact,0,674,dibud,1,63,1,1141,1141,4216,cap100
scifact,0,674,dibud,1,64,1,1221,1221,4216,cap100
scifact,0,674,dibud,1,65,1,1266,1266,4216,cap100
scifact,0,674,dibud,1,66,1,2214,2214,4216,cap100
scifact,0,674,dibud,1,67,1,2584,2584,4216,cap100
scifact,0,674,dibud,1,68,1,3308,3308,4216,cap100
scifact,0,674,dibud,1,69,1,3630,3630,4216,cap100
scifact,0,674,dibud,1,70,1,3671,3671,4216,cap100
scifact,0,674,dibud,1,71,1,3673,3673,4216,cap100
scifact,0,674,dibud,1,72,1,3688,3688,4216,cap100
scifact,0,674,dibud,1,73,1,3698,3698,4216,cap100
scifact,0,674,dibud,1,74,1,3705,3705,4216,cap100
scifact,0,674,dibud,1,75,1,3736,3736,4216,cap100
scifact,0,674,dibud,1,76,1,3746,3746,4216,cap100
scifact,0,674,dibud,1,77,1,3788,3788,4216,cap100
scifact,0,674,dibud,1,78,1,3813,3813,4216,cap100
scifact,0,674,dibud,1,79,1,3822,3822,4216,cap100
scifact,0,674,dibud,1,80,1,3853,3853,4216,cap100
scifact,0,674,dibud,1,81,1,3880,3880,4216,cap100
scifact,0,674,dibud,1,82,1,3889,3889,4216,cap100
scifact,0,674,dibud,1,83,1,4033,4033,4216,cap100
scifact,0,674,dibud,1,84,1,4123,4123,4216,cap100
scifact,0,674,dibud,1,85,1,4216,4216,4216,cap100
scifact,0,674,dibud,1,86,1,4216,4216,4216,cap100
scifact,0,674,dibud,1,87,1,4216,4216,4216,cap100
scifact,0,674,dibud,1,88,1,4216,4216,4216,cap100
scifact,0,674,dibud,1,89,1,4216,4216,4216,cap100
scifact,0,674,dibud,1,90,1,4216,4216,4216,cap100
scifact,0,674,dibud,1,91,1,4216,4216,4216,cap100
scifact,0,674,dibud,1,92,1,4216,4216,4216,cap100
scifact,0,674,dibud,1,93,1,4216,4216,4216,cap100
scifact,0,674,dibud,1,94,1,4216,4216,4216,cap100
scifact,0,674,dibud,1,95,1,4216,4216,4216,cap100
scifact,0,674,dibud,1,96,1,4216,4216,4216,cap100
scifact,0,674,dibud,1,97,1,4216,4216,4216,cap100
scifact,0,674,dibud,1,98,1,4216,4216,4216,cap100
scifact,0,674,dibud,1,99,1,4216,4216,4216,cap100
scifact,0,674,dibud,1,100,1,4216,4216,4216,cap100
scifact,0,674,balanced,1,1,1,4,4,6558,cap100
scifact,0,674,balanced,1,2,1,19,19,6558,cap100
scifact,0,674,balanced,1,3,1,21,21,6558,cap100
scifact,0,674,balanced,1,4,1,21,21,6558,cap100
scifact,0,674,balanced,1,5,1,29,29,6558,cap100
scifact,0,674,balanced,1,6,1,39,39,6558,cap100
scifact,0,674,balanced,1,7,1,43,43,6558,cap100
scifact,0,674,balanced,1,8,1,58,58,6558,cap100
scifact,0,674,balanced,1,9,1,59,59,6558,cap100
scifact,0,674,balanced,1,10,1,77,77,6558,cap100
scifact,0,674,balanced,1,11,1,85,85,6558,cap100
scifact,0,674,balanced,1,12,1,99,99,6558,cap100
scifact,0,674,balanced,1,13,1,99,99,6558,cap100
scifact,0,674,balanced,1,14,1,99,99,6558,cap100
scifact,0,674,balanced,1,15,1,99,99,6558,cap100
scifact,0,674,balanced,1,16,1,100,100,6558,cap100
scifact,0,674,balanced,1,17,1,106,106,6558,cap100
scifact,0,674,balanced,1,18,1,148,148,6558,cap100
scifact,0,674,balanced,1,19,1,224,224,6558,cap100
scifact,0,674,balanced,1,20,1,228,228,6558,cap100
scifact,0,674,balanced,1,21,1,230,230,6558,cap100
scifact,0,674,balanced,1,22,1,236,236,6558,cap100
scifact,0,674,balanced,1,23,1,238,238,6558,cap100
scifact,0,674,balanced,1,24,1,240,240,6558,cap100
scifact,0,674,balanced,1,25,1,268,268,6558,cap100
scifact,0,674,balanced,1,26,1,278,278,6558,cap100
scifact,0,674,balanced,1,27,1,280,280,6558,cap100
scifact,0,674,balanced,1,28,1,280,280,6558,cap100
scifact,0,674,balanced,1,29,1,328,328,6558,cap100
scifact,0,674,balanced,1,30,1,334,334,6558,cap100
scifact,0,674,balanced,1,31,1,352,352,6558,cap100
scifact,0,674,balanced,1,32,1,370,370,6558,cap100
scifact,0,674,balanced,1,33,1,374,374,6558,cap100
scifact,0,674,balanced,1,34,1,404,404,6558,cap100
scifact,0,674,balanced,1,35,1,406,406,6558,cap100
scifact,0,674,balanced,1,36,1,434,434,6558,cap100
scifact,0,674,balanced,1,37,1,434,434,6558,cap100
scifact,0,674,balanced,1,38,1,458,458,6558,cap100
scifact,0,674,balanced,1,39,1,462,462,6558,cap100
scifact,0,674,balanced,1,40,1,476,476,6558,cap100
scifact,0,674,balanced,1,41,1,488,488,6558,cap100
scifact,0,674,balanced,1,42,1,504,504,6558,cap100
scifact,0,674,balanced,1,43,1,520,520,6558,cap100
scifact,0,674,balanced,1,44,1,536,536,6558,cap100
scifact,0,674,balanced,1,45,1,612,612,6558,cap100
scifact,0,674,balanced,1,46,1,646,646,6558,cap100
scifact,0,674,balanced,1,47,1,666,666,6558,cap100
scifact,0,674,balanced,1,48,1,666,666,6558,cap100
scifact,0,674,balanced,1,49,1,666,666,6558,cap100
scifact,0,674,balanced,1,50,1,666,666,6558,cap100
scifact,0,674,balanced,1,51,1,666,666,6558,cap100
scifact,0,674,balanced,1,52,1,666,666,6558,cap100
scifact,0,674,balanced,1,53,1,712,712,6558,cap100
scifact,0,674,balanced,1,54,1,768,768,6558,cap100
scifact,0,674,balanced,1,55,1,842,842,6558,cap100
scifact,0,674,balanced,1,56,1,926,926,6558,cap100
scifact,0,674,balanced,1,57,1,1002,1002,6558,cap100
scifact,0,674,balanced,1,58,1,1020,1020,6558,cap100
scifact,0,674,balanced,1,59,1,1032,1032,6558,cap100
scifact,0,674,balanced,1,60,1,1052,1052,6558,cap100
scifact,0,674,balanced,1,61,1,1362,1362,6558,cap100
scifact,0,674,balanced,1,62,1,1374,1374,6558,cap100
scifact,0,674,balanced,1,63,1,1580,1580,6558,cap100
scifact,0,674,balanced,1,64,1,1740,1740,6558,cap100
scifact,0,674,balanced,1,65,1,1830,1830,6558,cap100
scifact,0,674,balanced,1,66,1,3726,3726,6558,cap100
scifact,0,674,balanced,1,67,1,4466,4466,6558,cap100
scifact,0,674,balanced,1,68,1,5914,5914,6558,cap100
scifact,0,674,balanced,1,69,1,6558,6558,6558,cap100
scifact,0,674,balanced,1,70,1,6558,6558,6558,cap100
scifact,0,674,balanced,1,71,1,6558,6558,6558,cap100
scifact,0,674,balanced,1,72,1,6558,6558,6558,cap100
scifact,0,674,balanced,1,73,1,6558,6558,6558,cap100
scifact,0,674,balanced,1,74,1,6558,6558,6558,cap100
scifact,0,674,balanced,1,75,1,6558,6558,6558,cap100
scifact,0,674,balanced,1,76,1,6558,6558,6558,cap100
scifact,0,674,balanced,1,77,1,6558,6558,6558,cap100
scifact,0,674,balanced,1,78,1,6558,6558,6558,cap100
scifact,0,674,balanced,1,79,1,6558,6558,6558,cap100
scifact,0,674,balanced,1,80,1,6558,6558,6558,cap100
scifact,0,674,balanced,1,81,1,6558,6558,6558,cap100
scifact,0,674,balanced,1,82,1,6558,6558,6558,cap100
scifact,0,674,balanced,1,83,1,6558,6558,6558,cap100
scifact,0,674,balanced,1,84,1,6558,6558,6558,cap100
scifact,0,674,balanced,1,85,1,6558,6558,6558,cap100
scifact,0,674,balanced,1,86,1,6558,6558,6558,cap100
scifact,0,674,balanced,1,87,1,6558,6558,6558,cap100
scifact,0,674,balanced,1,88,1,6558,6558,6558,cap100
scifact,0,674,balanced,1,89,1,6558,6558,6558,cap100
scifact,0,674,balanced,1,90,1,6558,6558,6558,cap100
scifact,0,674,balanced,1,91,1,6558,6558,6558,cap100
scifact,0,674,balanced,1,92,1,6558,6558,6558,cap100
scifact,0,674,balanced,1,93,1,6558,6558,6558,cap100
scifact,0,674,balanced,1,94,1,6558,6558,6558,cap100
scifact,0,674,balanced,1,95,1,6558,6558,6558,cap100
scifact,0,674,balanced,1,96,1,6558,6558,6558,cap100
scifact,0,674,balanced,1,97,1,6558,6558,6558,cap100
scifact,0,674,balanced,1,98,1,6558,6558,6558,cap100
scifact,0,674,balanced,1,99,1,6558,6558,6558,cap100
scifact,0,674,balanced,1,100,1,6558,6558,6558,cap100
scifact,0,674,dibud,64,1,1,128,128,4224,cap100
scifact,0,674,dibud,64,2,1,128,128,4224,cap100
scifact,0,674,dibud,64,3,1,128,128,4224,cap100
scifact,0,674,dibud,64,4,1,128,128,4224,cap100
scifact,0,674,dibud,64,5,1,128,128,4224,cap100
scifact,0,674,dibud,64,6,1,128,128,4224,cap100
scifact,0,674,dibud,64,7,1,128,128,4224,cap100
scifact,0,674,dibud,64,8,1,128,128,4224,cap100
scifact,0,674,dibud,64,9,1,128,128,4224,cap100
scifact,0,674,dibud,64,10,1,128,128,4224,cap100
scifact,0,674,dibud,64,11,1,128,128,4224,cap100
scifact,0,674,dibud,64,12,1,128,128,4224,cap100
scifact,0,674,dibud,64,13,1,128,128,4224,cap100
scifact,0,674,dibud,64,14,1,128,128,4224,cap100
scifact,0,674,dibud,64,15,1,128,128,4224,cap100
scifact,0,674,dibud,64,16,1,128,128,4224,cap100
scifact,0,674,dibud,64,17,1,128,128,4224,cap100
scifact,0,674,dibud,64,18,1,192,192,4224,cap100
scifact,0,674,dibud,64,19,1,256,256,4224,cap100
scifact,0,674,dibud,64,20,1,256,256,4224,cap100
scifact,0,674,dibud,64,21,1,256,256,4224,cap100
scifact,0,674,dibud,64,22,1,256,256,4224,cap100
scifact,0,674,dibud,64,23,1,256,256,4224,cap100
scifact,0,674,dibud,64,24,1,256,256,4224,cap100
scifact,0,674,dibud,64,25,1,320,320,4224,cap100
scifact,0,674,dibud,64,26,1,320,320,4224,cap100
scifact,0,674,dibud,64,27,1,320,320,4224,cap100
scifact,0,674,dibud,64,28,1,320,320,4224,cap100
scifact,0,674,dibud,64,29,1,384,384,4224,cap100
scifact,0,674,dibud,64,30,1,384,384,4224,cap100
scifact,0,674,dibud,64,31,1,384,384,4224,cap100
scifact,0,674,dibud,64,32,1,384,384,4224,cap100
scifact,0,674,dibud,64,33,1,384,384,4224,cap100
scifact,0,674,dibud,64,34,1,448,448,4224,cap100
scifact,0,674,dibud,64,35,1,448,448,4224,cap100
scifact,0,674,dibud,64,36,1,448,448,4224,cap100
scifact,0,674,dibud,64,37,1,448,448,4224,cap100
scifact,0,674,dibud,64,38,1,448,448,4224,cap100
scifact,0,674,dibud,64,39,1,448,448,4224,cap100
scifact,0,674,dibud,64,40,1,448,448,4224,cap100
scifact,0,674,dibud,64,41,1,448,448,4224,cap100
scifact,0,674,dibud,64,42,1,512,512,4224,cap100
scifact,0,674,dibud,64,43,1,576,576,4224,cap100
scifact,0,674,dibud,64,44,1,576,576,4224,cap100
scifact,0,674,dibud,64,45,1,576,576,4224,cap100
scifact,0,674,dibud,64,46,1,640,640,4224,cap100
scifact,0,674,dibud,64,47,1,640,640,4224,cap100
scifact,0,674,dibud,64,48,1,640,640,4224,cap100
scifact,0,674,dibud,64,49,1,640,640,4224,cap100
scifact,0,674,dibud,64,50,1,704,704,4224,cap100
scifact,0,674,dibud,64,51,1,704,704,4224,cap100
scifact,0,674,dibud,64,52,1,704,704,4224,cap100
scifact,0,674,dibud,64,53,1,768,768,4224,cap100
scifact,0,674,dibud,64,54,1,768,768,4224,cap100
scifact,0,674,dibud,64,55,1,832,832,4224,cap100
scifact,0,674,dibud,64,56,1,896,896,4224,cap100
scifact,0,674,dibud,64,57,1,896,896,4224,cap100
scifact,0,674,dibud,64,58,1,896,896,4224,cap100
scifact,0,674,dibud,64,59,1,960,960,4224,cap100
scifact,0,674,dibud,64,60,1,960,960,4224,cap100
scifact,0,674,dibud,64,61,1,1088,1088,4224,cap100
scifact,0,674,dibud,64,62,1,1088,1088,4224,cap100
scifact,0,674,dibud,64,63,1,1216,1216,4224,cap100
scifact,0,674,dibud,64,64,1,1280,1280,4224,cap100
scifact,0,674,dibud,64,65,1,1344,1344,4224,cap100
scifact,0,674,dibud,64,66,1,2304,2304,4224,cap100
scifact,0,674,dibud,64,67,1,2624,2624,4224,cap100
scifact,0,674,dibud,64,68,1,3392,3392,4224,cap100
scifact,0,674,dibud,64,69,1,3663,3663,4224,cap100
scifact,0,674,dibud,64,70,1,3727,3727,4224,cap100
scifact,0,674,dibud,64,71,1,3727,3727,4224,cap100
scifact,0,674,dibud,64,72,1,3727,3727,4224,cap100
scifact,0,674,dibud,64,73,1,3727,3727,4224,cap100
scifact,0,674,dibud,64,74,1,3727,3727,4224,cap100
scifact,0,674,dibud,64,75,1,3791,3791,4224,cap100
scifact,0,674,dibud,64,76,1,3791,3791,4224,cap100
scifact,0,674,dibud,64,77,1,3791,3791,4224,cap100
scifact,0,674,dibud,64,78,1,3855,3855,4224,cap100
scifact,0,674,dibud,64,79,1,3855,3855,4224,cap100
scifact,0,674,dibud,64,80,1,3855,3855,4224,cap100
scifact,0,674,dibud,64,81,1,3919,3919,4224,cap100
scifact,0,674,dibud,64,82,1,3919,3919,4224,cap100
scifact,0,674,dibud,64,83,1,4047,4047,4224,cap100
scifact,0,674,dibud,64,84,1,4160,4160,4224,cap100
scifact,0,674,dibud,64,85,1,4224,4224,4224,cap100
scifact,0,674,dibud,64,86,1,4224,4224,4224,cap100
scifact,0,674,dibud,64,87,1,4224,4224,4224,cap100
scifact,0,674,dibud,64,88,1,4224,4224,4224,cap100
scifact,0,674,dibud,64,89,1,4224,4224,4224,cap100
scifact,0,674,dibud,64,90,1,4224,4224,4224,cap100
scifact,0,674,dibud,64,91,1,4224,4224,4224,cap100
scifact,0,674,dibud,64,92,1,4224,4224,4224,cap100
scifact,0,674,dibud,64,93,1,4224,4224,4224,cap100
scifact,0,674,dibud,64,94,1,4224,4224,4224,cap100
scifact,0,674,dibud,64,95,1,4224,4224,4224,cap100
scifact,0,674,dibud,64,96,1,4224,4224,4224,cap100
scifact,0,674,dibud,64,97,1,4224,4224,4224,cap100
scifact,0,674,dibud,64,98,1,4224,4224,4224,cap100
scifact,0,674,dibud,64,99,1,4224,4224,4224,cap100
scifact,0,674,dibud,64,100,1,4224,4224,4224,cap100
scifact,0,674,balanced,64,1,1,128,128,6607,cap100
scifact,0,674,balanced,64,2,1,128,128,6607,cap100
scifact,0,674,balanced,64,3,1,128,128,6607,cap100
scifact,0,674,balanced,64,4,1,128,128,6607,cap100
scifact,0,674,balanced,64,5,1,128,128,6607,cap100
scifact,0,674,balanced,64,6,1,128,128,6607,cap100
scifact,0,674,balanced,64,7,1,128,128,6607,cap100
scifact,0,674,balanced,64,8,1,128,128,6607,cap100
scifact,0,674,balanced,64,9,1,128,128,6607,cap100
scifact,0,674,balanced,64,10,1,128,128,6607,cap100
scifact,0,674,balanced,64,11,1,128,128,6607,cap100
scifact,0,674,balanced,64,12,1,128,128,6607,cap100
scifact,0,674,balanced,64,13,1,128,128,6607,cap100
scifact,0,674,balanced,64,14,1,128,128,6607,cap100
scifact,0,674,balanced,64,15,1,128,128,6607,cap100
scifact,0,674,balanced,64,16,1,128,128,6607,cap100
scifact,0,674,balanced,64,17,1,128,128,6607,cap100
scifact,0,674,balanced,64,18,1,256,256,6607,cap100
scifact,0,674,balanced,64,19,1,256,256,6607,cap100
scifact,0,674,balanced,64,20,1,256,256,6607,cap100
scifact,0,674,balanced,64,21,1,256,256,6607,cap100
scifact,0,674,balanced,64,22,1,256,256,6607,cap100
scifact,0,674,balanced,64,23,1,256,256,6607,cap100
scifact,0,674,balanced,64,24,1,256,256,6607,cap100
scifact,0,674,balanced,64,25,1,384,384,6607,cap100
scifact,0,674,balanced,64,26,1,384,384,6607,cap100
scifact,0,674,balanced,64,27,1,384,384,6607,cap100
scifact,0,674,balanced,64,28,1,384,384,6607,cap100
scifact,0,674,balanced,64,29,1,384,384,6607,cap100
scifact,0,674,balanced,64,30,1,384,384,6607,cap100
scifact,0,674,balanced,64,31,1,384,384,6607,cap100
scifact,0,674,balanced,64,32,1,384,384,6607,cap100
scifact,0,674,balanced,64,33,1,384,384,6607,cap100
scifact,0,674,balanced,64,34,1,512,512,6607,cap100
scifact,0,674,balanced,64,35,1,512,512,6607,cap100
scifact,0,674,balanced,64,36,1,512,512,6607,cap100
scifact,0,674,balanced,64,37,1,512,512,6607,cap100
scifact,0,674,balanced,64,38,1,512,512,6607,cap100
scifact,0,674,balanced,64,39,1,512,512,6607,cap100
scifact,0,674,balanced,64,40,1,512,512,6607,cap100
scifact,0,674,balanced,64,41,1,512,512,6607,cap100
scifact,0,674,balanced,64,42,1,512,512,6607,cap100
scifact,0,674,balanced,64,43,1,640,640,6607,cap100
scifact,0,674,balanced,64,44,1,640,640,6607,cap100
scifact,0,674,balanced,64,45,1,640,640,6607,cap100
scifact,0,674,balanced,64,46,1,768,768,6607,cap100
scifact,0,674,balanced,64,47,1,768,768,6607,cap100
scifact,0,674,balanced,64,48,1,768,768,6607,cap100
scifact,0,674,balanced,64,49,1,768,768,6607,cap100
scifact,0,674,balanced,64,50,1,768,768,6607,cap100
scifact,0,674,balanced,64,51,1,768,768,6607,cap100
scifact,0,674,balanced,64,52,1,768,768,6607,cap100
scifact,0,674,balanced,64,53,1,768,768,6607,cap100
scifact,0,674,balanced,64,54,1,768,768,6607,cap100
scifact,0,674,balanced,64,55,1,896,896,6607,cap100
scifact,0,674,balanced,64,56,1,1024,1024,6607,cap100
scifact,0,674,balanced,64,57,1,1024,1024,6607,cap100
scifact,0,674,balanced,64,58,1,1024,1024,6607,cap100
scifact,0,674,balanced,64,59,1,1152,1152,6607,cap100
scifact,0,674,balanced,64,60,1,1152,1152,6607,cap100
scifact,0,674,balanced,64,61,1,1408,1408,6607,cap100
scifact,0,674,balanced,64,62,1,1408,1408,6607,cap100
scifact,0,674,balanced,64,63,1,1664,1664,6607,cap100
scifact,0,674,balanced,64,64,1,1792,1792,6607,cap100
scifact,0,674,balanced,64,65,1,1920,1920,6607,cap100
scifact,0,674,balanced,64,66,1,3840,3840,6607,cap100
scifact,0,674,balanced,64,67,1,4480,4480,6607,cap100
scifact,0,674,balanced,64,68,1,6016,6016,6607,cap100
scifact,0,674,balanced,64,69,1,6607,6607,6607,cap100
scifact,0,674,balanced,64,70,1,6607,6607,6607,cap100
scifact,0,674,balanced,64,71,1,6607,6607,6607,cap100
scifact,0,674,balanced,64,72,1,6607,6607,6607,cap100
scifact,0,674,balanced,64,73,1,6607,6607,6607,cap100
scifact,0,674,balanced,64,74,1,6607,6607,6607,cap100
scifact,0,674,balanced,64,75,1,6607,6607,6607,cap100
scifact,0,674,balanced,64,76,1,6607,6607,6607,cap100
scifact,0,674,balanced,64,77,1,6607,6607,6607,cap100
scifact,0,674,balanced,64,78,1,6607,6607,6607,cap100
scifact,0,674,balanced,64,79,1,6607,6607,6607,cap100
scifact,0,674,balanced,64,80,1,6607,6607,6607,cap100
scifact,0,674,balanced,64,81,1,6607,6607,6607,cap100
scifact,0,674,balanced,64,82,1,6607,6607,6607,cap100
scifact,0,674,balanced,64,83,1,6607,6607,6607,cap100
scifact,0,674,balanced,64,84,1,6607,6607,6607,cap100
scifact,0,674,balanced,64,85,1,6607,6607,6607,cap100
scifact,0,674,balanced,64,86,1,6607,6607,6607,cap100
scifact,0,674,balanced,64,87,1,6607,6607,6607,cap100
scifact,0,674,balanced,64,88,1,6607,6607,6607,cap100
scifact,0,674,balanced,64,89,1,6607,6607,6607,cap100
scifact,0,674,balanced,64,90,1,6607,6607,6607,cap100
scifact,0,674,balanced,64,91,1,6607,6607,6607,cap100
scifact,0,674,balanced,64,92,1,6607,6607,6607,cap100
scifact,0,674,balanced,64,93,1,6607,6607,6607,cap100
scifact,0,674,balanced,64,94,1,6607,6607,6607,cap100
scifact,0,674,balanced,64,95,1,6607,6607,6607,cap100
scifact,0,674,balanced,64,96,1,6607,6607,6607,cap100
scifact,0,674,balanced,64,97,1,6607,6607,6607,cap100
scifact,0,674,balanced,64,98,1,6607,6607,6607,cap100
scifact,0,674,balanced,64,99,1,6607,6607,6607,cap100
scifact,0,674,balanced,64,100,1,6607,6607,6607,cap100
scifact,0,1150,dibud,1,1,1,2,2,7189,cap100
scifact,0,1150,dibud,1,2,1,8,8,7189,cap100
scifact,0,1150,dibud,1,3,1,26,26,7189,cap100
scifact,0,1150,dibud,1,4,1,33,33,7189,cap100
scifact,0,1150,dibud,1,5,1,40,40,7189,cap100
scifact,0,1150,dibud,1,6,1,41,41,7189,cap100
scifact,0,1150,dibud,1,7,1,43,43,7189,cap100
scifact,0,1150,dibud,1,8,1,66,66,7189,cap100
scifact,0,1150,dibud,1,9,1,76,76,7189,cap100
scifact,0,1150,dibud,1,10,1,78,78,7189,cap100
scifact,0,1150,dibud,1,11,1,84,84,7189,cap100
scifact,0,1150,dibud,1,12,1,100,100,7189,cap100
scifact,0,1150,dibud,1,13,1,132,132,7189,cap100
scifact,0,1150,dibud,1,14,1,136,136,7189,cap100
scifact,0,1150,dibud,1,15,1,152,152,7189,cap100
scifact,0,1150,dibud,1,16,1,178,178,7189,cap100
scifact,0,1150,dibud,1,17,1,194,194,7189,cap100
scifact,0,1150,dibud,1,18,1,202,202,7189,cap100
scifact,0,1150,dibud,1,19,1,222,222,7189,cap100
scifact,0,1150,dibud,1,20,1,234,234,7189,cap100
scifact,0,1150,dibud,1,21,1,256,256,7189,cap100
scifact,0,1150,dibud,1,22,1,302,302,7189,cap100
scifact,0,1150,dibud,1,23,1,332,332,7189,cap100
scifact,0,1150,dibud,1,24,1,346,346,7189,cap100
scifact,0,1150,dibud,1,25,1,498,498,7189,cap100
scifact,0,1150,dibud,1,26,1,564,564,7189,cap100
scifact,0,1150,dibud,1,27,1,630,630,7189,cap100
scifact,0,1150,dibud,1,28,1,700,700,7189,cap100
scifact,0,1150,dibud,1,29,1,724,724,7189,cap100
scifact,0,1150,dibud,1,30,1,737,737,7189,cap100
scifact,0,1150,dibud,1,31,1,953,953,7189,cap100
scifact,0,1150,dibud,1,32,1,1206,1206,7189,cap100
scifact,0,1150,dibud,1,33,1,2537,2537,7189,cap100
scifact,0,1150,dibud,1,34,1,2609,2609,7189,cap100
scifact,0,1150,dibud,1,35,1,2792,2792,7189,cap100
scifact,0,1150,dibud,1,36,1,3839,3839,7189,cap100
scifact,0,1150,dibud,1,37,1,3906,3906,7189,cap100
scifact,0,1150,dibud,1,38,1,4004,4004,7189,cap100
scifact,0,1150,dibud,1,39,1,4026,4026,7189,cap100
scifact,0,1150,dibud,1,40,1,4265,4265,7189,cap100
scifact,0,1150,dibud,1,41,1,4733,4733,7189,cap100
scifact,0,1150,dibud,1,42,1,5532,5532,7189,cap100
scifact,0,1150,dibud,1,43,1,5532,5532,7189,cap100
scifact,0,1150,dibud,1,44,1,5532,5532,7189,cap100
scifact,0,1150,dibud,1,45,1,5532,5532,7189,cap100
scifact,0,1150,dibud,1,46,1,5532,5532,7189,cap100
scifact,0,1150,dibud,1,47,1,5532,5532,7189,cap100
scifact,0,1150,dibud,1,48,1,5532,5532,7189,cap100
scifact,0,1150,dibud,1,49,1,5532,5532,7189,cap100
scifact,0,1150,dibud,1,50,1,5532,5532,7189,cap100
scifact,0,1150,dibud,1,51,1,5983,5983,7189,cap100
scifact,0,1150,dibud,1,52,1,5983,5983,7189,cap100
scifact,0,1150,dibud,1,53,1,5983,5983,7189,cap100
scifact,0,1150,dibud,1,54,1,5983,5983,7189,cap100
scifact,0,1150,dibud,1,55,1,5983,5983,7189,cap100
scifact,0,1150,dibud,1,56,1,5983,5983,7189,cap100
scifact,0,1150,dibud,1,57,1,5983,5983,7189,cap100
scifact,0,1150,dibud,1,58,1,5983,5983,7189,cap100
scifact,0,1150,dibud,1,59,1,5983,5983,7189,cap100
scifact,0,1150,dibud,1,60,1,5983,5983,7189,cap100
scifact,0,1150,dibud,1,61,1,5983,5983,7189,cap100
scifact,0,1150,dibud,1,62,1,5983,5983,7189,cap100
scifact,0,1150,dibud,1,63,1,5983,5983,7189,cap100
scifact,0,1150,dibud,1,64,1,5983,5983,7189,cap100
scifact,0,1150,dibud,1,65,1,5983,5983,7189,cap100
scifact,0,1150,dibud,1,66,1,5983,5983,7189,cap100
scifact,0,1150,dibud,1,67,1,5983,5983,7189,cap100
scifact,0,1150,dibud,1,68,1,5983,5983,7189,cap100
scifact,0,1150,dibud,1,69,1,5983,5983,7189,cap100
scifact,0,1150,dibud,1,70,1,5983,5983,7189,cap100
scifact,0,1150,dibud,1,71,1,6189,6189,7189,cap100
scifact,0,1150,dibud,1,72,1,6189,6189,7189,cap100
scifact,0,1150,dibud,1,73,1,6189,6189,7189,cap100
scifact,0,1150,dibud,1,74,1,6189,6189,7189,cap100
scifact,0,1150,dibud,1,75,1,6189,6189,7189,cap100
scifact,0,1150,dibud,1,76,1,6189,6189,7189,cap100
scifact,0,1150,dibud,1,77,1,6189,6189,7189,cap100
scifact,0,1150,dibud,1,78,1,6406,6406,7189,cap100
scifact,0,1150,dibud,1,79,1,6772,6772,7189,cap100
scifact,0,1150,dibud,1,80,1,7185,7185,7189,cap100
scifact,0,1150,dibud,1,81,1,7185,7185,7189,cap100
scifact,0,1150,dibud,1,82,1,7185,7185,7189,cap100
scifact,0,1150,dibud,1,83,1,7185,7185,7189,cap100
scifact,0,1150,dibud,1,84,1,7185,7185,7189,cap100
scifact,0,1150,dibud,1,85,1,7185,7185,7189,cap100
scifact,0,1150,dibud,1,86,1,7185,7185,7189,cap100
scifact,0,1150,dibud,1,87,1,7185,7185,7189,cap100
scifact,0,1150,dibud,1,88,1,7185,7185,7189,cap100
scifact,0,1150,dibud,1,89,1,7185,7185,7189,cap100
scifact,0,1150,dibud,1,90,1,7185,7185,7189,cap100
scifact,0,1150,dibud,1,91,1,7189,7189,7189,cap100
scifact,0,1150,dibud,1,92,1,7189,7189,7189,cap100
scifact,0,1150,dibud,1,93,1,7189,7189,7189,cap100
scifact,0,1150,dibud,1,94,1,7189,7189,7189,cap100
scifact,0,1150,dibud,1,95,1,7189,7189,7189,cap100
scifact,0,1150,dibud,1,96,1,7189,7189,7189,cap100
scifact,0,1150,dibud,1,97,1,7189,7189,7189,cap100
scifact,0,1150,dibud,1,98,1,7189,7189,7189,cap100
scifact,0,1150,dibud,1,99,1,7189,7189,7189,cap100
scifact,0,1150,dibud,1,100,1,7189,7189,7189,cap100
scifact,0,1150,balanced,1,1,1,2,2,7189,cap100
scifact,0,1150,balanced,1,2,1,8,8,7189,cap100
scifact,0,1150,balanced,1,3,1,26,26,7189,cap100
scifact,0,1150,balanced,1,4,1,36,36,7189,cap100
scifact,0,1150,balanced,1,5,1,44,44,7189,cap100
scifact,0,1150,balanced,1,6,1,44,44,7189,cap100
scifact,0,1150,balanced,1,7,1,44,44,7189,cap100
scifact,0,1150,balanced,1,8,1,66,66,7189,cap100
scifact,0,1150,balanced,1,9,1,76,76,7189,cap100
scifact,0,1150,balanced,1,10,1,78,78,7189,cap100
scifact,0,1150,balanced,1,11,1,84,84,7189,cap100
scifact,0,1150,balanced,1,12,1,100,100,7189,cap100
scifact,0,1150,balanced,1,13,1,132,132,7189,cap100
scifact,0,1150,balanced,1,14,1,136,136,7189,cap100
scifact,0,1150,balanced,1,15,1,152,152,7189,cap100
scifact,0,1150,balanced,1,16,1,178,178,7189,cap100
scifact,0,1150,balanced,1,17,1,194,194,7189,cap100
scifact,0,1150,balanced,1,18,1,202,202,7189,cap100
scifact,0,1150,balanced,1,19,1,222,222,7189,cap100
scifact,0,1150,balanced,1,20,1,234,234,7189,cap100
scifact,0,1150,balanced,1,21,1,256,256,7189,cap100
scifact,0,1150,balanced,1,22,1,302,302,7189,cap100
scifact,0,1150,balanced,1,23,1,332,332,7189,cap100
scifact,0,1150,balanced,1,24,1,346,346,7189,cap100
scifact,0,1150,balanced,1,25,1,498,498,7189,cap100
scifact,0,1150,balanced,1,26,1,564,564,7189,cap100
scifact,0,1150,balanced,1,27,1,630,630,7189,cap100
scifact,0,1150,balanced,1,28,1,700,700,7189,cap100
scifact,0,1150,balanced,1,29,1,724,724,7189,cap100
scifact,0,1150,balanced,1,30,1,750,750,7189,cap100
scifact,0,1150,balanced,1,31,1,1182,1182,7189,cap100
scifact,0,1150,balanced,1,32,1,1588,1588,7189,cap100
scifact,0,1150,balanced,1,33,1,3818,3818,7189,cap100
scifact,0,1150,balanced,1,34,1,3962,3962,7189,cap100
scifact,0,1150,balanced,1,35,1,4328,4328,7189,cap100
scifact,0,1150,balanced,1,36,1,6414,6414,7189,cap100
scifact,0,1150,balanced,1,37,1,6414,6414,7189,cap100
scifact,0,1150,balanced,1,38,1,6414,6414,7189,cap100
scifact,0,1150,balanced,1,39,1,6414,6414,7189,cap100
scifact,0,1150,balanced,1,40,1,6414,6414,7189,cap100
scifact,0,1150,balanced,1,41,1,6414,6414,7189,cap100
scifact,0,1150,balanced,1,42,1,6414,6414,7189,cap100
scifact,0,1150,balanced,1,43,1,6414,6414,7189,cap100
scifact,0,1150,balanced,1,44,1,6414,6414,7189,cap100
scifact,0,1150,balanced,1,45,1,6414,6414,7189,cap100
scifact,0,1150,balanced,1,46,1,6414,6414,7189,cap100
scifact,0,1150,balanced,1,47,1,6414,6414,7189,cap100
scifact,0,1150,balanced,1,48,1,6414,6414,7189,cap100
scifact,0,1150,balanced,1,49,1,6414,6414,7189,cap100
scifact,0,1150,balanced,1,50,1,6414,6414,7189,cap100
scifact,0,1150,balanced,1,51,1,6414,6414,7189,cap100
scifact,0,1150,balanced,1,52,1,6414,6414,7189,cap100
scifact,0,1150,balanced,1,53,1,6414,6414,7189,cap100
scifact,0,1150,balanced,1,54,1,6414,6414,7189,cap100
scifact,0,1150,balanced,1,55,1,6414,6414,7189,cap100
scifact,0,1150,balanced,1,56,1,6414,6414,7189,cap100
scifact,0,1150,balanced,1,57,1,6414,6414,7189,cap100
scifact,0,1150,balanced,1,58,1,6414,6414,7189,cap100
scifact,0,1150,balanced,1,59,1,6414,6414,7189,cap100
scifact,0,1150,balanced,1,60,1,6414,6414,7189,cap100
scifact,0,1150,balanced,1,61,1,6414,6414,7189,cap100
scifact,0,1150,balanced,1,62,1,6414,6414,7189,cap100
scifact,0,1150,balanced,1,63,1,6414,6414,7189,cap100
scifact,0,1150,balanced,1,64,1,6414,6414,7189,cap100
scifact,0,1150,balanced,1,65,1,6414,6414,7189,cap100
scifact,0,1150,balanced,1,66,1,6414,6414,7189,cap100
scifact,0,1150,balanced,1,67,1,6414,6414,7189,cap100
scifact,0,1150,balanced,1,68,1,6414,6414,7189,cap100
scifact,0,1150,balanced,1,69,1,6414,6414,7189,cap100
scifact,0,1150,balanced,1,70,1,6414,6414,7189,cap100
scifact,0,1150,balanced,1,71,1,6414,6414,7189,cap100
scifact,0,1150,balanced,1,72,1,6414,6414,7189,cap100
scifact,0,1150,balanced,1,73,1,6414,6414,7189,cap100
scifact,0,1150,balanced,1,74,1,6414,6414,7189,cap100
scifact,0,1150,balanced,1,75,1,6414,6414,7189,cap100
scifact,0,1150,balanced,1,76,1,6414,6414,7189,cap100
scifact,0,1150,balanced,1,77,1,6414,6414,7189,cap100
scifact,0,1150,balanced,1,78,1,6414,6414,7189,cap100
scifact,0,1150,balanced,1,79,1,6772,6772,7189,cap100
scifact,0,1150,balanced,1,80,1,7185,7185,7189,cap100
scifact,0,1150,balanced,1,81,1,7185,7185,7189,cap100
scifact,0,1150,balanced,1,82,1,7185,7185,7189,cap100
scifact,0,1150,balanced,1,83,1,7185,7185,7189,cap100
scifact,0,1150,balanced,1,84,1,7185,7185,7189,cap100
scifact,0,1150,balanced,1,85,1,7185,7185,7189,cap100
scifact,0,1150,balanced,1,86,1,7185,7185,7189,cap100
scifact,0,1150,balanced,1,87,1,7185,7185,7189,cap100
scifact,0,1150,balanced,1,88,1,7185,7185,7189,cap100
scifact,0,1150,balanced,1,89,1,7185,7185,7189,cap100
scifact,0,1150,balanced,1,90,1,7185,7185,7189,cap100
scifact,0,1150,balanced,1,91,1,7189,7189,7189,cap100
scifact,0,1150,balanced,1,92,1,7189,7189,7189,cap100
scifact,0,1150,balanced,1,93,1,7189,7189,7189,cap100
scifact,0,1150,balanced,1,94,1,7189,7189,7189,cap100
scifact,0,1150,balanced,1,95,1,7189,7189,7189,cap100
scifact,0,1150,balanced,1,96,1,7189,7189,7189,cap100
scifact,0,1150,balanced,1,97,1,7189,7189,7189,cap100
scifact,0,1150,balanced,1,98,1,7189,7189,7189,cap100
scifact,0,1150,balanced,1,99,1,7189,7189,7189,cap100
scifact,0,1150,balanced,1,100,1,7189,7189,7189,cap100
scifact,0,1150,dibud,64,1,1,128,128,7232,cap100
scifact,0,1150,dibud,64,2,1,128,128,7232,cap100
scifact,0,1150,dibud,64,3,1,128,128,7232,cap100
scifact,0,1150,dibud,64,4,1,128,128,7232,cap100
scifact,0,1150,dibud,64,5,1,128,128,7232,cap100
scifact,0,1150,dibud,64,6,1,128,128,7232,cap100
scifact,0,1150,dibud,64,7,1,128,128,7232,cap100
scifact,0,1150,dibud,64,8,1,128,128,7232,cap100
scifact,0,1150,dibud,64,9,1,128,128,7232,cap100
scifact,0,1150,dibud,64,10,1,128,128,7232,cap100
scifact,0,1150,dibud,64,11,1,128,128,7232,cap100
scifact,0,1150,dibud,64,12,1,128,128,7232,cap100
scifact,0,1150,dibud,64,13,1,256,256,7232,cap100
scifact,0,1150,dibud,64,14,1,256,256,7232,cap100
scifact,0,1150,dibud,64,15,1,256,256,7232,cap100
scifact,0,1150,dibud,64,16,1,256,256,7232,cap100
scifact,0,1150,dibud,64,17,1,256,256,7232,cap100
scifact,0,1150,dibud,64,18,1,256,256,7232,cap100
scifact,0,1150,dibud,64,19,1,256,256,7232,cap100
scifact,0,1150,dibud,64,20,1,256,256,7232,cap100
scifact,0,1150,dibud,64,21,1,256,256,7232,cap100
scifact,0,1150,dibud,64,22,1,384,384,7232,cap100
scifact,0,1150,dibud,64,23,1,384,384,7232,cap100
scifact,0,1150,dibud,64,24,1,384,384,7232,cap100
scifact,0,1150,dibud,64,25,1,512,512,7232,cap100
scifact,0,1150,dibud,64,26,1,640,640,7232,cap100
scifact,0,1150,dibud,64,27,1,640,640,7232,cap100
scifact,0,1150,dibud,64,28,1,768,768,7232,cap100
scifact,0,1150,dibud,64,29,1,768,768,7232,cap100
scifact,0,1150,dibud,64,30,1,768,768,7232,cap100
scifact,0,1150,dibud,64,31,1,1024,1024,7232,cap100
scifact,0,1150,dibud,64,32,1,1280,1280,7232,cap100
scifact,0,1150,dibud,64,33,1,2560,2560,7232,cap100
scifact,0,1150,dibud,64,34,1,2624,2624,7232,cap100
scifact,0,1150,dibud,64,35,1,2816,2816,7232,cap100
scifact,0,1150,dibud,64,36,1,3847,3847,7232,cap100
scifact,0,1150,dibud,64,37,1,3911,3911,7232,cap100
scifact,0,1150,dibud,64,38,1,4039,4039,7232,cap100
scifact,0,1150,dibud,64,39,1,4039,4039,7232,cap100
scifact,0,1150,dibud,64,40,1,4288,4288,7232,cap100
scifact,0,1150,dibud,64,41,1,4736,4736,7232,cap100
scifact,0,1150,dibud,64,42,1,5568,5568,7232,cap100
scifact,0,1150,dibud,64,43,1,5568,5568,7232,cap100
scifact,0,1150,dibud,64,44,1,5568,5568,7232,cap100
scifact,0,1150,dibud,64,45,1,5568,5568,7232,cap100
scifact,0,1150,dibud,64,46,1,5568,5568,7232,cap100
scifact,0,1150,dibud,64,47,1,5568,5568,7232,cap100
scifact,0,1150,dibud,64,48,1,5568,5568,7232,cap100
scifact,0,1150,dibud,64,49,1,5568,5568,7232,cap100
scifact,0,1150,dibud,64,50,1,5568,5568,7232,cap100
scifact,0,1150,dibud,64,51,1,6016,6016,7232,cap100
scifact,0,1150,dibud,64,52,1,6016,6016,7232,cap100
scifact,0,1150,dibud,64,53,1,6016,6016,7232,cap100
scifact,0,1150,dibud,64,54,1,6016,6016,7232,cap100
scifact,0,1150,dibud,64,55,1,6016,6016,7232,cap100
scifact,0,1150,dibud,64,56,1,6016,6016,7232,cap100
scifact,0,1150,dibud,64,57,1,6016,6016,7232,cap100
scifact,0,1150,dibud,64,58,1,6016,6016,7232,cap100
scifact,0,1150,dibud,64,59,1,6016,6016,7232,cap100
scifact,0,1150,dibud,64,60,1,6016,6016,7232,cap100
scifact,0,1150,dibud,64,61,1,6016,6016,7232,cap100
scifact,0,1150,dibud,64,62,1,6016,6016,7232,cap100
scifact,0,1150,dibud,64,63,1,6016,6016,7232,cap100
scifact,0,1150,dibud,64,64,1,6016,6016,7232,cap100
scifact,0,1150,dibud,64,65,1,6016,6016,7232,cap100
scifact,0,1150,dibud,64,66,1,6016,6016,7232,cap100
scifact,0,1150,dibud,64,67,1,6016,6016,7232,cap100
scifact,0,1150,dibud,64,68,1,6016,6016,7232,cap100
scifact,0,1150,dibud,64,69,1,6016,6016,7232,cap100
scifact,0,1150,dibud,64,70,1,6016,6016,7232,cap100
scifact,0,1150,dibud,64,71,1,6208,6208,7232,cap100
scifact,0,1150,dibud,64,72,1,6208,6208,7232,cap100
scifact,0,1150,dibud,64,73,1,6208,6208,7232,cap100
scifact,0,1150,dibud,64,74,1,6208,6208,7232,cap100
scifact,0,1150,dibud,64,75,1,6208,6208,7232,cap100
scifact,0,1150,dibud,64,76,1,6208,6208,7232,cap100
scifact,0,1150,dibud,64,77,1,6208,6208,7232,cap100
scifact,0,1150,dibud,64,78,1,6464,6464,7232,cap100
scifact,0,1150,dibud,64,79,1,6784,6784,7232,cap100
scifact,0,1150,dibud,64,80,1,7232,7232,7232,cap100
scifact,0,1150,dibud,64,81,1,7232,7232,7232,cap100
scifact,0,1150,dibud,64,82,1,7232,7232,7232,cap100
scifact,0,1150,dibud,64,83,1,7232,7232,7232,cap100
scifact,0,1150,dibud,64,84,1,7232,7232,7232,cap100
scifact,0,1150,dibud,64,85,1,7232,7232,7232,cap100
scifact,0,1150,dibud,64,86,1,7232,7232,7232,cap100
scifact,0,1150,dibud,64,87,1,7232,7232,7232,cap100
scifact,0,1150,dibud,64,88,1,7232,7232,7232,cap100
scifact,0,1150,dibud,64,89,1,7232,7232,7232,cap100
scifact,0,1150,dibud,64,90,1,7232,7232,7232,cap100
scifact,0,1150,dibud,64,91,1,7232,7232,7232,cap100
scifact,0,1150,dibud,64,92,1,7232,7232,7232,cap100
scifact,0,1150,dibud,64,93,1,7232,7232,7232,cap100
scifact,0,1150,dibud,64,94,1,7232,7232,7232,cap100
scifact,0,1150,dibud,64,95,1,7232,7232,7232,cap100
scifact,0,1150,dibud,64,96,1,7232,7232,7232,cap100
scifact,0,1150,dibud,64,97,1,7232,7232,7232,cap100
scifact,0,1150,dibud,64,98,1,7232,7232,7232,cap100
scifact,0,1150,dibud,64,99,1,7232,7232,7232,cap100
scifact,0,1150,dibud,64,100,1,7232,7232,7232,cap100
scifact,0,1150,balanced,64,1,1,128,128,7239,cap100
scifact,0,1150,balanced,64,2,1,128,128,7239,cap100
scifact,0,1150,balanced,64,3,1,128,128,7239,cap100
scifact,0,1150,balanced,64,4,1,128,128,7239,cap100
scifact,0,1150,balanced,64,5,1,128,128,7239,cap100
scifact,0,1150,balanced,64,6,1,128,128,7239,cap100
scifact,0,1150,balanced,64,7,1,128,128,7239,cap100
scifact,0,1150,balanced,64,8,1,128,128,7239,cap100
scifact,0,1150,balanced,64,9,1,128,128,7239,cap100
scifact,0,1150,balanced,64,10,1,128,128,7239,cap100
scifact,0,1150,balanced,64,11,1,128,128,7239,cap100
scifact,0,1150,balanced,64,12,1,128,128,7239,cap100
scifact,0,1150,balanced,64,13,1,256,256,7239,cap100
scifact,0,1150,balanced,64,14,1,256,256,7239,cap100
scifact,0,1150,balanced,64,15,1,256,256,7239,cap100
scifact,0,1150,balanced,64,16,1,256,256,7239,cap100
scifact,0,1150,balanced,64,17,1,256,256,7239,cap100
scifact,0,1150,balanced,64,18,1,256,256,7239,cap100
scifact,0,1150,balanced,64,19,1,256,256,7239,cap100
scifact,0,1150,balanced,64,20,1,256,256,7239,cap100
scifact,0,1150,balanced,64,21,1,256,256,7239,cap100
scifact,0,1150,balanced,64,22,1,384,384,7239,cap100
scifact,0,1150,balanced,64,23,1,384,384,7239,cap100
scifact,0,1150,balanced,64,24,1,384,384,7239,cap100
scifact,0,1150,balanced,64,25,1,512,512,7239,cap100
scifact,0,1150,balanced,64,26,1,640,640,7239,cap100
scifact,0,1150,balanced,64,27,1,640,640,7239,cap100
scifact,0,1150,balanced,64,28,1,768,768,7239,cap100
scifact,0,1150,balanced,64,29,1,768,768,7239,cap100
scifact,0,1150,balanced,64,30,1,768,768,7239,cap100
scifact,0,1150,balanced,64,31,1,1280,1280,7239,cap100
scifact,0,1150,balanced,64,32,1,1664,1664,7239,cap100
scifact,0,1150,balanced,64,33,1,3840,3840,7239,cap100
scifact,0,1150,balanced,64,34,1,3968,3968,7239,cap100
scifact,0,1150,balanced,64,35,1,4352,4352,7239,cap100
scifact,0,1150,balanced,64,36,1,6471,6471,7239,cap100
scifact,0,1150,balanced,64,37,1,6471,6471,7239,cap100
scifact,0,1150,balanced,64,38,1,6471,6471,7239,cap100
scifact,0,1150,balanced,64,39,1,6471,6471,7239,cap100
scifact,0,1150,balanced,64,40,1,6471,6471,7239,cap100
scifact,0,1150,balanced,64,41,1,6471,6471,7239,cap100
scifact,0,1150,balanced,64,42,1,6471,6471,7239,cap100
scifact,0,1150,balanced,64,43,1,6471,6471,7239,cap100
scifact,0,1150,balanced,64,44,1,6471,6471,7239,cap100
scifact,0,1150,balanced,64,45,1,6471,6471,7239,cap100
scifact,0,1150,balanced,64,46,1,6471,6471,7239,cap100
scifact,0,1150,balanced,64,47,1,6471,6471,7239,cap100
scifact,0,1150,balanced,64,48,1,6471,6471,7239,cap100
scifact,0,1150,balanced,64,49,1,6471,6471,7239,cap100
scifact,0,1150,balanced,64,50,1,6471,6471,7239,cap100
scifact,0,1150,balanced,64,51,1,6471,6471,7239,cap100
scifact,0,1150,balanced,64,52,1,6471,6471,7239,cap100
scifact,0,1150,balanced,64,53,1,6471,6471,7239,cap100
scifact,0,1150,balanced,64,54,1,6471,6471,7239,cap100
scifact,0,1150,balanced,64,55,1,6471,6471,7239,cap100
scifact,0,1150,balanced,64,56,1,6471,6471,7239,cap100
scifact,0,1150,balanced,64,57,1,6471,6471,7239,cap100
scifact,0,1150,balanced,64,58,1,6471,6471,7239,cap100
scifact,0,1150,balanced,64,59,1,6471,6471,7239,cap100
scifact,0,1150,balanced,64,60,1,6471,6471,7239,cap100
scifact,0,1150,balanced,64,61,1,6471,6471,7239,cap100
scifact,0,1150,balanced,64,62,1,6471,6471,7239,cap100
scifact,0,1150,balanced,64,63,1,6471,6471,7239,cap100
scifact,0,1150,balanced,64,64,1,6471,6471,7239,cap100
scifact,0,1150,balanced,64,65,1,6471,6471,7239,cap100
scifact,0,1150,balanced,64,66,1,6471,6471,7239,cap100
scifact,0,1150,balanced,64,67,1,6471,6471,7239,cap100
scifact,0,1150,balanced,64,68,1,6471,6471,7239,cap100
scifact,0,1150,balanced,64,69,1,6471,6471,7239,cap100
scifact,0,1150,balanced,64,70,1,6471,6471,7239,cap100
scifact,0,1150,balanced,64,71,1,6471,6471,7239,cap100
scifact,0,1150,balanced,64,72,1,6471,6471,7239,cap100
scifact,0,1150,balanced,64,73,1,6471,6471,7239,cap100
scifact,0,1150,balanced,64,74,1,6471,6471,7239,cap100
scifact,0,1150,balanced,64,75,1,6471,6471,7239,cap100
scifact,0,1150,balanced,64,76,1,6471,6471,7239,cap100
scifact,0,1150,balanced,64,77,1,6471,6471,7239,cap100
scifact,0,1150,balanced,64,78,1,6471,6471,7239,cap100
scifact,0,1150,balanced,64,79,1,6791,6791,7239,cap100
scifact,0,1150,balanced,64,80,1,7239,7239,7239,cap100
scifact,0,1150,balanced,64,81,1,7239,7239,7239,cap100
scifact,0,1150,balanced,64,82,1,7239,7239,7239,cap100
scifact,0,1150,balanced,64,83,1,7239,7239,7239,cap100
scifact,0,1150,balanced,64,84,1,7239,7239,7239,cap100
scifact,0,1150,balanced,64,85,1,7239,7239,7239,cap100
scifact,0,1150,balanced,64,86,1,7239,7239,7239,cap100
scifact,0,1150,balanced,64,87,1,7239,7239,7239,cap100
scifact,0,1150,balanced,64,88,1,7239,7239,7239,cap100
scifact,0,1150,balanced,64,89,1,7239,7239,7239,cap100
scifact,0,1150,balanced,64,90,1,7239,7239,7239,cap100
scifact,0,1150,balanced,64,91,1,7239,7239,7239,cap100
scifact,0,1150,balanced,64,92,1,7239,7239,7239,cap100
scifact,0,1150,balanced,64,93,1,7239,7239,7239,cap100
scifact,0,1150,balanced,64,94,1,7239,7239,7239,cap100
scifact,0,1150,balanced,64,95,1,7239,7239,7239,cap100
scifact,0,1150,balanced,64,96,1,7239,7239,7239,cap100
scifact,0,1150,balanced,64,97,1,7239,7239,7239,cap100
scifact,0,1150,balanced,64,98,1,7239,7239,7239,cap100
scifact,0,1150,balanced,64,99,1,7239,7239,7239,cap100
scifact,0,1150,balanced,64,100,1,7239,7239,7239,cap100
trec-covid,0,8,dibud,1,1,1,26,26,6366,observation_limit
trec-covid,0,8,dibud,1,2,1,42,42,6366,observation_limit
trec-covid,0,8,dibud,1,3,1,320,320,6366,observation_limit
trec-covid,0,8,dibud,1,4,1,410,410,6366,observation_limit
trec-covid,0,8,dibud,1,5,1,458,458,6366,observation_limit
trec-covid,0,8,dibud,1,6,1,478,478,6366,observation_limit
trec-covid,0,8,dibud,1,7,1,547,547,6366,observation_limit
trec-covid,0,8,dibud,1,8,1,590,590,6366,observation_limit
trec-covid,0,8,dibud,1,9,1,622,622,6366,observation_limit
trec-covid,0,8,dibud,1,10,1,652,652,6366,observation_limit
trec-covid,0,8,dibud,1,11,1,1152,1152,6366,observation_limit
trec-covid,0,8,dibud,1,12,1,1708,1708,6366,observation_limit
trec-covid,0,8,dibud,1,13,1,3893,3893,6366,observation_limit
trec-covid,0,8,dibud,1,14,1,3902,3902,6366,observation_limit
trec-covid,0,8,dibud,1,15,1,3963,3963,6366,observation_limit
trec-covid,0,8,dibud,1,16,1,4017,4017,6366,observation_limit
trec-covid,0,8,dibud,1,17,1,4120,4120,6366,observation_limit
trec-covid,0,8,dibud,1,18,0,,6367,6366,observation_limit
trec-covid,0,8,dibud,1,19,0,,6367,6366,observation_limit
trec-covid,0,8,dibud,1,20,0,,6367,6366,observation_limit
trec-covid,0,8,dibud,1,21,0,,6367,6366,observation_limit
trec-covid,0,8,dibud,1,22,0,,6367,6366,observation_limit
trec-covid,0,8,dibud,1,23,0,,6367,6366,observation_limit
trec-covid,0,8,dibud,1,24,0,,6367,6366,observation_limit
trec-covid,0,8,dibud,1,25,0,,6367,6366,observation_limit
trec-covid,0,8,dibud,1,26,0,,6367,6366,observation_limit
trec-covid,0,8,dibud,1,27,0,,6367,6366,observation_limit
trec-covid,0,8,dibud,1,28,0,,6367,6366,observation_limit
trec-covid,0,8,dibud,1,29,0,,6367,6366,observation_limit
trec-covid,0,8,dibud,1,30,0,,6367,6366,observation_limit
trec-covid,0,8,dibud,1,31,0,,6367,6366,observation_limit
trec-covid,0,8,dibud,1,32,0,,6367,6366,observation_limit
trec-covid,0,8,dibud,1,33,0,,6367,6366,observation_limit
trec-covid,0,8,dibud,1,34,0,,6367,6366,observation_limit
trec-covid,0,8,dibud,1,35,0,,6367,6366,observation_limit
trec-covid,0,8,dibud,1,36,0,,6367,6366,observation_limit
trec-covid,0,8,dibud,1,37,0,,6367,6366,observation_limit
trec-covid,0,8,dibud,1,38,0,,6367,6366,observation_limit
trec-covid,0,8,dibud,1,39,0,,6367,6366,observation_limit
trec-covid,0,8,dibud,1,40,0,,6367,6366,observation_limit
trec-covid,0,8,dibud,1,41,0,,6367,6366,observation_limit
trec-covid,0,8,dibud,1,42,0,,6367,6366,observation_limit
trec-covid,0,8,dibud,1,43,0,,6367,6366,observation_limit
trec-covid,0,8,dibud,1,44,0,,6367,6366,observation_limit
trec-covid,0,8,dibud,1,45,0,,6367,6366,observation_limit
trec-covid,0,8,dibud,1,46,0,,6367,6366,observation_limit
trec-covid,0,8,dibud,1,47,0,,6367,6366,observation_limit
trec-covid,0,8,dibud,1,48,0,,6367,6366,observation_limit
trec-covid,0,8,dibud,1,49,0,,6367,6366,observation_limit
trec-covid,0,8,dibud,1,50,0,,6367,6366,observation_limit
trec-covid,0,8,dibud,1,51,0,,6367,6366,observation_limit
trec-covid,0,8,dibud,1,52,0,,6367,6366,observation_limit
trec-covid,0,8,dibud,1,53,0,,6367,6366,observation_limit
trec-covid,0,8,dibud,1,54,0,,6367,6366,observation_limit
trec-covid,0,8,dibud,1,55,0,,6367,6366,observation_limit
trec-covid,0,8,dibud,1,56,0,,6367,6366,observation_limit
trec-covid,0,8,dibud,1,57,0,,6367,6366,observation_limit
trec-covid,0,8,dibud,1,58,0,,6367,6366,observation_limit
trec-covid,0,8,dibud,1,59,0,,6367,6366,observation_limit
trec-covid,0,8,dibud,1,60,0,,6367,6366,observation_limit
trec-covid,0,8,dibud,1,61,0,,6367,6366,observation_limit
trec-covid,0,8,dibud,1,62,0,,6367,6366,observation_limit
trec-covid,0,8,dibud,1,63,0,,6367,6366,observation_limit
trec-covid,0,8,dibud,1,64,0,,6367,6366,observation_limit
trec-covid,0,8,dibud,1,65,0,,6367,6366,observation_limit
trec-covid,0,8,dibud,1,66,0,,6367,6366,observation_limit
trec-covid,0,8,dibud,1,67,0,,6367,6366,observation_limit
trec-covid,0,8,dibud,1,68,0,,6367,6366,observation_limit
trec-covid,0,8,dibud,1,69,0,,6367,6366,observation_limit
trec-covid,0,8,dibud,1,70,0,,6367,6366,observation_limit
trec-covid,0,8,dibud,1,71,0,,6367,6366,observation_limit
trec-covid,0,8,dibud,1,72,0,,6367,6366,observation_limit
trec-covid,0,8,dibud,1,73,0,,6367,6366,observation_limit
trec-covid,0,8,dibud,1,74,0,,6367,6366,observation_limit
trec-covid,0,8,dibud,1,75,0,,6367,6366,observation_limit
trec-covid,0,8,dibud,1,76,0,,6367,6366,observation_limit
trec-covid,0,8,dibud,1,77,0,,6367,6366,observation_limit
trec-covid,0,8,dibud,1,78,0,,6367,6366,observation_limit
trec-covid,0,8,dibud,1,79,0,,6367,6366,observation_limit
trec-covid,0,8,dibud,1,80,0,,6367,6366,observation_limit
trec-covid,0,8,dibud,1,81,0,,6367,6366,observation_limit
trec-covid,0,8,dibud,1,82,0,,6367,6366,observation_limit
trec-covid,0,8,dibud,1,83,0,,6367,6366,observation_limit
trec-covid,0,8,dibud,1,84,0,,6367,6366,observation_limit
trec-covid,0,8,dibud,1,85,0,,6367,6366,observation_limit
trec-covid,0,8,dibud,1,86,0,,6367,6366,observation_limit
trec-covid,0,8,dibud,1,87,0,,6367,6366,observation_limit
trec-covid,0,8,dibud,1,88,0,,6367,6366,observation_limit
trec-covid,0,8,dibud,1,89,0,,6367,6366,observation_limit
trec-covid,0,8,dibud,1,90,0,,6367,6366,observation_limit
trec-covid,0,8,dibud,1,91,0,,6367,6366,observation_limit
trec-covid,0,8,dibud,1,92,0,,6367,6366,observation_limit
trec-covid,0,8,dibud,1,93,0,,6367,6366,observation_limit
trec-covid,0,8,dibud,1,94,0,,6367,6366,observation_limit
trec-covid,0,8,dibud,1,95,0,,6367,6366,observation_limit
trec-covid,0,8,dibud,1,96,0,,6367,6366,observation_limit
trec-covid,0,8,dibud,1,97,0,,6367,6366,observation_limit
trec-covid,0,8,dibud,1,98,0,,6367,6366,observation_limit
trec-covid,0,8,dibud,1,99,0,,6367,6366,observation_limit
trec-covid,0,8,dibud,1,100,0,,6367,6366,observation_limit
trec-covid,0,8,balanced,1,1,1,26,26,10000,budget
trec-covid,0,8,balanced,1,2,1,42,42,10000,budget
trec-covid,0,8,balanced,1,3,1,320,320,10000,budget
trec-covid,0,8,balanced,1,4,1,410,410,10000,budget
trec-covid,0,8,balanced,1,5,1,458,458,10000,budget
trec-covid,0,8,balanced,1,6,1,498,498,10000,budget
trec-covid,0,8,balanced,1,7,1,578,578,10000,budget
trec-covid,0,8,balanced,1,8,1,624,624,10000,budget
trec-covid,0,8,balanced,1,9,1,660,660,10000,budget
trec-covid,0,8,balanced,1,10,1,692,692,10000,budget
trec-covid,0,8,balanced,1,11,1,1262,1262,10000,budget
trec-covid,0,8,balanced,1,12,1,1932,1932,10000,budget
trec-covid,0,8,balanced,1,13,1,6302,6302,10000,budget
trec-covid,0,8,balanced,1,14,1,6302,6302,10000,budget
trec-covid,0,8,balanced,1,15,1,6302,6302,10000,budget
trec-covid,0,8,balanced,1,16,1,6302,6302,10000,budget
trec-covid,0,8,balanced,1,17,1,6302,6302,10000,budget
trec-covid,0,8,balanced,1,18,0,,10001,10000,budget
trec-covid,0,8,balanced,1,19,0,,10001,10000,budget
trec-covid,0,8,balanced,1,20,0,,10001,10000,budget
trec-covid,0,8,balanced,1,21,0,,10001,10000,budget
trec-covid,0,8,balanced,1,22,0,,10001,10000,budget
trec-covid,0,8,balanced,1,23,0,,10001,10000,budget
trec-covid,0,8,balanced,1,24,0,,10001,10000,budget
trec-covid,0,8,balanced,1,25,0,,10001,10000,budget
trec-covid,0,8,balanced,1,26,0,,10001,10000,budget
trec-covid,0,8,balanced,1,27,0,,10001,10000,budget
trec-covid,0,8,balanced,1,28,0,,10001,10000,budget
trec-covid,0,8,balanced,1,29,0,,10001,10000,budget
trec-covid,0,8,balanced,1,30,0,,10001,10000,budget
trec-covid,0,8,balanced,1,31,0,,10001,10000,budget
trec-covid,0,8,balanced,1,32,0,,10001,10000,budget
trec-covid,0,8,balanced,1,33,0,,10001,10000,budget
trec-covid,0,8,balanced,1,34,0,,10001,10000,budget
trec-covid,0,8,balanced,1,35,0,,10001,10000,budget
trec-covid,0,8,balanced,1,36,0,,10001,10000,budget
trec-covid,0,8,balanced,1,37,0,,10001,10000,budget
trec-covid,0,8,balanced,1,38,0,,10001,10000,budget
trec-covid,0,8,balanced,1,39,0,,10001,10000,budget
trec-covid,0,8,balanced,1,40,0,,10001,10000,budget
trec-covid,0,8,balanced,1,41,0,,10001,10000,budget
trec-covid,0,8,balanced,1,42,0,,10001,10000,budget
trec-covid,0,8,balanced,1,43,0,,10001,10000,budget
trec-covid,0,8,balanced,1,44,0,,10001,10000,budget
trec-covid,0,8,balanced,1,45,0,,10001,10000,budget
trec-covid,0,8,balanced,1,46,0,,10001,10000,budget
trec-covid,0,8,balanced,1,47,0,,10001,10000,budget
trec-covid,0,8,balanced,1,48,0,,10001,10000,budget
trec-covid,0,8,balanced,1,49,0,,10001,10000,budget
trec-covid,0,8,balanced,1,50,0,,10001,10000,budget
trec-covid,0,8,balanced,1,51,0,,10001,10000,budget
trec-covid,0,8,balanced,1,52,0,,10001,10000,budget
trec-covid,0,8,balanced,1,53,0,,10001,10000,budget
trec-covid,0,8,balanced,1,54,0,,10001,10000,budget
trec-covid,0,8,balanced,1,55,0,,10001,10000,budget
trec-covid,0,8,balanced,1,56,0,,10001,10000,budget
trec-covid,0,8,balanced,1,57,0,,10001,10000,budget
trec-covid,0,8,balanced,1,58,0,,10001,10000,budget
trec-covid,0,8,balanced,1,59,0,,10001,10000,budget
trec-covid,0,8,balanced,1,60,0,,10001,10000,budget
trec-covid,0,8,balanced,1,61,0,,10001,10000,budget
trec-covid,0,8,balanced,1,62,0,,10001,10000,budget
trec-covid,0,8,balanced,1,63,0,,10001,10000,budget
trec-covid,0,8,balanced,1,64,0,,10001,10000,budget
trec-covid,0,8,balanced,1,65,0,,10001,10000,budget
trec-covid,0,8,balanced,1,66,0,,10001,10000,budget
trec-covid,0,8,balanced,1,67,0,,10001,10000,budget
trec-covid,0,8,balanced,1,68,0,,10001,10000,budget
trec-covid,0,8,balanced,1,69,0,,10001,10000,budget
trec-covid,0,8,balanced,1,70,0,,10001,10000,budget
trec-covid,0,8,balanced,1,71,0,,10001,10000,budget
trec-covid,0,8,balanced,1,72,0,,10001,10000,budget
trec-covid,0,8,balanced,1,73,0,,10001,10000,budget
trec-covid,0,8,balanced,1,74,0,,10001,10000,budget
trec-covid,0,8,balanced,1,75,0,,10001,10000,budget
trec-covid,0,8,balanced,1,76,0,,10001,10000,budget
trec-covid,0,8,balanced,1,77,0,,10001,10000,budget
trec-covid,0,8,balanced,1,78,0,,10001,10000,budget
trec-covid,0,8,balanced,1,79,0,,10001,10000,budget
trec-covid,0,8,balanced,1,80,0,,10001,10000,budget
trec-covid,0,8,balanced,1,81,0,,10001,10000,budget
trec-covid,0,8,balanced,1,82,0,,10001,10000,budget
trec-covid,0,8,balanced,1,83,0,,10001,10000,budget
trec-covid,0,8,balanced,1,84,0,,10001,10000,budget
trec-covid,0,8,balanced,1,85,0,,10001,10000,budget
trec-covid,0,8,balanced,1,86,0,,10001,10000,budget
trec-covid,0,8,balanced,1,87,0,,10001,10000,budget
trec-covid,0,8,balanced,1,88,0,,10001,10000,budget
trec-covid,0,8,balanced,1,89,0,,10001,10000,budget
trec-covid,0,8,balanced,1,90,0,,10001,10000,budget
trec-covid,0,8,balanced,1,91,0,,10001,10000,budget
trec-covid,0,8,balanced,1,92,0,,10001,10000,budget
trec-covid,0,8,balanced,1,93,0,,10001,10000,budget
trec-covid,0,8,balanced,1,94,0,,10001,10000,budget
trec-covid,0,8,balanced,1,95,0,,10001,10000,budget
trec-covid,0,8,balanced,1,96,0,,10001,10000,budget
trec-covid,0,8,balanced,1,97,0,,10001,10000,budget
trec-covid,0,8,balanced,1,98,0,,10001,10000,budget
trec-covid,0,8,balanced,1,99,0,,10001,10000,budget
trec-covid,0,8,balanced,1,100,0,,10001,10000,budget
trec-covid,0,8,dibud,64,1,1,128,128,6408,observation_limit
trec-covid,0,8,dibud,64,2,1,128,128,6408,observation_limit
trec-covid,0,8,dibud,64,3,1,384,384,6408,observation_limit
trec-covid,0,8,dibud,64,4,1,512,512,6408,observation_limit
trec-covid,0,8,dibud,64,5,1,512,512,6408,observation_limit
trec-covid,0,8,dibud,64,6,1,512,512,6408,observation_limit
trec-covid,0,8,dibud,64,7,1,640,640,6408,observation_limit
trec-covid,0,8,dibud,64,8,1,640,640,6408,observation_limit
trec-covid,0,8,dibud,64,9,1,704,704,6408,observation_limit
trec-covid,0,8,dibud,64,10,1,704,704,6408,observation_limit
trec-covid,0,8,dibud,64,11,1,1216,1216,6408,observation_limit
trec-covid,0,8,dibud,64,12,1,1792,1792,6408,observation_limit
trec-covid,0,8,dibud,64,13,1,3968,3968,6408,observation_limit
trec-covid,0,8,dibud,64,14,1,3968,3968,6408,observation_limit
trec-covid,0,8,dibud,64,15,1,4032,4032,6408,observation_limit
trec-covid,0,8,dibud,64,16,1,4096,4096,6408,observation_limit
trec-covid,0,8,dibud,64,17,1,4224,4224,6408,observation_limit
trec-covid,0,8,dibud,64,18,0,,6409,6408,observation_limit
trec-covid,0,8,dibud,64,19,0,,6409,6408,observation_limit
trec-covid,0,8,dibud,64,20,0,,6409,6408,observation_limit
trec-covid,0,8,dibud,64,21,0,,6409,6408,observation_limit
trec-covid,0,8,dibud,64,22,0,,6409,6408,observation_limit
trec-covid,0,8,dibud,64,23,0,,6409,6408,observation_limit
trec-covid,0,8,dibud,64,24,0,,6409,6408,observation_limit
trec-covid,0,8,dibud,64,25,0,,6409,6408,observation_limit
trec-covid,0,8,dibud,64,26,0,,6409,6408,observation_limit
trec-covid,0,8,dibud,64,27,0,,6409,6408,observation_limit
trec-covid,0,8,dibud,64,28,0,,6409,6408,observation_limit
trec-covid,0,8,dibud,64,29,0,,6409,6408,observation_limit
trec-covid,0,8,dibud,64,30,0,,6409,6408,observation_limit
trec-covid,0,8,dibud,64,31,0,,6409,6408,observation_limit
trec-covid,0,8,dibud,64,32,0,,6409,6408,observation_limit
trec-covid,0,8,dibud,64,33,0,,6409,6408,observation_limit
trec-covid,0,8,dibud,64,34,0,,6409,6408,observation_limit
trec-covid,0,8,dibud,64,35,0,,6409,6408,observation_limit
trec-covid,0,8,dibud,64,36,0,,6409,6408,observation_limit
trec-covid,0,8,dibud,64,37,0,,6409,6408,observation_limit
trec-covid,0,8,dibud,64,38,0,,6409,6408,observation_limit
trec-covid,0,8,dibud,64,39,0,,6409,6408,observation_limit
trec-covid,0,8,dibud,64,40,0,,6409,6408,observation_limit
trec-covid,0,8,dibud,64,41,0,,6409,6408,observation_limit
trec-covid,0,8,dibud,64,42,0,,6409,6408,observation_limit
trec-covid,0,8,dibud,64,43,0,,6409,6408,observation_limit
trec-covid,0,8,dibud,64,44,0,,6409,6408,observation_limit
trec-covid,0,8,dibud,64,45,0,,6409,6408,observation_limit
trec-covid,0,8,dibud,64,46,0,,6409,6408,observation_limit
trec-covid,0,8,dibud,64,47,0,,6409,6408,observation_limit
trec-covid,0,8,dibud,64,48,0,,6409,6408,observation_limit
trec-covid,0,8,dibud,64,49,0,,6409,6408,observation_limit
trec-covid,0,8,dibud,64,50,0,,6409,6408,observation_limit
trec-covid,0,8,dibud,64,51,0,,6409,6408,observation_limit
trec-covid,0,8,dibud,64,52,0,,6409,6408,observation_limit
trec-covid,0,8,dibud,64,53,0,,6409,6408,observation_limit
trec-covid,0,8,dibud,64,54,0,,6409,6408,observation_limit
trec-covid,0,8,dibud,64,55,0,,6409,6408,observation_limit
trec-covid,0,8,dibud,64,56,0,,6409,6408,observation_limit
trec-covid,0,8,dibud,64,57,0,,6409,6408,observation_limit
trec-covid,0,8,dibud,64,58,0,,6409,6408,observation_limit
trec-covid,0,8,dibud,64,59,0,,6409,6408,observation_limit
trec-covid,0,8,dibud,64,60,0,,6409,6408,observation_limit
trec-covid,0,8,dibud,64,61,0,,6409,6408,observation_limit
trec-covid,0,8,dibud,64,62,0,,6409,6408,observation_limit
trec-covid,0,8,dibud,64,63,0,,6409,6408,observation_limit
trec-covid,0,8,dibud,64,64,0,,6409,6408,observation_limit
trec-covid,0,8,dibud,64,65,0,,6409,6408,observation_limit
trec-covid,0,8,dibud,64,66,0,,6409,6408,observation_limit
trec-covid,0,8,dibud,64,67,0,,6409,6408,observation_limit
trec-covid,0,8,dibud,64,68,0,,6409,6408,observation_limit
trec-covid,0,8,dibud,64,69,0,,6409,6408,observation_limit
trec-covid,0,8,dibud,64,70,0,,6409,6408,observation_limit
trec-covid,0,8,dibud,64,71,0,,6409,6408,observation_limit
trec-covid,0,8,dibud,64,72,0,,6409,6408,observation_limit
trec-covid,0,8,dibud,64,73,0,,6409,6408,observation_limit
trec-covid,0,8,dibud,64,74,0,,6409,6408,observation_limit
trec-covid,0,8,dibud,64,75,0,,6409,6408,observation_limit
trec-covid,0,8,dibud,64,76,0,,6409,6408,observation_limit
trec-covid,0,8,dibud,64,77,0,,6409,6408,observation_limit
trec-covid,0,8,dibud,64,78,0,,6409,6408,observation_limit
trec-covid,0,8,dibud,64,79,0,,6409,6408,observation_limit
trec-covid,0,8,dibud,64,80,0,,6409,6408,observation_limit
trec-covid,0,8,dibud,64,81,0,,6409,6408,observation_limit
trec-covid,0,8,dibud,64,82,0,,6409,6408,observation_limit
trec-covid,0,8,dibud,64,83,0,,6409,6408,observation_limit
trec-covid,0,8,dibud,64,84,0,,6409,6408,observation_limit
trec-covid,0,8,dibud,64,85,0,,6409,6408,observation_limit
trec-covid,0,8,dibud,64,86,0,,6409,6408,observation_limit
trec-covid,0,8,dibud,64,87,0,,6409,6408,observation_limit
trec-covid,0,8,dibud,64,88,0,,6409,6408,observation_limit
trec-covid,0,8,dibud,64,89,0,,6409,6408,observation_limit
trec-covid,0,8,dibud,64,90,0,,6409,6408,observation_limit
trec-covid,0,8,dibud,64,91,0,,6409,6408,observation_limit
trec-covid,0,8,dibud,64,92,0,,6409,6408,observation_limit
trec-covid,0,8,dibud,64,93,0,,6409,6408,observation_limit
trec-covid,0,8,dibud,64,94,0,,6409,6408,observation_limit
trec-covid,0,8,dibud,64,95,0,,6409,6408,observation_limit
trec-covid,0,8,dibud,64,96,0,,6409,6408,observation_limit
trec-covid,0,8,dibud,64,97,0,,6409,6408,observation_limit
trec-covid,0,8,dibud,64,98,0,,6409,6408,observation_limit
trec-covid,0,8,dibud,64,99,0,,6409,6408,observation_limit
trec-covid,0,8,dibud,64,100,0,,6409,6408,observation_limit
trec-covid,0,8,balanced,64,1,1,128,128,10000,budget
trec-covid,0,8,balanced,64,2,1,128,128,10000,budget
trec-covid,0,8,balanced,64,3,1,384,384,10000,budget
trec-covid,0,8,balanced,64,4,1,512,512,10000,budget
trec-covid,0,8,balanced,64,5,1,512,512,10000,budget
trec-covid,0,8,balanced,64,6,1,512,512,10000,budget
trec-covid,0,8,balanced,64,7,1,640,640,10000,budget
trec-covid,0,8,balanced,64,8,1,640,640,10000,budget
trec-covid,0,8,balanced,64,9,1,768,768,10000,budget
trec-covid,0,8,balanced,64,10,1,768,768,10000,budget
trec-covid,0,8,balanced,64,11,1,1280,1280,10000,budget
trec-covid,0,8,balanced,64,12,1,2048,2048,10000,budget
trec-covid,0,8,balanced,64,13,1,6400,6400,10000,budget
trec-covid,0,8,balanced,64,14,1,6400,6400,10000,budget
trec-covid,0,8,balanced,64,15,1,6400,6400,10000,budget
trec-covid,0,8,balanced,64,16,1,6400,6400,10000,budget
trec-covid,0,8,balanced,64,17,1,6400,6400,10000,budget
trec-covid,0,8,balanced,64,18,0,,10001,10000,budget
trec-covid,0,8,balanced,64,19,0,,10001,10000,budget
trec-covid,0,8,balanced,64,20,0,,10001,10000,budget
trec-covid,0,8,balanced,64,21,0,,10001,10000,budget
trec-covid,0,8,balanced,64,22,0,,10001,10000,budget
trec-covid,0,8,balanced,64,23,0,,10001,10000,budget
trec-covid,0,8,balanced,64,24,0,,10001,10000,budget
trec-covid,0,8,balanced,64,25,0,,10001,10000,budget
trec-covid,0,8,balanced,64,26,0,,10001,10000,budget
trec-covid,0,8,balanced,64,27,0,,10001,10000,budget
trec-covid,0,8,balanced,64,28,0,,10001,10000,budget
trec-covid,0,8,balanced,64,29,0,,10001,10000,budget
trec-covid,0,8,balanced,64,30,0,,10001,10000,budget
trec-covid,0,8,balanced,64,31,0,,10001,10000,budget
trec-covid,0,8,balanced,64,32,0,,10001,10000,budget
trec-covid,0,8,balanced,64,33,0,,10001,10000,budget
trec-covid,0,8,balanced,64,34,0,,10001,10000,budget
trec-covid,0,8,balanced,64,35,0,,10001,10000,budget
trec-covid,0,8,balanced,64,36,0,,10001,10000,budget
trec-covid,0,8,balanced,64,37,0,,10001,10000,budget
trec-covid,0,8,balanced,64,38,0,,10001,10000,budget
trec-covid,0,8,balanced,64,39,0,,10001,10000,budget
trec-covid,0,8,balanced,64,40,0,,10001,10000,budget
trec-covid,0,8,balanced,64,41,0,,10001,10000,budget
trec-covid,0,8,balanced,64,42,0,,10001,10000,budget
trec-covid,0,8,balanced,64,43,0,,10001,10000,budget
trec-covid,0,8,balanced,64,44,0,,10001,10000,budget
trec-covid,0,8,balanced,64,45,0,,10001,10000,budget
trec-covid,0,8,balanced,64,46,0,,10001,10000,budget
trec-covid,0,8,balanced,64,47,0,,10001,10000,budget
trec-covid,0,8,balanced,64,48,0,,10001,10000,budget
trec-covid,0,8,balanced,64,49,0,,10001,10000,budget
trec-covid,0,8,balanced,64,50,0,,10001,10000,budget
trec-covid,0,8,balanced,64,51,0,,10001,10000,budget
trec-covid,0,8,balanced,64,52,0,,10001,10000,budget
trec-covid,0,8,balanced,64,53,0,,10001,10000,budget
trec-covid,0,8,balanced,64,54,0,,10001,10000,budget
trec-covid,0,8,balanced,64,55,0,,10001,10000,budget
trec-covid,0,8,balanced,64,56,0,,10001,10000,budget
trec-covid,0,8,balanced,64,57,0,,10001,10000,budget
trec-covid,0,8,balanced,64,58,0,,10001,10000,budget
trec-covid,0,8,balanced,64,59,0,,10001,10000,budget
trec-covid,0,8,balanced,64,60,0,,10001,10000,budget
trec-covid,0,8,balanced,64,61,0,,10001,10000,budget
trec-covid,0,8,balanced,64,62,0,,10001,10000,budget
trec-covid,0,8,balanced,64,63,0,,10001,10000,budget
trec-covid,0,8,balanced,64,64,0,,10001,10000,budget
trec-covid,0,8,balanced,64,65,0,,10001,10000,budget
trec-covid,0,8,balanced,64,66,0,,10001,10000,budget
trec-covid,0,8,balanced,64,67,0,,10001,10000,budget
trec-covid,0,8,balanced,64,68,0,,10001,10000,budget
trec-covid,0,8,balanced,64,69,0,,10001,10000,budget
trec-covid,0,8,balanced,64,70,0,,10001,10000,budget
trec-covid,0,8,balanced,64,71,0,,10001,10000,budget
trec-covid,0,8,balanced,64,72,0,,10001,10000,budget
trec-covid,0,8,balanced,64,73,0,,10001,10000,budget
trec-covid,0,8,balanced,64,74,0,,10001,10000,budget
trec-covid,0,8,balanced,64,75,0,,10001,10000,budget
trec-covid,0,8,balanced,64,76,0,,10001,10000,budget
trec-covid,0,8,balanced,64,77,0,,10001,10000,budget
trec-covid,0,8,balanced,64,78,0,,10001,10000,budget
trec-covid,0,8,balanced,64,79,0,,10001,10000,budget
trec-covid,0,8,balanced,64,80,0,,10001,10000,budget
trec-covid,0,8,balanced,64,81,0,,10001,10000,budget
trec-covid,0,8,balanced,64,82,0,,10001,10000,budget
trec-covid,0,8,balanced,64,83,0,,10001,10000,budget
trec-covid,0,8,balanced,64,84,0,,10001,10000,budget
trec-covid,0,8,balanced,64,85,0,,10001,10000,budget
trec-covid,0,8,balanced,64,86,0,,10001,10000,budget
trec-covid,0,8,balanced,64,87,0,,10001,10000,budget
trec-covid,0,8,balanced,64,88,0,,10001,10000,budget
trec-covid,0,8,balanced,64,89,0,,10001,10000,budget
trec-covid,0,8,balanced,64,90,0,,10001,10000,budget
trec-covid,0,8,balanced,64,91,0,,10001,10000,budget
trec-covid,0,8,balanced,64,92,0,,10001,10000,budget
trec-covid,0,8,balanced,64,93,0,,10001,10000,budget
trec-covid,0,8,balanced,64,94,0,,10001,10000,budget
trec-covid,0,8,balanced,64,95,0,,10001,10000,budget
trec-covid,0,8,balanced,64,96,0,,10001,10000,budget
trec-covid,0,8,balanced,64,97,0,,10001,10000,budget
trec-covid,0,8,balanced,64,98,0,,10001,10000,budget
trec-covid,0,8,balanced,64,99,0,,10001,10000,budget
trec-covid,0,8,balanced,64,100,0,,10001,10000,budget
trec-covid,0,34,dibud,1,1,1,26,26,10000,budget
trec-covid,0,34,dibud,1,2,1,86,86,10000,budget
trec-covid,0,34,dibud,1,3,1,88,88,10000,budget
trec-covid,0,34,dibud,1,4,1,120,120,10000,budget
trec-covid,0,34,dibud,1,5,1,164,164,10000,budget
trec-covid,0,34,dibud,1,6,1,262,262,10000,budget
trec-covid,0,34,dibud,1,7,1,874,874,10000,budget
trec-covid,0,34,dibud,1,8,1,2226,2226,10000,budget
trec-covid,0,34,dibud,1,9,1,2447,2447,10000,budget
trec-covid,0,34,dibud,1,10,1,3138,3138,10000,budget
trec-covid,0,34,dibud,1,11,1,4744,4744,10000,budget
trec-covid,0,34,dibud,1,12,1,5129,5129,10000,budget
trec-covid,0,34,dibud,1,13,1,5705,5705,10000,budget
trec-covid,0,34,dibud,1,14,0,,10001,10000,budget
trec-covid,0,34,dibud,1,15,0,,10001,10000,budget
trec-covid,0,34,dibud,1,16,0,,10001,10000,budget
trec-covid,0,34,dibud,1,17,0,,10001,10000,budget
trec-covid,0,34,dibud,1,18,0,,10001,10000,budget
trec-covid,0,34,dibud,1,19,0,,10001,10000,budget
trec-covid,0,34,dibud,1,20,0,,10001,10000,budget
trec-covid,0,34,dibud,1,21,0,,10001,10000,budget
trec-covid,0,34,dibud,1,22,0,,10001,10000,budget
trec-covid,0,34,dibud,1,23,0,,10001,10000,budget
trec-covid,0,34,dibud,1,24,0,,10001,10000,budget
trec-covid,0,34,dibud,1,25,0,,10001,10000,budget
trec-covid,0,34,dibud,1,26,0,,10001,10000,budget
trec-covid,0,34,dibud,1,27,0,,10001,10000,budget
trec-covid,0,34,dibud,1,28,0,,10001,10000,budget
trec-covid,0,34,dibud,1,29,0,,10001,10000,budget
trec-covid,0,34,dibud,1,30,0,,10001,10000,budget
trec-covid,0,34,dibud,1,31,0,,10001,10000,budget
trec-covid,0,34,dibud,1,32,0,,10001,10000,budget
trec-covid,0,34,dibud,1,33,0,,10001,10000,budget
trec-covid,0,34,dibud,1,34,0,,10001,10000,budget
trec-covid,0,34,dibud,1,35,0,,10001,10000,budget
trec-covid,0,34,dibud,1,36,0,,10001,10000,budget
trec-covid,0,34,dibud,1,37,0,,10001,10000,budget
trec-covid,0,34,dibud,1,38,0,,10001,10000,budget
trec-covid,0,34,dibud,1,39,0,,10001,10000,budget
trec-covid,0,34,dibud,1,40,0,,10001,10000,budget
trec-covid,0,34,dibud,1,41,0,,10001,10000,budget
trec-covid,0,34,dibud,1,42,0,,10001,10000,budget
trec-covid,0,34,dibud,1,43,0,,10001,10000,budget
trec-covid,0,34,dibud,1,44,0,,10001,10000,budget
trec-covid,0,34,dibud,1,45,0,,10001,10000,budget
trec-covid,0,34,dibud,1,46,0,,10001,10000,budget
trec-covid,0,34,dibud,1,47,0,,10001,10000,budget
trec-covid,0,34,dibud,1,48,0,,10001,10000,budget
trec-covid,0,34,dibud,1,49,0,,10001,10000,budget
trec-covid,0,34,dibud,1,50,0,,10001,10000,budget
trec-covid,0,34,dibud,1,51,0,,10001,10000,budget
trec-covid,0,34,dibud,1,52,0,,10001,10000,budget
trec-covid,0,34,dibud,1,53,0,,10001,10000,budget
trec-covid,0,34,dibud,1,54,0,,10001,10000,budget
trec-covid,0,34,dibud,1,55,0,,10001,10000,budget
trec-covid,0,34,dibud,1,56,0,,10001,10000,budget
trec-covid,0,34,dibud,1,57,0,,10001,10000,budget
trec-covid,0,34,dibud,1,58,0,,10001,10000,budget
trec-covid,0,34,dibud,1,59,0,,10001,10000,budget
trec-covid,0,34,dibud,1,60,0,,10001,10000,budget
trec-covid,0,34,dibud,1,61,0,,10001,10000,budget
trec-covid,0,34,dibud,1,62,0,,10001,10000,budget
trec-covid,0,34,dibud,1,63,0,,10001,10000,budget
trec-covid,0,34,dibud,1,64,0,,10001,10000,budget
trec-covid,0,34,dibud,1,65,0,,10001,10000,budget
trec-covid,0,34,dibud,1,66,0,,10001,10000,budget
trec-covid,0,34,dibud,1,67,0,,10001,10000,budget
trec-covid,0,34,dibud,1,68,0,,10001,10000,budget
trec-covid,0,34,dibud,1,69,0,,10001,10000,budget
trec-covid,0,34,dibud,1,70,0,,10001,10000,budget
trec-covid,0,34,dibud,1,71,0,,10001,10000,budget
trec-covid,0,34,dibud,1,72,0,,10001,10000,budget
trec-covid,0,34,dibud,1,73,0,,10001,10000,budget
trec-covid,0,34,dibud,1,74,0,,10001,10000,budget
trec-covid,0,34,dibud,1,75,0,,10001,10000,budget
trec-covid,0,34,dibud,1,76,0,,10001,10000,budget
trec-covid,0,34,dibud,1,77,0,,10001,10000,budget
trec-covid,0,34,dibud,1,78,0,,10001,10000,budget
trec-covid,0,34,dibud,1,79,0,,10001,10000,budget
trec-covid,0,34,dibud,1,80,0,,10001,10000,budget
trec-covid,0,34,dibud,1,81,0,,10001,10000,budget
trec-covid,0,34,dibud,1,82,0,,10001,10000,budget
trec-covid,0,34,dibud,1,83,0,,10001,10000,budget
trec-covid,0,34,dibud,1,84,0,,10001,10000,budget
trec-covid,0,34,dibud,1,85,0,,10001,10000,budget
trec-covid,0,34,dibud,1,86,0,,10001,10000,budget
trec-covid,0,34,dibud,1,87,0,,10001,10000,budget
trec-covid,0,34,dibud,1,88,0,,10001,10000,budget
trec-covid,0,34,dibud,1,89,0,,10001,10000,budget
trec-covid,0,34,dibud,1,90,0,,10001,10000,budget
trec-covid,0,34,dibud,1,91,0,,10001,10000,budget
trec-covid,0,34,dibud,1,92,0,,10001,10000,budget
trec-covid,0,34,dibud,1,93,0,,10001,10000,budget
trec-covid,0,34,dibud,1,94,0,,10001,10000,budget
trec-covid,0,34,dibud,1,95,0,,10001,10000,budget
trec-covid,0,34,dibud,1,96,0,,10001,10000,budget
trec-covid,0,34,dibud,1,97,0,,10001,10000,budget
trec-covid,0,34,dibud,1,98,0,,10001,10000,budget
trec-covid,0,34,dibud,1,99,0,,10001,10000,budget
trec-covid,0,34,dibud,1,100,0,,10001,10000,budget
trec-covid,0,34,balanced,1,1,1,26,26,10000,budget
trec-covid,0,34,balanced,1,2,1,86,86,10000,budget
trec-covid,0,34,balanced,1,3,1,88,88,10000,budget
trec-covid,0,34,balanced,1,4,1,120,120,10000,budget
trec-covid,0,34,balanced,1,5,1,164,164,10000,budget
trec-covid,0,34,balanced,1,6,1,262,262,10000,budget
trec-covid,0,34,balanced,1,7,1,874,874,10000,budget
trec-covid,0,34,balanced,1,8,1,2226,2226,10000,budget
trec-covid,0,34,balanced,1,9,1,2448,2448,10000,budget
trec-covid,0,34,balanced,1,10,1,3827,3827,10000,budget
trec-covid,0,34,balanced,1,11,1,7039,7039,10000,budget
trec-covid,0,34,balanced,1,12,1,7809,7809,10000,budget
trec-covid,0,34,balanced,1,13,1,7809,7809,10000,budget
trec-covid,0,34,balanced,1,14,0,,10001,10000,budget
trec-covid,0,34,balanced,1,15,0,,10001,10000,budget
trec-covid,0,34,balanced,1,16,0,,10001,10000,budget
trec-covid,0,34,balanced,1,17,0,,10001,10000,budget
trec-covid,0,34,balanced,1,18,0,,10001,10000,budget
trec-covid,0,34,balanced,1,19,0,,10001,10000,budget
trec-covid,0,34,balanced,1,20,0,,10001,10000,budget
trec-covid,0,34,balanced,1,21,0,,10001,10000,budget
trec-covid,0,34,balanced,1,22,0,,10001,10000,budget
trec-covid,0,34,balanced,1,23,0,,10001,10000,budget
trec-covid,0,34,balanced,1,24,0,,10001,10000,budget
trec-covid,0,34,balanced,1,25,0,,10001,10000,budget
trec-covid,0,34,balanced,1,26,0,,10001,10000,budget
trec-covid,0,34,balanced,1,27,0,,10001,10000,budget
trec-covid,0,34,balanced,1,28,0,,10001,10000,budget
trec-covid,0,34,balanced,1,29,0,,10001,10000,budget
trec-covid,0,34,balanced,1,30,0,,10001,10000,budget
trec-covid,0,34,balanced,1,31,0,,10001,10000,budget
trec-covid,0,34,balanced,1,32,0,,10001,10000,budget
trec-covid,0,34,balanced,1,33,0,,10001,10000,budget
trec-covid,0,34,balanced,1,34,0,,10001,10000,budget
trec-covid,0,34,balanced,1,35,0,,10001,10000,budget
trec-covid,0,34,balanced,1,36,0,,10001,10000,budget
trec-covid,0,34,balanced,1,37,0,,10001,10000,budget
trec-covid,0,34,balanced,1,38,0,,10001,10000,budget
trec-covid,0,34,balanced,1,39,0,,10001,10000,budget
trec-covid,0,34,balanced,1,40,0,,10001,10000,budget
trec-covid,0,34,balanced,1,41,0,,10001,10000,budget
trec-covid,0,34,balanced,1,42,0,,10001,10000,budget
trec-covid,0,34,balanced,1,43,0,,10001,10000,budget
trec-covid,0,34,balanced,1,44,0,,10001,10000,budget
trec-covid,0,34,balanced,1,45,0,,10001,10000,budget
trec-covid,0,34,balanced,1,46,0,,10001,10000,budget
trec-covid,0,34,balanced,1,47,0,,10001,10000,budget
trec-covid,0,34,balanced,1,48,0,,10001,10000,budget
trec-covid,0,34,balanced,1,49,0,,10001,10000,budget
trec-covid,0,34,balanced,1,50,0,,10001,10000,budget
trec-covid,0,34,balanced,1,51,0,,10001,10000,budget
trec-covid,0,34,balanced,1,52,0,,10001,10000,budget
trec-covid,0,34,balanced,1,53,0,,10001,10000,budget
trec-covid,0,34,balanced,1,54,0,,10001,10000,budget
trec-covid,0,34,balanced,1,55,0,,10001,10000,budget
trec-covid,0,34,balanced,1,56,0,,10001,10000,budget
trec-covid,0,34,balanced,1,57,0,,10001,10000,budget
trec-covid,0,34,balanced,1,58,0,,10001,10000,budget
trec-covid,0,34,balanced,1,59,0,,10001,10000,budget
trec-covid,0,34,balanced,1,60,0,,10001,10000,budget
trec-covid,0,34,balanced,1,61,0,,10001,10000,budget
trec-covid,0,34,balanced,1,62,0,,10001,10000,budget
trec-covid,0,34,balanced,1,63,0,,10001,10000,budget
trec-covid,0,34,balanced,1,64,0,,10001,10000,budget
trec-covid,0,34,balanced,1,65,0,,10001,10000,budget
trec-covid,0,34,balanced,1,66,0,,10001,10000,budget
trec-covid,0,34,balanced,1,67,0,,10001,10000,budget
trec-covid,0,34,balanced,1,68,0,,10001,10000,budget
trec-covid,0,34,balanced,1,69,0,,10001,10000,budget
trec-covid,0,34,balanced,1,70,0,,10001,10000,budget
trec-covid,0,34,balanced,1,71,0,,10001,10000,budget
trec-covid,0,34,balanced,1,72,0,,10001,10000,budget
trec-covid,0,34,balanced,1,73,0,,10001,10000,budget
trec-covid,0,34,balanced,1,74,0,,10001,10000,budget
trec-covid,0,34,balanced,1,75,0,,10001,10000,budget
trec-covid,0,34,balanced,1,76,0,,10001,10000,budget
trec-covid,0,34,balanced,1,77,0,,10001,10000,budget
trec-covid,0,34,balanced,1,78,0,,10001,10000,budget
trec-covid,0,34,balanced,1,79,0,,10001,10000,budget
trec-covid,0,34,balanced,1,80,0,,10001,10000,budget
trec-covid,0,34,balanced,1,81,0,,10001,10000,budget
trec-covid,0,34,balanced,1,82,0,,10001,10000,budget
trec-covid,0,34,balanced,1,83,0,,10001,10000,budget
trec-covid,0,34,balanced,1,84,0,,10001,10000,budget
trec-covid,0,34,balanced,1,85,0,,10001,10000,budget
trec-covid,0,34,balanced,1,86,0,,10001,10000,budget
trec-covid,0,34,balanced,1,87,0,,10001,10000,budget
trec-covid,0,34,balanced,1,88,0,,10001,10000,budget
trec-covid,0,34,balanced,1,89,0,,10001,10000,budget
trec-covid,0,34,balanced,1,90,0,,10001,10000,budget
trec-covid,0,34,balanced,1,91,0,,10001,10000,budget
trec-covid,0,34,balanced,1,92,0,,10001,10000,budget
trec-covid,0,34,balanced,1,93,0,,10001,10000,budget
trec-covid,0,34,balanced,1,94,0,,10001,10000,budget
trec-covid,0,34,balanced,1,95,0,,10001,10000,budget
trec-covid,0,34,balanced,1,96,0,,10001,10000,budget
trec-covid,0,34,balanced,1,97,0,,10001,10000,budget
trec-covid,0,34,balanced,1,98,0,,10001,10000,budget
trec-covid,0,34,balanced,1,99,0,,10001,10000,budget
trec-covid,0,34,balanced,1,100,0,,10001,10000,budget
trec-covid,0,34,dibud,64,1,1,128,128,10000,budget
trec-covid,0,34,dibud,64,2,1,128,128,10000,budget
trec-covid,0,34,dibud,64,3,1,128,128,10000,budget
trec-covid,0,34,dibud,64,4,1,128,128,10000,budget
trec-covid,0,34,dibud,64,5,1,256,256,10000,budget
trec-covid,0,34,dibud,64,6,1,384,384,10000,budget
trec-covid,0,34,dibud,64,7,1,896,896,10000,budget
trec-covid,0,34,dibud,64,8,1,2304,2304,10000,budget
trec-covid,0,34,dibud,64,9,1,2560,2560,10000,budget
trec-covid,0,34,dibud,64,10,1,3200,3200,10000,budget
trec-covid,0,34,dibud,64,11,1,4800,4800,10000,budget
trec-covid,0,34,dibud,64,12,1,5248,5248,10000,budget
trec-covid,0,34,dibud,64,13,1,5824,5824,10000,budget
trec-covid,0,34,dibud,64,14,0,,10001,10000,budget
trec-covid,0,34,dibud,64,15,0,,10001,10000,budget
trec-covid,0,34,dibud,64,16,0,,10001,10000,budget
trec-covid,0,34,dibud,64,17,0,,10001,10000,budget
trec-covid,0,34,dibud,64,18,0,,10001,10000,budget
trec-covid,0,34,dibud,64,19,0,,10001,10000,budget
trec-covid,0,34,dibud,64,20,0,,10001,10000,budget
trec-covid,0,34,dibud,64,21,0,,10001,10000,budget
trec-covid,0,34,dibud,64,22,0,,10001,10000,budget
trec-covid,0,34,dibud,64,23,0,,10001,10000,budget
trec-covid,0,34,dibud,64,24,0,,10001,10000,budget
trec-covid,0,34,dibud,64,25,0,,10001,10000,budget
trec-covid,0,34,dibud,64,26,0,,10001,10000,budget
trec-covid,0,34,dibud,64,27,0,,10001,10000,budget
trec-covid,0,34,dibud,64,28,0,,10001,10000,budget
trec-covid,0,34,dibud,64,29,0,,10001,10000,budget
trec-covid,0,34,dibud,64,30,0,,10001,10000,budget
trec-covid,0,34,dibud,64,31,0,,10001,10000,budget
trec-covid,0,34,dibud,64,32,0,,10001,10000,budget
trec-covid,0,34,dibud,64,33,0,,10001,10000,budget
trec-covid,0,34,dibud,64,34,0,,10001,10000,budget
trec-covid,0,34,dibud,64,35,0,,10001,10000,budget
trec-covid,0,34,dibud,64,36,0,,10001,10000,budget
trec-covid,0,34,dibud,64,37,0,,10001,10000,budget
trec-covid,0,34,dibud,64,38,0,,10001,10000,budget
trec-covid,0,34,dibud,64,39,0,,10001,10000,budget
trec-covid,0,34,dibud,64,40,0,,10001,10000,budget
trec-covid,0,34,dibud,64,41,0,,10001,10000,budget
trec-covid,0,34,dibud,64,42,0,,10001,10000,budget
trec-covid,0,34,dibud,64,43,0,,10001,10000,budget
trec-covid,0,34,dibud,64,44,0,,10001,10000,budget
trec-covid,0,34,dibud,64,45,0,,10001,10000,budget
trec-covid,0,34,dibud,64,46,0,,10001,10000,budget
trec-covid,0,34,dibud,64,47,0,,10001,10000,budget
trec-covid,0,34,dibud,64,48,0,,10001,10000,budget
trec-covid,0,34,dibud,64,49,0,,10001,10000,budget
trec-covid,0,34,dibud,64,50,0,,10001,10000,budget
trec-covid,0,34,dibud,64,51,0,,10001,10000,budget
trec-covid,0,34,dibud,64,52,0,,10001,10000,budget
trec-covid,0,34,dibud,64,53,0,,10001,10000,budget
trec-covid,0,34,dibud,64,54,0,,10001,10000,budget
trec-covid,0,34,dibud,64,55,0,,10001,10000,budget
trec-covid,0,34,dibud,64,56,0,,10001,10000,budget
trec-covid,0,34,dibud,64,57,0,,10001,10000,budget
trec-covid,0,34,dibud,64,58,0,,10001,10000,budget
trec-covid,0,34,dibud,64,59,0,,10001,10000,budget
trec-covid,0,34,dibud,64,60,0,,10001,10000,budget
trec-covid,0,34,dibud,64,61,0,,10001,10000,budget
trec-covid,0,34,dibud,64,62,0,,10001,10000,budget
trec-covid,0,34,dibud,64,63,0,,10001,10000,budget
trec-covid,0,34,dibud,64,64,0,,10001,10000,budget
trec-covid,0,34,dibud,64,65,0,,10001,10000,budget
trec-covid,0,34,dibud,64,66,0,,10001,10000,budget
trec-covid,0,34,dibud,64,67,0,,10001,10000,budget
trec-covid,0,34,dibud,64,68,0,,10001,10000,budget
trec-covid,0,34,dibud,64,69,0,,10001,10000,budget
trec-covid,0,34,dibud,64,70,0,,10001,10000,budget
trec-covid,0,34,dibud,64,71,0,,10001,10000,budget
trec-covid,0,34,dibud,64,72,0,,10001,10000,budget
trec-covid,0,34,dibud,64,73,0,,10001,10000,budget
trec-covid,0,34,dibud,64,74,0,,10001,10000,budget
trec-covid,0,34,dibud,64,75,0,,10001,10000,budget
trec-covid,0,34,dibud,64,76,0,,10001,10000,budget
trec-covid,0,34,dibud,64,77,0,,10001,10000,budget
trec-covid,0,34,dibud,64,78,0,,10001,10000,budget
trec-covid,0,34,dibud,64,79,0,,10001,10000,budget
trec-covid,0,34,dibud,64,80,0,,10001,10000,budget
trec-covid,0,34,dibud,64,81,0,,10001,10000,budget
trec-covid,0,34,dibud,64,82,0,,10001,10000,budget
trec-covid,0,34,dibud,64,83,0,,10001,10000,budget
trec-covid,0,34,dibud,64,84,0,,10001,10000,budget
trec-covid,0,34,dibud,64,85,0,,10001,10000,budget
trec-covid,0,34,dibud,64,86,0,,10001,10000,budget
trec-covid,0,34,dibud,64,87,0,,10001,10000,budget
trec-covid,0,34,dibud,64,88,0,,10001,10000,budget
trec-covid,0,34,dibud,64,89,0,,10001,10000,budget
trec-covid,0,34,dibud,64,90,0,,10001,10000,budget
trec-covid,0,34,dibud,64,91,0,,10001,10000,budget
trec-covid,0,34,dibud,64,92,0,,10001,10000,budget
trec-covid,0,34,dibud,64,93,0,,10001,10000,budget
trec-covid,0,34,dibud,64,94,0,,10001,10000,budget
trec-covid,0,34,dibud,64,95,0,,10001,10000,budget
trec-covid,0,34,dibud,64,96,0,,10001,10000,budget
trec-covid,0,34,dibud,64,97,0,,10001,10000,budget
trec-covid,0,34,dibud,64,98,0,,10001,10000,budget
trec-covid,0,34,dibud,64,99,0,,10001,10000,budget
trec-covid,0,34,dibud,64,100,0,,10001,10000,budget
trec-covid,0,34,balanced,64,1,1,128,128,10000,budget
trec-covid,0,34,balanced,64,2,1,128,128,10000,budget
trec-covid,0,34,balanced,64,3,1,128,128,10000,budget
trec-covid,0,34,balanced,64,4,1,128,128,10000,budget
trec-covid,0,34,balanced,64,5,1,256,256,10000,budget
trec-covid,0,34,balanced,64,6,1,384,384,10000,budget
trec-covid,0,34,balanced,64,7,1,896,896,10000,budget
trec-covid,0,34,balanced,64,8,1,2304,2304,10000,budget
trec-covid,0,34,balanced,64,9,1,2560,2560,10000,budget
trec-covid,0,34,balanced,64,10,1,3776,3776,10000,budget
trec-covid,0,34,balanced,64,11,1,6976,6976,10000,budget
trec-covid,0,34,balanced,64,12,1,7872,7872,10000,budget
trec-covid,0,34,balanced,64,13,1,7872,7872,10000,budget
trec-covid,0,34,balanced,64,14,0,,10001,10000,budget
trec-covid,0,34,balanced,64,15,0,,10001,10000,budget
trec-covid,0,34,balanced,64,16,0,,10001,10000,budget
trec-covid,0,34,balanced,64,17,0,,10001,10000,budget
trec-covid,0,34,balanced,64,18,0,,10001,10000,budget
trec-covid,0,34,balanced,64,19,0,,10001,10000,budget
trec-covid,0,34,balanced,64,20,0,,10001,10000,budget
trec-covid,0,34,balanced,64,21,0,,10001,10000,budget
trec-covid,0,34,balanced,64,22,0,,10001,10000,budget
trec-covid,0,34,balanced,64,23,0,,10001,10000,budget
trec-covid,0,34,balanced,64,24,0,,10001,10000,budget
trec-covid,0,34,balanced,64,25,0,,10001,10000,budget
trec-covid,0,34,balanced,64,26,0,,10001,10000,budget
trec-covid,0,34,balanced,64,27,0,,10001,10000,budget
trec-covid,0,34,balanced,64,28,0,,10001,10000,budget
trec-covid,0,34,balanced,64,29,0,,10001,10000,budget
trec-covid,0,34,balanced,64,30,0,,10001,10000,budget
trec-covid,0,34,balanced,64,31,0,,10001,10000,budget
trec-covid,0,34,balanced,64,32,0,,10001,10000,budget
trec-covid,0,34,balanced,64,33,0,,10001,10000,budget
trec-covid,0,34,balanced,64,34,0,,10001,10000,budget
trec-covid,0,34,balanced,64,35,0,,10001,10000,budget
trec-covid,0,34,balanced,64,36,0,,10001,10000,budget
trec-covid,0,34,balanced,64,37,0,,10001,10000,budget
trec-covid,0,34,balanced,64,38,0,,10001,10000,budget
trec-covid,0,34,balanced,64,39,0,,10001,10000,budget
trec-covid,0,34,balanced,64,40,0,,10001,10000,budget
trec-covid,0,34,balanced,64,41,0,,10001,10000,budget
trec-covid,0,34,balanced,64,42,0,,10001,10000,budget
trec-covid,0,34,balanced,64,43,0,,10001,10000,budget
trec-covid,0,34,balanced,64,44,0,,10001,10000,budget
trec-covid,0,34,balanced,64,45,0,,10001,10000,budget
trec-covid,0,34,balanced,64,46,0,,10001,10000,budget
trec-covid,0,34,balanced,64,47,0,,10001,10000,budget
trec-covid,0,34,balanced,64,48,0,,10001,10000,budget
trec-covid,0,34,balanced,64,49,0,,10001,10000,budget
trec-covid,0,34,balanced,64,50,0,,10001,10000,budget
trec-covid,0,34,balanced,64,51,0,,10001,10000,budget
trec-covid,0,34,balanced,64,52,0,,10001,10000,budget
trec-covid,0,34,balanced,64,53,0,,10001,10000,budget
trec-covid,0,34,balanced,64,54,0,,10001,10000,budget
trec-covid,0,34,balanced,64,55,0,,10001,10000,budget
trec-covid,0,34,balanced,64,56,0,,10001,10000,budget
trec-covid,0,34,balanced,64,57,0,,10001,10000,budget
trec-covid,0,34,balanced,64,58,0,,10001,10000,budget
trec-covid,0,34,balanced,64,59,0,,10001,10000,budget
trec-covid,0,34,balanced,64,60,0,,10001,10000,budget
trec-covid,0,34,balanced,64,61,0,,10001,10000,budget
trec-covid,0,34,balanced,64,62,0,,10001,10000,budget
trec-covid,0,34,balanced,64,63,0,,10001,10000,budget
trec-covid,0,34,balanced,64,64,0,,10001,10000,budget
trec-covid,0,34,balanced,64,65,0,,10001,10000,budget
trec-covid,0,34,balanced,64,66,0,,10001,10000,budget
trec-covid,0,34,balanced,64,67,0,,10001,10000,budget
trec-covid,0,34,balanced,64,68,0,,10001,10000,budget
trec-covid,0,34,balanced,64,69,0,,10001,10000,budget
trec-covid,0,34,balanced,64,70,0,,10001,10000,budget
trec-covid,0,34,balanced,64,71,0,,10001,10000,budget
trec-covid,0,34,balanced,64,72,0,,10001,10000,budget
trec-covid,0,34,balanced,64,73,0,,10001,10000,budget
trec-covid,0,34,balanced,64,74,0,,10001,10000,budget
trec-covid,0,34,balanced,64,75,0,,10001,10000,budget
trec-covid,0,34,balanced,64,76,0,,10001,10000,budget
trec-covid,0,34,balanced,64,77,0,,10001,10000,budget
trec-covid,0,34,balanced,64,78,0,,10001,10000,budget
trec-covid,0,34,balanced,64,79,0,,10001,10000,budget
trec-covid,0,34,balanced,64,80,0,,10001,10000,budget
trec-covid,0,34,balanced,64,81,0,,10001,10000,budget
trec-covid,0,34,balanced,64,82,0,,10001,10000,budget
trec-covid,0,34,balanced,64,83,0,,10001,10000,budget
trec-covid,0,34,balanced,64,84,0,,10001,10000,budget
trec-covid,0,34,balanced,64,85,0,,10001,10000,budget
trec-covid,0,34,balanced,64,86,0,,10001,10000,budget
trec-covid,0,34,balanced,64,87,0,,10001,10000,budget
trec-covid,0,34,balanced,64,88,0,,10001,10000,budget
trec-covid,0,34,balanced,64,89,0,,10001,10000,budget
trec-covid,0,34,balanced,64,90,0,,10001,10000,budget
trec-covid,0,34,balanced,64,91,0,,10001,10000,budget
trec-covid,0,34,balanced,64,92,0,,10001,10000,budget
trec-covid,0,34,balanced,64,93,0,,10001,10000,budget
trec-covid,0,34,balanced,64,94,0,,10001,10000,budget
trec-covid,0,34,balanced,64,95,0,,10001,10000,budget
trec-covid,0,34,balanced,64,96,0,,10001,10000,budget
trec-covid,0,34,balanced,64,97,0,,10001,10000,budget
trec-covid,0,34,balanced,64,98,0,,10001,10000,budget
trec-covid,0,34,balanced,64,99,0,,10001,10000,budget
trec-covid,0,34,balanced,64,100,0,,10001,10000,budget
trec-covid-chrono-r1,1,7,dibud,1,1,1,16,16,6335,cap100
trec-covid-chrono-r1,1,7,dibud,1,2,1,24,24,6335,cap100
trec-covid-chrono-r1,1,7,dibud,1,3,1,30,30,6335,cap100
trec-covid-chrono-r1,1,7,dibud,1,4,1,42,42,6335,cap100
trec-covid-chrono-r1,1,7,dibud,1,5,1,48,48,6335,cap100
trec-covid-chrono-r1,1,7,dibud,1,6,1,54,54,6335,cap100
trec-covid-chrono-r1,1,7,dibud,1,7,1,67,67,6335,cap100
trec-covid-chrono-r1,1,7,dibud,1,8,1,99,99,6335,cap100
trec-covid-chrono-r1,1,7,dibud,1,9,1,117,117,6335,cap100
trec-covid-chrono-r1,1,7,dibud,1,10,1,126,126,6335,cap100
trec-covid-chrono-r1,1,7,dibud,1,11,1,128,128,6335,cap100
trec-covid-chrono-r1,1,7,dibud,1,12,1,135,135,6335,cap100
trec-covid-chrono-r1,1,7,dibud,1,13,1,139,139,6335,cap100
trec-covid-chrono-r1,1,7,dibud,1,14,1,149,149,6335,cap100
trec-covid-chrono-r1,1,7,dibud,1,15,1,153,153,6335,cap100
trec-covid-chrono-r1,1,7,dibud,1,16,1,161,161,6335,cap100
trec-covid-chrono-r1,1,7,dibud,1,17,1,185,185,6335,cap100
trec-covid-chrono-r1,1,7,dibud,1,18,1,207,207,6335,cap100
trec-covid-chrono-r1,1,7,dibud,1,19,1,240,240,6335,cap100
trec-covid-chrono-r1,1,7,dibud,1,20,1,298,298,6335,cap100
trec-covid-chrono-r1,1,7,dibud,1,21,1,306,306,6335,cap100
trec-covid-chrono-r1,1,7,dibud,1,22,1,307,307,6335,cap100
trec-covid-chrono-r1,1,7,dibud,1,23,1,339,339,6335,cap100
trec-covid-chrono-r1,1,7,dibud,1,24,1,346,346,6335,cap100
trec-covid-chrono-r1,1,7,dibud,1,25,1,347,347,6335,cap100
trec-covid-chrono-r1,1,7,dibud,1,26,1,347,347,6335,cap100
trec-covid-chrono-r1,1,7,dibud,1,27,1,365,365,6335,cap100
trec-covid-chrono-r1,1,7,dibud,1,28,1,369,369,6335,cap100
trec-covid-chrono-r1,1,7,dibud,1,29,1,383,383,6335,cap100
trec-covid-chrono-r1,1,7,dibud,1,30,1,488,488,6335,cap100
trec-covid-chrono-r1,1,7,dibud,1,31,1,519,519,6335,cap100
trec-covid-chrono-r1,1,7,dibud,1,32,1,679,679,6335,cap100
trec-covid-chrono-r1,1,7,dibud,1,33,1,711,711,6335,cap100
trec-covid-chrono-r1,1,7,dibud,1,34,1,762,762,6335,cap100
trec-covid-chrono-r1,1,7,dibud,1,35,1,778,778,6335,cap100
trec-covid-chrono-r1,1,7,dibud,1,36,1,869,869,6335,cap100
trec-covid-chrono-r1,1,7,dibud,1,37,1,899,899,6335,cap100
trec-covid-chrono-r1,1,7,dibud,1,38,1,983,983,6335,cap100
trec-covid-chrono-r1,1,7,dibud,1,39,1,991,991,6335,cap100
trec-covid-chrono-r1,1,7,dibud,1,40,1,1044,1044,6335,cap100
trec-covid-chrono-r1,1,7,dibud,1,41,1,1074,1074,6335,cap100
trec-covid-chrono-r1,1,7,dibud,1,42,1,1288,1288,6335,cap100
trec-covid-chrono-r1,1,7,dibud,1,43,1,1293,1293,6335,cap100
trec-covid-chrono-r1,1,7,dibud,1,44,1,1301,1301,6335,cap100
trec-covid-chrono-r1,1,7,dibud,1,45,1,1413,1413,6335,cap100
trec-covid-chrono-r1,1,7,dibud,1,46,1,1704,1704,6335,cap100
trec-covid-chrono-r1,1,7,dibud,1,47,1,2095,2095,6335,cap100
trec-covid-chrono-r1,1,7,dibud,1,48,1,2193,2193,6335,cap100
trec-covid-chrono-r1,1,7,dibud,1,49,1,2457,2457,6335,cap100
trec-covid-chrono-r1,1,7,dibud,1,50,1,2495,2495,6335,cap100
trec-covid-chrono-r1,1,7,dibud,1,51,1,2808,2808,6335,cap100
trec-covid-chrono-r1,1,7,dibud,1,52,1,2808,2808,6335,cap100
trec-covid-chrono-r1,1,7,dibud,1,53,1,2825,2825,6335,cap100
trec-covid-chrono-r1,1,7,dibud,1,54,1,3090,3090,6335,cap100
trec-covid-chrono-r1,1,7,dibud,1,55,1,3181,3181,6335,cap100
trec-covid-chrono-r1,1,7,dibud,1,56,1,3241,3241,6335,cap100
trec-covid-chrono-r1,1,7,dibud,1,57,1,3241,3241,6335,cap100
trec-covid-chrono-r1,1,7,dibud,1,58,1,3241,3241,6335,cap100
trec-covid-chrono-r1,1,7,dibud,1,59,1,3241,3241,6335,cap100
trec-covid-chrono-r1,1,7,dibud,1,60,1,3241,3241,6335,cap100
trec-covid-chrono-r1,1,7,dibud,1,61,1,3241,3241,6335,cap100
trec-covid-chrono-r1,1,7,dibud,1,62,1,3241,3241,6335,cap100
trec-covid-chrono-r1,1,7,dibud,1,63,1,4463,4463,6335,cap100
trec-covid-chrono-r1,1,7,dibud,1,64,1,5298,5298,6335,cap100
trec-covid-chrono-r1,1,7,dibud,1,65,1,5298,5298,6335,cap100
trec-covid-chrono-r1,1,7,dibud,1,66,1,5298,5298,6335,cap100
trec-covid-chrono-r1,1,7,dibud,1,67,1,5298,5298,6335,cap100
trec-covid-chrono-r1,1,7,dibud,1,68,1,5298,5298,6335,cap100
trec-covid-chrono-r1,1,7,dibud,1,69,1,5298,5298,6335,cap100
trec-covid-chrono-r1,1,7,dibud,1,70,1,5298,5298,6335,cap100
trec-covid-chrono-r1,1,7,dibud,1,71,1,5298,5298,6335,cap100
trec-covid-chrono-r1,1,7,dibud,1,72,1,5298,5298,6335,cap100
trec-covid-chrono-r1,1,7,dibud,1,73,1,5298,5298,6335,cap100
trec-covid-chrono-r1,1,7,dibud,1,74,1,5298,5298,6335,cap100
trec-covid-chrono-r1,1,7,dibud,1,75,1,5298,5298,6335,cap100
trec-covid-chrono-r1,1,7,dibud,1,76,1,5298,5298,6335,cap100
trec-covid-chrono-r1,1,7,dibud,1,77,1,5298,5298,6335,cap100
trec-covid-chrono-r1,1,7,dibud,1,78,1,5298,5298,6335,cap100
trec-covid-chrono-r1,1,7,dibud,1,79,1,5298,5298,6335,cap100
trec-covid-chrono-r1,1,7,dibud,1,80,1,5298,5298,6335,cap100
trec-covid-chrono-r1,1,7,dibud,1,81,1,5298,5298,6335,cap100
trec-covid-chrono-r1,1,7,dibud,1,82,1,5298,5298,6335,cap100
trec-covid-chrono-r1,1,7,dibud,1,83,1,5298,5298,6335,cap100
trec-covid-chrono-r1,1,7,dibud,1,84,1,5298,5298,6335,cap100
trec-covid-chrono-r1,1,7,dibud,1,85,1,5298,5298,6335,cap100
trec-covid-chrono-r1,1,7,dibud,1,86,1,5298,5298,6335,cap100
trec-covid-chrono-r1,1,7,dibud,1,87,1,5298,5298,6335,cap100
trec-covid-chrono-r1,1,7,dibud,1,88,1,5298,5298,6335,cap100
trec-covid-chrono-r1,1,7,dibud,1,89,1,5298,5298,6335,cap100
trec-covid-chrono-r1,1,7,dibud,1,90,1,5298,5298,6335,cap100
trec-covid-chrono-r1,1,7,dibud,1,91,1,5298,5298,6335,cap100
trec-covid-chrono-r1,1,7,dibud,1,92,1,5298,5298,6335,cap100
trec-covid-chrono-r1,1,7,dibud,1,93,1,5298,5298,6335,cap100
trec-covid-chrono-r1,1,7,dibud,1,94,1,5298,5298,6335,cap100
trec-covid-chrono-r1,1,7,dibud,1,95,1,5298,5298,6335,cap100
trec-covid-chrono-r1,1,7,dibud,1,96,1,5298,5298,6335,cap100
trec-covid-chrono-r1,1,7,dibud,1,97,1,5298,5298,6335,cap100
trec-covid-chrono-r1,1,7,dibud,1,98,1,5298,5298,6335,cap100
trec-covid-chrono-r1,1,7,dibud,1,99,1,5697,5697,6335,cap100
trec-covid-chrono-r1,1,7,dibud,1,100,1,6335,6335,6335,cap100
trec-covid-chrono-r1,1,7,balanced,1,1,1,16,16,6598,cap100
trec-covid-chrono-r1,1,7,balanced,1,2,1,24,24,6598,cap100
trec-covid-chrono-r1,1,7,balanced,1,3,1,30,30,6598,cap100
trec-covid-chrono-r1,1,7,balanced,1,4,1,42,42,6598,cap100
trec-covid-chrono-r1,1,7,balanced,1,5,1,48,48,6598,cap100
trec-covid-chrono-r1,1,7,balanced,1,6,1,60,60,6598,cap100
trec-covid-chrono-r1,1,7,balanced,1,7,1,76,76,6598,cap100
trec-covid-chrono-r1,1,7,balanced,1,8,1,108,108,6598,cap100
trec-covid-chrono-r1,1,7,balanced,1,9,1,128,128,6598,cap100
trec-covid-chrono-r1,1,7,balanced,1,10,1,138,138,6598,cap100
trec-covid-chrono-r1,1,7,balanced,1,11,1,138,138,6598,cap100
trec-covid-chrono-r1,1,7,balanced,1,12,1,138,138,6598,cap100
trec-covid-chrono-r1,1,7,balanced,1,13,1,139,139,6598,cap100
trec-covid-chrono-r1,1,7,balanced,1,14,1,157,157,6598,cap100
trec-covid-chrono-r1,1,7,balanced,1,15,1,161,161,6598,cap100
trec-covid-chrono-r1,1,7,balanced,1,16,1,169,169,6598,cap100
trec-covid-chrono-r1,1,7,balanced,1,17,1,195,195,6598,cap100
trec-covid-chrono-r1,1,7,balanced,1,18,1,219,219,6598,cap100
trec-covid-chrono-r1,1,7,balanced,1,19,1,255,255,6598,cap100
trec-covid-chrono-r1,1,7,balanced,1,20,1,317,317,6598,cap100
trec-covid-chrono-r1,1,7,balanced,1,21,1,327,327,6598,cap100
trec-covid-chrono-r1,1,7,balanced,1,22,1,327,327,6598,cap100
trec-covid-chrono-r1,1,7,balanced,1,23,1,375,375,6598,cap100
trec-covid-chrono-r1,1,7,balanced,1,24,1,375,375,6598,cap100
trec-covid-chrono-r1,1,7,balanced,1,25,1,375,375,6598,cap100
trec-covid-chrono-r1,1,7,balanced,1,26,1,375,375,6598,cap100
trec-covid-chrono-r1,1,7,balanced,1,27,1,391,391,6598,cap100
trec-covid-chrono-r1,1,7,balanced,1,28,1,395,395,6598,cap100
trec-covid-chrono-r1,1,7,balanced,1,29,1,411,411,6598,cap100
trec-covid-chrono-r1,1,7,balanced,1,30,1,529,529,6598,cap100
trec-covid-chrono-r1,1,7,balanced,1,31,1,565,565,6598,cap100
trec-covid-chrono-r1,1,7,balanced,1,32,1,751,751,6598,cap100
trec-covid-chrono-r1,1,7,balanced,1,33,1,789,789,6598,cap100
trec-covid-chrono-r1,1,7,balanced,1,34,1,849,849,6598,cap100
trec-covid-chrono-r1,1,7,balanced,1,35,1,869,869,6598,cap100
trec-covid-chrono-r1,1,7,balanced,1,36,1,979,979,6598,cap100
trec-covid-chrono-r1,1,7,balanced,1,37,1,1015,1015,6598,cap100
trec-covid-chrono-r1,1,7,balanced,1,38,1,1119,1119,6598,cap100
trec-covid-chrono-r1,1,7,balanced,1,39,1,1129,1129,6598,cap100
trec-covid-chrono-r1,1,7,balanced,1,40,1,1195,1195,6598,cap100
trec-covid-chrono-r1,1,7,balanced,1,41,1,1233,1233,6598,cap100
trec-covid-chrono-r1,1,7,balanced,1,42,1,1509,1509,6598,cap100
trec-covid-chrono-r1,1,7,balanced,1,43,1,1515,1515,6598,cap100
trec-covid-chrono-r1,1,7,balanced,1,44,1,1525,1525,6598,cap100
trec-covid-chrono-r1,1,7,balanced,1,45,1,1673,1673,6598,cap100
trec-covid-chrono-r1,1,7,balanced,1,46,1,2069,2069,6598,cap100
trec-covid-chrono-r1,1,7,balanced,1,47,1,2625,2625,6598,cap100
trec-covid-chrono-r1,1,7,balanced,1,48,1,2767,2767,6598,cap100
trec-covid-chrono-r1,1,7,balanced,1,49,1,3295,3295,6598,cap100
trec-covid-chrono-r1,1,7,balanced,1,50,1,3371,3371,6598,cap100
trec-covid-chrono-r1,1,7,balanced,1,51,1,3997,3997,6598,cap100
trec-covid-chrono-r1,1,7,balanced,1,52,1,3997,3997,6598,cap100
trec-covid-chrono-r1,1,7,balanced,1,53,1,3997,3997,6598,cap100
trec-covid-chrono-r1,1,7,balanced,1,54,1,3997,3997,6598,cap100
trec-covid-chrono-r1,1,7,balanced,1,55,1,3997,3997,6598,cap100
trec-covid-chrono-r1,1,7,balanced,1,56,1,3997,3997,6598,cap100
trec-covid-chrono-r1,1,7,balanced,1,57,1,3997,3997,6598,cap100
trec-covid-chrono-r1,1,7,balanced,1,58,1,3997,3997,6598,cap100
trec-covid-chrono-r1,1,7,balanced,1,59,1,3997,3997,6598,cap100
trec-covid-chrono-r1,1,7,balanced,1,60,1,3997,3997,6598,cap100
trec-covid-chrono-r1,1,7,balanced,1,61,1,3997,3997,6598,cap100
trec-covid-chrono-r1,1,7,balanced,1,62,1,3997,3997,6598,cap100
trec-covid-chrono-r1,1,7,balanced,1,63,1,4928,4928,6598,cap100
trec-covid-chrono-r1,1,7,balanced,1,64,1,6598,6598,6598,cap100
trec-covid-chrono-r1,1,7,balanced,1,65,1,6598,6598,6598,cap100
trec-covid-chrono-r1,1,7,balanced,1,66,1,6598,6598,6598,cap100
trec-covid-chrono-r1,1,7,balanced,1,67,1,6598,6598,6598,cap100
trec-covid-chrono-r1,1,7,balanced,1,68,1,6598,6598,6598,cap100
trec-covid-chrono-r1,1,7,balanced,1,69,1,6598,6598,6598,cap100
trec-covid-chrono-r1,1,7,balanced,1,70,1,6598,6598,6598,cap100
trec-covid-chrono-r1,1,7,balanced,1,71,1,6598,6598,6598,cap100
trec-covid-chrono-r1,1,7,balanced,1,72,1,6598,6598,6598,cap100
trec-covid-chrono-r1,1,7,balanced,1,73,1,6598,6598,6598,cap100
trec-covid-chrono-r1,1,7,balanced,1,74,1,6598,6598,6598,cap100
trec-covid-chrono-r1,1,7,balanced,1,75,1,6598,6598,6598,cap100
trec-covid-chrono-r1,1,7,balanced,1,76,1,6598,6598,6598,cap100
trec-covid-chrono-r1,1,7,balanced,1,77,1,6598,6598,6598,cap100
trec-covid-chrono-r1,1,7,balanced,1,78,1,6598,6598,6598,cap100
trec-covid-chrono-r1,1,7,balanced,1,79,1,6598,6598,6598,cap100
trec-covid-chrono-r1,1,7,balanced,1,80,1,6598,6598,6598,cap100
trec-covid-chrono-r1,1,7,balanced,1,81,1,6598,6598,6598,cap100
trec-covid-chrono-r1,1,7,balanced,1,82,1,6598,6598,6598,cap100
trec-covid-chrono-r1,1,7,balanced,1,83,1,6598,6598,6598,cap100
trec-covid-chrono-r1,1,7,balanced,1,84,1,6598,6598,6598,cap100
trec-covid-chrono-r1,1,7,balanced,1,85,1,6598,6598,6598,cap100
trec-covid-chrono-r1,1,7,balanced,1,86,1,6598,6598,6598,cap100
trec-covid-chrono-r1,1,7,balanced,1,87,1,6598,6598,6598,cap100
trec-covid-chrono-r1,1,7,balanced,1,88,1,6598,6598,6598,cap100
trec-covid-chrono-r1,1,7,balanced,1,89,1,6598,6598,6598,cap100
trec-covid-chrono-r1,1,7,balanced,1,90,1,6598,6598,6598,cap100
trec-covid-chrono-r1,1,7,balanced,1,91,1,6598,6598,6598,cap100
trec-covid-chrono-r1,1,7,balanced,1,92,1,6598,6598,6598,cap100
trec-covid-chrono-r1,1,7,balanced,1,93,1,6598,6598,6598,cap100
trec-covid-chrono-r1,1,7,balanced,1,94,1,6598,6598,6598,cap100
trec-covid-chrono-r1,1,7,balanced,1,95,1,6598,6598,6598,cap100
trec-covid-chrono-r1,1,7,balanced,1,96,1,6598,6598,6598,cap100
trec-covid-chrono-r1,1,7,balanced,1,97,1,6598,6598,6598,cap100
trec-covid-chrono-r1,1,7,balanced,1,98,1,6598,6598,6598,cap100
trec-covid-chrono-r1,1,7,balanced,1,99,1,6598,6598,6598,cap100
trec-covid-chrono-r1,1,7,balanced,1,100,1,6598,6598,6598,cap100
trec-covid-chrono-r1,1,7,dibud,64,1,1,128,128,6400,cap100
trec-covid-chrono-r1,1,7,dibud,64,2,1,128,128,6400,cap100
trec-covid-chrono-r1,1,7,dibud,64,3,1,128,128,6400,cap100
trec-covid-chrono-r1,1,7,dibud,64,4,1,128,128,6400,cap100
trec-covid-chrono-r1,1,7,dibud,64,5,1,128,128,6400,cap100
trec-covid-chrono-r1,1,7,dibud,64,6,1,128,128,6400,cap100
trec-covid-chrono-r1,1,7,dibud,64,7,1,128,128,6400,cap100
trec-covid-chrono-r1,1,7,dibud,64,8,1,128,128,6400,cap100
trec-covid-chrono-r1,1,7,dibud,64,9,1,128,128,6400,cap100
trec-covid-chrono-r1,1,7,dibud,64,10,1,192,192,6400,cap100
trec-covid-chrono-r1,1,7,dibud,64,11,1,192,192,6400,cap100
trec-covid-chrono-r1,1,7,dibud,64,12,1,256,256,6400,cap100
trec-covid-chrono-r1,1,7,dibud,64,13,1,256,256,6400,cap100
trec-covid-chrono-r1,1,7,dibud,64,14,1,256,256,6400,cap100
trec-covid-chrono-r1,1,7,dibud,64,15,1,256,256,6400,cap100
trec-covid-chrono-r1,1,7,dibud,64,16,1,256,256,6400,cap100
trec-covid-chrono-r1,1,7,dibud,64,17,1,256,256,6400,cap100
trec-covid-chrono-r1,1,7,dibud,64,18,1,256,256,6400,cap100
trec-covid-chrono-r1,1,7,dibud,64,19,1,256,256,6400,cap100
trec-covid-chrono-r1,1,7,dibud,64,20,1,384,384,6400,cap100
trec-covid-chrono-r1,1,7,dibud,64,21,1,384,384,6400,cap100
trec-covid-chrono-r1,1,7,dibud,64,22,1,384,384,6400,cap100
trec-covid-chrono-r1,1,7,dibud,64,23,1,384,384,6400,cap100
trec-covid-chrono-r1,1,7,dibud,64,24,1,384,384,6400,cap100
trec-covid-chrono-r1,1,7,dibud,64,25,1,384,384,6400,cap100
trec-covid-chrono-r1,1,7,dibud,64,26,1,384,384,6400,cap100
trec-covid-chrono-r1,1,7,dibud,64,27,1,448,448,6400,cap100
trec-covid-chrono-r1,1,7,dibud,64,28,1,448,448,6400,cap100
trec-covid-chrono-r1,1,7,dibud,64,29,1,448,448,6400,cap100
trec-covid-chrono-r1,1,7,dibud,64,30,1,576,576,6400,cap100
trec-covid-chrono-r1,1,7,dibud,64,31,1,576,576,6400,cap100
trec-covid-chrono-r1,1,7,dibud,64,32,1,704,704,6400,cap100
trec-covid-chrono-r1,1,7,dibud,64,33,1,768,768,6400,cap100
trec-covid-chrono-r1,1,7,dibud,64,34,1,832,832,6400,cap100
trec-covid-chrono-r1,1,7,dibud,64,35,1,832,832,6400,cap100
trec-covid-chrono-r1,1,7,dibud,64,36,1,896,896,6400,cap100
trec-covid-chrono-r1,1,7,dibud,64,37,1,960,960,6400,cap100
trec-covid-chrono-r1,1,7,dibud,64,38,1,1024,1024,6400,cap100
trec-covid-chrono-r1,1,7,dibud,64,39,1,1024,1024,6400,cap100
trec-covid-chrono-r1,1,7,dibud,64,40,1,1088,1088,6400,cap100
trec-covid-chrono-r1,1,7,dibud,64,41,1,1152,1152,6400,cap100
trec-covid-chrono-r1,1,7,dibud,64,42,1,1344,1344,6400,cap100
trec-covid-chrono-r1,1,7,dibud,64,43,1,1344,1344,6400,cap100
trec-covid-chrono-r1,1,7,dibud,64,44,1,1344,1344,6400,cap100
trec-covid-chrono-r1,1,7,dibud,64,45,1,1472,1472,6400,cap100
trec-covid-chrono-r1,1,7,dibud,64,46,1,1792,1792,6400,cap100
trec-covid-chrono-r1,1,7,dibud,64,47,1,2176,2176,6400,cap100
trec-covid-chrono-r1,1,7,dibud,64,48,1,2240,2240,6400,cap100
trec-covid-chrono-r1,1,7,dibud,64,49,1,2496,2496,6400,cap100
trec-covid-chrono-r1,1,7,dibud,64,50,1,2560,2560,6400,cap100
trec-covid-chrono-r1,1,7,dibud,64,51,1,2880,2880,6400,cap100
trec-covid-chrono-r1,1,7,dibud,64,52,1,2880,2880,6400,cap100
trec-covid-chrono-r1,1,7,dibud,64,53,1,2880,2880,6400,cap100
trec-covid-chrono-r1,1,7,dibud,64,54,1,3200,3200,6400,cap100
trec-covid-chrono-r1,1,7,dibud,64,55,1,3264,3264,6400,cap100
trec-covid-chrono-r1,1,7,dibud,64,56,1,3328,3328,6400,cap100
trec-covid-chrono-r1,1,7,dibud,64,57,1,3328,3328,6400,cap100
trec-covid-chrono-r1,1,7,dibud,64,58,1,3328,3328,6400,cap100
trec-covid-chrono-r1,1,7,dibud,64,59,1,3328,3328,6400,cap100
trec-covid-chrono-r1,1,7,dibud,64,60,1,3328,3328,6400,cap100
trec-covid-chrono-r1,1,7,dibud,64,61,1,3328,3328,6400,cap100
trec-covid-chrono-r1,1,7,dibud,64,62,1,3328,3328,6400,cap100
trec-covid-chrono-r1,1,7,dibud,64,63,1,4544,4544,6400,cap100
trec-covid-chrono-r1,1,7,dibud,64,64,1,5376,5376,6400,cap100
trec-covid-chrono-r1,1,7,dibud,64,65,1,5376,5376,6400,cap100
trec-covid-chrono-r1,1,7,dibud,64,66,1,5376,5376,6400,cap100
trec-covid-chrono-r1,1,7,dibud,64,67,1,5376,5376,6400,cap100
trec-covid-chrono-r1,1,7,dibud,64,68,1,5376,5376,6400,cap100
trec-covid-chrono-r1,1,7,dibud,64,69,1,5376,5376,6400,cap100
trec-covid-chrono-r1,1,7,dibud,64,70,1,5376,5376,6400,cap100
trec-covid-chrono-r1,1,7,dibud,64,71,1,5376,5376,6400,cap100
trec-covid-chrono-r1,1,7,dibud,64,72,1,5376,5376,6400,cap100
trec-covid-chrono-r1,1,7,dibud,64,73,1,5376,5376,6400,cap100
trec-covid-chrono-r1,1,7,dibud,64,74,1,5376,5376,6400,cap100
trec-covid-chrono-r1,1,7,dibud,64,75,1,5376,5376,6400,cap100
trec-covid-chrono-r1,1,7,dibud,64,76,1,5376,5376,6400,cap100
trec-covid-chrono-r1,1,7,dibud,64,77,1,5376,5376,6400,cap100
trec-covid-chrono-r1,1,7,dibud,64,78,1,5376,5376,6400,cap100
trec-covid-chrono-r1,1,7,dibud,64,79,1,5376,5376,6400,cap100
trec-covid-chrono-r1,1,7,dibud,64,80,1,5376,5376,6400,cap100
trec-covid-chrono-r1,1,7,dibud,64,81,1,5376,5376,6400,cap100
trec-covid-chrono-r1,1,7,dibud,64,82,1,5376,5376,6400,cap100
trec-covid-chrono-r1,1,7,dibud,64,83,1,5376,5376,6400,cap100
trec-covid-chrono-r1,1,7,dibud,64,84,1,5376,5376,6400,cap100
trec-covid-chrono-r1,1,7,dibud,64,85,1,5376,5376,6400,cap100
trec-covid-chrono-r1,1,7,dibud,64,86,1,5376,5376,6400,cap100
trec-covid-chrono-r1,1,7,dibud,64,87,1,5376,5376,6400,cap100
trec-covid-chrono-r1,1,7,dibud,64,88,1,5376,5376,6400,cap100
trec-covid-chrono-r1,1,7,dibud,64,89,1,5376,5376,6400,cap100
trec-covid-chrono-r1,1,7,dibud,64,90,1,5376,5376,6400,cap100
trec-covid-chrono-r1,1,7,dibud,64,91,1,5376,5376,6400,cap100
trec-covid-chrono-r1,1,7,dibud,64,92,1,5376,5376,6400,cap100
trec-covid-chrono-r1,1,7,dibud,64,93,1,5376,5376,6400,cap100
trec-covid-chrono-r1,1,7,dibud,64,94,1,5376,5376,6400,cap100
trec-covid-chrono-r1,1,7,dibud,64,95,1,5376,5376,6400,cap100
trec-covid-chrono-r1,1,7,dibud,64,96,1,5376,5376,6400,cap100
trec-covid-chrono-r1,1,7,dibud,64,97,1,5376,5376,6400,cap100
trec-covid-chrono-r1,1,7,dibud,64,98,1,5376,5376,6400,cap100
trec-covid-chrono-r1,1,7,dibud,64,99,1,5760,5760,6400,cap100
trec-covid-chrono-r1,1,7,dibud,64,100,1,6400,6400,6400,cap100
trec-covid-chrono-r1,1,7,balanced,64,1,1,128,128,6656,cap100
trec-covid-chrono-r1,1,7,balanced,64,2,1,128,128,6656,cap100
trec-covid-chrono-r1,1,7,balanced,64,3,1,128,128,6656,cap100
trec-covid-chrono-r1,1,7,balanced,64,4,1,128,128,6656,cap100
trec-covid-chrono-r1,1,7,balanced,64,5,1,128,128,6656,cap100
trec-covid-chrono-r1,1,7,balanced,64,6,1,128,128,6656,cap100
trec-covid-chrono-r1,1,7,balanced,64,7,1,128,128,6656,cap100
trec-covid-chrono-r1,1,7,balanced,64,8,1,128,128,6656,cap100
trec-covid-chrono-r1,1,7,balanced,64,9,1,128,128,6656,cap100
trec-covid-chrono-r1,1,7,balanced,64,10,1,256,256,6656,cap100
trec-covid-chrono-r1,1,7,balanced,64,11,1,256,256,6656,cap100
trec-covid-chrono-r1,1,7,balanced,64,12,1,256,256,6656,cap100
trec-covid-chrono-r1,1,7,balanced,64,13,1,256,256,6656,cap100
trec-covid-chrono-r1,1,7,balanced,64,14,1,256,256,6656,cap100
trec-covid-chrono-r1,1,7,balanced,64,15,1,256,256,6656,cap100
trec-covid-chrono-r1,1,7,balanced,64,16,1,256,256,6656,cap100
trec-covid-chrono-r1,1,7,balanced,64,17,1,256,256,6656,cap100
trec-covid-chrono-r1,1,7,balanced,64,18,1,256,256,6656,cap100
trec-covid-chrono-r1,1,7,balanced,64,19,1,256,256,6656,cap100
trec-covid-chrono-r1,1,7,balanced,64,20,1,384,384,6656,cap100
trec-covid-chrono-r1,1,7,balanced,64,21,1,384,384,6656,cap100
trec-covid-chrono-r1,1,7,balanced,64,22,1,384,384,6656,cap100
trec-covid-chrono-r1,1,7,balanced,64,23,1,384,384,6656,cap100
trec-covid-chrono-r1,1,7,balanced,64,24,1,384,384,6656,cap100
trec-covid-chrono-r1,1,7,balanced,64,25,1,384,384,6656,cap100
trec-covid-chrono-r1,1,7,balanced,64,26,1,384,384,6656,cap100
trec-covid-chrono-r1,1,7,balanced,64,27,1,448,448,6656,cap100
trec-covid-chrono-r1,1,7,balanced,64,28,1,448,448,6656,cap100
trec-covid-chrono-r1,1,7,balanced,64,29,1,448,448,6656,cap100
trec-covid-chrono-r1,1,7,balanced,64,30,1,576,576,6656,cap100
trec-covid-chrono-r1,1,7,balanced,64,31,1,576,576,6656,cap100
trec-covid-chrono-r1,1,7,balanced,64,32,1,704,704,6656,cap100
trec-covid-chrono-r1,1,7,balanced,64,33,1,832,832,6656,cap100
trec-covid-chrono-r1,1,7,balanced,64,34,1,832,832,6656,cap100
trec-covid-chrono-r1,1,7,balanced,64,35,1,832,832,6656,cap100
trec-covid-chrono-r1,1,7,balanced,64,36,1,960,960,6656,cap100
trec-covid-chrono-r1,1,7,balanced,64,37,1,960,960,6656,cap100
trec-covid-chrono-r1,1,7,balanced,64,38,1,1088,1088,6656,cap100
trec-covid-chrono-r1,1,7,balanced,64,39,1,1088,1088,6656,cap100
trec-covid-chrono-r1,1,7,balanced,64,40,1,1216,1216,6656,cap100
trec-covid-chrono-r1,1,7,balanced,64,41,1,1216,1216,6656,cap100
trec-covid-chrono-r1,1,7,balanced,64,42,1,1472,1472,6656,cap100
trec-covid-chrono-r1,1,7,balanced,64,43,1,1472,1472,6656,cap100
trec-covid-chrono-r1,1,7,balanced,64,44,1,1472,1472,6656,cap100
trec-covid-chrono-r1,1,7,balanced,64,45,1,1728,1728,6656,cap100
trec-covid-chrono-r1,1,7,balanced,64,46,1,2112,2112,6656,cap100
trec-covid-chrono-r1,1,7,balanced,64,47,1,2624,2624,6656,cap100
trec-covid-chrono-r1,1,7,balanced,64,48,1,2752,2752,6656,cap100
trec-covid-chrono-r1,1,7,balanced,64,49,1,3264,3264,6656,cap100
trec-covid-chrono-r1,1,7,balanced,64,50,1,3392,3392,6656,cap100
trec-covid-chrono-r1,1,7,balanced,64,51,1,4032,4032,6656,cap100
trec-covid-chrono-r1,1,7,balanced,64,52,1,4032,4032,6656,cap100
trec-covid-chrono-r1,1,7,balanced,64,53,1,4032,4032,6656,cap100
trec-covid-chrono-r1,1,7,balanced,64,54,1,4032,4032,6656,cap100
trec-covid-chrono-r1,1,7,balanced,64,55,1,4032,4032,6656,cap100
trec-covid-chrono-r1,1,7,balanced,64,56,1,4032,4032,6656,cap100
trec-covid-chrono-r1,1,7,balanced,64,57,1,4032,4032,6656,cap100
trec-covid-chrono-r1,1,7,balanced,64,58,1,4032,4032,6656,cap100
trec-covid-chrono-r1,1,7,balanced,64,59,1,4032,4032,6656,cap100
trec-covid-chrono-r1,1,7,balanced,64,60,1,4032,4032,6656,cap100
trec-covid-chrono-r1,1,7,balanced,64,61,1,4032,4032,6656,cap100
trec-covid-chrono-r1,1,7,balanced,64,62,1,4032,4032,6656,cap100
trec-covid-chrono-r1,1,7,balanced,64,63,1,4992,4992,6656,cap100
trec-covid-chrono-r1,1,7,balanced,64,64,1,6656,6656,6656,cap100
trec-covid-chrono-r1,1,7,balanced,64,65,1,6656,6656,6656,cap100
trec-covid-chrono-r1,1,7,balanced,64,66,1,6656,6656,6656,cap100
trec-covid-chrono-r1,1,7,balanced,64,67,1,6656,6656,6656,cap100
trec-covid-chrono-r1,1,7,balanced,64,68,1,6656,6656,6656,cap100
trec-covid-chrono-r1,1,7,balanced,64,69,1,6656,6656,6656,cap100
trec-covid-chrono-r1,1,7,balanced,64,70,1,6656,6656,6656,cap100
trec-covid-chrono-r1,1,7,balanced,64,71,1,6656,6656,6656,cap100
trec-covid-chrono-r1,1,7,balanced,64,72,1,6656,6656,6656,cap100
trec-covid-chrono-r1,1,7,balanced,64,73,1,6656,6656,6656,cap100
trec-covid-chrono-r1,1,7,balanced,64,74,1,6656,6656,6656,cap100
trec-covid-chrono-r1,1,7,balanced,64,75,1,6656,6656,6656,cap100
trec-covid-chrono-r1,1,7,balanced,64,76,1,6656,6656,6656,cap100
trec-covid-chrono-r1,1,7,balanced,64,77,1,6656,6656,6656,cap100
trec-covid-chrono-r1,1,7,balanced,64,78,1,6656,6656,6656,cap100
trec-covid-chrono-r1,1,7,balanced,64,79,1,6656,6656,6656,cap100
trec-covid-chrono-r1,1,7,balanced,64,80,1,6656,6656,6656,cap100
trec-covid-chrono-r1,1,7,balanced,64,81,1,6656,6656,6656,cap100
trec-covid-chrono-r1,1,7,balanced,64,82,1,6656,6656,6656,cap100
trec-covid-chrono-r1,1,7,balanced,64,83,1,6656,6656,6656,cap100
trec-covid-chrono-r1,1,7,balanced,64,84,1,6656,6656,6656,cap100
trec-covid-chrono-r1,1,7,balanced,64,85,1,6656,6656,6656,cap100
trec-covid-chrono-r1,1,7,balanced,64,86,1,6656,6656,6656,cap100
trec-covid-chrono-r1,1,7,balanced,64,87,1,6656,6656,6656,cap100
trec-covid-chrono-r1,1,7,balanced,64,88,1,6656,6656,6656,cap100
trec-covid-chrono-r1,1,7,balanced,64,89,1,6656,6656,6656,cap100
trec-covid-chrono-r1,1,7,balanced,64,90,1,6656,6656,6656,cap100
trec-covid-chrono-r1,1,7,balanced,64,91,1,6656,6656,6656,cap100
trec-covid-chrono-r1,1,7,balanced,64,92,1,6656,6656,6656,cap100
trec-covid-chrono-r1,1,7,balanced,64,93,1,6656,6656,6656,cap100
trec-covid-chrono-r1,1,7,balanced,64,94,1,6656,6656,6656,cap100
trec-covid-chrono-r1,1,7,balanced,64,95,1,6656,6656,6656,cap100
trec-covid-chrono-r1,1,7,balanced,64,96,1,6656,6656,6656,cap100
trec-covid-chrono-r1,1,7,balanced,64,97,1,6656,6656,6656,cap100
trec-covid-chrono-r1,1,7,balanced,64,98,1,6656,6656,6656,cap100
trec-covid-chrono-r1,1,7,balanced,64,99,1,6656,6656,6656,cap100
trec-covid-chrono-r1,1,7,balanced,64,100,1,6656,6656,6656,cap100
trec-covid-chrono-r1,1,17,dibud,1,1,1,8,8,5769,observation_limit
trec-covid-chrono-r1,1,17,dibud,1,2,1,11,11,5769,observation_limit
trec-covid-chrono-r1,1,17,dibud,1,3,1,66,66,5769,observation_limit
trec-covid-chrono-r1,1,17,dibud,1,4,1,66,66,5769,observation_limit
trec-covid-chrono-r1,1,17,dibud,1,5,1,77,77,5769,observation_limit
trec-covid-chrono-r1,1,17,dibud,1,6,1,97,97,5769,observation_limit
trec-covid-chrono-r1,1,17,dibud,1,7,1,108,108,5769,observation_limit
trec-covid-chrono-r1,1,17,dibud,1,8,1,112,112,5769,observation_limit
trec-covid-chrono-r1,1,17,dibud,1,9,1,142,142,5769,observation_limit
trec-covid-chrono-r1,1,17,dibud,1,10,1,145,145,5769,observation_limit
trec-covid-chrono-r1,1,17,dibud,1,11,1,203,203,5769,observation_limit
trec-covid-chrono-r1,1,17,dibud,1,12,1,247,247,5769,observation_limit
trec-covid-chrono-r1,1,17,dibud,1,13,1,251,251,5769,observation_limit
trec-covid-chrono-r1,1,17,dibud,1,14,1,258,258,5769,observation_limit
trec-covid-chrono-r1,1,17,dibud,1,15,1,270,270,5769,observation_limit
trec-covid-chrono-r1,1,17,dibud,1,16,1,291,291,5769,observation_limit
trec-covid-chrono-r1,1,17,dibud,1,17,1,358,358,5769,observation_limit
trec-covid-chrono-r1,1,17,dibud,1,18,1,381,381,5769,observation_limit
trec-covid-chrono-r1,1,17,dibud,1,19,1,390,390,5769,observation_limit
trec-covid-chrono-r1,1,17,dibud,1,20,1,476,476,5769,observation_limit
trec-covid-chrono-r1,1,17,dibud,1,21,1,487,487,5769,observation_limit
trec-covid-chrono-r1,1,17,dibud,1,22,1,488,488,5769,observation_limit
trec-covid-chrono-r1,1,17,dibud,1,23,1,549,549,5769,observation_limit
trec-covid-chrono-r1,1,17,dibud,1,24,1,1408,1408,5769,observation_limit
trec-covid-chrono-r1,1,17,dibud,1,25,1,2083,2083,5769,observation_limit
trec-covid-chrono-r1,1,17,dibud,1,26,1,5756,5756,5769,observation_limit
trec-covid-chrono-r1,1,17,dibud,1,27,0,,5770,5769,observation_limit
trec-covid-chrono-r1,1,17,dibud,1,28,0,,5770,5769,observation_limit
trec-covid-chrono-r1,1,17,dibud,1,29,0,,5770,5769,observation_limit
trec-covid-chrono-r1,1,17,dibud,1,30,0,,5770,5769,observation_limit
trec-covid-chrono-r1,1,17,dibud,1,31,0,,5770,5769,observation_limit
trec-covid-chrono-r1,1,17,dibud,1,32,0,,5770,5769,observation_limit
trec-covid-chrono-r1,1,17,dibud,1,33,0,,5770,5769,observation_limit
trec-covid-chrono-r1,1,17,dibud,1,34,0,,5770,5769,observation_limit
trec-covid-chrono-r1,1,17,dibud,1,35,0,,5770,5769,observation_limit
trec-covid-chrono-r1,1,17,dibud,1,36,0,,5770,5769,observation_limit
trec-covid-chrono-r1,1,17,dibud,1,37,0,,5770,5769,observation_limit
trec-covid-chrono-r1,1,17,dibud,1,38,0,,5770,5769,observation_limit
trec-covid-chrono-r1,1,17,dibud,1,39,0,,5770,5769,observation_limit
trec-covid-chrono-r1,1,17,dibud,1,40,0,,5770,5769,observation_limit
trec-covid-chrono-r1,1,17,dibud,1,41,0,,5770,5769,observation_limit
trec-covid-chrono-r1,1,17,dibud,1,42,0,,5770,5769,observation_limit
trec-covid-chrono-r1,1,17,dibud,1,43,0,,5770,5769,observation_limit
trec-covid-chrono-r1,1,17,dibud,1,44,0,,5770,5769,observation_limit
trec-covid-chrono-r1,1,17,dibud,1,45,0,,5770,5769,observation_limit
trec-covid-chrono-r1,1,17,dibud,1,46,0,,5770,5769,observation_limit
trec-covid-chrono-r1,1,17,dibud,1,47,0,,5770,5769,observation_limit
trec-covid-chrono-r1,1,17,dibud,1,48,0,,5770,5769,observation_limit
trec-covid-chrono-r1,1,17,dibud,1,49,0,,5770,5769,observation_limit
trec-covid-chrono-r1,1,17,dibud,1,50,0,,5770,5769,observation_limit
trec-covid-chrono-r1,1,17,dibud,1,51,0,,5770,5769,observation_limit
trec-covid-chrono-r1,1,17,dibud,1,52,0,,5770,5769,observation_limit
trec-covid-chrono-r1,1,17,dibud,1,53,0,,5770,5769,observation_limit
trec-covid-chrono-r1,1,17,dibud,1,54,0,,5770,5769,observation_limit
trec-covid-chrono-r1,1,17,dibud,1,55,0,,5770,5769,observation_limit
trec-covid-chrono-r1,1,17,dibud,1,56,0,,5770,5769,observation_limit
trec-covid-chrono-r1,1,17,dibud,1,57,0,,5770,5769,observation_limit
trec-covid-chrono-r1,1,17,dibud,1,58,0,,5770,5769,observation_limit
trec-covid-chrono-r1,1,17,dibud,1,59,0,,5770,5769,observation_limit
trec-covid-chrono-r1,1,17,dibud,1,60,0,,5770,5769,observation_limit
trec-covid-chrono-r1,1,17,dibud,1,61,0,,5770,5769,observation_limit
trec-covid-chrono-r1,1,17,dibud,1,62,0,,5770,5769,observation_limit
trec-covid-chrono-r1,1,17,dibud,1,63,0,,5770,5769,observation_limit
trec-covid-chrono-r1,1,17,dibud,1,64,0,,5770,5769,observation_limit
trec-covid-chrono-r1,1,17,dibud,1,65,0,,5770,5769,observation_limit
trec-covid-chrono-r1,1,17,dibud,1,66,0,,5770,5769,observation_limit
trec-covid-chrono-r1,1,17,dibud,1,67,0,,5770,5769,observation_limit
trec-covid-chrono-r1,1,17,dibud,1,68,0,,5770,5769,observation_limit
trec-covid-chrono-r1,1,17,dibud,1,69,0,,5770,5769,observation_limit
trec-covid-chrono-r1,1,17,dibud,1,70,0,,5770,5769,observation_limit
trec-covid-chrono-r1,1,17,dibud,1,71,0,,5770,5769,observation_limit
trec-covid-chrono-r1,1,17,dibud,1,72,0,,5770,5769,observation_limit
trec-covid-chrono-r1,1,17,dibud,1,73,0,,5770,5769,observation_limit
trec-covid-chrono-r1,1,17,dibud,1,74,0,,5770,5769,observation_limit
trec-covid-chrono-r1,1,17,dibud,1,75,0,,5770,5769,observation_limit
trec-covid-chrono-r1,1,17,dibud,1,76,0,,5770,5769,observation_limit
trec-covid-chrono-r1,1,17,dibud,1,77,0,,5770,5769,observation_limit
trec-covid-chrono-r1,1,17,dibud,1,78,0,,5770,5769,observation_limit
trec-covid-chrono-r1,1,17,dibud,1,79,0,,5770,5769,observation_limit
trec-covid-chrono-r1,1,17,dibud,1,80,0,,5770,5769,observation_limit
trec-covid-chrono-r1,1,17,dibud,1,81,0,,5770,5769,observation_limit
trec-covid-chrono-r1,1,17,dibud,1,82,0,,5770,5769,observation_limit
trec-covid-chrono-r1,1,17,dibud,1,83,0,,5770,5769,observation_limit
trec-covid-chrono-r1,1,17,dibud,1,84,0,,5770,5769,observation_limit
trec-covid-chrono-r1,1,17,dibud,1,85,0,,5770,5769,observation_limit
trec-covid-chrono-r1,1,17,dibud,1,86,0,,5770,5769,observation_limit
trec-covid-chrono-r1,1,17,dibud,1,87,0,,5770,5769,observation_limit
trec-covid-chrono-r1,1,17,dibud,1,88,0,,5770,5769,observation_limit
trec-covid-chrono-r1,1,17,dibud,1,89,0,,5770,5769,observation_limit
trec-covid-chrono-r1,1,17,dibud,1,90,0,,5770,5769,observation_limit
trec-covid-chrono-r1,1,17,dibud,1,91,0,,5770,5769,observation_limit
trec-covid-chrono-r1,1,17,dibud,1,92,0,,5770,5769,observation_limit
trec-covid-chrono-r1,1,17,dibud,1,93,0,,5770,5769,observation_limit
trec-covid-chrono-r1,1,17,dibud,1,94,0,,5770,5769,observation_limit
trec-covid-chrono-r1,1,17,dibud,1,95,0,,5770,5769,observation_limit
trec-covid-chrono-r1,1,17,dibud,1,96,0,,5770,5769,observation_limit
trec-covid-chrono-r1,1,17,dibud,1,97,0,,5770,5769,observation_limit
trec-covid-chrono-r1,1,17,dibud,1,98,0,,5770,5769,observation_limit
trec-covid-chrono-r1,1,17,dibud,1,99,0,,5770,5769,observation_limit
trec-covid-chrono-r1,1,17,dibud,1,100,0,,5770,5769,observation_limit
trec-covid-chrono-r1,1,17,balanced,1,1,1,7,7,10000,budget
trec-covid-chrono-r1,1,17,balanced,1,2,1,12,12,10000,budget
trec-covid-chrono-r1,1,17,balanced,1,3,1,68,68,10000,budget
trec-covid-chrono-r1,1,17,balanced,1,4,1,68,68,10000,budget
trec-covid-chrono-r1,1,17,balanced,1,5,1,80,80,10000,budget
trec-covid-chrono-r1,1,17,balanced,1,6,1,100,100,10000,budget
trec-covid-chrono-r1,1,17,balanced,1,7,1,112,112,10000,budget
trec-covid-chrono-r1,1,17,balanced,1,8,1,116,116,10000,budget
trec-covid-chrono-r1,1,17,balanced,1,9,1,146,146,10000,budget
trec-covid-chrono-r1,1,17,balanced,1,10,1,150,150,10000,budget
trec-covid-chrono-r1,1,17,balanced,1,11,1,210,210,10000,budget
trec-covid-chrono-r1,1,17,balanced,1,12,1,256,256,10000,budget
trec-covid-chrono-r1,1,17,balanced,1,13,1,260,260,10000,budget
trec-covid-chrono-r1,1,17,balanced,1,14,1,268,268,10000,budget
trec-covid-chrono-r1,1,17,balanced,1,15,1,280,280,10000,budget
trec-covid-chrono-r1,1,17,balanced,1,16,1,302,302,10000,budget
trec-covid-chrono-r1,1,17,balanced,1,17,1,374,374,10000,budget
trec-covid-chrono-r1,1,17,balanced,1,18,1,398,398,10000,budget
trec-covid-chrono-r1,1,17,balanced,1,19,1,408,408,10000,budget
trec-covid-chrono-r1,1,17,balanced,1,20,1,500,500,10000,budget
trec-covid-chrono-r1,1,17,balanced,1,21,1,512,512,10000,budget
trec-covid-chrono-r1,1,17,balanced,1,22,1,514,514,10000,budget
trec-covid-chrono-r1,1,17,balanced,1,23,1,583,583,10000,budget
trec-covid-chrono-r1,1,17,balanced,1,24,1,1927,1927,10000,budget
trec-covid-chrono-r1,1,17,balanced,1,25,1,3063,3063,10000,budget
trec-covid-chrono-r1,1,17,balanced,1,26,1,9973,9973,10000,budget
trec-covid-chrono-r1,1,17,balanced,1,27,0,,10001,10000,budget
trec-covid-chrono-r1,1,17,balanced,1,28,0,,10001,10000,budget
trec-covid-chrono-r1,1,17,balanced,1,29,0,,10001,10000,budget
trec-covid-chrono-r1,1,17,balanced,1,30,0,,10001,10000,budget
trec-covid-chrono-r1,1,17,balanced,1,31,0,,10001,10000,budget
trec-covid-chrono-r1,1,17,balanced,1,32,0,,10001,10000,budget
trec-covid-chrono-r1,1,17,balanced,1,33,0,,10001,10000,budget
trec-covid-chrono-r1,1,17,balanced,1,34,0,,10001,10000,budget
trec-covid-chrono-r1,1,17,balanced,1,35,0,,10001,10000,budget
trec-covid-chrono-r1,1,17,balanced,1,36,0,,10001,10000,budget
trec-covid-chrono-r1,1,17,balanced,1,37,0,,10001,10000,budget
trec-covid-chrono-r1,1,17,balanced,1,38,0,,10001,10000,budget
trec-covid-chrono-r1,1,17,balanced,1,39,0,,10001,10000,budget
trec-covid-chrono-r1,1,17,balanced,1,40,0,,10001,10000,budget
trec-covid-chrono-r1,1,17,balanced,1,41,0,,10001,10000,budget
trec-covid-chrono-r1,1,17,balanced,1,42,0,,10001,10000,budget
trec-covid-chrono-r1,1,17,balanced,1,43,0,,10001,10000,budget
trec-covid-chrono-r1,1,17,balanced,1,44,0,,10001,10000,budget
trec-covid-chrono-r1,1,17,balanced,1,45,0,,10001,10000,budget
trec-covid-chrono-r1,1,17,balanced,1,46,0,,10001,10000,budget
trec-covid-chrono-r1,1,17,balanced,1,47,0,,10001,10000,budget
trec-covid-chrono-r1,1,17,balanced,1,48,0,,10001,10000,budget
trec-covid-chrono-r1,1,17,balanced,1,49,0,,10001,10000,budget
trec-covid-chrono-r1,1,17,balanced,1,50,0,,10001,10000,budget
trec-covid-chrono-r1,1,17,balanced,1,51,0,,10001,10000,budget
trec-covid-chrono-r1,1,17,balanced,1,52,0,,10001,10000,budget
trec-covid-chrono-r1,1,17,balanced,1,53,0,,10001,10000,budget
trec-covid-chrono-r1,1,17,balanced,1,54,0,,10001,10000,budget
trec-covid-chrono-r1,1,17,balanced,1,55,0,,10001,10000,budget
trec-covid-chrono-r1,1,17,balanced,1,56,0,,10001,10000,budget
trec-covid-chrono-r1,1,17,balanced,1,57,0,,10001,10000,budget
trec-covid-chrono-r1,1,17,balanced,1,58,0,,10001,10000,budget
trec-covid-chrono-r1,1,17,balanced,1,59,0,,10001,10000,budget
trec-covid-chrono-r1,1,17,balanced,1,60,0,,10001,10000,budget
trec-covid-chrono-r1,1,17,balanced,1,61,0,,10001,10000,budget
trec-covid-chrono-r1,1,17,balanced,1,62,0,,10001,10000,budget
trec-covid-chrono-r1,1,17,balanced,1,63,0,,10001,10000,budget
trec-covid-chrono-r1,1,17,balanced,1,64,0,,10001,10000,budget
trec-covid-chrono-r1,1,17,balanced,1,65,0,,10001,10000,budget
trec-covid-chrono-r1,1,17,balanced,1,66,0,,10001,10000,budget
trec-covid-chrono-r1,1,17,balanced,1,67,0,,10001,10000,budget
trec-covid-chrono-r1,1,17,balanced,1,68,0,,10001,10000,budget
trec-covid-chrono-r1,1,17,balanced,1,69,0,,10001,10000,budget
trec-covid-chrono-r1,1,17,balanced,1,70,0,,10001,10000,budget
trec-covid-chrono-r1,1,17,balanced,1,71,0,,10001,10000,budget
trec-covid-chrono-r1,1,17,balanced,1,72,0,,10001,10000,budget
trec-covid-chrono-r1,1,17,balanced,1,73,0,,10001,10000,budget
trec-covid-chrono-r1,1,17,balanced,1,74,0,,10001,10000,budget
trec-covid-chrono-r1,1,17,balanced,1,75,0,,10001,10000,budget
trec-covid-chrono-r1,1,17,balanced,1,76,0,,10001,10000,budget
trec-covid-chrono-r1,1,17,balanced,1,77,0,,10001,10000,budget
trec-covid-chrono-r1,1,17,balanced,1,78,0,,10001,10000,budget
trec-covid-chrono-r1,1,17,balanced,1,79,0,,10001,10000,budget
trec-covid-chrono-r1,1,17,balanced,1,80,0,,10001,10000,budget
trec-covid-chrono-r1,1,17,balanced,1,81,0,,10001,10000,budget
trec-covid-chrono-r1,1,17,balanced,1,82,0,,10001,10000,budget
trec-covid-chrono-r1,1,17,balanced,1,83,0,,10001,10000,budget
trec-covid-chrono-r1,1,17,balanced,1,84,0,,10001,10000,budget
trec-covid-chrono-r1,1,17,balanced,1,85,0,,10001,10000,budget
trec-covid-chrono-r1,1,17,balanced,1,86,0,,10001,10000,budget
trec-covid-chrono-r1,1,17,balanced,1,87,0,,10001,10000,budget
trec-covid-chrono-r1,1,17,balanced,1,88,0,,10001,10000,budget
trec-covid-chrono-r1,1,17,balanced,1,89,0,,10001,10000,budget
trec-covid-chrono-r1,1,17,balanced,1,90,0,,10001,10000,budget
trec-covid-chrono-r1,1,17,balanced,1,91,0,,10001,10000,budget
trec-covid-chrono-r1,1,17,balanced,1,92,0,,10001,10000,budget
trec-covid-chrono-r1,1,17,balanced,1,93,0,,10001,10000,budget
trec-covid-chrono-r1,1,17,balanced,1,94,0,,10001,10000,budget
trec-covid-chrono-r1,1,17,balanced,1,95,0,,10001,10000,budget
trec-covid-chrono-r1,1,17,balanced,1,96,0,,10001,10000,budget
trec-covid-chrono-r1,1,17,balanced,1,97,0,,10001,10000,budget
trec-covid-chrono-r1,1,17,balanced,1,98,0,,10001,10000,budget
trec-covid-chrono-r1,1,17,balanced,1,99,0,,10001,10000,budget
trec-covid-chrono-r1,1,17,balanced,1,100,0,,10001,10000,budget
trec-covid-chrono-r1,1,17,dibud,64,1,1,128,128,5832,observation_limit
trec-covid-chrono-r1,1,17,dibud,64,2,1,128,128,5832,observation_limit
trec-covid-chrono-r1,1,17,dibud,64,3,1,128,128,5832,observation_limit
trec-covid-chrono-r1,1,17,dibud,64,4,1,128,128,5832,observation_limit
trec-covid-chrono-r1,1,17,dibud,64,5,1,128,128,5832,observation_limit
trec-covid-chrono-r1,1,17,dibud,64,6,1,128,128,5832,observation_limit
trec-covid-chrono-r1,1,17,dibud,64,7,1,128,128,5832,observation_limit
trec-covid-chrono-r1,1,17,dibud,64,8,1,128,128,5832,observation_limit
trec-covid-chrono-r1,1,17,dibud,64,9,1,256,256,5832,observation_limit
trec-covid-chrono-r1,1,17,dibud,64,10,1,256,256,5832,observation_limit
trec-covid-chrono-r1,1,17,dibud,64,11,1,256,256,5832,observation_limit
trec-covid-chrono-r1,1,17,dibud,64,12,1,256,256,5832,observation_limit
trec-covid-chrono-r1,1,17,dibud,64,13,1,320,320,5832,observation_limit
trec-covid-chrono-r1,1,17,dibud,64,14,1,320,320,5832,observation_limit
trec-covid-chrono-r1,1,17,dibud,64,15,1,384,384,5832,observation_limit
trec-covid-chrono-r1,1,17,dibud,64,16,1,384,384,5832,observation_limit
trec-covid-chrono-r1,1,17,dibud,64,17,1,384,384,5832,observation_limit
trec-covid-chrono-r1,1,17,dibud,64,18,1,448,448,5832,observation_limit
trec-covid-chrono-r1,1,17,dibud,64,19,1,448,448,5832,observation_limit
trec-covid-chrono-r1,1,17,dibud,64,20,1,512,512,5832,observation_limit
trec-covid-chrono-r1,1,17,dibud,64,21,1,512,512,5832,observation_limit
trec-covid-chrono-r1,1,17,dibud,64,22,1,576,576,5832,observation_limit
trec-covid-chrono-r1,1,17,dibud,64,23,1,640,640,5832,observation_limit
trec-covid-chrono-r1,1,17,dibud,64,24,1,1472,1472,5832,observation_limit
trec-covid-chrono-r1,1,17,dibud,64,25,1,2112,2112,5832,observation_limit
trec-covid-chrono-r1,1,17,dibud,64,26,1,5824,5824,5832,observation_limit
trec-covid-chrono-r1,1,17,dibud,64,27,0,,5833,5832,observation_limit
trec-covid-chrono-r1,1,17,dibud,64,28,0,,5833,5832,observation_limit
trec-covid-chrono-r1,1,17,dibud,64,29,0,,5833,5832,observation_limit
trec-covid-chrono-r1,1,17,dibud,64,30,0,,5833,5832,observation_limit
trec-covid-chrono-r1,1,17,dibud,64,31,0,,5833,5832,observation_limit
trec-covid-chrono-r1,1,17,dibud,64,32,0,,5833,5832,observation_limit
trec-covid-chrono-r1,1,17,dibud,64,33,0,,5833,5832,observation_limit
trec-covid-chrono-r1,1,17,dibud,64,34,0,,5833,5832,observation_limit
trec-covid-chrono-r1,1,17,dibud,64,35,0,,5833,5832,observation_limit
trec-covid-chrono-r1,1,17,dibud,64,36,0,,5833,5832,observation_limit
trec-covid-chrono-r1,1,17,dibud,64,37,0,,5833,5832,observation_limit
trec-covid-chrono-r1,1,17,dibud,64,38,0,,5833,5832,observation_limit
trec-covid-chrono-r1,1,17,dibud,64,39,0,,5833,5832,observation_limit
trec-covid-chrono-r1,1,17,dibud,64,40,0,,5833,5832,observation_limit
trec-covid-chrono-r1,1,17,dibud,64,41,0,,5833,5832,observation_limit
trec-covid-chrono-r1,1,17,dibud,64,42,0,,5833,5832,observation_limit
trec-covid-chrono-r1,1,17,dibud,64,43,0,,5833,5832,observation_limit
trec-covid-chrono-r1,1,17,dibud,64,44,0,,5833,5832,observation_limit
trec-covid-chrono-r1,1,17,dibud,64,45,0,,5833,5832,observation_limit
trec-covid-chrono-r1,1,17,dibud,64,46,0,,5833,5832,observation_limit
trec-covid-chrono-r1,1,17,dibud,64,47,0,,5833,5832,observation_limit
trec-covid-chrono-r1,1,17,dibud,64,48,0,,5833,5832,observation_limit
trec-covid-chrono-r1,1,17,dibud,64,49,0,,5833,5832,observation_limit
trec-covid-chrono-r1,1,17,dibud,64,50,0,,5833,5832,observation_limit
trec-covid-chrono-r1,1,17,dibud,64,51,0,,5833,5832,observation_limit
trec-covid-chrono-r1,1,17,dibud,64,52,0,,5833,5832,observation_limit
trec-covid-chrono-r1,1,17,dibud,64,53,0,,5833,5832,observation_limit
trec-covid-chrono-r1,1,17,dibud,64,54,0,,5833,5832,observation_limit
trec-covid-chrono-r1,1,17,dibud,64,55,0,,5833,5832,observation_limit
trec-covid-chrono-r1,1,17,dibud,64,56,0,,5833,5832,observation_limit
trec-covid-chrono-r1,1,17,dibud,64,57,0,,5833,5832,observation_limit
trec-covid-chrono-r1,1,17,dibud,64,58,0,,5833,5832,observation_limit
trec-covid-chrono-r1,1,17,dibud,64,59,0,,5833,5832,observation_limit
trec-covid-chrono-r1,1,17,dibud,64,60,0,,5833,5832,observation_limit
trec-covid-chrono-r1,1,17,dibud,64,61,0,,5833,5832,observation_limit
trec-covid-chrono-r1,1,17,dibud,64,62,0,,5833,5832,observation_limit
trec-covid-chrono-r1,1,17,dibud,64,63,0,,5833,5832,observation_limit
trec-covid-chrono-r1,1,17,dibud,64,64,0,,5833,5832,observation_limit
trec-covid-chrono-r1,1,17,dibud,64,65,0,,5833,5832,observation_limit
trec-covid-chrono-r1,1,17,dibud,64,66,0,,5833,5832,observation_limit
trec-covid-chrono-r1,1,17,dibud,64,67,0,,5833,5832,observation_limit
trec-covid-chrono-r1,1,17,dibud,64,68,0,,5833,5832,observation_limit
trec-covid-chrono-r1,1,17,dibud,64,69,0,,5833,5832,observation_limit
trec-covid-chrono-r1,1,17,dibud,64,70,0,,5833,5832,observation_limit
trec-covid-chrono-r1,1,17,dibud,64,71,0,,5833,5832,observation_limit
trec-covid-chrono-r1,1,17,dibud,64,72,0,,5833,5832,observation_limit
trec-covid-chrono-r1,1,17,dibud,64,73,0,,5833,5832,observation_limit
trec-covid-chrono-r1,1,17,dibud,64,74,0,,5833,5832,observation_limit
trec-covid-chrono-r1,1,17,dibud,64,75,0,,5833,5832,observation_limit
trec-covid-chrono-r1,1,17,dibud,64,76,0,,5833,5832,observation_limit
trec-covid-chrono-r1,1,17,dibud,64,77,0,,5833,5832,observation_limit
trec-covid-chrono-r1,1,17,dibud,64,78,0,,5833,5832,observation_limit
trec-covid-chrono-r1,1,17,dibud,64,79,0,,5833,5832,observation_limit
trec-covid-chrono-r1,1,17,dibud,64,80,0,,5833,5832,observation_limit
trec-covid-chrono-r1,1,17,dibud,64,81,0,,5833,5832,observation_limit
trec-covid-chrono-r1,1,17,dibud,64,82,0,,5833,5832,observation_limit
trec-covid-chrono-r1,1,17,dibud,64,83,0,,5833,5832,observation_limit
trec-covid-chrono-r1,1,17,dibud,64,84,0,,5833,5832,observation_limit
trec-covid-chrono-r1,1,17,dibud,64,85,0,,5833,5832,observation_limit
trec-covid-chrono-r1,1,17,dibud,64,86,0,,5833,5832,observation_limit
trec-covid-chrono-r1,1,17,dibud,64,87,0,,5833,5832,observation_limit
trec-covid-chrono-r1,1,17,dibud,64,88,0,,5833,5832,observation_limit
trec-covid-chrono-r1,1,17,dibud,64,89,0,,5833,5832,observation_limit
trec-covid-chrono-r1,1,17,dibud,64,90,0,,5833,5832,observation_limit
trec-covid-chrono-r1,1,17,dibud,64,91,0,,5833,5832,observation_limit
trec-covid-chrono-r1,1,17,dibud,64,92,0,,5833,5832,observation_limit
trec-covid-chrono-r1,1,17,dibud,64,93,0,,5833,5832,observation_limit
trec-covid-chrono-r1,1,17,dibud,64,94,0,,5833,5832,observation_limit
trec-covid-chrono-r1,1,17,dibud,64,95,0,,5833,5832,observation_limit
trec-covid-chrono-r1,1,17,dibud,64,96,0,,5833,5832,observation_limit
trec-covid-chrono-r1,1,17,dibud,64,97,0,,5833,5832,observation_limit
trec-covid-chrono-r1,1,17,dibud,64,98,0,,5833,5832,observation_limit
trec-covid-chrono-r1,1,17,dibud,64,99,0,,5833,5832,observation_limit
trec-covid-chrono-r1,1,17,dibud,64,100,0,,5833,5832,observation_limit
trec-covid-chrono-r1,1,17,balanced,64,1,1,128,128,10000,budget
trec-covid-chrono-r1,1,17,balanced,64,2,1,128,128,10000,budget
trec-covid-chrono-r1,1,17,balanced,64,3,1,128,128,10000,budget
trec-covid-chrono-r1,1,17,balanced,64,4,1,128,128,10000,budget
trec-covid-chrono-r1,1,17,balanced,64,5,1,128,128,10000,budget
trec-covid-chrono-r1,1,17,balanced,64,6,1,128,128,10000,budget
trec-covid-chrono-r1,1,17,balanced,64,7,1,128,128,10000,budget
trec-covid-chrono-r1,1,17,balanced,64,8,1,128,128,10000,budget
trec-covid-chrono-r1,1,17,balanced,64,9,1,256,256,10000,budget
trec-covid-chrono-r1,1,17,balanced,64,10,1,256,256,10000,budget
trec-covid-chrono-r1,1,17,balanced,64,11,1,256,256,10000,budget
trec-covid-chrono-r1,1,17,balanced,64,12,1,256,256,10000,budget
trec-covid-chrono-r1,1,17,balanced,64,13,1,384,384,10000,budget
trec-covid-chrono-r1,1,17,balanced,64,14,1,384,384,10000,budget
trec-covid-chrono-r1,1,17,balanced,64,15,1,384,384,10000,budget
trec-covid-chrono-r1,1,17,balanced,64,16,1,384,384,10000,budget
trec-covid-chrono-r1,1,17,balanced,64,17,1,384,384,10000,budget
trec-covid-chrono-r1,1,17,balanced,64,18,1,512,512,10000,budget
trec-covid-chrono-r1,1,17,balanced,64,19,1,512,512,10000,budget
trec-covid-chrono-r1,1,17,balanced,64,20,1,512,512,10000,budget
trec-covid-chrono-r1,1,17,balanced,64,21,1,512,512,10000,budget
trec-covid-chrono-r1,1,17,balanced,64,22,1,640,640,10000,budget
trec-covid-chrono-r1,1,17,balanced,64,23,1,640,640,10000,budget
trec-covid-chrono-r1,1,17,balanced,64,24,1,1984,1984,10000,budget
trec-covid-chrono-r1,1,17,balanced,64,25,1,3008,3008,10000,budget
trec-covid-chrono-r1,1,17,balanced,64,26,1,9920,9920,10000,budget
trec-covid-chrono-r1,1,17,balanced,64,27,0,,10001,10000,budget
trec-covid-chrono-r1,1,17,balanced,64,28,0,,10001,10000,budget
trec-covid-chrono-r1,1,17,balanced,64,29,0,,10001,10000,budget
trec-covid-chrono-r1,1,17,balanced,64,30,0,,10001,10000,budget
trec-covid-chrono-r1,1,17,balanced,64,31,0,,10001,10000,budget
trec-covid-chrono-r1,1,17,balanced,64,32,0,,10001,10000,budget
trec-covid-chrono-r1,1,17,balanced,64,33,0,,10001,10000,budget
trec-covid-chrono-r1,1,17,balanced,64,34,0,,10001,10000,budget
trec-covid-chrono-r1,1,17,balanced,64,35,0,,10001,10000,budget
trec-covid-chrono-r1,1,17,balanced,64,36,0,,10001,10000,budget
trec-covid-chrono-r1,1,17,balanced,64,37,0,,10001,10000,budget
trec-covid-chrono-r1,1,17,balanced,64,38,0,,10001,10000,budget
trec-covid-chrono-r1,1,17,balanced,64,39,0,,10001,10000,budget
trec-covid-chrono-r1,1,17,balanced,64,40,0,,10001,10000,budget
trec-covid-chrono-r1,1,17,balanced,64,41,0,,10001,10000,budget
trec-covid-chrono-r1,1,17,balanced,64,42,0,,10001,10000,budget
trec-covid-chrono-r1,1,17,balanced,64,43,0,,10001,10000,budget
trec-covid-chrono-r1,1,17,balanced,64,44,0,,10001,10000,budget
trec-covid-chrono-r1,1,17,balanced,64,45,0,,10001,10000,budget
trec-covid-chrono-r1,1,17,balanced,64,46,0,,10001,10000,budget
trec-covid-chrono-r1,1,17,balanced,64,47,0,,10001,10000,budget
trec-covid-chrono-r1,1,17,balanced,64,48,0,,10001,10000,budget
trec-covid-chrono-r1,1,17,balanced,64,49,0,,10001,10000,budget
trec-covid-chrono-r1,1,17,balanced,64,50,0,,10001,10000,budget
trec-covid-chrono-r1,1,17,balanced,64,51,0,,10001,10000,budget
trec-covid-chrono-r1,1,17,balanced,64,52,0,,10001,10000,budget
trec-covid-chrono-r1,1,17,balanced,64,53,0,,10001,10000,budget
trec-covid-chrono-r1,1,17,balanced,64,54,0,,10001,10000,budget
trec-covid-chrono-r1,1,17,balanced,64,55,0,,10001,10000,budget
trec-covid-chrono-r1,1,17,balanced,64,56,0,,10001,10000,budget
trec-covid-chrono-r1,1,17,balanced,64,57,0,,10001,10000,budget
trec-covid-chrono-r1,1,17,balanced,64,58,0,,10001,10000,budget
trec-covid-chrono-r1,1,17,balanced,64,59,0,,10001,10000,budget
trec-covid-chrono-r1,1,17,balanced,64,60,0,,10001,10000,budget
trec-covid-chrono-r1,1,17,balanced,64,61,0,,10001,10000,budget
trec-covid-chrono-r1,1,17,balanced,64,62,0,,10001,10000,budget
trec-covid-chrono-r1,1,17,balanced,64,63,0,,10001,10000,budget
trec-covid-chrono-r1,1,17,balanced,64,64,0,,10001,10000,budget
trec-covid-chrono-r1,1,17,balanced,64,65,0,,10001,10000,budget
trec-covid-chrono-r1,1,17,balanced,64,66,0,,10001,10000,budget
trec-covid-chrono-r1,1,17,balanced,64,67,0,,10001,10000,budget
trec-covid-chrono-r1,1,17,balanced,64,68,0,,10001,10000,budget
trec-covid-chrono-r1,1,17,balanced,64,69,0,,10001,10000,budget
trec-covid-chrono-r1,1,17,balanced,64,70,0,,10001,10000,budget
trec-covid-chrono-r1,1,17,balanced,64,71,0,,10001,10000,budget
trec-covid-chrono-r1,1,17,balanced,64,72,0,,10001,10000,budget
trec-covid-chrono-r1,1,17,balanced,64,73,0,,10001,10000,budget
trec-covid-chrono-r1,1,17,balanced,64,74,0,,10001,10000,budget
trec-covid-chrono-r1,1,17,balanced,64,75,0,,10001,10000,budget
trec-covid-chrono-r1,1,17,balanced,64,76,0,,10001,10000,budget
trec-covid-chrono-r1,1,17,balanced,64,77,0,,10001,10000,budget
trec-covid-chrono-r1,1,17,balanced,64,78,0,,10001,10000,budget
trec-covid-chrono-r1,1,17,balanced,64,79,0,,10001,10000,budget
trec-covid-chrono-r1,1,17,balanced,64,80,0,,10001,10000,budget
trec-covid-chrono-r1,1,17,balanced,64,81,0,,10001,10000,budget
trec-covid-chrono-r1,1,17,balanced,64,82,0,,10001,10000,budget
trec-covid-chrono-r1,1,17,balanced,64,83,0,,10001,10000,budget
trec-covid-chrono-r1,1,17,balanced,64,84,0,,10001,10000,budget
trec-covid-chrono-r1,1,17,balanced,64,85,0,,10001,10000,budget
trec-covid-chrono-r1,1,17,balanced,64,86,0,,10001,10000,budget
trec-covid-chrono-r1,1,17,balanced,64,87,0,,10001,10000,budget
trec-covid-chrono-r1,1,17,balanced,64,88,0,,10001,10000,budget
trec-covid-chrono-r1,1,17,balanced,64,89,0,,10001,10000,budget
trec-covid-chrono-r1,1,17,balanced,64,90,0,,10001,10000,budget
trec-covid-chrono-r1,1,17,balanced,64,91,0,,10001,10000,budget
trec-covid-chrono-r1,1,17,balanced,64,92,0,,10001,10000,budget
trec-covid-chrono-r1,1,17,balanced,64,93,0,,10001,10000,budget
trec-covid-chrono-r1,1,17,balanced,64,94,0,,10001,10000,budget
trec-covid-chrono-r1,1,17,balanced,64,95,0,,10001,10000,budget
trec-covid-chrono-r1,1,17,balanced,64,96,0,,10001,10000,budget
trec-covid-chrono-r1,1,17,balanced,64,97,0,,10001,10000,budget
trec-covid-chrono-r1,1,17,balanced,64,98,0,,10001,10000,budget
trec-covid-chrono-r1,1,17,balanced,64,99,0,,10001,10000,budget
trec-covid-chrono-r1,1,17,balanced,64,100,0,,10001,10000,budget
trec-covid-chrono-r2,2,15,dibud,1,1,1,2,2,7105,observation_limit
trec-covid-chrono-r2,2,15,dibud,1,2,1,494,494,7105,observation_limit
trec-covid-chrono-r2,2,15,dibud,1,3,1,1873,1873,7105,observation_limit
trec-covid-chrono-r2,2,15,dibud,1,4,1,2081,2081,7105,observation_limit
trec-covid-chrono-r2,2,15,dibud,1,5,1,6545,6545,7105,observation_limit
trec-covid-chrono-r2,2,15,dibud,1,6,0,,7106,7105,observation_limit
trec-covid-chrono-r2,2,15,dibud,1,7,0,,7106,7105,observation_limit
trec-covid-chrono-r2,2,15,dibud,1,8,0,,7106,7105,observation_limit
trec-covid-chrono-r2,2,15,dibud,1,9,0,,7106,7105,observation_limit
trec-covid-chrono-r2,2,15,dibud,1,10,0,,7106,7105,observation_limit
trec-covid-chrono-r2,2,15,dibud,1,11,0,,7106,7105,observation_limit
trec-covid-chrono-r2,2,15,dibud,1,12,0,,7106,7105,observation_limit
trec-covid-chrono-r2,2,15,dibud,1,13,0,,7106,7105,observation_limit
trec-covid-chrono-r2,2,15,dibud,1,14,0,,7106,7105,observation_limit
trec-covid-chrono-r2,2,15,dibud,1,15,0,,7106,7105,observation_limit
trec-covid-chrono-r2,2,15,dibud,1,16,0,,7106,7105,observation_limit
trec-covid-chrono-r2,2,15,dibud,1,17,0,,7106,7105,observation_limit
trec-covid-chrono-r2,2,15,dibud,1,18,0,,7106,7105,observation_limit
trec-covid-chrono-r2,2,15,dibud,1,19,0,,7106,7105,observation_limit
trec-covid-chrono-r2,2,15,dibud,1,20,0,,7106,7105,observation_limit
trec-covid-chrono-r2,2,15,dibud,1,21,0,,7106,7105,observation_limit
trec-covid-chrono-r2,2,15,dibud,1,22,0,,7106,7105,observation_limit
trec-covid-chrono-r2,2,15,dibud,1,23,0,,7106,7105,observation_limit
trec-covid-chrono-r2,2,15,dibud,1,24,0,,7106,7105,observation_limit
trec-covid-chrono-r2,2,15,dibud,1,25,0,,7106,7105,observation_limit
trec-covid-chrono-r2,2,15,dibud,1,26,0,,7106,7105,observation_limit
trec-covid-chrono-r2,2,15,dibud,1,27,0,,7106,7105,observation_limit
trec-covid-chrono-r2,2,15,dibud,1,28,0,,7106,7105,observation_limit
trec-covid-chrono-r2,2,15,dibud,1,29,0,,7106,7105,observation_limit
trec-covid-chrono-r2,2,15,dibud,1,30,0,,7106,7105,observation_limit
trec-covid-chrono-r2,2,15,dibud,1,31,0,,7106,7105,observation_limit
trec-covid-chrono-r2,2,15,dibud,1,32,0,,7106,7105,observation_limit
trec-covid-chrono-r2,2,15,dibud,1,33,0,,7106,7105,observation_limit
trec-covid-chrono-r2,2,15,dibud,1,34,0,,7106,7105,observation_limit
trec-covid-chrono-r2,2,15,dibud,1,35,0,,7106,7105,observation_limit
trec-covid-chrono-r2,2,15,dibud,1,36,0,,7106,7105,observation_limit
trec-covid-chrono-r2,2,15,dibud,1,37,0,,7106,7105,observation_limit
trec-covid-chrono-r2,2,15,dibud,1,38,0,,7106,7105,observation_limit
trec-covid-chrono-r2,2,15,dibud,1,39,0,,7106,7105,observation_limit
trec-covid-chrono-r2,2,15,dibud,1,40,0,,7106,7105,observation_limit
trec-covid-chrono-r2,2,15,dibud,1,41,0,,7106,7105,observation_limit
trec-covid-chrono-r2,2,15,dibud,1,42,0,,7106,7105,observation_limit
trec-covid-chrono-r2,2,15,dibud,1,43,0,,7106,7105,observation_limit
trec-covid-chrono-r2,2,15,dibud,1,44,0,,7106,7105,observation_limit
trec-covid-chrono-r2,2,15,dibud,1,45,0,,7106,7105,observation_limit
trec-covid-chrono-r2,2,15,dibud,1,46,0,,7106,7105,observation_limit
trec-covid-chrono-r2,2,15,dibud,1,47,0,,7106,7105,observation_limit
trec-covid-chrono-r2,2,15,dibud,1,48,0,,7106,7105,observation_limit
trec-covid-chrono-r2,2,15,dibud,1,49,0,,7106,7105,observation_limit
trec-covid-chrono-r2,2,15,dibud,1,50,0,,7106,7105,observation_limit
trec-covid-chrono-r2,2,15,dibud,1,51,0,,7106,7105,observation_limit
trec-covid-chrono-r2,2,15,dibud,1,52,0,,7106,7105,observation_limit
trec-covid-chrono-r2,2,15,dibud,1,53,0,,7106,7105,observation_limit
trec-covid-chrono-r2,2,15,dibud,1,54,0,,7106,7105,observation_limit
trec-covid-chrono-r2,2,15,dibud,1,55,0,,7106,7105,observation_limit
trec-covid-chrono-r2,2,15,dibud,1,56,0,,7106,7105,observation_limit
trec-covid-chrono-r2,2,15,dibud,1,57,0,,7106,7105,observation_limit
trec-covid-chrono-r2,2,15,dibud,1,58,0,,7106,7105,observation_limit
trec-covid-chrono-r2,2,15,dibud,1,59,0,,7106,7105,observation_limit
trec-covid-chrono-r2,2,15,dibud,1,60,0,,7106,7105,observation_limit
trec-covid-chrono-r2,2,15,dibud,1,61,0,,7106,7105,observation_limit
trec-covid-chrono-r2,2,15,dibud,1,62,0,,7106,7105,observation_limit
trec-covid-chrono-r2,2,15,dibud,1,63,0,,7106,7105,observation_limit
trec-covid-chrono-r2,2,15,dibud,1,64,0,,7106,7105,observation_limit
trec-covid-chrono-r2,2,15,dibud,1,65,0,,7106,7105,observation_limit
trec-covid-chrono-r2,2,15,dibud,1,66,0,,7106,7105,observation_limit
trec-covid-chrono-r2,2,15,dibud,1,67,0,,7106,7105,observation_limit
trec-covid-chrono-r2,2,15,dibud,1,68,0,,7106,7105,observation_limit
trec-covid-chrono-r2,2,15,dibud,1,69,0,,7106,7105,observation_limit
trec-covid-chrono-r2,2,15,dibud,1,70,0,,7106,7105,observation_limit
trec-covid-chrono-r2,2,15,dibud,1,71,0,,7106,7105,observation_limit
trec-covid-chrono-r2,2,15,dibud,1,72,0,,7106,7105,observation_limit
trec-covid-chrono-r2,2,15,dibud,1,73,0,,7106,7105,observation_limit
trec-covid-chrono-r2,2,15,dibud,1,74,0,,7106,7105,observation_limit
trec-covid-chrono-r2,2,15,dibud,1,75,0,,7106,7105,observation_limit
trec-covid-chrono-r2,2,15,dibud,1,76,0,,7106,7105,observation_limit
trec-covid-chrono-r2,2,15,dibud,1,77,0,,7106,7105,observation_limit
trec-covid-chrono-r2,2,15,dibud,1,78,0,,7106,7105,observation_limit
trec-covid-chrono-r2,2,15,dibud,1,79,0,,7106,7105,observation_limit
trec-covid-chrono-r2,2,15,dibud,1,80,0,,7106,7105,observation_limit
trec-covid-chrono-r2,2,15,dibud,1,81,0,,7106,7105,observation_limit
trec-covid-chrono-r2,2,15,dibud,1,82,0,,7106,7105,observation_limit
trec-covid-chrono-r2,2,15,dibud,1,83,0,,7106,7105,observation_limit
trec-covid-chrono-r2,2,15,dibud,1,84,0,,7106,7105,observation_limit
trec-covid-chrono-r2,2,15,dibud,1,85,0,,7106,7105,observation_limit
trec-covid-chrono-r2,2,15,dibud,1,86,0,,7106,7105,observation_limit
trec-covid-chrono-r2,2,15,dibud,1,87,0,,7106,7105,observation_limit
trec-covid-chrono-r2,2,15,dibud,1,88,0,,7106,7105,observation_limit
trec-covid-chrono-r2,2,15,dibud,1,89,0,,7106,7105,observation_limit
trec-covid-chrono-r2,2,15,dibud,1,90,0,,7106,7105,observation_limit
trec-covid-chrono-r2,2,15,dibud,1,91,0,,7106,7105,observation_limit
trec-covid-chrono-r2,2,15,dibud,1,92,0,,7106,7105,observation_limit
trec-covid-chrono-r2,2,15,dibud,1,93,0,,7106,7105,observation_limit
trec-covid-chrono-r2,2,15,dibud,1,94,0,,7106,7105,observation_limit
trec-covid-chrono-r2,2,15,dibud,1,95,0,,7106,7105,observation_limit
trec-covid-chrono-r2,2,15,dibud,1,96,0,,7106,7105,observation_limit
trec-covid-chrono-r2,2,15,dibud,1,97,0,,7106,7105,observation_limit
trec-covid-chrono-r2,2,15,dibud,1,98,0,,7106,7105,observation_limit
trec-covid-chrono-r2,2,15,dibud,1,99,0,,7106,7105,observation_limit
trec-covid-chrono-r2,2,15,dibud,1,100,0,,7106,7105,observation_limit
trec-covid-chrono-r2,2,15,balanced,1,1,1,2,2,10000,budget
trec-covid-chrono-r2,2,15,balanced,1,2,1,494,494,10000,budget
trec-covid-chrono-r2,2,15,balanced,1,3,1,1873,1873,10000,budget
trec-covid-chrono-r2,2,15,balanced,1,4,1,2288,2288,10000,budget
trec-covid-chrono-r2,2,15,balanced,1,5,1,9062,9062,10000,budget
trec-covid-chrono-r2,2,15,balanced,1,6,0,,10001,10000,budget
trec-covid-chrono-r2,2,15,balanced,1,7,0,,10001,10000,budget
trec-covid-chrono-r2,2,15,balanced,1,8,0,,10001,10000,budget
trec-covid-chrono-r2,2,15,balanced,1,9,0,,10001,10000,budget
trec-covid-chrono-r2,2,15,balanced,1,10,0,,10001,10000,budget
trec-covid-chrono-r2,2,15,balanced,1,11,0,,10001,10000,budget
trec-covid-chrono-r2,2,15,balanced,1,12,0,,10001,10000,budget
trec-covid-chrono-r2,2,15,balanced,1,13,0,,10001,10000,budget
trec-covid-chrono-r2,2,15,balanced,1,14,0,,10001,10000,budget
trec-covid-chrono-r2,2,15,balanced,1,15,0,,10001,10000,budget
trec-covid-chrono-r2,2,15,balanced,1,16,0,,10001,10000,budget
trec-covid-chrono-r2,2,15,balanced,1,17,0,,10001,10000,budget
trec-covid-chrono-r2,2,15,balanced,1,18,0,,10001,10000,budget
trec-covid-chrono-r2,2,15,balanced,1,19,0,,10001,10000,budget
trec-covid-chrono-r2,2,15,balanced,1,20,0,,10001,10000,budget
trec-covid-chrono-r2,2,15,balanced,1,21,0,,10001,10000,budget
trec-covid-chrono-r2,2,15,balanced,1,22,0,,10001,10000,budget
trec-covid-chrono-r2,2,15,balanced,1,23,0,,10001,10000,budget
trec-covid-chrono-r2,2,15,balanced,1,24,0,,10001,10000,budget
trec-covid-chrono-r2,2,15,balanced,1,25,0,,10001,10000,budget
trec-covid-chrono-r2,2,15,balanced,1,26,0,,10001,10000,budget
trec-covid-chrono-r2,2,15,balanced,1,27,0,,10001,10000,budget
trec-covid-chrono-r2,2,15,balanced,1,28,0,,10001,10000,budget
trec-covid-chrono-r2,2,15,balanced,1,29,0,,10001,10000,budget
trec-covid-chrono-r2,2,15,balanced,1,30,0,,10001,10000,budget
trec-covid-chrono-r2,2,15,balanced,1,31,0,,10001,10000,budget
trec-covid-chrono-r2,2,15,balanced,1,32,0,,10001,10000,budget
trec-covid-chrono-r2,2,15,balanced,1,33,0,,10001,10000,budget
trec-covid-chrono-r2,2,15,balanced,1,34,0,,10001,10000,budget
trec-covid-chrono-r2,2,15,balanced,1,35,0,,10001,10000,budget
trec-covid-chrono-r2,2,15,balanced,1,36,0,,10001,10000,budget
trec-covid-chrono-r2,2,15,balanced,1,37,0,,10001,10000,budget
trec-covid-chrono-r2,2,15,balanced,1,38,0,,10001,10000,budget
trec-covid-chrono-r2,2,15,balanced,1,39,0,,10001,10000,budget
trec-covid-chrono-r2,2,15,balanced,1,40,0,,10001,10000,budget
trec-covid-chrono-r2,2,15,balanced,1,41,0,,10001,10000,budget
trec-covid-chrono-r2,2,15,balanced,1,42,0,,10001,10000,budget
trec-covid-chrono-r2,2,15,balanced,1,43,0,,10001,10000,budget
trec-covid-chrono-r2,2,15,balanced,1,44,0,,10001,10000,budget
trec-covid-chrono-r2,2,15,balanced,1,45,0,,10001,10000,budget
trec-covid-chrono-r2,2,15,balanced,1,46,0,,10001,10000,budget
trec-covid-chrono-r2,2,15,balanced,1,47,0,,10001,10000,budget
trec-covid-chrono-r2,2,15,balanced,1,48,0,,10001,10000,budget
trec-covid-chrono-r2,2,15,balanced,1,49,0,,10001,10000,budget
trec-covid-chrono-r2,2,15,balanced,1,50,0,,10001,10000,budget
trec-covid-chrono-r2,2,15,balanced,1,51,0,,10001,10000,budget
trec-covid-chrono-r2,2,15,balanced,1,52,0,,10001,10000,budget
trec-covid-chrono-r2,2,15,balanced,1,53,0,,10001,10000,budget
trec-covid-chrono-r2,2,15,balanced,1,54,0,,10001,10000,budget
trec-covid-chrono-r2,2,15,balanced,1,55,0,,10001,10000,budget
trec-covid-chrono-r2,2,15,balanced,1,56,0,,10001,10000,budget
trec-covid-chrono-r2,2,15,balanced,1,57,0,,10001,10000,budget
trec-covid-chrono-r2,2,15,balanced,1,58,0,,10001,10000,budget
trec-covid-chrono-r2,2,15,balanced,1,59,0,,10001,10000,budget
trec-covid-chrono-r2,2,15,balanced,1,60,0,,10001,10000,budget
trec-covid-chrono-r2,2,15,balanced,1,61,0,,10001,10000,budget
trec-covid-chrono-r2,2,15,balanced,1,62,0,,10001,10000,budget
trec-covid-chrono-r2,2,15,balanced,1,63,0,,10001,10000,budget
trec-covid-chrono-r2,2,15,balanced,1,64,0,,10001,10000,budget
trec-covid-chrono-r2,2,15,balanced,1,65,0,,10001,10000,budget
trec-covid-chrono-r2,2,15,balanced,1,66,0,,10001,10000,budget
trec-covid-chrono-r2,2,15,balanced,1,67,0,,10001,10000,budget
trec-covid-chrono-r2,2,15,balanced,1,68,0,,10001,10000,budget
trec-covid-chrono-r2,2,15,balanced,1,69,0,,10001,10000,budget
trec-covid-chrono-r2,2,15,balanced,1,70,0,,10001,10000,budget
trec-covid-chrono-r2,2,15,balanced,1,71,0,,10001,10000,budget
trec-covid-chrono-r2,2,15,balanced,1,72,0,,10001,10000,budget
trec-covid-chrono-r2,2,15,balanced,1,73,0,,10001,10000,budget
trec-covid-chrono-r2,2,15,balanced,1,74,0,,10001,10000,budget
trec-covid-chrono-r2,2,15,balanced,1,75,0,,10001,10000,budget
trec-covid-chrono-r2,2,15,balanced,1,76,0,,10001,10000,budget
trec-covid-chrono-r2,2,15,balanced,1,77,0,,10001,10000,budget
trec-covid-chrono-r2,2,15,balanced,1,78,0,,10001,10000,budget
trec-covid-chrono-r2,2,15,balanced,1,79,0,,10001,10000,budget
trec-covid-chrono-r2,2,15,balanced,1,80,0,,10001,10000,budget
trec-covid-chrono-r2,2,15,balanced,1,81,0,,10001,10000,budget
trec-covid-chrono-r2,2,15,balanced,1,82,0,,10001,10000,budget
trec-covid-chrono-r2,2,15,balanced,1,83,0,,10001,10000,budget
trec-covid-chrono-r2,2,15,balanced,1,84,0,,10001,10000,budget
trec-covid-chrono-r2,2,15,balanced,1,85,0,,10001,10000,budget
trec-covid-chrono-r2,2,15,balanced,1,86,0,,10001,10000,budget
trec-covid-chrono-r2,2,15,balanced,1,87,0,,10001,10000,budget
trec-covid-chrono-r2,2,15,balanced,1,88,0,,10001,10000,budget
trec-covid-chrono-r2,2,15,balanced,1,89,0,,10001,10000,budget
trec-covid-chrono-r2,2,15,balanced,1,90,0,,10001,10000,budget
trec-covid-chrono-r2,2,15,balanced,1,91,0,,10001,10000,budget
trec-covid-chrono-r2,2,15,balanced,1,92,0,,10001,10000,budget
trec-covid-chrono-r2,2,15,balanced,1,93,0,,10001,10000,budget
trec-covid-chrono-r2,2,15,balanced,1,94,0,,10001,10000,budget
trec-covid-chrono-r2,2,15,balanced,1,95,0,,10001,10000,budget
trec-covid-chrono-r2,2,15,balanced,1,96,0,,10001,10000,budget
trec-covid-chrono-r2,2,15,balanced,1,97,0,,10001,10000,budget
trec-covid-chrono-r2,2,15,balanced,1,98,0,,10001,10000,budget
trec-covid-chrono-r2,2,15,balanced,1,99,0,,10001,10000,budget
trec-covid-chrono-r2,2,15,balanced,1,100,0,,10001,10000,budget
trec-covid-chrono-r2,2,15,dibud,64,1,1,128,128,7112,observation_limit
trec-covid-chrono-r2,2,15,dibud,64,2,1,512,512,7112,observation_limit
trec-covid-chrono-r2,2,15,dibud,64,3,1,1920,1920,7112,observation_limit
trec-covid-chrono-r2,2,15,dibud,64,4,1,2112,2112,7112,observation_limit
trec-covid-chrono-r2,2,15,dibud,64,5,1,6592,6592,7112,observation_limit
trec-covid-chrono-r2,2,15,dibud,64,6,0,,7113,7112,observation_limit
trec-covid-chrono-r2,2,15,dibud,64,7,0,,7113,7112,observation_limit
trec-covid-chrono-r2,2,15,dibud,64,8,0,,7113,7112,observation_limit
trec-covid-chrono-r2,2,15,dibud,64,9,0,,7113,7112,observation_limit
trec-covid-chrono-r2,2,15,dibud,64,10,0,,7113,7112,observation_limit
trec-covid-chrono-r2,2,15,dibud,64,11,0,,7113,7112,observation_limit
trec-covid-chrono-r2,2,15,dibud,64,12,0,,7113,7112,observation_limit
trec-covid-chrono-r2,2,15,dibud,64,13,0,,7113,7112,observation_limit
trec-covid-chrono-r2,2,15,dibud,64,14,0,,7113,7112,observation_limit
trec-covid-chrono-r2,2,15,dibud,64,15,0,,7113,7112,observation_limit
trec-covid-chrono-r2,2,15,dibud,64,16,0,,7113,7112,observation_limit
trec-covid-chrono-r2,2,15,dibud,64,17,0,,7113,7112,observation_limit
trec-covid-chrono-r2,2,15,dibud,64,18,0,,7113,7112,observation_limit
trec-covid-chrono-r2,2,15,dibud,64,19,0,,7113,7112,observation_limit
trec-covid-chrono-r2,2,15,dibud,64,20,0,,7113,7112,observation_limit
trec-covid-chrono-r2,2,15,dibud,64,21,0,,7113,7112,observation_limit
trec-covid-chrono-r2,2,15,dibud,64,22,0,,7113,7112,observation_limit
trec-covid-chrono-r2,2,15,dibud,64,23,0,,7113,7112,observation_limit
trec-covid-chrono-r2,2,15,dibud,64,24,0,,7113,7112,observation_limit
trec-covid-chrono-r2,2,15,dibud,64,25,0,,7113,7112,observation_limit
trec-covid-chrono-r2,2,15,dibud,64,26,0,,7113,7112,observation_limit
trec-covid-chrono-r2,2,15,dibud,64,27,0,,7113,7112,observation_limit
trec-covid-chrono-r2,2,15,dibud,64,28,0,,7113,7112,observation_limit
trec-covid-chrono-r2,2,15,dibud,64,29,0,,7113,7112,observation_limit
trec-covid-chrono-r2,2,15,dibud,64,30,0,,7113,7112,observation_limit
trec-covid-chrono-r2,2,15,dibud,64,31,0,,7113,7112,observation_limit
trec-covid-chrono-r2,2,15,dibud,64,32,0,,7113,7112,observation_limit
trec-covid-chrono-r2,2,15,dibud,64,33,0,,7113,7112,observation_limit
trec-covid-chrono-r2,2,15,dibud,64,34,0,,7113,7112,observation_limit
trec-covid-chrono-r2,2,15,dibud,64,35,0,,7113,7112,observation_limit
trec-covid-chrono-r2,2,15,dibud,64,36,0,,7113,7112,observation_limit
trec-covid-chrono-r2,2,15,dibud,64,37,0,,7113,7112,observation_limit
trec-covid-chrono-r2,2,15,dibud,64,38,0,,7113,7112,observation_limit
trec-covid-chrono-r2,2,15,dibud,64,39,0,,7113,7112,observation_limit
trec-covid-chrono-r2,2,15,dibud,64,40,0,,7113,7112,observation_limit
trec-covid-chrono-r2,2,15,dibud,64,41,0,,7113,7112,observation_limit
trec-covid-chrono-r2,2,15,dibud,64,42,0,,7113,7112,observation_limit
trec-covid-chrono-r2,2,15,dibud,64,43,0,,7113,7112,observation_limit
trec-covid-chrono-r2,2,15,dibud,64,44,0,,7113,7112,observation_limit
trec-covid-chrono-r2,2,15,dibud,64,45,0,,7113,7112,observation_limit
trec-covid-chrono-r2,2,15,dibud,64,46,0,,7113,7112,observation_limit
trec-covid-chrono-r2,2,15,dibud,64,47,0,,7113,7112,observation_limit
trec-covid-chrono-r2,2,15,dibud,64,48,0,,7113,7112,observation_limit
trec-covid-chrono-r2,2,15,dibud,64,49,0,,7113,7112,observation_limit
trec-covid-chrono-r2,2,15,dibud,64,50,0,,7113,7112,observation_limit
trec-covid-chrono-r2,2,15,dibud,64,51,0,,7113,7112,observation_limit
trec-covid-chrono-r2,2,15,dibud,64,52,0,,7113,7112,observation_limit
trec-covid-chrono-r2,2,15,dibud,64,53,0,,7113,7112,observation_limit
trec-covid-chrono-r2,2,15,dibud,64,54,0,,7113,7112,observation_limit
trec-covid-chrono-r2,2,15,dibud,64,55,0,,7113,7112,observation_limit
trec-covid-chrono-r2,2,15,dibud,64,56,0,,7113,7112,observation_limit
trec-covid-chrono-r2,2,15,dibud,64,57,0,,7113,7112,observation_limit
trec-covid-chrono-r2,2,15,dibud,64,58,0,,7113,7112,observation_limit
trec-covid-chrono-r2,2,15,dibud,64,59,0,,7113,7112,observation_limit
trec-covid-chrono-r2,2,15,dibud,64,60,0,,7113,7112,observation_limit
trec-covid-chrono-r2,2,15,dibud,64,61,0,,7113,7112,observation_limit
trec-covid-chrono-r2,2,15,dibud,64,62,0,,7113,7112,observation_limit
trec-covid-chrono-r2,2,15,dibud,64,63,0,,7113,7112,observation_limit
trec-covid-chrono-r2,2,15,dibud,64,64,0,,7113,7112,observation_limit
trec-covid-chrono-r2,2,15,dibud,64,65,0,,7113,7112,observation_limit
trec-covid-chrono-r2,2,15,dibud,64,66,0,,7113,7112,observation_limit
trec-covid-chrono-r2,2,15,dibud,64,67,0,,7113,7112,observation_limit
trec-covid-chrono-r2,2,15,dibud,64,68,0,,7113,7112,observation_limit
trec-covid-chrono-r2,2,15,dibud,64,69,0,,7113,7112,observation_limit
trec-covid-chrono-r2,2,15,dibud,64,70,0,,7113,7112,observation_limit
trec-covid-chrono-r2,2,15,dibud,64,71,0,,7113,7112,observation_limit
trec-covid-chrono-r2,2,15,dibud,64,72,0,,7113,7112,observation_limit
trec-covid-chrono-r2,2,15,dibud,64,73,0,,7113,7112,observation_limit
trec-covid-chrono-r2,2,15,dibud,64,74,0,,7113,7112,observation_limit
trec-covid-chrono-r2,2,15,dibud,64,75,0,,7113,7112,observation_limit
trec-covid-chrono-r2,2,15,dibud,64,76,0,,7113,7112,observation_limit
trec-covid-chrono-r2,2,15,dibud,64,77,0,,7113,7112,observation_limit
trec-covid-chrono-r2,2,15,dibud,64,78,0,,7113,7112,observation_limit
trec-covid-chrono-r2,2,15,dibud,64,79,0,,7113,7112,observation_limit
trec-covid-chrono-r2,2,15,dibud,64,80,0,,7113,7112,observation_limit
trec-covid-chrono-r2,2,15,dibud,64,81,0,,7113,7112,observation_limit
trec-covid-chrono-r2,2,15,dibud,64,82,0,,7113,7112,observation_limit
trec-covid-chrono-r2,2,15,dibud,64,83,0,,7113,7112,observation_limit
trec-covid-chrono-r2,2,15,dibud,64,84,0,,7113,7112,observation_limit
trec-covid-chrono-r2,2,15,dibud,64,85,0,,7113,7112,observation_limit
trec-covid-chrono-r2,2,15,dibud,64,86,0,,7113,7112,observation_limit
trec-covid-chrono-r2,2,15,dibud,64,87,0,,7113,7112,observation_limit
trec-covid-chrono-r2,2,15,dibud,64,88,0,,7113,7112,observation_limit
trec-covid-chrono-r2,2,15,dibud,64,89,0,,7113,7112,observation_limit
trec-covid-chrono-r2,2,15,dibud,64,90,0,,7113,7112,observation_limit
trec-covid-chrono-r2,2,15,dibud,64,91,0,,7113,7112,observation_limit
trec-covid-chrono-r2,2,15,dibud,64,92,0,,7113,7112,observation_limit
trec-covid-chrono-r2,2,15,dibud,64,93,0,,7113,7112,observation_limit
trec-covid-chrono-r2,2,15,dibud,64,94,0,,7113,7112,observation_limit
trec-covid-chrono-r2,2,15,dibud,64,95,0,,7113,7112,observation_limit
trec-covid-chrono-r2,2,15,dibud,64,96,0,,7113,7112,observation_limit
trec-covid-chrono-r2,2,15,dibud,64,97,0,,7113,7112,observation_limit
trec-covid-chrono-r2,2,15,dibud,64,98,0,,7113,7112,observation_limit
trec-covid-chrono-r2,2,15,dibud,64,99,0,,7113,7112,observation_limit
trec-covid-chrono-r2,2,15,dibud,64,100,0,,7113,7112,observation_limit
trec-covid-chrono-r2,2,15,balanced,64,1,1,128,128,10000,budget
trec-covid-chrono-r2,2,15,balanced,64,2,1,512,512,10000,budget
trec-covid-chrono-r2,2,15,balanced,64,3,1,1920,1920,10000,budget
trec-covid-chrono-r2,2,15,balanced,64,4,1,2304,2304,10000,budget
trec-covid-chrono-r2,2,15,balanced,64,5,1,9088,9088,10000,budget
trec-covid-chrono-r2,2,15,balanced,64,6,0,,10001,10000,budget
trec-covid-chrono-r2,2,15,balanced,64,7,0,,10001,10000,budget
trec-covid-chrono-r2,2,15,balanced,64,8,0,,10001,10000,budget
trec-covid-chrono-r2,2,15,balanced,64,9,0,,10001,10000,budget
trec-covid-chrono-r2,2,15,balanced,64,10,0,,10001,10000,budget
trec-covid-chrono-r2,2,15,balanced,64,11,0,,10001,10000,budget
trec-covid-chrono-r2,2,15,balanced,64,12,0,,10001,10000,budget
trec-covid-chrono-r2,2,15,balanced,64,13,0,,10001,10000,budget
trec-covid-chrono-r2,2,15,balanced,64,14,0,,10001,10000,budget
trec-covid-chrono-r2,2,15,balanced,64,15,0,,10001,10000,budget
trec-covid-chrono-r2,2,15,balanced,64,16,0,,10001,10000,budget
trec-covid-chrono-r2,2,15,balanced,64,17,0,,10001,10000,budget
trec-covid-chrono-r2,2,15,balanced,64,18,0,,10001,10000,budget
trec-covid-chrono-r2,2,15,balanced,64,19,0,,10001,10000,budget
trec-covid-chrono-r2,2,15,balanced,64,20,0,,10001,10000,budget
trec-covid-chrono-r2,2,15,balanced,64,21,0,,10001,10000,budget
trec-covid-chrono-r2,2,15,balanced,64,22,0,,10001,10000,budget
trec-covid-chrono-r2,2,15,balanced,64,23,0,,10001,10000,budget
trec-covid-chrono-r2,2,15,balanced,64,24,0,,10001,10000,budget
trec-covid-chrono-r2,2,15,balanced,64,25,0,,10001,10000,budget
trec-covid-chrono-r2,2,15,balanced,64,26,0,,10001,10000,budget
trec-covid-chrono-r2,2,15,balanced,64,27,0,,10001,10000,budget
trec-covid-chrono-r2,2,15,balanced,64,28,0,,10001,10000,budget
trec-covid-chrono-r2,2,15,balanced,64,29,0,,10001,10000,budget
trec-covid-chrono-r2,2,15,balanced,64,30,0,,10001,10000,budget
trec-covid-chrono-r2,2,15,balanced,64,31,0,,10001,10000,budget
trec-covid-chrono-r2,2,15,balanced,64,32,0,,10001,10000,budget
trec-covid-chrono-r2,2,15,balanced,64,33,0,,10001,10000,budget
trec-covid-chrono-r2,2,15,balanced,64,34,0,,10001,10000,budget
trec-covid-chrono-r2,2,15,balanced,64,35,0,,10001,10000,budget
trec-covid-chrono-r2,2,15,balanced,64,36,0,,10001,10000,budget
trec-covid-chrono-r2,2,15,balanced,64,37,0,,10001,10000,budget
trec-covid-chrono-r2,2,15,balanced,64,38,0,,10001,10000,budget
trec-covid-chrono-r2,2,15,balanced,64,39,0,,10001,10000,budget
trec-covid-chrono-r2,2,15,balanced,64,40,0,,10001,10000,budget
trec-covid-chrono-r2,2,15,balanced,64,41,0,,10001,10000,budget
trec-covid-chrono-r2,2,15,balanced,64,42,0,,10001,10000,budget
trec-covid-chrono-r2,2,15,balanced,64,43,0,,10001,10000,budget
trec-covid-chrono-r2,2,15,balanced,64,44,0,,10001,10000,budget
trec-covid-chrono-r2,2,15,balanced,64,45,0,,10001,10000,budget
trec-covid-chrono-r2,2,15,balanced,64,46,0,,10001,10000,budget
trec-covid-chrono-r2,2,15,balanced,64,47,0,,10001,10000,budget
trec-covid-chrono-r2,2,15,balanced,64,48,0,,10001,10000,budget
trec-covid-chrono-r2,2,15,balanced,64,49,0,,10001,10000,budget
trec-covid-chrono-r2,2,15,balanced,64,50,0,,10001,10000,budget
trec-covid-chrono-r2,2,15,balanced,64,51,0,,10001,10000,budget
trec-covid-chrono-r2,2,15,balanced,64,52,0,,10001,10000,budget
trec-covid-chrono-r2,2,15,balanced,64,53,0,,10001,10000,budget
trec-covid-chrono-r2,2,15,balanced,64,54,0,,10001,10000,budget
trec-covid-chrono-r2,2,15,balanced,64,55,0,,10001,10000,budget
trec-covid-chrono-r2,2,15,balanced,64,56,0,,10001,10000,budget
trec-covid-chrono-r2,2,15,balanced,64,57,0,,10001,10000,budget
trec-covid-chrono-r2,2,15,balanced,64,58,0,,10001,10000,budget
trec-covid-chrono-r2,2,15,balanced,64,59,0,,10001,10000,budget
trec-covid-chrono-r2,2,15,balanced,64,60,0,,10001,10000,budget
trec-covid-chrono-r2,2,15,balanced,64,61,0,,10001,10000,budget
trec-covid-chrono-r2,2,15,balanced,64,62,0,,10001,10000,budget
trec-covid-chrono-r2,2,15,balanced,64,63,0,,10001,10000,budget
trec-covid-chrono-r2,2,15,balanced,64,64,0,,10001,10000,budget
trec-covid-chrono-r2,2,15,balanced,64,65,0,,10001,10000,budget
trec-covid-chrono-r2,2,15,balanced,64,66,0,,10001,10000,budget
trec-covid-chrono-r2,2,15,balanced,64,67,0,,10001,10000,budget
trec-covid-chrono-r2,2,15,balanced,64,68,0,,10001,10000,budget
trec-covid-chrono-r2,2,15,balanced,64,69,0,,10001,10000,budget
trec-covid-chrono-r2,2,15,balanced,64,70,0,,10001,10000,budget
trec-covid-chrono-r2,2,15,balanced,64,71,0,,10001,10000,budget
trec-covid-chrono-r2,2,15,balanced,64,72,0,,10001,10000,budget
trec-covid-chrono-r2,2,15,balanced,64,73,0,,10001,10000,budget
trec-covid-chrono-r2,2,15,balanced,64,74,0,,10001,10000,budget
trec-covid-chrono-r2,2,15,balanced,64,75,0,,10001,10000,budget
trec-covid-chrono-r2,2,15,balanced,64,76,0,,10001,10000,budget
trec-covid-chrono-r2,2,15,balanced,64,77,0,,10001,10000,budget
trec-covid-chrono-r2,2,15,balanced,64,78,0,,10001,10000,budget
trec-covid-chrono-r2,2,15,balanced,64,79,0,,10001,10000,budget
trec-covid-chrono-r2,2,15,balanced,64,80,0,,10001,10000,budget
trec-covid-chrono-r2,2,15,balanced,64,81,0,,10001,10000,budget
trec-covid-chrono-r2,2,15,balanced,64,82,0,,10001,10000,budget
trec-covid-chrono-r2,2,15,balanced,64,83,0,,10001,10000,budget
trec-covid-chrono-r2,2,15,balanced,64,84,0,,10001,10000,budget
trec-covid-chrono-r2,2,15,balanced,64,85,0,,10001,10000,budget
trec-covid-chrono-r2,2,15,balanced,64,86,0,,10001,10000,budget
trec-covid-chrono-r2,2,15,balanced,64,87,0,,10001,10000,budget
trec-covid-chrono-r2,2,15,balanced,64,88,0,,10001,10000,budget
trec-covid-chrono-r2,2,15,balanced,64,89,0,,10001,10000,budget
trec-covid-chrono-r2,2,15,balanced,64,90,0,,10001,10000,budget
trec-covid-chrono-r2,2,15,balanced,64,91,0,,10001,10000,budget
trec-covid-chrono-r2,2,15,balanced,64,92,0,,10001,10000,budget
trec-covid-chrono-r2,2,15,balanced,64,93,0,,10001,10000,budget
trec-covid-chrono-r2,2,15,balanced,64,94,0,,10001,10000,budget
trec-covid-chrono-r2,2,15,balanced,64,95,0,,10001,10000,budget
trec-covid-chrono-r2,2,15,balanced,64,96,0,,10001,10000,budget
trec-covid-chrono-r2,2,15,balanced,64,97,0,,10001,10000,budget
trec-covid-chrono-r2,2,15,balanced,64,98,0,,10001,10000,budget
trec-covid-chrono-r2,2,15,balanced,64,99,0,,10001,10000,budget
trec-covid-chrono-r2,2,15,balanced,64,100,0,,10001,10000,budget
trec-covid-chrono-r2,2,3,dibud,1,1,1,44,44,6431,observation_limit
trec-covid-chrono-r2,2,3,dibud,1,2,1,49,49,6431,observation_limit
trec-covid-chrono-r2,2,3,dibud,1,3,1,91,91,6431,observation_limit
trec-covid-chrono-r2,2,3,dibud,1,4,1,107,107,6431,observation_limit
trec-covid-chrono-r2,2,3,dibud,1,5,1,129,129,6431,observation_limit
trec-covid-chrono-r2,2,3,dibud,1,6,1,131,131,6431,observation_limit
trec-covid-chrono-r2,2,3,dibud,1,7,1,156,156,6431,observation_limit
trec-covid-chrono-r2,2,3,dibud,1,8,1,178,178,6431,observation_limit
trec-covid-chrono-r2,2,3,dibud,1,9,1,246,246,6431,observation_limit
trec-covid-chrono-r2,2,3,dibud,1,10,1,358,358,6431,observation_limit
trec-covid-chrono-r2,2,3,dibud,1,11,1,448,448,6431,observation_limit
trec-covid-chrono-r2,2,3,dibud,1,12,1,452,452,6431,observation_limit
trec-covid-chrono-r2,2,3,dibud,1,13,1,552,552,6431,observation_limit
trec-covid-chrono-r2,2,3,dibud,1,14,1,800,800,6431,observation_limit
trec-covid-chrono-r2,2,3,dibud,1,15,1,812,812,6431,observation_limit
trec-covid-chrono-r2,2,3,dibud,1,16,1,859,859,6431,observation_limit
trec-covid-chrono-r2,2,3,dibud,1,17,1,922,922,6431,observation_limit
trec-covid-chrono-r2,2,3,dibud,1,18,1,1252,1252,6431,observation_limit
trec-covid-chrono-r2,2,3,dibud,1,19,1,1318,1318,6431,observation_limit
trec-covid-chrono-r2,2,3,dibud,1,20,1,1594,1594,6431,observation_limit
trec-covid-chrono-r2,2,3,dibud,1,21,1,2203,2203,6431,observation_limit
trec-covid-chrono-r2,2,3,dibud,1,22,1,2258,2258,6431,observation_limit
trec-covid-chrono-r2,2,3,dibud,1,23,1,2399,2399,6431,observation_limit
trec-covid-chrono-r2,2,3,dibud,1,24,1,2635,2635,6431,observation_limit
trec-covid-chrono-r2,2,3,dibud,1,25,1,3539,3539,6431,observation_limit
trec-covid-chrono-r2,2,3,dibud,1,26,1,3542,3542,6431,observation_limit
trec-covid-chrono-r2,2,3,dibud,1,27,1,3562,3562,6431,observation_limit
trec-covid-chrono-r2,2,3,dibud,1,28,1,3680,3680,6431,observation_limit
trec-covid-chrono-r2,2,3,dibud,1,29,1,3895,3895,6431,observation_limit
trec-covid-chrono-r2,2,3,dibud,1,30,0,,6432,6431,observation_limit
trec-covid-chrono-r2,2,3,dibud,1,31,0,,6432,6431,observation_limit
trec-covid-chrono-r2,2,3,dibud,1,32,0,,6432,6431,observation_limit
trec-covid-chrono-r2,2,3,dibud,1,33,0,,6432,6431,observation_limit
trec-covid-chrono-r2,2,3,dibud,1,34,0,,6432,6431,observation_limit
trec-covid-chrono-r2,2,3,dibud,1,35,0,,6432,6431,observation_limit
trec-covid-chrono-r2,2,3,dibud,1,36,0,,6432,6431,observation_limit
trec-covid-chrono-r2,2,3,dibud,1,37,0,,6432,6431,observation_limit
trec-covid-chrono-r2,2,3,dibud,1,38,0,,6432,6431,observation_limit
trec-covid-chrono-r2,2,3,dibud,1,39,0,,6432,6431,observation_limit
trec-covid-chrono-r2,2,3,dibud,1,40,0,,6432,6431,observation_limit
trec-covid-chrono-r2,2,3,dibud,1,41,0,,6432,6431,observation_limit
trec-covid-chrono-r2,2,3,dibud,1,42,0,,6432,6431,observation_limit
trec-covid-chrono-r2,2,3,dibud,1,43,0,,6432,6431,observation_limit
trec-covid-chrono-r2,2,3,dibud,1,44,0,,6432,6431,observation_limit
trec-covid-chrono-r2,2,3,dibud,1,45,0,,6432,6431,observation_limit
trec-covid-chrono-r2,2,3,dibud,1,46,0,,6432,6431,observation_limit
trec-covid-chrono-r2,2,3,dibud,1,47,0,,6432,6431,observation_limit
trec-covid-chrono-r2,2,3,dibud,1,48,0,,6432,6431,observation_limit
trec-covid-chrono-r2,2,3,dibud,1,49,0,,6432,6431,observation_limit
trec-covid-chrono-r2,2,3,dibud,1,50,0,,6432,6431,observation_limit
trec-covid-chrono-r2,2,3,dibud,1,51,0,,6432,6431,observation_limit
trec-covid-chrono-r2,2,3,dibud,1,52,0,,6432,6431,observation_limit
trec-covid-chrono-r2,2,3,dibud,1,53,0,,6432,6431,observation_limit
trec-covid-chrono-r2,2,3,dibud,1,54,0,,6432,6431,observation_limit
trec-covid-chrono-r2,2,3,dibud,1,55,0,,6432,6431,observation_limit
trec-covid-chrono-r2,2,3,dibud,1,56,0,,6432,6431,observation_limit
trec-covid-chrono-r2,2,3,dibud,1,57,0,,6432,6431,observation_limit
trec-covid-chrono-r2,2,3,dibud,1,58,0,,6432,6431,observation_limit
trec-covid-chrono-r2,2,3,dibud,1,59,0,,6432,6431,observation_limit
trec-covid-chrono-r2,2,3,dibud,1,60,0,,6432,6431,observation_limit
trec-covid-chrono-r2,2,3,dibud,1,61,0,,6432,6431,observation_limit
trec-covid-chrono-r2,2,3,dibud,1,62,0,,6432,6431,observation_limit
trec-covid-chrono-r2,2,3,dibud,1,63,0,,6432,6431,observation_limit
trec-covid-chrono-r2,2,3,dibud,1,64,0,,6432,6431,observation_limit
trec-covid-chrono-r2,2,3,dibud,1,65,0,,6432,6431,observation_limit
trec-covid-chrono-r2,2,3,dibud,1,66,0,,6432,6431,observation_limit
trec-covid-chrono-r2,2,3,dibud,1,67,0,,6432,6431,observation_limit
trec-covid-chrono-r2,2,3,dibud,1,68,0,,6432,6431,observation_limit
trec-covid-chrono-r2,2,3,dibud,1,69,0,,6432,6431,observation_limit
trec-covid-chrono-r2,2,3,dibud,1,70,0,,6432,6431,observation_limit
trec-covid-chrono-r2,2,3,dibud,1,71,0,,6432,6431,observation_limit
trec-covid-chrono-r2,2,3,dibud,1,72,0,,6432,6431,observation_limit
trec-covid-chrono-r2,2,3,dibud,1,73,0,,6432,6431,observation_limit
trec-covid-chrono-r2,2,3,dibud,1,74,0,,6432,6431,observation_limit
trec-covid-chrono-r2,2,3,dibud,1,75,0,,6432,6431,observation_limit
trec-covid-chrono-r2,2,3,dibud,1,76,0,,6432,6431,observation_limit
trec-covid-chrono-r2,2,3,dibud,1,77,0,,6432,6431,observation_limit
trec-covid-chrono-r2,2,3,dibud,1,78,0,,6432,6431,observation_limit
trec-covid-chrono-r2,2,3,dibud,1,79,0,,6432,6431,observation_limit
trec-covid-chrono-r2,2,3,dibud,1,80,0,,6432,6431,observation_limit
trec-covid-chrono-r2,2,3,dibud,1,81,0,,6432,6431,observation_limit
trec-covid-chrono-r2,2,3,dibud,1,82,0,,6432,6431,observation_limit
trec-covid-chrono-r2,2,3,dibud,1,83,0,,6432,6431,observation_limit
trec-covid-chrono-r2,2,3,dibud,1,84,0,,6432,6431,observation_limit
trec-covid-chrono-r2,2,3,dibud,1,85,0,,6432,6431,observation_limit
trec-covid-chrono-r2,2,3,dibud,1,86,0,,6432,6431,observation_limit
trec-covid-chrono-r2,2,3,dibud,1,87,0,,6432,6431,observation_limit
trec-covid-chrono-r2,2,3,dibud,1,88,0,,6432,6431,observation_limit
trec-covid-chrono-r2,2,3,dibud,1,89,0,,6432,6431,observation_limit
trec-covid-chrono-r2,2,3,dibud,1,90,0,,6432,6431,observation_limit
trec-covid-chrono-r2,2,3,dibud,1,91,0,,6432,6431,observation_limit
trec-covid-chrono-r2,2,3,dibud,1,92,0,,6432,6431,observation_limit
trec-covid-chrono-r2,2,3,dibud,1,93,0,,6432,6431,observation_limit
trec-covid-chrono-r2,2,3,dibud,1,94,0,,6432,6431,observation_limit
trec-covid-chrono-r2,2,3,dibud,1,95,0,,6432,6431,observation_limit
trec-covid-chrono-r2,2,3,dibud,1,96,0,,6432,6431,observation_limit
trec-covid-chrono-r2,2,3,dibud,1,97,0,,6432,6431,observation_limit
trec-covid-chrono-r2,2,3,dibud,1,98,0,,6432,6431,observation_limit
trec-covid-chrono-r2,2,3,dibud,1,99,0,,6432,6431,observation_limit
trec-covid-chrono-r2,2,3,dibud,1,100,0,,6432,6431,observation_limit
trec-covid-chrono-r2,2,3,balanced,1,1,1,44,44,10000,budget
trec-covid-chrono-r2,2,3,balanced,1,2,1,47,47,10000,budget
trec-covid-chrono-r2,2,3,balanced,1,3,1,94,94,10000,budget
trec-covid-chrono-r2,2,3,balanced,1,4,1,110,110,10000,budget
trec-covid-chrono-r2,2,3,balanced,1,5,1,134,134,10000,budget
trec-covid-chrono-r2,2,3,balanced,1,6,1,134,134,10000,budget
trec-covid-chrono-r2,2,3,balanced,1,7,1,156,156,10000,budget
trec-covid-chrono-r2,2,3,balanced,1,8,1,178,178,10000,budget
trec-covid-chrono-r2,2,3,balanced,1,9,1,246,246,10000,budget
trec-covid-chrono-r2,2,3,balanced,1,10,1,358,358,10000,budget
trec-covid-chrono-r2,2,3,balanced,1,11,1,448,448,10000,budget
trec-covid-chrono-r2,2,3,balanced,1,12,1,455,455,10000,budget
trec-covid-chrono-r2,2,3,balanced,1,13,1,655,655,10000,budget
trec-covid-chrono-r2,2,3,balanced,1,14,1,1043,1043,10000,budget
trec-covid-chrono-r2,2,3,balanced,1,15,1,1061,1061,10000,budget
trec-covid-chrono-r2,2,3,balanced,1,16,1,1131,1131,10000,budget
trec-covid-chrono-r2,2,3,balanced,1,17,1,1229,1229,10000,budget
trec-covid-chrono-r2,2,3,balanced,1,18,1,1755,1755,10000,budget
trec-covid-chrono-r2,2,3,balanced,1,19,1,1865,1865,10000,budget
trec-covid-chrono-r2,2,3,balanced,1,20,1,2333,2333,10000,budget
trec-covid-chrono-r2,2,3,balanced,1,21,1,3417,3417,10000,budget
trec-covid-chrono-r2,2,3,balanced,1,22,1,3417,3417,10000,budget
trec-covid-chrono-r2,2,3,balanced,1,23,1,3417,3417,10000,budget
trec-covid-chrono-r2,2,3,balanced,1,24,1,3769,3769,10000,budget
trec-covid-chrono-r2,2,3,balanced,1,25,1,5355,5355,10000,budget
trec-covid-chrono-r2,2,3,balanced,1,26,1,5355,5355,10000,budget
trec-covid-chrono-r2,2,3,balanced,1,27,1,5355,5355,10000,budget
trec-covid-chrono-r2,2,3,balanced,1,28,1,5355,5355,10000,budget
trec-covid-chrono-r2,2,3,balanced,1,29,1,5497,5497,10000,budget
trec-covid-chrono-r2,2,3,balanced,1,30,0,,10001,10000,budget
trec-covid-chrono-r2,2,3,balanced,1,31,0,,10001,10000,budget
trec-covid-chrono-r2,2,3,balanced,1,32,0,,10001,10000,budget
trec-covid-chrono-r2,2,3,balanced,1,33,0,,10001,10000,budget
trec-covid-chrono-r2,2,3,balanced,1,34,0,,10001,10000,budget
trec-covid-chrono-r2,2,3,balanced,1,35,0,,10001,10000,budget
trec-covid-chrono-r2,2,3,balanced,1,36,0,,10001,10000,budget
trec-covid-chrono-r2,2,3,balanced,1,37,0,,10001,10000,budget
trec-covid-chrono-r2,2,3,balanced,1,38,0,,10001,10000,budget
trec-covid-chrono-r2,2,3,balanced,1,39,0,,10001,10000,budget
trec-covid-chrono-r2,2,3,balanced,1,40,0,,10001,10000,budget
trec-covid-chrono-r2,2,3,balanced,1,41,0,,10001,10000,budget
trec-covid-chrono-r2,2,3,balanced,1,42,0,,10001,10000,budget
trec-covid-chrono-r2,2,3,balanced,1,43,0,,10001,10000,budget
trec-covid-chrono-r2,2,3,balanced,1,44,0,,10001,10000,budget
trec-covid-chrono-r2,2,3,balanced,1,45,0,,10001,10000,budget
trec-covid-chrono-r2,2,3,balanced,1,46,0,,10001,10000,budget
trec-covid-chrono-r2,2,3,balanced,1,47,0,,10001,10000,budget
trec-covid-chrono-r2,2,3,balanced,1,48,0,,10001,10000,budget
trec-covid-chrono-r2,2,3,balanced,1,49,0,,10001,10000,budget
trec-covid-chrono-r2,2,3,balanced,1,50,0,,10001,10000,budget
trec-covid-chrono-r2,2,3,balanced,1,51,0,,10001,10000,budget
trec-covid-chrono-r2,2,3,balanced,1,52,0,,10001,10000,budget
trec-covid-chrono-r2,2,3,balanced,1,53,0,,10001,10000,budget
trec-covid-chrono-r2,2,3,balanced,1,54,0,,10001,10000,budget
trec-covid-chrono-r2,2,3,balanced,1,55,0,,10001,10000,budget
trec-covid-chrono-r2,2,3,balanced,1,56,0,,10001,10000,budget
trec-covid-chrono-r2,2,3,balanced,1,57,0,,10001,10000,budget
trec-covid-chrono-r2,2,3,balanced,1,58,0,,10001,10000,budget
trec-covid-chrono-r2,2,3,balanced,1,59,0,,10001,10000,budget
trec-covid-chrono-r2,2,3,balanced,1,60,0,,10001,10000,budget
trec-covid-chrono-r2,2,3,balanced,1,61,0,,10001,10000,budget
trec-covid-chrono-r2,2,3,balanced,1,62,0,,10001,10000,budget
trec-covid-chrono-r2,2,3,balanced,1,63,0,,10001,10000,budget
trec-covid-chrono-r2,2,3,balanced,1,64,0,,10001,10000,budget
trec-covid-chrono-r2,2,3,balanced,1,65,0,,10001,10000,budget
trec-covid-chrono-r2,2,3,balanced,1,66,0,,10001,10000,budget
trec-covid-chrono-r2,2,3,balanced,1,67,0,,10001,10000,budget
trec-covid-chrono-r2,2,3,balanced,1,68,0,,10001,10000,budget
trec-covid-chrono-r2,2,3,balanced,1,69,0,,10001,10000,budget
trec-covid-chrono-r2,2,3,balanced,1,70,0,,10001,10000,budget
trec-covid-chrono-r2,2,3,balanced,1,71,0,,10001,10000,budget
trec-covid-chrono-r2,2,3,balanced,1,72,0,,10001,10000,budget
trec-covid-chrono-r2,2,3,balanced,1,73,0,,10001,10000,budget
trec-covid-chrono-r2,2,3,balanced,1,74,0,,10001,10000,budget
trec-covid-chrono-r2,2,3,balanced,1,75,0,,10001,10000,budget
trec-covid-chrono-r2,2,3,balanced,1,76,0,,10001,10000,budget
trec-covid-chrono-r2,2,3,balanced,1,77,0,,10001,10000,budget
trec-covid-chrono-r2,2,3,balanced,1,78,0,,10001,10000,budget
trec-covid-chrono-r2,2,3,balanced,1,79,0,,10001,10000,budget
trec-covid-chrono-r2,2,3,balanced,1,80,0,,10001,10000,budget
trec-covid-chrono-r2,2,3,balanced,1,81,0,,10001,10000,budget
trec-covid-chrono-r2,2,3,balanced,1,82,0,,10001,10000,budget
trec-covid-chrono-r2,2,3,balanced,1,83,0,,10001,10000,budget
trec-covid-chrono-r2,2,3,balanced,1,84,0,,10001,10000,budget
trec-covid-chrono-r2,2,3,balanced,1,85,0,,10001,10000,budget
trec-covid-chrono-r2,2,3,balanced,1,86,0,,10001,10000,budget
trec-covid-chrono-r2,2,3,balanced,1,87,0,,10001,10000,budget
trec-covid-chrono-r2,2,3,balanced,1,88,0,,10001,10000,budget
trec-covid-chrono-r2,2,3,balanced,1,89,0,,10001,10000,budget
trec-covid-chrono-r2,2,3,balanced,1,90,0,,10001,10000,budget
trec-covid-chrono-r2,2,3,balanced,1,91,0,,10001,10000,budget
trec-covid-chrono-r2,2,3,balanced,1,92,0,,10001,10000,budget
trec-covid-chrono-r2,2,3,balanced,1,93,0,,10001,10000,budget
trec-covid-chrono-r2,2,3,balanced,1,94,0,,10001,10000,budget
trec-covid-chrono-r2,2,3,balanced,1,95,0,,10001,10000,budget
trec-covid-chrono-r2,2,3,balanced,1,96,0,,10001,10000,budget
trec-covid-chrono-r2,2,3,balanced,1,97,0,,10001,10000,budget
trec-covid-chrono-r2,2,3,balanced,1,98,0,,10001,10000,budget
trec-covid-chrono-r2,2,3,balanced,1,99,0,,10001,10000,budget
trec-covid-chrono-r2,2,3,balanced,1,100,0,,10001,10000,budget
trec-covid-chrono-r2,2,3,dibud,64,1,1,128,128,6472,observation_limit
trec-covid-chrono-r2,2,3,dibud,64,2,1,128,128,6472,observation_limit
trec-covid-chrono-r2,2,3,dibud,64,3,1,128,128,6472,observation_limit
trec-covid-chrono-r2,2,3,dibud,64,4,1,128,128,6472,observation_limit
trec-covid-chrono-r2,2,3,dibud,64,5,1,192,192,6472,observation_limit
trec-covid-chrono-r2,2,3,dibud,64,6,1,192,192,6472,observation_limit
trec-covid-chrono-r2,2,3,dibud,64,7,1,256,256,6472,observation_limit
trec-covid-chrono-r2,2,3,dibud,64,8,1,256,256,6472,observation_limit
trec-covid-chrono-r2,2,3,dibud,64,9,1,256,256,6472,observation_limit
trec-covid-chrono-r2,2,3,dibud,64,10,1,384,384,6472,observation_limit
trec-covid-chrono-r2,2,3,dibud,64,11,1,512,512,6472,observation_limit
trec-covid-chrono-r2,2,3,dibud,64,12,1,512,512,6472,observation_limit
trec-covid-chrono-r2,2,3,dibud,64,13,1,640,640,6472,observation_limit
trec-covid-chrono-r2,2,3,dibud,64,14,1,896,896,6472,observation_limit
trec-covid-chrono-r2,2,3,dibud,64,15,1,896,896,6472,observation_limit
trec-covid-chrono-r2,2,3,dibud,64,16,1,896,896,6472,observation_limit
trec-covid-chrono-r2,2,3,dibud,64,17,1,960,960,6472,observation_limit
trec-covid-chrono-r2,2,3,dibud,64,18,1,1280,1280,6472,observation_limit
trec-covid-chrono-r2,2,3,dibud,64,19,1,1408,1408,6472,observation_limit
trec-covid-chrono-r2,2,3,dibud,64,20,1,1664,1664,6472,observation_limit
trec-covid-chrono-r2,2,3,dibud,64,21,1,2240,2240,6472,observation_limit
trec-covid-chrono-r2,2,3,dibud,64,22,1,2304,2304,6472,observation_limit
trec-covid-chrono-r2,2,3,dibud,64,23,1,2432,2432,6472,observation_limit
trec-covid-chrono-r2,2,3,dibud,64,24,1,2688,2688,6472,observation_limit
trec-covid-chrono-r2,2,3,dibud,64,25,1,3584,3584,6472,observation_limit
trec-covid-chrono-r2,2,3,dibud,64,26,1,3584,3584,6472,observation_limit
trec-covid-chrono-r2,2,3,dibud,64,27,1,3584,3584,6472,observation_limit
trec-covid-chrono-r2,2,3,dibud,64,28,1,3712,3712,6472,observation_limit
trec-covid-chrono-r2,2,3,dibud,64,29,1,3904,3904,6472,observation_limit
trec-covid-chrono-r2,2,3,dibud,64,30,0,,6473,6472,observation_limit
trec-covid-chrono-r2,2,3,dibud,64,31,0,,6473,6472,observation_limit
trec-covid-chrono-r2,2,3,dibud,64,32,0,,6473,6472,observation_limit
trec-covid-chrono-r2,2,3,dibud,64,33,0,,6473,6472,observation_limit
trec-covid-chrono-r2,2,3,dibud,64,34,0,,6473,6472,observation_limit
trec-covid-chrono-r2,2,3,dibud,64,35,0,,6473,6472,observation_limit
trec-covid-chrono-r2,2,3,dibud,64,36,0,,6473,6472,observation_limit
trec-covid-chrono-r2,2,3,dibud,64,37,0,,6473,6472,observation_limit
trec-covid-chrono-r2,2,3,dibud,64,38,0,,6473,6472,observation_limit
trec-covid-chrono-r2,2,3,dibud,64,39,0,,6473,6472,observation_limit
trec-covid-chrono-r2,2,3,dibud,64,40,0,,6473,6472,observation_limit
trec-covid-chrono-r2,2,3,dibud,64,41,0,,6473,6472,observation_limit
trec-covid-chrono-r2,2,3,dibud,64,42,0,,6473,6472,observation_limit
trec-covid-chrono-r2,2,3,dibud,64,43,0,,6473,6472,observation_limit
trec-covid-chrono-r2,2,3,dibud,64,44,0,,6473,6472,observation_limit
trec-covid-chrono-r2,2,3,dibud,64,45,0,,6473,6472,observation_limit
trec-covid-chrono-r2,2,3,dibud,64,46,0,,6473,6472,observation_limit
trec-covid-chrono-r2,2,3,dibud,64,47,0,,6473,6472,observation_limit
trec-covid-chrono-r2,2,3,dibud,64,48,0,,6473,6472,observation_limit
trec-covid-chrono-r2,2,3,dibud,64,49,0,,6473,6472,observation_limit
trec-covid-chrono-r2,2,3,dibud,64,50,0,,6473,6472,observation_limit
trec-covid-chrono-r2,2,3,dibud,64,51,0,,6473,6472,observation_limit
trec-covid-chrono-r2,2,3,dibud,64,52,0,,6473,6472,observation_limit
trec-covid-chrono-r2,2,3,dibud,64,53,0,,6473,6472,observation_limit
trec-covid-chrono-r2,2,3,dibud,64,54,0,,6473,6472,observation_limit
trec-covid-chrono-r2,2,3,dibud,64,55,0,,6473,6472,observation_limit
trec-covid-chrono-r2,2,3,dibud,64,56,0,,6473,6472,observation_limit
trec-covid-chrono-r2,2,3,dibud,64,57,0,,6473,6472,observation_limit
trec-covid-chrono-r2,2,3,dibud,64,58,0,,6473,6472,observation_limit
trec-covid-chrono-r2,2,3,dibud,64,59,0,,6473,6472,observation_limit
trec-covid-chrono-r2,2,3,dibud,64,60,0,,6473,6472,observation_limit
trec-covid-chrono-r2,2,3,dibud,64,61,0,,6473,6472,observation_limit
trec-covid-chrono-r2,2,3,dibud,64,62,0,,6473,6472,observation_limit
trec-covid-chrono-r2,2,3,dibud,64,63,0,,6473,6472,observation_limit
trec-covid-chrono-r2,2,3,dibud,64,64,0,,6473,6472,observation_limit
trec-covid-chrono-r2,2,3,dibud,64,65,0,,6473,6472,observation_limit
trec-covid-chrono-r2,2,3,dibud,64,66,0,,6473,6472,observation_limit
trec-covid-chrono-r2,2,3,dibud,64,67,0,,6473,6472,observation_limit
trec-covid-chrono-r2,2,3,dibud,64,68,0,,6473,6472,observation_limit
trec-covid-chrono-r2,2,3,dibud,64,69,0,,6473,6472,observation_limit
trec-covid-chrono-r2,2,3,dibud,64,70,0,,6473,6472,observation_limit
trec-covid-chrono-r2,2,3,dibud,64,71,0,,6473,6472,observation_limit
trec-covid-chrono-r2,2,3,dibud,64,72,0,,6473,6472,observation_limit
trec-covid-chrono-r2,2,3,dibud,64,73,0,,6473,6472,observation_limit
trec-covid-chrono-r2,2,3,dibud,64,74,0,,6473,6472,observation_limit
trec-covid-chrono-r2,2,3,dibud,64,75,0,,6473,6472,observation_limit
trec-covid-chrono-r2,2,3,dibud,64,76,0,,6473,6472,observation_limit
trec-covid-chrono-r2,2,3,dibud,64,77,0,,6473,6472,observation_limit
trec-covid-chrono-r2,2,3,dibud,64,78,0,,6473,6472,observation_limit
trec-covid-chrono-r2,2,3,dibud,64,79,0,,6473,6472,observation_limit
trec-covid-chrono-r2,2,3,dibud,64,80,0,,6473,6472,observation_limit
trec-covid-chrono-r2,2,3,dibud,64,81,0,,6473,6472,observation_limit
trec-covid-chrono-r2,2,3,dibud,64,82,0,,6473,6472,observation_limit
trec-covid-chrono-r2,2,3,dibud,64,83,0,,6473,6472,observation_limit
trec-covid-chrono-r2,2,3,dibud,64,84,0,,6473,6472,observation_limit
trec-covid-chrono-r2,2,3,dibud,64,85,0,,6473,6472,observation_limit
trec-covid-chrono-r2,2,3,dibud,64,86,0,,6473,6472,observation_limit
trec-covid-chrono-r2,2,3,dibud,64,87,0,,6473,6472,observation_limit
trec-covid-chrono-r2,2,3,dibud,64,88,0,,6473,6472,observation_limit
trec-covid-chrono-r2,2,3,dibud,64,89,0,,6473,6472,observation_limit
trec-covid-chrono-r2,2,3,dibud,64,90,0,,6473,6472,observation_limit
trec-covid-chrono-r2,2,3,dibud,64,91,0,,6473,6472,observation_limit
trec-covid-chrono-r2,2,3,dibud,64,92,0,,6473,6472,observation_limit
trec-covid-chrono-r2,2,3,dibud,64,93,0,,6473,6472,observation_limit
trec-covid-chrono-r2,2,3,dibud,64,94,0,,6473,6472,observation_limit
trec-covid-chrono-r2,2,3,dibud,64,95,0,,6473,6472,observation_limit
trec-covid-chrono-r2,2,3,dibud,64,96,0,,6473,6472,observation_limit
trec-covid-chrono-r2,2,3,dibud,64,97,0,,6473,6472,observation_limit
trec-covid-chrono-r2,2,3,dibud,64,98,0,,6473,6472,observation_limit
trec-covid-chrono-r2,2,3,dibud,64,99,0,,6473,6472,observation_limit
trec-covid-chrono-r2,2,3,dibud,64,100,0,,6473,6472,observation_limit
trec-covid-chrono-r2,2,3,balanced,64,1,1,128,128,10000,budget
trec-covid-chrono-r2,2,3,balanced,64,2,1,128,128,10000,budget
trec-covid-chrono-r2,2,3,balanced,64,3,1,128,128,10000,budget
trec-covid-chrono-r2,2,3,balanced,64,4,1,128,128,10000,budget
trec-covid-chrono-r2,2,3,balanced,64,5,1,256,256,10000,budget
trec-covid-chrono-r2,2,3,balanced,64,6,1,256,256,10000,budget
trec-covid-chrono-r2,2,3,balanced,64,7,1,256,256,10000,budget
trec-covid-chrono-r2,2,3,balanced,64,8,1,256,256,10000,budget
trec-covid-chrono-r2,2,3,balanced,64,9,1,256,256,10000,budget
trec-covid-chrono-r2,2,3,balanced,64,10,1,384,384,10000,budget
trec-covid-chrono-r2,2,3,balanced,64,11,1,512,512,10000,budget
trec-covid-chrono-r2,2,3,balanced,64,12,1,512,512,10000,budget
trec-covid-chrono-r2,2,3,balanced,64,13,1,704,704,10000,budget
trec-covid-chrono-r2,2,3,balanced,64,14,1,1088,1088,10000,budget
trec-covid-chrono-r2,2,3,balanced,64,15,1,1088,1088,10000,budget
trec-covid-chrono-r2,2,3,balanced,64,16,1,1088,1088,10000,budget
trec-covid-chrono-r2,2,3,balanced,64,17,1,1216,1216,10000,budget
trec-covid-chrono-r2,2,3,balanced,64,18,1,1728,1728,10000,budget
trec-covid-chrono-r2,2,3,balanced,64,19,1,1856,1856,10000,budget
trec-covid-chrono-r2,2,3,balanced,64,20,1,2368,2368,10000,budget
trec-covid-chrono-r2,2,3,balanced,64,21,1,3392,3392,10000,budget
trec-covid-chrono-r2,2,3,balanced,64,22,1,3392,3392,10000,budget
trec-covid-chrono-r2,2,3,balanced,64,23,1,3392,3392,10000,budget
trec-covid-chrono-r2,2,3,balanced,64,24,1,3776,3776,10000,budget
trec-covid-chrono-r2,2,3,balanced,64,25,1,5312,5312,10000,budget
trec-covid-chrono-r2,2,3,balanced,64,26,1,5312,5312,10000,budget
trec-covid-chrono-r2,2,3,balanced,64,27,1,5312,5312,10000,budget
trec-covid-chrono-r2,2,3,balanced,64,28,1,5312,5312,10000,budget
trec-covid-chrono-r2,2,3,balanced,64,29,1,5440,5440,10000,budget
trec-covid-chrono-r2,2,3,balanced,64,30,0,,10001,10000,budget
trec-covid-chrono-r2,2,3,balanced,64,31,0,,10001,10000,budget
trec-covid-chrono-r2,2,3,balanced,64,32,0,,10001,10000,budget
trec-covid-chrono-r2,2,3,balanced,64,33,0,,10001,10000,budget
trec-covid-chrono-r2,2,3,balanced,64,34,0,,10001,10000,budget
trec-covid-chrono-r2,2,3,balanced,64,35,0,,10001,10000,budget
trec-covid-chrono-r2,2,3,balanced,64,36,0,,10001,10000,budget
trec-covid-chrono-r2,2,3,balanced,64,37,0,,10001,10000,budget
trec-covid-chrono-r2,2,3,balanced,64,38,0,,10001,10000,budget
trec-covid-chrono-r2,2,3,balanced,64,39,0,,10001,10000,budget
trec-covid-chrono-r2,2,3,balanced,64,40,0,,10001,10000,budget
trec-covid-chrono-r2,2,3,balanced,64,41,0,,10001,10000,budget
trec-covid-chrono-r2,2,3,balanced,64,42,0,,10001,10000,budget
trec-covid-chrono-r2,2,3,balanced,64,43,0,,10001,10000,budget
trec-covid-chrono-r2,2,3,balanced,64,44,0,,10001,10000,budget
trec-covid-chrono-r2,2,3,balanced,64,45,0,,10001,10000,budget
trec-covid-chrono-r2,2,3,balanced,64,46,0,,10001,10000,budget
trec-covid-chrono-r2,2,3,balanced,64,47,0,,10001,10000,budget
trec-covid-chrono-r2,2,3,balanced,64,48,0,,10001,10000,budget
trec-covid-chrono-r2,2,3,balanced,64,49,0,,10001,10000,budget
trec-covid-chrono-r2,2,3,balanced,64,50,0,,10001,10000,budget
trec-covid-chrono-r2,2,3,balanced,64,51,0,,10001,10000,budget
trec-covid-chrono-r2,2,3,balanced,64,52,0,,10001,10000,budget
trec-covid-chrono-r2,2,3,balanced,64,53,0,,10001,10000,budget
trec-covid-chrono-r2,2,3,balanced,64,54,0,,10001,10000,budget
trec-covid-chrono-r2,2,3,balanced,64,55,0,,10001,10000,budget
trec-covid-chrono-r2,2,3,balanced,64,56,0,,10001,10000,budget
trec-covid-chrono-r2,2,3,balanced,64,57,0,,10001,10000,budget
trec-covid-chrono-r2,2,3,balanced,64,58,0,,10001,10000,budget
trec-covid-chrono-r2,2,3,balanced,64,59,0,,10001,10000,budget
trec-covid-chrono-r2,2,3,balanced,64,60,0,,10001,10000,budget
trec-covid-chrono-r2,2,3,balanced,64,61,0,,10001,10000,budget
trec-covid-chrono-r2,2,3,balanced,64,62,0,,10001,10000,budget
trec-covid-chrono-r2,2,3,balanced,64,63,0,,10001,10000,budget
trec-covid-chrono-r2,2,3,balanced,64,64,0,,10001,10000,budget
trec-covid-chrono-r2,2,3,balanced,64,65,0,,10001,10000,budget
trec-covid-chrono-r2,2,3,balanced,64,66,0,,10001,10000,budget
trec-covid-chrono-r2,2,3,balanced,64,67,0,,10001,10000,budget
trec-covid-chrono-r2,2,3,balanced,64,68,0,,10001,10000,budget
trec-covid-chrono-r2,2,3,balanced,64,69,0,,10001,10000,budget
trec-covid-chrono-r2,2,3,balanced,64,70,0,,10001,10000,budget
trec-covid-chrono-r2,2,3,balanced,64,71,0,,10001,10000,budget
trec-covid-chrono-r2,2,3,balanced,64,72,0,,10001,10000,budget
trec-covid-chrono-r2,2,3,balanced,64,73,0,,10001,10000,budget
trec-covid-chrono-r2,2,3,balanced,64,74,0,,10001,10000,budget
trec-covid-chrono-r2,2,3,balanced,64,75,0,,10001,10000,budget
trec-covid-chrono-r2,2,3,balanced,64,76,0,,10001,10000,budget
trec-covid-chrono-r2,2,3,balanced,64,77,0,,10001,10000,budget
trec-covid-chrono-r2,2,3,balanced,64,78,0,,10001,10000,budget
trec-covid-chrono-r2,2,3,balanced,64,79,0,,10001,10000,budget
trec-covid-chrono-r2,2,3,balanced,64,80,0,,10001,10000,budget
trec-covid-chrono-r2,2,3,balanced,64,81,0,,10001,10000,budget
trec-covid-chrono-r2,2,3,balanced,64,82,0,,10001,10000,budget
trec-covid-chrono-r2,2,3,balanced,64,83,0,,10001,10000,budget
trec-covid-chrono-r2,2,3,balanced,64,84,0,,10001,10000,budget
trec-covid-chrono-r2,2,3,balanced,64,85,0,,10001,10000,budget
trec-covid-chrono-r2,2,3,balanced,64,86,0,,10001,10000,budget
trec-covid-chrono-r2,2,3,balanced,64,87,0,,10001,10000,budget
trec-covid-chrono-r2,2,3,balanced,64,88,0,,10001,10000,budget
trec-covid-chrono-r2,2,3,balanced,64,89,0,,10001,10000,budget
trec-covid-chrono-r2,2,3,balanced,64,90,0,,10001,10000,budget
trec-covid-chrono-r2,2,3,balanced,64,91,0,,10001,10000,budget
trec-covid-chrono-r2,2,3,balanced,64,92,0,,10001,10000,budget
trec-covid-chrono-r2,2,3,balanced,64,93,0,,10001,10000,budget
trec-covid-chrono-r2,2,3,balanced,64,94,0,,10001,10000,budget
trec-covid-chrono-r2,2,3,balanced,64,95,0,,10001,10000,budget
trec-covid-chrono-r2,2,3,balanced,64,96,0,,10001,10000,budget
trec-covid-chrono-r2,2,3,balanced,64,97,0,,10001,10000,budget
trec-covid-chrono-r2,2,3,balanced,64,98,0,,10001,10000,budget
trec-covid-chrono-r2,2,3,balanced,64,99,0,,10001,10000,budget
trec-covid-chrono-r2,2,3,balanced,64,100,0,,10001,10000,budget
trec-covid-chrono-r3,3,2,dibud,1,1,1,30,30,8939,observation_limit
trec-covid-chrono-r3,3,2,dibud,1,2,1,38,38,8939,observation_limit
trec-covid-chrono-r3,3,2,dibud,1,3,1,60,60,8939,observation_limit
trec-covid-chrono-r3,3,2,dibud,1,4,1,102,102,8939,observation_limit
trec-covid-chrono-r3,3,2,dibud,1,5,1,139,139,8939,observation_limit
trec-covid-chrono-r3,3,2,dibud,1,6,1,165,165,8939,observation_limit
trec-covid-chrono-r3,3,2,dibud,1,7,1,920,920,8939,observation_limit
trec-covid-chrono-r3,3,2,dibud,1,8,1,1027,1027,8939,observation_limit
trec-covid-chrono-r3,3,2,dibud,1,9,1,1086,1086,8939,observation_limit
trec-covid-chrono-r3,3,2,dibud,1,10,1,1312,1312,8939,observation_limit
trec-covid-chrono-r3,3,2,dibud,1,11,1,1326,1326,8939,observation_limit
trec-covid-chrono-r3,3,2,dibud,1,12,1,2263,2263,8939,observation_limit
trec-covid-chrono-r3,3,2,dibud,1,13,1,2264,2264,8939,observation_limit
trec-covid-chrono-r3,3,2,dibud,1,14,1,2609,2609,8939,observation_limit
trec-covid-chrono-r3,3,2,dibud,1,15,1,3626,3626,8939,observation_limit
trec-covid-chrono-r3,3,2,dibud,1,16,1,4590,4590,8939,observation_limit
trec-covid-chrono-r3,3,2,dibud,1,17,1,5149,5149,8939,observation_limit
trec-covid-chrono-r3,3,2,dibud,1,18,1,5196,5196,8939,observation_limit
trec-covid-chrono-r3,3,2,dibud,1,19,1,5915,5915,8939,observation_limit
trec-covid-chrono-r3,3,2,dibud,1,20,1,5987,5987,8939,observation_limit
trec-covid-chrono-r3,3,2,dibud,1,21,1,5987,5987,8939,observation_limit
trec-covid-chrono-r3,3,2,dibud,1,22,1,5987,5987,8939,observation_limit
trec-covid-chrono-r3,3,2,dibud,1,23,0,,8940,8939,observation_limit
trec-covid-chrono-r3,3,2,dibud,1,24,0,,8940,8939,observation_limit
trec-covid-chrono-r3,3,2,dibud,1,25,0,,8940,8939,observation_limit
trec-covid-chrono-r3,3,2,dibud,1,26,0,,8940,8939,observation_limit
trec-covid-chrono-r3,3,2,dibud,1,27,0,,8940,8939,observation_limit
trec-covid-chrono-r3,3,2,dibud,1,28,0,,8940,8939,observation_limit
trec-covid-chrono-r3,3,2,dibud,1,29,0,,8940,8939,observation_limit
trec-covid-chrono-r3,3,2,dibud,1,30,0,,8940,8939,observation_limit
trec-covid-chrono-r3,3,2,dibud,1,31,0,,8940,8939,observation_limit
trec-covid-chrono-r3,3,2,dibud,1,32,0,,8940,8939,observation_limit
trec-covid-chrono-r3,3,2,dibud,1,33,0,,8940,8939,observation_limit
trec-covid-chrono-r3,3,2,dibud,1,34,0,,8940,8939,observation_limit
trec-covid-chrono-r3,3,2,dibud,1,35,0,,8940,8939,observation_limit
trec-covid-chrono-r3,3,2,dibud,1,36,0,,8940,8939,observation_limit
trec-covid-chrono-r3,3,2,dibud,1,37,0,,8940,8939,observation_limit
trec-covid-chrono-r3,3,2,dibud,1,38,0,,8940,8939,observation_limit
trec-covid-chrono-r3,3,2,dibud,1,39,0,,8940,8939,observation_limit
trec-covid-chrono-r3,3,2,dibud,1,40,0,,8940,8939,observation_limit
trec-covid-chrono-r3,3,2,dibud,1,41,0,,8940,8939,observation_limit
trec-covid-chrono-r3,3,2,dibud,1,42,0,,8940,8939,observation_limit
trec-covid-chrono-r3,3,2,dibud,1,43,0,,8940,8939,observation_limit
trec-covid-chrono-r3,3,2,dibud,1,44,0,,8940,8939,observation_limit
trec-covid-chrono-r3,3,2,dibud,1,45,0,,8940,8939,observation_limit
trec-covid-chrono-r3,3,2,dibud,1,46,0,,8940,8939,observation_limit
trec-covid-chrono-r3,3,2,dibud,1,47,0,,8940,8939,observation_limit
trec-covid-chrono-r3,3,2,dibud,1,48,0,,8940,8939,observation_limit
trec-covid-chrono-r3,3,2,dibud,1,49,0,,8940,8939,observation_limit
trec-covid-chrono-r3,3,2,dibud,1,50,0,,8940,8939,observation_limit
trec-covid-chrono-r3,3,2,dibud,1,51,0,,8940,8939,observation_limit
trec-covid-chrono-r3,3,2,dibud,1,52,0,,8940,8939,observation_limit
trec-covid-chrono-r3,3,2,dibud,1,53,0,,8940,8939,observation_limit
trec-covid-chrono-r3,3,2,dibud,1,54,0,,8940,8939,observation_limit
trec-covid-chrono-r3,3,2,dibud,1,55,0,,8940,8939,observation_limit
trec-covid-chrono-r3,3,2,dibud,1,56,0,,8940,8939,observation_limit
trec-covid-chrono-r3,3,2,dibud,1,57,0,,8940,8939,observation_limit
trec-covid-chrono-r3,3,2,dibud,1,58,0,,8940,8939,observation_limit
trec-covid-chrono-r3,3,2,dibud,1,59,0,,8940,8939,observation_limit
trec-covid-chrono-r3,3,2,dibud,1,60,0,,8940,8939,observation_limit
trec-covid-chrono-r3,3,2,dibud,1,61,0,,8940,8939,observation_limit
trec-covid-chrono-r3,3,2,dibud,1,62,0,,8940,8939,observation_limit
trec-covid-chrono-r3,3,2,dibud,1,63,0,,8940,8939,observation_limit
trec-covid-chrono-r3,3,2,dibud,1,64,0,,8940,8939,observation_limit
trec-covid-chrono-r3,3,2,dibud,1,65,0,,8940,8939,observation_limit
trec-covid-chrono-r3,3,2,dibud,1,66,0,,8940,8939,observation_limit
trec-covid-chrono-r3,3,2,dibud,1,67,0,,8940,8939,observation_limit
trec-covid-chrono-r3,3,2,dibud,1,68,0,,8940,8939,observation_limit
trec-covid-chrono-r3,3,2,dibud,1,69,0,,8940,8939,observation_limit
trec-covid-chrono-r3,3,2,dibud,1,70,0,,8940,8939,observation_limit
trec-covid-chrono-r3,3,2,dibud,1,71,0,,8940,8939,observation_limit
trec-covid-chrono-r3,3,2,dibud,1,72,0,,8940,8939,observation_limit
trec-covid-chrono-r3,3,2,dibud,1,73,0,,8940,8939,observation_limit
trec-covid-chrono-r3,3,2,dibud,1,74,0,,8940,8939,observation_limit
trec-covid-chrono-r3,3,2,dibud,1,75,0,,8940,8939,observation_limit
trec-covid-chrono-r3,3,2,dibud,1,76,0,,8940,8939,observation_limit
trec-covid-chrono-r3,3,2,dibud,1,77,0,,8940,8939,observation_limit
trec-covid-chrono-r3,3,2,dibud,1,78,0,,8940,8939,observation_limit
trec-covid-chrono-r3,3,2,dibud,1,79,0,,8940,8939,observation_limit
trec-covid-chrono-r3,3,2,dibud,1,80,0,,8940,8939,observation_limit
trec-covid-chrono-r3,3,2,dibud,1,81,0,,8940,8939,observation_limit
trec-covid-chrono-r3,3,2,dibud,1,82,0,,8940,8939,observation_limit
trec-covid-chrono-r3,3,2,dibud,1,83,0,,8940,8939,observation_limit
trec-covid-chrono-r3,3,2,dibud,1,84,0,,8940,8939,observation_limit
trec-covid-chrono-r3,3,2,dibud,1,85,0,,8940,8939,observation_limit
trec-covid-chrono-r3,3,2,dibud,1,86,0,,8940,8939,observation_limit
trec-covid-chrono-r3,3,2,dibud,1,87,0,,8940,8939,observation_limit
trec-covid-chrono-r3,3,2,dibud,1,88,0,,8940,8939,observation_limit
trec-covid-chrono-r3,3,2,dibud,1,89,0,,8940,8939,observation_limit
trec-covid-chrono-r3,3,2,dibud,1,90,0,,8940,8939,observation_limit
trec-covid-chrono-r3,3,2,dibud,1,91,0,,8940,8939,observation_limit
trec-covid-chrono-r3,3,2,dibud,1,92,0,,8940,8939,observation_limit
trec-covid-chrono-r3,3,2,dibud,1,93,0,,8940,8939,observation_limit
trec-covid-chrono-r3,3,2,dibud,1,94,0,,8940,8939,observation_limit
trec-covid-chrono-r3,3,2,dibud,1,95,0,,8940,8939,observation_limit
trec-covid-chrono-r3,3,2,dibud,1,96,0,,8940,8939,observation_limit
trec-covid-chrono-r3,3,2,dibud,1,97,0,,8940,8939,observation_limit
trec-covid-chrono-r3,3,2,dibud,1,98,0,,8940,8939,observation_limit
trec-covid-chrono-r3,3,2,dibud,1,99,0,,8940,8939,observation_limit
trec-covid-chrono-r3,3,2,dibud,1,100,0,,8940,8939,observation_limit
trec-covid-chrono-r3,3,2,balanced,1,1,1,30,30,10000,budget
trec-covid-chrono-r3,3,2,balanced,1,2,1,38,38,10000,budget
trec-covid-chrono-r3,3,2,balanced,1,3,1,60,60,10000,budget
trec-covid-chrono-r3,3,2,balanced,1,4,1,108,108,10000,budget
trec-covid-chrono-r3,3,2,balanced,1,5,1,148,148,10000,budget
trec-covid-chrono-r3,3,2,balanced,1,6,1,176,176,10000,budget
trec-covid-chrono-r3,3,2,balanced,1,7,1,1062,1062,10000,budget
trec-covid-chrono-r3,3,2,balanced,1,8,1,1200,1200,10000,budget
trec-covid-chrono-r3,3,2,balanced,1,9,1,1276,1276,10000,budget
trec-covid-chrono-r3,3,2,balanced,1,10,1,1578,1578,10000,budget
trec-covid-chrono-r3,3,2,balanced,1,11,1,1596,1596,10000,budget
trec-covid-chrono-r3,3,2,balanced,1,12,1,2960,2960,10000,budget
trec-covid-chrono-r3,3,2,balanced,1,13,1,2962,2962,10000,budget
trec-covid-chrono-r3,3,2,balanced,1,14,1,3502,3502,10000,budget
trec-covid-chrono-r3,3,2,balanced,1,15,1,5184,5184,10000,budget
trec-covid-chrono-r3,3,2,balanced,1,16,1,6872,6872,10000,budget
trec-covid-chrono-r3,3,2,balanced,1,17,1,7878,7878,10000,budget
trec-covid-chrono-r3,3,2,balanced,1,18,1,7878,7878,10000,budget
trec-covid-chrono-r3,3,2,balanced,1,19,1,7878,7878,10000,budget
trec-covid-chrono-r3,3,2,balanced,1,20,1,7878,7878,10000,budget
trec-covid-chrono-r3,3,2,balanced,1,21,1,7878,7878,10000,budget
trec-covid-chrono-r3,3,2,balanced,1,22,1,7878,7878,10000,budget
trec-covid-chrono-r3,3,2,balanced,1,23,0,,10001,10000,budget
trec-covid-chrono-r3,3,2,balanced,1,24,0,,10001,10000,budget
trec-covid-chrono-r3,3,2,balanced,1,25,0,,10001,10000,budget
trec-covid-chrono-r3,3,2,balanced,1,26,0,,10001,10000,budget
trec-covid-chrono-r3,3,2,balanced,1,27,0,,10001,10000,budget
trec-covid-chrono-r3,3,2,balanced,1,28,0,,10001,10000,budget
trec-covid-chrono-r3,3,2,balanced,1,29,0,,10001,10000,budget
trec-covid-chrono-r3,3,2,balanced,1,30,0,,10001,10000,budget
trec-covid-chrono-r3,3,2,balanced,1,31,0,,10001,10000,budget
trec-covid-chrono-r3,3,2,balanced,1,32,0,,10001,10000,budget
trec-covid-chrono-r3,3,2,balanced,1,33,0,,10001,10000,budget
trec-covid-chrono-r3,3,2,balanced,1,34,0,,10001,10000,budget
trec-covid-chrono-r3,3,2,balanced,1,35,0,,10001,10000,budget
trec-covid-chrono-r3,3,2,balanced,1,36,0,,10001,10000,budget
trec-covid-chrono-r3,3,2,balanced,1,37,0,,10001,10000,budget
trec-covid-chrono-r3,3,2,balanced,1,38,0,,10001,10000,budget
trec-covid-chrono-r3,3,2,balanced,1,39,0,,10001,10000,budget
trec-covid-chrono-r3,3,2,balanced,1,40,0,,10001,10000,budget
trec-covid-chrono-r3,3,2,balanced,1,41,0,,10001,10000,budget
trec-covid-chrono-r3,3,2,balanced,1,42,0,,10001,10000,budget
trec-covid-chrono-r3,3,2,balanced,1,43,0,,10001,10000,budget
trec-covid-chrono-r3,3,2,balanced,1,44,0,,10001,10000,budget
trec-covid-chrono-r3,3,2,balanced,1,45,0,,10001,10000,budget
trec-covid-chrono-r3,3,2,balanced,1,46,0,,10001,10000,budget
trec-covid-chrono-r3,3,2,balanced,1,47,0,,10001,10000,budget
trec-covid-chrono-r3,3,2,balanced,1,48,0,,10001,10000,budget
trec-covid-chrono-r3,3,2,balanced,1,49,0,,10001,10000,budget
trec-covid-chrono-r3,3,2,balanced,1,50,0,,10001,10000,budget
trec-covid-chrono-r3,3,2,balanced,1,51,0,,10001,10000,budget
trec-covid-chrono-r3,3,2,balanced,1,52,0,,10001,10000,budget
trec-covid-chrono-r3,3,2,balanced,1,53,0,,10001,10000,budget
trec-covid-chrono-r3,3,2,balanced,1,54,0,,10001,10000,budget
trec-covid-chrono-r3,3,2,balanced,1,55,0,,10001,10000,budget
trec-covid-chrono-r3,3,2,balanced,1,56,0,,10001,10000,budget
trec-covid-chrono-r3,3,2,balanced,1,57,0,,10001,10000,budget
trec-covid-chrono-r3,3,2,balanced,1,58,0,,10001,10000,budget
trec-covid-chrono-r3,3,2,balanced,1,59,0,,10001,10000,budget
trec-covid-chrono-r3,3,2,balanced,1,60,0,,10001,10000,budget
trec-covid-chrono-r3,3,2,balanced,1,61,0,,10001,10000,budget
trec-covid-chrono-r3,3,2,balanced,1,62,0,,10001,10000,budget
trec-covid-chrono-r3,3,2,balanced,1,63,0,,10001,10000,budget
trec-covid-chrono-r3,3,2,balanced,1,64,0,,10001,10000,budget
trec-covid-chrono-r3,3,2,balanced,1,65,0,,10001,10000,budget
trec-covid-chrono-r3,3,2,balanced,1,66,0,,10001,10000,budget
trec-covid-chrono-r3,3,2,balanced,1,67,0,,10001,10000,budget
trec-covid-chrono-r3,3,2,balanced,1,68,0,,10001,10000,budget
trec-covid-chrono-r3,3,2,balanced,1,69,0,,10001,10000,budget
trec-covid-chrono-r3,3,2,balanced,1,70,0,,10001,10000,budget
trec-covid-chrono-r3,3,2,balanced,1,71,0,,10001,10000,budget
trec-covid-chrono-r3,3,2,balanced,1,72,0,,10001,10000,budget
trec-covid-chrono-r3,3,2,balanced,1,73,0,,10001,10000,budget
trec-covid-chrono-r3,3,2,balanced,1,74,0,,10001,10000,budget
trec-covid-chrono-r3,3,2,balanced,1,75,0,,10001,10000,budget
trec-covid-chrono-r3,3,2,balanced,1,76,0,,10001,10000,budget
trec-covid-chrono-r3,3,2,balanced,1,77,0,,10001,10000,budget
trec-covid-chrono-r3,3,2,balanced,1,78,0,,10001,10000,budget
trec-covid-chrono-r3,3,2,balanced,1,79,0,,10001,10000,budget
trec-covid-chrono-r3,3,2,balanced,1,80,0,,10001,10000,budget
trec-covid-chrono-r3,3,2,balanced,1,81,0,,10001,10000,budget
trec-covid-chrono-r3,3,2,balanced,1,82,0,,10001,10000,budget
trec-covid-chrono-r3,3,2,balanced,1,83,0,,10001,10000,budget
trec-covid-chrono-r3,3,2,balanced,1,84,0,,10001,10000,budget
trec-covid-chrono-r3,3,2,balanced,1,85,0,,10001,10000,budget
trec-covid-chrono-r3,3,2,balanced,1,86,0,,10001,10000,budget
trec-covid-chrono-r3,3,2,balanced,1,87,0,,10001,10000,budget
trec-covid-chrono-r3,3,2,balanced,1,88,0,,10001,10000,budget
trec-covid-chrono-r3,3,2,balanced,1,89,0,,10001,10000,budget
trec-covid-chrono-r3,3,2,balanced,1,90,0,,10001,10000,budget
trec-covid-chrono-r3,3,2,balanced,1,91,0,,10001,10000,budget
trec-covid-chrono-r3,3,2,balanced,1,92,0,,10001,10000,budget
trec-covid-chrono-r3,3,2,balanced,1,93,0,,10001,10000,budget
trec-covid-chrono-r3,3,2,balanced,1,94,0,,10001,10000,budget
trec-covid-chrono-r3,3,2,balanced,1,95,0,,10001,10000,budget
trec-covid-chrono-r3,3,2,balanced,1,96,0,,10001,10000,budget
trec-covid-chrono-r3,3,2,balanced,1,97,0,,10001,10000,budget
trec-covid-chrono-r3,3,2,balanced,1,98,0,,10001,10000,budget
trec-covid-chrono-r3,3,2,balanced,1,99,0,,10001,10000,budget
trec-covid-chrono-r3,3,2,balanced,1,100,0,,10001,10000,budget
trec-covid-chrono-r3,3,2,dibud,64,1,1,128,128,8968,observation_limit
trec-covid-chrono-r3,3,2,dibud,64,2,1,128,128,8968,observation_limit
trec-covid-chrono-r3,3,2,dibud,64,3,1,128,128,8968,observation_limit
trec-covid-chrono-r3,3,2,dibud,64,4,1,128,128,8968,observation_limit
trec-covid-chrono-r3,3,2,dibud,64,5,1,256,256,8968,observation_limit
trec-covid-chrono-r3,3,2,dibud,64,6,1,256,256,8968,observation_limit
trec-covid-chrono-r3,3,2,dibud,64,7,1,1024,1024,8968,observation_limit
trec-covid-chrono-r3,3,2,dibud,64,8,1,1088,1088,8968,observation_limit
trec-covid-chrono-r3,3,2,dibud,64,9,1,1088,1088,8968,observation_limit
trec-covid-chrono-r3,3,2,dibud,64,10,1,1408,1408,8968,observation_limit
trec-covid-chrono-r3,3,2,dibud,64,11,1,1408,1408,8968,observation_limit
trec-covid-chrono-r3,3,2,dibud,64,12,1,2368,2368,8968,observation_limit
trec-covid-chrono-r3,3,2,dibud,64,13,1,2368,2368,8968,observation_limit
trec-covid-chrono-r3,3,2,dibud,64,14,1,2688,2688,8968,observation_limit
trec-covid-chrono-r3,3,2,dibud,64,15,1,3712,3712,8968,observation_limit
trec-covid-chrono-r3,3,2,dibud,64,16,1,4672,4672,8968,observation_limit
trec-covid-chrono-r3,3,2,dibud,64,17,1,5184,5184,8968,observation_limit
trec-covid-chrono-r3,3,2,dibud,64,18,1,5248,5248,8968,observation_limit
trec-covid-chrono-r3,3,2,dibud,64,19,1,5952,5952,8968,observation_limit
trec-covid-chrono-r3,3,2,dibud,64,20,1,6016,6016,8968,observation_limit
trec-covid-chrono-r3,3,2,dibud,64,21,1,6016,6016,8968,observation_limit
trec-covid-chrono-r3,3,2,dibud,64,22,1,6016,6016,8968,observation_limit
trec-covid-chrono-r3,3,2,dibud,64,23,0,,8969,8968,observation_limit
trec-covid-chrono-r3,3,2,dibud,64,24,0,,8969,8968,observation_limit
trec-covid-chrono-r3,3,2,dibud,64,25,0,,8969,8968,observation_limit
trec-covid-chrono-r3,3,2,dibud,64,26,0,,8969,8968,observation_limit
trec-covid-chrono-r3,3,2,dibud,64,27,0,,8969,8968,observation_limit
trec-covid-chrono-r3,3,2,dibud,64,28,0,,8969,8968,observation_limit
trec-covid-chrono-r3,3,2,dibud,64,29,0,,8969,8968,observation_limit
trec-covid-chrono-r3,3,2,dibud,64,30,0,,8969,8968,observation_limit
trec-covid-chrono-r3,3,2,dibud,64,31,0,,8969,8968,observation_limit
trec-covid-chrono-r3,3,2,dibud,64,32,0,,8969,8968,observation_limit
trec-covid-chrono-r3,3,2,dibud,64,33,0,,8969,8968,observation_limit
trec-covid-chrono-r3,3,2,dibud,64,34,0,,8969,8968,observation_limit
trec-covid-chrono-r3,3,2,dibud,64,35,0,,8969,8968,observation_limit
trec-covid-chrono-r3,3,2,dibud,64,36,0,,8969,8968,observation_limit
trec-covid-chrono-r3,3,2,dibud,64,37,0,,8969,8968,observation_limit
trec-covid-chrono-r3,3,2,dibud,64,38,0,,8969,8968,observation_limit
trec-covid-chrono-r3,3,2,dibud,64,39,0,,8969,8968,observation_limit
trec-covid-chrono-r3,3,2,dibud,64,40,0,,8969,8968,observation_limit
trec-covid-chrono-r3,3,2,dibud,64,41,0,,8969,8968,observation_limit
trec-covid-chrono-r3,3,2,dibud,64,42,0,,8969,8968,observation_limit
trec-covid-chrono-r3,3,2,dibud,64,43,0,,8969,8968,observation_limit
trec-covid-chrono-r3,3,2,dibud,64,44,0,,8969,8968,observation_limit
trec-covid-chrono-r3,3,2,dibud,64,45,0,,8969,8968,observation_limit
trec-covid-chrono-r3,3,2,dibud,64,46,0,,8969,8968,observation_limit
trec-covid-chrono-r3,3,2,dibud,64,47,0,,8969,8968,observation_limit
trec-covid-chrono-r3,3,2,dibud,64,48,0,,8969,8968,observation_limit
trec-covid-chrono-r3,3,2,dibud,64,49,0,,8969,8968,observation_limit
trec-covid-chrono-r3,3,2,dibud,64,50,0,,8969,8968,observation_limit
trec-covid-chrono-r3,3,2,dibud,64,51,0,,8969,8968,observation_limit
trec-covid-chrono-r3,3,2,dibud,64,52,0,,8969,8968,observation_limit
trec-covid-chrono-r3,3,2,dibud,64,53,0,,8969,8968,observation_limit
trec-covid-chrono-r3,3,2,dibud,64,54,0,,8969,8968,observation_limit
trec-covid-chrono-r3,3,2,dibud,64,55,0,,8969,8968,observation_limit
trec-covid-chrono-r3,3,2,dibud,64,56,0,,8969,8968,observation_limit
trec-covid-chrono-r3,3,2,dibud,64,57,0,,8969,8968,observation_limit
trec-covid-chrono-r3,3,2,dibud,64,58,0,,8969,8968,observation_limit
trec-covid-chrono-r3,3,2,dibud,64,59,0,,8969,8968,observation_limit
trec-covid-chrono-r3,3,2,dibud,64,60,0,,8969,8968,observation_limit
trec-covid-chrono-r3,3,2,dibud,64,61,0,,8969,8968,observation_limit
trec-covid-chrono-r3,3,2,dibud,64,62,0,,8969,8968,observation_limit
trec-covid-chrono-r3,3,2,dibud,64,63,0,,8969,8968,observation_limit
trec-covid-chrono-r3,3,2,dibud,64,64,0,,8969,8968,observation_limit
trec-covid-chrono-r3,3,2,dibud,64,65,0,,8969,8968,observation_limit
trec-covid-chrono-r3,3,2,dibud,64,66,0,,8969,8968,observation_limit
trec-covid-chrono-r3,3,2,dibud,64,67,0,,8969,8968,observation_limit
trec-covid-chrono-r3,3,2,dibud,64,68,0,,8969,8968,observation_limit
trec-covid-chrono-r3,3,2,dibud,64,69,0,,8969,8968,observation_limit
trec-covid-chrono-r3,3,2,dibud,64,70,0,,8969,8968,observation_limit
trec-covid-chrono-r3,3,2,dibud,64,71,0,,8969,8968,observation_limit
trec-covid-chrono-r3,3,2,dibud,64,72,0,,8969,8968,observation_limit
trec-covid-chrono-r3,3,2,dibud,64,73,0,,8969,8968,observation_limit
trec-covid-chrono-r3,3,2,dibud,64,74,0,,8969,8968,observation_limit
trec-covid-chrono-r3,3,2,dibud,64,75,0,,8969,8968,observation_limit
trec-covid-chrono-r3,3,2,dibud,64,76,0,,8969,8968,observation_limit
trec-covid-chrono-r3,3,2,dibud,64,77,0,,8969,8968,observation_limit
trec-covid-chrono-r3,3,2,dibud,64,78,0,,8969,8968,observation_limit
trec-covid-chrono-r3,3,2,dibud,64,79,0,,8969,8968,observation_limit
trec-covid-chrono-r3,3,2,dibud,64,80,0,,8969,8968,observation_limit
trec-covid-chrono-r3,3,2,dibud,64,81,0,,8969,8968,observation_limit
trec-covid-chrono-r3,3,2,dibud,64,82,0,,8969,8968,observation_limit
trec-covid-chrono-r3,3,2,dibud,64,83,0,,8969,8968,observation_limit
trec-covid-chrono-r3,3,2,dibud,64,84,0,,8969,8968,observation_limit
trec-covid-chrono-r3,3,2,dibud,64,85,0,,8969,8968,observation_limit
trec-covid-chrono-r3,3,2,dibud,64,86,0,,8969,8968,observation_limit
trec-covid-chrono-r3,3,2,dibud,64,87,0,,8969,8968,observation_limit
trec-covid-chrono-r3,3,2,dibud,64,88,0,,8969,8968,observation_limit
trec-covid-chrono-r3,3,2,dibud,64,89,0,,8969,8968,observation_limit
trec-covid-chrono-r3,3,2,dibud,64,90,0,,8969,8968,observation_limit
trec-covid-chrono-r3,3,2,dibud,64,91,0,,8969,8968,observation_limit
trec-covid-chrono-r3,3,2,dibud,64,92,0,,8969,8968,observation_limit
trec-covid-chrono-r3,3,2,dibud,64,93,0,,8969,8968,observation_limit
trec-covid-chrono-r3,3,2,dibud,64,94,0,,8969,8968,observation_limit
trec-covid-chrono-r3,3,2,dibud,64,95,0,,8969,8968,observation_limit
trec-covid-chrono-r3,3,2,dibud,64,96,0,,8969,8968,observation_limit
trec-covid-chrono-r3,3,2,dibud,64,97,0,,8969,8968,observation_limit
trec-covid-chrono-r3,3,2,dibud,64,98,0,,8969,8968,observation_limit
trec-covid-chrono-r3,3,2,dibud,64,99,0,,8969,8968,observation_limit
trec-covid-chrono-r3,3,2,dibud,64,100,0,,8969,8968,observation_limit
trec-covid-chrono-r3,3,2,balanced,64,1,1,128,128,10000,budget
trec-covid-chrono-r3,3,2,balanced,64,2,1,128,128,10000,budget
trec-covid-chrono-r3,3,2,balanced,64,3,1,128,128,10000,budget
trec-covid-chrono-r3,3,2,balanced,64,4,1,128,128,10000,budget
trec-covid-chrono-r3,3,2,balanced,64,5,1,256,256,10000,budget
trec-covid-chrono-r3,3,2,balanced,64,6,1,256,256,10000,budget
trec-covid-chrono-r3,3,2,balanced,64,7,1,1152,1152,10000,budget
trec-covid-chrono-r3,3,2,balanced,64,8,1,1280,1280,10000,budget
trec-covid-chrono-r3,3,2,balanced,64,9,1,1280,1280,10000,budget
trec-covid-chrono-r3,3,2,balanced,64,10,1,1664,1664,10000,budget
trec-covid-chrono-r3,3,2,balanced,64,11,1,1664,1664,10000,budget
trec-covid-chrono-r3,3,2,balanced,64,12,1,3072,3072,10000,budget
trec-covid-chrono-r3,3,2,balanced,64,13,1,3072,3072,10000,budget
trec-covid-chrono-r3,3,2,balanced,64,14,1,3584,3584,10000,budget
trec-covid-chrono-r3,3,2,balanced,64,15,1,5248,5248,10000,budget
trec-covid-chrono-r3,3,2,balanced,64,16,1,6912,6912,10000,budget
trec-covid-chrono-r3,3,2,balanced,64,17,1,7936,7936,10000,budget
trec-covid-chrono-r3,3,2,balanced,64,18,1,7936,7936,10000,budget
trec-covid-chrono-r3,3,2,balanced,64,19,1,7936,7936,10000,budget
trec-covid-chrono-r3,3,2,balanced,64,20,1,7936,7936,10000,budget
trec-covid-chrono-r3,3,2,balanced,64,21,1,7936,7936,10000,budget
trec-covid-chrono-r3,3,2,balanced,64,22,1,7936,7936,10000,budget
trec-covid-chrono-r3,3,2,balanced,64,23,0,,10001,10000,budget
trec-covid-chrono-r3,3,2,balanced,64,24,0,,10001,10000,budget
trec-covid-chrono-r3,3,2,balanced,64,25,0,,10001,10000,budget
trec-covid-chrono-r3,3,2,balanced,64,26,0,,10001,10000,budget
trec-covid-chrono-r3,3,2,balanced,64,27,0,,10001,10000,budget
trec-covid-chrono-r3,3,2,balanced,64,28,0,,10001,10000,budget
trec-covid-chrono-r3,3,2,balanced,64,29,0,,10001,10000,budget
trec-covid-chrono-r3,3,2,balanced,64,30,0,,10001,10000,budget
trec-covid-chrono-r3,3,2,balanced,64,31,0,,10001,10000,budget
trec-covid-chrono-r3,3,2,balanced,64,32,0,,10001,10000,budget
trec-covid-chrono-r3,3,2,balanced,64,33,0,,10001,10000,budget
trec-covid-chrono-r3,3,2,balanced,64,34,0,,10001,10000,budget
trec-covid-chrono-r3,3,2,balanced,64,35,0,,10001,10000,budget
trec-covid-chrono-r3,3,2,balanced,64,36,0,,10001,10000,budget
trec-covid-chrono-r3,3,2,balanced,64,37,0,,10001,10000,budget
trec-covid-chrono-r3,3,2,balanced,64,38,0,,10001,10000,budget
trec-covid-chrono-r3,3,2,balanced,64,39,0,,10001,10000,budget
trec-covid-chrono-r3,3,2,balanced,64,40,0,,10001,10000,budget
trec-covid-chrono-r3,3,2,balanced,64,41,0,,10001,10000,budget
trec-covid-chrono-r3,3,2,balanced,64,42,0,,10001,10000,budget
trec-covid-chrono-r3,3,2,balanced,64,43,0,,10001,10000,budget
trec-covid-chrono-r3,3,2,balanced,64,44,0,,10001,10000,budget
trec-covid-chrono-r3,3,2,balanced,64,45,0,,10001,10000,budget
trec-covid-chrono-r3,3,2,balanced,64,46,0,,10001,10000,budget
trec-covid-chrono-r3,3,2,balanced,64,47,0,,10001,10000,budget
trec-covid-chrono-r3,3,2,balanced,64,48,0,,10001,10000,budget
trec-covid-chrono-r3,3,2,balanced,64,49,0,,10001,10000,budget
trec-covid-chrono-r3,3,2,balanced,64,50,0,,10001,10000,budget
trec-covid-chrono-r3,3,2,balanced,64,51,0,,10001,10000,budget
trec-covid-chrono-r3,3,2,balanced,64,52,0,,10001,10000,budget
trec-covid-chrono-r3,3,2,balanced,64,53,0,,10001,10000,budget
trec-covid-chrono-r3,3,2,balanced,64,54,0,,10001,10000,budget
trec-covid-chrono-r3,3,2,balanced,64,55,0,,10001,10000,budget
trec-covid-chrono-r3,3,2,balanced,64,56,0,,10001,10000,budget
trec-covid-chrono-r3,3,2,balanced,64,57,0,,10001,10000,budget
trec-covid-chrono-r3,3,2,balanced,64,58,0,,10001,10000,budget
trec-covid-chrono-r3,3,2,balanced,64,59,0,,10001,10000,budget
trec-covid-chrono-r3,3,2,balanced,64,60,0,,10001,10000,budget
trec-covid-chrono-r3,3,2,balanced,64,61,0,,10001,10000,budget
trec-covid-chrono-r3,3,2,balanced,64,62,0,,10001,10000,budget
trec-covid-chrono-r3,3,2,balanced,64,63,0,,10001,10000,budget
trec-covid-chrono-r3,3,2,balanced,64,64,0,,10001,10000,budget
trec-covid-chrono-r3,3,2,balanced,64,65,0,,10001,10000,budget
trec-covid-chrono-r3,3,2,balanced,64,66,0,,10001,10000,budget
trec-covid-chrono-r3,3,2,balanced,64,67,0,,10001,10000,budget
trec-covid-chrono-r3,3,2,balanced,64,68,0,,10001,10000,budget
trec-covid-chrono-r3,3,2,balanced,64,69,0,,10001,10000,budget
trec-covid-chrono-r3,3,2,balanced,64,70,0,,10001,10000,budget
trec-covid-chrono-r3,3,2,balanced,64,71,0,,10001,10000,budget
trec-covid-chrono-r3,3,2,balanced,64,72,0,,10001,10000,budget
trec-covid-chrono-r3,3,2,balanced,64,73,0,,10001,10000,budget
trec-covid-chrono-r3,3,2,balanced,64,74,0,,10001,10000,budget
trec-covid-chrono-r3,3,2,balanced,64,75,0,,10001,10000,budget
trec-covid-chrono-r3,3,2,balanced,64,76,0,,10001,10000,budget
trec-covid-chrono-r3,3,2,balanced,64,77,0,,10001,10000,budget
trec-covid-chrono-r3,3,2,balanced,64,78,0,,10001,10000,budget
trec-covid-chrono-r3,3,2,balanced,64,79,0,,10001,10000,budget
trec-covid-chrono-r3,3,2,balanced,64,80,0,,10001,10000,budget
trec-covid-chrono-r3,3,2,balanced,64,81,0,,10001,10000,budget
trec-covid-chrono-r3,3,2,balanced,64,82,0,,10001,10000,budget
trec-covid-chrono-r3,3,2,balanced,64,83,0,,10001,10000,budget
trec-covid-chrono-r3,3,2,balanced,64,84,0,,10001,10000,budget
trec-covid-chrono-r3,3,2,balanced,64,85,0,,10001,10000,budget
trec-covid-chrono-r3,3,2,balanced,64,86,0,,10001,10000,budget
trec-covid-chrono-r3,3,2,balanced,64,87,0,,10001,10000,budget
trec-covid-chrono-r3,3,2,balanced,64,88,0,,10001,10000,budget
trec-covid-chrono-r3,3,2,balanced,64,89,0,,10001,10000,budget
trec-covid-chrono-r3,3,2,balanced,64,90,0,,10001,10000,budget
trec-covid-chrono-r3,3,2,balanced,64,91,0,,10001,10000,budget
trec-covid-chrono-r3,3,2,balanced,64,92,0,,10001,10000,budget
trec-covid-chrono-r3,3,2,balanced,64,93,0,,10001,10000,budget
trec-covid-chrono-r3,3,2,balanced,64,94,0,,10001,10000,budget
trec-covid-chrono-r3,3,2,balanced,64,95,0,,10001,10000,budget
trec-covid-chrono-r3,3,2,balanced,64,96,0,,10001,10000,budget
trec-covid-chrono-r3,3,2,balanced,64,97,0,,10001,10000,budget
trec-covid-chrono-r3,3,2,balanced,64,98,0,,10001,10000,budget
trec-covid-chrono-r3,3,2,balanced,64,99,0,,10001,10000,budget
trec-covid-chrono-r3,3,2,balanced,64,100,0,,10001,10000,budget
trec-covid-chrono-r3,3,15,dibud,1,1,1,6,6,8600,observation_limit
trec-covid-chrono-r3,3,15,dibud,1,2,1,3259,3259,8600,observation_limit
trec-covid-chrono-r3,3,15,dibud,1,3,1,5400,5400,8600,observation_limit
trec-covid-chrono-r3,3,15,dibud,1,4,1,7322,7322,8600,observation_limit
trec-covid-chrono-r3,3,15,dibud,1,5,1,7686,7686,8600,observation_limit
trec-covid-chrono-r3,3,15,dibud,1,6,0,,8601,8600,observation_limit
trec-covid-chrono-r3,3,15,dibud,1,7,0,,8601,8600,observation_limit
trec-covid-chrono-r3,3,15,dibud,1,8,0,,8601,8600,observation_limit
trec-covid-chrono-r3,3,15,dibud,1,9,0,,8601,8600,observation_limit
trec-covid-chrono-r3,3,15,dibud,1,10,0,,8601,8600,observation_limit
trec-covid-chrono-r3,3,15,dibud,1,11,0,,8601,8600,observation_limit
trec-covid-chrono-r3,3,15,dibud,1,12,0,,8601,8600,observation_limit
trec-covid-chrono-r3,3,15,dibud,1,13,0,,8601,8600,observation_limit
trec-covid-chrono-r3,3,15,dibud,1,14,0,,8601,8600,observation_limit
trec-covid-chrono-r3,3,15,dibud,1,15,0,,8601,8600,observation_limit
trec-covid-chrono-r3,3,15,dibud,1,16,0,,8601,8600,observation_limit
trec-covid-chrono-r3,3,15,dibud,1,17,0,,8601,8600,observation_limit
trec-covid-chrono-r3,3,15,dibud,1,18,0,,8601,8600,observation_limit
trec-covid-chrono-r3,3,15,dibud,1,19,0,,8601,8600,observation_limit
trec-covid-chrono-r3,3,15,dibud,1,20,0,,8601,8600,observation_limit
trec-covid-chrono-r3,3,15,dibud,1,21,0,,8601,8600,observation_limit
trec-covid-chrono-r3,3,15,dibud,1,22,0,,8601,8600,observation_limit
trec-covid-chrono-r3,3,15,dibud,1,23,0,,8601,8600,observation_limit
trec-covid-chrono-r3,3,15,dibud,1,24,0,,8601,8600,observation_limit
trec-covid-chrono-r3,3,15,dibud,1,25,0,,8601,8600,observation_limit
trec-covid-chrono-r3,3,15,dibud,1,26,0,,8601,8600,observation_limit
trec-covid-chrono-r3,3,15,dibud,1,27,0,,8601,8600,observation_limit
trec-covid-chrono-r3,3,15,dibud,1,28,0,,8601,8600,observation_limit
trec-covid-chrono-r3,3,15,dibud,1,29,0,,8601,8600,observation_limit
trec-covid-chrono-r3,3,15,dibud,1,30,0,,8601,8600,observation_limit
trec-covid-chrono-r3,3,15,dibud,1,31,0,,8601,8600,observation_limit
trec-covid-chrono-r3,3,15,dibud,1,32,0,,8601,8600,observation_limit
trec-covid-chrono-r3,3,15,dibud,1,33,0,,8601,8600,observation_limit
trec-covid-chrono-r3,3,15,dibud,1,34,0,,8601,8600,observation_limit
trec-covid-chrono-r3,3,15,dibud,1,35,0,,8601,8600,observation_limit
trec-covid-chrono-r3,3,15,dibud,1,36,0,,8601,8600,observation_limit
trec-covid-chrono-r3,3,15,dibud,1,37,0,,8601,8600,observation_limit
trec-covid-chrono-r3,3,15,dibud,1,38,0,,8601,8600,observation_limit
trec-covid-chrono-r3,3,15,dibud,1,39,0,,8601,8600,observation_limit
trec-covid-chrono-r3,3,15,dibud,1,40,0,,8601,8600,observation_limit
trec-covid-chrono-r3,3,15,dibud,1,41,0,,8601,8600,observation_limit
trec-covid-chrono-r3,3,15,dibud,1,42,0,,8601,8600,observation_limit
trec-covid-chrono-r3,3,15,dibud,1,43,0,,8601,8600,observation_limit
trec-covid-chrono-r3,3,15,dibud,1,44,0,,8601,8600,observation_limit
trec-covid-chrono-r3,3,15,dibud,1,45,0,,8601,8600,observation_limit
trec-covid-chrono-r3,3,15,dibud,1,46,0,,8601,8600,observation_limit
trec-covid-chrono-r3,3,15,dibud,1,47,0,,8601,8600,observation_limit
trec-covid-chrono-r3,3,15,dibud,1,48,0,,8601,8600,observation_limit
trec-covid-chrono-r3,3,15,dibud,1,49,0,,8601,8600,observation_limit
trec-covid-chrono-r3,3,15,dibud,1,50,0,,8601,8600,observation_limit
trec-covid-chrono-r3,3,15,dibud,1,51,0,,8601,8600,observation_limit
trec-covid-chrono-r3,3,15,dibud,1,52,0,,8601,8600,observation_limit
trec-covid-chrono-r3,3,15,dibud,1,53,0,,8601,8600,observation_limit
trec-covid-chrono-r3,3,15,dibud,1,54,0,,8601,8600,observation_limit
trec-covid-chrono-r3,3,15,dibud,1,55,0,,8601,8600,observation_limit
trec-covid-chrono-r3,3,15,dibud,1,56,0,,8601,8600,observation_limit
trec-covid-chrono-r3,3,15,dibud,1,57,0,,8601,8600,observation_limit
trec-covid-chrono-r3,3,15,dibud,1,58,0,,8601,8600,observation_limit
trec-covid-chrono-r3,3,15,dibud,1,59,0,,8601,8600,observation_limit
trec-covid-chrono-r3,3,15,dibud,1,60,0,,8601,8600,observation_limit
trec-covid-chrono-r3,3,15,dibud,1,61,0,,8601,8600,observation_limit
trec-covid-chrono-r3,3,15,dibud,1,62,0,,8601,8600,observation_limit
trec-covid-chrono-r3,3,15,dibud,1,63,0,,8601,8600,observation_limit
trec-covid-chrono-r3,3,15,dibud,1,64,0,,8601,8600,observation_limit
trec-covid-chrono-r3,3,15,dibud,1,65,0,,8601,8600,observation_limit
trec-covid-chrono-r3,3,15,dibud,1,66,0,,8601,8600,observation_limit
trec-covid-chrono-r3,3,15,dibud,1,67,0,,8601,8600,observation_limit
trec-covid-chrono-r3,3,15,dibud,1,68,0,,8601,8600,observation_limit
trec-covid-chrono-r3,3,15,dibud,1,69,0,,8601,8600,observation_limit
trec-covid-chrono-r3,3,15,dibud,1,70,0,,8601,8600,observation_limit
trec-covid-chrono-r3,3,15,dibud,1,71,0,,8601,8600,observation_limit
trec-covid-chrono-r3,3,15,dibud,1,72,0,,8601,8600,observation_limit
trec-covid-chrono-r3,3,15,dibud,1,73,0,,8601,8600,observation_limit
trec-covid-chrono-r3,3,15,dibud,1,74,0,,8601,8600,observation_limit
trec-covid-chrono-r3,3,15,dibud,1,75,0,,8601,8600,observation_limit
trec-covid-chrono-r3,3,15,dibud,1,76,0,,8601,8600,observation_limit
trec-covid-chrono-r3,3,15,dibud,1,77,0,,8601,8600,observation_limit
trec-covid-chrono-r3,3,15,dibud,1,78,0,,8601,8600,observation_limit
trec-covid-chrono-r3,3,15,dibud,1,79,0,,8601,8600,observation_limit
trec-covid-chrono-r3,3,15,dibud,1,80,0,,8601,8600,observation_limit
trec-covid-chrono-r3,3,15,dibud,1,81,0,,8601,8600,observation_limit
trec-covid-chrono-r3,3,15,dibud,1,82,0,,8601,8600,observation_limit
trec-covid-chrono-r3,3,15,dibud,1,83,0,,8601,8600,observation_limit
trec-covid-chrono-r3,3,15,dibud,1,84,0,,8601,8600,observation_limit
trec-covid-chrono-r3,3,15,dibud,1,85,0,,8601,8600,observation_limit
trec-covid-chrono-r3,3,15,dibud,1,86,0,,8601,8600,observation_limit
trec-covid-chrono-r3,3,15,dibud,1,87,0,,8601,8600,observation_limit
trec-covid-chrono-r3,3,15,dibud,1,88,0,,8601,8600,observation_limit
trec-covid-chrono-r3,3,15,dibud,1,89,0,,8601,8600,observation_limit
trec-covid-chrono-r3,3,15,dibud,1,90,0,,8601,8600,observation_limit
trec-covid-chrono-r3,3,15,dibud,1,91,0,,8601,8600,observation_limit
trec-covid-chrono-r3,3,15,dibud,1,92,0,,8601,8600,observation_limit
trec-covid-chrono-r3,3,15,dibud,1,93,0,,8601,8600,observation_limit
trec-covid-chrono-r3,3,15,dibud,1,94,0,,8601,8600,observation_limit
trec-covid-chrono-r3,3,15,dibud,1,95,0,,8601,8600,observation_limit
trec-covid-chrono-r3,3,15,dibud,1,96,0,,8601,8600,observation_limit
trec-covid-chrono-r3,3,15,dibud,1,97,0,,8601,8600,observation_limit
trec-covid-chrono-r3,3,15,dibud,1,98,0,,8601,8600,observation_limit
trec-covid-chrono-r3,3,15,dibud,1,99,0,,8601,8600,observation_limit
trec-covid-chrono-r3,3,15,dibud,1,100,0,,8601,8600,observation_limit
trec-covid-chrono-r3,3,15,balanced,1,1,1,6,6,10000,budget
trec-covid-chrono-r3,3,15,balanced,1,2,1,3999,3999,10000,budget
trec-covid-chrono-r3,3,15,balanced,1,3,1,7199,7199,10000,budget
trec-covid-chrono-r3,3,15,balanced,1,4,1,7444,7444,10000,budget
trec-covid-chrono-r3,3,15,balanced,1,5,1,8172,8172,10000,budget
trec-covid-chrono-r3,3,15,balanced,1,6,0,,10001,10000,budget
trec-covid-chrono-r3,3,15,balanced,1,7,0,,10001,10000,budget
trec-covid-chrono-r3,3,15,balanced,1,8,0,,10001,10000,budget
trec-covid-chrono-r3,3,15,balanced,1,9,0,,10001,10000,budget
trec-covid-chrono-r3,3,15,balanced,1,10,0,,10001,10000,budget
trec-covid-chrono-r3,3,15,balanced,1,11,0,,10001,10000,budget
trec-covid-chrono-r3,3,15,balanced,1,12,0,,10001,10000,budget
trec-covid-chrono-r3,3,15,balanced,1,13,0,,10001,10000,budget
trec-covid-chrono-r3,3,15,balanced,1,14,0,,10001,10000,budget
trec-covid-chrono-r3,3,15,balanced,1,15,0,,10001,10000,budget
trec-covid-chrono-r3,3,15,balanced,1,16,0,,10001,10000,budget
trec-covid-chrono-r3,3,15,balanced,1,17,0,,10001,10000,budget
trec-covid-chrono-r3,3,15,balanced,1,18,0,,10001,10000,budget
trec-covid-chrono-r3,3,15,balanced,1,19,0,,10001,10000,budget
trec-covid-chrono-r3,3,15,balanced,1,20,0,,10001,10000,budget
trec-covid-chrono-r3,3,15,balanced,1,21,0,,10001,10000,budget
trec-covid-chrono-r3,3,15,balanced,1,22,0,,10001,10000,budget
trec-covid-chrono-r3,3,15,balanced,1,23,0,,10001,10000,budget
trec-covid-chrono-r3,3,15,balanced,1,24,0,,10001,10000,budget
trec-covid-chrono-r3,3,15,balanced,1,25,0,,10001,10000,budget
trec-covid-chrono-r3,3,15,balanced,1,26,0,,10001,10000,budget
trec-covid-chrono-r3,3,15,balanced,1,27,0,,10001,10000,budget
trec-covid-chrono-r3,3,15,balanced,1,28,0,,10001,10000,budget
trec-covid-chrono-r3,3,15,balanced,1,29,0,,10001,10000,budget
trec-covid-chrono-r3,3,15,balanced,1,30,0,,10001,10000,budget
trec-covid-chrono-r3,3,15,balanced,1,31,0,,10001,10000,budget
trec-covid-chrono-r3,3,15,balanced,1,32,0,,10001,10000,budget
trec-covid-chrono-r3,3,15,balanced,1,33,0,,10001,10000,budget
trec-covid-chrono-r3,3,15,balanced,1,34,0,,10001,10000,budget
trec-covid-chrono-r3,3,15,balanced,1,35,0,,10001,10000,budget
trec-covid-chrono-r3,3,15,balanced,1,36,0,,10001,10000,budget
trec-covid-chrono-r3,3,15,balanced,1,37,0,,10001,10000,budget
trec-covid-chrono-r3,3,15,balanced,1,38,0,,10001,10000,budget
trec-covid-chrono-r3,3,15,balanced,1,39,0,,10001,10000,budget
trec-covid-chrono-r3,3,15,balanced,1,40,0,,10001,10000,budget
trec-covid-chrono-r3,3,15,balanced,1,41,0,,10001,10000,budget
trec-covid-chrono-r3,3,15,balanced,1,42,0,,10001,10000,budget
trec-covid-chrono-r3,3,15,balanced,1,43,0,,10001,10000,budget
trec-covid-chrono-r3,3,15,balanced,1,44,0,,10001,10000,budget
trec-covid-chrono-r3,3,15,balanced,1,45,0,,10001,10000,budget
trec-covid-chrono-r3,3,15,balanced,1,46,0,,10001,10000,budget
trec-covid-chrono-r3,3,15,balanced,1,47,0,,10001,10000,budget
trec-covid-chrono-r3,3,15,balanced,1,48,0,,10001,10000,budget
trec-covid-chrono-r3,3,15,balanced,1,49,0,,10001,10000,budget
trec-covid-chrono-r3,3,15,balanced,1,50,0,,10001,10000,budget
trec-covid-chrono-r3,3,15,balanced,1,51,0,,10001,10000,budget
trec-covid-chrono-r3,3,15,balanced,1,52,0,,10001,10000,budget
trec-covid-chrono-r3,3,15,balanced,1,53,0,,10001,10000,budget
trec-covid-chrono-r3,3,15,balanced,1,54,0,,10001,10000,budget
trec-covid-chrono-r3,3,15,balanced,1,55,0,,10001,10000,budget
trec-covid-chrono-r3,3,15,balanced,1,56,0,,10001,10000,budget
trec-covid-chrono-r3,3,15,balanced,1,57,0,,10001,10000,budget
trec-covid-chrono-r3,3,15,balanced,1,58,0,,10001,10000,budget
trec-covid-chrono-r3,3,15,balanced,1,59,0,,10001,10000,budget
trec-covid-chrono-r3,3,15,balanced,1,60,0,,10001,10000,budget
trec-covid-chrono-r3,3,15,balanced,1,61,0,,10001,10000,budget
trec-covid-chrono-r3,3,15,balanced,1,62,0,,10001,10000,budget
trec-covid-chrono-r3,3,15,balanced,1,63,0,,10001,10000,budget
trec-covid-chrono-r3,3,15,balanced,1,64,0,,10001,10000,budget
trec-covid-chrono-r3,3,15,balanced,1,65,0,,10001,10000,budget
trec-covid-chrono-r3,3,15,balanced,1,66,0,,10001,10000,budget
trec-covid-chrono-r3,3,15,balanced,1,67,0,,10001,10000,budget
trec-covid-chrono-r3,3,15,balanced,1,68,0,,10001,10000,budget
trec-covid-chrono-r3,3,15,balanced,1,69,0,,10001,10000,budget
trec-covid-chrono-r3,3,15,balanced,1,70,0,,10001,10000,budget
trec-covid-chrono-r3,3,15,balanced,1,71,0,,10001,10000,budget
trec-covid-chrono-r3,3,15,balanced,1,72,0,,10001,10000,budget
trec-covid-chrono-r3,3,15,balanced,1,73,0,,10001,10000,budget
trec-covid-chrono-r3,3,15,balanced,1,74,0,,10001,10000,budget
trec-covid-chrono-r3,3,15,balanced,1,75,0,,10001,10000,budget
trec-covid-chrono-r3,3,15,balanced,1,76,0,,10001,10000,budget
trec-covid-chrono-r3,3,15,balanced,1,77,0,,10001,10000,budget
trec-covid-chrono-r3,3,15,balanced,1,78,0,,10001,10000,budget
trec-covid-chrono-r3,3,15,balanced,1,79,0,,10001,10000,budget
trec-covid-chrono-r3,3,15,balanced,1,80,0,,10001,10000,budget
trec-covid-chrono-r3,3,15,balanced,1,81,0,,10001,10000,budget
trec-covid-chrono-r3,3,15,balanced,1,82,0,,10001,10000,budget
trec-covid-chrono-r3,3,15,balanced,1,83,0,,10001,10000,budget
trec-covid-chrono-r3,3,15,balanced,1,84,0,,10001,10000,budget
trec-covid-chrono-r3,3,15,balanced,1,85,0,,10001,10000,budget
trec-covid-chrono-r3,3,15,balanced,1,86,0,,10001,10000,budget
trec-covid-chrono-r3,3,15,balanced,1,87,0,,10001,10000,budget
trec-covid-chrono-r3,3,15,balanced,1,88,0,,10001,10000,budget
trec-covid-chrono-r3,3,15,balanced,1,89,0,,10001,10000,budget
trec-covid-chrono-r3,3,15,balanced,1,90,0,,10001,10000,budget
trec-covid-chrono-r3,3,15,balanced,1,91,0,,10001,10000,budget
trec-covid-chrono-r3,3,15,balanced,1,92,0,,10001,10000,budget
trec-covid-chrono-r3,3,15,balanced,1,93,0,,10001,10000,budget
trec-covid-chrono-r3,3,15,balanced,1,94,0,,10001,10000,budget
trec-covid-chrono-r3,3,15,balanced,1,95,0,,10001,10000,budget
trec-covid-chrono-r3,3,15,balanced,1,96,0,,10001,10000,budget
trec-covid-chrono-r3,3,15,balanced,1,97,0,,10001,10000,budget
trec-covid-chrono-r3,3,15,balanced,1,98,0,,10001,10000,budget
trec-covid-chrono-r3,3,15,balanced,1,99,0,,10001,10000,budget
trec-covid-chrono-r3,3,15,balanced,1,100,0,,10001,10000,budget
trec-covid-chrono-r3,3,15,dibud,64,1,1,128,128,8648,observation_limit
trec-covid-chrono-r3,3,15,dibud,64,2,1,3328,3328,8648,observation_limit
trec-covid-chrono-r3,3,15,dibud,64,3,1,5504,5504,8648,observation_limit
trec-covid-chrono-r3,3,15,dibud,64,4,1,7424,7424,8648,observation_limit
trec-covid-chrono-r3,3,15,dibud,64,5,1,7744,7744,8648,observation_limit
trec-covid-chrono-r3,3,15,dibud,64,6,0,,8649,8648,observation_limit
trec-covid-chrono-r3,3,15,dibud,64,7,0,,8649,8648,observation_limit
trec-covid-chrono-r3,3,15,dibud,64,8,0,,8649,8648,observation_limit
trec-covid-chrono-r3,3,15,dibud,64,9,0,,8649,8648,observation_limit
trec-covid-chrono-r3,3,15,dibud,64,10,0,,8649,8648,observation_limit
trec-covid-chrono-r3,3,15,dibud,64,11,0,,8649,8648,observation_limit
trec-covid-chrono-r3,3,15,dibud,64,12,0,,8649,8648,observation_limit
trec-covid-chrono-r3,3,15,dibud,64,13,0,,8649,8648,observation_limit
trec-covid-chrono-r3,3,15,dibud,64,14,0,,8649,8648,observation_limit
trec-covid-chrono-r3,3,15,dibud,64,15,0,,8649,8648,observation_limit
trec-covid-chrono-r3,3,15,dibud,64,16,0,,8649,8648,observation_limit
trec-covid-chrono-r3,3,15,dibud,64,17,0,,8649,8648,observation_limit
trec-covid-chrono-r3,3,15,dibud,64,18,0,,8649,8648,observation_limit
trec-covid-chrono-r3,3,15,dibud,64,19,0,,8649,8648,observation_limit
trec-covid-chrono-r3,3,15,dibud,64,20,0,,8649,8648,observation_limit
trec-covid-chrono-r3,3,15,dibud,64,21,0,,8649,8648,observation_limit
trec-covid-chrono-r3,3,15,dibud,64,22,0,,8649,8648,observation_limit
trec-covid-chrono-r3,3,15,dibud,64,23,0,,8649,8648,observation_limit
trec-covid-chrono-r3,3,15,dibud,64,24,0,,8649,8648,observation_limit
trec-covid-chrono-r3,3,15,dibud,64,25,0,,8649,8648,observation_limit
trec-covid-chrono-r3,3,15,dibud,64,26,0,,8649,8648,observation_limit
trec-covid-chrono-r3,3,15,dibud,64,27,0,,8649,8648,observation_limit
trec-covid-chrono-r3,3,15,dibud,64,28,0,,8649,8648,observation_limit
trec-covid-chrono-r3,3,15,dibud,64,29,0,,8649,8648,observation_limit
trec-covid-chrono-r3,3,15,dibud,64,30,0,,8649,8648,observation_limit
trec-covid-chrono-r3,3,15,dibud,64,31,0,,8649,8648,observation_limit
trec-covid-chrono-r3,3,15,dibud,64,32,0,,8649,8648,observation_limit
trec-covid-chrono-r3,3,15,dibud,64,33,0,,8649,8648,observation_limit
trec-covid-chrono-r3,3,15,dibud,64,34,0,,8649,8648,observation_limit
trec-covid-chrono-r3,3,15,dibud,64,35,0,,8649,8648,observation_limit
trec-covid-chrono-r3,3,15,dibud,64,36,0,,8649,8648,observation_limit
trec-covid-chrono-r3,3,15,dibud,64,37,0,,8649,8648,observation_limit
trec-covid-chrono-r3,3,15,dibud,64,38,0,,8649,8648,observation_limit
trec-covid-chrono-r3,3,15,dibud,64,39,0,,8649,8648,observation_limit
trec-covid-chrono-r3,3,15,dibud,64,40,0,,8649,8648,observation_limit
trec-covid-chrono-r3,3,15,dibud,64,41,0,,8649,8648,observation_limit
trec-covid-chrono-r3,3,15,dibud,64,42,0,,8649,8648,observation_limit
trec-covid-chrono-r3,3,15,dibud,64,43,0,,8649,8648,observation_limit
trec-covid-chrono-r3,3,15,dibud,64,44,0,,8649,8648,observation_limit
trec-covid-chrono-r3,3,15,dibud,64,45,0,,8649,8648,observation_limit
trec-covid-chrono-r3,3,15,dibud,64,46,0,,8649,8648,observation_limit
trec-covid-chrono-r3,3,15,dibud,64,47,0,,8649,8648,observation_limit
trec-covid-chrono-r3,3,15,dibud,64,48,0,,8649,8648,observation_limit
trec-covid-chrono-r3,3,15,dibud,64,49,0,,8649,8648,observation_limit
trec-covid-chrono-r3,3,15,dibud,64,50,0,,8649,8648,observation_limit
trec-covid-chrono-r3,3,15,dibud,64,51,0,,8649,8648,observation_limit
trec-covid-chrono-r3,3,15,dibud,64,52,0,,8649,8648,observation_limit
trec-covid-chrono-r3,3,15,dibud,64,53,0,,8649,8648,observation_limit
trec-covid-chrono-r3,3,15,dibud,64,54,0,,8649,8648,observation_limit
trec-covid-chrono-r3,3,15,dibud,64,55,0,,8649,8648,observation_limit
trec-covid-chrono-r3,3,15,dibud,64,56,0,,8649,8648,observation_limit
trec-covid-chrono-r3,3,15,dibud,64,57,0,,8649,8648,observation_limit
trec-covid-chrono-r3,3,15,dibud,64,58,0,,8649,8648,observation_limit
trec-covid-chrono-r3,3,15,dibud,64,59,0,,8649,8648,observation_limit
trec-covid-chrono-r3,3,15,dibud,64,60,0,,8649,8648,observation_limit
trec-covid-chrono-r3,3,15,dibud,64,61,0,,8649,8648,observation_limit
trec-covid-chrono-r3,3,15,dibud,64,62,0,,8649,8648,observation_limit
trec-covid-chrono-r3,3,15,dibud,64,63,0,,8649,8648,observation_limit
trec-covid-chrono-r3,3,15,dibud,64,64,0,,8649,8648,observation_limit
trec-covid-chrono-r3,3,15,dibud,64,65,0,,8649,8648,observation_limit
trec-covid-chrono-r3,3,15,dibud,64,66,0,,8649,8648,observation_limit
trec-covid-chrono-r3,3,15,dibud,64,67,0,,8649,8648,observation_limit
trec-covid-chrono-r3,3,15,dibud,64,68,0,,8649,8648,observation_limit
trec-covid-chrono-r3,3,15,dibud,64,69,0,,8649,8648,observation_limit
trec-covid-chrono-r3,3,15,dibud,64,70,0,,8649,8648,observation_limit
trec-covid-chrono-r3,3,15,dibud,64,71,0,,8649,8648,observation_limit
trec-covid-chrono-r3,3,15,dibud,64,72,0,,8649,8648,observation_limit
trec-covid-chrono-r3,3,15,dibud,64,73,0,,8649,8648,observation_limit
trec-covid-chrono-r3,3,15,dibud,64,74,0,,8649,8648,observation_limit
trec-covid-chrono-r3,3,15,dibud,64,75,0,,8649,8648,observation_limit
trec-covid-chrono-r3,3,15,dibud,64,76,0,,8649,8648,observation_limit
trec-covid-chrono-r3,3,15,dibud,64,77,0,,8649,8648,observation_limit
trec-covid-chrono-r3,3,15,dibud,64,78,0,,8649,8648,observation_limit
trec-covid-chrono-r3,3,15,dibud,64,79,0,,8649,8648,observation_limit
trec-covid-chrono-r3,3,15,dibud,64,80,0,,8649,8648,observation_limit
trec-covid-chrono-r3,3,15,dibud,64,81,0,,8649,8648,observation_limit
trec-covid-chrono-r3,3,15,dibud,64,82,0,,8649,8648,observation_limit
trec-covid-chrono-r3,3,15,dibud,64,83,0,,8649,8648,observation_limit
trec-covid-chrono-r3,3,15,dibud,64,84,0,,8649,8648,observation_limit
trec-covid-chrono-r3,3,15,dibud,64,85,0,,8649,8648,observation_limit
trec-covid-chrono-r3,3,15,dibud,64,86,0,,8649,8648,observation_limit
trec-covid-chrono-r3,3,15,dibud,64,87,0,,8649,8648,observation_limit
trec-covid-chrono-r3,3,15,dibud,64,88,0,,8649,8648,observation_limit
trec-covid-chrono-r3,3,15,dibud,64,89,0,,8649,8648,observation_limit
trec-covid-chrono-r3,3,15,dibud,64,90,0,,8649,8648,observation_limit
trec-covid-chrono-r3,3,15,dibud,64,91,0,,8649,8648,observation_limit
trec-covid-chrono-r3,3,15,dibud,64,92,0,,8649,8648,observation_limit
trec-covid-chrono-r3,3,15,dibud,64,93,0,,8649,8648,observation_limit
trec-covid-chrono-r3,3,15,dibud,64,94,0,,8649,8648,observation_limit
trec-covid-chrono-r3,3,15,dibud,64,95,0,,8649,8648,observation_limit
trec-covid-chrono-r3,3,15,dibud,64,96,0,,8649,8648,observation_limit
trec-covid-chrono-r3,3,15,dibud,64,97,0,,8649,8648,observation_limit
trec-covid-chrono-r3,3,15,dibud,64,98,0,,8649,8648,observation_limit
trec-covid-chrono-r3,3,15,dibud,64,99,0,,8649,8648,observation_limit
trec-covid-chrono-r3,3,15,dibud,64,100,0,,8649,8648,observation_limit
trec-covid-chrono-r3,3,15,balanced,64,1,1,128,128,10000,budget
trec-covid-chrono-r3,3,15,balanced,64,2,1,4032,4032,10000,budget
trec-covid-chrono-r3,3,15,balanced,64,3,1,7232,7232,10000,budget
trec-covid-chrono-r3,3,15,balanced,64,4,1,7552,7552,10000,budget
trec-covid-chrono-r3,3,15,balanced,64,5,1,8192,8192,10000,budget
trec-covid-chrono-r3,3,15,balanced,64,6,0,,10001,10000,budget
trec-covid-chrono-r3,3,15,balanced,64,7,0,,10001,10000,budget
trec-covid-chrono-r3,3,15,balanced,64,8,0,,10001,10000,budget
trec-covid-chrono-r3,3,15,balanced,64,9,0,,10001,10000,budget
trec-covid-chrono-r3,3,15,balanced,64,10,0,,10001,10000,budget
trec-covid-chrono-r3,3,15,balanced,64,11,0,,10001,10000,budget
trec-covid-chrono-r3,3,15,balanced,64,12,0,,10001,10000,budget
trec-covid-chrono-r3,3,15,balanced,64,13,0,,10001,10000,budget
trec-covid-chrono-r3,3,15,balanced,64,14,0,,10001,10000,budget
trec-covid-chrono-r3,3,15,balanced,64,15,0,,10001,10000,budget
trec-covid-chrono-r3,3,15,balanced,64,16,0,,10001,10000,budget
trec-covid-chrono-r3,3,15,balanced,64,17,0,,10001,10000,budget
trec-covid-chrono-r3,3,15,balanced,64,18,0,,10001,10000,budget
trec-covid-chrono-r3,3,15,balanced,64,19,0,,10001,10000,budget
trec-covid-chrono-r3,3,15,balanced,64,20,0,,10001,10000,budget
trec-covid-chrono-r3,3,15,balanced,64,21,0,,10001,10000,budget
trec-covid-chrono-r3,3,15,balanced,64,22,0,,10001,10000,budget
trec-covid-chrono-r3,3,15,balanced,64,23,0,,10001,10000,budget
trec-covid-chrono-r3,3,15,balanced,64,24,0,,10001,10000,budget
trec-covid-chrono-r3,3,15,balanced,64,25,0,,10001,10000,budget
trec-covid-chrono-r3,3,15,balanced,64,26,0,,10001,10000,budget
trec-covid-chrono-r3,3,15,balanced,64,27,0,,10001,10000,budget
trec-covid-chrono-r3,3,15,balanced,64,28,0,,10001,10000,budget
trec-covid-chrono-r3,3,15,balanced,64,29,0,,10001,10000,budget
trec-covid-chrono-r3,3,15,balanced,64,30,0,,10001,10000,budget
trec-covid-chrono-r3,3,15,balanced,64,31,0,,10001,10000,budget
trec-covid-chrono-r3,3,15,balanced,64,32,0,,10001,10000,budget
trec-covid-chrono-r3,3,15,balanced,64,33,0,,10001,10000,budget
trec-covid-chrono-r3,3,15,balanced,64,34,0,,10001,10000,budget
trec-covid-chrono-r3,3,15,balanced,64,35,0,,10001,10000,budget
trec-covid-chrono-r3,3,15,balanced,64,36,0,,10001,10000,budget
trec-covid-chrono-r3,3,15,balanced,64,37,0,,10001,10000,budget
trec-covid-chrono-r3,3,15,balanced,64,38,0,,10001,10000,budget
trec-covid-chrono-r3,3,15,balanced,64,39,0,,10001,10000,budget
trec-covid-chrono-r3,3,15,balanced,64,40,0,,10001,10000,budget
trec-covid-chrono-r3,3,15,balanced,64,41,0,,10001,10000,budget
trec-covid-chrono-r3,3,15,balanced,64,42,0,,10001,10000,budget
trec-covid-chrono-r3,3,15,balanced,64,43,0,,10001,10000,budget
trec-covid-chrono-r3,3,15,balanced,64,44,0,,10001,10000,budget
trec-covid-chrono-r3,3,15,balanced,64,45,0,,10001,10000,budget
trec-covid-chrono-r3,3,15,balanced,64,46,0,,10001,10000,budget
trec-covid-chrono-r3,3,15,balanced,64,47,0,,10001,10000,budget
trec-covid-chrono-r3,3,15,balanced,64,48,0,,10001,10000,budget
trec-covid-chrono-r3,3,15,balanced,64,49,0,,10001,10000,budget
trec-covid-chrono-r3,3,15,balanced,64,50,0,,10001,10000,budget
trec-covid-chrono-r3,3,15,balanced,64,51,0,,10001,10000,budget
trec-covid-chrono-r3,3,15,balanced,64,52,0,,10001,10000,budget
trec-covid-chrono-r3,3,15,balanced,64,53,0,,10001,10000,budget
trec-covid-chrono-r3,3,15,balanced,64,54,0,,10001,10000,budget
trec-covid-chrono-r3,3,15,balanced,64,55,0,,10001,10000,budget
trec-covid-chrono-r3,3,15,balanced,64,56,0,,10001,10000,budget
trec-covid-chrono-r3,3,15,balanced,64,57,0,,10001,10000,budget
trec-covid-chrono-r3,3,15,balanced,64,58,0,,10001,10000,budget
trec-covid-chrono-r3,3,15,balanced,64,59,0,,10001,10000,budget
trec-covid-chrono-r3,3,15,balanced,64,60,0,,10001,10000,budget
trec-covid-chrono-r3,3,15,balanced,64,61,0,,10001,10000,budget
trec-covid-chrono-r3,3,15,balanced,64,62,0,,10001,10000,budget
trec-covid-chrono-r3,3,15,balanced,64,63,0,,10001,10000,budget
trec-covid-chrono-r3,3,15,balanced,64,64,0,,10001,10000,budget
trec-covid-chrono-r3,3,15,balanced,64,65,0,,10001,10000,budget
trec-covid-chrono-r3,3,15,balanced,64,66,0,,10001,10000,budget
trec-covid-chrono-r3,3,15,balanced,64,67,0,,10001,10000,budget
trec-covid-chrono-r3,3,15,balanced,64,68,0,,10001,10000,budget
trec-covid-chrono-r3,3,15,balanced,64,69,0,,10001,10000,budget
trec-covid-chrono-r3,3,15,balanced,64,70,0,,10001,10000,budget
trec-covid-chrono-r3,3,15,balanced,64,71,0,,10001,10000,budget
trec-covid-chrono-r3,3,15,balanced,64,72,0,,10001,10000,budget
trec-covid-chrono-r3,3,15,balanced,64,73,0,,10001,10000,budget
trec-covid-chrono-r3,3,15,balanced,64,74,0,,10001,10000,budget
trec-covid-chrono-r3,3,15,balanced,64,75,0,,10001,10000,budget
trec-covid-chrono-r3,3,15,balanced,64,76,0,,10001,10000,budget
trec-covid-chrono-r3,3,15,balanced,64,77,0,,10001,10000,budget
trec-covid-chrono-r3,3,15,balanced,64,78,0,,10001,10000,budget
trec-covid-chrono-r3,3,15,balanced,64,79,0,,10001,10000,budget
trec-covid-chrono-r3,3,15,balanced,64,80,0,,10001,10000,budget
trec-covid-chrono-r3,3,15,balanced,64,81,0,,10001,10000,budget
trec-covid-chrono-r3,3,15,balanced,64,82,0,,10001,10000,budget
trec-covid-chrono-r3,3,15,balanced,64,83,0,,10001,10000,budget
trec-covid-chrono-r3,3,15,balanced,64,84,0,,10001,10000,budget
trec-covid-chrono-r3,3,15,balanced,64,85,0,,10001,10000,budget
trec-covid-chrono-r3,3,15,balanced,64,86,0,,10001,10000,budget
trec-covid-chrono-r3,3,15,balanced,64,87,0,,10001,10000,budget
trec-covid-chrono-r3,3,15,balanced,64,88,0,,10001,10000,budget
trec-covid-chrono-r3,3,15,balanced,64,89,0,,10001,10000,budget
trec-covid-chrono-r3,3,15,balanced,64,90,0,,10001,10000,budget
trec-covid-chrono-r3,3,15,balanced,64,91,0,,10001,10000,budget
trec-covid-chrono-r3,3,15,balanced,64,92,0,,10001,10000,budget
trec-covid-chrono-r3,3,15,balanced,64,93,0,,10001,10000,budget
trec-covid-chrono-r3,3,15,balanced,64,94,0,,10001,10000,budget
trec-covid-chrono-r3,3,15,balanced,64,95,0,,10001,10000,budget
trec-covid-chrono-r3,3,15,balanced,64,96,0,,10001,10000,budget
trec-covid-chrono-r3,3,15,balanced,64,97,0,,10001,10000,budget
trec-covid-chrono-r3,3,15,balanced,64,98,0,,10001,10000,budget
trec-covid-chrono-r3,3,15,balanced,64,99,0,,10001,10000,budget
trec-covid-chrono-r3,3,15,balanced,64,100,0,,10001,10000,budget
trec-covid-chrono-r4,4,5,dibud,1,1,1,8,8,6509,observation_limit
trec-covid-chrono-r4,4,5,dibud,1,2,1,40,40,6509,observation_limit
trec-covid-chrono-r4,4,5,dibud,1,3,1,56,56,6509,observation_limit
trec-covid-chrono-r4,4,5,dibud,1,4,1,68,68,6509,observation_limit
trec-covid-chrono-r4,4,5,dibud,1,5,1,88,88,6509,observation_limit
trec-covid-chrono-r4,4,5,dibud,1,6,1,94,94,6509,observation_limit
trec-covid-chrono-r4,4,5,dibud,1,7,1,110,110,6509,observation_limit
trec-covid-chrono-r4,4,5,dibud,1,8,1,170,170,6509,observation_limit
trec-covid-chrono-r4,4,5,dibud,1,9,1,174,174,6509,observation_limit
trec-covid-chrono-r4,4,5,dibud,1,10,1,217,217,6509,observation_limit
trec-covid-chrono-r4,4,5,dibud,1,11,1,236,236,6509,observation_limit
trec-covid-chrono-r4,4,5,dibud,1,12,1,240,240,6509,observation_limit
trec-covid-chrono-r4,4,5,dibud,1,13,1,257,257,6509,observation_limit
trec-covid-chrono-r4,4,5,dibud,1,14,1,264,264,6509,observation_limit
trec-covid-chrono-r4,4,5,dibud,1,15,1,349,349,6509,observation_limit
trec-covid-chrono-r4,4,5,dibud,1,16,1,354,354,6509,observation_limit
trec-covid-chrono-r4,4,5,dibud,1,17,1,407,407,6509,observation_limit
trec-covid-chrono-r4,4,5,dibud,1,18,1,437,437,6509,observation_limit
trec-covid-chrono-r4,4,5,dibud,1,19,1,999,999,6509,observation_limit
trec-covid-chrono-r4,4,5,dibud,1,20,1,1067,1067,6509,observation_limit
trec-covid-chrono-r4,4,5,dibud,1,21,1,1234,1234,6509,observation_limit
trec-covid-chrono-r4,4,5,dibud,1,22,1,1383,1383,6509,observation_limit
trec-covid-chrono-r4,4,5,dibud,1,23,1,1397,1397,6509,observation_limit
trec-covid-chrono-r4,4,5,dibud,1,24,1,1508,1508,6509,observation_limit
trec-covid-chrono-r4,4,5,dibud,1,25,1,1522,1522,6509,observation_limit
trec-covid-chrono-r4,4,5,dibud,1,26,1,1781,1781,6509,observation_limit
trec-covid-chrono-r4,4,5,dibud,1,27,1,1810,1810,6509,observation_limit
trec-covid-chrono-r4,4,5,dibud,1,28,1,2103,2103,6509,observation_limit
trec-covid-chrono-r4,4,5,dibud,1,29,1,2150,2150,6509,observation_limit
trec-covid-chrono-r4,4,5,dibud,1,30,1,2168,2168,6509,observation_limit
trec-covid-chrono-r4,4,5,dibud,1,31,1,2185,2185,6509,observation_limit
trec-covid-chrono-r4,4,5,dibud,1,32,1,2291,2291,6509,observation_limit
trec-covid-chrono-r4,4,5,dibud,1,33,1,2503,2503,6509,observation_limit
trec-covid-chrono-r4,4,5,dibud,1,34,1,2601,2601,6509,observation_limit
trec-covid-chrono-r4,4,5,dibud,1,35,1,2816,2816,6509,observation_limit
trec-covid-chrono-r4,4,5,dibud,1,36,1,2831,2831,6509,observation_limit
trec-covid-chrono-r4,4,5,dibud,1,37,1,2855,2855,6509,observation_limit
trec-covid-chrono-r4,4,5,dibud,1,38,1,2921,2921,6509,observation_limit
trec-covid-chrono-r4,4,5,dibud,1,39,1,2941,2941,6509,observation_limit
trec-covid-chrono-r4,4,5,dibud,1,40,1,3006,3006,6509,observation_limit
trec-covid-chrono-r4,4,5,dibud,1,41,1,3412,3412,6509,observation_limit
trec-covid-chrono-r4,4,5,dibud,1,42,1,4237,4237,6509,observation_limit
trec-covid-chrono-r4,4,5,dibud,1,43,0,,6510,6509,observation_limit
trec-covid-chrono-r4,4,5,dibud,1,44,0,,6510,6509,observation_limit
trec-covid-chrono-r4,4,5,dibud,1,45,0,,6510,6509,observation_limit
trec-covid-chrono-r4,4,5,dibud,1,46,0,,6510,6509,observation_limit
trec-covid-chrono-r4,4,5,dibud,1,47,0,,6510,6509,observation_limit
trec-covid-chrono-r4,4,5,dibud,1,48,0,,6510,6509,observation_limit
trec-covid-chrono-r4,4,5,dibud,1,49,0,,6510,6509,observation_limit
trec-covid-chrono-r4,4,5,dibud,1,50,0,,6510,6509,observation_limit
trec-covid-chrono-r4,4,5,dibud,1,51,0,,6510,6509,observation_limit
trec-covid-chrono-r4,4,5,dibud,1,52,0,,6510,6509,observation_limit
trec-covid-chrono-r4,4,5,dibud,1,53,0,,6510,6509,observation_limit
trec-covid-chrono-r4,4,5,dibud,1,54,0,,6510,6509,observation_limit
trec-covid-chrono-r4,4,5,dibud,1,55,0,,6510,6509,observation_limit
trec-covid-chrono-r4,4,5,dibud,1,56,0,,6510,6509,observation_limit
trec-covid-chrono-r4,4,5,dibud,1,57,0,,6510,6509,observation_limit
trec-covid-chrono-r4,4,5,dibud,1,58,0,,6510,6509,observation_limit
trec-covid-chrono-r4,4,5,dibud,1,59,0,,6510,6509,observation_limit
trec-covid-chrono-r4,4,5,dibud,1,60,0,,6510,6509,observation_limit
trec-covid-chrono-r4,4,5,dibud,1,61,0,,6510,6509,observation_limit
trec-covid-chrono-r4,4,5,dibud,1,62,0,,6510,6509,observation_limit
trec-covid-chrono-r4,4,5,dibud,1,63,0,,6510,6509,observation_limit
trec-covid-chrono-r4,4,5,dibud,1,64,0,,6510,6509,observation_limit
trec-covid-chrono-r4,4,5,dibud,1,65,0,,6510,6509,observation_limit
trec-covid-chrono-r4,4,5,dibud,1,66,0,,6510,6509,observation_limit
trec-covid-chrono-r4,4,5,dibud,1,67,0,,6510,6509,observation_limit
trec-covid-chrono-r4,4,5,dibud,1,68,0,,6510,6509,observation_limit
trec-covid-chrono-r4,4,5,dibud,1,69,0,,6510,6509,observation_limit
trec-covid-chrono-r4,4,5,dibud,1,70,0,,6510,6509,observation_limit
trec-covid-chrono-r4,4,5,dibud,1,71,0,,6510,6509,observation_limit
trec-covid-chrono-r4,4,5,dibud,1,72,0,,6510,6509,observation_limit
trec-covid-chrono-r4,4,5,dibud,1,73,0,,6510,6509,observation_limit
trec-covid-chrono-r4,4,5,dibud,1,74,0,,6510,6509,observation_limit
trec-covid-chrono-r4,4,5,dibud,1,75,0,,6510,6509,observation_limit
trec-covid-chrono-r4,4,5,dibud,1,76,0,,6510,6509,observation_limit
trec-covid-chrono-r4,4,5,dibud,1,77,0,,6510,6509,observation_limit
trec-covid-chrono-r4,4,5,dibud,1,78,0,,6510,6509,observation_limit
trec-covid-chrono-r4,4,5,dibud,1,79,0,,6510,6509,observation_limit
trec-covid-chrono-r4,4,5,dibud,1,80,0,,6510,6509,observation_limit
trec-covid-chrono-r4,4,5,dibud,1,81,0,,6510,6509,observation_limit
trec-covid-chrono-r4,4,5,dibud,1,82,0,,6510,6509,observation_limit
trec-covid-chrono-r4,4,5,dibud,1,83,0,,6510,6509,observation_limit
trec-covid-chrono-r4,4,5,dibud,1,84,0,,6510,6509,observation_limit
trec-covid-chrono-r4,4,5,dibud,1,85,0,,6510,6509,observation_limit
trec-covid-chrono-r4,4,5,dibud,1,86,0,,6510,6509,observation_limit
trec-covid-chrono-r4,4,5,dibud,1,87,0,,6510,6509,observation_limit
trec-covid-chrono-r4,4,5,dibud,1,88,0,,6510,6509,observation_limit
trec-covid-chrono-r4,4,5,dibud,1,89,0,,6510,6509,observation_limit
trec-covid-chrono-r4,4,5,dibud,1,90,0,,6510,6509,observation_limit
trec-covid-chrono-r4,4,5,dibud,1,91,0,,6510,6509,observation_limit
trec-covid-chrono-r4,4,5,dibud,1,92,0,,6510,6509,observation_limit
trec-covid-chrono-r4,4,5,dibud,1,93,0,,6510,6509,observation_limit
trec-covid-chrono-r4,4,5,dibud,1,94,0,,6510,6509,observation_limit
trec-covid-chrono-r4,4,5,dibud,1,95,0,,6510,6509,observation_limit
trec-covid-chrono-r4,4,5,dibud,1,96,0,,6510,6509,observation_limit
trec-covid-chrono-r4,4,5,dibud,1,97,0,,6510,6509,observation_limit
trec-covid-chrono-r4,4,5,dibud,1,98,0,,6510,6509,observation_limit
trec-covid-chrono-r4,4,5,dibud,1,99,0,,6510,6509,observation_limit
trec-covid-chrono-r4,4,5,dibud,1,100,0,,6510,6509,observation_limit
trec-covid-chrono-r4,4,5,balanced,1,1,1,8,8,10000,budget
trec-covid-chrono-r4,4,5,balanced,1,2,1,40,40,10000,budget
trec-covid-chrono-r4,4,5,balanced,1,3,1,56,56,10000,budget
trec-covid-chrono-r4,4,5,balanced,1,4,1,68,68,10000,budget
trec-covid-chrono-r4,4,5,balanced,1,5,1,88,88,10000,budget
trec-covid-chrono-r4,4,5,balanced,1,6,1,94,94,10000,budget
trec-covid-chrono-r4,4,5,balanced,1,7,1,110,110,10000,budget
trec-covid-chrono-r4,4,5,balanced,1,8,1,170,170,10000,budget
trec-covid-chrono-r4,4,5,balanced,1,9,1,174,174,10000,budget
trec-covid-chrono-r4,4,5,balanced,1,10,1,218,218,10000,budget
trec-covid-chrono-r4,4,5,balanced,1,11,1,253,253,10000,budget
trec-covid-chrono-r4,4,5,balanced,1,12,1,261,261,10000,budget
trec-covid-chrono-r4,4,5,balanced,1,13,1,293,293,10000,budget
trec-covid-chrono-r4,4,5,balanced,1,14,1,301,301,10000,budget
trec-covid-chrono-r4,4,5,balanced,1,15,1,375,375,10000,budget
trec-covid-chrono-r4,4,5,balanced,1,16,1,381,381,10000,budget
trec-covid-chrono-r4,4,5,balanced,1,17,1,441,441,10000,budget
trec-covid-chrono-r4,4,5,balanced,1,18,1,475,475,10000,budget
trec-covid-chrono-r4,4,5,balanced,1,19,1,1153,1153,10000,budget
trec-covid-chrono-r4,4,5,balanced,1,20,1,1239,1239,10000,budget
trec-covid-chrono-r4,4,5,balanced,1,21,1,1457,1457,10000,budget
trec-covid-chrono-r4,4,5,balanced,1,22,1,1657,1657,10000,budget
trec-covid-chrono-r4,4,5,balanced,1,23,1,1675,1675,10000,budget
trec-covid-chrono-r4,4,5,balanced,1,24,1,1827,1827,10000,budget
trec-covid-chrono-r4,4,5,balanced,1,25,1,1855,1855,10000,budget
trec-covid-chrono-r4,4,5,balanced,1,26,1,2373,2373,10000,budget
trec-covid-chrono-r4,4,5,balanced,1,27,1,2429,2429,10000,budget
trec-covid-chrono-r4,4,5,balanced,1,28,1,3015,3015,10000,budget
trec-covid-chrono-r4,4,5,balanced,1,29,1,3015,3015,10000,budget
trec-covid-chrono-r4,4,5,balanced,1,30,1,3015,3015,10000,budget
trec-covid-chrono-r4,4,5,balanced,1,31,1,3017,3017,10000,budget
trec-covid-chrono-r4,4,5,balanced,1,32,1,3017,3017,10000,budget
trec-covid-chrono-r4,4,5,balanced,1,33,1,3017,3017,10000,budget
trec-covid-chrono-r4,4,5,balanced,1,34,1,3017,3017,10000,budget
trec-covid-chrono-r4,4,5,balanced,1,35,1,3017,3017,10000,budget
trec-covid-chrono-r4,4,5,balanced,1,36,1,3017,3017,10000,budget
trec-covid-chrono-r4,4,5,balanced,1,37,1,3017,3017,10000,budget
trec-covid-chrono-r4,4,5,balanced,1,38,1,3017,3017,10000,budget
trec-covid-chrono-r4,4,5,balanced,1,39,1,3017,3017,10000,budget
trec-covid-chrono-r4,4,5,balanced,1,40,1,3017,3017,10000,budget
trec-covid-chrono-r4,4,5,balanced,1,41,1,3806,3806,10000,budget
trec-covid-chrono-r4,4,5,balanced,1,42,1,5456,5456,10000,budget
trec-covid-chrono-r4,4,5,balanced,1,43,0,,10001,10000,budget
trec-covid-chrono-r4,4,5,balanced,1,44,0,,10001,10000,budget
trec-covid-chrono-r4,4,5,balanced,1,45,0,,10001,10000,budget
trec-covid-chrono-r4,4,5,balanced,1,46,0,,10001,10000,budget
trec-covid-chrono-r4,4,5,balanced,1,47,0,,10001,10000,budget
trec-covid-chrono-r4,4,5,balanced,1,48,0,,10001,10000,budget
trec-covid-chrono-r4,4,5,balanced,1,49,0,,10001,10000,budget
trec-covid-chrono-r4,4,5,balanced,1,50,0,,10001,10000,budget
trec-covid-chrono-r4,4,5,balanced,1,51,0,,10001,10000,budget
trec-covid-chrono-r4,4,5,balanced,1,52,0,,10001,10000,budget
trec-covid-chrono-r4,4,5,balanced,1,53,0,,10001,10000,budget
trec-covid-chrono-r4,4,5,balanced,1,54,0,,10001,10000,budget
trec-covid-chrono-r4,4,5,balanced,1,55,0,,10001,10000,budget
trec-covid-chrono-r4,4,5,balanced,1,56,0,,10001,10000,budget
trec-covid-chrono-r4,4,5,balanced,1,57,0,,10001,10000,budget
trec-covid-chrono-r4,4,5,balanced,1,58,0,,10001,10000,budget
trec-covid-chrono-r4,4,5,balanced,1,59,0,,10001,10000,budget
trec-covid-chrono-r4,4,5,balanced,1,60,0,,10001,10000,budget
trec-covid-chrono-r4,4,5,balanced,1,61,0,,10001,10000,budget
trec-covid-chrono-r4,4,5,balanced,1,62,0,,10001,10000,budget
trec-covid-chrono-r4,4,5,balanced,1,63,0,,10001,10000,budget
trec-covid-chrono-r4,4,5,balanced,1,64,0,,10001,10000,budget
trec-covid-chrono-r4,4,5,balanced,1,65,0,,10001,10000,budget
trec-covid-chrono-r4,4,5,balanced,1,66,0,,10001,10000,budget
trec-covid-chrono-r4,4,5,balanced,1,67,0,,10001,10000,budget
trec-covid-chrono-r4,4,5,balanced,1,68,0,,10001,10000,budget
trec-covid-chrono-r4,4,5,balanced,1,69,0,,10001,10000,budget
trec-covid-chrono-r4,4,5,balanced,1,70,0,,10001,10000,budget
trec-covid-chrono-r4,4,5,balanced,1,71,0,,10001,10000,budget
trec-covid-chrono-r4,4,5,balanced,1,72,0,,10001,10000,budget
trec-covid-chrono-r4,4,5,balanced,1,73,0,,10001,10000,budget
trec-covid-chrono-r4,4,5,balanced,1,74,0,,10001,10000,budget
trec-covid-chrono-r4,4,5,balanced,1,75,0,,10001,10000,budget
trec-covid-chrono-r4,4,5,balanced,1,76,0,,10001,10000,budget
trec-covid-chrono-r4,4,5,balanced,1,77,0,,10001,10000,budget
trec-covid-chrono-r4,4,5,balanced,1,78,0,,10001,10000,budget
trec-covid-chrono-r4,4,5,balanced,1,79,0,,10001,10000,budget
trec-covid-chrono-r4,4,5,balanced,1,80,0,,10001,10000,budget
trec-covid-chrono-r4,4,5,balanced,1,81,0,,10001,10000,budget
trec-covid-chrono-r4,4,5,balanced,1,82,0,,10001,10000,budget
trec-covid-chrono-r4,4,5,balanced,1,83,0,,10001,10000,budget
trec-covid-chrono-r4,4,5,balanced,1,84,0,,10001,10000,budget
trec-covid-chrono-r4,4,5,balanced,1,85,0,,10001,10000,budget
trec-covid-chrono-r4,4,5,balanced,1,86,0,,10001,10000,budget
trec-covid-chrono-r4,4,5,balanced,1,87,0,,10001,10000,budget
trec-covid-chrono-r4,4,5,balanced,1,88,0,,10001,10000,budget
trec-covid-chrono-r4,4,5,balanced,1,89,0,,10001,10000,budget
trec-covid-chrono-r4,4,5,balanced,1,90,0,,10001,10000,budget
trec-covid-chrono-r4,4,5,balanced,1,91,0,,10001,10000,budget
trec-covid-chrono-r4,4,5,balanced,1,92,0,,10001,10000,budget
trec-covid-chrono-r4,4,5,balanced,1,93,0,,10001,10000,budget
trec-covid-chrono-r4,4,5,balanced,1,94,0,,10001,10000,budget
trec-covid-chrono-r4,4,5,balanced,1,95,0,,10001,10000,budget
trec-covid-chrono-r4,4,5,balanced,1,96,0,,10001,10000,budget
trec-covid-chrono-r4,4,5,balanced,1,97,0,,10001,10000,budget
trec-covid-chrono-r4,4,5,balanced,1,98,0,,10001,10000,budget
trec-covid-chrono-r4,4,5,balanced,1,99,0,,10001,10000,budget
trec-covid-chrono-r4,4,5,balanced,1,100,0,,10001,10000,budget
trec-covid-chrono-r4,4,5,dibud,64,1,1,128,128,6536,observation_limit
trec-covid-chrono-r4,4,5,dibud,64,2,1,128,128,6536,observation_limit
trec-covid-chrono-r4,4,5,dibud,64,3,1,128,128,6536,observation_limit
trec-covid-chrono-r4,4,5,dibud,64,4,1,128,128,6536,observation_limit
trec-covid-chrono-r4,4,5,dibud,64,5,1,128,128,6536,observation_limit
trec-covid-chrono-r4,4,5,dibud,64,6,1,128,128,6536,observation_limit
trec-covid-chrono-r4,4,5,dibud,64,7,1,128,128,6536,observation_limit
trec-covid-chrono-r4,4,5,dibud,64,8,1,256,256,6536,observation_limit
trec-covid-chrono-r4,4,5,dibud,64,9,1,256,256,6536,observation_limit
trec-covid-chrono-r4,4,5,dibud,64,10,1,256,256,6536,observation_limit
trec-covid-chrono-r4,4,5,dibud,64,11,1,256,256,6536,observation_limit
trec-covid-chrono-r4,4,5,dibud,64,12,1,320,320,6536,observation_limit
trec-covid-chrono-r4,4,5,dibud,64,13,1,320,320,6536,observation_limit
trec-covid-chrono-r4,4,5,dibud,64,14,1,320,320,6536,observation_limit
trec-covid-chrono-r4,4,5,dibud,64,15,1,384,384,6536,observation_limit
trec-covid-chrono-r4,4,5,dibud,64,16,1,384,384,6536,observation_limit
trec-covid-chrono-r4,4,5,dibud,64,17,1,448,448,6536,observation_limit
trec-covid-chrono-r4,4,5,dibud,64,18,1,512,512,6536,observation_limit
trec-covid-chrono-r4,4,5,dibud,64,19,1,1088,1088,6536,observation_limit
trec-covid-chrono-r4,4,5,dibud,64,20,1,1088,1088,6536,observation_limit
trec-covid-chrono-r4,4,5,dibud,64,21,1,1280,1280,6536,observation_limit
trec-covid-chrono-r4,4,5,dibud,64,22,1,1408,1408,6536,observation_limit
trec-covid-chrono-r4,4,5,dibud,64,23,1,1472,1472,6536,observation_limit
trec-covid-chrono-r4,4,5,dibud,64,24,1,1600,1600,6536,observation_limit
trec-covid-chrono-r4,4,5,dibud,64,25,1,1600,1600,6536,observation_limit
trec-covid-chrono-r4,4,5,dibud,64,26,1,1856,1856,6536,observation_limit
trec-covid-chrono-r4,4,5,dibud,64,27,1,1856,1856,6536,observation_limit
trec-covid-chrono-r4,4,5,dibud,64,28,1,2176,2176,6536,observation_limit
trec-covid-chrono-r4,4,5,dibud,64,29,1,2240,2240,6536,observation_limit
trec-covid-chrono-r4,4,5,dibud,64,30,1,2240,2240,6536,observation_limit
trec-covid-chrono-r4,4,5,dibud,64,31,1,2240,2240,6536,observation_limit
trec-covid-chrono-r4,4,5,dibud,64,32,1,2368,2368,6536,observation_limit
trec-covid-chrono-r4,4,5,dibud,64,33,1,2560,2560,6536,observation_limit
trec-covid-chrono-r4,4,5,dibud,64,34,1,2688,2688,6536,observation_limit
trec-covid-chrono-r4,4,5,dibud,64,35,1,2880,2880,6536,observation_limit
trec-covid-chrono-r4,4,5,dibud,64,36,1,2880,2880,6536,observation_limit
trec-covid-chrono-r4,4,5,dibud,64,37,1,2944,2944,6536,observation_limit
trec-covid-chrono-r4,4,5,dibud,64,38,1,3008,3008,6536,observation_limit
trec-covid-chrono-r4,4,5,dibud,64,39,1,3008,3008,6536,observation_limit
trec-covid-chrono-r4,4,5,dibud,64,40,1,3072,3072,6536,observation_limit
trec-covid-chrono-r4,4,5,dibud,64,41,1,3456,3456,6536,observation_limit
trec-covid-chrono-r4,4,5,dibud,64,42,1,4288,4288,6536,observation_limit
trec-covid-chrono-r4,4,5,dibud,64,43,0,,6537,6536,observation_limit
trec-covid-chrono-r4,4,5,dibud,64,44,0,,6537,6536,observation_limit
trec-covid-chrono-r4,4,5,dibud,64,45,0,,6537,6536,observation_limit
trec-covid-chrono-r4,4,5,dibud,64,46,0,,6537,6536,observation_limit
trec-covid-chrono-r4,4,5,dibud,64,47,0,,6537,6536,observation_limit
trec-covid-chrono-r4,4,5,dibud,64,48,0,,6537,6536,observation_limit
trec-covid-chrono-r4,4,5,dibud,64,49,0,,6537,6536,observation_limit
trec-covid-chrono-r4,4,5,dibud,64,50,0,,6537,6536,observation_limit
trec-covid-chrono-r4,4,5,dibud,64,51,0,,6537,6536,observation_limit
trec-covid-chrono-r4,4,5,dibud,64,52,0,,6537,6536,observation_limit
trec-covid-chrono-r4,4,5,dibud,64,53,0,,6537,6536,observation_limit
trec-covid-chrono-r4,4,5,dibud,64,54,0,,6537,6536,observation_limit
trec-covid-chrono-r4,4,5,dibud,64,55,0,,6537,6536,observation_limit
trec-covid-chrono-r4,4,5,dibud,64,56,0,,6537,6536,observation_limit
trec-covid-chrono-r4,4,5,dibud,64,57,0,,6537,6536,observation_limit
trec-covid-chrono-r4,4,5,dibud,64,58,0,,6537,6536,observation_limit
trec-covid-chrono-r4,4,5,dibud,64,59,0,,6537,6536,observation_limit
trec-covid-chrono-r4,4,5,dibud,64,60,0,,6537,6536,observation_limit
trec-covid-chrono-r4,4,5,dibud,64,61,0,,6537,6536,observation_limit
trec-covid-chrono-r4,4,5,dibud,64,62,0,,6537,6536,observation_limit
trec-covid-chrono-r4,4,5,dibud,64,63,0,,6537,6536,observation_limit
trec-covid-chrono-r4,4,5,dibud,64,64,0,,6537,6536,observation_limit
trec-covid-chrono-r4,4,5,dibud,64,65,0,,6537,6536,observation_limit
trec-covid-chrono-r4,4,5,dibud,64,66,0,,6537,6536,observation_limit
trec-covid-chrono-r4,4,5,dibud,64,67,0,,6537,6536,observation_limit
trec-covid-chrono-r4,4,5,dibud,64,68,0,,6537,6536,observation_limit
trec-covid-chrono-r4,4,5,dibud,64,69,0,,6537,6536,observation_limit
trec-covid-chrono-r4,4,5,dibud,64,70,0,,6537,6536,observation_limit
trec-covid-chrono-r4,4,5,dibud,64,71,0,,6537,6536,observation_limit
trec-covid-chrono-r4,4,5,dibud,64,72,0,,6537,6536,observation_limit
trec-covid-chrono-r4,4,5,dibud,64,73,0,,6537,6536,observation_limit
trec-covid-chrono-r4,4,5,dibud,64,74,0,,6537,6536,observation_limit
trec-covid-chrono-r4,4,5,dibud,64,75,0,,6537,6536,observation_limit
trec-covid-chrono-r4,4,5,dibud,64,76,0,,6537,6536,observation_limit
trec-covid-chrono-r4,4,5,dibud,64,77,0,,6537,6536,observation_limit
trec-covid-chrono-r4,4,5,dibud,64,78,0,,6537,6536,observation_limit
trec-covid-chrono-r4,4,5,dibud,64,79,0,,6537,6536,observation_limit
trec-covid-chrono-r4,4,5,dibud,64,80,0,,6537,6536,observation_limit
trec-covid-chrono-r4,4,5,dibud,64,81,0,,6537,6536,observation_limit
trec-covid-chrono-r4,4,5,dibud,64,82,0,,6537,6536,observation_limit
trec-covid-chrono-r4,4,5,dibud,64,83,0,,6537,6536,observation_limit
trec-covid-chrono-r4,4,5,dibud,64,84,0,,6537,6536,observation_limit
trec-covid-chrono-r4,4,5,dibud,64,85,0,,6537,6536,observation_limit
trec-covid-chrono-r4,4,5,dibud,64,86,0,,6537,6536,observation_limit
trec-covid-chrono-r4,4,5,dibud,64,87,0,,6537,6536,observation_limit
trec-covid-chrono-r4,4,5,dibud,64,88,0,,6537,6536,observation_limit
trec-covid-chrono-r4,4,5,dibud,64,89,0,,6537,6536,observation_limit
trec-covid-chrono-r4,4,5,dibud,64,90,0,,6537,6536,observation_limit
trec-covid-chrono-r4,4,5,dibud,64,91,0,,6537,6536,observation_limit
trec-covid-chrono-r4,4,5,dibud,64,92,0,,6537,6536,observation_limit
trec-covid-chrono-r4,4,5,dibud,64,93,0,,6537,6536,observation_limit
trec-covid-chrono-r4,4,5,dibud,64,94,0,,6537,6536,observation_limit
trec-covid-chrono-r4,4,5,dibud,64,95,0,,6537,6536,observation_limit
trec-covid-chrono-r4,4,5,dibud,64,96,0,,6537,6536,observation_limit
trec-covid-chrono-r4,4,5,dibud,64,97,0,,6537,6536,observation_limit
trec-covid-chrono-r4,4,5,dibud,64,98,0,,6537,6536,observation_limit
trec-covid-chrono-r4,4,5,dibud,64,99,0,,6537,6536,observation_limit
trec-covid-chrono-r4,4,5,dibud,64,100,0,,6537,6536,observation_limit
trec-covid-chrono-r4,4,5,balanced,64,1,1,128,128,10000,budget
trec-covid-chrono-r4,4,5,balanced,64,2,1,128,128,10000,budget
trec-covid-chrono-r4,4,5,balanced,64,3,1,128,128,10000,budget
trec-covid-chrono-r4,4,5,balanced,64,4,1,128,128,10000,budget
trec-covid-chrono-r4,4,5,balanced,64,5,1,128,128,10000,budget
trec-covid-chrono-r4,4,5,balanced,64,6,1,128,128,10000,budget
trec-covid-chrono-r4,4,5,balanced,64,7,1,128,128,10000,budget
trec-covid-chrono-r4,4,5,balanced,64,8,1,256,256,10000,budget
trec-covid-chrono-r4,4,5,balanced,64,9,1,256,256,10000,budget
trec-covid-chrono-r4,4,5,balanced,64,10,1,256,256,10000,budget
trec-covid-chrono-r4,4,5,balanced,64,11,1,256,256,10000,budget
trec-covid-chrono-r4,4,5,balanced,64,12,1,320,320,10000,budget
trec-covid-chrono-r4,4,5,balanced,64,13,1,320,320,10000,budget
trec-covid-chrono-r4,4,5,balanced,64,14,1,320,320,10000,budget
trec-covid-chrono-r4,4,5,balanced,64,15,1,384,384,10000,budget
trec-covid-chrono-r4,4,5,balanced,64,16,1,384,384,10000,budget
trec-covid-chrono-r4,4,5,balanced,64,17,1,448,448,10000,budget
trec-covid-chrono-r4,4,5,balanced,64,18,1,512,512,10000,budget
trec-covid-chrono-r4,4,5,balanced,64,19,1,1216,1216,10000,budget
trec-covid-chrono-r4,4,5,balanced,64,20,1,1216,1216,10000,budget
trec-covid-chrono-r4,4,5,balanced,64,21,1,1472,1472,10000,budget
trec-covid-chrono-r4,4,5,balanced,64,22,1,1600,1600,10000,budget
trec-covid-chrono-r4,4,5,balanced,64,23,1,1728,1728,10000,budget
trec-covid-chrono-r4,4,5,balanced,64,24,1,1856,1856,10000,budget
trec-covid-chrono-r4,4,5,balanced,64,25,1,1856,1856,10000,budget
trec-covid-chrono-r4,4,5,balanced,64,26,1,2368,2368,10000,budget
trec-covid-chrono-r4,4,5,balanced,64,27,1,2368,2368,10000,budget
trec-covid-chrono-r4,4,5,balanced,64,28,1,3008,3008,10000,budget
trec-covid-chrono-r4,4,5,balanced,64,29,1,3008,3008,10000,budget
trec-covid-chrono-r4,4,5,balanced,64,30,1,3008,3008,10000,budget
trec-covid-chrono-r4,4,5,balanced,64,31,1,3008,3008,10000,budget
trec-covid-chrono-r4,4,5,balanced,64,32,1,3008,3008,10000,budget
trec-covid-chrono-r4,4,5,balanced,64,33,1,3008,3008,10000,budget
trec-covid-chrono-r4,4,5,balanced,64,34,1,3008,3008,10000,budget
trec-covid-chrono-r4,4,5,balanced,64,35,1,3008,3008,10000,budget
trec-covid-chrono-r4,4,5,balanced,64,36,1,3008,3008,10000,budget
trec-covid-chrono-r4,4,5,balanced,64,37,1,3008,3008,10000,budget
trec-covid-chrono-r4,4,5,balanced,64,38,1,3008,3008,10000,budget
trec-covid-chrono-r4,4,5,balanced,64,39,1,3008,3008,10000,budget
trec-covid-chrono-r4,4,5,balanced,64,40,1,3072,3072,10000,budget
trec-covid-chrono-r4,4,5,balanced,64,41,1,3840,3840,10000,budget
trec-covid-chrono-r4,4,5,balanced,64,42,1,5504,5504,10000,budget
trec-covid-chrono-r4,4,5,balanced,64,43,0,,10001,10000,budget
trec-covid-chrono-r4,4,5,balanced,64,44,0,,10001,10000,budget
trec-covid-chrono-r4,4,5,balanced,64,45,0,,10001,10000,budget
trec-covid-chrono-r4,4,5,balanced,64,46,0,,10001,10000,budget
trec-covid-chrono-r4,4,5,balanced,64,47,0,,10001,10000,budget
trec-covid-chrono-r4,4,5,balanced,64,48,0,,10001,10000,budget
trec-covid-chrono-r4,4,5,balanced,64,49,0,,10001,10000,budget
trec-covid-chrono-r4,4,5,balanced,64,50,0,,10001,10000,budget
trec-covid-chrono-r4,4,5,balanced,64,51,0,,10001,10000,budget
trec-covid-chrono-r4,4,5,balanced,64,52,0,,10001,10000,budget
trec-covid-chrono-r4,4,5,balanced,64,53,0,,10001,10000,budget
trec-covid-chrono-r4,4,5,balanced,64,54,0,,10001,10000,budget
trec-covid-chrono-r4,4,5,balanced,64,55,0,,10001,10000,budget
trec-covid-chrono-r4,4,5,balanced,64,56,0,,10001,10000,budget
trec-covid-chrono-r4,4,5,balanced,64,57,0,,10001,10000,budget
trec-covid-chrono-r4,4,5,balanced,64,58,0,,10001,10000,budget
trec-covid-chrono-r4,4,5,balanced,64,59,0,,10001,10000,budget
trec-covid-chrono-r4,4,5,balanced,64,60,0,,10001,10000,budget
trec-covid-chrono-r4,4,5,balanced,64,61,0,,10001,10000,budget
trec-covid-chrono-r4,4,5,balanced,64,62,0,,10001,10000,budget
trec-covid-chrono-r4,4,5,balanced,64,63,0,,10001,10000,budget
trec-covid-chrono-r4,4,5,balanced,64,64,0,,10001,10000,budget
trec-covid-chrono-r4,4,5,balanced,64,65,0,,10001,10000,budget
trec-covid-chrono-r4,4,5,balanced,64,66,0,,10001,10000,budget
trec-covid-chrono-r4,4,5,balanced,64,67,0,,10001,10000,budget
trec-covid-chrono-r4,4,5,balanced,64,68,0,,10001,10000,budget
trec-covid-chrono-r4,4,5,balanced,64,69,0,,10001,10000,budget
trec-covid-chrono-r4,4,5,balanced,64,70,0,,10001,10000,budget
trec-covid-chrono-r4,4,5,balanced,64,71,0,,10001,10000,budget
trec-covid-chrono-r4,4,5,balanced,64,72,0,,10001,10000,budget
trec-covid-chrono-r4,4,5,balanced,64,73,0,,10001,10000,budget
trec-covid-chrono-r4,4,5,balanced,64,74,0,,10001,10000,budget
trec-covid-chrono-r4,4,5,balanced,64,75,0,,10001,10000,budget
trec-covid-chrono-r4,4,5,balanced,64,76,0,,10001,10000,budget
trec-covid-chrono-r4,4,5,balanced,64,77,0,,10001,10000,budget
trec-covid-chrono-r4,4,5,balanced,64,78,0,,10001,10000,budget
trec-covid-chrono-r4,4,5,balanced,64,79,0,,10001,10000,budget
trec-covid-chrono-r4,4,5,balanced,64,80,0,,10001,10000,budget
trec-covid-chrono-r4,4,5,balanced,64,81,0,,10001,10000,budget
trec-covid-chrono-r4,4,5,balanced,64,82,0,,10001,10000,budget
trec-covid-chrono-r4,4,5,balanced,64,83,0,,10001,10000,budget
trec-covid-chrono-r4,4,5,balanced,64,84,0,,10001,10000,budget
trec-covid-chrono-r4,4,5,balanced,64,85,0,,10001,10000,budget
trec-covid-chrono-r4,4,5,balanced,64,86,0,,10001,10000,budget
trec-covid-chrono-r4,4,5,balanced,64,87,0,,10001,10000,budget
trec-covid-chrono-r4,4,5,balanced,64,88,0,,10001,10000,budget
trec-covid-chrono-r4,4,5,balanced,64,89,0,,10001,10000,budget
trec-covid-chrono-r4,4,5,balanced,64,90,0,,10001,10000,budget
trec-covid-chrono-r4,4,5,balanced,64,91,0,,10001,10000,budget
trec-covid-chrono-r4,4,5,balanced,64,92,0,,10001,10000,budget
trec-covid-chrono-r4,4,5,balanced,64,93,0,,10001,10000,budget
trec-covid-chrono-r4,4,5,balanced,64,94,0,,10001,10000,budget
trec-covid-chrono-r4,4,5,balanced,64,95,0,,10001,10000,budget
trec-covid-chrono-r4,4,5,balanced,64,96,0,,10001,10000,budget
trec-covid-chrono-r4,4,5,balanced,64,97,0,,10001,10000,budget
trec-covid-chrono-r4,4,5,balanced,64,98,0,,10001,10000,budget
trec-covid-chrono-r4,4,5,balanced,64,99,0,,10001,10000,budget
trec-covid-chrono-r4,4,5,balanced,64,100,0,,10001,10000,budget
trec-covid-chrono-r4,4,4,dibud,1,1,1,146,146,7144,observation_limit
trec-covid-chrono-r4,4,4,dibud,1,2,1,240,240,7144,observation_limit
trec-covid-chrono-r4,4,4,dibud,1,3,1,442,442,7144,observation_limit
trec-covid-chrono-r4,4,4,dibud,1,4,1,652,652,7144,observation_limit
trec-covid-chrono-r4,4,4,dibud,1,5,1,765,765,7144,observation_limit
trec-covid-chrono-r4,4,4,dibud,1,6,1,769,769,7144,observation_limit
trec-covid-chrono-r4,4,4,dibud,1,7,1,1388,1388,7144,observation_limit
trec-covid-chrono-r4,4,4,dibud,1,8,1,1481,1481,7144,observation_limit
trec-covid-chrono-r4,4,4,dibud,1,9,1,1686,1686,7144,observation_limit
trec-covid-chrono-r4,4,4,dibud,1,10,1,1724,1724,7144,observation_limit
trec-covid-chrono-r4,4,4,dibud,1,11,1,1979,1979,7144,observation_limit
trec-covid-chrono-r4,4,4,dibud,1,12,1,4252,4252,7144,observation_limit
trec-covid-chrono-r4,4,4,dibud,1,13,1,4337,4337,7144,observation_limit
trec-covid-chrono-r4,4,4,dibud,1,14,1,4496,4496,7144,observation_limit
trec-covid-chrono-r4,4,4,dibud,1,15,1,4497,4497,7144,observation_limit
trec-covid-chrono-r4,4,4,dibud,1,16,1,4497,4497,7144,observation_limit
trec-covid-chrono-r4,4,4,dibud,1,17,1,4840,4840,7144,observation_limit
trec-covid-chrono-r4,4,4,dibud,1,18,1,5960,5960,7144,observation_limit
trec-covid-chrono-r4,4,4,dibud,1,19,1,6767,6767,7144,observation_limit
trec-covid-chrono-r4,4,4,dibud,1,20,0,,7145,7144,observation_limit
trec-covid-chrono-r4,4,4,dibud,1,21,0,,7145,7144,observation_limit
trec-covid-chrono-r4,4,4,dibud,1,22,0,,7145,7144,observation_limit
trec-covid-chrono-r4,4,4,dibud,1,23,0,,7145,7144,observation_limit
trec-covid-chrono-r4,4,4,dibud,1,24,0,,7145,7144,observation_limit
trec-covid-chrono-r4,4,4,dibud,1,25,0,,7145,7144,observation_limit
trec-covid-chrono-r4,4,4,dibud,1,26,0,,7145,7144,observation_limit
trec-covid-chrono-r4,4,4,dibud,1,27,0,,7145,7144,observation_limit
trec-covid-chrono-r4,4,4,dibud,1,28,0,,7145,7144,observation_limit
trec-covid-chrono-r4,4,4,dibud,1,29,0,,7145,7144,observation_limit
trec-covid-chrono-r4,4,4,dibud,1,30,0,,7145,7144,observation_limit
trec-covid-chrono-r4,4,4,dibud,1,31,0,,7145,7144,observation_limit
trec-covid-chrono-r4,4,4,dibud,1,32,0,,7145,7144,observation_limit
trec-covid-chrono-r4,4,4,dibud,1,33,0,,7145,7144,observation_limit
trec-covid-chrono-r4,4,4,dibud,1,34,0,,7145,7144,observation_limit
trec-covid-chrono-r4,4,4,dibud,1,35,0,,7145,7144,observation_limit
trec-covid-chrono-r4,4,4,dibud,1,36,0,,7145,7144,observation_limit
trec-covid-chrono-r4,4,4,dibud,1,37,0,,7145,7144,observation_limit
trec-covid-chrono-r4,4,4,dibud,1,38,0,,7145,7144,observation_limit
trec-covid-chrono-r4,4,4,dibud,1,39,0,,7145,7144,observation_limit
trec-covid-chrono-r4,4,4,dibud,1,40,0,,7145,7144,observation_limit
trec-covid-chrono-r4,4,4,dibud,1,41,0,,7145,7144,observation_limit
trec-covid-chrono-r4,4,4,dibud,1,42,0,,7145,7144,observation_limit
trec-covid-chrono-r4,4,4,dibud,1,43,0,,7145,7144,observation_limit
trec-covid-chrono-r4,4,4,dibud,1,44,0,,7145,7144,observation_limit
trec-covid-chrono-r4,4,4,dibud,1,45,0,,7145,7144,observation_limit
trec-covid-chrono-r4,4,4,dibud,1,46,0,,7145,7144,observation_limit
trec-covid-chrono-r4,4,4,dibud,1,47,0,,7145,7144,observation_limit
trec-covid-chrono-r4,4,4,dibud,1,48,0,,7145,7144,observation_limit
trec-covid-chrono-r4,4,4,dibud,1,49,0,,7145,7144,observation_limit
trec-covid-chrono-r4,4,4,dibud,1,50,0,,7145,7144,observation_limit
trec-covid-chrono-r4,4,4,dibud,1,51,0,,7145,7144,observation_limit
trec-covid-chrono-r4,4,4,dibud,1,52,0,,7145,7144,observation_limit
trec-covid-chrono-r4,4,4,dibud,1,53,0,,7145,7144,observation_limit
trec-covid-chrono-r4,4,4,dibud,1,54,0,,7145,7144,observation_limit
trec-covid-chrono-r4,4,4,dibud,1,55,0,,7145,7144,observation_limit
trec-covid-chrono-r4,4,4,dibud,1,56,0,,7145,7144,observation_limit
trec-covid-chrono-r4,4,4,dibud,1,57,0,,7145,7144,observation_limit
trec-covid-chrono-r4,4,4,dibud,1,58,0,,7145,7144,observation_limit
trec-covid-chrono-r4,4,4,dibud,1,59,0,,7145,7144,observation_limit
trec-covid-chrono-r4,4,4,dibud,1,60,0,,7145,7144,observation_limit
trec-covid-chrono-r4,4,4,dibud,1,61,0,,7145,7144,observation_limit
trec-covid-chrono-r4,4,4,dibud,1,62,0,,7145,7144,observation_limit
trec-covid-chrono-r4,4,4,dibud,1,63,0,,7145,7144,observation_limit
trec-covid-chrono-r4,4,4,dibud,1,64,0,,7145,7144,observation_limit
trec-covid-chrono-r4,4,4,dibud,1,65,0,,7145,7144,observation_limit
trec-covid-chrono-r4,4,4,dibud,1,66,0,,7145,7144,observation_limit
trec-covid-chrono-r4,4,4,dibud,1,67,0,,7145,7144,observation_limit
trec-covid-chrono-r4,4,4,dibud,1,68,0,,7145,7144,observation_limit
trec-covid-chrono-r4,4,4,dibud,1,69,0,,7145,7144,observation_limit
trec-covid-chrono-r4,4,4,dibud,1,70,0,,7145,7144,observation_limit
trec-covid-chrono-r4,4,4,dibud,1,71,0,,7145,7144,observation_limit
trec-covid-chrono-r4,4,4,dibud,1,72,0,,7145,7144,observation_limit
trec-covid-chrono-r4,4,4,dibud,1,73,0,,7145,7144,observation_limit
trec-covid-chrono-r4,4,4,dibud,1,74,0,,7145,7144,observation_limit
trec-covid-chrono-r4,4,4,dibud,1,75,0,,7145,7144,observation_limit
trec-covid-chrono-r4,4,4,dibud,1,76,0,,7145,7144,observation_limit
trec-covid-chrono-r4,4,4,dibud,1,77,0,,7145,7144,observation_limit
trec-covid-chrono-r4,4,4,dibud,1,78,0,,7145,7144,observation_limit
trec-covid-chrono-r4,4,4,dibud,1,79,0,,7145,7144,observation_limit
trec-covid-chrono-r4,4,4,dibud,1,80,0,,7145,7144,observation_limit
trec-covid-chrono-r4,4,4,dibud,1,81,0,,7145,7144,observation_limit
trec-covid-chrono-r4,4,4,dibud,1,82,0,,7145,7144,observation_limit
trec-covid-chrono-r4,4,4,dibud,1,83,0,,7145,7144,observation_limit
trec-covid-chrono-r4,4,4,dibud,1,84,0,,7145,7144,observation_limit
trec-covid-chrono-r4,4,4,dibud,1,85,0,,7145,7144,observation_limit
trec-covid-chrono-r4,4,4,dibud,1,86,0,,7145,7144,observation_limit
trec-covid-chrono-r4,4,4,dibud,1,87,0,,7145,7144,observation_limit
trec-covid-chrono-r4,4,4,dibud,1,88,0,,7145,7144,observation_limit
trec-covid-chrono-r4,4,4,dibud,1,89,0,,7145,7144,observation_limit
trec-covid-chrono-r4,4,4,dibud,1,90,0,,7145,7144,observation_limit
trec-covid-chrono-r4,4,4,dibud,1,91,0,,7145,7144,observation_limit
trec-covid-chrono-r4,4,4,dibud,1,92,0,,7145,7144,observation_limit
trec-covid-chrono-r4,4,4,dibud,1,93,0,,7145,7144,observation_limit
trec-covid-chrono-r4,4,4,dibud,1,94,0,,7145,7144,observation_limit
trec-covid-chrono-r4,4,4,dibud,1,95,0,,7145,7144,observation_limit
trec-covid-chrono-r4,4,4,dibud,1,96,0,,7145,7144,observation_limit
trec-covid-chrono-r4,4,4,dibud,1,97,0,,7145,7144,observation_limit
trec-covid-chrono-r4,4,4,dibud,1,98,0,,7145,7144,observation_limit
trec-covid-chrono-r4,4,4,dibud,1,99,0,,7145,7144,observation_limit
trec-covid-chrono-r4,4,4,dibud,1,100,0,,7145,7144,observation_limit
trec-covid-chrono-r4,4,4,balanced,1,1,1,146,146,10000,budget
trec-covid-chrono-r4,4,4,balanced,1,2,1,240,240,10000,budget
trec-covid-chrono-r4,4,4,balanced,1,3,1,442,442,10000,budget
trec-covid-chrono-r4,4,4,balanced,1,4,1,652,652,10000,budget
trec-covid-chrono-r4,4,4,balanced,1,5,1,765,765,10000,budget
trec-covid-chrono-r4,4,4,balanced,1,6,1,772,772,10000,budget
trec-covid-chrono-r4,4,4,balanced,1,7,1,1682,1682,10000,budget
trec-covid-chrono-r4,4,4,balanced,1,8,1,1810,1810,10000,budget
trec-covid-chrono-r4,4,4,balanced,1,9,1,2100,2100,10000,budget
trec-covid-chrono-r4,4,4,balanced,1,10,1,2176,2176,10000,budget
trec-covid-chrono-r4,4,4,balanced,1,11,1,2686,2686,10000,budget
trec-covid-chrono-r4,4,4,balanced,1,12,1,6778,6778,10000,budget
trec-covid-chrono-r4,4,4,balanced,1,13,1,6778,6778,10000,budget
trec-covid-chrono-r4,4,4,balanced,1,14,1,6778,6778,10000,budget
trec-covid-chrono-r4,4,4,balanced,1,15,1,6780,6780,10000,budget
trec-covid-chrono-r4,4,4,balanced,1,16,1,6780,6780,10000,budget
trec-covid-chrono-r4,4,4,balanced,1,17,1,6780,6780,10000,budget
trec-covid-chrono-r4,4,4,balanced,1,18,1,7944,7944,10000,budget
trec-covid-chrono-r4,4,4,balanced,1,19,1,9246,9246,10000,budget
trec-covid-chrono-r4,4,4,balanced,1,20,0,,10001,10000,budget
trec-covid-chrono-r4,4,4,balanced,1,21,0,,10001,10000,budget
trec-covid-chrono-r4,4,4,balanced,1,22,0,,10001,10000,budget
trec-covid-chrono-r4,4,4,balanced,1,23,0,,10001,10000,budget
trec-covid-chrono-r4,4,4,balanced,1,24,0,,10001,10000,budget
trec-covid-chrono-r4,4,4,balanced,1,25,0,,10001,10000,budget
trec-covid-chrono-r4,4,4,balanced,1,26,0,,10001,10000,budget
trec-covid-chrono-r4,4,4,balanced,1,27,0,,10001,10000,budget
trec-covid-chrono-r4,4,4,balanced,1,28,0,,10001,10000,budget
trec-covid-chrono-r4,4,4,balanced,1,29,0,,10001,10000,budget
trec-covid-chrono-r4,4,4,balanced,1,30,0,,10001,10000,budget
trec-covid-chrono-r4,4,4,balanced,1,31,0,,10001,10000,budget
trec-covid-chrono-r4,4,4,balanced,1,32,0,,10001,10000,budget
trec-covid-chrono-r4,4,4,balanced,1,33,0,,10001,10000,budget
trec-covid-chrono-r4,4,4,balanced,1,34,0,,10001,10000,budget
trec-covid-chrono-r4,4,4,balanced,1,35,0,,10001,10000,budget
trec-covid-chrono-r4,4,4,balanced,1,36,0,,10001,10000,budget
trec-covid-chrono-r4,4,4,balanced,1,37,0,,10001,10000,budget
trec-covid-chrono-r4,4,4,balanced,1,38,0,,10001,10000,budget
trec-covid-chrono-r4,4,4,balanced,1,39,0,,10001,10000,budget
trec-covid-chrono-r4,4,4,balanced,1,40,0,,10001,10000,budget
trec-covid-chrono-r4,4,4,balanced,1,41,0,,10001,10000,budget
trec-covid-chrono-r4,4,4,balanced,1,42,0,,10001,10000,budget
trec-covid-chrono-r4,4,4,balanced,1,43,0,,10001,10000,budget
trec-covid-chrono-r4,4,4,balanced,1,44,0,,10001,10000,budget
trec-covid-chrono-r4,4,4,balanced,1,45,0,,10001,10000,budget
trec-covid-chrono-r4,4,4,balanced,1,46,0,,10001,10000,budget
trec-covid-chrono-r4,4,4,balanced,1,47,0,,10001,10000,budget
trec-covid-chrono-r4,4,4,balanced,1,48,0,,10001,10000,budget
trec-covid-chrono-r4,4,4,balanced,1,49,0,,10001,10000,budget
trec-covid-chrono-r4,4,4,balanced,1,50,0,,10001,10000,budget
trec-covid-chrono-r4,4,4,balanced,1,51,0,,10001,10000,budget
trec-covid-chrono-r4,4,4,balanced,1,52,0,,10001,10000,budget
trec-covid-chrono-r4,4,4,balanced,1,53,0,,10001,10000,budget
trec-covid-chrono-r4,4,4,balanced,1,54,0,,10001,10000,budget
trec-covid-chrono-r4,4,4,balanced,1,55,0,,10001,10000,budget
trec-covid-chrono-r4,4,4,balanced,1,56,0,,10001,10000,budget
trec-covid-chrono-r4,4,4,balanced,1,57,0,,10001,10000,budget
trec-covid-chrono-r4,4,4,balanced,1,58,0,,10001,10000,budget
trec-covid-chrono-r4,4,4,balanced,1,59,0,,10001,10000,budget
trec-covid-chrono-r4,4,4,balanced,1,60,0,,10001,10000,budget
trec-covid-chrono-r4,4,4,balanced,1,61,0,,10001,10000,budget
trec-covid-chrono-r4,4,4,balanced,1,62,0,,10001,10000,budget
trec-covid-chrono-r4,4,4,balanced,1,63,0,,10001,10000,budget
trec-covid-chrono-r4,4,4,balanced,1,64,0,,10001,10000,budget
trec-covid-chrono-r4,4,4,balanced,1,65,0,,10001,10000,budget
trec-covid-chrono-r4,4,4,balanced,1,66,0,,10001,10000,budget
trec-covid-chrono-r4,4,4,balanced,1,67,0,,10001,10000,budget
trec-covid-chrono-r4,4,4,balanced,1,68,0,,10001,10000,budget
trec-covid-chrono-r4,4,4,balanced,1,69,0,,10001,10000,budget
trec-covid-chrono-r4,4,4,balanced,1,70,0,,10001,10000,budget
trec-covid-chrono-r4,4,4,balanced,1,71,0,,10001,10000,budget
trec-covid-chrono-r4,4,4,balanced,1,72,0,,10001,10000,budget
trec-covid-chrono-r4,4,4,balanced,1,73,0,,10001,10000,budget
trec-covid-chrono-r4,4,4,balanced,1,74,0,,10001,10000,budget
trec-covid-chrono-r4,4,4,balanced,1,75,0,,10001,10000,budget
trec-covid-chrono-r4,4,4,balanced,1,76,0,,10001,10000,budget
trec-covid-chrono-r4,4,4,balanced,1,77,0,,10001,10000,budget
trec-covid-chrono-r4,4,4,balanced,1,78,0,,10001,10000,budget
trec-covid-chrono-r4,4,4,balanced,1,79,0,,10001,10000,budget
trec-covid-chrono-r4,4,4,balanced,1,80,0,,10001,10000,budget
trec-covid-chrono-r4,4,4,balanced,1,81,0,,10001,10000,budget
trec-covid-chrono-r4,4,4,balanced,1,82,0,,10001,10000,budget
trec-covid-chrono-r4,4,4,balanced,1,83,0,,10001,10000,budget
trec-covid-chrono-r4,4,4,balanced,1,84,0,,10001,10000,budget
trec-covid-chrono-r4,4,4,balanced,1,85,0,,10001,10000,budget
trec-covid-chrono-r4,4,4,balanced,1,86,0,,10001,10000,budget
trec-covid-chrono-r4,4,4,balanced,1,87,0,,10001,10000,budget
trec-covid-chrono-r4,4,4,balanced,1,88,0,,10001,10000,budget
trec-covid-chrono-r4,4,4,balanced,1,89,0,,10001,10000,budget
trec-covid-chrono-r4,4,4,balanced,1,90,0,,10001,10000,budget
trec-covid-chrono-r4,4,4,balanced,1,91,0,,10001,10000,budget
trec-covid-chrono-r4,4,4,balanced,1,92,0,,10001,10000,budget
trec-covid-chrono-r4,4,4,balanced,1,93,0,,10001,10000,budget
trec-covid-chrono-r4,4,4,balanced,1,94,0,,10001,10000,budget
trec-covid-chrono-r4,4,4,balanced,1,95,0,,10001,10000,budget
trec-covid-chrono-r4,4,4,balanced,1,96,0,,10001,10000,budget
trec-covid-chrono-r4,4,4,balanced,1,97,0,,10001,10000,budget
trec-covid-chrono-r4,4,4,balanced,1,98,0,,10001,10000,budget
trec-covid-chrono-r4,4,4,balanced,1,99,0,,10001,10000,budget
trec-covid-chrono-r4,4,4,balanced,1,100,0,,10001,10000,budget
trec-covid-chrono-r4,4,4,dibud,64,1,1,256,256,7176,observation_limit
trec-covid-chrono-r4,4,4,dibud,64,2,1,256,256,7176,observation_limit
trec-covid-chrono-r4,4,4,dibud,64,3,1,512,512,7176,observation_limit
trec-covid-chrono-r4,4,4,dibud,64,4,1,768,768,7176,observation_limit
trec-covid-chrono-r4,4,4,dibud,64,5,1,768,768,7176,observation_limit
trec-covid-chrono-r4,4,4,dibud,64,6,1,832,832,7176,observation_limit
trec-covid-chrono-r4,4,4,dibud,64,7,1,1472,1472,7176,observation_limit
trec-covid-chrono-r4,4,4,dibud,64,8,1,1536,1536,7176,observation_limit
trec-covid-chrono-r4,4,4,dibud,64,9,1,1728,1728,7176,observation_limit
trec-covid-chrono-r4,4,4,dibud,64,10,1,1728,1728,7176,observation_limit
trec-covid-chrono-r4,4,4,dibud,64,11,1,1984,1984,7176,observation_limit
trec-covid-chrono-r4,4,4,dibud,64,12,1,4288,4288,7176,observation_limit
trec-covid-chrono-r4,4,4,dibud,64,13,1,4352,4352,7176,observation_limit
trec-covid-chrono-r4,4,4,dibud,64,14,1,4544,4544,7176,observation_limit
trec-covid-chrono-r4,4,4,dibud,64,15,1,4544,4544,7176,observation_limit
trec-covid-chrono-r4,4,4,dibud,64,16,1,4544,4544,7176,observation_limit
trec-covid-chrono-r4,4,4,dibud,64,17,1,4864,4864,7176,observation_limit
trec-covid-chrono-r4,4,4,dibud,64,18,1,6080,6080,7176,observation_limit
trec-covid-chrono-r4,4,4,dibud,64,19,1,6848,6848,7176,observation_limit
trec-covid-chrono-r4,4,4,dibud,64,20,0,,7177,7176,observation_limit
trec-covid-chrono-r4,4,4,dibud,64,21,0,,7177,7176,observation_limit
trec-covid-chrono-r4,4,4,dibud,64,22,0,,7177,7176,observation_limit
trec-covid-chrono-r4,4,4,dibud,64,23,0,,7177,7176,observation_limit
trec-covid-chrono-r4,4,4,dibud,64,24,0,,7177,7176,observation_limit
trec-covid-chrono-r4,4,4,dibud,64,25,0,,7177,7176,observation_limit
trec-covid-chrono-r4,4,4,dibud,64,26,0,,7177,7176,observation_limit
trec-covid-chrono-r4,4,4,dibud,64,27,0,,7177,7176,observation_limit
trec-covid-chrono-r4,4,4,dibud,64,28,0,,7177,7176,observation_limit
trec-covid-chrono-r4,4,4,dibud,64,29,0,,7177,7176,observation_limit
trec-covid-chrono-r4,4,4,dibud,64,30,0,,7177,7176,observation_limit
trec-covid-chrono-r4,4,4,dibud,64,31,0,,7177,7176,observation_limit
trec-covid-chrono-r4,4,4,dibud,64,32,0,,7177,7176,observation_limit
trec-covid-chrono-r4,4,4,dibud,64,33,0,,7177,7176,observation_limit
trec-covid-chrono-r4,4,4,dibud,64,34,0,,7177,7176,observation_limit
trec-covid-chrono-r4,4,4,dibud,64,35,0,,7177,7176,observation_limit
trec-covid-chrono-r4,4,4,dibud,64,36,0,,7177,7176,observation_limit
trec-covid-chrono-r4,4,4,dibud,64,37,0,,7177,7176,observation_limit
trec-covid-chrono-r4,4,4,dibud,64,38,0,,7177,7176,observation_limit
trec-covid-chrono-r4,4,4,dibud,64,39,0,,7177,7176,observation_limit
trec-covid-chrono-r4,4,4,dibud,64,40,0,,7177,7176,observation_limit
trec-covid-chrono-r4,4,4,dibud,64,41,0,,7177,7176,observation_limit
trec-covid-chrono-r4,4,4,dibud,64,42,0,,7177,7176,observation_limit
trec-covid-chrono-r4,4,4,dibud,64,43,0,,7177,7176,observation_limit
trec-covid-chrono-r4,4,4,dibud,64,44,0,,7177,7176,observation_limit
trec-covid-chrono-r4,4,4,dibud,64,45,0,,7177,7176,observation_limit
trec-covid-chrono-r4,4,4,dibud,64,46,0,,7177,7176,observation_limit
trec-covid-chrono-r4,4,4,dibud,64,47,0,,7177,7176,observation_limit
trec-covid-chrono-r4,4,4,dibud,64,48,0,,7177,7176,observation_limit
trec-covid-chrono-r4,4,4,dibud,64,49,0,,7177,7176,observation_limit
trec-covid-chrono-r4,4,4,dibud,64,50,0,,7177,7176,observation_limit
trec-covid-chrono-r4,4,4,dibud,64,51,0,,7177,7176,observation_limit
trec-covid-chrono-r4,4,4,dibud,64,52,0,,7177,7176,observation_limit
trec-covid-chrono-r4,4,4,dibud,64,53,0,,7177,7176,observation_limit
trec-covid-chrono-r4,4,4,dibud,64,54,0,,7177,7176,observation_limit
trec-covid-chrono-r4,4,4,dibud,64,55,0,,7177,7176,observation_limit
trec-covid-chrono-r4,4,4,dibud,64,56,0,,7177,7176,observation_limit
trec-covid-chrono-r4,4,4,dibud,64,57,0,,7177,7176,observation_limit
trec-covid-chrono-r4,4,4,dibud,64,58,0,,7177,7176,observation_limit
trec-covid-chrono-r4,4,4,dibud,64,59,0,,7177,7176,observation_limit
trec-covid-chrono-r4,4,4,dibud,64,60,0,,7177,7176,observation_limit
trec-covid-chrono-r4,4,4,dibud,64,61,0,,7177,7176,observation_limit
trec-covid-chrono-r4,4,4,dibud,64,62,0,,7177,7176,observation_limit
trec-covid-chrono-r4,4,4,dibud,64,63,0,,7177,7176,observation_limit
trec-covid-chrono-r4,4,4,dibud,64,64,0,,7177,7176,observation_limit
trec-covid-chrono-r4,4,4,dibud,64,65,0,,7177,7176,observation_limit
trec-covid-chrono-r4,4,4,dibud,64,66,0,,7177,7176,observation_limit
trec-covid-chrono-r4,4,4,dibud,64,67,0,,7177,7176,observation_limit
trec-covid-chrono-r4,4,4,dibud,64,68,0,,7177,7176,observation_limit
trec-covid-chrono-r4,4,4,dibud,64,69,0,,7177,7176,observation_limit
trec-covid-chrono-r4,4,4,dibud,64,70,0,,7177,7176,observation_limit
trec-covid-chrono-r4,4,4,dibud,64,71,0,,7177,7176,observation_limit
trec-covid-chrono-r4,4,4,dibud,64,72,0,,7177,7176,observation_limit
trec-covid-chrono-r4,4,4,dibud,64,73,0,,7177,7176,observation_limit
trec-covid-chrono-r4,4,4,dibud,64,74,0,,7177,7176,observation_limit
trec-covid-chrono-r4,4,4,dibud,64,75,0,,7177,7176,observation_limit
trec-covid-chrono-r4,4,4,dibud,64,76,0,,7177,7176,observation_limit
trec-covid-chrono-r4,4,4,dibud,64,77,0,,7177,7176,observation_limit
trec-covid-chrono-r4,4,4,dibud,64,78,0,,7177,7176,observation_limit
trec-covid-chrono-r4,4,4,dibud,64,79,0,,7177,7176,observation_limit
trec-covid-chrono-r4,4,4,dibud,64,80,0,,7177,7176,observation_limit
trec-covid-chrono-r4,4,4,dibud,64,81,0,,7177,7176,observation_limit
trec-covid-chrono-r4,4,4,dibud,64,82,0,,7177,7176,observation_limit
trec-covid-chrono-r4,4,4,dibud,64,83,0,,7177,7176,observation_limit
trec-covid-chrono-r4,4,4,dibud,64,84,0,,7177,7176,observation_limit
trec-covid-chrono-r4,4,4,dibud,64,85,0,,7177,7176,observation_limit
trec-covid-chrono-r4,4,4,dibud,64,86,0,,7177,7176,observation_limit
trec-covid-chrono-r4,4,4,dibud,64,87,0,,7177,7176,observation_limit
trec-covid-chrono-r4,4,4,dibud,64,88,0,,7177,7176,observation_limit
trec-covid-chrono-r4,4,4,dibud,64,89,0,,7177,7176,observation_limit
trec-covid-chrono-r4,4,4,dibud,64,90,0,,7177,7176,observation_limit
trec-covid-chrono-r4,4,4,dibud,64,91,0,,7177,7176,observation_limit
trec-covid-chrono-r4,4,4,dibud,64,92,0,,7177,7176,observation_limit
trec-covid-chrono-r4,4,4,dibud,64,93,0,,7177,7176,observation_limit
trec-covid-chrono-r4,4,4,dibud,64,94,0,,7177,7176,observation_limit
trec-covid-chrono-r4,4,4,dibud,64,95,0,,7177,7176,observation_limit
trec-covid-chrono-r4,4,4,dibud,64,96,0,,7177,7176,observation_limit
trec-covid-chrono-r4,4,4,dibud,64,97,0,,7177,7176,observation_limit
trec-covid-chrono-r4,4,4,dibud,64,98,0,,7177,7176,observation_limit
trec-covid-chrono-r4,4,4,dibud,64,99,0,,7177,7176,observation_limit
trec-covid-chrono-r4,4,4,dibud,64,100,0,,7177,7176,observation_limit
trec-covid-chrono-r4,4,4,balanced,64,1,1,256,256,10000,budget
trec-covid-chrono-r4,4,4,balanced,64,2,1,256,256,10000,budget
trec-covid-chrono-r4,4,4,balanced,64,3,1,512,512,10000,budget
trec-covid-chrono-r4,4,4,balanced,64,4,1,768,768,10000,budget
trec-covid-chrono-r4,4,4,balanced,64,5,1,768,768,10000,budget
trec-covid-chrono-r4,4,4,balanced,64,6,1,896,896,10000,budget
trec-covid-chrono-r4,4,4,balanced,64,7,1,1792,1792,10000,budget
trec-covid-chrono-r4,4,4,balanced,64,8,1,1920,1920,10000,budget
trec-covid-chrono-r4,4,4,balanced,64,9,1,2176,2176,10000,budget
trec-covid-chrono-r4,4,4,balanced,64,10,1,2176,2176,10000,budget
trec-covid-chrono-r4,4,4,balanced,64,11,1,2688,2688,10000,budget
trec-covid-chrono-r4,4,4,balanced,64,12,1,6784,6784,10000,budget
trec-covid-chrono-r4,4,4,balanced,64,13,1,6784,6784,10000,budget
trec-covid-chrono-r4,4,4,balanced,64,14,1,6784,6784,10000,budget
trec-covid-chrono-r4,4,4,balanced,64,15,1,6784,6784,10000,budget
trec-covid-chrono-r4,4,4,balanced,64,16,1,6784,6784,10000,budget
trec-covid-chrono-r4,4,4,balanced,64,17,1,6784,6784,10000,budget
trec-covid-chrono-r4,4,4,balanced,64,18,1,8064,8064,10000,budget
trec-covid-chrono-r4,4,4,balanced,64,19,1,9344,9344,10000,budget
trec-covid-chrono-r4,4,4,balanced,64,20,0,,10001,10000,budget
trec-covid-chrono-r4,4,4,balanced,64,21,0,,10001,10000,budget
trec-covid-chrono-r4,4,4,balanced,64,22,0,,10001,10000,budget
trec-covid-chrono-r4,4,4,balanced,64,23,0,,10001,10000,budget
trec-covid-chrono-r4,4,4,balanced,64,24,0,,10001,10000,budget
trec-covid-chrono-r4,4,4,balanced,64,25,0,,10001,10000,budget
trec-covid-chrono-r4,4,4,balanced,64,26,0,,10001,10000,budget
trec-covid-chrono-r4,4,4,balanced,64,27,0,,10001,10000,budget
trec-covid-chrono-r4,4,4,balanced,64,28,0,,10001,10000,budget
trec-covid-chrono-r4,4,4,balanced,64,29,0,,10001,10000,budget
trec-covid-chrono-r4,4,4,balanced,64,30,0,,10001,10000,budget
trec-covid-chrono-r4,4,4,balanced,64,31,0,,10001,10000,budget
trec-covid-chrono-r4,4,4,balanced,64,32,0,,10001,10000,budget
trec-covid-chrono-r4,4,4,balanced,64,33,0,,10001,10000,budget
trec-covid-chrono-r4,4,4,balanced,64,34,0,,10001,10000,budget
trec-covid-chrono-r4,4,4,balanced,64,35,0,,10001,10000,budget
trec-covid-chrono-r4,4,4,balanced,64,36,0,,10001,10000,budget
trec-covid-chrono-r4,4,4,balanced,64,37,0,,10001,10000,budget
trec-covid-chrono-r4,4,4,balanced,64,38,0,,10001,10000,budget
trec-covid-chrono-r4,4,4,balanced,64,39,0,,10001,10000,budget
trec-covid-chrono-r4,4,4,balanced,64,40,0,,10001,10000,budget
trec-covid-chrono-r4,4,4,balanced,64,41,0,,10001,10000,budget
trec-covid-chrono-r4,4,4,balanced,64,42,0,,10001,10000,budget
trec-covid-chrono-r4,4,4,balanced,64,43,0,,10001,10000,budget
trec-covid-chrono-r4,4,4,balanced,64,44,0,,10001,10000,budget
trec-covid-chrono-r4,4,4,balanced,64,45,0,,10001,10000,budget
trec-covid-chrono-r4,4,4,balanced,64,46,0,,10001,10000,budget
trec-covid-chrono-r4,4,4,balanced,64,47,0,,10001,10000,budget
trec-covid-chrono-r4,4,4,balanced,64,48,0,,10001,10000,budget
trec-covid-chrono-r4,4,4,balanced,64,49,0,,10001,10000,budget
trec-covid-chrono-r4,4,4,balanced,64,50,0,,10001,10000,budget
trec-covid-chrono-r4,4,4,balanced,64,51,0,,10001,10000,budget
trec-covid-chrono-r4,4,4,balanced,64,52,0,,10001,10000,budget
trec-covid-chrono-r4,4,4,balanced,64,53,0,,10001,10000,budget
trec-covid-chrono-r4,4,4,balanced,64,54,0,,10001,10000,budget
trec-covid-chrono-r4,4,4,balanced,64,55,0,,10001,10000,budget
trec-covid-chrono-r4,4,4,balanced,64,56,0,,10001,10000,budget
trec-covid-chrono-r4,4,4,balanced,64,57,0,,10001,10000,budget
trec-covid-chrono-r4,4,4,balanced,64,58,0,,10001,10000,budget
trec-covid-chrono-r4,4,4,balanced,64,59,0,,10001,10000,budget
trec-covid-chrono-r4,4,4,balanced,64,60,0,,10001,10000,budget
trec-covid-chrono-r4,4,4,balanced,64,61,0,,10001,10000,budget
trec-covid-chrono-r4,4,4,balanced,64,62,0,,10001,10000,budget
trec-covid-chrono-r4,4,4,balanced,64,63,0,,10001,10000,budget
trec-covid-chrono-r4,4,4,balanced,64,64,0,,10001,10000,budget
trec-covid-chrono-r4,4,4,balanced,64,65,0,,10001,10000,budget
trec-covid-chrono-r4,4,4,balanced,64,66,0,,10001,10000,budget
trec-covid-chrono-r4,4,4,balanced,64,67,0,,10001,10000,budget
trec-covid-chrono-r4,4,4,balanced,64,68,0,,10001,10000,budget
trec-covid-chrono-r4,4,4,balanced,64,69,0,,10001,10000,budget
trec-covid-chrono-r4,4,4,balanced,64,70,0,,10001,10000,budget
trec-covid-chrono-r4,4,4,balanced,64,71,0,,10001,10000,budget
trec-covid-chrono-r4,4,4,balanced,64,72,0,,10001,10000,budget
trec-covid-chrono-r4,4,4,balanced,64,73,0,,10001,10000,budget
trec-covid-chrono-r4,4,4,balanced,64,74,0,,10001,10000,budget
trec-covid-chrono-r4,4,4,balanced,64,75,0,,10001,10000,budget
trec-covid-chrono-r4,4,4,balanced,64,76,0,,10001,10000,budget
trec-covid-chrono-r4,4,4,balanced,64,77,0,,10001,10000,budget
trec-covid-chrono-r4,4,4,balanced,64,78,0,,10001,10000,budget
trec-covid-chrono-r4,4,4,balanced,64,79,0,,10001,10000,budget
trec-covid-chrono-r4,4,4,balanced,64,80,0,,10001,10000,budget
trec-covid-chrono-r4,4,4,balanced,64,81,0,,10001,10000,budget
trec-covid-chrono-r4,4,4,balanced,64,82,0,,10001,10000,budget
trec-covid-chrono-r4,4,4,balanced,64,83,0,,10001,10000,budget
trec-covid-chrono-r4,4,4,balanced,64,84,0,,10001,10000,budget
trec-covid-chrono-r4,4,4,balanced,64,85,0,,10001,10000,budget
trec-covid-chrono-r4,4,4,balanced,64,86,0,,10001,10000,budget
trec-covid-chrono-r4,4,4,balanced,64,87,0,,10001,10000,budget
trec-covid-chrono-r4,4,4,balanced,64,88,0,,10001,10000,budget
trec-covid-chrono-r4,4,4,balanced,64,89,0,,10001,10000,budget
trec-covid-chrono-r4,4,4,balanced,64,90,0,,10001,10000,budget
trec-covid-chrono-r4,4,4,balanced,64,91,0,,10001,10000,budget
trec-covid-chrono-r4,4,4,balanced,64,92,0,,10001,10000,budget
trec-covid-chrono-r4,4,4,balanced,64,93,0,,10001,10000,budget
trec-covid-chrono-r4,4,4,balanced,64,94,0,,10001,10000,budget
trec-covid-chrono-r4,4,4,balanced,64,95,0,,10001,10000,budget
trec-covid-chrono-r4,4,4,balanced,64,96,0,,10001,10000,budget
trec-covid-chrono-r4,4,4,balanced,64,97,0,,10001,10000,budget
trec-covid-chrono-r4,4,4,balanced,64,98,0,,10001,10000,budget
trec-covid-chrono-r4,4,4,balanced,64,99,0,,10001,10000,budget
trec-covid-chrono-r4,4,4,balanced,64,100,0,,10001,10000,budget
trec-covid-chrono-r5,5,25,dibud,1,1,1,2,2,5952,observation_limit
trec-covid-chrono-r5,5,25,dibud,1,2,1,4,4,5952,observation_limit
trec-covid-chrono-r5,5,25,dibud,1,3,1,6,6,5952,observation_limit
trec-covid-chrono-r5,5,25,dibud,1,4,1,32,32,5952,observation_limit
trec-covid-chrono-r5,5,25,dibud,1,5,1,43,43,5952,observation_limit
trec-covid-chrono-r5,5,25,dibud,1,6,1,96,96,5952,observation_limit
trec-covid-chrono-r5,5,25,dibud,1,7,1,100,100,5952,observation_limit
trec-covid-chrono-r5,5,25,dibud,1,8,1,104,104,5952,observation_limit
trec-covid-chrono-r5,5,25,dibud,1,9,1,104,104,5952,observation_limit
trec-covid-chrono-r5,5,25,dibud,1,10,1,108,108,5952,observation_limit
trec-covid-chrono-r5,5,25,dibud,1,11,1,111,111,5952,observation_limit
trec-covid-chrono-r5,5,25,dibud,1,12,1,158,158,5952,observation_limit
trec-covid-chrono-r5,5,25,dibud,1,13,1,158,158,5952,observation_limit
trec-covid-chrono-r5,5,25,dibud,1,14,1,225,225,5952,observation_limit
trec-covid-chrono-r5,5,25,dibud,1,15,1,235,235,5952,observation_limit
trec-covid-chrono-r5,5,25,dibud,1,16,1,253,253,5952,observation_limit
trec-covid-chrono-r5,5,25,dibud,1,17,1,398,398,5952,observation_limit
trec-covid-chrono-r5,5,25,dibud,1,18,1,499,499,5952,observation_limit
trec-covid-chrono-r5,5,25,dibud,1,19,1,789,789,5952,observation_limit
trec-covid-chrono-r5,5,25,dibud,1,20,1,861,861,5952,observation_limit
trec-covid-chrono-r5,5,25,dibud,1,21,1,915,915,5952,observation_limit
trec-covid-chrono-r5,5,25,dibud,1,22,1,989,989,5952,observation_limit
trec-covid-chrono-r5,5,25,dibud,1,23,1,1006,1006,5952,observation_limit
trec-covid-chrono-r5,5,25,dibud,1,24,1,1024,1024,5952,observation_limit
trec-covid-chrono-r5,5,25,dibud,1,25,1,1066,1066,5952,observation_limit
trec-covid-chrono-r5,5,25,dibud,1,26,1,1143,1143,5952,observation_limit
trec-covid-chrono-r5,5,25,dibud,1,27,1,1309,1309,5952,observation_limit
trec-covid-chrono-r5,5,25,dibud,1,28,1,1408,1408,5952,observation_limit
trec-covid-chrono-r5,5,25,dibud,1,29,1,1555,1555,5952,observation_limit
trec-covid-chrono-r5,5,25,dibud,1,30,1,1585,1585,5952,observation_limit
trec-covid-chrono-r5,5,25,dibud,1,31,1,4637,4637,5952,observation_limit
trec-covid-chrono-r5,5,25,dibud,1,32,1,4796,4796,5952,observation_limit
trec-covid-chrono-r5,5,25,dibud,1,33,1,4860,4860,5952,observation_limit
trec-covid-chrono-r5,5,25,dibud,1,34,1,4860,4860,5952,observation_limit
trec-covid-chrono-r5,5,25,dibud,1,35,1,4924,4924,5952,observation_limit
trec-covid-chrono-r5,5,25,dibud,1,36,1,4924,4924,5952,observation_limit
trec-covid-chrono-r5,5,25,dibud,1,37,1,4924,4924,5952,observation_limit
trec-covid-chrono-r5,5,25,dibud,1,38,1,4924,4924,5952,observation_limit
trec-covid-chrono-r5,5,25,dibud,1,39,1,4924,4924,5952,observation_limit
trec-covid-chrono-r5,5,25,dibud,1,40,1,4924,4924,5952,observation_limit
trec-covid-chrono-r5,5,25,dibud,1,41,1,4924,4924,5952,observation_limit
trec-covid-chrono-r5,5,25,dibud,1,42,0,,5953,5952,observation_limit
trec-covid-chrono-r5,5,25,dibud,1,43,0,,5953,5952,observation_limit
trec-covid-chrono-r5,5,25,dibud,1,44,0,,5953,5952,observation_limit
trec-covid-chrono-r5,5,25,dibud,1,45,0,,5953,5952,observation_limit
trec-covid-chrono-r5,5,25,dibud,1,46,0,,5953,5952,observation_limit
trec-covid-chrono-r5,5,25,dibud,1,47,0,,5953,5952,observation_limit
trec-covid-chrono-r5,5,25,dibud,1,48,0,,5953,5952,observation_limit
trec-covid-chrono-r5,5,25,dibud,1,49,0,,5953,5952,observation_limit
trec-covid-chrono-r5,5,25,dibud,1,50,0,,5953,5952,observation_limit
trec-covid-chrono-r5,5,25,dibud,1,51,0,,5953,5952,observation_limit
trec-covid-chrono-r5,5,25,dibud,1,52,0,,5953,5952,observation_limit
trec-covid-chrono-r5,5,25,dibud,1,53,0,,5953,5952,observation_limit
trec-covid-chrono-r5,5,25,dibud,1,54,0,,5953,5952,observation_limit
trec-covid-chrono-r5,5,25,dibud,1,55,0,,5953,5952,observation_limit
trec-covid-chrono-r5,5,25,dibud,1,56,0,,5953,5952,observation_limit
trec-covid-chrono-r5,5,25,dibud,1,57,0,,5953,5952,observation_limit
trec-covid-chrono-r5,5,25,dibud,1,58,0,,5953,5952,observation_limit
trec-covid-chrono-r5,5,25,dibud,1,59,0,,5953,5952,observation_limit
trec-covid-chrono-r5,5,25,dibud,1,60,0,,5953,5952,observation_limit
trec-covid-chrono-r5,5,25,dibud,1,61,0,,5953,5952,observation_limit
trec-covid-chrono-r5,5,25,dibud,1,62,0,,5953,5952,observation_limit
trec-covid-chrono-r5,5,25,dibud,1,63,0,,5953,5952,observation_limit
trec-covid-chrono-r5,5,25,dibud,1,64,0,,5953,5952,observation_limit
trec-covid-chrono-r5,5,25,dibud,1,65,0,,5953,5952,observation_limit
trec-covid-chrono-r5,5,25,dibud,1,66,0,,5953,5952,observation_limit
trec-covid-chrono-r5,5,25,dibud,1,67,0,,5953,5952,observation_limit
trec-covid-chrono-r5,5,25,dibud,1,68,0,,5953,5952,observation_limit
trec-covid-chrono-r5,5,25,dibud,1,69,0,,5953,5952,observation_limit
trec-covid-chrono-r5,5,25,dibud,1,70,0,,5953,5952,observation_limit
trec-covid-chrono-r5,5,25,dibud,1,71,0,,5953,5952,observation_limit
trec-covid-chrono-r5,5,25,dibud,1,72,0,,5953,5952,observation_limit
trec-covid-chrono-r5,5,25,dibud,1,73,0,,5953,5952,observation_limit
trec-covid-chrono-r5,5,25,dibud,1,74,0,,5953,5952,observation_limit
trec-covid-chrono-r5,5,25,dibud,1,75,0,,5953,5952,observation_limit
trec-covid-chrono-r5,5,25,dibud,1,76,0,,5953,5952,observation_limit
trec-covid-chrono-r5,5,25,dibud,1,77,0,,5953,5952,observation_limit
trec-covid-chrono-r5,5,25,dibud,1,78,0,,5953,5952,observation_limit
trec-covid-chrono-r5,5,25,dibud,1,79,0,,5953,5952,observation_limit
trec-covid-chrono-r5,5,25,dibud,1,80,0,,5953,5952,observation_limit
trec-covid-chrono-r5,5,25,dibud,1,81,0,,5953,5952,observation_limit
trec-covid-chrono-r5,5,25,dibud,1,82,0,,5953,5952,observation_limit
trec-covid-chrono-r5,5,25,dibud,1,83,0,,5953,5952,observation_limit
trec-covid-chrono-r5,5,25,dibud,1,84,0,,5953,5952,observation_limit
trec-covid-chrono-r5,5,25,dibud,1,85,0,,5953,5952,observation_limit
trec-covid-chrono-r5,5,25,dibud,1,86,0,,5953,5952,observation_limit
trec-covid-chrono-r5,5,25,dibud,1,87,0,,5953,5952,observation_limit
trec-covid-chrono-r5,5,25,dibud,1,88,0,,5953,5952,observation_limit
trec-covid-chrono-r5,5,25,dibud,1,89,0,,5953,5952,observation_limit
trec-covid-chrono-r5,5,25,dibud,1,90,0,,5953,5952,observation_limit
trec-covid-chrono-r5,5,25,dibud,1,91,0,,5953,5952,observation_limit
trec-covid-chrono-r5,5,25,dibud,1,92,0,,5953,5952,observation_limit
trec-covid-chrono-r5,5,25,dibud,1,93,0,,5953,5952,observation_limit
trec-covid-chrono-r5,5,25,dibud,1,94,0,,5953,5952,observation_limit
trec-covid-chrono-r5,5,25,dibud,1,95,0,,5953,5952,observation_limit
trec-covid-chrono-r5,5,25,dibud,1,96,0,,5953,5952,observation_limit
trec-covid-chrono-r5,5,25,dibud,1,97,0,,5953,5952,observation_limit
trec-covid-chrono-r5,5,25,dibud,1,98,0,,5953,5952,observation_limit
trec-covid-chrono-r5,5,25,dibud,1,99,0,,5953,5952,observation_limit
trec-covid-chrono-r5,5,25,dibud,1,100,0,,5953,5952,observation_limit
trec-covid-chrono-r5,5,25,balanced,1,1,1,2,2,10000,budget
trec-covid-chrono-r5,5,25,balanced,1,2,1,4,4,10000,budget
trec-covid-chrono-r5,5,25,balanced,1,3,1,6,6,10000,budget
trec-covid-chrono-r5,5,25,balanced,1,4,1,32,32,10000,budget
trec-covid-chrono-r5,5,25,balanced,1,5,1,39,39,10000,budget
trec-covid-chrono-r5,5,25,balanced,1,6,1,102,102,10000,budget
trec-covid-chrono-r5,5,25,balanced,1,7,1,106,106,10000,budget
trec-covid-chrono-r5,5,25,balanced,1,8,1,110,110,10000,budget
trec-covid-chrono-r5,5,25,balanced,1,9,1,110,110,10000,budget
trec-covid-chrono-r5,5,25,balanced,1,10,1,114,114,10000,budget
trec-covid-chrono-r5,5,25,balanced,1,11,1,118,118,10000,budget
trec-covid-chrono-r5,5,25,balanced,1,12,1,168,168,10000,budget
trec-covid-chrono-r5,5,25,balanced,1,13,1,168,168,10000,budget
trec-covid-chrono-r5,5,25,balanced,1,14,1,240,240,10000,budget
trec-covid-chrono-r5,5,25,balanced,1,15,1,250,250,10000,budget
trec-covid-chrono-r5,5,25,balanced,1,16,1,270,270,10000,budget
trec-covid-chrono-r5,5,25,balanced,1,17,1,430,430,10000,budget
trec-covid-chrono-r5,5,25,balanced,1,18,1,546,546,10000,budget
trec-covid-chrono-r5,5,25,balanced,1,19,1,888,888,10000,budget
trec-covid-chrono-r5,5,25,balanced,1,20,1,976,976,10000,budget
trec-covid-chrono-r5,5,25,balanced,1,21,1,1044,1044,10000,budget
trec-covid-chrono-r5,5,25,balanced,1,22,1,1136,1136,10000,budget
trec-covid-chrono-r5,5,25,balanced,1,23,1,1158,1158,10000,budget
trec-covid-chrono-r5,5,25,balanced,1,24,1,1180,1180,10000,budget
trec-covid-chrono-r5,5,25,balanced,1,25,1,1264,1264,10000,budget
trec-covid-chrono-r5,5,25,balanced,1,26,1,1416,1416,10000,budget
trec-covid-chrono-r5,5,25,balanced,1,27,1,1746,1746,10000,budget
trec-covid-chrono-r5,5,25,balanced,1,28,1,1944,1944,10000,budget
trec-covid-chrono-r5,5,25,balanced,1,29,1,2236,2236,10000,budget
trec-covid-chrono-r5,5,25,balanced,1,30,1,2296,2296,10000,budget
trec-covid-chrono-r5,5,25,balanced,1,31,1,7944,7944,10000,budget
trec-covid-chrono-r5,5,25,balanced,1,32,1,7944,7944,10000,budget
trec-covid-chrono-r5,5,25,balanced,1,33,1,7944,7944,10000,budget
trec-covid-chrono-r5,5,25,balanced,1,34,1,7944,7944,10000,budget
trec-covid-chrono-r5,5,25,balanced,1,35,1,7944,7944,10000,budget
trec-covid-chrono-r5,5,25,balanced,1,36,1,7944,7944,10000,budget
trec-covid-chrono-r5,5,25,balanced,1,37,1,7944,7944,10000,budget
trec-covid-chrono-r5,5,25,balanced,1,38,1,7944,7944,10000,budget
trec-covid-chrono-r5,5,25,balanced,1,39,1,7944,7944,10000,budget
trec-covid-chrono-r5,5,25,balanced,1,40,1,7944,7944,10000,budget
trec-covid-chrono-r5,5,25,balanced,1,41,1,7944,7944,10000,budget
trec-covid-chrono-r5,5,25,balanced,1,42,0,,10001,10000,budget
trec-covid-chrono-r5,5,25,balanced,1,43,0,,10001,10000,budget
trec-covid-chrono-r5,5,25,balanced,1,44,0,,10001,10000,budget
trec-covid-chrono-r5,5,25,balanced,1,45,0,,10001,10000,budget
trec-covid-chrono-r5,5,25,balanced,1,46,0,,10001,10000,budget
trec-covid-chrono-r5,5,25,balanced,1,47,0,,10001,10000,budget
trec-covid-chrono-r5,5,25,balanced,1,48,0,,10001,10000,budget
trec-covid-chrono-r5,5,25,balanced,1,49,0,,10001,10000,budget
trec-covid-chrono-r5,5,25,balanced,1,50,0,,10001,10000,budget
trec-covid-chrono-r5,5,25,balanced,1,51,0,,10001,10000,budget
trec-covid-chrono-r5,5,25,balanced,1,52,0,,10001,10000,budget
trec-covid-chrono-r5,5,25,balanced,1,53,0,,10001,10000,budget
trec-covid-chrono-r5,5,25,balanced,1,54,0,,10001,10000,budget
trec-covid-chrono-r5,5,25,balanced,1,55,0,,10001,10000,budget
trec-covid-chrono-r5,5,25,balanced,1,56,0,,10001,10000,budget
trec-covid-chrono-r5,5,25,balanced,1,57,0,,10001,10000,budget
trec-covid-chrono-r5,5,25,balanced,1,58,0,,10001,10000,budget
trec-covid-chrono-r5,5,25,balanced,1,59,0,,10001,10000,budget
trec-covid-chrono-r5,5,25,balanced,1,60,0,,10001,10000,budget
trec-covid-chrono-r5,5,25,balanced,1,61,0,,10001,10000,budget
trec-covid-chrono-r5,5,25,balanced,1,62,0,,10001,10000,budget
trec-covid-chrono-r5,5,25,balanced,1,63,0,,10001,10000,budget
trec-covid-chrono-r5,5,25,balanced,1,64,0,,10001,10000,budget
trec-covid-chrono-r5,5,25,balanced,1,65,0,,10001,10000,budget
trec-covid-chrono-r5,5,25,balanced,1,66,0,,10001,10000,budget
trec-covid-chrono-r5,5,25,balanced,1,67,0,,10001,10000,budget
trec-covid-chrono-r5,5,25,balanced,1,68,0,,10001,10000,budget
trec-covid-chrono-r5,5,25,balanced,1,69,0,,10001,10000,budget
trec-covid-chrono-r5,5,25,balanced,1,70,0,,10001,10000,budget
trec-covid-chrono-r5,5,25,balanced,1,71,0,,10001,10000,budget
trec-covid-chrono-r5,5,25,balanced,1,72,0,,10001,10000,budget
trec-covid-chrono-r5,5,25,balanced,1,73,0,,10001,10000,budget
trec-covid-chrono-r5,5,25,balanced,1,74,0,,10001,10000,budget
trec-covid-chrono-r5,5,25,balanced,1,75,0,,10001,10000,budget
trec-covid-chrono-r5,5,25,balanced,1,76,0,,10001,10000,budget
trec-covid-chrono-r5,5,25,balanced,1,77,0,,10001,10000,budget
trec-covid-chrono-r5,5,25,balanced,1,78,0,,10001,10000,budget
trec-covid-chrono-r5,5,25,balanced,1,79,0,,10001,10000,budget
trec-covid-chrono-r5,5,25,balanced,1,80,0,,10001,10000,budget
trec-covid-chrono-r5,5,25,balanced,1,81,0,,10001,10000,budget
trec-covid-chrono-r5,5,25,balanced,1,82,0,,10001,10000,budget
trec-covid-chrono-r5,5,25,balanced,1,83,0,,10001,10000,budget
trec-covid-chrono-r5,5,25,balanced,1,84,0,,10001,10000,budget
trec-covid-chrono-r5,5,25,balanced,1,85,0,,10001,10000,budget
trec-covid-chrono-r5,5,25,balanced,1,86,0,,10001,10000,budget
trec-covid-chrono-r5,5,25,balanced,1,87,0,,10001,10000,budget
trec-covid-chrono-r5,5,25,balanced,1,88,0,,10001,10000,budget
trec-covid-chrono-r5,5,25,balanced,1,89,0,,10001,10000,budget
trec-covid-chrono-r5,5,25,balanced,1,90,0,,10001,10000,budget
trec-covid-chrono-r5,5,25,balanced,1,91,0,,10001,10000,budget
trec-covid-chrono-r5,5,25,balanced,1,92,0,,10001,10000,budget
trec-covid-chrono-r5,5,25,balanced,1,93,0,,10001,10000,budget
trec-covid-chrono-r5,5,25,balanced,1,94,0,,10001,10000,budget
trec-covid-chrono-r5,5,25,balanced,1,95,0,,10001,10000,budget
trec-covid-chrono-r5,5,25,balanced,1,96,0,,10001,10000,budget
trec-covid-chrono-r5,5,25,balanced,1,97,0,,10001,10000,budget
trec-covid-chrono-r5,5,25,balanced,1,98,0,,10001,10000,budget
trec-covid-chrono-r5,5,25,balanced,1,99,0,,10001,10000,budget
trec-covid-chrono-r5,5,25,balanced,1,100,0,,10001,10000,budget
trec-covid-chrono-r5,5,25,dibud,64,1,1,128,128,5960,observation_limit
trec-covid-chrono-r5,5,25,dibud,64,2,1,128,128,5960,observation_limit
trec-covid-chrono-r5,5,25,dibud,64,3,1,128,128,5960,observation_limit
trec-covid-chrono-r5,5,25,dibud,64,4,1,128,128,5960,observation_limit
trec-covid-chrono-r5,5,25,dibud,64,5,1,128,128,5960,observation_limit
trec-covid-chrono-r5,5,25,dibud,64,6,1,128,128,5960,observation_limit
trec-covid-chrono-r5,5,25,dibud,64,7,1,128,128,5960,observation_limit
trec-covid-chrono-r5,5,25,dibud,64,8,1,128,128,5960,observation_limit
trec-covid-chrono-r5,5,25,dibud,64,9,1,128,128,5960,observation_limit
trec-covid-chrono-r5,5,25,dibud,64,10,1,128,128,5960,observation_limit
trec-covid-chrono-r5,5,25,dibud,64,11,1,128,128,5960,observation_limit
trec-covid-chrono-r5,5,25,dibud,64,12,1,256,256,5960,observation_limit
trec-covid-chrono-r5,5,25,dibud,64,13,1,256,256,5960,observation_limit
trec-covid-chrono-r5,5,25,dibud,64,14,1,256,256,5960,observation_limit
trec-covid-chrono-r5,5,25,dibud,64,15,1,256,256,5960,observation_limit
trec-covid-chrono-r5,5,25,dibud,64,16,1,320,320,5960,observation_limit
trec-covid-chrono-r5,5,25,dibud,64,17,1,448,448,5960,observation_limit
trec-covid-chrono-r5,5,25,dibud,64,18,1,576,576,5960,observation_limit
trec-covid-chrono-r5,5,25,dibud,64,19,1,832,832,5960,observation_limit
trec-covid-chrono-r5,5,25,dibud,64,20,1,896,896,5960,observation_limit
trec-covid-chrono-r5,5,25,dibud,64,21,1,1024,1024,5960,observation_limit
trec-covid-chrono-r5,5,25,dibud,64,22,1,1024,1024,5960,observation_limit
trec-covid-chrono-r5,5,25,dibud,64,23,1,1088,1088,5960,observation_limit
trec-covid-chrono-r5,5,25,dibud,64,24,1,1088,1088,5960,observation_limit
trec-covid-chrono-r5,5,25,dibud,64,25,1,1088,1088,5960,observation_limit
trec-covid-chrono-r5,5,25,dibud,64,26,1,1216,1216,5960,observation_limit
trec-covid-chrono-r5,5,25,dibud,64,27,1,1344,1344,5960,observation_limit
trec-covid-chrono-r5,5,25,dibud,64,28,1,1472,1472,5960,observation_limit
trec-covid-chrono-r5,5,25,dibud,64,29,1,1600,1600,5960,observation_limit
trec-covid-chrono-r5,5,25,dibud,64,30,1,1600,1600,5960,observation_limit
trec-covid-chrono-r5,5,25,dibud,64,31,1,4736,4736,5960,observation_limit
trec-covid-chrono-r5,5,25,dibud,64,32,1,4864,4864,5960,observation_limit
trec-covid-chrono-r5,5,25,dibud,64,33,1,4928,4928,5960,observation_limit
trec-covid-chrono-r5,5,25,dibud,64,34,1,4928,4928,5960,observation_limit
trec-covid-chrono-r5,5,25,dibud,64,35,1,4992,4992,5960,observation_limit
trec-covid-chrono-r5,5,25,dibud,64,36,1,4992,4992,5960,observation_limit
trec-covid-chrono-r5,5,25,dibud,64,37,1,4992,4992,5960,observation_limit
trec-covid-chrono-r5,5,25,dibud,64,38,1,4992,4992,5960,observation_limit
trec-covid-chrono-r5,5,25,dibud,64,39,1,4992,4992,5960,observation_limit
trec-covid-chrono-r5,5,25,dibud,64,40,1,4992,4992,5960,observation_limit
trec-covid-chrono-r5,5,25,dibud,64,41,1,4992,4992,5960,observation_limit
trec-covid-chrono-r5,5,25,dibud,64,42,0,,5961,5960,observation_limit
trec-covid-chrono-r5,5,25,dibud,64,43,0,,5961,5960,observation_limit
trec-covid-chrono-r5,5,25,dibud,64,44,0,,5961,5960,observation_limit
trec-covid-chrono-r5,5,25,dibud,64,45,0,,5961,5960,observation_limit
trec-covid-chrono-r5,5,25,dibud,64,46,0,,5961,5960,observation_limit
trec-covid-chrono-r5,5,25,dibud,64,47,0,,5961,5960,observation_limit
trec-covid-chrono-r5,5,25,dibud,64,48,0,,5961,5960,observation_limit
trec-covid-chrono-r5,5,25,dibud,64,49,0,,5961,5960,observation_limit
trec-covid-chrono-r5,5,25,dibud,64,50,0,,5961,5960,observation_limit
trec-covid-chrono-r5,5,25,dibud,64,51,0,,5961,5960,observation_limit
trec-covid-chrono-r5,5,25,dibud,64,52,0,,5961,5960,observation_limit
trec-covid-chrono-r5,5,25,dibud,64,53,0,,5961,5960,observation_limit
trec-covid-chrono-r5,5,25,dibud,64,54,0,,5961,5960,observation_limit
trec-covid-chrono-r5,5,25,dibud,64,55,0,,5961,5960,observation_limit
trec-covid-chrono-r5,5,25,dibud,64,56,0,,5961,5960,observation_limit
trec-covid-chrono-r5,5,25,dibud,64,57,0,,5961,5960,observation_limit
trec-covid-chrono-r5,5,25,dibud,64,58,0,,5961,5960,observation_limit
trec-covid-chrono-r5,5,25,dibud,64,59,0,,5961,5960,observation_limit
trec-covid-chrono-r5,5,25,dibud,64,60,0,,5961,5960,observation_limit
trec-covid-chrono-r5,5,25,dibud,64,61,0,,5961,5960,observation_limit
trec-covid-chrono-r5,5,25,dibud,64,62,0,,5961,5960,observation_limit
trec-covid-chrono-r5,5,25,dibud,64,63,0,,5961,5960,observation_limit
trec-covid-chrono-r5,5,25,dibud,64,64,0,,5961,5960,observation_limit
trec-covid-chrono-r5,5,25,dibud,64,65,0,,5961,5960,observation_limit
trec-covid-chrono-r5,5,25,dibud,64,66,0,,5961,5960,observation_limit
trec-covid-chrono-r5,5,25,dibud,64,67,0,,5961,5960,observation_limit
trec-covid-chrono-r5,5,25,dibud,64,68,0,,5961,5960,observation_limit
trec-covid-chrono-r5,5,25,dibud,64,69,0,,5961,5960,observation_limit
trec-covid-chrono-r5,5,25,dibud,64,70,0,,5961,5960,observation_limit
trec-covid-chrono-r5,5,25,dibud,64,71,0,,5961,5960,observation_limit
trec-covid-chrono-r5,5,25,dibud,64,72,0,,5961,5960,observation_limit
trec-covid-chrono-r5,5,25,dibud,64,73,0,,5961,5960,observation_limit
trec-covid-chrono-r5,5,25,dibud,64,74,0,,5961,5960,observation_limit
trec-covid-chrono-r5,5,25,dibud,64,75,0,,5961,5960,observation_limit
trec-covid-chrono-r5,5,25,dibud,64,76,0,,5961,5960,observation_limit
trec-covid-chrono-r5,5,25,dibud,64,77,0,,5961,5960,observation_limit
trec-covid-chrono-r5,5,25,dibud,64,78,0,,5961,5960,observation_limit
trec-covid-chrono-r5,5,25,dibud,64,79,0,,5961,5960,observation_limit
trec-covid-chrono-r5,5,25,dibud,64,80,0,,5961,5960,observation_limit
trec-covid-chrono-r5,5,25,dibud,64,81,0,,5961,5960,observation_limit
trec-covid-chrono-r5,5,25,dibud,64,82,0,,5961,5960,observation_limit
trec-covid-chrono-r5,5,25,dibud,64,83,0,,5961,5960,observation_limit
trec-covid-chrono-r5,5,25,dibud,64,84,0,,5961,5960,observation_limit
trec-covid-chrono-r5,5,25,dibud,64,85,0,,5961,5960,observation_limit
trec-covid-chrono-r5,5,25,dibud,64,86,0,,5961,5960,observation_limit
trec-covid-chrono-r5,5,25,dibud,64,87,0,,5961,5960,observation_limit
trec-covid-chrono-r5,5,25,dibud,64,88,0,,5961,5960,observation_limit
trec-covid-chrono-r5,5,25,dibud,64,89,0,,5961,5960,observation_limit
trec-covid-chrono-r5,5,25,dibud,64,90,0,,5961,5960,observation_limit
trec-covid-chrono-r5,5,25,dibud,64,91,0,,5961,5960,observation_limit
trec-covid-chrono-r5,5,25,dibud,64,92,0,,5961,5960,observation_limit
trec-covid-chrono-r5,5,25,dibud,64,93,0,,5961,5960,observation_limit
trec-covid-chrono-r5,5,25,dibud,64,94,0,,5961,5960,observation_limit
trec-covid-chrono-r5,5,25,dibud,64,95,0,,5961,5960,observation_limit
trec-covid-chrono-r5,5,25,dibud,64,96,0,,5961,5960,observation_limit
trec-covid-chrono-r5,5,25,dibud,64,97,0,,5961,5960,observation_limit
trec-covid-chrono-r5,5,25,dibud,64,98,0,,5961,5960,observation_limit
trec-covid-chrono-r5,5,25,dibud,64,99,0,,5961,5960,observation_limit
trec-covid-chrono-r5,5,25,dibud,64,100,0,,5961,5960,observation_limit
trec-covid-chrono-r5,5,25,balanced,64,1,1,128,128,10000,budget
trec-covid-chrono-r5,5,25,balanced,64,2,1,128,128,10000,budget
trec-covid-chrono-r5,5,25,balanced,64,3,1,128,128,10000,budget
trec-covid-chrono-r5,5,25,balanced,64,4,1,128,128,10000,budget
trec-covid-chrono-r5,5,25,balanced,64,5,1,128,128,10000,budget
trec-covid-chrono-r5,5,25,balanced,64,6,1,128,128,10000,budget
trec-covid-chrono-r5,5,25,balanced,64,7,1,128,128,10000,budget
trec-covid-chrono-r5,5,25,balanced,64,8,1,128,128,10000,budget
trec-covid-chrono-r5,5,25,balanced,64,9,1,128,128,10000,budget
trec-covid-chrono-r5,5,25,balanced,64,10,1,128,128,10000,budget
trec-covid-chrono-r5,5,25,balanced,64,11,1,128,128,10000,budget
trec-covid-chrono-r5,5,25,balanced,64,12,1,256,256,10000,budget
trec-covid-chrono-r5,5,25,balanced,64,13,1,256,256,10000,budget
trec-covid-chrono-r5,5,25,balanced,64,14,1,256,256,10000,budget
trec-covid-chrono-r5,5,25,balanced,64,15,1,256,256,10000,budget
trec-covid-chrono-r5,5,25,balanced,64,16,1,384,384,10000,budget
trec-covid-chrono-r5,5,25,balanced,64,17,1,512,512,10000,budget
trec-covid-chrono-r5,5,25,balanced,64,18,1,640,640,10000,budget
trec-covid-chrono-r5,5,25,balanced,64,19,1,896,896,10000,budget
trec-covid-chrono-r5,5,25,balanced,64,20,1,1024,1024,10000,budget
trec-covid-chrono-r5,5,25,balanced,64,21,1,1152,1152,10000,budget
trec-covid-chrono-r5,5,25,balanced,64,22,1,1152,1152,10000,budget
trec-covid-chrono-r5,5,25,balanced,64,23,1,1280,1280,10000,budget
trec-covid-chrono-r5,5,25,balanced,64,24,1,1280,1280,10000,budget
trec-covid-chrono-r5,5,25,balanced,64,25,1,1280,1280,10000,budget
trec-covid-chrono-r5,5,25,balanced,64,26,1,1536,1536,10000,budget
trec-covid-chrono-r5,5,25,balanced,64,27,1,1792,1792,10000,budget
trec-covid-chrono-r5,5,25,balanced,64,28,1,2048,2048,10000,budget
trec-covid-chrono-r5,5,25,balanced,64,29,1,2304,2304,10000,budget
trec-covid-chrono-r5,5,25,balanced,64,30,1,2304,2304,10000,budget
trec-covid-chrono-r5,5,25,balanced,64,31,1,8064,8064,10000,budget
trec-covid-chrono-r5,5,25,balanced,64,32,1,8064,8064,10000,budget
trec-covid-chrono-r5,5,25,balanced,64,33,1,8064,8064,10000,budget
trec-covid-chrono-r5,5,25,balanced,64,34,1,8064,8064,10000,budget
trec-covid-chrono-r5,5,25,balanced,64,35,1,8064,8064,10000,budget
trec-covid-chrono-r5,5,25,balanced,64,36,1,8064,8064,10000,budget
trec-covid-chrono-r5,5,25,balanced,64,37,1,8064,8064,10000,budget
trec-covid-chrono-r5,5,25,balanced,64,38,1,8064,8064,10000,budget
trec-covid-chrono-r5,5,25,balanced,64,39,1,8064,8064,10000,budget
trec-covid-chrono-r5,5,25,balanced,64,40,1,8064,8064,10000,budget
trec-covid-chrono-r5,5,25,balanced,64,41,1,8064,8064,10000,budget
trec-covid-chrono-r5,5,25,balanced,64,42,0,,10001,10000,budget
trec-covid-chrono-r5,5,25,balanced,64,43,0,,10001,10000,budget
trec-covid-chrono-r5,5,25,balanced,64,44,0,,10001,10000,budget
trec-covid-chrono-r5,5,25,balanced,64,45,0,,10001,10000,budget
trec-covid-chrono-r5,5,25,balanced,64,46,0,,10001,10000,budget
trec-covid-chrono-r5,5,25,balanced,64,47,0,,10001,10000,budget
trec-covid-chrono-r5,5,25,balanced,64,48,0,,10001,10000,budget
trec-covid-chrono-r5,5,25,balanced,64,49,0,,10001,10000,budget
trec-covid-chrono-r5,5,25,balanced,64,50,0,,10001,10000,budget
trec-covid-chrono-r5,5,25,balanced,64,51,0,,10001,10000,budget
trec-covid-chrono-r5,5,25,balanced,64,52,0,,10001,10000,budget
trec-covid-chrono-r5,5,25,balanced,64,53,0,,10001,10000,budget
trec-covid-chrono-r5,5,25,balanced,64,54,0,,10001,10000,budget
trec-covid-chrono-r5,5,25,balanced,64,55,0,,10001,10000,budget
trec-covid-chrono-r5,5,25,balanced,64,56,0,,10001,10000,budget
trec-covid-chrono-r5,5,25,balanced,64,57,0,,10001,10000,budget
trec-covid-chrono-r5,5,25,balanced,64,58,0,,10001,10000,budget
trec-covid-chrono-r5,5,25,balanced,64,59,0,,10001,10000,budget
trec-covid-chrono-r5,5,25,balanced,64,60,0,,10001,10000,budget
trec-covid-chrono-r5,5,25,balanced,64,61,0,,10001,10000,budget
trec-covid-chrono-r5,5,25,balanced,64,62,0,,10001,10000,budget
trec-covid-chrono-r5,5,25,balanced,64,63,0,,10001,10000,budget
trec-covid-chrono-r5,5,25,balanced,64,64,0,,10001,10000,budget
trec-covid-chrono-r5,5,25,balanced,64,65,0,,10001,10000,budget
trec-covid-chrono-r5,5,25,balanced,64,66,0,,10001,10000,budget
trec-covid-chrono-r5,5,25,balanced,64,67,0,,10001,10000,budget
trec-covid-chrono-r5,5,25,balanced,64,68,0,,10001,10000,budget
trec-covid-chrono-r5,5,25,balanced,64,69,0,,10001,10000,budget
trec-covid-chrono-r5,5,25,balanced,64,70,0,,10001,10000,budget
trec-covid-chrono-r5,5,25,balanced,64,71,0,,10001,10000,budget
trec-covid-chrono-r5,5,25,balanced,64,72,0,,10001,10000,budget
trec-covid-chrono-r5,5,25,balanced,64,73,0,,10001,10000,budget
trec-covid-chrono-r5,5,25,balanced,64,74,0,,10001,10000,budget
trec-covid-chrono-r5,5,25,balanced,64,75,0,,10001,10000,budget
trec-covid-chrono-r5,5,25,balanced,64,76,0,,10001,10000,budget
trec-covid-chrono-r5,5,25,balanced,64,77,0,,10001,10000,budget
trec-covid-chrono-r5,5,25,balanced,64,78,0,,10001,10000,budget
trec-covid-chrono-r5,5,25,balanced,64,79,0,,10001,10000,budget
trec-covid-chrono-r5,5,25,balanced,64,80,0,,10001,10000,budget
trec-covid-chrono-r5,5,25,balanced,64,81,0,,10001,10000,budget
trec-covid-chrono-r5,5,25,balanced,64,82,0,,10001,10000,budget
trec-covid-chrono-r5,5,25,balanced,64,83,0,,10001,10000,budget
trec-covid-chrono-r5,5,25,balanced,64,84,0,,10001,10000,budget
trec-covid-chrono-r5,5,25,balanced,64,85,0,,10001,10000,budget
trec-covid-chrono-r5,5,25,balanced,64,86,0,,10001,10000,budget
trec-covid-chrono-r5,5,25,balanced,64,87,0,,10001,10000,budget
trec-covid-chrono-r5,5,25,balanced,64,88,0,,10001,10000,budget
trec-covid-chrono-r5,5,25,balanced,64,89,0,,10001,10000,budget
trec-covid-chrono-r5,5,25,balanced,64,90,0,,10001,10000,budget
trec-covid-chrono-r5,5,25,balanced,64,91,0,,10001,10000,budget
trec-covid-chrono-r5,5,25,balanced,64,92,0,,10001,10000,budget
trec-covid-chrono-r5,5,25,balanced,64,93,0,,10001,10000,budget
trec-covid-chrono-r5,5,25,balanced,64,94,0,,10001,10000,budget
trec-covid-chrono-r5,5,25,balanced,64,95,0,,10001,10000,budget
trec-covid-chrono-r5,5,25,balanced,64,96,0,,10001,10000,budget
trec-covid-chrono-r5,5,25,balanced,64,97,0,,10001,10000,budget
trec-covid-chrono-r5,5,25,balanced,64,98,0,,10001,10000,budget
trec-covid-chrono-r5,5,25,balanced,64,99,0,,10001,10000,budget
trec-covid-chrono-r5,5,25,balanced,64,100,0,,10001,10000,budget
trec-covid-chrono-r5,5,23,dibud,1,1,1,26,26,8484,observation_limit
trec-covid-chrono-r5,5,23,dibud,1,2,1,89,89,8484,observation_limit
trec-covid-chrono-r5,5,23,dibud,1,3,1,104,104,8484,observation_limit
trec-covid-chrono-r5,5,23,dibud,1,4,1,167,167,8484,observation_limit
trec-covid-chrono-r5,5,23,dibud,1,5,1,171,171,8484,observation_limit
trec-covid-chrono-r5,5,23,dibud,1,6,1,291,291,8484,observation_limit
trec-covid-chrono-r5,5,23,dibud,1,7,1,691,691,8484,observation_limit
trec-covid-chrono-r5,5,23,dibud,1,8,1,770,770,8484,observation_limit
trec-covid-chrono-r5,5,23,dibud,1,9,1,849,849,8484,observation_limit
trec-covid-chrono-r5,5,23,dibud,1,10,1,973,973,8484,observation_limit
trec-covid-chrono-r5,5,23,dibud,1,11,1,1012,1012,8484,observation_limit
trec-covid-chrono-r5,5,23,dibud,1,12,1,1155,1155,8484,observation_limit
trec-covid-chrono-r5,5,23,dibud,1,13,1,1421,1421,8484,observation_limit
trec-covid-chrono-r5,5,23,dibud,1,14,1,1720,1720,8484,observation_limit
trec-covid-chrono-r5,5,23,dibud,1,15,1,1729,1729,8484,observation_limit
trec-covid-chrono-r5,5,23,dibud,1,16,1,1749,1749,8484,observation_limit
trec-covid-chrono-r5,5,23,dibud,1,17,1,4200,4200,8484,observation_limit
trec-covid-chrono-r5,5,23,dibud,1,18,1,4353,4353,8484,observation_limit
trec-covid-chrono-r5,5,23,dibud,1,19,1,4577,4577,8484,observation_limit
trec-covid-chrono-r5,5,23,dibud,1,20,1,4670,4670,8484,observation_limit
trec-covid-chrono-r5,5,23,dibud,1,21,1,5282,5282,8484,observation_limit
trec-covid-chrono-r5,5,23,dibud,1,22,1,6965,6965,8484,observation_limit
trec-covid-chrono-r5,5,23,dibud,1,23,1,7419,7419,8484,observation_limit
trec-covid-chrono-r5,5,23,dibud,1,24,0,,8485,8484,observation_limit
trec-covid-chrono-r5,5,23,dibud,1,25,0,,8485,8484,observation_limit
trec-covid-chrono-r5,5,23,dibud,1,26,0,,8485,8484,observation_limit
trec-covid-chrono-r5,5,23,dibud,1,27,0,,8485,8484,observation_limit
trec-covid-chrono-r5,5,23,dibud,1,28,0,,8485,8484,observation_limit
trec-covid-chrono-r5,5,23,dibud,1,29,0,,8485,8484,observation_limit
trec-covid-chrono-r5,5,23,dibud,1,30,0,,8485,8484,observation_limit
trec-covid-chrono-r5,5,23,dibud,1,31,0,,8485,8484,observation_limit
trec-covid-chrono-r5,5,23,dibud,1,32,0,,8485,8484,observation_limit
trec-covid-chrono-r5,5,23,dibud,1,33,0,,8485,8484,observation_limit
trec-covid-chrono-r5,5,23,dibud,1,34,0,,8485,8484,observation_limit
trec-covid-chrono-r5,5,23,dibud,1,35,0,,8485,8484,observation_limit
trec-covid-chrono-r5,5,23,dibud,1,36,0,,8485,8484,observation_limit
trec-covid-chrono-r5,5,23,dibud,1,37,0,,8485,8484,observation_limit
trec-covid-chrono-r5,5,23,dibud,1,38,0,,8485,8484,observation_limit
trec-covid-chrono-r5,5,23,dibud,1,39,0,,8485,8484,observation_limit
trec-covid-chrono-r5,5,23,dibud,1,40,0,,8485,8484,observation_limit
trec-covid-chrono-r5,5,23,dibud,1,41,0,,8485,8484,observation_limit
trec-covid-chrono-r5,5,23,dibud,1,42,0,,8485,8484,observation_limit
trec-covid-chrono-r5,5,23,dibud,1,43,0,,8485,8484,observation_limit
trec-covid-chrono-r5,5,23,dibud,1,44,0,,8485,8484,observation_limit
trec-covid-chrono-r5,5,23,dibud,1,45,0,,8485,8484,observation_limit
trec-covid-chrono-r5,5,23,dibud,1,46,0,,8485,8484,observation_limit
trec-covid-chrono-r5,5,23,dibud,1,47,0,,8485,8484,observation_limit
trec-covid-chrono-r5,5,23,dibud,1,48,0,,8485,8484,observation_limit
trec-covid-chrono-r5,5,23,dibud,1,49,0,,8485,8484,observation_limit
trec-covid-chrono-r5,5,23,dibud,1,50,0,,8485,8484,observation_limit
trec-covid-chrono-r5,5,23,dibud,1,51,0,,8485,8484,observation_limit
trec-covid-chrono-r5,5,23,dibud,1,52,0,,8485,8484,observation_limit
trec-covid-chrono-r5,5,23,dibud,1,53,0,,8485,8484,observation_limit
trec-covid-chrono-r5,5,23,dibud,1,54,0,,8485,8484,observation_limit
trec-covid-chrono-r5,5,23,dibud,1,55,0,,8485,8484,observation_limit
trec-covid-chrono-r5,5,23,dibud,1,56,0,,8485,8484,observation_limit
trec-covid-chrono-r5,5,23,dibud,1,57,0,,8485,8484,observation_limit
trec-covid-chrono-r5,5,23,dibud,1,58,0,,8485,8484,observation_limit
trec-covid-chrono-r5,5,23,dibud,1,59,0,,8485,8484,observation_limit
trec-covid-chrono-r5,5,23,dibud,1,60,0,,8485,8484,observation_limit
trec-covid-chrono-r5,5,23,dibud,1,61,0,,8485,8484,observation_limit
trec-covid-chrono-r5,5,23,dibud,1,62,0,,8485,8484,observation_limit
trec-covid-chrono-r5,5,23,dibud,1,63,0,,8485,8484,observation_limit
trec-covid-chrono-r5,5,23,dibud,1,64,0,,8485,8484,observation_limit
trec-covid-chrono-r5,5,23,dibud,1,65,0,,8485,8484,observation_limit
trec-covid-chrono-r5,5,23,dibud,1,66,0,,8485,8484,observation_limit
trec-covid-chrono-r5,5,23,dibud,1,67,0,,8485,8484,observation_limit
trec-covid-chrono-r5,5,23,dibud,1,68,0,,8485,8484,observation_limit
trec-covid-chrono-r5,5,23,dibud,1,69,0,,8485,8484,observation_limit
trec-covid-chrono-r5,5,23,dibud,1,70,0,,8485,8484,observation_limit
trec-covid-chrono-r5,5,23,dibud,1,71,0,,8485,8484,observation_limit
trec-covid-chrono-r5,5,23,dibud,1,72,0,,8485,8484,observation_limit
trec-covid-chrono-r5,5,23,dibud,1,73,0,,8485,8484,observation_limit
trec-covid-chrono-r5,5,23,dibud,1,74,0,,8485,8484,observation_limit
trec-covid-chrono-r5,5,23,dibud,1,75,0,,8485,8484,observation_limit
trec-covid-chrono-r5,5,23,dibud,1,76,0,,8485,8484,observation_limit
trec-covid-chrono-r5,5,23,dibud,1,77,0,,8485,8484,observation_limit
trec-covid-chrono-r5,5,23,dibud,1,78,0,,8485,8484,observation_limit
trec-covid-chrono-r5,5,23,dibud,1,79,0,,8485,8484,observation_limit
trec-covid-chrono-r5,5,23,dibud,1,80,0,,8485,8484,observation_limit
trec-covid-chrono-r5,5,23,dibud,1,81,0,,8485,8484,observation_limit
trec-covid-chrono-r5,5,23,dibud,1,82,0,,8485,8484,observation_limit
trec-covid-chrono-r5,5,23,dibud,1,83,0,,8485,8484,observation_limit
trec-covid-chrono-r5,5,23,dibud,1,84,0,,8485,8484,observation_limit
trec-covid-chrono-r5,5,23,dibud,1,85,0,,8485,8484,observation_limit
trec-covid-chrono-r5,5,23,dibud,1,86,0,,8485,8484,observation_limit
trec-covid-chrono-r5,5,23,dibud,1,87,0,,8485,8484,observation_limit
trec-covid-chrono-r5,5,23,dibud,1,88,0,,8485,8484,observation_limit
trec-covid-chrono-r5,5,23,dibud,1,89,0,,8485,8484,observation_limit
trec-covid-chrono-r5,5,23,dibud,1,90,0,,8485,8484,observation_limit
trec-covid-chrono-r5,5,23,dibud,1,91,0,,8485,8484,observation_limit
trec-covid-chrono-r5,5,23,dibud,1,92,0,,8485,8484,observation_limit
trec-covid-chrono-r5,5,23,dibud,1,93,0,,8485,8484,observation_limit
trec-covid-chrono-r5,5,23,dibud,1,94,0,,8485,8484,observation_limit
trec-covid-chrono-r5,5,23,dibud,1,95,0,,8485,8484,observation_limit
trec-covid-chrono-r5,5,23,dibud,1,96,0,,8485,8484,observation_limit
trec-covid-chrono-r5,5,23,dibud,1,97,0,,8485,8484,observation_limit
trec-covid-chrono-r5,5,23,dibud,1,98,0,,8485,8484,observation_limit
trec-covid-chrono-r5,5,23,dibud,1,99,0,,8485,8484,observation_limit
trec-covid-chrono-r5,5,23,dibud,1,100,0,,8485,8484,observation_limit
trec-covid-chrono-r5,5,23,balanced,1,1,1,26,26,10000,budget
trec-covid-chrono-r5,5,23,balanced,1,2,1,92,92,10000,budget
trec-covid-chrono-r5,5,23,balanced,1,3,1,108,108,10000,budget
trec-covid-chrono-r5,5,23,balanced,1,4,1,172,172,10000,budget
trec-covid-chrono-r5,5,23,balanced,1,5,1,180,180,10000,budget
trec-covid-chrono-r5,5,23,balanced,1,6,1,324,324,10000,budget
trec-covid-chrono-r5,5,23,balanced,1,7,1,818,818,10000,budget
trec-covid-chrono-r5,5,23,balanced,1,8,1,922,922,10000,budget
trec-covid-chrono-r5,5,23,balanced,1,9,1,1028,1028,10000,budget
trec-covid-chrono-r5,5,23,balanced,1,10,1,1200,1200,10000,budget
trec-covid-chrono-r5,5,23,balanced,1,11,1,1254,1254,10000,budget
trec-covid-chrono-r5,5,23,balanced,1,12,1,1458,1458,10000,budget
trec-covid-chrono-r5,5,23,balanced,1,13,1,1854,1854,10000,budget
trec-covid-chrono-r5,5,23,balanced,1,14,1,2320,2320,10000,budget
trec-covid-chrono-r5,5,23,balanced,1,15,1,2334,2334,10000,budget
trec-covid-chrono-r5,5,23,balanced,1,16,1,2366,2366,10000,budget
trec-covid-chrono-r5,5,23,balanced,1,17,1,6680,6680,10000,budget
trec-covid-chrono-r5,5,23,balanced,1,18,1,6966,6966,10000,budget
trec-covid-chrono-r5,5,23,balanced,1,19,1,6966,6966,10000,budget
trec-covid-chrono-r5,5,23,balanced,1,20,1,6968,6968,10000,budget
trec-covid-chrono-r5,5,23,balanced,1,21,1,6968,6968,10000,budget
trec-covid-chrono-r5,5,23,balanced,1,22,1,6968,6968,10000,budget
trec-covid-chrono-r5,5,23,balanced,1,23,1,7869,7869,10000,budget
trec-covid-chrono-r5,5,23,balanced,1,24,0,,10001,10000,budget
trec-covid-chrono-r5,5,23,balanced,1,25,0,,10001,10000,budget
trec-covid-chrono-r5,5,23,balanced,1,26,0,,10001,10000,budget
trec-covid-chrono-r5,5,23,balanced,1,27,0,,10001,10000,budget
trec-covid-chrono-r5,5,23,balanced,1,28,0,,10001,10000,budget
trec-covid-chrono-r5,5,23,balanced,1,29,0,,10001,10000,budget
trec-covid-chrono-r5,5,23,balanced,1,30,0,,10001,10000,budget
trec-covid-chrono-r5,5,23,balanced,1,31,0,,10001,10000,budget
trec-covid-chrono-r5,5,23,balanced,1,32,0,,10001,10000,budget
trec-covid-chrono-r5,5,23,balanced,1,33,0,,10001,10000,budget
trec-covid-chrono-r5,5,23,balanced,1,34,0,,10001,10000,budget
trec-covid-chrono-r5,5,23,balanced,1,35,0,,10001,10000,budget
trec-covid-chrono-r5,5,23,balanced,1,36,0,,10001,10000,budget
trec-covid-chrono-r5,5,23,balanced,1,37,0,,10001,10000,budget
trec-covid-chrono-r5,5,23,balanced,1,38,0,,10001,10000,budget
trec-covid-chrono-r5,5,23,balanced,1,39,0,,10001,10000,budget
trec-covid-chrono-r5,5,23,balanced,1,40,0,,10001,10000,budget
trec-covid-chrono-r5,5,23,balanced,1,41,0,,10001,10000,budget
trec-covid-chrono-r5,5,23,balanced,1,42,0,,10001,10000,budget
trec-covid-chrono-r5,5,23,balanced,1,43,0,,10001,10000,budget
trec-covid-chrono-r5,5,23,balanced,1,44,0,,10001,10000,budget
trec-covid-chrono-r5,5,23,balanced,1,45,0,,10001,10000,budget
trec-covid-chrono-r5,5,23,balanced,1,46,0,,10001,10000,budget
trec-covid-chrono-r5,5,23,balanced,1,47,0,,10001,10000,budget
trec-covid-chrono-r5,5,23,balanced,1,48,0,,10001,10000,budget
trec-covid-chrono-r5,5,23,balanced,1,49,0,,10001,10000,budget
trec-covid-chrono-r5,5,23,balanced,1,50,0,,10001,10000,budget
trec-covid-chrono-r5,5,23,balanced,1,51,0,,10001,10000,budget
trec-covid-chrono-r5,5,23,balanced,1,52,0,,10001,10000,budget
trec-covid-chrono-r5,5,23,balanced,1,53,0,,10001,10000,budget
trec-covid-chrono-r5,5,23,balanced,1,54,0,,10001,10000,budget
trec-covid-chrono-r5,5,23,balanced,1,55,0,,10001,10000,budget
trec-covid-chrono-r5,5,23,balanced,1,56,0,,10001,10000,budget
trec-covid-chrono-r5,5,23,balanced,1,57,0,,10001,10000,budget
trec-covid-chrono-r5,5,23,balanced,1,58,0,,10001,10000,budget
trec-covid-chrono-r5,5,23,balanced,1,59,0,,10001,10000,budget
trec-covid-chrono-r5,5,23,balanced,1,60,0,,10001,10000,budget
trec-covid-chrono-r5,5,23,balanced,1,61,0,,10001,10000,budget
trec-covid-chrono-r5,5,23,balanced,1,62,0,,10001,10000,budget
trec-covid-chrono-r5,5,23,balanced,1,63,0,,10001,10000,budget
trec-covid-chrono-r5,5,23,balanced,1,64,0,,10001,10000,budget
trec-covid-chrono-r5,5,23,balanced,1,65,0,,10001,10000,budget
trec-covid-chrono-r5,5,23,balanced,1,66,0,,10001,10000,budget
trec-covid-chrono-r5,5,23,balanced,1,67,0,,10001,10000,budget
trec-covid-chrono-r5,5,23,balanced,1,68,0,,10001,10000,budget
trec-covid-chrono-r5,5,23,balanced,1,69,0,,10001,10000,budget
trec-covid-chrono-r5,5,23,balanced,1,70,0,,10001,10000,budget
trec-covid-chrono-r5,5,23,balanced,1,71,0,,10001,10000,budget
trec-covid-chrono-r5,5,23,balanced,1,72,0,,10001,10000,budget
trec-covid-chrono-r5,5,23,balanced,1,73,0,,10001,10000,budget
trec-covid-chrono-r5,5,23,balanced,1,74,0,,10001,10000,budget
trec-covid-chrono-r5,5,23,balanced,1,75,0,,10001,10000,budget
trec-covid-chrono-r5,5,23,balanced,1,76,0,,10001,10000,budget
trec-covid-chrono-r5,5,23,balanced,1,77,0,,10001,10000,budget
trec-covid-chrono-r5,5,23,balanced,1,78,0,,10001,10000,budget
trec-covid-chrono-r5,5,23,balanced,1,79,0,,10001,10000,budget
trec-covid-chrono-r5,5,23,balanced,1,80,0,,10001,10000,budget
trec-covid-chrono-r5,5,23,balanced,1,81,0,,10001,10000,budget
trec-covid-chrono-r5,5,23,balanced,1,82,0,,10001,10000,budget
trec-covid-chrono-r5,5,23,balanced,1,83,0,,10001,10000,budget
trec-covid-chrono-r5,5,23,balanced,1,84,0,,10001,10000,budget
trec-covid-chrono-r5,5,23,balanced,1,85,0,,10001,10000,budget
trec-covid-chrono-r5,5,23,balanced,1,86,0,,10001,10000,budget
trec-covid-chrono-r5,5,23,balanced,1,87,0,,10001,10000,budget
trec-covid-chrono-r5,5,23,balanced,1,88,0,,10001,10000,budget
trec-covid-chrono-r5,5,23,balanced,1,89,0,,10001,10000,budget
trec-covid-chrono-r5,5,23,balanced,1,90,0,,10001,10000,budget
trec-covid-chrono-r5,5,23,balanced,1,91,0,,10001,10000,budget
trec-covid-chrono-r5,5,23,balanced,1,92,0,,10001,10000,budget
trec-covid-chrono-r5,5,23,balanced,1,93,0,,10001,10000,budget
trec-covid-chrono-r5,5,23,balanced,1,94,0,,10001,10000,budget
trec-covid-chrono-r5,5,23,balanced,1,95,0,,10001,10000,budget
trec-covid-chrono-r5,5,23,balanced,1,96,0,,10001,10000,budget
trec-covid-chrono-r5,5,23,balanced,1,97,0,,10001,10000,budget
trec-covid-chrono-r5,5,23,balanced,1,98,0,,10001,10000,budget
trec-covid-chrono-r5,5,23,balanced,1,99,0,,10001,10000,budget
trec-covid-chrono-r5,5,23,balanced,1,100,0,,10001,10000,budget
trec-covid-chrono-r5,5,23,dibud,64,1,1,128,128,8520,observation_limit
trec-covid-chrono-r5,5,23,dibud,64,2,1,128,128,8520,observation_limit
trec-covid-chrono-r5,5,23,dibud,64,3,1,128,128,8520,observation_limit
trec-covid-chrono-r5,5,23,dibud,64,4,1,256,256,8520,observation_limit
trec-covid-chrono-r5,5,23,dibud,64,5,1,256,256,8520,observation_limit
trec-covid-chrono-r5,5,23,dibud,64,6,1,384,384,8520,observation_limit
trec-covid-chrono-r5,5,23,dibud,64,7,1,768,768,8520,observation_limit
trec-covid-chrono-r5,5,23,dibud,64,8,1,832,832,8520,observation_limit
trec-covid-chrono-r5,5,23,dibud,64,9,1,960,960,8520,observation_limit
trec-covid-chrono-r5,5,23,dibud,64,10,1,1024,1024,8520,observation_limit
trec-covid-chrono-r5,5,23,dibud,64,11,1,1088,1088,8520,observation_limit
trec-covid-chrono-r5,5,23,dibud,64,12,1,1216,1216,8520,observation_limit
trec-covid-chrono-r5,5,23,dibud,64,13,1,1472,1472,8520,observation_limit
trec-covid-chrono-r5,5,23,dibud,64,14,1,1792,1792,8520,observation_limit
trec-covid-chrono-r5,5,23,dibud,64,15,1,1792,1792,8520,observation_limit
trec-covid-chrono-r5,5,23,dibud,64,16,1,1792,1792,8520,observation_limit
trec-covid-chrono-r5,5,23,dibud,64,17,1,4288,4288,8520,observation_limit
trec-covid-chrono-r5,5,23,dibud,64,18,1,4416,4416,8520,observation_limit
trec-covid-chrono-r5,5,23,dibud,64,19,1,4672,4672,8520,observation_limit
trec-covid-chrono-r5,5,23,dibud,64,20,1,4736,4736,8520,observation_limit
trec-covid-chrono-r5,5,23,dibud,64,21,1,5376,5376,8520,observation_limit
trec-covid-chrono-r5,5,23,dibud,64,22,1,7040,7040,8520,observation_limit
trec-covid-chrono-r5,5,23,dibud,64,23,1,7488,7488,8520,observation_limit
trec-covid-chrono-r5,5,23,dibud,64,24,0,,8521,8520,observation_limit
trec-covid-chrono-r5,5,23,dibud,64,25,0,,8521,8520,observation_limit
trec-covid-chrono-r5,5,23,dibud,64,26,0,,8521,8520,observation_limit
trec-covid-chrono-r5,5,23,dibud,64,27,0,,8521,8520,observation_limit
trec-covid-chrono-r5,5,23,dibud,64,28,0,,8521,8520,observation_limit
trec-covid-chrono-r5,5,23,dibud,64,29,0,,8521,8520,observation_limit
trec-covid-chrono-r5,5,23,dibud,64,30,0,,8521,8520,observation_limit
trec-covid-chrono-r5,5,23,dibud,64,31,0,,8521,8520,observation_limit
trec-covid-chrono-r5,5,23,dibud,64,32,0,,8521,8520,observation_limit
trec-covid-chrono-r5,5,23,dibud,64,33,0,,8521,8520,observation_limit
trec-covid-chrono-r5,5,23,dibud,64,34,0,,8521,8520,observation_limit
trec-covid-chrono-r5,5,23,dibud,64,35,0,,8521,8520,observation_limit
trec-covid-chrono-r5,5,23,dibud,64,36,0,,8521,8520,observation_limit
trec-covid-chrono-r5,5,23,dibud,64,37,0,,8521,8520,observation_limit
trec-covid-chrono-r5,5,23,dibud,64,38,0,,8521,8520,observation_limit
trec-covid-chrono-r5,5,23,dibud,64,39,0,,8521,8520,observation_limit
trec-covid-chrono-r5,5,23,dibud,64,40,0,,8521,8520,observation_limit
trec-covid-chrono-r5,5,23,dibud,64,41,0,,8521,8520,observation_limit
trec-covid-chrono-r5,5,23,dibud,64,42,0,,8521,8520,observation_limit
trec-covid-chrono-r5,5,23,dibud,64,43,0,,8521,8520,observation_limit
trec-covid-chrono-r5,5,23,dibud,64,44,0,,8521,8520,observation_limit
trec-covid-chrono-r5,5,23,dibud,64,45,0,,8521,8520,observation_limit
trec-covid-chrono-r5,5,23,dibud,64,46,0,,8521,8520,observation_limit
trec-covid-chrono-r5,5,23,dibud,64,47,0,,8521,8520,observation_limit
trec-covid-chrono-r5,5,23,dibud,64,48,0,,8521,8520,observation_limit
trec-covid-chrono-r5,5,23,dibud,64,49,0,,8521,8520,observation_limit
trec-covid-chrono-r5,5,23,dibud,64,50,0,,8521,8520,observation_limit
trec-covid-chrono-r5,5,23,dibud,64,51,0,,8521,8520,observation_limit
trec-covid-chrono-r5,5,23,dibud,64,52,0,,8521,8520,observation_limit
trec-covid-chrono-r5,5,23,dibud,64,53,0,,8521,8520,observation_limit
trec-covid-chrono-r5,5,23,dibud,64,54,0,,8521,8520,observation_limit
trec-covid-chrono-r5,5,23,dibud,64,55,0,,8521,8520,observation_limit
trec-covid-chrono-r5,5,23,dibud,64,56,0,,8521,8520,observation_limit
trec-covid-chrono-r5,5,23,dibud,64,57,0,,8521,8520,observation_limit
trec-covid-chrono-r5,5,23,dibud,64,58,0,,8521,8520,observation_limit
trec-covid-chrono-r5,5,23,dibud,64,59,0,,8521,8520,observation_limit
trec-covid-chrono-r5,5,23,dibud,64,60,0,,8521,8520,observation_limit
trec-covid-chrono-r5,5,23,dibud,64,61,0,,8521,8520,observation_limit
trec-covid-chrono-r5,5,23,dibud,64,62,0,,8521,8520,observation_limit
trec-covid-chrono-r5,5,23,dibud,64,63,0,,8521,8520,observation_limit
trec-covid-chrono-r5,5,23,dibud,64,64,0,,8521,8520,observation_limit
trec-covid-chrono-r5,5,23,dibud,64,65,0,,8521,8520,observation_limit
trec-covid-chrono-r5,5,23,dibud,64,66,0,,8521,8520,observation_limit
trec-covid-chrono-r5,5,23,dibud,64,67,0,,8521,8520,observation_limit
trec-covid-chrono-r5,5,23,dibud,64,68,0,,8521,8520,observation_limit
trec-covid-chrono-r5,5,23,dibud,64,69,0,,8521,8520,observation_limit
trec-covid-chrono-r5,5,23,dibud,64,70,0,,8521,8520,observation_limit
trec-covid-chrono-r5,5,23,dibud,64,71,0,,8521,8520,observation_limit
trec-covid-chrono-r5,5,23,dibud,64,72,0,,8521,8520,observation_limit
trec-covid-chrono-r5,5,23,dibud,64,73,0,,8521,8520,observation_limit
trec-covid-chrono-r5,5,23,dibud,64,74,0,,8521,8520,observation_limit
trec-covid-chrono-r5,5,23,dibud,64,75,0,,8521,8520,observation_limit
trec-covid-chrono-r5,5,23,dibud,64,76,0,,8521,8520,observation_limit
trec-covid-chrono-r5,5,23,dibud,64,77,0,,8521,8520,observation_limit
trec-covid-chrono-r5,5,23,dibud,64,78,0,,8521,8520,observation_limit
trec-covid-chrono-r5,5,23,dibud,64,79,0,,8521,8520,observation_limit
trec-covid-chrono-r5,5,23,dibud,64,80,0,,8521,8520,observation_limit
trec-covid-chrono-r5,5,23,dibud,64,81,0,,8521,8520,observation_limit
trec-covid-chrono-r5,5,23,dibud,64,82,0,,8521,8520,observation_limit
trec-covid-chrono-r5,5,23,dibud,64,83,0,,8521,8520,observation_limit
trec-covid-chrono-r5,5,23,dibud,64,84,0,,8521,8520,observation_limit
trec-covid-chrono-r5,5,23,dibud,64,85,0,,8521,8520,observation_limit
trec-covid-chrono-r5,5,23,dibud,64,86,0,,8521,8520,observation_limit
trec-covid-chrono-r5,5,23,dibud,64,87,0,,8521,8520,observation_limit
trec-covid-chrono-r5,5,23,dibud,64,88,0,,8521,8520,observation_limit
trec-covid-chrono-r5,5,23,dibud,64,89,0,,8521,8520,observation_limit
trec-covid-chrono-r5,5,23,dibud,64,90,0,,8521,8520,observation_limit
trec-covid-chrono-r5,5,23,dibud,64,91,0,,8521,8520,observation_limit
trec-covid-chrono-r5,5,23,dibud,64,92,0,,8521,8520,observation_limit
trec-covid-chrono-r5,5,23,dibud,64,93,0,,8521,8520,observation_limit
trec-covid-chrono-r5,5,23,dibud,64,94,0,,8521,8520,observation_limit
trec-covid-chrono-r5,5,23,dibud,64,95,0,,8521,8520,observation_limit
trec-covid-chrono-r5,5,23,dibud,64,96,0,,8521,8520,observation_limit
trec-covid-chrono-r5,5,23,dibud,64,97,0,,8521,8520,observation_limit
trec-covid-chrono-r5,5,23,dibud,64,98,0,,8521,8520,observation_limit
trec-covid-chrono-r5,5,23,dibud,64,99,0,,8521,8520,observation_limit
trec-covid-chrono-r5,5,23,dibud,64,100,0,,8521,8520,observation_limit
trec-covid-chrono-r5,5,23,balanced,64,1,1,128,128,10000,budget
trec-covid-chrono-r5,5,23,balanced,64,2,1,128,128,10000,budget
trec-covid-chrono-r5,5,23,balanced,64,3,1,128,128,10000,budget
trec-covid-chrono-r5,5,23,balanced,64,4,1,256,256,10000,budget
trec-covid-chrono-r5,5,23,balanced,64,5,1,256,256,10000,budget
trec-covid-chrono-r5,5,23,balanced,64,6,1,384,384,10000,budget
trec-covid-chrono-r5,5,23,balanced,64,7,1,896,896,10000,budget
trec-covid-chrono-r5,5,23,balanced,64,8,1,1024,1024,10000,budget
trec-covid-chrono-r5,5,23,balanced,64,9,1,1152,1152,10000,budget
trec-covid-chrono-r5,5,23,balanced,64,10,1,1280,1280,10000,budget
trec-covid-chrono-r5,5,23,balanced,64,11,1,1280,1280,10000,budget
trec-covid-chrono-r5,5,23,balanced,64,12,1,1536,1536,10000,budget
trec-covid-chrono-r5,5,23,balanced,64,13,1,1920,1920,10000,budget
trec-covid-chrono-r5,5,23,balanced,64,14,1,2432,2432,10000,budget
trec-covid-chrono-r5,5,23,balanced,64,15,1,2432,2432,10000,budget
trec-covid-chrono-r5,5,23,balanced,64,16,1,2432,2432,10000,budget
trec-covid-chrono-r5,5,23,balanced,64,17,1,6784,6784,10000,budget
trec-covid-chrono-r5,5,23,balanced,64,18,1,7040,7040,10000,budget
trec-covid-chrono-r5,5,23,balanced,64,19,1,7040,7040,10000,budget
trec-covid-chrono-r5,5,23,balanced,64,20,1,7040,7040,10000,budget
trec-covid-chrono-r5,5,23,balanced,64,21,1,7040,7040,10000,budget
trec-covid-chrono-r5,5,23,balanced,64,22,1,7040,7040,10000,budget
trec-covid-chrono-r5,5,23,balanced,64,23,1,7872,7872,10000,budget
trec-covid-chrono-r5,5,23,balanced,64,24,0,,10001,10000,budget
trec-covid-chrono-r5,5,23,balanced,64,25,0,,10001,10000,budget
trec-covid-chrono-r5,5,23,balanced,64,26,0,,10001,10000,budget
trec-covid-chrono-r5,5,23,balanced,64,27,0,,10001,10000,budget
trec-covid-chrono-r5,5,23,balanced,64,28,0,,10001,10000,budget
trec-covid-chrono-r5,5,23,balanced,64,29,0,,10001,10000,budget
trec-covid-chrono-r5,5,23,balanced,64,30,0,,10001,10000,budget
trec-covid-chrono-r5,5,23,balanced,64,31,0,,10001,10000,budget
trec-covid-chrono-r5,5,23,balanced,64,32,0,,10001,10000,budget
trec-covid-chrono-r5,5,23,balanced,64,33,0,,10001,10000,budget
trec-covid-chrono-r5,5,23,balanced,64,34,0,,10001,10000,budget
trec-covid-chrono-r5,5,23,balanced,64,35,0,,10001,10000,budget
trec-covid-chrono-r5,5,23,balanced,64,36,0,,10001,10000,budget
trec-covid-chrono-r5,5,23,balanced,64,37,0,,10001,10000,budget
trec-covid-chrono-r5,5,23,balanced,64,38,0,,10001,10000,budget
trec-covid-chrono-r5,5,23,balanced,64,39,0,,10001,10000,budget
trec-covid-chrono-r5,5,23,balanced,64,40,0,,10001,10000,budget
trec-covid-chrono-r5,5,23,balanced,64,41,0,,10001,10000,budget
trec-covid-chrono-r5,5,23,balanced,64,42,0,,10001,10000,budget
trec-covid-chrono-r5,5,23,balanced,64,43,0,,10001,10000,budget
trec-covid-chrono-r5,5,23,balanced,64,44,0,,10001,10000,budget
trec-covid-chrono-r5,5,23,balanced,64,45,0,,10001,10000,budget
trec-covid-chrono-r5,5,23,balanced,64,46,0,,10001,10000,budget
trec-covid-chrono-r5,5,23,balanced,64,47,0,,10001,10000,budget
trec-covid-chrono-r5,5,23,balanced,64,48,0,,10001,10000,budget
trec-covid-chrono-r5,5,23,balanced,64,49,0,,10001,10000,budget
trec-covid-chrono-r5,5,23,balanced,64,50,0,,10001,10000,budget
trec-covid-chrono-r5,5,23,balanced,64,51,0,,10001,10000,budget
trec-covid-chrono-r5,5,23,balanced,64,52,0,,10001,10000,budget
trec-covid-chrono-r5,5,23,balanced,64,53,0,,10001,10000,budget
trec-covid-chrono-r5,5,23,balanced,64,54,0,,10001,10000,budget
trec-covid-chrono-r5,5,23,balanced,64,55,0,,10001,10000,budget
trec-covid-chrono-r5,5,23,balanced,64,56,0,,10001,10000,budget
trec-covid-chrono-r5,5,23,balanced,64,57,0,,10001,10000,budget
trec-covid-chrono-r5,5,23,balanced,64,58,0,,10001,10000,budget
trec-covid-chrono-r5,5,23,balanced,64,59,0,,10001,10000,budget
trec-covid-chrono-r5,5,23,balanced,64,60,0,,10001,10000,budget
trec-covid-chrono-r5,5,23,balanced,64,61,0,,10001,10000,budget
trec-covid-chrono-r5,5,23,balanced,64,62,0,,10001,10000,budget
trec-covid-chrono-r5,5,23,balanced,64,63,0,,10001,10000,budget
trec-covid-chrono-r5,5,23,balanced,64,64,0,,10001,10000,budget
trec-covid-chrono-r5,5,23,balanced,64,65,0,,10001,10000,budget
trec-covid-chrono-r5,5,23,balanced,64,66,0,,10001,10000,budget
trec-covid-chrono-r5,5,23,balanced,64,67,0,,10001,10000,budget
trec-covid-chrono-r5,5,23,balanced,64,68,0,,10001,10000,budget
trec-covid-chrono-r5,5,23,balanced,64,69,0,,10001,10000,budget
trec-covid-chrono-r5,5,23,balanced,64,70,0,,10001,10000,budget
trec-covid-chrono-r5,5,23,balanced,64,71,0,,10001,10000,budget
trec-covid-chrono-r5,5,23,balanced,64,72,0,,10001,10000,budget
trec-covid-chrono-r5,5,23,balanced,64,73,0,,10001,10000,budget
trec-covid-chrono-r5,5,23,balanced,64,74,0,,10001,10000,budget
trec-covid-chrono-r5,5,23,balanced,64,75,0,,10001,10000,budget
trec-covid-chrono-r5,5,23,balanced,64,76,0,,10001,10000,budget
trec-covid-chrono-r5,5,23,balanced,64,77,0,,10001,10000,budget
trec-covid-chrono-r5,5,23,balanced,64,78,0,,10001,10000,budget
trec-covid-chrono-r5,5,23,balanced,64,79,0,,10001,10000,budget
trec-covid-chrono-r5,5,23,balanced,64,80,0,,10001,10000,budget
trec-covid-chrono-r5,5,23,balanced,64,81,0,,10001,10000,budget
trec-covid-chrono-r5,5,23,balanced,64,82,0,,10001,10000,budget
trec-covid-chrono-r5,5,23,balanced,64,83,0,,10001,10000,budget
trec-covid-chrono-r5,5,23,balanced,64,84,0,,10001,10000,budget
trec-covid-chrono-r5,5,23,balanced,64,85,0,,10001,10000,budget
trec-covid-chrono-r5,5,23,balanced,64,86,0,,10001,10000,budget
trec-covid-chrono-r5,5,23,balanced,64,87,0,,10001,10000,budget
trec-covid-chrono-r5,5,23,balanced,64,88,0,,10001,10000,budget
trec-covid-chrono-r5,5,23,balanced,64,89,0,,10001,10000,budget
trec-covid-chrono-r5,5,23,balanced,64,90,0,,10001,10000,budget
trec-covid-chrono-r5,5,23,balanced,64,91,0,,10001,10000,budget
trec-covid-chrono-r5,5,23,balanced,64,92,0,,10001,10000,budget
trec-covid-chrono-r5,5,23,balanced,64,93,0,,10001,10000,budget
trec-covid-chrono-r5,5,23,balanced,64,94,0,,10001,10000,budget
trec-covid-chrono-r5,5,23,balanced,64,95,0,,10001,10000,budget
trec-covid-chrono-r5,5,23,balanced,64,96,0,,10001,10000,budget
trec-covid-chrono-r5,5,23,balanced,64,97,0,,10001,10000,budget
trec-covid-chrono-r5,5,23,balanced,64,98,0,,10001,10000,budget
trec-covid-chrono-r5,5,23,balanced,64,99,0,,10001,10000,budget
trec-covid-chrono-r5,5,23,balanced,64,100,0,,10001,10000,budget
