dataset,query_id,policy,batch,complete20,last_k,last_cost,terminal_accesses,unresolved_accesses,max_gap,max_gap_rank,max_share,k_at25,k_at50,k_at75
msmarco-passage-trec-dl-2019,1037798,balanced,1,1,20,55633.0,55633,0.0,41101.0,20,0.7387881293476893,13,19,19
msmarco-passage-trec-dl-2019,1037798,balanced,64,1,20,55696.0,55696,0.0,41152.0,20,0.7388681413386958,13,19,19
msmarco-passage-trec-dl-2019,1037798,dibud,1,1,20,35083.0,35083,0.0,21736.0,20,0.6195593307299831,13,19,19
msmarco-passage-trec-dl-2019,1037798,dibud,64,1,20,35152.0,35152,0.0,21760.0,20,0.6190259444697315,13,19,19
msmarco-passage-trec-dl-2019,104861,balanced,1,1,20,551.0,10000,9449.0,112.0,1,0.20326678765880218,2,6,12
msmarco-passage-trec-dl-2019,104861,balanced,64,1,20,576.0,10000,9424.0,128.0,1,0.2222222222222222,1,4,10
msmarco-passage-trec-dl-2019,104861,dibud,1,1,20,475.0,10000,9525.0,112.0,1,0.23578947368421052,1,3,9
msmarco-passage-trec-dl-2019,104861,dibud,64,1,20,576.0,10000,9424.0,128.0,1,0.2222222222222222,1,4,10
msmarco-passage-trec-dl-2019,1063750,balanced,1,1,20,42488.0,42488,0.0,35296.0,18,0.8307286763321409,17,17,17
msmarco-passage-trec-dl-2019,1063750,balanced,64,1,20,42448.0,42448,0.0,35152.0,18,0.8281191104410102,17,17,17
msmarco-passage-trec-dl-2019,1063750,dibud,1,1,20,26409.0,26409,0.0,18970.0,18,0.7183157256995721,17,17,17
msmarco-passage-trec-dl-2019,1063750,dibud,64,1,20,26448.0,26448,0.0,18896.0,18,0.7144585601935874,17,17,17
msmarco-passage-trec-dl-2019,1103812,balanced,1,1,20,6222.0,10000,3778.0,3264.0,14,0.5245901639344263,13,13,13
msmarco-passage-trec-dl-2019,1103812,balanced,64,1,20,6272.0,10000,3728.0,3328.0,14,0.5306122448979592,13,13,13
msmarco-passage-trec-dl-2019,1103812,dibud,1,1,20,5359.0,10000,4641.0,2118.0,14,0.39522298936368727,13,13,15
msmarco-passage-trec-dl-2019,1103812,dibud,64,1,20,5440.0,10000,4560.0,2112.0,14,0.38823529411764707,13,13,15
msmarco-passage-trec-dl-2019,1106007,balanced,1,1,20,1180.0,10000,8820.0,280.0,20,0.23728813559322035,13,17,18
msmarco-passage-trec-dl-2019,1106007,balanced,64,1,20,1280.0,10000,8720.0,256.0,18,0.2,12,17,18
msmarco-passage-trec-dl-2019,1106007,dibud,1,1,20,964.0,10000,9036.0,207.0,20,0.21473029045643152,10,17,18
msmarco-passage-trec-dl-2019,1106007,dibud,64,1,20,1024.0,10000,8976.0,192.0,19,0.1875,10,17,18
msmarco-passage-trec-dl-2019,1110199,balanced,1,1,20,16498.0,16498,0.0,7194.0,20,0.436052854891502,17,17,19
msmarco-passage-trec-dl-2019,1110199,balanced,64,1,20,16464.0,16464,0.0,7120.0,20,0.4324586977648202,17,17,19
msmarco-passage-trec-dl-2019,1110199,dibud,1,1,20,9600.0,10000,400.0,3764.0,18,0.39208333333333334,17,17,19
msmarco-passage-trec-dl-2019,1110199,dibud,64,1,20,9664.0,10000,336.0,3776.0,18,0.39072847682119205,17,17,19
msmarco-passage-trec-dl-2019,1112341,balanced,1,1,20,1397.0,10000,8603.0,410.0,20,0.2934860415175376,12,16,19
msmarco-passage-trec-dl-2019,1112341,balanced,64,1,20,1344.0,10000,8656.0,384.0,20,0.2857142857142857,10,16,19
msmarco-passage-trec-dl-2019,1112341,dibud,1,1,20,1119.0,10000,8881.0,296.0,20,0.2645218945487042,12,16,19
msmarco-passage-trec-dl-2019,1112341,dibud,64,1,20,1152.0,10000,8848.0,256.0,20,0.2222222222222222,10,16,18
msmarco-passage-trec-dl-2019,1113437,balanced,1,1,20,2115.0,10000,7885.0,440.0,17,0.20803782505910165,11,13,15
msmarco-passage-trec-dl-2019,1113437,balanced,64,1,20,2112.0,10000,7888.0,512.0,14,0.24242424242424243,11,13,15
msmarco-passage-trec-dl-2019,1113437,dibud,1,1,20,1746.0,10000,8254.0,422.0,14,0.24169530355097366,9,13,14
msmarco-passage-trec-dl-2019,1113437,dibud,64,1,20,1792.0,10000,8208.0,512.0,14,0.2857142857142857,9,13,14
msmarco-passage-trec-dl-2019,1114646,balanced,1,1,20,203.0,10000,9797.0,27.0,10,0.1330049261083744,4,10,14
msmarco-passage-trec-dl-2019,1114646,balanced,64,1,20,256.0,10000,9744.0,128.0,1,0.5,0,12,14
msmarco-passage-trec-dl-2019,1114646,dibud,1,1,20,186.0,10000,9814.0,26.0,1,0.13978494623655913,4,10,14
msmarco-passage-trec-dl-2019,1114646,dibud,64,1,20,256.0,10000,9744.0,128.0,1,0.5,0,12,14
msmarco-passage-trec-dl-2019,1114819,balanced,1,1,20,184.0,2087,1903.0,28.0,1,0.15217391304347827,2,8,14
msmarco-passage-trec-dl-2019,1114819,balanced,64,1,20,256.0,2112,1856.0,128.0,1,0.5,0,11,11
msmarco-passage-trec-dl-2019,1114819,dibud,1,1,20,184.0,1318,1134.0,28.0,1,0.15217391304347827,2,8,14
msmarco-passage-trec-dl-2019,1114819,dibud,64,1,20,256.0,1408,1152.0,128.0,1,0.5,0,11,11
msmarco-passage-trec-dl-2019,1115776,balanced,1,1,20,395.0,10000,9605.0,122.0,18,0.30886075949367087,14,17,18
msmarco-passage-trec-dl-2019,1115776,balanced,64,1,20,448.0,10000,9552.0,128.0,1,0.2857142857142857,0,17,19
msmarco-passage-trec-dl-2019,1115776,dibud,1,1,20,344.0,10000,9656.0,107.0,18,0.311046511627907,14,17,18
msmarco-passage-trec-dl-2019,1115776,dibud,64,1,20,448.0,10000,9552.0,128.0,1,0.2857142857142857,0,17,19
msmarco-passage-trec-dl-2019,1117099,balanced,1,1,20,192.0,10000,9808.0,34.0,10,0.17708333333333334,5,9,13
msmarco-passage-trec-dl-2019,1117099,balanced,64,1,20,256.0,10000,9744.0,128.0,1,0.5,0,12,12
msmarco-passage-trec-dl-2019,1117099,dibud,1,1,20,192.0,10000,9808.0,34.0,10,0.17708333333333334,5,9,13
msmarco-passage-trec-dl-2019,1117099,dibud,64,1,20,256.0,10000,9744.0,128.0,1,0.5,0,12,12
msmarco-passage-trec-dl-2019,1121402,balanced,1,1,20,117.0,10000,9883.0,18.0,18,0.15384615384615385,3,8,17
msmarco-passage-trec-dl-2019,1121402,balanced,64,1,20,128.0,10000,9872.0,128.0,1,1.0,0,0,0
msmarco-passage-trec-dl-2019,1121402,dibud,1,1,20,115.0,10000,9885.0,18.0,18,0.1565217391304348,3,8,17
msmarco-passage-trec-dl-2019,1121402,dibud,64,1,20,128.0,10000,9872.0,128.0,1,1.0,0,0,0
msmarco-passage-trec-dl-2019,1121709,balanced,1,1,20,46465.0,46465,0.0,17012.0,12,0.36612504035295385,11,11,12
msmarco-passage-trec-dl-2019,1121709,balanced,64,1,20,46480.0,46480,0.0,16976.0,12,0.36523235800344234,11,11,12
msmarco-passage-trec-dl-2019,1121709,dibud,1,1,20,123288.0,123288,0.0,95693.0,20,0.7761744857569268,19,19,19
msmarco-passage-trec-dl-2019,1121709,dibud,64,1,20,123344.0,123344,0.0,95680.0,20,0.7757166947723441,19,19,19
msmarco-passage-trec-dl-2019,1124210,balanced,1,1,20,76810.0,76810,0.0,39144.0,12,0.5096211430803281,7,11,11
msmarco-passage-trec-dl-2019,1124210,balanced,64,1,20,76880.0,76880,0.0,39168.0,12,0.5094693028095734,7,11,11
msmarco-passage-trec-dl-2019,1124210,dibud,1,1,20,43175.0,43175,0.0,19572.0,12,0.453317892298784,7,7,11
msmarco-passage-trec-dl-2019,1124210,dibud,64,1,20,43216.0,43216,0.0,19520.0,12,0.45168456127360235,7,7,11
msmarco-passage-trec-dl-2019,1129237,balanced,1,1,20,466.0,10000,9534.0,126.0,20,0.2703862660944206,10,15,19
msmarco-passage-trec-dl-2019,1129237,balanced,64,1,20,512.0,10000,9488.0,128.0,1,0.25,10,16,19
msmarco-passage-trec-dl-2019,1129237,dibud,1,1,20,378.0,10000,9622.0,96.0,20,0.25396825396825395,10,14,19
msmarco-passage-trec-dl-2019,1129237,dibud,64,1,20,448.0,10000,9552.0,128.0,1,0.2857142857142857,0,14,19
msmarco-passage-trec-dl-2019,1133167,balanced,1,1,20,371.0,7171,6800.0,134.0,7,0.3611859838274933,6,6,12
msmarco-passage-trec-dl-2019,1133167,balanced,64,1,20,384.0,7232,6848.0,128.0,1,0.3333333333333333,0,6,11
msmarco-passage-trec-dl-2019,1133167,dibud,1,1,20,358.0,4757,4399.0,125.0,7,0.34916201117318435,6,6,14
msmarco-passage-trec-dl-2019,1133167,dibud,64,1,20,384.0,4864,4480.0,128.0,1,0.3333333333333333,0,6,11
msmarco-passage-trec-dl-2019,130510,balanced,1,1,20,111.0,10000,9889.0,15.0,14,0.13513513513513514,5,10,14
msmarco-passage-trec-dl-2019,130510,balanced,64,1,20,128.0,10000,9872.0,128.0,1,1.0,0,0,0
msmarco-passage-trec-dl-2019,130510,dibud,1,1,20,103.0,10000,9897.0,13.0,1,0.1262135922330097,5,10,14
msmarco-passage-trec-dl-2019,130510,dibud,64,1,20,128.0,10000,9872.0,128.0,1,1.0,0,0,0
msmarco-passage-trec-dl-2019,131843,balanced,1,1,20,53639.0,53639,0.0,42755.0,13,0.7970879397453345,12,12,12
msmarco-passage-trec-dl-2019,131843,balanced,64,1,20,53712.0,53712,0.0,42752.0,13,0.795948763777182,12,12,12
msmarco-passage-trec-dl-2019,131843,dibud,1,1,20,196410.0,196410,0.0,185526.0,13,0.9445853062471361,12,12,12
msmarco-passage-trec-dl-2019,131843,dibud,64,1,20,196432.0,196432,0.0,185472.0,13,0.9442046102468029,12,12,12
msmarco-passage-trec-dl-2019,146187,balanced,1,1,20,219.0,10000,9781.0,63.0,13,0.2876712328767123,12,16,17
msmarco-passage-trec-dl-2019,146187,balanced,64,1,20,256.0,10000,9744.0,128.0,1,0.5,0,16,16
msmarco-passage-trec-dl-2019,146187,dibud,1,1,20,214.0,10000,9786.0,60.0,13,0.2803738317757009,12,16,17
msmarco-passage-trec-dl-2019,146187,dibud,64,1,20,256.0,10000,9744.0,128.0,1,0.5,0,16,16
msmarco-passage-trec-dl-2019,148538,balanced,1,1,20,215.0,5981,5766.0,40.0,10,0.18604651162790697,5,9,13
msmarco-passage-trec-dl-2019,148538,balanced,64,1,20,256.0,5952,5696.0,128.0,1,0.5,0,9,13
msmarco-passage-trec-dl-2019,148538,dibud,1,1,20,197.0,4708,4511.0,35.0,10,0.17766497461928935,5,9,13
msmarco-passage-trec-dl-2019,148538,dibud,64,1,20,256.0,4736,4480.0,128.0,1,0.5,0,9,13
msmarco-passage-trec-dl-2019,156493,balanced,1,1,20,200.0,1597,1397.0,80.0,19,0.4,5,15,18
msmarco-passage-trec-dl-2019,156493,balanced,64,1,20,256.0,1600,1344.0,128.0,1,0.5,0,18,18
msmarco-passage-trec-dl-2019,156493,dibud,1,1,20,178.0,1223,1045.0,66.0,19,0.3707865168539326,4,15,18
msmarco-passage-trec-dl-2019,156493,dibud,64,1,20,256.0,1280,1024.0,128.0,1,0.5,0,18,18
msmarco-passage-trec-dl-2019,168216,balanced,1,1,20,190.0,699,509.0,32.0,3,0.16842105263157894,3,7,12
msmarco-passage-trec-dl-2019,168216,balanced,64,1,20,256.0,704,448.0,128.0,1,0.5,0,9,9
msmarco-passage-trec-dl-2019,168216,dibud,1,1,20,175.0,605,430.0,32.0,3,0.18285714285714286,3,7,9
msmarco-passage-trec-dl-2019,168216,dibud,64,1,20,256.0,640,384.0,128.0,1,0.5,0,9,9
msmarco-passage-trec-dl-2019,182539,balanced,1,1,20,94.0,10000,9906.0,14.0,2,0.14893617021276595,3,9,12
msmarco-passage-trec-dl-2019,182539,balanced,64,1,20,128.0,10000,9872.0,128.0,1,1.0,0,0,0
msmarco-passage-trec-dl-2019,182539,dibud,1,1,20,89.0,10000,9911.0,14.0,2,0.15730337078651685,3,11,14
msmarco-passage-trec-dl-2019,182539,dibud,64,1,20,128.0,10000,9872.0,128.0,1,1.0,0,0,0
msmarco-passage-trec-dl-2019,183378,balanced,1,1,20,243.0,10000,9757.0,36.0,1,0.14814814814814814,1,10,13
msmarco-passage-trec-dl-2019,183378,balanced,64,1,20,256.0,10000,9744.0,128.0,1,0.5,0,10,13
msmarco-passage-trec-dl-2019,183378,dibud,1,1,20,222.0,10000,9778.0,36.0,1,0.16216216216216217,1,10,14
msmarco-passage-trec-dl-2019,183378,dibud,64,1,20,256.0,10000,9744.0,128.0,1,0.5,0,10,13
msmarco-passage-trec-dl-2019,19335,balanced,1,1,20,1688.0,10000,8312.0,586.0,20,0.3471563981042654,13,18,19
msmarco-passage-trec-dl-2019,19335,balanced,64,1,20,1792.0,10000,8208.0,640.0,20,0.35714285714285715,12,18,19
msmarco-passage-trec-dl-2019,19335,dibud,1,1,20,1523.0,10000,8477.0,501.0,20,0.32895600787918583,12,18,19
msmarco-passage-trec-dl-2019,19335,dibud,64,1,20,1600.0,10000,8400.0,512.0,20,0.32,12,18,19
msmarco-passage-trec-dl-2019,207786,balanced,1,1,20,368.0,10000,9632.0,74.0,19,0.20108695652173914,10,14,18
msmarco-passage-trec-dl-2019,207786,balanced,64,1,20,384.0,10000,9616.0,128.0,1,0.3333333333333333,0,11,18
msmarco-passage-trec-dl-2019,207786,dibud,1,1,20,311.0,10000,9689.0,61.0,19,0.19614147909967847,10,14,18
msmarco-passage-trec-dl-2019,207786,dibud,64,1,20,320.0,10000,9680.0,128.0,1,0.4,0,11,14
msmarco-passage-trec-dl-2019,264014,balanced,1,1,20,249.0,10000,9751.0,56.0,3,0.2248995983935743,2,7,11
msmarco-passage-trec-dl-2019,264014,balanced,64,1,20,256.0,10000,9744.0,128.0,1,0.5,0,9,9
msmarco-passage-trec-dl-2019,264014,dibud,1,1,20,226.0,10000,9774.0,56.0,3,0.24778761061946902,2,7,11
msmarco-passage-trec-dl-2019,264014,dibud,64,1,20,256.0,10000,9744.0,128.0,1,0.5,0,9,9
msmarco-passage-trec-dl-2019,359349,balanced,1,1,20,98.0,1849,1751.0,30.0,18,0.30612244897959184,8,17,17
msmarco-passage-trec-dl-2019,359349,balanced,64,1,20,128.0,1856,1728.0,128.0,1,1.0,0,0,0
msmarco-passage-trec-dl-2019,359349,dibud,1,1,20,98.0,1698,1600.0,26.0,18,0.2653061224489796,8,17,18
msmarco-passage-trec-dl-2019,359349,dibud,64,1,20,128.0,1792,1664.0,128.0,1,1.0,0,0,0
msmarco-passage-trec-dl-2019,405717,balanced,1,1,20,157.0,2485,2328.0,34.0,17,0.21656050955414013,7,9,16
msmarco-passage-trec-dl-2019,405717,balanced,64,1,20,192.0,2496,2304.0,128.0,1,0.6666666666666666,0,0,16
msmarco-passage-trec-dl-2019,405717,dibud,1,1,20,136.0,1823,1687.0,29.0,17,0.21323529411764705,7,11,16
msmarco-passage-trec-dl-2019,405717,dibud,64,1,20,192.0,1920,1728.0,128.0,1,0.6666666666666666,0,0,16
msmarco-passage-trec-dl-2019,443396,balanced,1,1,20,659871.0,659871,0.0,604617.0,18,0.9162654518837773,17,17,17
msmarco-passage-trec-dl-2019,443396,balanced,64,1,20,659856.0,659856,0.0,604544.0,18,0.9161756504449455,17,17,17
msmarco-passage-trec-dl-2019,443396,dibud,1,1,20,402879.0,402879,0.0,319002.0,18,0.7918059764842545,17,17,17
msmarco-passage-trec-dl-2019,443396,dibud,64,1,20,402901.0,402901,0.0,318981.0,18,0.7917106187376055,17,17,17
msmarco-passage-trec-dl-2019,451602,balanced,1,1,20,341.0,10000,9659.0,62.0,20,0.18181818181818182,6,12,16
msmarco-passage-trec-dl-2019,451602,balanced,64,1,20,320.0,10000,9680.0,128.0,1,0.4,0,8,12
msmarco-passage-trec-dl-2019,451602,dibud,1,1,20,297.0,10000,9703.0,51.0,20,0.1717171717171717,5,12,15
msmarco-passage-trec-dl-2019,451602,dibud,64,1,20,320.0,10000,9680.0,128.0,1,0.4,0,8,12
msmarco-passage-trec-dl-2019,47923,balanced,1,1,20,151.0,8793,8642.0,21.0,12,0.1390728476821192,7,11,17
msmarco-passage-trec-dl-2019,47923,balanced,64,1,20,256.0,8768,8512.0,128.0,1,0.5,0,18,19
msmarco-passage-trec-dl-2019,47923,dibud,1,1,20,141.0,5276,5135.0,26.0,12,0.18439716312056736,7,11,16
msmarco-passage-trec-dl-2019,47923,dibud,64,1,20,256.0,5312,5056.0,128.0,1,0.5,0,18,19
msmarco-passage-trec-dl-2019,489204,balanced,1,1,20,834.0,10000,9166.0,210.0,11,0.2517985611510791,6,10,13
msmarco-passage-trec-dl-2019,489204,balanced,64,1,20,896.0,10000,9104.0,256.0,11,0.2857142857142857,4,10,15
msmarco-passage-trec-dl-2019,489204,dibud,1,1,20,703.0,10000,9297.0,184.0,11,0.26173541963015645,6,10,11
msmarco-passage-trec-dl-2019,489204,dibud,64,1,20,768.0,10000,9232.0,192.0,11,0.25,4,10,15
msmarco-passage-trec-dl-2019,490595,balanced,1,1,20,136.0,1269,1133.0,21.0,7,0.15441176470588236,4,6,13
msmarco-passage-trec-dl-2019,490595,balanced,64,1,20,256.0,1216,960.0,128.0,1,0.5,0,17,17
msmarco-passage-trec-dl-2019,490595,dibud,1,1,20,116.0,1003,887.0,22.0,7,0.1896551724137931,4,6,8
msmarco-passage-trec-dl-2019,490595,dibud,64,1,20,192.0,1024,832.0,128.0,1,0.6666666666666666,0,0,17
msmarco-passage-trec-dl-2019,527433,balanced,1,1,20,2000.0,10000,8000.0,618.0,20,0.309,14,15,19
msmarco-passage-trec-dl-2019,527433,balanced,64,1,20,2048.0,10000,7952.0,640.0,20,0.3125,14,15,19
msmarco-passage-trec-dl-2019,527433,dibud,1,1,20,1368.0,10000,8632.0,332.0,16,0.24269005847953215,13,15,18
msmarco-passage-trec-dl-2019,527433,dibud,64,1,20,1408.0,10000,8592.0,384.0,16,0.2727272727272727,13,15,18
msmarco-passage-trec-dl-2019,573724,balanced,1,1,20,158.0,10000,9842.0,28.0,19,0.17721518987341772,4,8,15
msmarco-passage-trec-dl-2019,573724,balanced,64,1,20,256.0,10000,9744.0,128.0,1,0.5,0,18,18
msmarco-passage-trec-dl-2019,573724,dibud,1,1,20,152.0,6857,6705.0,28.0,19,0.18421052631578946,4,8,15
msmarco-passage-trec-dl-2019,573724,dibud,64,1,20,256.0,6912,6656.0,128.0,1,0.5,0,18,18
msmarco-passage-trec-dl-2019,833860,balanced,1,1,20,923.0,10000,9077.0,202.0,18,0.218851570964247,11,13,17
msmarco-passage-trec-dl-2019,833860,balanced,64,1,20,1024.0,10000,8976.0,256.0,14,0.25,11,13,17
msmarco-passage-trec-dl-2019,833860,dibud,1,1,20,916.0,10000,9084.0,202.0,18,0.2205240174672489,11,13,17
msmarco-passage-trec-dl-2019,833860,dibud,64,1,20,1024.0,10000,8976.0,256.0,18,0.25,11,13,17
msmarco-passage-trec-dl-2019,855410,balanced,1,1,20,3534833.0,3534833,0.0,3294285.0,12,0.9319492604035325,11,11,11
msmarco-passage-trec-dl-2019,855410,balanced,64,1,20,3534864.0,3534864,0.0,3294336.0,12,0.9319555151202422,11,11,11
msmarco-passage-trec-dl-2019,855410,dibud,1,1,20,3533518.0,3533518,0.0,3292254.0,12,0.9317213043771109,11,11,11
msmarco-passage-trec-dl-2019,855410,dibud,64,1,20,3533584.0,3533584,0.0,3292288.0,12,0.9317135237198266,11,11,11
msmarco-passage-trec-dl-2019,87181,balanced,1,1,20,174.0,9037,8863.0,34.0,6,0.19540229885057472,5,6,11
msmarco-passage-trec-dl-2019,87181,balanced,64,1,20,256.0,9024,8768.0,128.0,1,0.5,0,10,10
msmarco-passage-trec-dl-2019,87181,dibud,1,1,20,173.0,8488,8315.0,34.0,6,0.19653179190751446,5,6,10
msmarco-passage-trec-dl-2019,87181,dibud,64,1,20,256.0,8576,8320.0,128.0,1,0.5,0,10,10
msmarco-passage-trec-dl-2019,87452,balanced,1,1,20,171.0,10000,9829.0,24.0,15,0.14035087719298245,7,11,14
msmarco-passage-trec-dl-2019,87452,balanced,64,1,20,256.0,10000,9744.0,128.0,1,0.5,0,14,14
msmarco-passage-trec-dl-2019,87452,dibud,1,1,20,158.0,10000,9842.0,22.0,12,0.13924050632911392,6,11,14
msmarco-passage-trec-dl-2019,87452,dibud,64,1,20,256.0,10000,9744.0,128.0,1,0.5,0,14,14
msmarco-passage-trec-dl-2019,915593,balanced,1,1,20,206.0,891,685.0,32.0,17,0.1553398058252427,5,9,13
msmarco-passage-trec-dl-2019,915593,balanced,64,1,20,256.0,832,576.0,128.0,1,0.5,0,9,9
msmarco-passage-trec-dl-2019,915593,dibud,1,1,20,199.0,720,521.0,29.0,10,0.1457286432160804,5,9,13
msmarco-passage-trec-dl-2019,915593,dibud,64,1,20,256.0,768,512.0,128.0,1,0.5,0,9,13
msmarco-passage-trec-dl-2019,962179,balanced,1,1,20,1485.0,10000,8515.0,414.0,19,0.2787878787878788,10,16,18
msmarco-passage-trec-dl-2019,962179,balanced,64,1,20,1472.0,10000,8528.0,384.0,19,0.2608695652173913,10,16,18
msmarco-passage-trec-dl-2019,962179,dibud,1,1,20,1079.0,10000,8921.0,271.0,19,0.2511584800741427,10,15,18
msmarco-passage-trec-dl-2019,962179,dibud,64,1,20,1152.0,10000,8848.0,256.0,19,0.2222222222222222,7,15,18
msmarco-passage-trec-dl-2020,1030303,balanced,1,1,20,235.0,10000,9765.0,40.0,10,0.1702127659574468,9,13,16
msmarco-passage-trec-dl-2020,1030303,balanced,64,1,20,256.0,10000,9744.0,128.0,1,0.5,0,14,15
msmarco-passage-trec-dl-2020,1030303,dibud,1,1,20,212.0,10000,9788.0,36.0,10,0.16981132075471697,9,12,16
msmarco-passage-trec-dl-2020,1030303,dibud,64,1,20,256.0,10000,9744.0,128.0,1,0.5,0,14,15
msmarco-passage-trec-dl-2020,1037496,balanced,1,1,20,110.0,10000,9890.0,29.0,2,0.2636363636363636,1,3,11
msmarco-passage-trec-dl-2020,1037496,balanced,64,1,20,128.0,10000,9872.0,128.0,1,1.0,0,0,0
msmarco-passage-trec-dl-2020,1037496,dibud,1,1,20,110.0,10000,9890.0,25.0,2,0.22727272727272727,1,5,11
msmarco-passage-trec-dl-2020,1037496,dibud,64,1,20,128.0,10000,9872.0,128.0,1,1.0,0,0,0
msmarco-passage-trec-dl-2020,1043135,balanced,1,1,20,189.0,10000,9811.0,30.0,17,0.15873015873015872,7,13,16
msmarco-passage-trec-dl-2020,1043135,balanced,64,1,20,256.0,10000,9744.0,128.0,1,0.5,0,16,16
msmarco-passage-trec-dl-2020,1043135,dibud,1,1,20,185.0,10000,9815.0,29.0,17,0.15675675675675677,7,13,16
msmarco-passage-trec-dl-2020,1043135,dibud,64,1,20,256.0,10000,9744.0,128.0,1,0.5,0,16,16
msmarco-passage-trec-dl-2020,1051399,balanced,1,1,20,8141.0,10000,1859.0,2630.0,20,0.32305613560987595,14,15,19
msmarco-passage-trec-dl-2020,1051399,balanced,64,1,20,8128.0,10000,1872.0,2560.0,20,0.31496062992125984,14,15,19
msmarco-passage-trec-dl-2020,1051399,dibud,1,1,20,5097.0,10000,4903.0,1544.0,20,0.30292328820875025,14,15,19
msmarco-passage-trec-dl-2020,1051399,dibud,64,1,20,5184.0,10000,4816.0,1536.0,20,0.2962962962962963,14,15,19
msmarco-passage-trec-dl-2020,1064670,balanced,1,1,20,9482.0,10000,518.0,6024.0,20,0.6353090065387049,16,19,19
msmarco-passage-trec-dl-2020,1064670,balanced,64,1,20,9600.0,10000,400.0,6016.0,20,0.6266666666666667,16,19,19
msmarco-passage-trec-dl-2020,1064670,dibud,1,1,20,6211.0,10000,3789.0,3546.0,20,0.5709225567541458,15,19,19
msmarco-passage-trec-dl-2020,1064670,dibud,64,1,20,6272.0,10000,3728.0,3520.0,20,0.5612244897959183,15,19,19
msmarco-passage-trec-dl-2020,1071750,balanced,1,1,20,89.0,6105,6016.0,16.0,7,0.1797752808988764,6,8,11
msmarco-passage-trec-dl-2020,1071750,balanced,64,1,20,128.0,6080,5952.0,128.0,1,1.0,0,0,0
msmarco-passage-trec-dl-2020,1071750,dibud,1,1,20,89.0,4847,4758.0,16.0,12,0.1797752808988764,6,8,11
msmarco-passage-trec-dl-2020,1071750,dibud,64,1,20,128.0,4928,4800.0,128.0,1,1.0,0,0,0
msmarco-passage-trec-dl-2020,1105792,balanced,1,1,20,209286.0,209286,0.0,196325.0,20,0.9380703917127758,19,19,19
msmarco-passage-trec-dl-2020,1105792,balanced,64,1,20,209299.0,209299,0.0,196227.0,20,0.9375438965308004,19,19,19
msmarco-passage-trec-dl-2020,1105792,dibud,1,1,20,111124.0,111124,0.0,99446.0,20,0.8949101904179115,19,19,19
msmarco-passage-trec-dl-2020,1105792,dibud,64,1,20,111187.0,111187,0.0,99395.0,20,0.893944435950246,19,19,19
msmarco-passage-trec-dl-2020,1106979,balanced,1,1,20,79.0,10000,9921.0,16.0,18,0.20253164556962025,5,14,17
msmarco-passage-trec-dl-2020,1106979,balanced,64,1,20,128.0,10000,9872.0,128.0,1,1.0,0,0,0
msmarco-passage-trec-dl-2020,1106979,dibud,1,1,20,78.0,10000,9922.0,16.0,18,0.20512820512820512,5,14,17
msmarco-passage-trec-dl-2020,1106979,dibud,64,1,20,128.0,10000,9872.0,128.0,1,1.0,0,0,0
msmarco-passage-trec-dl-2020,1108651,balanced,1,1,20,1823.0,10000,8177.0,238.0,20,0.13055403181568842,9,14,17
msmarco-passage-trec-dl-2020,1108651,balanced,64,1,20,1856.0,10000,8144.0,256.0,15,0.13793103448275862,8,14,17
msmarco-passage-trec-dl-2020,1108651,dibud,1,1,20,1477.0,10000,8523.0,205.0,16,0.13879485443466485,8,13,15
msmarco-passage-trec-dl-2020,1108651,dibud,64,1,20,1536.0,10000,8464.0,256.0,15,0.16666666666666666,8,13,15
msmarco-passage-trec-dl-2020,1109707,balanced,1,1,20,480.0,10000,9520.0,122.0,4,0.25416666666666665,3,6,10
msmarco-passage-trec-dl-2020,1109707,balanced,64,1,20,512.0,10000,9488.0,128.0,1,0.25,3,6,12
msmarco-passage-trec-dl-2020,1109707,dibud,1,1,20,454.0,10000,9546.0,118.0,4,0.2599118942731278,3,6,10
msmarco-passage-trec-dl-2020,1109707,dibud,64,1,20,512.0,10000,9488.0,128.0,1,0.25,3,6,12
msmarco-passage-trec-dl-2020,1110678,balanced,1,1,20,1261.0,10000,8739.0,294.0,15,0.2331482950039651,8,13,17
msmarco-passage-trec-dl-2020,1110678,balanced,64,1,20,1216.0,10000,8784.0,384.0,15,0.3157894736842105,7,11,14
msmarco-passage-trec-dl-2020,1110678,dibud,1,1,20,1096.0,10000,8904.0,232.0,15,0.2116788321167883,8,11,14
msmarco-passage-trec-dl-2020,1110678,dibud,64,1,20,1152.0,10000,8848.0,320.0,15,0.2777777777777778,7,11,14
msmarco-passage-trec-dl-2020,1113256,balanced,1,1,20,163.0,10000,9837.0,56.0,12,0.34355828220858897,10,11,12
msmarco-passage-trec-dl-2020,1113256,balanced,64,1,20,256.0,10000,9744.0,128.0,1,0.5,0,12,12
msmarco-passage-trec-dl-2020,1113256,dibud,1,1,20,150.0,10000,9850.0,56.0,12,0.37333333333333335,10,11,12
msmarco-passage-trec-dl-2020,1113256,dibud,64,1,20,256.0,10000,9744.0,128.0,1,0.5,0,12,13
msmarco-passage-trec-dl-2020,1115210,balanced,1,1,20,1173.0,10000,8827.0,290.0,20,0.24722932651321397,5,12,18
msmarco-passage-trec-dl-2020,1115210,balanced,64,1,20,1216.0,10000,8784.0,384.0,20,0.3157894736842105,5,14,19
msmarco-passage-trec-dl-2020,1115210,dibud,1,1,20,968.0,10000,9032.0,217.0,20,0.22417355371900827,5,11,18
msmarco-passage-trec-dl-2020,1115210,dibud,64,1,20,1024.0,10000,8976.0,256.0,20,0.25,5,11,19
msmarco-passage-trec-dl-2020,1116380,balanced,1,1,20,16513.0,16513,0.0,6443.0,19,0.390177435959547,17,18,19
msmarco-passage-trec-dl-2020,1116380,balanced,64,1,20,16528.0,16528,0.0,6416.0,19,0.38818973862536305,17,18,19
msmarco-passage-trec-dl-2020,1116380,dibud,1,1,20,10911.0,10911,0.0,3222.0,19,0.29529832279351115,15,18,18
msmarco-passage-trec-dl-2020,1116380,dibud,64,1,20,10960.0,10960,0.0,3200.0,19,0.291970802919708,15,18,18
msmarco-passage-trec-dl-2020,1121353,balanced,1,1,20,8853.0,10000,1147.0,5442.0,20,0.6147068790240596,17,19,19
msmarco-passage-trec-dl-2020,1121353,balanced,64,1,20,8896.0,10000,1104.0,5504.0,20,0.6187050359712231,17,19,19
msmarco-passage-trec-dl-2020,1121353,dibud,1,1,20,6455.0,10000,3545.0,3593.0,20,0.5566227730441519,16,19,19
msmarco-passage-trec-dl-2020,1121353,dibud,64,1,20,6528.0,10000,3472.0,3584.0,20,0.5490196078431373,16,19,19
msmarco-passage-trec-dl-2020,1122767,balanced,1,1,20,243.0,10000,9757.0,46.0,15,0.18930041152263374,8,14,17
msmarco-passage-trec-dl-2020,1122767,balanced,64,1,20,256.0,10000,9744.0,128.0,1,0.5,0,14,14
msmarco-passage-trec-dl-2020,1122767,dibud,1,1,20,209.0,10000,9791.0,41.0,15,0.19617224880382775,8,13,16
msmarco-passage-trec-dl-2020,1122767,dibud,64,1,20,256.0,10000,9744.0,128.0,1,0.5,0,14,14
msmarco-passage-trec-dl-2020,1127540,balanced,1,1,20,976.0,10000,9024.0,814.0,20,0.8340163934426229,19,19,19
msmarco-passage-trec-dl-2020,1127540,balanced,64,1,20,1024.0,10000,8976.0,768.0,20,0.75,19,19,19
msmarco-passage-trec-dl-2020,1127540,dibud,1,1,20,879.0,10000,9121.0,724.0,20,0.8236632536973834,19,19,19
msmarco-passage-trec-dl-2020,1127540,dibud,64,1,20,960.0,10000,9040.0,704.0,20,0.7333333333333333,18,19,19
msmarco-passage-trec-dl-2020,1131069,balanced,1,1,20,68.0,10000,9932.0,12.0,2,0.17647058823529413,2,3,10
msmarco-passage-trec-dl-2020,1131069,balanced,64,1,20,128.0,10000,9872.0,128.0,1,1.0,0,0,0
msmarco-passage-trec-dl-2020,1131069,dibud,1,1,20,68.0,10000,9932.0,12.0,2,0.17647058823529413,2,3,12
msmarco-passage-trec-dl-2020,1131069,dibud,64,1,20,128.0,10000,9872.0,128.0,1,1.0,0,0,0
msmarco-passage-trec-dl-2020,1132532,balanced,1,1,20,500.0,10000,9500.0,76.0,20,0.152,4,11,16
msmarco-passage-trec-dl-2020,1132532,balanced,64,1,20,512.0,10000,9488.0,128.0,1,0.25,4,11,16
msmarco-passage-trec-dl-2020,1132532,dibud,1,1,20,425.0,10000,9575.0,65.0,5,0.15294117647058825,4,10,16
msmarco-passage-trec-dl-2020,1132532,dibud,64,1,20,448.0,10000,9552.0,128.0,1,0.2857142857142857,0,5,16
msmarco-passage-trec-dl-2020,1133579,balanced,1,1,20,157.0,10000,9843.0,30.0,9,0.1910828025477707,2,7,9
msmarco-passage-trec-dl-2020,1133579,balanced,64,1,20,256.0,10000,9744.0,128.0,1,0.5,0,11,11
msmarco-passage-trec-dl-2020,1133579,dibud,1,1,20,155.0,10000,9845.0,30.0,9,0.1935483870967742,2,6,9
msmarco-passage-trec-dl-2020,1133579,dibud,64,1,20,256.0,10000,9744.0,128.0,1,0.5,0,11,11
msmarco-passage-trec-dl-2020,1136043,balanced,1,1,20,2621.0,10000,7379.0,730.0,16,0.2785196489889355,14,15,18
msmarco-passage-trec-dl-2020,1136043,balanced,64,1,20,2624.0,10000,7376.0,640.0,16,0.24390243902439024,14,15,18
msmarco-passage-trec-dl-2020,1136043,dibud,1,1,20,2334.0,10000,7666.0,640.0,20,0.27420736932305056,14,15,19
msmarco-passage-trec-dl-2020,1136043,dibud,64,1,20,2368.0,10000,7632.0,640.0,20,0.2702702702702703,14,15,19
msmarco-passage-trec-dl-2020,1136047,balanced,1,1,20,212.0,10000,9788.0,58.0,20,0.27358490566037735,11,17,19
msmarco-passage-trec-dl-2020,1136047,balanced,64,1,20,256.0,10000,9744.0,128.0,1,0.5,0,18,18
msmarco-passage-trec-dl-2020,1136047,dibud,1,1,20,178.0,10000,9822.0,48.0,20,0.2696629213483146,11,16,19
msmarco-passage-trec-dl-2020,1136047,dibud,64,1,20,256.0,10000,9744.0,128.0,1,0.5,0,18,19
msmarco-passage-trec-dl-2020,1136962,balanced,1,1,20,88.0,10000,9912.0,21.0,4,0.23863636363636365,3,7,12
msmarco-passage-trec-dl-2020,1136962,balanced,64,1,20,128.0,10000,9872.0,128.0,1,1.0,0,0,0
msmarco-passage-trec-dl-2020,1136962,dibud,1,1,20,77.0,10000,9923.0,20.0,4,0.2597402597402597,3,6,12
msmarco-passage-trec-dl-2020,1136962,dibud,64,1,20,128.0,10000,9872.0,128.0,1,1.0,0,0,0
msmarco-passage-trec-dl-2020,118440,balanced,1,1,20,1658.0,10000,8342.0,444.0,19,0.2677925211097708,14,17,18
msmarco-passage-trec-dl-2020,118440,balanced,64,1,20,1664.0,10000,8336.0,512.0,19,0.3076923076923077,13,17,18
msmarco-passage-trec-dl-2020,118440,dibud,1,1,20,1369.0,10000,8631.0,390.0,18,0.28487947406866326,13,17,17
msmarco-passage-trec-dl-2020,118440,dibud,64,1,20,1408.0,10000,8592.0,384.0,18,0.2727272727272727,12,17,17
msmarco-passage-trec-dl-2020,121171,balanced,1,1,20,160.0,10000,9840.0,46.0,8,0.2875,5,7,10
msmarco-passage-trec-dl-2020,121171,balanced,64,1,20,256.0,10000,9744.0,128.0,1,0.5,0,11,13
msmarco-passage-trec-dl-2020,121171,dibud,1,1,20,157.0,10000,9843.0,45.0,8,0.28662420382165604,5,7,11
msmarco-passage-trec-dl-2020,121171,dibud,64,1,20,256.0,10000,9744.0,128.0,1,0.5,0,11,13
msmarco-passage-trec-dl-2020,135802,balanced,1,1,20,36070.0,36070,0.0,27346.0,18,0.7581369559190463,17,17,17
msmarco-passage-trec-dl-2020,135802,balanced,64,1,20,36048.0,36048,0.0,27216.0,18,0.7549933422103862,17,17,17
msmarco-passage-trec-dl-2020,135802,dibud,1,1,20,211169.0,211169,0.0,208683.0,16,0.9882274386865496,15,15,15
msmarco-passage-trec-dl-2020,135802,dibud,64,1,20,211206.0,211206,0.0,208646.0,16,0.9878791322216225,15,15,15
msmarco-passage-trec-dl-2020,141630,balanced,1,1,20,277.0,10000,9723.0,48.0,12,0.17328519855595667,6,11,14
msmarco-passage-trec-dl-2020,141630,balanced,64,1,20,320.0,10000,9680.0,128.0,1,0.4,0,11,11
msmarco-passage-trec-dl-2020,141630,dibud,1,1,20,244.0,10000,9756.0,39.0,12,0.1598360655737705,6,11,14
msmarco-passage-trec-dl-2020,141630,dibud,64,1,20,320.0,10000,9680.0,128.0,1,0.4,0,11,11
msmarco-passage-trec-dl-2020,156498,balanced,1,1,20,282.0,10000,9718.0,104.0,10,0.36879432624113473,7,9,10
msmarco-passage-trec-dl-2020,156498,balanced,64,1,20,384.0,10000,9616.0,128.0,1,0.3333333333333333,0,9,14
msmarco-passage-trec-dl-2020,156498,dibud,1,1,20,282.0,10000,9718.0,83.0,10,0.29432624113475175,7,9,13
msmarco-passage-trec-dl-2020,156498,dibud,64,1,20,384.0,10000,9616.0,128.0,1,0.3333333333333333,0,9,14
msmarco-passage-trec-dl-2020,169208,balanced,1,1,20,185.0,10000,9815.0,44.0,12,0.23783783783783785,6,11,15
msmarco-passage-trec-dl-2020,169208,balanced,64,1,20,256.0,10000,9744.0,128.0,1,0.5,0,11,11
msmarco-passage-trec-dl-2020,169208,dibud,1,1,20,175.0,10000,9825.0,42.0,12,0.24,5,11,14
msmarco-passage-trec-dl-2020,169208,dibud,64,1,20,256.0,10000,9744.0,128.0,1,0.5,0,11,13
msmarco-passage-trec-dl-2020,174463,balanced,1,1,20,12932.0,12932,0.0,3658.0,18,0.2828642128054439,13,16,17
msmarco-passage-trec-dl-2020,174463,balanced,64,1,20,13008.0,13008,0.0,3728.0,18,0.2865928659286593,13,16,17
msmarco-passage-trec-dl-2020,174463,dibud,1,1,20,12725.0,12725,0.0,3658.0,18,0.2874656188605108,14,16,17
msmarco-passage-trec-dl-2020,174463,dibud,64,1,20,12752.0,12752,0.0,3728.0,18,0.29234629861982436,14,16,17
msmarco-passage-trec-dl-2020,23849,balanced,1,1,20,18335.0,18335,0.0,5888.0,16,0.32113444232342514,9,13,15
msmarco-passage-trec-dl-2020,23849,balanced,64,1,20,18320.0,18320,0.0,5888.0,16,0.32139737991266376,9,13,15
msmarco-passage-trec-dl-2020,23849,dibud,1,1,20,15542.0,15542,0.0,3073.0,10,0.1977223008621799,9,13,15
msmarco-passage-trec-dl-2020,23849,dibud,64,1,20,15568.0,15568,0.0,3072.0,10,0.197327852004111,9,13,15
msmarco-passage-trec-dl-2020,258062,balanced,1,1,20,1031.0,10000,8969.0,256.0,19,0.24830261881668284,13,17,18
msmarco-passage-trec-dl-2020,258062,balanced,64,1,20,1088.0,10000,8912.0,256.0,19,0.23529411764705882,13,17,18
msmarco-passage-trec-dl-2020,258062,dibud,1,1,20,857.0,10000,9143.0,234.0,19,0.27304550758459745,12,16,18
msmarco-passage-trec-dl-2020,258062,dibud,64,1,20,960.0,10000,9040.0,256.0,19,0.26666666666666666,10,16,18
msmarco-passage-trec-dl-2020,324585,balanced,1,1,20,67745.0,67745,0.0,41240.0,20,0.6087534135360543,13,19,19
msmarco-passage-trec-dl-2020,324585,balanced,64,1,20,67856.0,67856,0.0,41344.0,20,0.6092902617307239,13,19,19
msmarco-passage-trec-dl-2020,324585,dibud,1,1,20,35562.0,35562,0.0,20620.0,20,0.5798324053765255,13,19,19
msmarco-passage-trec-dl-2020,324585,dibud,64,1,20,35664.0,35664,0.0,20672.0,20,0.5796321220278151,13,19,19
msmarco-passage-trec-dl-2020,330975,balanced,1,1,20,171.0,10000,9829.0,30.0,14,0.17543859649122806,3,8,13
msmarco-passage-trec-dl-2020,330975,balanced,64,1,20,256.0,10000,9744.0,128.0,1,0.5,0,13,13
msmarco-passage-trec-dl-2020,330975,dibud,1,1,20,161.0,10000,9839.0,28.0,14,0.17391304347826086,3,8,13
msmarco-passage-trec-dl-2020,330975,dibud,64,1,20,256.0,10000,9744.0,128.0,1,0.5,0,13,13
msmarco-passage-trec-dl-2020,332593,balanced,1,1,20,322.0,10000,9678.0,64.0,10,0.19875776397515527,8,10,15
msmarco-passage-trec-dl-2020,332593,balanced,64,1,20,384.0,10000,9616.0,128.0,1,0.3333333333333333,0,9,16
msmarco-passage-trec-dl-2020,332593,dibud,1,1,20,293.0,10000,9707.0,58.0,10,0.19795221843003413,8,10,16
msmarco-passage-trec-dl-2020,332593,dibud,64,1,20,384.0,10000,9616.0,128.0,1,0.3333333333333333,0,10,16
msmarco-passage-trec-dl-2020,336901,balanced,1,1,20,139.0,10000,9861.0,30.0,19,0.2158273381294964,8,13,18
msmarco-passage-trec-dl-2020,336901,balanced,64,1,20,192.0,10000,9808.0,128.0,1,0.6666666666666666,0,0,18
msmarco-passage-trec-dl-2020,336901,dibud,1,1,20,108.0,10000,9892.0,19.0,19,0.17592592592592593,5,12,16
msmarco-passage-trec-dl-2020,336901,dibud,64,1,20,192.0,10000,9808.0,128.0,1,0.6666666666666666,0,0,18
msmarco-passage-trec-dl-2020,390360,balanced,1,1,20,4078.0,10000,5922.0,2674.0,15,0.6557135850907307,11,14,14
msmarco-passage-trec-dl-2020,390360,balanced,64,1,20,4096.0,10000,5904.0,2688.0,15,0.65625,11,14,14
msmarco-passage-trec-dl-2020,390360,dibud,1,1,20,3734.0,10000,6266.0,1535.0,15,0.41108730583824316,13,14,15
msmarco-passage-trec-dl-2020,390360,dibud,64,1,20,3776.0,10000,6224.0,1536.0,15,0.4067796610169492,12,14,15
msmarco-passage-trec-dl-2020,405163,balanced,1,1,20,18000.0,18000,0.0,7612.0,13,0.42288888888888887,10,12,12
msmarco-passage-trec-dl-2020,405163,balanced,64,1,20,18000.0,18000,0.0,7632.0,13,0.424,10,12,12
msmarco-passage-trec-dl-2020,405163,dibud,1,1,20,10828.0,10828,0.0,3806.0,13,0.3514961211673439,10,10,12
msmarco-passage-trec-dl-2020,405163,dibud,64,1,20,10896.0,10896,0.0,3840.0,13,0.3524229074889868,10,10,12
msmarco-passage-trec-dl-2020,42255,balanced,1,1,20,388.0,2298,1910.0,64.0,19,0.16494845360824742,6,12,16
msmarco-passage-trec-dl-2020,42255,balanced,64,1,20,512.0,2304,1792.0,128.0,1,0.25,8,15,19
msmarco-passage-trec-dl-2020,42255,dibud,1,1,20,388.0,1791,1403.0,64.0,19,0.16494845360824742,6,12,16
msmarco-passage-trec-dl-2020,42255,dibud,64,1,20,512.0,1856,1344.0,128.0,1,0.25,8,15,19
msmarco-passage-trec-dl-2020,47210,balanced,1,1,20,321.0,10000,9679.0,48.0,19,0.14953271028037382,10,13,17
msmarco-passage-trec-dl-2020,47210,balanced,64,1,20,384.0,10000,9616.0,128.0,1,0.3333333333333333,0,13,18
msmarco-passage-trec-dl-2020,47210,dibud,1,1,20,294.0,10000,9706.0,44.0,19,0.14965986394557823,10,13,17
msmarco-passage-trec-dl-2020,47210,dibud,64,1,20,384.0,10000,9616.0,128.0,1,0.3333333333333333,0,13,18
msmarco-passage-trec-dl-2020,555530,balanced,1,1,20,1320.0,10000,8680.0,400.0,20,0.30303030303030304,8,16,19
msmarco-passage-trec-dl-2020,555530,balanced,64,1,20,1408.0,10000,8592.0,384.0,20,0.2727272727272727,8,16,19
msmarco-passage-trec-dl-2020,555530,dibud,1,1,20,1211.0,10000,8789.0,320.0,20,0.26424442609413706,8,16,19
msmarco-passage-trec-dl-2020,555530,dibud,64,1,20,1280.0,10000,8720.0,320.0,20,0.25,8,16,19
msmarco-passage-trec-dl-2020,583468,balanced,1,1,20,147.0,2185,2038.0,30.0,1,0.20408163265306123,2,9,12
msmarco-passage-trec-dl-2020,583468,balanced,64,1,20,256.0,2240,1984.0,128.0,1,0.5,0,15,16
msmarco-passage-trec-dl-2020,583468,dibud,1,1,20,143.0,1257,1114.0,30.0,1,0.2097902097902098,2,9,12
msmarco-passage-trec-dl-2020,583468,dibud,64,1,20,256.0,1344,1088.0,128.0,1,0.5,0,15,16
msmarco-passage-trec-dl-2020,640502,balanced,1,1,20,1145.0,10000,8855.0,290.0,18,0.25327510917030566,12,16,17
msmarco-passage-trec-dl-2020,640502,balanced,64,1,20,1088.0,10000,8912.0,256.0,18,0.23529411764705882,12,15,17
msmarco-passage-trec-dl-2020,640502,dibud,1,1,20,900.0,10000,9100.0,214.0,18,0.23777777777777778,11,14,17
msmarco-passage-trec-dl-2020,640502,dibud,64,1,20,960.0,10000,9040.0,192.0,18,0.2,6,13,17
msmarco-passage-trec-dl-2020,67316,balanced,1,1,20,887.0,10000,9113.0,143.0,20,0.161217587373168,4,11,15
msmarco-passage-trec-dl-2020,67316,balanced,64,1,20,832.0,10000,9168.0,128.0,1,0.15384615384615385,1,7,11
msmarco-passage-trec-dl-2020,67316,dibud,1,1,20,816.0,10000,9184.0,137.0,2,0.16789215686274508,4,10,14
msmarco-passage-trec-dl-2020,67316,dibud,64,1,20,832.0,10000,9168.0,128.0,1,0.15384615384615385,1,7,12
msmarco-passage-trec-dl-2020,673670,balanced,1,1,20,326.0,10000,9674.0,74.0,2,0.22699386503067484,1,7,10
msmarco-passage-trec-dl-2020,673670,balanced,64,1,20,384.0,10000,9616.0,128.0,1,0.3333333333333333,0,4,13
msmarco-passage-trec-dl-2020,673670,dibud,1,1,20,326.0,10000,9674.0,74.0,2,0.22699386503067484,1,7,10
msmarco-passage-trec-dl-2020,673670,dibud,64,1,20,384.0,10000,9616.0,128.0,1,0.3333333333333333,0,4,13
msmarco-passage-trec-dl-2020,701453,balanced,1,1,20,146.0,10000,9854.0,46.0,20,0.3150684931506849,7,13,19
msmarco-passage-trec-dl-2020,701453,balanced,64,1,20,256.0,10000,9744.0,128.0,1,0.5,0,19,19
msmarco-passage-trec-dl-2020,701453,dibud,1,1,20,146.0,10000,9854.0,46.0,20,0.3150684931506849,8,13,19
msmarco-passage-trec-dl-2020,701453,dibud,64,1,20,256.0,10000,9744.0,128.0,1,0.5,0,19,19
msmarco-passage-trec-dl-2020,730539,balanced,1,1,20,835.0,10000,9165.0,190.0,13,0.2275449101796407,12,14,17
msmarco-passage-trec-dl-2020,730539,balanced,64,1,20,832.0,10000,9168.0,192.0,13,0.23076923076923078,12,14,17
msmarco-passage-trec-dl-2020,730539,dibud,1,1,20,791.0,10000,9209.0,171.0,13,0.21618204804045513,12,14,17
msmarco-passage-trec-dl-2020,730539,dibud,64,1,20,832.0,10000,9168.0,192.0,13,0.23076923076923078,12,14,17
msmarco-passage-trec-dl-2020,768208,balanced,1,1,20,32742.0,32742,0.0,30778.0,16,0.9400158817421049,15,15,15
msmarco-passage-trec-dl-2020,768208,balanced,64,1,20,32720.0,32720,0.0,30672.0,16,0.9374083129584352,15,15,15
msmarco-passage-trec-dl-2020,768208,dibud,1,1,20,17921.0,17921,0.0,15566.0,16,0.868589922437364,15,15,15
msmarco-passage-trec-dl-2020,768208,dibud,64,1,20,18000.0,18000,0.0,15568.0,16,0.8648888888888889,15,15,15
msmarco-passage-trec-dl-2020,877809,balanced,1,1,20,227.0,10000,9773.0,48.0,20,0.21145374449339208,6,10,17
msmarco-passage-trec-dl-2020,877809,balanced,64,1,20,256.0,10000,9744.0,128.0,1,0.5,0,11,11
msmarco-passage-trec-dl-2020,877809,dibud,1,1,20,183.0,10000,9817.0,26.0,6,0.14207650273224043,5,9,13
msmarco-passage-trec-dl-2020,877809,dibud,64,1,20,256.0,10000,9744.0,128.0,1,0.5,0,11,12
msmarco-passage-trec-dl-2020,911232,balanced,1,1,20,637.0,10000,9363.0,274.0,19,0.4301412872841444,15,18,19
msmarco-passage-trec-dl-2020,911232,balanced,64,1,20,640.0,10000,9360.0,256.0,19,0.4,15,18,18
msmarco-passage-trec-dl-2020,911232,dibud,1,1,20,577.0,10000,9423.0,247.0,19,0.42807625649913345,15,18,18
msmarco-passage-trec-dl-2020,911232,dibud,64,1,20,640.0,10000,9360.0,256.0,19,0.4,15,18,18
msmarco-passage-trec-dl-2020,914916,balanced,1,1,20,504.0,10000,9496.0,68.0,9,0.1349206349206349,6,10,16
msmarco-passage-trec-dl-2020,914916,balanced,64,1,20,512.0,10000,9488.0,128.0,1,0.25,6,10,16
msmarco-passage-trec-dl-2020,914916,dibud,1,1,20,444.0,10000,9556.0,64.0,9,0.14414414414414414,6,9,16
msmarco-passage-trec-dl-2020,914916,dibud,64,1,20,448.0,10000,9552.0,128.0,1,0.2857142857142857,0,6,11
msmarco-passage-trec-dl-2020,938400,balanced,1,1,20,365.0,10000,9635.0,64.0,9,0.17534246575342466,3,8,12
msmarco-passage-trec-dl-2020,938400,balanced,64,1,20,384.0,10000,9616.0,128.0,1,0.3333333333333333,0,7,11
msmarco-passage-trec-dl-2020,938400,dibud,1,1,20,351.0,10000,9649.0,62.0,9,0.17663817663817663,3,8,11
msmarco-passage-trec-dl-2020,938400,dibud,64,1,20,384.0,10000,9616.0,128.0,1,0.3333333333333333,0,7,11
msmarco-passage-trec-dl-2020,940547,balanced,1,1,20,753.0,10000,9247.0,284.0,20,0.37715803452855245,9,16,19
msmarco-passage-trec-dl-2020,940547,balanced,64,1,20,704.0,10000,9296.0,192.0,20,0.2727272727272727,6,14,19
msmarco-passage-trec-dl-2020,940547,dibud,1,1,20,671.0,10000,9329.0,241.0,20,0.3591654247391952,8,16,19
msmarco-passage-trec-dl-2020,940547,dibud,64,1,20,704.0,10000,9296.0,192.0,20,0.2727272727272727,6,14,19
msmarco-passage-trec-dl-2020,997622,balanced,1,1,20,551.0,10000,9449.0,154.0,20,0.279491833030853,11,16,19
msmarco-passage-trec-dl-2020,997622,balanced,64,1,20,576.0,10000,9424.0,128.0,1,0.2222222222222222,11,16,18
msmarco-passage-trec-dl-2020,997622,dibud,1,1,20,471.0,10000,9529.0,124.0,20,0.2632696390658174,10,16,19
msmarco-passage-trec-dl-2020,997622,dibud,64,1,20,576.0,10000,9424.0,128.0,1,0.2222222222222222,11,16,18
nfcorpus,PLAIN-1008,balanced,1,1,20,21.0,101,80.0,5.0,1,0.23809523809523808,4,9,14
nfcorpus,PLAIN-1008,balanced,64,1,20,65.0,128,63.0,65.0,1,1.0,0,0,0
nfcorpus,PLAIN-1008,dibud,1,1,20,21.0,101,80.0,5.0,1,0.23809523809523808,4,9,14
nfcorpus,PLAIN-1008,dibud,64,1,20,65.0,128,63.0,65.0,1,1.0,0,0,0
nfcorpus,PLAIN-1018,balanced,1,1,20,114.0,1646,1532.0,50.0,19,0.43859649122807015,11,17,18
nfcorpus,PLAIN-1018,balanced,64,1,20,128.0,1664,1536.0,89.0,1,0.6953125,0,0,18
nfcorpus,PLAIN-1018,dibud,1,1,20,114.0,1646,1532.0,50.0,19,0.43859649122807015,11,17,18
nfcorpus,PLAIN-1018,dibud,64,1,20,128.0,1664,1536.0,89.0,1,0.6953125,0,0,18
nfcorpus,PLAIN-102,balanced,1,1,20,530.0,4539,4009.0,64.0,11,0.12075471698113208,3,10,14
nfcorpus,PLAIN-102,balanced,64,1,20,640.0,4544,3904.0,128.0,1,0.2,3,10,13
nfcorpus,PLAIN-102,dibud,1,1,20,456.0,4539,4083.0,61.0,3,0.1337719298245614,3,10,12
nfcorpus,PLAIN-102,dibud,64,1,20,512.0,4544,4032.0,128.0,1,0.25,3,10,13
nfcorpus,PLAIN-1028,balanced,1,1,20,595.0,3516,2921.0,115.0,19,0.19327731092436976,10,14,16
nfcorpus,PLAIN-1028,balanced,64,1,20,576.0,3561,2985.0,128.0,1,0.2222222222222222,10,13,16
nfcorpus,PLAIN-1028,dibud,1,1,20,554.0,3516,2962.0,122.0,19,0.22021660649819494,10,15,17
nfcorpus,PLAIN-1028,dibud,64,1,20,576.0,3520,2944.0,128.0,1,0.2222222222222222,10,13,16
nfcorpus,PLAIN-1039,balanced,1,1,20,502.0,2552,2050.0,132.0,19,0.26294820717131473,9,15,18
nfcorpus,PLAIN-1039,balanced,64,1,20,512.0,2560,2048.0,128.0,1,0.25,9,15,18
nfcorpus,PLAIN-1039,dibud,1,1,20,482.0,2552,2070.0,123.0,19,0.2551867219917012,8,15,18
nfcorpus,PLAIN-1039,dibud,64,1,20,512.0,2560,2048.0,128.0,1,0.25,9,15,18
nfcorpus,PLAIN-1050,balanced,1,1,20,1832.0,3573,1741.0,518.0,6,0.2827510917030568,2,4,5
nfcorpus,PLAIN-1050,balanced,64,1,20,1856.0,3584,1728.0,512.0,6,0.27586206896551724,2,4,5
nfcorpus,PLAIN-1050,dibud,1,1,20,1832.0,3573,1741.0,518.0,6,0.2827510917030568,2,4,5
nfcorpus,PLAIN-1050,dibud,64,1,20,1856.0,3584,1728.0,512.0,6,0.27586206896551724,2,4,5
nfcorpus,PLAIN-1066,balanced,1,1,20,2902.0,3590,688.0,1294.0,5,0.44589937973811167,4,4,7
nfcorpus,PLAIN-1066,balanced,64,1,20,2944.0,3648,704.0,1344.0,5,0.45652173913043476,4,4,7
nfcorpus,PLAIN-1066,dibud,1,1,20,2902.0,3590,688.0,1294.0,5,0.44589937973811167,4,4,7
nfcorpus,PLAIN-1066,dibud,64,1,20,2944.0,3648,704.0,1344.0,5,0.45652173913043476,4,4,7
nfcorpus,PLAIN-1088,balanced,1,1,20,22.0,102,80.0,4.0,1,0.18181818181818182,3,9,14
nfcorpus,PLAIN-1088,balanced,64,1,20,66.0,128,62.0,66.0,1,1.0,0,0,0
nfcorpus,PLAIN-1088,dibud,1,1,20,22.0,102,80.0,4.0,1,0.18181818181818182,3,9,14
nfcorpus,PLAIN-1088,dibud,64,1,20,66.0,128,62.0,66.0,1,1.0,0,0,0
nfcorpus,PLAIN-1098,balanced,1,1,20,20.0,100,80.0,1.0,1,0.05,5,10,15
nfcorpus,PLAIN-1098,balanced,64,1,20,64.0,128,64.0,64.0,1,1.0,0,0,0
nfcorpus,PLAIN-1098,dibud,1,1,20,20.0,100,80.0,1.0,1,0.05,5,10,15
nfcorpus,PLAIN-1098,dibud,64,1,20,64.0,128,64.0,64.0,1,1.0,0,0,0
nfcorpus,PLAIN-1109,balanced,1,1,20,103.0,2770,2667.0,22.0,10,0.21359223300970873,3,9,14
nfcorpus,PLAIN-1109,balanced,64,1,20,106.0,2816,2710.0,106.0,1,1.0,0,0,0
nfcorpus,PLAIN-1109,dibud,1,1,20,103.0,2770,2667.0,16.0,16,0.1553398058252427,3,9,14
nfcorpus,PLAIN-1109,dibud,64,1,20,106.0,2816,2710.0,106.0,1,1.0,0,0,0
nfcorpus,PLAIN-1119,balanced,1,1,20,460.0,2150,1690.0,82.0,17,0.1782608695652174,7,12,16
nfcorpus,PLAIN-1119,balanced,64,1,20,512.0,2176,1664.0,128.0,1,0.25,7,13,16
nfcorpus,PLAIN-1119,dibud,1,1,20,440.0,2150,1710.0,78.0,17,0.17727272727272728,7,12,16
nfcorpus,PLAIN-1119,dibud,64,1,20,512.0,2176,1664.0,128.0,1,0.25,7,13,16
nfcorpus,PLAIN-112,balanced,1,1,20,1262.0,3918,2656.0,296.0,12,0.23454833597464342,11,13,16
nfcorpus,PLAIN-112,balanced,64,1,20,1280.0,3968,2688.0,256.0,12,0.2,11,13,16
nfcorpus,PLAIN-112,dibud,1,1,20,1004.0,3918,2914.0,282.0,12,0.28087649402390436,11,13,17
nfcorpus,PLAIN-112,dibud,64,1,20,1024.0,3968,2944.0,320.0,12,0.3125,11,13,17
nfcorpus,PLAIN-1130,balanced,1,1,20,21.0,101,80.0,2.0,1,0.09523809523809523,4,9,14
nfcorpus,PLAIN-1130,balanced,64,1,20,65.0,128,63.0,65.0,1,1.0,0,0,0
nfcorpus,PLAIN-1130,dibud,1,1,20,21.0,101,80.0,2.0,1,0.09523809523809523,4,9,14
nfcorpus,PLAIN-1130,dibud,64,1,20,65.0,128,63.0,65.0,1,1.0,0,0,0
nfcorpus,PLAIN-1141,balanced,1,1,20,583.0,4321,3738.0,216.0,20,0.3704974271012007,10,16,19
nfcorpus,PLAIN-1141,balanced,64,1,20,640.0,4352,3712.0,256.0,20,0.4,9,15,19
nfcorpus,PLAIN-1141,dibud,1,1,20,555.0,4321,3766.0,201.0,20,0.3621621621621622,10,16,19
nfcorpus,PLAIN-1141,dibud,64,1,20,640.0,4352,3712.0,256.0,20,0.4,9,15,19
nfcorpus,PLAIN-1151,balanced,1,1,20,504.0,2868,2364.0,112.0,20,0.2222222222222222,7,14,18
nfcorpus,PLAIN-1151,balanced,64,1,20,508.0,2880,2372.0,128.0,1,0.25196850393700787,0,7,15
nfcorpus,PLAIN-1151,dibud,1,1,20,421.0,2868,2447.0,56.0,20,0.1330166270783848,6,14,16
nfcorpus,PLAIN-1151,dibud,64,1,20,444.0,2880,2436.0,128.0,1,0.2882882882882883,0,7,15
nfcorpus,PLAIN-1161,balanced,1,1,20,133.0,2450,2317.0,27.0,11,0.20300751879699247,5,10,12
nfcorpus,PLAIN-1161,balanced,64,1,20,192.0,2496,2304.0,117.0,1,0.609375,0,0,18
nfcorpus,PLAIN-1161,dibud,1,1,20,133.0,2450,2317.0,27.0,11,0.20300751879699247,6,10,13
nfcorpus,PLAIN-1161,dibud,64,1,20,192.0,2496,2304.0,117.0,1,0.609375,0,0,18
nfcorpus,PLAIN-1172,balanced,1,1,20,21.0,101,80.0,2.0,1,0.09523809523809523,4,9,14
nfcorpus,PLAIN-1172,balanced,64,1,20,65.0,128,63.0,65.0,1,1.0,0,0,0
nfcorpus,PLAIN-1172,dibud,1,1,20,21.0,101,80.0,2.0,1,0.09523809523809523,4,9,14
nfcorpus,PLAIN-1172,dibud,64,1,20,65.0,128,63.0,65.0,1,1.0,0,0,0
nfcorpus,PLAIN-1183,balanced,1,1,20,1787.0,1787,0.0,444.0,18,0.2484611080022384,15,17,18
nfcorpus,PLAIN-1183,balanced,64,1,20,1792.0,1792,0.0,448.0,19,0.25,15,17,18
nfcorpus,PLAIN-1183,dibud,1,1,20,1787.0,1787,0.0,444.0,18,0.2484611080022384,15,17,18
nfcorpus,PLAIN-1183,dibud,64,1,20,1792.0,1792,0.0,448.0,19,0.25,15,17,18
nfcorpus,PLAIN-1193,balanced,1,1,20,188.0,1922,1734.0,40.0,9,0.2127659574468085,5,8,11
nfcorpus,PLAIN-1193,balanced,64,1,20,256.0,1984,1728.0,128.0,1,0.5,0,10,10
nfcorpus,PLAIN-1193,dibud,1,1,20,183.0,1922,1739.0,40.0,9,0.2185792349726776,5,8,11
nfcorpus,PLAIN-1193,dibud,64,1,20,256.0,1984,1728.0,128.0,1,0.5,0,10,10
nfcorpus,PLAIN-12,balanced,1,1,20,1759.0,3537,1778.0,586.0,17,0.3331438317225696,8,14,16
nfcorpus,PLAIN-12,balanced,64,1,20,1792.0,3584,1792.0,576.0,17,0.32142857142857145,8,14,16
nfcorpus,PLAIN-12,dibud,1,1,20,1759.0,3537,1778.0,586.0,17,0.3331438317225696,8,14,16
nfcorpus,PLAIN-12,dibud,64,1,20,1792.0,3584,1792.0,576.0,17,0.32142857142857145,8,14,16
nfcorpus,PLAIN-1203,balanced,1,1,20,970.0,2935,1965.0,116.0,12,0.11958762886597939,10,13,17
nfcorpus,PLAIN-1203,balanced,64,1,20,1024.0,2944,1920.0,128.0,1,0.125,10,15,17
nfcorpus,PLAIN-1203,dibud,1,1,20,850.0,2935,2085.0,105.0,12,0.12352941176470589,10,13,17
nfcorpus,PLAIN-1203,dibud,64,1,20,896.0,2944,2048.0,128.0,1,0.14285714285714285,8,13,16
nfcorpus,PLAIN-1214,balanced,1,1,20,20.0,100,80.0,1.0,1,0.05,5,10,15
nfcorpus,PLAIN-1214,balanced,64,1,20,64.0,128,64.0,64.0,1,1.0,0,0,0
nfcorpus,PLAIN-1214,dibud,1,1,20,20.0,100,80.0,1.0,1,0.05,5,10,15
nfcorpus,PLAIN-1214,dibud,64,1,20,64.0,128,64.0,64.0,1,1.0,0,0,0
nfcorpus,PLAIN-1225,balanced,1,1,20,613.0,1475,862.0,242.0,20,0.39477977161500816,17,18,19
nfcorpus,PLAIN-1225,balanced,64,1,20,640.0,1536,896.0,256.0,20,0.4,16,18,19
nfcorpus,PLAIN-1225,dibud,1,1,20,613.0,1475,862.0,242.0,20,0.39477977161500816,17,18,19
nfcorpus,PLAIN-1225,dibud,64,1,20,640.0,1536,896.0,256.0,20,0.4,16,18,19
nfcorpus,PLAIN-123,balanced,1,1,20,2837.0,4007,1170.0,930.0,14,0.32781106802960874,10,12,13
nfcorpus,PLAIN-123,balanced,64,1,20,2880.0,4032,1152.0,948.0,14,0.32916666666666666,10,12,13
nfcorpus,PLAIN-123,dibud,1,1,20,2837.0,4007,1170.0,930.0,14,0.32781106802960874,10,12,13
nfcorpus,PLAIN-123,dibud,64,1,20,2880.0,4032,1152.0,948.0,14,0.32916666666666666,10,12,13
nfcorpus,PLAIN-1236,balanced,1,1,20,21.0,101,80.0,2.0,1,0.09523809523809523,4,9,14
nfcorpus,PLAIN-1236,balanced,64,1,20,65.0,128,63.0,65.0,1,1.0,0,0,0
nfcorpus,PLAIN-1236,dibud,1,1,20,21.0,101,80.0,2.0,1,0.09523809523809523,4,9,14
nfcorpus,PLAIN-1236,dibud,64,1,20,65.0,128,63.0,65.0,1,1.0,0,0,0
nfcorpus,PLAIN-1249,balanced,1,1,20,941.0,3473,2532.0,155.0,19,0.1647183846971307,10,13,17
nfcorpus,PLAIN-1249,balanced,64,1,20,960.0,3520,2560.0,128.0,1,0.13333333333333333,5,13,17
nfcorpus,PLAIN-1249,dibud,1,1,20,941.0,3473,2532.0,155.0,19,0.1647183846971307,10,13,17
nfcorpus,PLAIN-1249,dibud,64,1,20,960.0,3520,2560.0,128.0,1,0.13333333333333333,5,13,17
nfcorpus,PLAIN-1262,balanced,1,1,20,261.0,5833,5572.0,50.0,20,0.19157088122605365,10,14,18
nfcorpus,PLAIN-1262,balanced,64,1,20,320.0,5876,5556.0,128.0,1,0.4,0,14,14
nfcorpus,PLAIN-1262,dibud,1,1,20,247.0,5347,5100.0,46.0,15,0.1862348178137652,10,14,18
nfcorpus,PLAIN-1262,dibud,64,1,20,320.0,5440,5120.0,128.0,1,0.4,0,14,14
nfcorpus,PLAIN-1275,balanced,1,1,20,138.0,2532,2394.0,26.0,12,0.18840579710144928,5,11,16
nfcorpus,PLAIN-1275,balanced,64,1,20,192.0,2560,2368.0,110.0,1,0.5729166666666666,0,0,18
nfcorpus,PLAIN-1275,dibud,1,1,20,138.0,2532,2394.0,23.0,12,0.16666666666666666,6,11,16
nfcorpus,PLAIN-1275,dibud,64,1,20,192.0,2560,2368.0,110.0,1,0.5729166666666666,0,0,18
nfcorpus,PLAIN-1288,balanced,1,1,20,148.0,1106,958.0,53.0,19,0.3581081081081081,7,17,18
nfcorpus,PLAIN-1288,balanced,64,1,20,192.0,1152,960.0,99.0,19,0.515625,0,18,18
nfcorpus,PLAIN-1288,dibud,1,1,20,148.0,1106,958.0,53.0,19,0.3581081081081081,7,17,18
nfcorpus,PLAIN-1288,dibud,64,1,20,192.0,1152,960.0,99.0,19,0.515625,0,18,18
nfcorpus,PLAIN-1299,balanced,1,1,20,482.0,2916,2434.0,168.0,18,0.34854771784232363,11,17,17
nfcorpus,PLAIN-1299,balanced,64,1,20,512.0,2944,2432.0,128.0,1,0.25,11,17,18
nfcorpus,PLAIN-1299,dibud,1,1,20,394.0,2916,2522.0,127.0,18,0.3223350253807107,10,17,17
nfcorpus,PLAIN-1299,dibud,64,1,20,448.0,2944,2496.0,128.0,1,0.2857142857142857,0,14,18
nfcorpus,PLAIN-1309,balanced,1,1,20,20.0,100,80.0,1.0,1,0.05,5,10,15
nfcorpus,PLAIN-1309,balanced,64,1,20,64.0,128,64.0,64.0,1,1.0,0,0,0
nfcorpus,PLAIN-1309,dibud,1,1,20,20.0,100,80.0,1.0,1,0.05,5,10,15
nfcorpus,PLAIN-1309,dibud,64,1,20,64.0,128,64.0,64.0,1,1.0,0,0,0
nfcorpus,PLAIN-1320,balanced,1,1,20,317.0,5758,5441.0,122.0,13,0.38485804416403785,12,12,18
nfcorpus,PLAIN-1320,balanced,64,1,20,384.0,5769,5385.0,128.0,1,0.3333333333333333,0,12,18
nfcorpus,PLAIN-1320,dibud,1,1,20,296.0,5758,5462.0,112.0,13,0.3783783783783784,12,12,18
nfcorpus,PLAIN-1320,dibud,64,1,20,384.0,5760,5376.0,128.0,1,0.3333333333333333,0,12,18
nfcorpus,PLAIN-133,balanced,1,1,20,3065.0,4041,976.0,602.0,19,0.19641109298531811,12,16,18
nfcorpus,PLAIN-133,balanced,64,1,20,3072.0,4096,1024.0,647.0,19,0.21061197916666666,12,15,18
nfcorpus,PLAIN-133,dibud,1,1,20,3065.0,4041,976.0,602.0,19,0.19641109298531811,12,16,18
nfcorpus,PLAIN-133,dibud,64,1,20,3072.0,4096,1024.0,647.0,19,0.21061197916666666,12,15,18
nfcorpus,PLAIN-1331,balanced,1,1,20,1952.0,1952,0.0,923.0,1,0.4728483606557377,0,2,2
nfcorpus,PLAIN-1331,balanced,64,1,20,1984.0,1984,0.0,960.0,1,0.4838709677419355,0,2,2
nfcorpus,PLAIN-1331,dibud,1,1,20,1952.0,1952,0.0,923.0,1,0.4728483606557377,0,2,2
nfcorpus,PLAIN-1331,dibud,64,1,20,1984.0,1984,0.0,960.0,1,0.4838709677419355,0,2,2
nfcorpus,PLAIN-1342,balanced,1,1,20,109.0,3695,3586.0,20.0,6,0.1834862385321101,5,9,16
nfcorpus,PLAIN-1342,balanced,64,1,20,126.0,3695,3569.0,126.0,1,1.0,0,0,0
nfcorpus,PLAIN-1342,dibud,1,1,20,104.0,3695,3591.0,20.0,6,0.19230769230769232,5,9,16
nfcorpus,PLAIN-1342,dibud,64,1,20,126.0,3695,3569.0,126.0,1,1.0,0,0,0
nfcorpus,PLAIN-1353,balanced,1,1,20,978.0,978,0.0,976.0,2,0.9979550102249489,1,1,1
nfcorpus,PLAIN-1353,balanced,64,1,20,1024.0,1024,0.0,958.0,2,0.935546875,1,1,1
nfcorpus,PLAIN-1353,dibud,1,1,20,978.0,978,0.0,976.0,2,0.9979550102249489,1,1,1
nfcorpus,PLAIN-1353,dibud,64,1,20,1024.0,1024,0.0,958.0,2,0.935546875,1,1,1
nfcorpus,PLAIN-1363,balanced,1,1,20,21.0,101,80.0,2.0,1,0.09523809523809523,4,9,14
nfcorpus,PLAIN-1363,balanced,64,1,20,65.0,128,63.0,65.0,1,1.0,0,0,0
nfcorpus,PLAIN-1363,dibud,1,1,20,21.0,101,80.0,2.0,1,0.09523809523809523,4,9,14
nfcorpus,PLAIN-1363,dibud,64,1,20,65.0,128,63.0,65.0,1,1.0,0,0,0
nfcorpus,PLAIN-1374,balanced,1,1,20,402.0,2556,2154.0,82.0,20,0.20398009950248755,5,9,16
nfcorpus,PLAIN-1374,balanced,64,1,20,512.0,2560,2048.0,128.0,1,0.25,5,12,19
nfcorpus,PLAIN-1374,dibud,1,1,20,357.0,2556,2199.0,70.0,20,0.19607843137254902,5,9,15
nfcorpus,PLAIN-1374,dibud,64,1,20,448.0,2560,2112.0,128.0,1,0.2857142857142857,0,6,19
nfcorpus,PLAIN-1387,balanced,1,1,20,1015.0,1546,531.0,683.0,11,0.6729064039408867,10,10,10
nfcorpus,PLAIN-1387,balanced,64,1,20,1024.0,1600,576.0,704.0,11,0.6875,10,10,10
nfcorpus,PLAIN-1387,dibud,1,1,20,1015.0,1546,531.0,683.0,11,0.6729064039408867,10,10,10
nfcorpus,PLAIN-1387,dibud,64,1,20,1024.0,1600,576.0,704.0,11,0.6875,10,10,10
nfcorpus,PLAIN-1398,balanced,1,1,20,66.0,3221,3155.0,16.0,4,0.24242424242424243,3,4,17
nfcorpus,PLAIN-1398,balanced,64,1,20,128.0,3264,3136.0,128.0,1,1.0,0,0,0
nfcorpus,PLAIN-1398,dibud,1,1,20,63.0,3221,3158.0,16.0,4,0.25396825396825395,3,4,17
nfcorpus,PLAIN-1398,dibud,64,1,20,128.0,3264,3136.0,128.0,1,1.0,0,0,0
nfcorpus,PLAIN-1409,balanced,1,1,20,549.0,3352,2803.0,90.0,19,0.16393442622950818,5,9,17
nfcorpus,PLAIN-1409,balanced,64,1,20,576.0,3392,2816.0,128.0,1,0.2222222222222222,5,9,17
nfcorpus,PLAIN-1409,dibud,1,1,20,549.0,3352,2803.0,93.0,10,0.16939890710382513,5,9,17
nfcorpus,PLAIN-1409,dibud,64,1,20,576.0,3392,2816.0,128.0,1,0.2222222222222222,5,9,17
nfcorpus,PLAIN-1419,balanced,1,1,20,1834.0,1834,0.0,513.0,8,0.2797164667393675,6,7,10
nfcorpus,PLAIN-1419,balanced,64,1,20,1856.0,1856,0.0,512.0,8,0.27586206896551724,6,7,10
nfcorpus,PLAIN-1419,dibud,1,1,20,1834.0,1834,0.0,513.0,8,0.2797164667393675,6,7,10
nfcorpus,PLAIN-1419,dibud,64,1,20,1856.0,1856,0.0,512.0,8,0.27586206896551724,6,7,10
nfcorpus,PLAIN-1429,balanced,1,1,20,501.0,5079,4578.0,102.0,6,0.20359281437125748,5,10,14
nfcorpus,PLAIN-1429,balanced,64,1,20,448.0,5056,4608.0,128.0,1,0.2857142857142857,0,5,11
nfcorpus,PLAIN-1429,dibud,1,1,20,441.0,4188,3747.0,98.0,6,0.2222222222222222,5,8,12
nfcorpus,PLAIN-1429,dibud,64,1,20,448.0,4224,3776.0,128.0,1,0.2857142857142857,0,5,11
nfcorpus,PLAIN-143,balanced,1,1,20,511.0,3317,2806.0,145.0,18,0.2837573385518591,11,15,17
nfcorpus,PLAIN-143,balanced,64,1,20,512.0,3328,2816.0,128.0,1,0.25,11,15,17
nfcorpus,PLAIN-143,dibud,1,1,20,511.0,3317,2806.0,167.0,18,0.3268101761252446,11,15,17
nfcorpus,PLAIN-143,dibud,64,1,20,512.0,3328,2816.0,128.0,1,0.25,11,15,17
nfcorpus,PLAIN-1441,balanced,1,1,20,131.0,3158,3027.0,24.0,12,0.183206106870229,6,11,13
nfcorpus,PLAIN-1441,balanced,64,1,20,192.0,3200,3008.0,124.0,1,0.6458333333333334,0,0,16
nfcorpus,PLAIN-1441,dibud,1,1,20,123.0,3158,3035.0,22.0,12,0.17886178861788618,7,11,13
nfcorpus,PLAIN-1441,dibud,64,1,20,192.0,3200,3008.0,124.0,1,0.6458333333333334,0,0,16
nfcorpus,PLAIN-1453,balanced,1,1,20,723.0,3130,2407.0,269.0,16,0.37206085753803597,7,11,15
nfcorpus,PLAIN-1453,balanced,64,1,20,704.0,3136,2432.0,192.0,16,0.2727272727272727,5,8,15
nfcorpus,PLAIN-1453,dibud,1,1,20,646.0,3130,2484.0,201.0,16,0.3111455108359133,7,9,15
nfcorpus,PLAIN-1453,dibud,64,1,20,704.0,3136,2432.0,192.0,16,0.2727272727272727,5,8,15
nfcorpus,PLAIN-1463,balanced,1,1,20,164.0,2410,2246.0,24.0,13,0.14634146341463414,6,12,15
nfcorpus,PLAIN-1463,balanced,64,1,20,252.0,2432,2180.0,128.0,1,0.5079365079365079,0,0,16
nfcorpus,PLAIN-1463,dibud,1,1,20,164.0,2410,2246.0,24.0,13,0.14634146341463414,9,12,15
nfcorpus,PLAIN-1463,dibud,64,1,20,252.0,2432,2180.0,128.0,1,0.5079365079365079,0,0,16
nfcorpus,PLAIN-1473,balanced,1,1,20,44.0,101,57.0,44.0,1,1.0,0,0,0
nfcorpus,PLAIN-1473,balanced,64,1,20,65.0,128,63.0,65.0,1,1.0,0,0,0
nfcorpus,PLAIN-1473,dibud,1,1,20,44.0,101,57.0,44.0,1,1.0,0,0,0
nfcorpus,PLAIN-1473,dibud,64,1,20,65.0,128,63.0,65.0,1,1.0,0,0,0
nfcorpus,PLAIN-1485,balanced,1,1,20,21.0,101,80.0,5.0,1,0.23809523809523808,4,9,14
nfcorpus,PLAIN-1485,balanced,64,1,20,65.0,128,63.0,65.0,1,1.0,0,0,0
nfcorpus,PLAIN-1485,dibud,1,1,20,21.0,101,80.0,5.0,1,0.23809523809523808,4,9,14
nfcorpus,PLAIN-1485,dibud,64,1,20,65.0,128,63.0,65.0,1,1.0,0,0,0
nfcorpus,PLAIN-1496,balanced,1,1,20,324.0,324,0.0,278.0,2,0.8580246913580247,1,1,1
nfcorpus,PLAIN-1496,balanced,64,1,20,384.0,384,0.0,318.0,2,0.828125,1,1,1
nfcorpus,PLAIN-1496,dibud,1,1,20,324.0,324,0.0,278.0,2,0.8580246913580247,1,1,1
nfcorpus,PLAIN-1496,dibud,64,1,20,384.0,384,0.0,318.0,2,0.828125,1,1,1
nfcorpus,PLAIN-1506,balanced,1,1,20,1072.0,1072,0.0,631.0,7,0.5886194029850746,5,6,6
nfcorpus,PLAIN-1506,balanced,64,1,20,1088.0,1088,0.0,640.0,7,0.5882352941176471,5,6,6
nfcorpus,PLAIN-1506,dibud,1,1,20,1072.0,1072,0.0,631.0,7,0.5886194029850746,5,6,6
nfcorpus,PLAIN-1506,dibud,64,1,20,1088.0,1088,0.0,640.0,7,0.5882352941176471,5,6,6
nfcorpus,PLAIN-1516,balanced,1,1,20,22.0,102,80.0,5.0,1,0.22727272727272727,4,9,14
nfcorpus,PLAIN-1516,balanced,64,1,20,66.0,128,62.0,66.0,1,1.0,0,0,0
nfcorpus,PLAIN-1516,dibud,1,1,20,22.0,102,80.0,5.0,1,0.22727272727272727,4,9,14
nfcorpus,PLAIN-1516,dibud,64,1,20,66.0,128,62.0,66.0,1,1.0,0,0,0
nfcorpus,PLAIN-1527,balanced,1,1,20,136.0,4149,4013.0,22.0,16,0.16176470588235295,5,11,15
nfcorpus,PLAIN-1527,balanced,64,1,20,256.0,4160,3904.0,128.0,1,0.5,0,19,19
nfcorpus,PLAIN-1527,dibud,1,1,20,121.0,4149,4028.0,20.0,16,0.1652892561983471,4,11,15
nfcorpus,PLAIN-1527,dibud,64,1,20,192.0,4160,3968.0,128.0,1,0.6666666666666666,0,0,19
nfcorpus,PLAIN-153,balanced,1,1,20,141.0,4337,4196.0,34.0,19,0.24113475177304963,4,13,18
nfcorpus,PLAIN-153,balanced,64,1,20,192.0,4352,4160.0,128.0,1,0.6666666666666666,0,0,18
nfcorpus,PLAIN-153,dibud,1,1,20,115.0,4337,4222.0,28.0,19,0.24347826086956523,2,10,18
nfcorpus,PLAIN-153,dibud,64,1,20,192.0,4352,4160.0,128.0,1,0.6666666666666666,0,0,18
nfcorpus,PLAIN-1537,balanced,1,1,20,207.0,2318,2111.0,30.0,9,0.14492753623188406,8,11,15
nfcorpus,PLAIN-1537,balanced,64,1,20,256.0,2432,2176.0,128.0,1,0.5,0,13,17
nfcorpus,PLAIN-1537,dibud,1,1,20,181.0,1968,1787.0,31.0,9,0.1712707182320442,3,11,14
nfcorpus,PLAIN-1537,dibud,64,1,20,256.0,2048,1792.0,128.0,1,0.5,0,13,17
nfcorpus,PLAIN-1547,balanced,1,1,20,1144.0,4537,3393.0,152.0,13,0.13286713286713286,7,11,15
nfcorpus,PLAIN-1547,balanced,64,1,20,1152.0,4544,3392.0,256.0,13,0.2222222222222222,6,10,12
nfcorpus,PLAIN-1547,dibud,1,1,20,1123.0,4537,3414.0,169.0,16,0.15048975957257346,7,11,15
nfcorpus,PLAIN-1547,dibud,64,1,20,1152.0,4544,3392.0,192.0,13,0.16666666666666666,6,12,15
nfcorpus,PLAIN-1557,balanced,1,1,20,849.0,1319,470.0,180.0,15,0.21201413427561838,9,12,14
nfcorpus,PLAIN-1557,balanced,64,1,20,896.0,1344,448.0,192.0,15,0.21428571428571427,9,12,14
nfcorpus,PLAIN-1557,dibud,1,1,20,849.0,1319,470.0,180.0,15,0.21201413427561838,9,12,14
nfcorpus,PLAIN-1557,dibud,64,1,20,896.0,1344,448.0,192.0,15,0.21428571428571427,9,12,14
nfcorpus,PLAIN-1568,balanced,1,1,20,2001.0,2001,0.0,1661.0,12,0.8300849575212393,11,11,11
nfcorpus,PLAIN-1568,balanced,64,1,20,2048.0,2048,0.0,1664.0,12,0.8125,11,11,11
nfcorpus,PLAIN-1568,dibud,1,1,20,2001.0,2001,0.0,1661.0,12,0.8300849575212393,11,11,11
nfcorpus,PLAIN-1568,dibud,64,1,20,2048.0,2048,0.0,1664.0,12,0.8125,11,11,11
nfcorpus,PLAIN-1579,balanced,1,1,20,72.0,102,30.0,70.0,2,0.9722222222222222,1,1,1
nfcorpus,PLAIN-1579,balanced,64,1,20,128.0,128,0.0,66.0,1,0.515625,0,0,1
nfcorpus,PLAIN-1579,dibud,1,1,20,72.0,102,30.0,70.0,2,0.9722222222222222,1,1,1
nfcorpus,PLAIN-1579,dibud,64,1,20,128.0,128,0.0,66.0,1,0.515625,0,0,1
nfcorpus,PLAIN-1590,balanced,1,1,20,258.0,3723,3465.0,54.0,19,0.20930232558139536,9,14,18
nfcorpus,PLAIN-1590,balanced,64,1,20,384.0,3776,3392.0,128.0,1,0.3333333333333333,0,14,19
nfcorpus,PLAIN-1590,dibud,1,1,20,218.0,3723,3505.0,45.0,19,0.20642201834862386,9,14,18
nfcorpus,PLAIN-1590,dibud,64,1,20,320.0,3776,3456.0,128.0,1,0.4,0,14,17
nfcorpus,PLAIN-1601,balanced,1,1,20,159.0,3645,3486.0,22.0,11,0.13836477987421383,7,10,15
nfcorpus,PLAIN-1601,balanced,64,1,20,192.0,3648,3456.0,108.0,1,0.5625,0,0,16
nfcorpus,PLAIN-1601,dibud,1,1,20,159.0,3645,3486.0,22.0,12,0.13836477987421383,7,11,15
nfcorpus,PLAIN-1601,dibud,64,1,20,192.0,3648,3456.0,108.0,1,0.5625,0,0,16
nfcorpus,PLAIN-1611,balanced,1,1,20,20.0,100,80.0,1.0,1,0.05,5,10,15
nfcorpus,PLAIN-1611,balanced,64,1,20,64.0,128,64.0,64.0,1,1.0,0,0,0
nfcorpus,PLAIN-1611,dibud,1,1,20,20.0,100,80.0,1.0,1,0.05,5,10,15
nfcorpus,PLAIN-1611,dibud,64,1,20,64.0,128,64.0,64.0,1,1.0,0,0,0
nfcorpus,PLAIN-1621,balanced,1,1,20,20.0,100,80.0,1.0,1,0.05,5,10,15
nfcorpus,PLAIN-1621,balanced,64,1,20,64.0,128,64.0,64.0,1,1.0,0,0,0
nfcorpus,PLAIN-1621,dibud,1,1,20,20.0,100,80.0,1.0,1,0.05,5,10,15
nfcorpus,PLAIN-1621,dibud,64,1,20,64.0,128,64.0,64.0,1,1.0,0,0,0
nfcorpus,PLAIN-1635,balanced,1,1,20,97.0,551,454.0,18.0,6,0.18556701030927836,2,5,15
nfcorpus,PLAIN-1635,balanced,64,1,20,128.0,576,448.0,128.0,1,1.0,0,0,0
nfcorpus,PLAIN-1635,dibud,1,1,20,93.0,551,458.0,17.0,6,0.1827956989247312,2,5,14
nfcorpus,PLAIN-1635,dibud,64,1,20,128.0,576,448.0,128.0,1,1.0,0,0,0
nfcorpus,PLAIN-1645,balanced,1,1,20,21.0,101,80.0,3.0,1,0.14285714285714285,4,9,14
nfcorpus,PLAIN-1645,balanced,64,1,20,65.0,128,63.0,65.0,1,1.0,0,0,0
nfcorpus,PLAIN-1645,dibud,1,1,20,21.0,101,80.0,3.0,1,0.14285714285714285,4,9,14
nfcorpus,PLAIN-1645,dibud,64,1,20,65.0,128,63.0,65.0,1,1.0,0,0,0
nfcorpus,PLAIN-165,balanced,1,1,20,275.0,3188,2913.0,56.0,11,0.20363636363636364,8,10,12
nfcorpus,PLAIN-165,balanced,64,1,20,320.0,3191,2871.0,128.0,1,0.4,0,10,12
nfcorpus,PLAIN-165,dibud,1,1,20,237.0,2942,2705.0,47.0,11,0.19831223628691982,9,10,12
nfcorpus,PLAIN-165,dibud,64,1,20,320.0,3008,2688.0,128.0,1,0.4,0,10,12
nfcorpus,PLAIN-1656,balanced,1,1,20,621.0,4145,3524.0,124.0,20,0.1996779388083736,10,11,18
nfcorpus,PLAIN-1656,balanced,64,1,20,576.0,4160,3584.0,128.0,1,0.2222222222222222,6,10,14
nfcorpus,PLAIN-1656,dibud,1,1,20,519.0,4145,3626.0,120.0,11,0.23121387283236994,6,11,16
nfcorpus,PLAIN-1656,dibud,64,1,20,576.0,4192,3616.0,128.0,1,0.2222222222222222,6,10,14
nfcorpus,PLAIN-1667,balanced,1,1,20,403.0,4453,4050.0,76.0,11,0.18858560794044665,9,12,15
nfcorpus,PLAIN-1667,balanced,64,1,20,448.0,4480,4032.0,128.0,1,0.2857142857142857,0,10,17
nfcorpus,PLAIN-1667,dibud,1,1,20,349.0,4453,4104.0,63.0,11,0.18051575931232092,7,11,15
nfcorpus,PLAIN-1667,dibud,64,1,20,448.0,4480,4032.0,128.0,1,0.2857142857142857,0,10,17
nfcorpus,PLAIN-1679,balanced,1,1,20,20.0,100,80.0,1.0,1,0.05,5,10,15
nfcorpus,PLAIN-1679,balanced,64,1,20,64.0,128,64.0,64.0,1,1.0,0,0,0
nfcorpus,PLAIN-1679,dibud,1,1,20,20.0,100,80.0,1.0,1,0.05,5,10,15
nfcorpus,PLAIN-1679,dibud,64,1,20,64.0,128,64.0,64.0,1,1.0,0,0,0
nfcorpus,PLAIN-1690,balanced,1,1,20,1979.0,3451,1472.0,1054.0,20,0.5325922182920667,12,19,19
nfcorpus,PLAIN-1690,balanced,64,1,20,1984.0,3456,1472.0,1039.0,20,0.5236895161290323,8,19,19
nfcorpus,PLAIN-1690,dibud,1,1,20,1979.0,3451,1472.0,1054.0,20,0.5325922182920667,12,19,19
nfcorpus,PLAIN-1690,dibud,64,1,20,1984.0,3456,1472.0,1039.0,20,0.5236895161290323,8,19,19
nfcorpus,PLAIN-1700,balanced,1,1,20,814.0,3506,2692.0,140.0,15,0.171990171990172,5,13,17
nfcorpus,PLAIN-1700,balanced,64,1,20,832.0,3520,2688.0,145.0,15,0.17427884615384615,4,9,15
nfcorpus,PLAIN-1700,dibud,1,1,20,814.0,3506,2692.0,140.0,15,0.171990171990172,5,13,17
nfcorpus,PLAIN-1700,dibud,64,1,20,832.0,3520,2688.0,145.0,15,0.17427884615384615,4,9,15
nfcorpus,PLAIN-1710,balanced,1,1,20,33.0,113,80.0,7.0,2,0.21212121212121213,1,3,10
nfcorpus,PLAIN-1710,balanced,64,1,20,77.0,128,51.0,77.0,1,1.0,0,0,0
nfcorpus,PLAIN-1710,dibud,1,1,20,33.0,113,80.0,7.0,2,0.21212121212121213,1,3,10
nfcorpus,PLAIN-1710,dibud,64,1,20,77.0,128,51.0,77.0,1,1.0,0,0,0
nfcorpus,PLAIN-1721,balanced,1,1,20,3410.0,5644,2234.0,1296.0,18,0.38005865102639297,13,16,17
nfcorpus,PLAIN-1721,balanced,64,1,20,3456.0,5692,2236.0,1280.0,18,0.37037037037037035,13,16,17
nfcorpus,PLAIN-1721,dibud,1,1,20,2481.0,5644,3163.0,801.0,18,0.32285368802902054,12,15,17
nfcorpus,PLAIN-1721,dibud,64,1,20,2560.0,5696,3136.0,768.0,18,0.3,12,15,17
nfcorpus,PLAIN-1731,balanced,1,1,20,26.0,105,79.0,16.0,4,0.6153846153846154,3,3,3
nfcorpus,PLAIN-1731,balanced,64,1,20,69.0,128,59.0,69.0,1,1.0,0,0,0
nfcorpus,PLAIN-1731,dibud,1,1,20,26.0,105,79.0,16.0,4,0.6153846153846154,3,3,3
nfcorpus,PLAIN-1731,dibud,64,1,20,69.0,128,59.0,69.0,1,1.0,0,0,0
nfcorpus,PLAIN-1741,balanced,1,1,20,65.0,1478,1413.0,17.0,6,0.26153846153846155,1,5,11
nfcorpus,PLAIN-1741,balanced,64,1,20,128.0,1536,1408.0,128.0,1,1.0,0,0,0
nfcorpus,PLAIN-1741,dibud,1,1,20,58.0,1478,1420.0,16.0,6,0.27586206896551724,1,5,11
nfcorpus,PLAIN-1741,dibud,64,1,20,128.0,1536,1408.0,128.0,1,1.0,0,0,0
nfcorpus,PLAIN-175,balanced,1,1,20,911.0,2663,1752.0,134.0,7,0.14709110867178923,6,7,12
nfcorpus,PLAIN-175,balanced,64,1,20,960.0,2708,1748.0,128.0,1,0.13333333333333333,3,7,12
nfcorpus,PLAIN-175,dibud,1,1,20,880.0,2663,1783.0,123.0,7,0.13977272727272727,6,8,14
nfcorpus,PLAIN-175,dibud,64,1,20,960.0,2708,1748.0,128.0,1,0.13333333333333333,3,8,16
nfcorpus,PLAIN-1752,balanced,1,1,20,20.0,100,80.0,1.0,1,0.05,5,10,15
nfcorpus,PLAIN-1752,balanced,64,1,20,64.0,128,64.0,64.0,1,1.0,0,0,0
nfcorpus,PLAIN-1752,dibud,1,1,20,20.0,100,80.0,1.0,1,0.05,5,10,15
nfcorpus,PLAIN-1752,dibud,64,1,20,64.0,128,64.0,64.0,1,1.0,0,0,0
nfcorpus,PLAIN-1762,balanced,1,1,20,318.0,2997,2679.0,43.0,13,0.13522012578616352,8,13,17
nfcorpus,PLAIN-1762,balanced,64,1,20,384.0,3008,2624.0,128.0,1,0.3333333333333333,0,12,18
nfcorpus,PLAIN-1762,dibud,1,1,20,308.0,2997,2689.0,44.0,13,0.14285714285714285,8,13,17
nfcorpus,PLAIN-1762,dibud,64,1,20,384.0,3008,2624.0,128.0,1,0.3333333333333333,0,12,18
nfcorpus,PLAIN-1772,balanced,1,1,20,22.0,102,80.0,4.0,1,0.18181818181818182,3,9,14
nfcorpus,PLAIN-1772,balanced,64,1,20,66.0,128,62.0,66.0,1,1.0,0,0,0
nfcorpus,PLAIN-1772,dibud,1,1,20,22.0,102,80.0,4.0,1,0.18181818181818182,3,9,14
nfcorpus,PLAIN-1772,dibud,64,1,20,66.0,128,62.0,66.0,1,1.0,0,0,0
nfcorpus,PLAIN-1784,balanced,1,1,20,262.0,1094,832.0,44.0,13,0.16793893129770993,3,11,13
nfcorpus,PLAIN-1784,balanced,64,1,20,384.0,1152,768.0,128.0,1,0.3333333333333333,0,11,18
nfcorpus,PLAIN-1784,dibud,1,1,20,262.0,1094,832.0,44.0,13,0.16793893129770993,3,11,13
nfcorpus,PLAIN-1784,dibud,64,1,20,384.0,1152,768.0,128.0,1,0.3333333333333333,0,11,18
nfcorpus,PLAIN-1794,balanced,1,1,20,22.0,102,80.0,4.0,2,0.18181818181818182,1,9,14
nfcorpus,PLAIN-1794,balanced,64,1,20,66.0,128,62.0,66.0,1,1.0,0,0,0
nfcorpus,PLAIN-1794,dibud,1,1,20,22.0,102,80.0,4.0,2,0.18181818181818182,1,9,14
nfcorpus,PLAIN-1794,dibud,64,1,20,66.0,128,62.0,66.0,1,1.0,0,0,0
nfcorpus,PLAIN-1805,balanced,1,1,20,85.0,3456,3371.0,20.0,18,0.23529411764705882,7,15,17
nfcorpus,PLAIN-1805,balanced,64,1,20,128.0,3457,3329.0,128.0,1,1.0,0,0,0
nfcorpus,PLAIN-1805,dibud,1,1,20,76.0,3456,3380.0,13.0,18,0.17105263157894737,7,15,17
nfcorpus,PLAIN-1805,dibud,64,1,20,128.0,3456,3328.0,128.0,1,1.0,0,0,0
nfcorpus,PLAIN-1817,balanced,1,1,20,2127.0,2150,23.0,608.0,16,0.2858486130700517,15,16,17
nfcorpus,PLAIN-1817,balanced,64,1,20,2176.0,2176,0.0,640.0,16,0.29411764705882354,15,17,17
nfcorpus,PLAIN-1817,dibud,1,1,20,2127.0,2150,23.0,608.0,16,0.2858486130700517,15,16,17
nfcorpus,PLAIN-1817,dibud,64,1,20,2176.0,2176,0.0,640.0,16,0.29411764705882354,15,17,17
nfcorpus,PLAIN-1827,balanced,1,1,20,20.0,100,80.0,1.0,1,0.05,5,10,15
nfcorpus,PLAIN-1827,balanced,64,1,20,64.0,128,64.0,64.0,1,1.0,0,0,0
nfcorpus,PLAIN-1827,dibud,1,1,20,20.0,100,80.0,1.0,1,0.05,5,10,15
nfcorpus,PLAIN-1827,dibud,64,1,20,64.0,128,64.0,64.0,1,1.0,0,0,0
nfcorpus,PLAIN-1837,balanced,1,1,20,105.0,516,411.0,24.0,20,0.22857142857142856,3,16,17
nfcorpus,PLAIN-1837,balanced,64,1,20,128.0,576,448.0,128.0,1,1.0,0,0,0
nfcorpus,PLAIN-1837,dibud,1,1,20,86.0,516,430.0,20.0,1,0.23255813953488372,1,11,17
nfcorpus,PLAIN-1837,dibud,64,1,20,128.0,576,448.0,128.0,1,1.0,0,0,0
nfcorpus,PLAIN-1847,balanced,1,1,20,993.0,993,0.0,434.0,4,0.43705941591137965,1,2,3
nfcorpus,PLAIN-1847,balanced,64,1,20,1024.0,1024,0.0,448.0,4,0.4375,2,2,3
nfcorpus,PLAIN-1847,dibud,1,1,20,993.0,993,0.0,434.0,4,0.43705941591137965,1,2,3
nfcorpus,PLAIN-1847,dibud,64,1,20,1024.0,1024,0.0,448.0,4,0.4375,2,2,3
nfcorpus,PLAIN-1857,balanced,1,1,20,286.0,2613,2327.0,72.0,7,0.2517482517482518,6,12,15
nfcorpus,PLAIN-1857,balanced,64,1,20,384.0,2624,2240.0,128.0,1,0.3333333333333333,0,10,17
nfcorpus,PLAIN-1857,dibud,1,1,20,286.0,2613,2327.0,72.0,7,0.2517482517482518,6,12,15
nfcorpus,PLAIN-1857,dibud,64,1,20,384.0,2624,2240.0,128.0,1,0.3333333333333333,0,10,17
nfcorpus,PLAIN-186,balanced,1,1,20,143.0,2389,2246.0,22.0,5,0.15384615384615385,4,8,12
nfcorpus,PLAIN-186,balanced,64,1,20,256.0,2432,2176.0,128.0,1,0.5,0,14,17
nfcorpus,PLAIN-186,dibud,1,1,20,143.0,2389,2246.0,22.0,5,0.15384615384615385,4,8,13
nfcorpus,PLAIN-186,dibud,64,1,20,256.0,2432,2176.0,128.0,1,0.5,0,14,17
nfcorpus,PLAIN-1867,balanced,1,1,20,26.0,102,76.0,19.0,2,0.7307692307692307,0,1,1
nfcorpus,PLAIN-1867,balanced,64,1,20,66.0,128,62.0,66.0,1,1.0,0,0,0
nfcorpus,PLAIN-1867,dibud,1,1,20,26.0,102,76.0,19.0,2,0.7307692307692307,0,1,1
nfcorpus,PLAIN-1867,dibud,64,1,20,66.0,128,62.0,66.0,1,1.0,0,0,0
nfcorpus,PLAIN-1877,balanced,1,1,20,132.0,3407,3275.0,16.0,12,0.12121212121212122,10,12,15
nfcorpus,PLAIN-1877,balanced,64,1,20,256.0,3458,3202.0,128.0,1,0.5,0,19,19
nfcorpus,PLAIN-1877,dibud,1,1,20,126.0,3407,3281.0,15.0,12,0.11904761904761904,10,12,15
nfcorpus,PLAIN-1877,dibud,64,1,20,192.0,3458,3266.0,128.0,1,0.6666666666666666,0,0,19
nfcorpus,PLAIN-1887,balanced,1,1,20,567.0,1890,1323.0,76.0,16,0.13403880070546736,10,15,17
nfcorpus,PLAIN-1887,balanced,64,1,20,576.0,1920,1344.0,128.0,1,0.2222222222222222,9,14,16
nfcorpus,PLAIN-1887,dibud,1,1,20,431.0,1890,1459.0,57.0,16,0.13225058004640372,6,15,17
nfcorpus,PLAIN-1887,dibud,64,1,20,512.0,1920,1408.0,128.0,1,0.25,9,14,18
nfcorpus,PLAIN-1897,balanced,1,1,20,3078.0,3078,0.0,900.0,8,0.29239766081871343,4,7,14
nfcorpus,PLAIN-1897,balanced,64,1,20,3136.0,3136,0.0,896.0,8,0.2857142857142857,4,7,14
nfcorpus,PLAIN-1897,dibud,1,1,20,3078.0,3078,0.0,900.0,8,0.29239766081871343,4,7,14
nfcorpus,PLAIN-1897,dibud,64,1,20,3136.0,3136,0.0,896.0,8,0.2857142857142857,4,7,14
nfcorpus,PLAIN-1909,balanced,1,1,20,155.0,1892,1737.0,33.0,20,0.2129032258064516,5,10,16
nfcorpus,PLAIN-1909,balanced,64,1,20,192.0,1920,1728.0,120.0,1,0.625,0,0,19
nfcorpus,PLAIN-1909,dibud,1,1,20,155.0,1892,1737.0,33.0,20,0.2129032258064516,5,11,16
nfcorpus,PLAIN-1909,dibud,64,1,20,192.0,1920,1728.0,120.0,1,0.625,0,0,19
nfcorpus,PLAIN-1919,balanced,1,1,20,165.0,639,474.0,33.0,15,0.2,7,13,16
nfcorpus,PLAIN-1919,balanced,64,1,20,248.0,640,392.0,128.0,1,0.5161290322580645,0,0,16
nfcorpus,PLAIN-1919,dibud,1,1,20,150.0,639,489.0,26.0,15,0.17333333333333334,7,13,16
nfcorpus,PLAIN-1919,dibud,64,1,20,248.0,640,392.0,128.0,1,0.5161290322580645,0,0,16
nfcorpus,PLAIN-1929,balanced,1,1,20,356.0,2271,1915.0,78.0,20,0.21910112359550563,10,16,18
nfcorpus,PLAIN-1929,balanced,64,1,20,384.0,2304,1920.0,128.0,1,0.3333333333333333,0,10,18
nfcorpus,PLAIN-1929,dibud,1,1,20,295.0,2271,1976.0,62.0,20,0.21016949152542372,10,16,18
nfcorpus,PLAIN-1929,dibud,64,1,20,320.0,2304,1984.0,128.0,1,0.4,0,10,16
nfcorpus,PLAIN-1940,balanced,1,1,20,363.0,363,0.0,231.0,7,0.6363636363636364,5,6,6
nfcorpus,PLAIN-1940,balanced,64,1,20,384.0,384,0.0,192.0,7,0.5,4,6,6
nfcorpus,PLAIN-1940,dibud,1,1,20,363.0,363,0.0,231.0,7,0.6363636363636364,5,6,6
nfcorpus,PLAIN-1940,dibud,64,1,20,384.0,384,0.0,192.0,7,0.5,4,6,6
nfcorpus,PLAIN-1950,balanced,1,1,20,166.0,166,0.0,145.0,5,0.8734939759036144,4,4,4
nfcorpus,PLAIN-1950,balanced,64,1,20,192.0,192,0.0,123.0,5,0.640625,0,4,4
nfcorpus,PLAIN-1950,dibud,1,1,20,166.0,166,0.0,145.0,5,0.8734939759036144,4,4,4
nfcorpus,PLAIN-1950,dibud,64,1,20,192.0,192,0.0,123.0,5,0.640625,0,4,4
nfcorpus,PLAIN-196,balanced,1,1,20,2536.0,5205,2669.0,1002.0,16,0.3951104100946372,11,15,15
nfcorpus,PLAIN-196,balanced,64,1,20,2560.0,5248,2688.0,1024.0,16,0.4,11,15,15
nfcorpus,PLAIN-196,dibud,1,1,20,2335.0,5205,2870.0,738.0,16,0.31605995717344754,11,15,16
nfcorpus,PLAIN-196,dibud,64,1,20,2368.0,5248,2880.0,768.0,16,0.32432432432432434,11,15,15
nfcorpus,PLAIN-1962,balanced,1,1,20,83.0,102,19.0,54.0,1,0.6506024096385542,0,0,1
nfcorpus,PLAIN-1962,balanced,64,1,20,128.0,128,0.0,66.0,1,0.515625,0,0,1
nfcorpus,PLAIN-1962,dibud,1,1,20,83.0,102,19.0,54.0,1,0.6506024096385542,0,0,1
nfcorpus,PLAIN-1962,dibud,64,1,20,128.0,128,0.0,66.0,1,0.515625,0,0,1
nfcorpus,PLAIN-1972,balanced,1,1,20,539.0,539,0.0,534.0,2,0.9907235621521335,1,1,1
nfcorpus,PLAIN-1972,balanced,64,1,20,576.0,576,0.0,510.0,2,0.8854166666666666,1,1,1
nfcorpus,PLAIN-1972,dibud,1,1,20,539.0,539,0.0,534.0,2,0.9907235621521335,1,1,1
nfcorpus,PLAIN-1972,dibud,64,1,20,576.0,576,0.0,510.0,2,0.8854166666666666,1,1,1
nfcorpus,PLAIN-1983,balanced,1,1,20,67.0,123,56.0,13.0,13,0.19402985074626866,2,6,12
nfcorpus,PLAIN-1983,balanced,64,1,20,88.0,128,40.0,88.0,1,1.0,0,0,0
nfcorpus,PLAIN-1983,dibud,1,1,20,67.0,123,56.0,10.0,13,0.14925373134328357,2,8,12
nfcorpus,PLAIN-1983,dibud,64,1,20,88.0,128,40.0,88.0,1,1.0,0,0,0
nfcorpus,PLAIN-1995,balanced,1,1,20,191.0,1382,1191.0,24.0,8,0.1256544502617801,4,8,17
nfcorpus,PLAIN-1995,balanced,64,1,20,192.0,1408,1216.0,128.0,1,0.6666666666666666,0,0,13
nfcorpus,PLAIN-1995,dibud,1,1,20,159.0,1382,1223.0,23.0,8,0.14465408805031446,2,8,17
nfcorpus,PLAIN-1995,dibud,64,1,20,192.0,1401,1209.0,128.0,1,0.6666666666666666,0,0,13
nfcorpus,PLAIN-2,balanced,1,1,20,179.0,3997,3818.0,46.0,18,0.2569832402234637,11,16,17
nfcorpus,PLAIN-2,balanced,64,1,20,256.0,4025,3769.0,128.0,1,0.5,0,17,17
nfcorpus,PLAIN-2,dibud,1,1,20,168.0,3257,3089.0,43.0,18,0.25595238095238093,11,16,17
nfcorpus,PLAIN-2,dibud,64,1,20,256.0,3328,3072.0,128.0,1,0.5,0,17,17
nfcorpus,PLAIN-2009,balanced,1,1,20,1657.0,1657,0.0,1646.0,5,0.9933614966807484,4,4,4
nfcorpus,PLAIN-2009,balanced,64,1,20,1664.0,1664,0.0,1595.0,5,0.9585336538461539,4,4,4
nfcorpus,PLAIN-2009,dibud,1,1,20,1657.0,1657,0.0,1646.0,5,0.9933614966807484,4,4,4
nfcorpus,PLAIN-2009,dibud,64,1,20,1664.0,1664,0.0,1595.0,5,0.9585336538461539,4,4,4
nfcorpus,PLAIN-2019,balanced,1,1,20,1544.0,1544,0.0,1544.0,1,1.0,0,0,0
nfcorpus,PLAIN-2019,balanced,64,1,20,1600.0,1600,0.0,1600.0,1,1.0,0,0,0
nfcorpus,PLAIN-2019,dibud,1,1,20,1544.0,1544,0.0,1544.0,1,1.0,0,0,0
nfcorpus,PLAIN-2019,dibud,64,1,20,1600.0,1600,0.0,1600.0,1,1.0,0,0,0
nfcorpus,PLAIN-2030,balanced,1,1,20,21.0,101,80.0,4.0,1,0.19047619047619047,4,9,14
nfcorpus,PLAIN-2030,balanced,64,1,20,66.0,128,62.0,66.0,1,1.0,0,0,0
nfcorpus,PLAIN-2030,dibud,1,1,20,21.0,101,80.0,5.0,1,0.23809523809523808,4,9,14
nfcorpus,PLAIN-2030,dibud,64,1,20,66.0,128,62.0,66.0,1,1.0,0,0,0
nfcorpus,PLAIN-2040,balanced,1,1,20,765.0,765,0.0,383.0,10,0.5006535947712418,9,9,13
nfcorpus,PLAIN-2040,balanced,64,1,20,768.0,768,0.0,384.0,10,0.5,9,9,13
nfcorpus,PLAIN-2040,dibud,1,1,20,765.0,765,0.0,383.0,10,0.5006535947712418,9,9,13
nfcorpus,PLAIN-2040,dibud,64,1,20,768.0,768,0.0,384.0,10,0.5,9,9,13
nfcorpus,PLAIN-2051,balanced,1,1,20,122.0,1469,1347.0,22.0,14,0.18032786885245902,6,10,13
nfcorpus,PLAIN-2051,balanced,64,1,20,128.0,1472,1344.0,128.0,1,1.0,0,0,0
nfcorpus,PLAIN-2051,dibud,1,1,20,113.0,1469,1356.0,20.0,14,0.17699115044247787,6,10,13
nfcorpus,PLAIN-2051,dibud,64,1,20,128.0,1505,1377.0,128.0,1,1.0,0,0,0
nfcorpus,PLAIN-2061,balanced,1,1,20,227.0,1986,1759.0,54.0,7,0.23788546255506607,6,11,14
nfcorpus,PLAIN-2061,balanced,64,1,20,256.0,2048,1792.0,106.0,1,0.4140625,0,11,15
nfcorpus,PLAIN-2061,dibud,1,1,20,227.0,1986,1759.0,52.0,7,0.2290748898678414,6,11,14
nfcorpus,PLAIN-2061,dibud,64,1,20,256.0,2048,1792.0,106.0,1,0.4140625,0,11,15
nfcorpus,PLAIN-207,balanced,1,1,20,142.0,1195,1053.0,44.0,16,0.30985915492957744,6,15,15
nfcorpus,PLAIN-207,balanced,64,1,20,256.0,1252,996.0,128.0,1,0.5,0,19,19
nfcorpus,PLAIN-207,dibud,1,1,20,131.0,1068,937.0,40.0,16,0.3053435114503817,6,15,15
nfcorpus,PLAIN-207,dibud,64,1,20,192.0,1152,960.0,128.0,1,0.6666666666666666,0,0,19
nfcorpus,PLAIN-2071,balanced,1,1,20,324.0,1453,1129.0,97.0,19,0.2993827160493827,14,18,18
nfcorpus,PLAIN-2071,balanced,64,1,20,384.0,1472,1088.0,128.0,20,0.3333333333333333,14,18,19
nfcorpus,PLAIN-2071,dibud,1,1,20,324.0,1453,1129.0,97.0,19,0.2993827160493827,14,18,18
nfcorpus,PLAIN-2071,dibud,64,1,20,384.0,1472,1088.0,128.0,20,0.3333333333333333,14,18,19
nfcorpus,PLAIN-2081,balanced,1,1,20,1991.0,3841,1850.0,424.0,14,0.21295831240582622,8,13,14
nfcorpus,PLAIN-2081,balanced,64,1,20,2048.0,3896,1848.0,441.0,14,0.21533203125,8,13,15
nfcorpus,PLAIN-2081,dibud,1,1,20,1991.0,3841,1850.0,424.0,14,0.21295831240582622,8,13,14
nfcorpus,PLAIN-2081,dibud,64,1,20,2048.0,3896,1848.0,441.0,14,0.21533203125,8,13,15
nfcorpus,PLAIN-2092,balanced,1,1,20,25.0,105,80.0,5.0,2,0.2,1,7,13
nfcorpus,PLAIN-2092,balanced,64,1,20,69.0,128,59.0,69.0,1,1.0,0,0,0
nfcorpus,PLAIN-2092,dibud,1,1,20,25.0,105,80.0,6.0,2,0.24,1,7,13
nfcorpus,PLAIN-2092,dibud,64,1,20,69.0,128,59.0,69.0,1,1.0,0,0,0
nfcorpus,PLAIN-2102,balanced,1,1,20,107.0,1479,1372.0,32.0,13,0.29906542056074764,5,12,12
nfcorpus,PLAIN-2102,balanced,64,1,20,128.0,1536,1408.0,128.0,1,1.0,0,0,0
nfcorpus,PLAIN-2102,dibud,1,1,20,102.0,1479,1377.0,28.0,13,0.27450980392156865,5,12,12
nfcorpus,PLAIN-2102,dibud,64,1,20,128.0,1536,1408.0,128.0,1,1.0,0,0,0
nfcorpus,PLAIN-2113,balanced,1,1,20,1816.0,4099,2283.0,462.0,18,0.2544052863436123,9,14,17
nfcorpus,PLAIN-2113,balanced,64,1,20,1868.0,4160,2292.0,384.0,18,0.20556745182012848,8,14,17
nfcorpus,PLAIN-2113,dibud,1,1,20,1294.0,4099,2805.0,287.0,18,0.22179289026275115,7,14,17
nfcorpus,PLAIN-2113,dibud,64,1,20,1356.0,4160,2804.0,204.0,19,0.1504424778761062,7,13,17
nfcorpus,PLAIN-2124,balanced,1,1,20,22.0,102,80.0,3.0,1,0.13636363636363635,3,9,14
nfcorpus,PLAIN-2124,balanced,64,1,20,66.0,128,62.0,66.0,1,1.0,0,0,0
nfcorpus,PLAIN-2124,dibud,1,1,20,22.0,102,80.0,4.0,1,0.18181818181818182,3,9,14
nfcorpus,PLAIN-2124,dibud,64,1,20,66.0,128,62.0,66.0,1,1.0,0,0,0
nfcorpus,PLAIN-2134,balanced,1,1,20,20.0,100,80.0,1.0,1,0.05,5,10,15
nfcorpus,PLAIN-2134,balanced,64,1,20,64.0,128,64.0,64.0,1,1.0,0,0,0
nfcorpus,PLAIN-2134,dibud,1,1,20,20.0,100,80.0,1.0,1,0.05,5,10,15
nfcorpus,PLAIN-2134,dibud,64,1,20,64.0,128,64.0,64.0,1,1.0,0,0,0
nfcorpus,PLAIN-2145,balanced,1,1,20,1463.0,3403,1940.0,386.0,13,0.2638414217361586,10,12,14
nfcorpus,PLAIN-2145,balanced,64,1,20,1472.0,3456,1984.0,384.0,13,0.2608695652173913,10,12,14
nfcorpus,PLAIN-2145,dibud,1,1,20,1463.0,3403,1940.0,386.0,13,0.2638414217361586,10,12,14
nfcorpus,PLAIN-2145,dibud,64,1,20,1472.0,3456,1984.0,384.0,13,0.2608695652173913,10,12,14
nfcorpus,PLAIN-2156,balanced,1,1,20,23.0,103,80.0,2.0,1,0.08695652173913043,2,8,14
nfcorpus,PLAIN-2156,balanced,64,1,20,67.0,128,61.0,67.0,1,1.0,0,0,0
nfcorpus,PLAIN-2156,dibud,1,1,20,23.0,103,80.0,2.0,1,0.08695652173913043,2,8,14
nfcorpus,PLAIN-2156,dibud,64,1,20,67.0,128,61.0,67.0,1,1.0,0,0,0
nfcorpus,PLAIN-2167,balanced,1,1,20,21.0,101,80.0,2.0,1,0.09523809523809523,4,9,14
nfcorpus,PLAIN-2167,balanced,64,1,20,66.0,128,62.0,66.0,1,1.0,0,0,0
nfcorpus,PLAIN-2167,dibud,1,1,20,21.0,101,80.0,2.0,1,0.09523809523809523,4,9,14
nfcorpus,PLAIN-2167,dibud,64,1,20,66.0,128,62.0,66.0,1,1.0,0,0,0
nfcorpus,PLAIN-217,balanced,1,1,20,587.0,3214,2627.0,79.0,11,0.13458262350936967,7,12,16
nfcorpus,PLAIN-217,balanced,64,1,20,640.0,3271,2631.0,128.0,1,0.2,7,10,16
nfcorpus,PLAIN-217,dibud,1,1,20,557.0,3210,2653.0,71.0,11,0.12746858168761221,7,12,16
nfcorpus,PLAIN-217,dibud,64,1,20,640.0,3271,2631.0,128.0,1,0.2,7,10,16
nfcorpus,PLAIN-2177,balanced,1,1,20,827.0,827,0.0,324.0,9,0.39177750906892383,5,8,10
nfcorpus,PLAIN-2177,balanced,64,1,20,832.0,832,0.0,320.0,9,0.38461538461538464,5,8,8
nfcorpus,PLAIN-2177,dibud,1,1,20,827.0,827,0.0,324.0,9,0.39177750906892383,5,8,10
nfcorpus,PLAIN-2177,dibud,64,1,20,832.0,832,0.0,320.0,9,0.38461538461538464,5,8,8
nfcorpus,PLAIN-2187,balanced,1,1,20,22.0,102,80.0,3.0,1,0.13636363636363635,3,9,14
nfcorpus,PLAIN-2187,balanced,64,1,20,66.0,128,62.0,66.0,1,1.0,0,0,0
nfcorpus,PLAIN-2187,dibud,1,1,20,22.0,102,80.0,4.0,1,0.18181818181818182,3,9,14
nfcorpus,PLAIN-2187,dibud,64,1,20,66.0,128,62.0,66.0,1,1.0,0,0,0
nfcorpus,PLAIN-2197,balanced,1,1,20,164.0,2533,2369.0,26.0,17,0.15853658536585366,8,13,16
nfcorpus,PLAIN-2197,balanced,64,1,20,192.0,2560,2368.0,98.0,1,0.5104166666666666,0,0,16
nfcorpus,PLAIN-2197,dibud,1,1,20,164.0,2533,2369.0,26.0,17,0.15853658536585366,8,13,16
nfcorpus,PLAIN-2197,dibud,64,1,20,192.0,2560,2368.0,98.0,1,0.5104166666666666,0,0,16
nfcorpus,PLAIN-2209,balanced,1,1,20,20.0,100,80.0,1.0,1,0.05,5,10,15
nfcorpus,PLAIN-2209,balanced,64,1,20,64.0,128,64.0,64.0,1,1.0,0,0,0
nfcorpus,PLAIN-2209,dibud,1,1,20,20.0,100,80.0,1.0,1,0.05,5,10,15
nfcorpus,PLAIN-2209,dibud,64,1,20,64.0,128,64.0,64.0,1,1.0,0,0,0
nfcorpus,PLAIN-2220,balanced,1,1,20,21.0,101,80.0,2.0,1,0.09523809523809523,5,10,14
nfcorpus,PLAIN-2220,balanced,64,1,20,65.0,128,63.0,65.0,1,1.0,0,0,0
nfcorpus,PLAIN-2220,dibud,1,1,20,21.0,101,80.0,2.0,1,0.09523809523809523,5,10,14
nfcorpus,PLAIN-2220,dibud,64,1,20,65.0,128,63.0,65.0,1,1.0,0,0,0
nfcorpus,PLAIN-2230,balanced,1,1,20,2487.0,2487,0.0,1654.0,3,0.6650583031765179,2,2,2
nfcorpus,PLAIN-2230,balanced,64,1,20,2496.0,2496,0.0,1664.0,3,0.6666666666666666,2,2,2
nfcorpus,PLAIN-2230,dibud,1,1,20,2487.0,2487,0.0,1654.0,3,0.6650583031765179,2,2,2
nfcorpus,PLAIN-2230,dibud,64,1,20,2496.0,2496,0.0,1664.0,3,0.6666666666666666,2,2,2
nfcorpus,PLAIN-2240,balanced,1,1,20,2233.0,2233,0.0,2179.0,7,0.9758172861621137,6,6,6
nfcorpus,PLAIN-2240,balanced,64,1,20,2240.0,2240,0.0,2167.0,7,0.9674107142857142,6,6,6
nfcorpus,PLAIN-2240,dibud,1,1,20,2233.0,2233,0.0,2179.0,7,0.9758172861621137,6,6,6
nfcorpus,PLAIN-2240,dibud,64,1,20,2240.0,2240,0.0,2167.0,7,0.9674107142857142,6,6,6
nfcorpus,PLAIN-2250,balanced,1,1,20,1707.0,1707,0.0,562.0,7,0.3292325717633275,6,6,8
nfcorpus,PLAIN-2250,balanced,64,1,20,1728.0,1728,0.0,576.0,7,0.3333333333333333,6,6,8
nfcorpus,PLAIN-2250,dibud,1,1,20,1707.0,1707,0.0,562.0,7,0.3292325717633275,6,6,8
nfcorpus,PLAIN-2250,dibud,64,1,20,1728.0,1728,0.0,576.0,7,0.3333333333333333,6,6,8
nfcorpus,PLAIN-2261,balanced,1,1,20,415.0,2991,2576.0,82.0,20,0.19759036144578312,8,14,18
nfcorpus,PLAIN-2261,balanced,64,1,20,448.0,3008,2560.0,128.0,1,0.2857142857142857,0,10,19
nfcorpus,PLAIN-2261,dibud,1,1,20,361.0,2991,2630.0,68.0,20,0.1883656509695291,8,12,17
nfcorpus,PLAIN-2261,dibud,64,1,20,448.0,3008,2560.0,128.0,1,0.2857142857142857,0,10,19
nfcorpus,PLAIN-227,balanced,1,1,20,576.0,4750,4174.0,204.0,18,0.3541666666666667,13,16,17
nfcorpus,PLAIN-227,balanced,64,1,20,640.0,4800,4160.0,256.0,18,0.4,12,15,17
nfcorpus,PLAIN-227,dibud,1,1,20,527.0,4750,4223.0,192.0,18,0.36432637571157495,12,15,17
nfcorpus,PLAIN-227,dibud,64,1,20,576.0,4800,4224.0,192.0,18,0.3333333333333333,12,15,17
nfcorpus,PLAIN-2271,balanced,1,1,20,20.0,100,80.0,1.0,1,0.05,5,10,15
nfcorpus,PLAIN-2271,balanced,64,1,20,64.0,128,64.0,64.0,1,1.0,0,0,0
nfcorpus,PLAIN-2271,dibud,1,1,20,20.0,100,80.0,1.0,1,0.05,5,10,15
nfcorpus,PLAIN-2271,dibud,64,1,20,64.0,128,64.0,64.0,1,1.0,0,0,0
nfcorpus,PLAIN-2281,balanced,1,1,20,372.0,372,0.0,190.0,3,0.510752688172043,1,2,2
nfcorpus,PLAIN-2281,balanced,64,1,20,384.0,384,0.0,192.0,3,0.5,0,2,2
nfcorpus,PLAIN-2281,dibud,1,1,20,372.0,372,0.0,190.0,3,0.510752688172043,1,2,2
nfcorpus,PLAIN-2281,dibud,64,1,20,384.0,384,0.0,192.0,3,0.5,0,2,2
nfcorpus,PLAIN-2291,balanced,1,1,20,511.0,2886,2375.0,114.0,17,0.22309197651663404,7,13,16
nfcorpus,PLAIN-2291,balanced,64,1,20,512.0,2935,2423.0,128.0,1,0.25,7,13,16
nfcorpus,PLAIN-2291,dibud,1,1,20,488.0,2886,2398.0,106.0,17,0.21721311475409835,7,13,16
nfcorpus,PLAIN-2291,dibud,64,1,20,512.0,2935,2423.0,128.0,1,0.25,7,13,16
nfcorpus,PLAIN-23,balanced,1,1,20,641.0,4936,4295.0,172.0,19,0.26833073322932915,9,14,18
nfcorpus,PLAIN-23,balanced,64,1,20,704.0,4967,4263.0,128.0,1,0.18181818181818182,9,15,18
nfcorpus,PLAIN-23,dibud,1,1,20,536.0,4936,4400.0,134.0,19,0.25,9,14,18
nfcorpus,PLAIN-23,dibud,64,1,20,640.0,4967,4327.0,128.0,1,0.2,9,15,18
nfcorpus,PLAIN-2301,balanced,1,1,20,3081.0,4205,1124.0,778.0,10,0.2525154170723791,3,6,9
nfcorpus,PLAIN-2301,balanced,64,1,20,3136.0,4224,1088.0,768.0,10,0.24489795918367346,3,6,9
nfcorpus,PLAIN-2301,dibud,1,1,20,3081.0,4205,1124.0,778.0,10,0.2525154170723791,3,6,9
nfcorpus,PLAIN-2301,dibud,64,1,20,3136.0,4224,1088.0,768.0,10,0.24489795918367346,3,6,9
nfcorpus,PLAIN-2311,balanced,1,1,20,2963.0,2963,0.0,1183.0,3,0.39925750928113396,0,1,2
nfcorpus,PLAIN-2311,balanced,64,1,20,3008.0,3008,0.0,1216.0,3,0.40425531914893614,0,1,2
nfcorpus,PLAIN-2311,dibud,1,1,20,2963.0,2963,0.0,1183.0,3,0.39925750928113396,0,1,2
nfcorpus,PLAIN-2311,dibud,64,1,20,3008.0,3008,0.0,1216.0,3,0.40425531914893614,0,1,2
nfcorpus,PLAIN-2321,balanced,1,1,20,1153.0,1939,786.0,443.0,10,0.3842150910667823,6,8,9
nfcorpus,PLAIN-2321,balanced,64,1,20,1216.0,1984,768.0,448.0,10,0.3684210526315789,5,8,9
nfcorpus,PLAIN-2321,dibud,1,1,20,1153.0,1939,786.0,443.0,10,0.3842150910667823,6,8,9
nfcorpus,PLAIN-2321,dibud,64,1,20,1216.0,1984,768.0,448.0,10,0.3684210526315789,5,8,9
nfcorpus,PLAIN-2332,balanced,1,1,20,258.0,3400,3142.0,43.0,4,0.16666666666666666,6,12,16
nfcorpus,PLAIN-2332,balanced,64,1,20,384.0,3456,3072.0,128.0,1,0.3333333333333333,0,12,19
nfcorpus,PLAIN-2332,dibud,1,1,20,250.0,3400,3150.0,43.0,4,0.172,7,12,16
nfcorpus,PLAIN-2332,dibud,64,1,20,320.0,3456,3136.0,128.0,1,0.4,0,12,12
nfcorpus,PLAIN-2343,balanced,1,1,20,574.0,3831,3257.0,64.0,11,0.11149825783972125,4,9,13
nfcorpus,PLAIN-2343,balanced,64,1,20,576.0,3840,3264.0,128.0,1,0.2222222222222222,4,7,12
nfcorpus,PLAIN-2343,dibud,1,1,20,574.0,3831,3257.0,64.0,11,0.11149825783972125,4,9,13
nfcorpus,PLAIN-2343,dibud,64,1,20,576.0,3840,3264.0,128.0,1,0.2222222222222222,4,7,12
nfcorpus,PLAIN-2354,balanced,1,1,20,169.0,544,375.0,36.0,14,0.21301775147928995,12,13,16
nfcorpus,PLAIN-2354,balanced,64,1,20,192.0,576,384.0,128.0,1,0.6666666666666666,0,0,17
nfcorpus,PLAIN-2354,dibud,1,1,20,145.0,544,399.0,34.0,14,0.23448275862068965,12,13,16
nfcorpus,PLAIN-2354,dibud,64,1,20,192.0,576,384.0,128.0,1,0.6666666666666666,0,0,17
nfcorpus,PLAIN-2364,balanced,1,1,20,198.0,2751,2553.0,30.0,8,0.15151515151515152,7,11,17
nfcorpus,PLAIN-2364,balanced,64,1,20,256.0,2752,2496.0,128.0,1,0.5,0,16,16
nfcorpus,PLAIN-2364,dibud,1,1,20,174.0,2751,2577.0,28.0,10,0.16091954022988506,7,10,16
nfcorpus,PLAIN-2364,dibud,64,1,20,256.0,2752,2496.0,128.0,1,0.5,0,16,18
nfcorpus,PLAIN-2375,balanced,1,1,20,2204.0,3317,1113.0,646.0,10,0.29310344827586204,4,9,16
nfcorpus,PLAIN-2375,balanced,64,1,20,2240.0,3328,1088.0,640.0,10,0.2857142857142857,3,9,16
nfcorpus,PLAIN-2375,dibud,1,1,20,2204.0,3317,1113.0,646.0,10,0.29310344827586204,4,9,16
nfcorpus,PLAIN-2375,dibud,64,1,20,2240.0,3328,1088.0,640.0,10,0.2857142857142857,3,9,16
nfcorpus,PLAIN-238,balanced,1,1,20,485.0,5182,4697.0,78.0,4,0.16082474226804125,3,12,16
nfcorpus,PLAIN-238,balanced,64,1,20,512.0,5184,4672.0,128.0,1,0.25,4,13,18
nfcorpus,PLAIN-238,dibud,1,1,20,463.0,5182,4719.0,76.0,4,0.16414686825053995,3,12,16
nfcorpus,PLAIN-238,dibud,64,1,20,512.0,5184,4672.0,128.0,1,0.25,4,13,18
nfcorpus,PLAIN-2386,balanced,1,1,20,1082.0,1082,0.0,1032.0,3,0.9537892791127541,2,2,2
nfcorpus,PLAIN-2386,balanced,64,1,20,1088.0,1088,0.0,1021.0,3,0.9384191176470589,2,2,2
nfcorpus,PLAIN-2386,dibud,1,1,20,1082.0,1082,0.0,1032.0,3,0.9537892791127541,2,2,2
nfcorpus,PLAIN-2386,dibud,64,1,20,1088.0,1088,0.0,1021.0,3,0.9384191176470589,2,2,2
nfcorpus,PLAIN-2396,balanced,1,1,20,20.0,100,80.0,1.0,1,0.05,5,10,15
nfcorpus,PLAIN-2396,balanced,64,1,20,64.0,128,64.0,64.0,1,1.0,0,0,0
nfcorpus,PLAIN-2396,dibud,1,1,20,20.0,100,80.0,1.0,1,0.05,5,10,15
nfcorpus,PLAIN-2396,dibud,64,1,20,64.0,128,64.0,64.0,1,1.0,0,0,0
nfcorpus,PLAIN-2408,balanced,1,1,20,20.0,100,80.0,1.0,1,0.05,5,10,15
nfcorpus,PLAIN-2408,balanced,64,1,20,64.0,128,64.0,64.0,1,1.0,0,0,0
nfcorpus,PLAIN-2408,dibud,1,1,20,20.0,100,80.0,1.0,1,0.05,5,10,15
nfcorpus,PLAIN-2408,dibud,64,1,20,64.0,128,64.0,64.0,1,1.0,0,0,0
nfcorpus,PLAIN-2430,balanced,1,1,20,240.0,4445,4205.0,50.0,19,0.20833333333333334,10,13,17
nfcorpus,PLAIN-2430,balanced,64,1,20,256.0,4480,4224.0,128.0,1,0.5,0,13,13
nfcorpus,PLAIN-2430,dibud,1,1,20,227.0,4445,4218.0,44.0,19,0.19383259911894274,10,13,18
nfcorpus,PLAIN-2430,dibud,64,1,20,256.0,4480,4224.0,128.0,1,0.5,0,13,15
nfcorpus,PLAIN-2440,balanced,1,1,20,3509.0,5942,2433.0,866.0,15,0.2467939583927045,13,15,18
nfcorpus,PLAIN-2440,balanced,64,1,20,3520.0,5949,2429.0,896.0,15,0.2545454545454545,13,14,18
nfcorpus,PLAIN-2440,dibud,1,1,20,3197.0,5942,2745.0,737.0,15,0.23052862058179543,13,15,17
nfcorpus,PLAIN-2440,dibud,64,1,20,3264.0,5949,2685.0,768.0,15,0.23529411764705882,13,15,17
nfcorpus,PLAIN-2450,balanced,1,1,20,147.0,4537,4390.0,46.0,18,0.3129251700680272,10,17,17
nfcorpus,PLAIN-2450,balanced,64,1,20,192.0,4544,4352.0,128.0,1,0.6666666666666666,0,0,18
nfcorpus,PLAIN-2450,dibud,1,1,20,117.0,4537,4420.0,31.0,18,0.26495726495726496,7,15,17
nfcorpus,PLAIN-2450,dibud,64,1,20,192.0,4544,4352.0,128.0,1,0.6666666666666666,0,0,18
nfcorpus,PLAIN-2460,balanced,1,1,20,471.0,4386,3915.0,52.0,9,0.11040339702760085,4,11,17
nfcorpus,PLAIN-2460,balanced,64,1,20,448.0,4416,3968.0,128.0,1,0.2857142857142857,0,4,12
nfcorpus,PLAIN-2460,dibud,1,1,20,419.0,3783,3364.0,48.0,14,0.11455847255369929,3,8,13
nfcorpus,PLAIN-2460,dibud,64,1,20,448.0,3840,3392.0,128.0,1,0.2857142857142857,0,4,12
nfcorpus,PLAIN-2470,balanced,1,1,20,267.0,3841,3574.0,34.0,5,0.12734082397003746,5,10,14
nfcorpus,PLAIN-2470,balanced,64,1,20,320.0,3904,3584.0,128.0,1,0.4,0,10,11
nfcorpus,PLAIN-2470,dibud,1,1,20,232.0,3841,3609.0,32.0,5,0.13793103448275862,4,9,14
nfcorpus,PLAIN-2470,dibud,64,1,20,320.0,3848,3528.0,128.0,1,0.4,0,10,11
nfcorpus,PLAIN-248,balanced,1,1,20,101.0,3856,3755.0,20.0,10,0.19801980198019803,1,7,12
nfcorpus,PLAIN-248,balanced,64,1,20,128.0,3872,3744.0,128.0,1,1.0,0,0,0
nfcorpus,PLAIN-248,dibud,1,1,20,85.0,3856,3771.0,18.0,2,0.21176470588235294,1,6,9
nfcorpus,PLAIN-248,dibud,64,1,20,128.0,3872,3744.0,128.0,1,1.0,0,0,0
nfcorpus,PLAIN-2480,balanced,1,1,20,2081.0,3783,1702.0,888.0,20,0.42671792407496395,15,18,19
nfcorpus,PLAIN-2480,balanced,64,1,20,2112.0,3821,1709.0,896.0,20,0.42424242424242425,15,18,19
nfcorpus,PLAIN-2480,dibud,1,1,20,1578.0,3783,2205.0,604.0,20,0.38276299112801015,15,18,19
nfcorpus,PLAIN-2480,dibud,64,1,20,1664.0,3821,2157.0,640.0,20,0.38461538461538464,15,18,19
nfcorpus,PLAIN-2490,balanced,1,1,20,1097.0,4936,3839.0,434.0,12,0.39562443026435734,10,11,12
nfcorpus,PLAIN-2490,balanced,64,1,20,1152.0,4992,3840.0,512.0,12,0.4444444444444444,10,11,11
nfcorpus,PLAIN-2490,dibud,1,1,20,1078.0,4936,3858.0,373.0,12,0.3460111317254174,10,11,16
nfcorpus,PLAIN-2490,dibud,64,1,20,1152.0,4992,3840.0,384.0,12,0.3333333333333333,10,11,16
nfcorpus,PLAIN-2500,balanced,1,1,20,257.0,5358,5101.0,32.0,8,0.1245136186770428,4,11,15
nfcorpus,PLAIN-2500,balanced,64,1,20,320.0,5376,5056.0,128.0,1,0.4,0,11,12
nfcorpus,PLAIN-2500,dibud,1,1,20,228.0,4621,4393.0,32.0,8,0.14035087719298245,5,10,15
nfcorpus,PLAIN-2500,dibud,64,1,20,320.0,4672,4352.0,128.0,1,0.4,0,11,12
nfcorpus,PLAIN-2510,balanced,1,1,20,92.0,1306,1214.0,19.0,10,0.20652173913043478,9,11,13
nfcorpus,PLAIN-2510,balanced,64,1,20,128.0,1357,1229.0,128.0,1,1.0,0,0,0
nfcorpus,PLAIN-2510,dibud,1,1,20,92.0,1090,998.0,17.0,10,0.18478260869565216,9,11,13
nfcorpus,PLAIN-2510,dibud,64,1,20,128.0,1101,973.0,128.0,1,1.0,0,0,0
nfcorpus,PLAIN-2520,balanced,1,1,20,140.0,3860,3720.0,22.0,4,0.15714285714285714,3,6,11
nfcorpus,PLAIN-2520,balanced,64,1,20,256.0,3910,3654.0,128.0,1,0.5,0,16,16
nfcorpus,PLAIN-2520,dibud,1,1,20,136.0,3860,3724.0,22.0,4,0.16176470588235295,3,7,14
nfcorpus,PLAIN-2520,dibud,64,1,20,256.0,3910,3654.0,128.0,1,0.5,0,16,19
nfcorpus,PLAIN-2530,balanced,1,1,20,114.0,2339,2225.0,42.0,15,0.3684210526315789,13,14,16
nfcorpus,PLAIN-2530,balanced,64,1,20,128.0,2368,2240.0,128.0,1,1.0,0,0,0
nfcorpus,PLAIN-2530,dibud,1,1,20,114.0,2339,2225.0,42.0,15,0.3684210526315789,13,14,16
nfcorpus,PLAIN-2530,dibud,64,1,20,128.0,2368,2240.0,128.0,1,1.0,0,0,0
nfcorpus,PLAIN-2540,balanced,1,1,20,531.0,3790,3259.0,104.0,7,0.1958568738229755,6,12,16
nfcorpus,PLAIN-2540,balanced,64,1,20,576.0,3840,3264.0,128.0,1,0.2222222222222222,6,12,15
nfcorpus,PLAIN-2540,dibud,1,1,20,414.0,3750,3336.0,104.0,7,0.25120772946859904,6,8,14
nfcorpus,PLAIN-2540,dibud,64,1,20,512.0,3827,3315.0,128.0,1,0.25,6,12,15
nfcorpus,PLAIN-2550,balanced,1,1,20,657.0,4543,3886.0,196.0,19,0.2983257229832572,9,15,18
nfcorpus,PLAIN-2550,balanced,64,1,20,704.0,4544,3840.0,256.0,19,0.36363636363636365,9,15,18
nfcorpus,PLAIN-2550,dibud,1,1,20,517.0,4159,3642.0,129.0,19,0.2495164410058027,9,15,18
nfcorpus,PLAIN-2550,dibud,64,1,20,576.0,4224,3648.0,128.0,1,0.2222222222222222,9,14,16
nfcorpus,PLAIN-2560,balanced,1,1,20,109.0,1202,1093.0,20.0,19,0.1834862385321101,9,13,18
nfcorpus,PLAIN-2560,balanced,64,1,20,128.0,1216,1088.0,128.0,1,1.0,0,0,0
nfcorpus,PLAIN-2560,dibud,1,1,20,94.0,1202,1108.0,18.0,19,0.19148936170212766,7,12,18
nfcorpus,PLAIN-2560,dibud,64,1,20,128.0,1216,1088.0,128.0,1,1.0,0,0,0
nfcorpus,PLAIN-2570,balanced,1,1,20,1255.0,4323,3068.0,202.0,15,0.1609561752988048,7,12,15
nfcorpus,PLAIN-2570,balanced,64,1,20,1216.0,4352,3136.0,256.0,15,0.21052631578947367,6,12,14
nfcorpus,PLAIN-2570,dibud,1,1,20,980.0,4323,3343.0,148.0,15,0.1510204081632653,6,11,14
nfcorpus,PLAIN-2570,dibud,64,1,20,1024.0,4352,3328.0,192.0,15,0.1875,6,10,14
nfcorpus,PLAIN-2580,balanced,1,1,20,1367.0,3734,2367.0,264.0,17,0.19312362838332114,13,16,17
nfcorpus,PLAIN-2580,balanced,64,1,20,1430.0,3776,2346.0,256.0,17,0.17902097902097902,13,16,17
nfcorpus,PLAIN-2580,dibud,1,1,20,1187.0,3734,2547.0,205.0,17,0.17270429654591407,13,16,17
nfcorpus,PLAIN-2580,dibud,64,1,20,1280.0,3734,2454.0,192.0,17,0.15,13,16,18
nfcorpus,PLAIN-259,balanced,1,1,20,3132.0,3872,740.0,1080.0,20,0.3448275862068966,12,17,19
nfcorpus,PLAIN-259,balanced,64,1,20,3136.0,3904,768.0,1024.0,20,0.32653061224489793,12,17,19
nfcorpus,PLAIN-259,dibud,1,1,20,3132.0,3872,740.0,1091.0,20,0.3483397190293742,12,18,19
nfcorpus,PLAIN-259,dibud,64,1,20,3136.0,3904,768.0,1024.0,20,0.32653061224489793,12,17,19
nfcorpus,PLAIN-2590,balanced,1,1,20,475.0,3995,3520.0,172.0,18,0.36210526315789476,10,15,17
nfcorpus,PLAIN-2590,balanced,64,1,20,512.0,4032,3520.0,128.0,1,0.25,11,16,17
nfcorpus,PLAIN-2590,dibud,1,1,20,436.0,3534,3098.0,155.0,18,0.3555045871559633,9,15,17
nfcorpus,PLAIN-2590,dibud,64,1,20,512.0,3584,3072.0,128.0,1,0.25,11,16,17
nfcorpus,PLAIN-2600,balanced,1,1,20,113.0,1543,1430.0,16.0,7,0.1415929203539823,6,8,15
nfcorpus,PLAIN-2600,balanced,64,1,20,128.0,1544,1416.0,128.0,1,1.0,0,0,0
nfcorpus,PLAIN-2600,dibud,1,1,20,108.0,1543,1435.0,15.0,7,0.1388888888888889,6,8,14
nfcorpus,PLAIN-2600,dibud,64,1,20,128.0,1600,1472.0,128.0,1,1.0,0,0,0
nfcorpus,PLAIN-2610,balanced,1,1,20,441.0,3268,2827.0,77.0,9,0.1746031746031746,8,12,17
nfcorpus,PLAIN-2610,balanced,64,1,20,448.0,3328,2880.0,128.0,1,0.2857142857142857,0,8,19
nfcorpus,PLAIN-2610,dibud,1,1,20,349.0,3268,2919.0,70.0,9,0.20057306590257878,8,12,15
nfcorpus,PLAIN-2610,dibud,64,1,20,384.0,3328,2944.0,128.0,1,0.3333333333333333,0,8,13
nfcorpus,PLAIN-2620,balanced,1,1,20,590.0,3825,3235.0,78.0,19,0.13220338983050847,8,11,17
nfcorpus,PLAIN-2620,balanced,64,1,20,640.0,3869,3229.0,128.0,1,0.2,6,11,15
nfcorpus,PLAIN-2620,dibud,1,1,20,536.0,3825,3289.0,69.0,19,0.1287313432835821,7,11,17
nfcorpus,PLAIN-2620,dibud,64,1,20,576.0,3869,3293.0,128.0,1,0.2222222222222222,6,11,15
nfcorpus,PLAIN-2630,balanced,1,1,20,115.0,2587,2472.0,15.0,6,0.13043478260869565,5,7,12
nfcorpus,PLAIN-2630,balanced,64,1,20,128.0,2624,2496.0,128.0,1,1.0,0,0,0
nfcorpus,PLAIN-2630,dibud,1,1,20,108.0,2587,2479.0,14.0,6,0.12962962962962962,5,7,12
nfcorpus,PLAIN-2630,dibud,64,1,20,128.0,2624,2496.0,128.0,1,1.0,0,0,0
nfcorpus,PLAIN-2640,balanced,1,1,20,151.0,1706,1555.0,34.0,10,0.2251655629139073,9,11,18
nfcorpus,PLAIN-2640,balanced,64,1,20,192.0,1728,1536.0,128.0,1,0.6666666666666666,0,0,19
nfcorpus,PLAIN-2640,dibud,1,1,20,124.0,1706,1582.0,29.0,10,0.23387096774193547,9,11,18
nfcorpus,PLAIN-2640,dibud,64,1,20,192.0,1728,1536.0,128.0,1,0.6666666666666666,0,0,19
nfcorpus,PLAIN-2650,balanced,1,1,20,106.0,1718,1612.0,20.0,3,0.18867924528301888,5,13,17
nfcorpus,PLAIN-2650,balanced,64,1,20,128.0,1728,1600.0,128.0,1,1.0,0,0,0
nfcorpus,PLAIN-2650,dibud,1,1,20,84.0,1718,1634.0,19.0,3,0.2261904761904762,2,12,16
nfcorpus,PLAIN-2650,dibud,64,1,20,128.0,1728,1600.0,128.0,1,1.0,0,0,0
nfcorpus,PLAIN-2660,balanced,1,1,20,403.0,5884,5481.0,72.0,10,0.17866004962779156,9,12,16
nfcorpus,PLAIN-2660,balanced,64,1,20,448.0,5936,5488.0,128.0,1,0.2857142857142857,0,9,16
nfcorpus,PLAIN-2660,dibud,1,1,20,359.0,5884,5525.0,65.0,10,0.181058495821727,8,12,16
nfcorpus,PLAIN-2660,dibud,64,1,20,448.0,5936,5488.0,128.0,1,0.2857142857142857,0,9,16
nfcorpus,PLAIN-2670,balanced,1,1,20,282.0,3155,2873.0,48.0,20,0.1702127659574468,6,11,17
nfcorpus,PLAIN-2670,balanced,64,1,20,353.0,3200,2847.0,128.0,1,0.3626062322946176,0,10,19
nfcorpus,PLAIN-2670,dibud,1,1,20,282.0,3155,2873.0,56.0,20,0.19858156028368795,6,11,17
nfcorpus,PLAIN-2670,dibud,64,1,20,353.0,3200,2847.0,128.0,1,0.3626062322946176,0,10,19
nfcorpus,PLAIN-2680,balanced,1,1,20,146.0,4816,4670.0,20.0,4,0.136986301369863,4,10,15
nfcorpus,PLAIN-2680,balanced,64,1,20,256.0,4817,4561.0,128.0,1,0.5,0,17,17
nfcorpus,PLAIN-2680,dibud,1,1,20,128.0,4816,4688.0,20.0,4,0.15625,3,10,16
nfcorpus,PLAIN-2680,dibud,64,1,20,192.0,4817,4625.0,128.0,1,0.6666666666666666,0,0,17
nfcorpus,PLAIN-2690,balanced,1,1,20,748.0,2831,2083.0,156.0,19,0.20855614973262032,10,15,18
nfcorpus,PLAIN-2690,balanced,64,1,20,767.0,2880,2113.0,128.0,1,0.16688396349413298,10,12,17
nfcorpus,PLAIN-2690,dibud,1,1,20,674.0,2831,2157.0,143.0,13,0.21216617210682492,10,13,18
nfcorpus,PLAIN-2690,dibud,64,1,20,703.0,2880,2177.0,128.0,1,0.18207681365576103,10,12,17
nfcorpus,PLAIN-270,balanced,1,1,20,134.0,3304,3170.0,37.0,3,0.27611940298507465,2,6,12
nfcorpus,PLAIN-270,balanced,64,1,20,256.0,3328,3072.0,128.0,1,0.5,0,17,17
nfcorpus,PLAIN-270,dibud,1,1,20,131.0,3304,3173.0,35.0,3,0.26717557251908397,2,6,12
nfcorpus,PLAIN-270,dibud,64,1,20,192.0,3328,3136.0,128.0,1,0.6666666666666666,0,0,17
nfcorpus,PLAIN-2700,balanced,1,1,20,342.0,4349,4007.0,70.0,15,0.2046783625730994,5,10,14
nfcorpus,PLAIN-2700,balanced,64,1,20,384.0,4352,3968.0,128.0,1,0.3333333333333333,0,5,14
nfcorpus,PLAIN-2700,dibud,1,1,20,342.0,4349,4007.0,70.0,15,0.2046783625730994,5,10,14
nfcorpus,PLAIN-2700,dibud,64,1,20,384.0,4359,3975.0,128.0,1,0.3333333333333333,0,5,14
nfcorpus,PLAIN-2710,balanced,1,1,20,362.0,4002,3640.0,98.0,17,0.27071823204419887,11,13,16
nfcorpus,PLAIN-2710,balanced,64,1,20,384.0,4065,3681.0,128.0,1,0.3333333333333333,0,12,16
nfcorpus,PLAIN-2710,dibud,1,1,20,362.0,4002,3640.0,98.0,17,0.27071823204419887,11,13,16
nfcorpus,PLAIN-2710,dibud,64,1,20,384.0,4032,3648.0,128.0,1,0.3333333333333333,0,12,16
nfcorpus,PLAIN-2720,balanced,1,1,20,859.0,3559,2700.0,185.0,15,0.21536670547147846,10,14,17
nfcorpus,PLAIN-2720,balanced,64,1,20,896.0,3584,2688.0,192.0,15,0.21428571428571427,8,14,17
nfcorpus,PLAIN-2720,dibud,1,1,20,859.0,3559,2700.0,185.0,15,0.21536670547147846,10,14,17
nfcorpus,PLAIN-2720,dibud,64,1,20,896.0,3584,2688.0,192.0,15,0.21428571428571427,8,14,17
nfcorpus,PLAIN-2730,balanced,1,1,20,293.0,4080,3787.0,70.0,20,0.23890784982935154,11,17,18
nfcorpus,PLAIN-2730,balanced,64,1,20,320.0,4096,3776.0,128.0,1,0.4,0,14,14
nfcorpus,PLAIN-2730,dibud,1,1,20,240.0,4080,3840.0,55.0,20,0.22916666666666666,10,14,18
nfcorpus,PLAIN-2730,dibud,64,1,20,320.0,4096,3776.0,128.0,1,0.4,0,14,14
nfcorpus,PLAIN-2740,balanced,1,1,20,767.0,6107,5340.0,234.0,15,0.3050847457627119,12,14,16
nfcorpus,PLAIN-2740,balanced,64,1,20,704.0,6133,5429.0,192.0,15,0.2727272727272727,12,14,16
nfcorpus,PLAIN-2740,dibud,1,1,20,649.0,4548,3899.0,213.0,15,0.32819722650231126,12,14,16
nfcorpus,PLAIN-2740,dibud,64,1,20,704.0,4608,3904.0,192.0,15,0.2727272727272727,12,14,16
nfcorpus,PLAIN-2750,balanced,1,1,20,124.0,4113,3989.0,21.0,20,0.1693548387096774,8,11,17
nfcorpus,PLAIN-2750,balanced,64,1,20,128.0,4160,4032.0,128.0,1,1.0,0,0,0
nfcorpus,PLAIN-2750,dibud,1,1,20,124.0,4113,3989.0,23.0,20,0.18548387096774194,8,11,17
nfcorpus,PLAIN-2750,dibud,64,1,20,128.0,4160,4032.0,128.0,1,1.0,0,0,0
nfcorpus,PLAIN-2760,balanced,1,1,20,1274.0,2749,1475.0,392.0,17,0.3076923076923077,10,15,16
nfcorpus,PLAIN-2760,balanced,64,1,20,1277.0,2752,1475.0,381.0,17,0.2983555207517619,9,14,16
nfcorpus,PLAIN-2760,dibud,1,1,20,1030.0,2749,1719.0,275.0,17,0.2669902912621359,10,15,16
nfcorpus,PLAIN-2760,dibud,64,1,20,1088.0,2752,1664.0,317.0,17,0.2913602941176471,9,15,16
nfcorpus,PLAIN-2770,balanced,1,1,20,130.0,4130,4000.0,28.0,14,0.2153846153846154,3,9,13
nfcorpus,PLAIN-2770,balanced,64,1,20,256.0,4160,3904.0,128.0,1,0.5,0,19,19
nfcorpus,PLAIN-2770,dibud,1,1,20,121.0,2780,2659.0,26.0,14,0.21487603305785125,3,9,13
nfcorpus,PLAIN-2770,dibud,64,1,20,192.0,2816,2624.0,128.0,1,0.6666666666666666,0,0,19
nfcorpus,PLAIN-2780,balanced,1,1,20,195.0,3247,3052.0,28.0,14,0.14358974358974358,7,13,15
nfcorpus,PLAIN-2780,balanced,64,1,20,256.0,3292,3036.0,128.0,1,0.5,0,14,14
nfcorpus,PLAIN-2780,dibud,1,1,20,190.0,3164,2974.0,28.0,14,0.14736842105263157,7,13,15
nfcorpus,PLAIN-2780,dibud,64,1,20,256.0,3264,3008.0,128.0,1,0.5,0,14,14
nfcorpus,PLAIN-2790,balanced,1,1,20,710.0,3198,2488.0,202.0,17,0.28450704225352114,15,15,16
nfcorpus,PLAIN-2790,balanced,64,1,20,768.0,3247,2479.0,256.0,17,0.3333333333333333,13,16,16
nfcorpus,PLAIN-2790,dibud,1,1,20,666.0,3198,2532.0,168.0,16,0.25225225225225223,15,16,17
nfcorpus,PLAIN-2790,dibud,64,1,20,704.0,3247,2543.0,192.0,17,0.2727272727272727,13,15,16
nfcorpus,PLAIN-280,balanced,1,1,20,123.0,4235,4112.0,34.0,12,0.2764227642276423,5,11,15
nfcorpus,PLAIN-280,balanced,64,1,20,128.0,4288,4160.0,128.0,1,1.0,0,0,0
nfcorpus,PLAIN-280,dibud,1,1,20,115.0,4235,4120.0,29.0,12,0.25217391304347825,4,11,15
nfcorpus,PLAIN-280,dibud,64,1,20,128.0,4292,4164.0,128.0,1,1.0,0,0,0
nfcorpus,PLAIN-2800,balanced,1,1,20,241.0,5982,5741.0,42.0,17,0.17427385892116182,7,12,17
nfcorpus,PLAIN-2800,balanced,64,1,20,256.0,6032,5776.0,128.0,1,0.5,0,15,17
nfcorpus,PLAIN-2800,dibud,1,1,20,203.0,5982,5779.0,36.0,17,0.17733990147783252,7,12,17
nfcorpus,PLAIN-2800,dibud,64,1,20,256.0,6032,5776.0,128.0,1,0.5,0,15,17
nfcorpus,PLAIN-2810,balanced,1,1,20,238.0,3937,3699.0,32.0,12,0.13445378151260504,8,11,14
nfcorpus,PLAIN-2810,balanced,64,1,20,256.0,3904,3648.0,128.0,1,0.5,0,11,11
nfcorpus,PLAIN-2810,dibud,1,1,20,216.0,3658,3442.0,29.0,12,0.13425925925925927,8,11,14
nfcorpus,PLAIN-2810,dibud,64,1,20,256.0,3712,3456.0,128.0,1,0.5,0,11,12
nfcorpus,PLAIN-2820,balanced,1,1,20,581.0,3638,3057.0,124.0,16,0.2134251290877797,12,15,18
nfcorpus,PLAIN-2820,balanced,64,1,20,576.0,3647,3071.0,128.0,1,0.2222222222222222,12,15,17
nfcorpus,PLAIN-2820,dibud,1,1,20,466.0,3638,3172.0,100.0,16,0.2145922746781116,12,15,18
nfcorpus,PLAIN-2820,dibud,64,1,20,512.0,3647,3135.0,128.0,1,0.25,12,15,17
nfcorpus,PLAIN-2830,balanced,1,1,20,160.0,2838,2678.0,22.0,9,0.1375,5,8,13
nfcorpus,PLAIN-2830,balanced,64,1,20,192.0,2880,2688.0,117.0,1,0.609375,0,0,14
nfcorpus,PLAIN-2830,dibud,1,1,20,160.0,2838,2678.0,21.0,3,0.13125,5,9,13
nfcorpus,PLAIN-2830,dibud,64,1,20,192.0,2880,2688.0,117.0,1,0.609375,0,0,14
nfcorpus,PLAIN-2840,balanced,1,1,20,1577.0,3649,2072.0,492.0,19,0.3119847812301839,11,17,18
nfcorpus,PLAIN-2840,balanced,64,1,20,1600.0,3712,2112.0,525.0,19,0.328125,11,17,18
nfcorpus,PLAIN-2840,dibud,1,1,20,1577.0,3649,2072.0,492.0,19,0.3119847812301839,12,17,18
nfcorpus,PLAIN-2840,dibud,64,1,20,1600.0,3712,2112.0,525.0,19,0.328125,11,17,18
nfcorpus,PLAIN-2850,balanced,1,1,20,943.0,3179,2236.0,146.0,11,0.15482502651113467,8,12,16
nfcorpus,PLAIN-2850,balanced,64,1,20,960.0,3213,2253.0,128.0,1,0.13333333333333333,4,10,16
nfcorpus,PLAIN-2850,dibud,1,1,20,760.0,3179,2419.0,137.0,11,0.18026315789473685,6,10,15
nfcorpus,PLAIN-2850,dibud,64,1,20,832.0,3213,2381.0,128.0,1,0.15384615384615385,4,10,15
nfcorpus,PLAIN-2860,balanced,1,1,20,332.0,2520,2188.0,80.0,19,0.24096385542168675,9,14,18
nfcorpus,PLAIN-2860,balanced,64,1,20,384.0,2560,2176.0,128.0,1,0.3333333333333333,0,12,18
nfcorpus,PLAIN-2860,dibud,1,1,20,270.0,2520,2250.0,45.0,15,0.16666666666666666,7,13,16
nfcorpus,PLAIN-2860,dibud,64,1,20,320.0,2560,2240.0,128.0,1,0.4,0,12,14
nfcorpus,PLAIN-2870,balanced,1,1,20,860.0,3921,3061.0,194.0,18,0.2255813953488372,10,17,18
nfcorpus,PLAIN-2870,balanced,64,1,20,898.0,3955,3057.0,194.0,19,0.21603563474387527,5,17,18
nfcorpus,PLAIN-2870,dibud,1,1,20,725.0,3921,3196.0,155.0,20,0.21379310344827587,8,17,18
nfcorpus,PLAIN-2870,dibud,64,1,20,768.0,3955,3187.0,128.0,1,0.16666666666666666,5,17,18
nfcorpus,PLAIN-2880,balanced,1,1,20,3496.0,3496,0.0,1327.0,4,0.3795766590389016,3,9,12
nfcorpus,PLAIN-2880,balanced,64,1,20,3520.0,3520,0.0,1344.0,4,0.38181818181818183,3,9,12
nfcorpus,PLAIN-2880,dibud,1,1,20,3496.0,3496,0.0,1327.0,4,0.3795766590389016,3,9,12
nfcorpus,PLAIN-2880,dibud,64,1,20,3520.0,3520,0.0,1344.0,4,0.38181818181818183,3,9,12
nfcorpus,PLAIN-2890,balanced,1,1,20,224.0,3331,3107.0,107.0,20,0.47767857142857145,8,18,19
nfcorpus,PLAIN-2890,balanced,64,1,20,256.0,3392,3136.0,128.0,20,0.5,0,19,19
nfcorpus,PLAIN-2890,dibud,1,1,20,224.0,3331,3107.0,107.0,20,0.47767857142857145,8,18,19
nfcorpus,PLAIN-2890,dibud,64,1,20,256.0,3392,3136.0,128.0,20,0.5,0,19,19
nfcorpus,PLAIN-2900,balanced,1,1,20,328.0,3317,2989.0,44.0,12,0.13414634146341464,7,11,13
nfcorpus,PLAIN-2900,balanced,64,1,20,384.0,3328,2944.0,128.0,1,0.3333333333333333,0,9,14
nfcorpus,PLAIN-2900,dibud,1,1,20,316.0,3317,3001.0,40.0,12,0.12658227848101267,7,11,13
nfcorpus,PLAIN-2900,dibud,64,1,20,384.0,3328,2944.0,128.0,1,0.3333333333333333,0,11,14
nfcorpus,PLAIN-291,balanced,1,1,20,293.0,1058,765.0,54.0,10,0.18430034129692832,7,9,12
nfcorpus,PLAIN-291,balanced,64,1,20,320.0,1152,832.0,128.0,1,0.4,0,9,9
nfcorpus,PLAIN-291,dibud,1,1,20,275.0,997,722.0,52.0,10,0.1890909090909091,7,9,12
nfcorpus,PLAIN-291,dibud,64,1,20,320.0,1088,768.0,128.0,1,0.4,0,9,9
nfcorpus,PLAIN-2910,balanced,1,1,20,1066.0,3679,2613.0,191.0,18,0.17917448405253283,7,12,16
nfcorpus,PLAIN-2910,balanced,64,1,20,1088.0,3712,2624.0,221.0,17,0.203125,7,12,16
nfcorpus,PLAIN-2910,dibud,1,1,20,1066.0,3679,2613.0,248.0,18,0.2326454033771107,7,12,16
nfcorpus,PLAIN-2910,dibud,64,1,20,1088.0,3712,2624.0,192.0,17,0.17647058823529413,7,12,16
nfcorpus,PLAIN-2920,balanced,1,1,20,650.0,3140,2490.0,150.0,18,0.23076923076923078,9,15,17
nfcorpus,PLAIN-2920,balanced,64,1,20,768.0,3189,2421.0,128.0,1,0.16666666666666666,8,16,17
nfcorpus,PLAIN-2920,dibud,1,1,20,588.0,3140,2552.0,132.0,18,0.22448979591836735,9,15,17
nfcorpus,PLAIN-2920,dibud,64,1,20,704.0,3200,2496.0,128.0,1,0.18181818181818182,8,11,17
nfcorpus,PLAIN-2930,balanced,1,1,20,87.0,2705,2618.0,20.0,2,0.22988505747126436,1,7,10
nfcorpus,PLAIN-2930,balanced,64,1,20,128.0,2752,2624.0,128.0,1,1.0,0,0,0
nfcorpus,PLAIN-2930,dibud,1,1,20,84.0,2705,2621.0,20.0,2,0.23809523809523808,1,7,13
nfcorpus,PLAIN-2930,dibud,64,1,20,128.0,2752,2624.0,128.0,1,1.0,0,0,0
nfcorpus,PLAIN-2940,balanced,1,1,20,302.0,4072,3770.0,88.0,18,0.2913907284768212,12,16,17
nfcorpus,PLAIN-2940,balanced,64,1,20,384.0,4096,3712.0,128.0,1,0.3333333333333333,0,15,17
nfcorpus,PLAIN-2940,dibud,1,1,20,284.0,3973,3689.0,82.0,18,0.2887323943661972,12,16,17
nfcorpus,PLAIN-2940,dibud,64,1,20,384.0,4032,3648.0,128.0,1,0.3333333333333333,0,15,17
nfcorpus,PLAIN-2950,balanced,1,1,20,1452.0,3448,1996.0,338.0,20,0.2327823691460055,11,16,18
nfcorpus,PLAIN-2950,balanced,64,1,20,1472.0,3456,1984.0,332.0,19,0.22554347826086957,8,15,18
nfcorpus,PLAIN-2950,dibud,1,1,20,1452.0,3448,1996.0,338.0,20,0.2327823691460055,11,16,18
nfcorpus,PLAIN-2950,dibud,64,1,20,1472.0,3456,1984.0,332.0,19,0.22554347826086957,8,15,18
nfcorpus,PLAIN-2960,balanced,1,1,20,270.0,5670,5400.0,94.0,5,0.34814814814814815,4,9,14
nfcorpus,PLAIN-2960,balanced,64,1,20,384.0,5680,5296.0,128.0,1,0.3333333333333333,0,10,17
nfcorpus,PLAIN-2960,dibud,1,1,20,259.0,5670,5411.0,89.0,5,0.3436293436293436,4,10,14
nfcorpus,PLAIN-2960,dibud,64,1,20,320.0,5680,5360.0,128.0,1,0.4,0,8,10
nfcorpus,PLAIN-2970,balanced,1,1,20,1160.0,3580,2420.0,258.0,14,0.22241379310344828,7,12,13
nfcorpus,PLAIN-2970,balanced,64,1,20,1280.0,3606,2326.0,256.0,14,0.2,7,13,14
nfcorpus,PLAIN-2970,dibud,1,1,20,1089.0,3580,2491.0,258.0,14,0.2369146005509642,7,12,13
nfcorpus,PLAIN-2970,dibud,64,1,20,1152.0,3606,2454.0,256.0,14,0.2222222222222222,7,12,13
nfcorpus,PLAIN-2981,balanced,1,1,20,591.0,2490,1899.0,261.0,14,0.4416243654822335,12,13,15
nfcorpus,PLAIN-2981,balanced,64,1,20,640.0,2496,1856.0,256.0,14,0.4,10,13,15
nfcorpus,PLAIN-2981,dibud,1,1,20,591.0,2490,1899.0,261.0,14,0.4416243654822335,12,13,15
nfcorpus,PLAIN-2981,dibud,64,1,20,640.0,2496,1856.0,256.0,14,0.4,10,13,15
nfcorpus,PLAIN-2991,balanced,1,1,20,302.0,3521,3219.0,52.0,20,0.17218543046357615,6,11,18
nfcorpus,PLAIN-2991,balanced,64,1,20,384.0,3584,3200.0,128.0,1,0.3333333333333333,0,11,19
nfcorpus,PLAIN-2991,dibud,1,1,20,274.0,3521,3247.0,46.0,20,0.1678832116788321,6,11,18
nfcorpus,PLAIN-2991,dibud,64,1,20,320.0,3547,3227.0,128.0,1,0.4,0,11,11
nfcorpus,PLAIN-3001,balanced,1,1,20,255.0,3566,3311.0,86.0,18,0.33725490196078434,10,14,17
nfcorpus,PLAIN-3001,balanced,64,1,20,256.0,3584,3328.0,128.0,1,0.5,0,14,17
nfcorpus,PLAIN-3001,dibud,1,1,20,230.0,3566,3336.0,71.0,18,0.30869565217391304,10,14,17
nfcorpus,PLAIN-3001,dibud,64,1,20,256.0,3584,3328.0,128.0,1,0.5,0,14,17
nfcorpus,PLAIN-3014,balanced,1,1,20,2322.0,3819,1497.0,1057.0,13,0.4552110249784668,9,12,12
nfcorpus,PLAIN-3014,balanced,64,1,20,2368.0,3835,1467.0,1088.0,13,0.4594594594594595,9,12,12
nfcorpus,PLAIN-3014,dibud,1,1,20,2322.0,3819,1497.0,1057.0,13,0.4552110249784668,9,12,12
nfcorpus,PLAIN-3014,dibud,64,1,20,2368.0,3835,1467.0,1088.0,13,0.4594594594594595,9,12,12
nfcorpus,PLAIN-3026,balanced,1,1,20,419.0,3589,3170.0,80.0,17,0.1909307875894988,7,12,16
nfcorpus,PLAIN-3026,balanced,64,1,20,512.0,3648,3136.0,128.0,1,0.25,9,15,17
nfcorpus,PLAIN-3026,dibud,1,1,20,407.0,3589,3182.0,72.0,17,0.1769041769041769,7,13,16
nfcorpus,PLAIN-3026,dibud,64,1,20,512.0,3648,3136.0,128.0,1,0.25,9,15,17
nfcorpus,PLAIN-3037,balanced,1,1,20,3487.0,3782,295.0,1178.0,9,0.33782621164324633,6,7,8
nfcorpus,PLAIN-3037,balanced,64,1,20,3520.0,3828,308.0,1216.0,9,0.34545454545454546,6,7,8
nfcorpus,PLAIN-3037,dibud,1,1,20,3487.0,3782,295.0,1178.0,9,0.33782621164324633,6,7,8
nfcorpus,PLAIN-3037,dibud,64,1,20,3520.0,3828,308.0,1216.0,9,0.34545454545454546,6,7,8
nfcorpus,PLAIN-3053,balanced,1,1,20,815.0,2687,1872.0,186.0,20,0.2282208588957055,5,11,18
nfcorpus,PLAIN-3053,balanced,64,1,20,832.0,2688,1856.0,256.0,20,0.3076923076923077,5,11,19
nfcorpus,PLAIN-3053,dibud,1,1,20,695.0,2687,1992.0,147.0,20,0.21151079136690648,5,11,18
nfcorpus,PLAIN-3053,dibud,64,1,20,768.0,2688,1920.0,192.0,20,0.25,5,11,19
nfcorpus,PLAIN-3063,balanced,1,1,20,279.0,4797,4518.0,50.0,17,0.17921146953405018,9,14,16
nfcorpus,PLAIN-3063,balanced,64,1,20,320.0,4800,4480.0,128.0,1,0.4,0,13,14
nfcorpus,PLAIN-3063,dibud,1,1,20,262.0,4797,4535.0,47.0,17,0.17938931297709923,9,14,16
nfcorpus,PLAIN-3063,dibud,64,1,20,320.0,4800,4480.0,128.0,1,0.4,0,13,14
nfcorpus,PLAIN-307,balanced,1,1,20,141.0,4144,4003.0,26.0,16,0.18439716312056736,2,7,15
nfcorpus,PLAIN-307,balanced,64,1,20,192.0,4160,3968.0,128.0,1,0.6666666666666666,0,0,18
nfcorpus,PLAIN-307,dibud,1,1,20,117.0,4144,4027.0,17.0,4,0.1452991452991453,2,6,13
nfcorpus,PLAIN-307,dibud,64,1,20,192.0,4160,3968.0,128.0,1,0.6666666666666666,0,0,18
nfcorpus,PLAIN-3074,balanced,1,1,20,2717.0,4304,1587.0,1452.0,20,0.5344129554655871,12,19,19
nfcorpus,PLAIN-3074,balanced,64,1,20,2752.0,4352,1600.0,1536.0,20,0.5581395348837209,12,19,19
nfcorpus,PLAIN-3074,dibud,1,1,20,2685.0,4304,1619.0,1650.0,20,0.6145251396648045,13,19,19
nfcorpus,PLAIN-3074,dibud,64,1,20,2752.0,4352,1600.0,1664.0,20,0.6046511627906976,12,19,19
nfcorpus,PLAIN-3085,balanced,1,1,20,189.0,3848,3659.0,46.0,19,0.24338624338624337,11,17,18
nfcorpus,PLAIN-3085,balanced,64,1,20,192.0,3904,3712.0,128.0,1,0.6666666666666666,0,0,18
nfcorpus,PLAIN-3085,dibud,1,1,20,157.0,3848,3691.0,38.0,19,0.24203821656050956,10,17,18
nfcorpus,PLAIN-3085,dibud,64,1,20,192.0,3882,3690.0,128.0,1,0.6666666666666666,0,0,18
nfcorpus,PLAIN-3097,balanced,1,1,20,176.0,2201,2025.0,46.0,9,0.26136363636363635,5,8,10
nfcorpus,PLAIN-3097,balanced,64,1,20,256.0,2240,1984.0,128.0,1,0.5,0,8,9
nfcorpus,PLAIN-3097,dibud,1,1,20,171.0,2201,2030.0,44.0,9,0.2573099415204678,5,8,9
nfcorpus,PLAIN-3097,dibud,64,1,20,256.0,2240,1984.0,128.0,1,0.5,0,8,9
nfcorpus,PLAIN-3116,balanced,1,1,20,521.0,5056,4535.0,134.0,19,0.2571976967370441,7,14,18
nfcorpus,PLAIN-3116,balanced,64,1,20,576.0,5088,4512.0,128.0,1,0.2222222222222222,7,13,18
nfcorpus,PLAIN-3116,dibud,1,1,20,475.0,4893,4418.0,110.0,19,0.23157894736842105,7,12,18
nfcorpus,PLAIN-3116,dibud,64,1,20,576.0,4896,4320.0,128.0,1,0.2222222222222222,7,13,18
nfcorpus,PLAIN-3131,balanced,1,1,20,1771.0,3634,1863.0,1176.0,17,0.6640316205533597,13,16,16
nfcorpus,PLAIN-3131,balanced,64,1,20,1792.0,3648,1856.0,1152.0,17,0.6428571428571429,13,16,16
nfcorpus,PLAIN-3131,dibud,1,1,20,1771.0,3634,1863.0,1176.0,17,0.6640316205533597,13,16,16
nfcorpus,PLAIN-3131,dibud,64,1,20,1792.0,3648,1856.0,1152.0,17,0.6428571428571429,13,16,16
nfcorpus,PLAIN-3141,balanced,1,1,20,368.0,3655,3287.0,68.0,17,0.18478260869565216,9,15,17
nfcorpus,PLAIN-3141,balanced,64,1,20,384.0,3712,3328.0,128.0,1,0.3333333333333333,0,12,16
nfcorpus,PLAIN-3141,dibud,1,1,20,368.0,3655,3287.0,68.0,17,0.18478260869565216,9,15,17
nfcorpus,PLAIN-3141,dibud,64,1,20,384.0,3712,3328.0,128.0,1,0.3333333333333333,0,12,16
nfcorpus,PLAIN-3151,balanced,1,1,20,3932.0,4434,502.0,1025.0,20,0.2606815869786368,13,14,19
nfcorpus,PLAIN-3151,balanced,64,1,20,3968.0,4480,512.0,1024.0,14,0.25806451612903225,13,14,19
nfcorpus,PLAIN-3151,dibud,1,1,20,3512.0,4434,922.0,1100.0,20,0.3132118451025057,13,14,19
nfcorpus,PLAIN-3151,dibud,64,1,20,3584.0,4480,896.0,1088.0,20,0.30357142857142855,13,14,19
nfcorpus,PLAIN-3161,balanced,1,1,20,156.0,2342,2186.0,41.0,3,0.26282051282051283,2,4,13
nfcorpus,PLAIN-3161,balanced,64,1,20,256.0,2368,2112.0,128.0,1,0.5,0,13,13
nfcorpus,PLAIN-3161,dibud,1,1,20,156.0,2342,2186.0,40.0,3,0.2564102564102564,2,7,13
nfcorpus,PLAIN-3161,dibud,64,1,20,256.0,2368,2112.0,128.0,1,0.5,0,13,16
nfcorpus,PLAIN-3171,balanced,1,1,20,1923.0,3699,1776.0,544.0,19,0.2828913156526261,10,16,18
nfcorpus,PLAIN-3171,balanced,64,1,20,1930.0,3712,1782.0,522.0,19,0.2704663212435233,7,16,18
nfcorpus,PLAIN-3171,dibud,1,1,20,1923.0,3699,1776.0,653.0,19,0.33957358294331774,10,16,18
nfcorpus,PLAIN-3171,dibud,64,1,20,1930.0,3712,1782.0,586.0,19,0.30362694300518134,7,16,18
nfcorpus,PLAIN-3181,balanced,1,1,20,634.0,3864,3230.0,140.0,1,0.22082018927444794,2,12,16
nfcorpus,PLAIN-3181,balanced,64,1,20,640.0,3904,3264.0,256.0,1,0.4,0,10,14
nfcorpus,PLAIN-3181,dibud,1,1,20,591.0,3864,3273.0,140.0,1,0.23688663282571912,1,12,16
nfcorpus,PLAIN-3181,dibud,64,1,20,640.0,3880,3240.0,256.0,1,0.4,0,10,15
nfcorpus,PLAIN-3191,balanced,1,1,20,336.0,1455,1119.0,122.0,15,0.3630952380952381,6,13,14
nfcorpus,PLAIN-3191,balanced,64,1,20,384.0,1455,1071.0,128.0,1,0.3333333333333333,0,7,14
nfcorpus,PLAIN-3191,dibud,1,1,20,302.0,1455,1153.0,108.0,15,0.3576158940397351,6,12,14
nfcorpus,PLAIN-3191,dibud,64,1,20,384.0,1472,1088.0,128.0,1,0.3333333333333333,0,11,14
nfcorpus,PLAIN-320,balanced,1,1,20,185.0,1331,1146.0,62.0,18,0.33513513513513515,6,15,17
nfcorpus,PLAIN-320,balanced,64,1,20,192.0,1344,1152.0,128.0,1,0.6666666666666666,0,0,17
nfcorpus,PLAIN-320,dibud,1,1,20,156.0,1125,969.0,47.0,18,0.30128205128205127,5,14,17
nfcorpus,PLAIN-320,dibud,64,1,20,192.0,1216,1024.0,128.0,1,0.6666666666666666,0,0,17
nfcorpus,PLAIN-3201,balanced,1,1,20,308.0,3101,2793.0,90.0,20,0.2922077922077922,14,17,19
nfcorpus,PLAIN-3201,balanced,64,1,20,384.0,3136,2752.0,128.0,1,0.3333333333333333,0,17,19
nfcorpus,PLAIN-3201,dibud,1,1,20,244.0,3101,2857.0,62.0,20,0.2540983606557377,12,17,19
nfcorpus,PLAIN-3201,dibud,64,1,20,320.0,3128,2808.0,128.0,1,0.4,0,17,17
nfcorpus,PLAIN-3211,balanced,1,1,20,2104.0,3158,1054.0,884.0,20,0.42015209125475284,14,17,19
nfcorpus,PLAIN-3211,balanced,64,1,20,2112.0,3200,1088.0,832.0,20,0.3939393939393939,14,17,19
nfcorpus,PLAIN-3211,dibud,1,1,20,2104.0,3158,1054.0,884.0,20,0.42015209125475284,14,17,19
nfcorpus,PLAIN-3211,dibud,64,1,20,2112.0,3200,1088.0,832.0,20,0.3939393939393939,14,17,19
nfcorpus,PLAIN-3221,balanced,1,1,20,2609.0,4570,1961.0,1140.0,19,0.43694902261402835,14,18,18
nfcorpus,PLAIN-3221,balanced,64,1,20,2659.0,4608,1949.0,1152.0,19,0.4332455810455058,14,18,18
nfcorpus,PLAIN-3221,dibud,1,1,20,2287.0,4570,2283.0,955.0,19,0.4175776125929165,14,18,18
nfcorpus,PLAIN-3221,dibud,64,1,20,2368.0,4608,2240.0,960.0,19,0.40540540540540543,14,18,18
nfcorpus,PLAIN-3231,balanced,1,1,20,443.0,1962,1519.0,68.0,20,0.15349887133182843,3,10,17
nfcorpus,PLAIN-3231,balanced,64,1,20,448.0,2011,1563.0,128.0,1,0.2857142857142857,0,5,17
nfcorpus,PLAIN-3231,dibud,1,1,20,380.0,1962,1582.0,64.0,3,0.16842105263157894,2,9,16
nfcorpus,PLAIN-3231,dibud,64,1,20,448.0,2011,1563.0,128.0,1,0.2857142857142857,0,5,17
nfcorpus,PLAIN-3241,balanced,1,1,20,881.0,3665,2784.0,231.0,19,0.26220204313280365,12,15,18
nfcorpus,PLAIN-3241,balanced,64,1,20,896.0,3687,2791.0,256.0,19,0.2857142857142857,12,15,18
nfcorpus,PLAIN-3241,dibud,1,1,20,881.0,3665,2784.0,231.0,19,0.26220204313280365,12,15,18
nfcorpus,PLAIN-3241,dibud,64,1,20,896.0,3687,2791.0,256.0,19,0.2857142857142857,12,15,18
nfcorpus,PLAIN-3251,balanced,1,1,20,504.0,5017,4513.0,154.0,13,0.3055555555555556,11,12,16
nfcorpus,PLAIN-3251,balanced,64,1,20,512.0,5054,4542.0,128.0,1,0.25,11,12,16
nfcorpus,PLAIN-3251,dibud,1,1,20,452.0,5017,4565.0,148.0,13,0.3274336283185841,11,12,16
nfcorpus,PLAIN-3251,dibud,64,1,20,512.0,5056,4544.0,128.0,1,0.25,11,12,16
nfcorpus,PLAIN-3261,balanced,1,1,20,3297.0,3702,405.0,771.0,18,0.2338489535941765,6,17,18
nfcorpus,PLAIN-3261,balanced,64,1,20,3328.0,3712,384.0,768.0,18,0.23076923076923078,6,17,18
nfcorpus,PLAIN-3261,dibud,1,1,20,3297.0,3702,405.0,771.0,18,0.2338489535941765,6,17,18
nfcorpus,PLAIN-3261,dibud,64,1,20,3328.0,3712,384.0,768.0,18,0.23076923076923078,6,17,18
nfcorpus,PLAIN-3271,balanced,1,1,20,252.0,2831,2579.0,56.0,20,0.2222222222222222,10,15,18
nfcorpus,PLAIN-3271,balanced,64,1,20,256.0,2855,2599.0,128.0,1,0.5,0,15,15
nfcorpus,PLAIN-3271,dibud,1,1,20,229.0,2364,2135.0,49.0,20,0.21397379912663755,8,14,18
nfcorpus,PLAIN-3271,dibud,64,1,20,256.0,2432,2176.0,128.0,1,0.5,0,15,17
nfcorpus,PLAIN-3281,balanced,1,1,20,2432.0,4250,1818.0,698.0,16,0.2870065789473684,13,15,16
nfcorpus,PLAIN-3281,balanced,64,1,20,2432.0,4288,1856.0,768.0,16,0.3157894736842105,10,15,16
nfcorpus,PLAIN-3281,dibud,1,1,20,2103.0,4250,2147.0,528.0,17,0.25106990014265335,11,15,16
nfcorpus,PLAIN-3281,dibud,64,1,20,2112.0,4288,2176.0,512.0,16,0.24242424242424243,10,15,16
nfcorpus,PLAIN-3292,balanced,1,1,20,384.0,3570,3186.0,99.0,17,0.2578125,12,14,16
nfcorpus,PLAIN-3292,balanced,64,1,20,384.0,3584,3200.0,128.0,1,0.3333333333333333,0,14,16
nfcorpus,PLAIN-3292,dibud,1,1,20,384.0,3570,3186.0,129.0,17,0.3359375,13,14,16
nfcorpus,PLAIN-3292,dibud,64,1,20,384.0,3584,3200.0,128.0,1,0.3333333333333333,0,14,16
nfcorpus,PLAIN-33,balanced,1,1,20,741.0,3888,3147.0,86.0,14,0.11605937921727395,6,13,15
nfcorpus,PLAIN-33,balanced,64,1,20,704.0,3904,3200.0,128.0,1,0.18181818181818182,4,9,15
nfcorpus,PLAIN-33,dibud,1,1,20,583.0,3888,3305.0,70.0,15,0.12006861063464837,4,10,14
nfcorpus,PLAIN-33,dibud,64,1,20,640.0,3914,3274.0,128.0,1,0.2,4,9,14
nfcorpus,PLAIN-3302,balanced,1,1,20,194.0,1176,982.0,30.0,1,0.15463917525773196,4,9,16
nfcorpus,PLAIN-3302,balanced,64,1,20,256.0,1216,960.0,128.0,1,0.5,0,14,14
nfcorpus,PLAIN-3302,dibud,1,1,20,183.0,1176,993.0,30.0,1,0.16393442622950818,4,8,16
nfcorpus,PLAIN-3302,dibud,64,1,20,256.0,1216,960.0,128.0,1,0.5,0,14,16
nfcorpus,PLAIN-3312,balanced,1,1,20,335.0,1359,1024.0,40.0,2,0.11940298507462686,4,10,14
nfcorpus,PLAIN-3312,balanced,64,1,20,384.0,1408,1024.0,128.0,1,0.3333333333333333,0,7,14
nfcorpus,PLAIN-3312,dibud,1,1,20,323.0,1359,1036.0,40.0,2,0.1238390092879257,4,10,14
nfcorpus,PLAIN-3312,dibud,64,1,20,384.0,1408,1024.0,128.0,1,0.3333333333333333,0,7,14
nfcorpus,PLAIN-332,balanced,1,1,20,249.0,4622,4373.0,42.0,6,0.1686746987951807,6,12,14
nfcorpus,PLAIN-332,balanced,64,1,20,256.0,4736,4480.0,128.0,1,0.5,0,12,13
nfcorpus,PLAIN-332,dibud,1,1,20,228.0,3806,3578.0,41.0,6,0.17982456140350878,6,12,14
nfcorpus,PLAIN-332,dibud,64,1,20,256.0,3904,3648.0,128.0,1,0.5,0,12,13
nfcorpus,PLAIN-3322,balanced,1,1,20,1851.0,3100,1249.0,506.0,18,0.27336574824419235,11,17,17
nfcorpus,PLAIN-3322,balanced,64,1,20,1856.0,3136,1280.0,512.0,18,0.27586206896551724,10,16,17
nfcorpus,PLAIN-3322,dibud,1,1,20,1302.0,3100,1798.0,331.0,18,0.2542242703533026,7,14,17
nfcorpus,PLAIN-3322,dibud,64,1,20,1344.0,3160,1816.0,384.0,18,0.2857142857142857,7,14,17
nfcorpus,PLAIN-3332,balanced,1,1,20,237.0,4248,4011.0,37.0,3,0.15611814345991562,3,11,14
nfcorpus,PLAIN-3332,balanced,64,1,20,256.0,4288,4032.0,128.0,1,0.5,0,11,14
nfcorpus,PLAIN-3332,dibud,1,1,20,202.0,3890,3688.0,36.0,3,0.1782178217821782,3,11,14
nfcorpus,PLAIN-3332,dibud,64,1,20,256.0,3968,3712.0,128.0,1,0.5,0,11,14
nfcorpus,PLAIN-3342,balanced,1,1,20,212.0,3375,3163.0,58.0,8,0.27358490566037735,7,11,14
nfcorpus,PLAIN-3342,balanced,64,1,20,256.0,3392,3136.0,128.0,1,0.5,0,13,13
nfcorpus,PLAIN-3342,dibud,1,1,20,206.0,3375,3169.0,54.0,8,0.2621359223300971,7,11,14
nfcorpus,PLAIN-3342,dibud,64,1,20,256.0,3392,3136.0,128.0,1,0.5,0,13,14
nfcorpus,PLAIN-3352,balanced,1,1,20,2424.0,4505,2081.0,1156.0,14,0.4768976897689769,8,12,13
nfcorpus,PLAIN-3352,balanced,64,1,20,2428.0,4544,2116.0,1148.0,14,0.4728171334431631,7,12,13
nfcorpus,PLAIN-3352,dibud,1,1,20,2261.0,4505,2244.0,985.0,14,0.4356479433878815,8,12,13
nfcorpus,PLAIN-3352,dibud,64,1,20,2300.0,4544,2244.0,956.0,14,0.4156521739130435,7,12,13
nfcorpus,PLAIN-3362,balanced,1,1,20,325.0,3633,3308.0,54.0,9,0.16615384615384615,7,11,15
nfcorpus,PLAIN-3362,balanced,64,1,20,384.0,3648,3264.0,128.0,1,0.3333333333333333,0,10,17
nfcorpus,PLAIN-3362,dibud,1,1,20,325.0,3633,3308.0,51.0,9,0.15692307692307692,8,11,15
nfcorpus,PLAIN-3362,dibud,64,1,20,384.0,3648,3264.0,128.0,1,0.3333333333333333,0,10,17
nfcorpus,PLAIN-3372,balanced,1,1,20,158.0,2872,2714.0,26.0,9,0.16455696202531644,8,11,16
nfcorpus,PLAIN-3372,balanced,64,1,20,192.0,2880,2688.0,100.0,1,0.5208333333333334,0,0,17
nfcorpus,PLAIN-3372,dibud,1,1,20,158.0,2872,2714.0,25.0,9,0.15822784810126583,8,11,16
nfcorpus,PLAIN-3372,dibud,64,1,20,192.0,2880,2688.0,100.0,1,0.5208333333333334,0,0,17
nfcorpus,PLAIN-3382,balanced,1,1,20,1800.0,3465,1665.0,1132.0,19,0.6288888888888889,17,18,18
nfcorpus,PLAIN-3382,balanced,64,1,20,1856.0,3520,1664.0,1088.0,19,0.5862068965517241,17,18,18
nfcorpus,PLAIN-3382,dibud,1,1,20,1800.0,3465,1665.0,1132.0,19,0.6288888888888889,17,18,18
nfcorpus,PLAIN-3382,dibud,64,1,20,1856.0,3520,1664.0,1088.0,19,0.5862068965517241,17,18,18
nfcorpus,PLAIN-3392,balanced,1,1,20,292.0,2680,2388.0,56.0,10,0.1917808219178082,6,9,12
nfcorpus,PLAIN-3392,balanced,64,1,20,320.0,2688,2368.0,128.0,1,0.4,0,9,12
nfcorpus,PLAIN-3392,dibud,1,1,20,292.0,2680,2388.0,56.0,10,0.1917808219178082,6,9,12
nfcorpus,PLAIN-3392,dibud,64,1,20,320.0,2688,2368.0,128.0,1,0.4,0,9,12
nfcorpus,PLAIN-3402,balanced,1,1,20,354.0,3382,3028.0,86.0,18,0.24293785310734464,7,17,18
nfcorpus,PLAIN-3402,balanced,64,1,20,384.0,3416,3032.0,128.0,1,0.3333333333333333,0,11,18
nfcorpus,PLAIN-3402,dibud,1,1,20,288.0,3172,2884.0,74.0,18,0.2569444444444444,7,17,18
nfcorpus,PLAIN-3402,dibud,64,1,20,320.0,3264,2944.0,128.0,1,0.4,0,11,17
nfcorpus,PLAIN-3412,balanced,1,1,20,316.0,3508,3192.0,42.0,16,0.13291139240506328,5,12,16
nfcorpus,PLAIN-3412,balanced,64,1,20,384.0,3520,3136.0,128.0,1,0.3333333333333333,0,8,16
nfcorpus,PLAIN-3412,dibud,1,1,20,304.0,3508,3204.0,42.0,16,0.13815789473684212,5,12,15
nfcorpus,PLAIN-3412,dibud,64,1,20,384.0,3520,3136.0,128.0,1,0.3333333333333333,0,8,16
nfcorpus,PLAIN-3422,balanced,1,1,20,139.0,2500,2361.0,40.0,11,0.28776978417266186,4,10,12
nfcorpus,PLAIN-3422,balanced,64,1,20,256.0,2560,2304.0,128.0,1,0.5,0,19,19
nfcorpus,PLAIN-3422,dibud,1,1,20,136.0,2500,2364.0,31.0,11,0.22794117647058823,4,10,16
nfcorpus,PLAIN-3422,dibud,64,1,20,256.0,2547,2291.0,128.0,1,0.5,0,19,19
nfcorpus,PLAIN-3432,balanced,1,1,20,637.0,3302,2665.0,470.0,20,0.7378335949764521,18,19,19
nfcorpus,PLAIN-3432,balanced,64,1,20,576.0,3328,2752.0,384.0,20,0.6666666666666666,18,19,19
nfcorpus,PLAIN-3432,dibud,1,1,20,477.0,3302,2825.0,341.0,20,0.7148846960167715,18,19,19
nfcorpus,PLAIN-3432,dibud,64,1,20,512.0,3328,2816.0,320.0,20,0.625,18,19,19
nfcorpus,PLAIN-344,balanced,1,1,20,204.0,6476,6272.0,38.0,6,0.18627450980392157,4,6,11
nfcorpus,PLAIN-344,balanced,64,1,20,256.0,6515,6259.0,128.0,1,0.5,0,7,11
nfcorpus,PLAIN-344,dibud,1,1,20,198.0,6315,6117.0,35.0,6,0.17676767676767677,4,6,15
nfcorpus,PLAIN-344,dibud,64,1,20,256.0,6385,6129.0,128.0,1,0.5,0,7,11
nfcorpus,PLAIN-3442,balanced,1,1,20,263.0,1499,1236.0,54.0,20,0.20532319391634982,6,12,18
nfcorpus,PLAIN-3442,balanced,64,1,20,320.0,1536,1216.0,128.0,1,0.4,0,12,12
nfcorpus,PLAIN-3442,dibud,1,1,20,246.0,1499,1253.0,50.0,20,0.2032520325203252,6,12,18
nfcorpus,PLAIN-3442,dibud,64,1,20,320.0,1536,1216.0,128.0,1,0.4,0,12,12
nfcorpus,PLAIN-3452,balanced,1,1,20,122.0,3313,3191.0,27.0,14,0.22131147540983606,3,12,14
nfcorpus,PLAIN-3452,balanced,64,1,20,128.0,3328,3200.0,128.0,1,1.0,0,0,0
nfcorpus,PLAIN-3452,dibud,1,1,20,116.0,3313,3197.0,24.0,14,0.20689655172413793,3,12,14
nfcorpus,PLAIN-3452,dibud,64,1,20,128.0,3328,3200.0,128.0,1,1.0,0,0,0
nfcorpus,PLAIN-3462,balanced,1,1,20,80.0,2723,2643.0,20.0,17,0.25,7,13,16
nfcorpus,PLAIN-3462,balanced,64,1,20,128.0,2752,2624.0,128.0,1,1.0,0,0,0
nfcorpus,PLAIN-3462,dibud,1,1,20,78.0,2723,2645.0,19.0,17,0.24358974358974358,7,11,16
nfcorpus,PLAIN-3462,dibud,64,1,20,128.0,2752,2624.0,128.0,1,1.0,0,0,0
nfcorpus,PLAIN-3472,balanced,1,1,20,1588.0,3692,2104.0,344.0,16,0.21662468513853905,10,14,16
nfcorpus,PLAIN-3472,balanced,64,1,20,1606.0,3712,2106.0,384.0,16,0.23910336239103364,10,13,15
nfcorpus,PLAIN-3472,dibud,1,1,20,1588.0,3692,2104.0,344.0,16,0.21662468513853905,10,14,16
nfcorpus,PLAIN-3472,dibud,64,1,20,1606.0,3712,2106.0,384.0,16,0.23910336239103364,10,13,15
nfcorpus,PLAIN-358,balanced,1,1,20,5517.0,6102,585.0,2704.0,17,0.4901214428131231,10,15,16
nfcorpus,PLAIN-358,balanced,64,1,20,5531.0,6107,576.0,2779.0,17,0.5024407882842162,12,16,16
nfcorpus,PLAIN-358,dibud,1,1,20,5035.0,6102,1067.0,2052.0,17,0.4075471698113208,10,16,16
nfcorpus,PLAIN-358,dibud,64,1,20,5056.0,6107,1051.0,2048.0,17,0.4050632911392405,9,16,16
nfcorpus,PLAIN-371,balanced,1,1,20,3298.0,4487,1189.0,910.0,11,0.2759248029108551,10,10,16
nfcorpus,PLAIN-371,balanced,64,1,20,3329.0,4544,1215.0,896.0,11,0.2691498948633223,9,10,12
nfcorpus,PLAIN-371,dibud,1,1,20,3298.0,4487,1189.0,714.0,11,0.21649484536082475,10,11,16
nfcorpus,PLAIN-371,dibud,64,1,20,3328.0,4544,1216.0,704.0,11,0.21153846153846154,10,11,16
nfcorpus,PLAIN-383,balanced,1,1,20,1769.0,4851,3082.0,428.0,18,0.24194460146975694,12,17,18
nfcorpus,PLAIN-383,balanced,64,1,20,1728.0,4864,3136.0,384.0,18,0.2222222222222222,10,17,18
nfcorpus,PLAIN-383,dibud,1,1,20,1302.0,4851,3549.0,297.0,18,0.22811059907834103,10,15,17
nfcorpus,PLAIN-383,dibud,64,1,20,1344.0,4864,3520.0,256.0,18,0.19047619047619047,9,15,17
nfcorpus,PLAIN-395,balanced,1,1,20,200.0,4231,4031.0,36.0,7,0.18,6,7,14
nfcorpus,PLAIN-395,balanced,64,1,20,256.0,4242,3986.0,128.0,1,0.5,0,12,13
nfcorpus,PLAIN-395,dibud,1,1,20,200.0,4231,4031.0,36.0,7,0.18,6,7,15
nfcorpus,PLAIN-395,dibud,64,1,20,256.0,4242,3986.0,128.0,1,0.5,0,12,13
nfcorpus,PLAIN-407,balanced,1,1,20,2224.0,4484,2260.0,880.0,18,0.39568345323741005,14,17,17
nfcorpus,PLAIN-407,balanced,64,1,20,2264.0,4544,2280.0,896.0,18,0.3957597173144876,14,17,17
nfcorpus,PLAIN-407,dibud,1,1,20,1590.0,4484,2894.0,529.0,18,0.33270440251572325,14,17,17
nfcorpus,PLAIN-407,dibud,64,1,20,1624.0,4544,2920.0,576.0,18,0.35467980295566504,13,16,17
nfcorpus,PLAIN-418,balanced,1,1,20,444.0,4639,4195.0,101.0,19,0.22747747747747749,9,13,18
nfcorpus,PLAIN-418,balanced,64,1,20,512.0,4672,4160.0,128.0,1,0.25,9,16,18
nfcorpus,PLAIN-418,dibud,1,1,20,387.0,4639,4252.0,78.0,17,0.20155038759689922,8,12,16
nfcorpus,PLAIN-418,dibud,64,1,20,448.0,4672,4224.0,128.0,1,0.2857142857142857,0,9,16
nfcorpus,PLAIN-430,balanced,1,1,20,192.0,3308,3116.0,34.0,19,0.17708333333333334,10,13,18
nfcorpus,PLAIN-430,balanced,64,1,20,256.0,3318,3062.0,128.0,1,0.5,0,17,17
nfcorpus,PLAIN-430,dibud,1,1,20,181.0,3197,3016.0,32.0,19,0.17679558011049723,10,13,18
nfcorpus,PLAIN-430,dibud,64,1,20,256.0,3254,2998.0,128.0,1,0.5,0,17,18
nfcorpus,PLAIN-44,balanced,1,1,20,231.0,4865,4634.0,26.0,11,0.11255411255411256,3,9,17
nfcorpus,PLAIN-44,balanced,64,1,20,256.0,4880,4624.0,128.0,1,0.5,0,10,10
nfcorpus,PLAIN-44,dibud,1,1,20,201.0,4281,4080.0,29.0,11,0.14427860696517414,3,8,13
nfcorpus,PLAIN-44,dibud,64,1,20,256.0,4352,4096.0,128.0,1,0.5,0,10,10
nfcorpus,PLAIN-441,balanced,1,1,20,1634.0,3500,1866.0,1316.0,15,0.8053855569155447,14,14,14
nfcorpus,PLAIN-441,balanced,64,1,20,1664.0,3520,1856.0,1332.0,15,0.8004807692307693,14,14,14
nfcorpus,PLAIN-441,dibud,1,1,20,1634.0,3500,1866.0,1316.0,15,0.8053855569155447,14,14,14
nfcorpus,PLAIN-441,dibud,64,1,20,1664.0,3520,1856.0,1332.0,15,0.8004807692307693,14,14,14
nfcorpus,PLAIN-457,balanced,1,1,20,5323.0,6197,874.0,1462.0,18,0.27465714822468534,14,16,17
nfcorpus,PLAIN-457,balanced,64,1,20,5312.0,6247,935.0,1536.0,18,0.2891566265060241,14,16,17
nfcorpus,PLAIN-457,dibud,1,1,20,3239.0,6197,2958.0,798.0,18,0.24637233714109294,14,15,17
nfcorpus,PLAIN-457,dibud,64,1,20,3328.0,6247,2919.0,896.0,18,0.2692307692307692,14,15,17
nfcorpus,PLAIN-468,balanced,1,1,20,177.0,3620,3443.0,32.0,19,0.1807909604519774,9,11,15
nfcorpus,PLAIN-468,balanced,64,1,20,256.0,3648,3392.0,128.0,1,0.5,0,14,19
nfcorpus,PLAIN-468,dibud,1,1,20,155.0,3620,3465.0,31.0,10,0.2,9,10,14
nfcorpus,PLAIN-468,dibud,64,1,20,256.0,3648,3392.0,128.0,1,0.5,0,14,19
nfcorpus,PLAIN-478,balanced,1,1,20,2027.0,2027,0.0,557.0,19,0.2747903305377405,10,16,18
nfcorpus,PLAIN-478,balanced,64,1,20,2048.0,2048,0.0,576.0,19,0.28125,10,16,18
nfcorpus,PLAIN-478,dibud,1,1,20,2027.0,2027,0.0,557.0,19,0.2747903305377405,10,16,18
nfcorpus,PLAIN-478,dibud,64,1,20,2048.0,2048,0.0,576.0,19,0.28125,10,16,18
nfcorpus,PLAIN-488,balanced,1,1,20,1529.0,3633,2104.0,568.0,20,0.37148463047743624,14,17,19
nfcorpus,PLAIN-488,balanced,64,1,20,1536.0,3648,2112.0,512.0,20,0.3333333333333333,14,17,19
nfcorpus,PLAIN-488,dibud,1,1,20,1529.0,3633,2104.0,568.0,20,0.37148463047743624,14,17,19
nfcorpus,PLAIN-488,dibud,64,1,20,1536.0,3648,2112.0,512.0,20,0.3333333333333333,14,17,19
nfcorpus,PLAIN-499,balanced,1,1,20,357.0,3256,2899.0,114.0,12,0.31932773109243695,11,14,16
nfcorpus,PLAIN-499,balanced,64,1,20,363.0,3264,2901.0,128.0,1,0.3526170798898072,0,11,16
nfcorpus,PLAIN-499,dibud,1,1,20,357.0,3256,2899.0,93.0,12,0.2605042016806723,11,14,17
nfcorpus,PLAIN-499,dibud,64,1,20,363.0,3264,2901.0,128.0,1,0.3526170798898072,0,11,16
nfcorpus,PLAIN-510,balanced,1,1,20,123.0,123,0.0,78.0,1,0.6341463414634146,0,0,1
nfcorpus,PLAIN-510,balanced,64,1,20,128.0,128,0.0,128.0,1,1.0,0,0,0
nfcorpus,PLAIN-510,dibud,1,1,20,123.0,123,0.0,78.0,1,0.6341463414634146,0,0,1
nfcorpus,PLAIN-510,dibud,64,1,20,128.0,128,0.0,128.0,1,1.0,0,0,0
nfcorpus,PLAIN-520,balanced,1,1,20,2066.0,2066,0.0,1633.0,2,0.7904162633107454,1,1,1
nfcorpus,PLAIN-520,balanced,64,1,20,2112.0,2112,0.0,1664.0,2,0.7878787878787878,1,1,1
nfcorpus,PLAIN-520,dibud,1,1,20,2066.0,2066,0.0,1633.0,2,0.7904162633107454,1,1,1
nfcorpus,PLAIN-520,dibud,64,1,20,2112.0,2112,0.0,1664.0,2,0.7878787878787878,1,1,1
nfcorpus,PLAIN-531,balanced,1,1,20,434.0,3570,3136.0,84.0,20,0.1935483870967742,7,10,16
nfcorpus,PLAIN-531,balanced,64,1,20,512.0,3584,3072.0,128.0,1,0.25,8,12,19
nfcorpus,PLAIN-531,dibud,1,1,20,434.0,3570,3136.0,84.0,20,0.1935483870967742,7,10,16
nfcorpus,PLAIN-531,dibud,64,1,20,512.0,3584,3072.0,128.0,1,0.25,8,12,19
nfcorpus,PLAIN-541,balanced,1,1,20,140.0,4359,4219.0,25.0,15,0.17857142857142858,4,11,14
nfcorpus,PLAIN-541,balanced,64,1,20,256.0,4416,4160.0,128.0,1,0.5,0,19,19
nfcorpus,PLAIN-541,dibud,1,1,20,116.0,4359,4243.0,19.0,2,0.16379310344827586,4,10,14
nfcorpus,PLAIN-541,dibud,64,1,20,192.0,4416,4224.0,128.0,1,0.6666666666666666,0,0,19
nfcorpus,PLAIN-551,balanced,1,1,20,20.0,100,80.0,1.0,1,0.05,5,10,15
nfcorpus,PLAIN-551,balanced,64,1,20,64.0,128,64.0,64.0,1,1.0,0,0,0
nfcorpus,PLAIN-551,dibud,1,1,20,20.0,100,80.0,1.0,1,0.05,5,10,15
nfcorpus,PLAIN-551,dibud,64,1,20,64.0,128,64.0,64.0,1,1.0,0,0,0
nfcorpus,PLAIN-56,balanced,1,1,20,768.0,3878,3110.0,134.0,11,0.17447916666666666,9,13,16
nfcorpus,PLAIN-56,balanced,64,1,20,768.0,3904,3136.0,128.0,1,0.16666666666666666,7,13,15
nfcorpus,PLAIN-56,dibud,1,1,20,727.0,3878,3151.0,118.0,11,0.1623108665749656,9,13,15
nfcorpus,PLAIN-56,dibud,64,1,20,768.0,3904,3136.0,128.0,1,0.16666666666666666,7,13,15
nfcorpus,PLAIN-561,balanced,1,1,20,23.0,103,80.0,9.0,3,0.391304347826087,2,2,14
nfcorpus,PLAIN-561,balanced,64,1,20,67.0,128,61.0,67.0,1,1.0,0,0,0
nfcorpus,PLAIN-561,dibud,1,1,20,23.0,103,80.0,9.0,3,0.391304347826087,2,2,14
nfcorpus,PLAIN-561,dibud,64,1,20,67.0,128,61.0,67.0,1,1.0,0,0,0
nfcorpus,PLAIN-571,balanced,1,1,20,25.0,105,80.0,5.0,2,0.2,1,7,13
nfcorpus,PLAIN-571,balanced,64,1,20,69.0,128,59.0,69.0,1,1.0,0,0,0
nfcorpus,PLAIN-571,dibud,1,1,20,25.0,105,80.0,5.0,1,0.2,1,7,13
nfcorpus,PLAIN-571,dibud,64,1,20,69.0,128,59.0,69.0,1,1.0,0,0,0
nfcorpus,PLAIN-583,balanced,1,1,20,20.0,100,80.0,2.0,1,0.1,5,10,15
nfcorpus,PLAIN-583,balanced,64,1,20,65.0,128,63.0,65.0,1,1.0,0,0,0
nfcorpus,PLAIN-583,dibud,1,1,20,20.0,100,80.0,2.0,1,0.1,5,10,15
nfcorpus,PLAIN-583,dibud,64,1,20,65.0,128,63.0,65.0,1,1.0,0,0,0
nfcorpus,PLAIN-593,balanced,1,1,20,21.0,101,80.0,2.0,1,0.09523809523809523,4,9,14
nfcorpus,PLAIN-593,balanced,64,1,20,66.0,128,62.0,66.0,1,1.0,0,0,0
nfcorpus,PLAIN-593,dibud,1,1,20,21.0,101,80.0,2.0,1,0.09523809523809523,4,9,14
nfcorpus,PLAIN-593,dibud,64,1,20,66.0,128,62.0,66.0,1,1.0,0,0,0
nfcorpus,PLAIN-603,balanced,1,1,20,23.0,103,80.0,5.0,2,0.21739130434782608,1,8,14
nfcorpus,PLAIN-603,balanced,64,1,20,67.0,128,61.0,67.0,1,1.0,0,0,0
nfcorpus,PLAIN-603,dibud,1,1,20,23.0,103,80.0,5.0,2,0.21739130434782608,1,8,14
nfcorpus,PLAIN-603,dibud,64,1,20,67.0,128,61.0,67.0,1,1.0,0,0,0
nfcorpus,PLAIN-613,balanced,1,1,20,178.0,2224,2046.0,68.0,20,0.38202247191011235,10,15,19
nfcorpus,PLAIN-613,balanced,64,1,20,256.0,2240,1984.0,128.0,1,0.5,0,19,19
nfcorpus,PLAIN-613,dibud,1,1,20,160.0,2224,2064.0,61.0,20,0.38125,9,15,19
nfcorpus,PLAIN-613,dibud,64,1,20,256.0,2240,1984.0,128.0,1,0.5,0,19,19
nfcorpus,PLAIN-623,balanced,1,1,20,433.0,2286,1853.0,84.0,20,0.19399538106235567,6,10,12
nfcorpus,PLAIN-623,balanced,64,1,20,512.0,2321,1809.0,128.0,1,0.25,6,11,19
nfcorpus,PLAIN-623,dibud,1,1,20,416.0,2286,1870.0,72.0,7,0.17307692307692307,6,10,13
nfcorpus,PLAIN-623,dibud,64,1,20,512.0,2304,1792.0,128.0,1,0.25,6,11,19
nfcorpus,PLAIN-634,balanced,1,1,20,535.0,535,0.0,263.0,11,0.491588785046729,7,9,10
nfcorpus,PLAIN-634,balanced,64,1,20,576.0,576,0.0,256.0,11,0.4444444444444444,7,9,10
nfcorpus,PLAIN-634,dibud,1,1,20,535.0,535,0.0,263.0,11,0.491588785046729,7,9,10
nfcorpus,PLAIN-634,dibud,64,1,20,576.0,576,0.0,256.0,11,0.4444444444444444,7,9,10
nfcorpus,PLAIN-645,balanced,1,1,20,20.0,100,80.0,2.0,1,0.1,5,10,15
nfcorpus,PLAIN-645,balanced,64,1,20,65.0,128,63.0,65.0,1,1.0,0,0,0
nfcorpus,PLAIN-645,dibud,1,1,20,20.0,100,80.0,2.0,1,0.1,5,10,15
nfcorpus,PLAIN-645,dibud,64,1,20,65.0,128,63.0,65.0,1,1.0,0,0,0
nfcorpus,PLAIN-660,balanced,1,1,20,93.0,1922,1829.0,14.0,14,0.15053763440860216,6,12,15
nfcorpus,PLAIN-660,balanced,64,1,20,117.0,1984,1867.0,117.0,1,1.0,0,0,0
nfcorpus,PLAIN-660,dibud,1,1,20,93.0,1922,1829.0,13.0,14,0.13978494623655913,6,13,15
nfcorpus,PLAIN-660,dibud,64,1,20,117.0,1984,1867.0,117.0,1,1.0,0,0,0
nfcorpus,PLAIN-671,balanced,1,1,20,1220.0,1220,0.0,943.0,4,0.7729508196721312,3,3,3
nfcorpus,PLAIN-671,balanced,64,1,20,1280.0,1280,0.0,960.0,4,0.75,3,3,3
nfcorpus,PLAIN-671,dibud,1,1,20,1220.0,1220,0.0,943.0,4,0.7729508196721312,3,3,3
nfcorpus,PLAIN-671,dibud,64,1,20,1280.0,1280,0.0,960.0,4,0.75,3,3,3
nfcorpus,PLAIN-68,balanced,1,1,20,483.0,3762,3279.0,92.0,18,0.19047619047619047,6,13,17
nfcorpus,PLAIN-68,balanced,64,1,20,512.0,3776,3264.0,128.0,1,0.25,7,15,17
nfcorpus,PLAIN-68,dibud,1,1,20,483.0,3762,3279.0,94.0,18,0.19461697722567287,6,14,17
nfcorpus,PLAIN-68,dibud,64,1,20,512.0,3776,3264.0,128.0,1,0.25,7,15,17
nfcorpus,PLAIN-681,balanced,1,1,20,121.0,2278,2157.0,16.0,18,0.1322314049586777,3,11,17
nfcorpus,PLAIN-681,balanced,64,1,20,128.0,2304,2176.0,128.0,1,1.0,0,0,0
nfcorpus,PLAIN-681,dibud,1,1,20,102.0,2278,2176.0,14.0,2,0.13725490196078433,3,8,17
nfcorpus,PLAIN-681,dibud,64,1,20,128.0,2304,2176.0,128.0,1,1.0,0,0,0
nfcorpus,PLAIN-691,balanced,1,1,20,102.0,3185,3083.0,16.0,11,0.1568627450980392,6,10,15
nfcorpus,PLAIN-691,balanced,64,1,20,128.0,3200,3072.0,128.0,1,1.0,0,0,0
nfcorpus,PLAIN-691,dibud,1,1,20,89.0,3185,3096.0,12.0,11,0.1348314606741573,5,11,15
nfcorpus,PLAIN-691,dibud,64,1,20,128.0,3200,3072.0,128.0,1,1.0,0,0,0
nfcorpus,PLAIN-701,balanced,1,1,20,208.0,2954,2746.0,34.0,10,0.16346153846153846,9,12,16
nfcorpus,PLAIN-701,balanced,64,1,20,228.0,3008,2780.0,128.0,1,0.5614035087719298,0,0,12
nfcorpus,PLAIN-701,dibud,1,1,20,208.0,2954,2746.0,34.0,10,0.16346153846153846,9,12,17
nfcorpus,PLAIN-701,dibud,64,1,20,228.0,3008,2780.0,128.0,1,0.5614035087719298,0,0,17
nfcorpus,PLAIN-711,balanced,1,1,20,1049.0,3286,2237.0,368.0,20,0.3508102955195424,11,18,19
nfcorpus,PLAIN-711,balanced,64,1,20,1088.0,3328,2240.0,384.0,20,0.35294117647058826,9,18,19
nfcorpus,PLAIN-711,dibud,1,1,20,917.0,3286,2369.0,302.0,20,0.3293347873500545,9,18,19
nfcorpus,PLAIN-711,dibud,64,1,20,1024.0,3328,2304.0,320.0,20,0.3125,9,18,19
nfcorpus,PLAIN-721,balanced,1,1,20,1066.0,1066,0.0,890.0,18,0.8348968105065666,17,17,17
nfcorpus,PLAIN-721,balanced,64,1,20,1088.0,1088,0.0,896.0,18,0.8235294117647058,17,17,17
nfcorpus,PLAIN-721,dibud,1,1,20,1066.0,1066,0.0,890.0,18,0.8348968105065666,17,17,17
nfcorpus,PLAIN-721,dibud,64,1,20,1088.0,1088,0.0,896.0,18,0.8235294117647058,17,17,17
nfcorpus,PLAIN-731,balanced,1,1,20,93.0,3449,3356.0,14.0,12,0.15053763440860216,4,10,11
nfcorpus,PLAIN-731,balanced,64,1,20,128.0,3456,3328.0,128.0,1,1.0,0,0,0
nfcorpus,PLAIN-731,dibud,1,1,20,84.0,3449,3365.0,11.0,11,0.13095238095238096,2,10,13
nfcorpus,PLAIN-731,dibud,64,1,20,128.0,3456,3328.0,128.0,1,1.0,0,0,0
nfcorpus,PLAIN-741,balanced,1,1,20,2332.0,2332,0.0,817.0,15,0.3503430531732418,12,13,14
nfcorpus,PLAIN-741,balanced,64,1,20,2368.0,2368,0.0,832.0,15,0.35135135135135137,11,13,14
nfcorpus,PLAIN-741,dibud,1,1,20,2332.0,2332,0.0,817.0,15,0.3503430531732418,12,13,14
nfcorpus,PLAIN-741,dibud,64,1,20,2368.0,2368,0.0,832.0,15,0.35135135135135137,11,13,14
nfcorpus,PLAIN-751,balanced,1,1,20,573.0,3032,2459.0,162.0,19,0.28272251308900526,11,16,18
nfcorpus,PLAIN-751,balanced,64,1,20,576.0,3072,2496.0,157.0,19,0.2725694444444444,10,16,18
nfcorpus,PLAIN-751,dibud,1,1,20,573.0,3032,2459.0,162.0,19,0.28272251308900526,11,16,18
nfcorpus,PLAIN-751,dibud,64,1,20,576.0,3072,2496.0,157.0,19,0.2725694444444444,10,16,18
nfcorpus,PLAIN-761,balanced,1,1,20,330.0,1050,720.0,76.0,6,0.23030303030303031,5,8,13
nfcorpus,PLAIN-761,balanced,64,1,20,384.0,1088,704.0,128.0,1,0.3333333333333333,0,6,14
nfcorpus,PLAIN-761,dibud,1,1,20,308.0,969,661.0,76.0,6,0.24675324675324675,5,7,12
nfcorpus,PLAIN-761,dibud,64,1,20,384.0,1024,640.0,128.0,1,0.3333333333333333,0,6,14
nfcorpus,PLAIN-771,balanced,1,1,20,40.0,103,63.0,36.0,3,0.9,2,2,2
nfcorpus,PLAIN-771,balanced,64,1,20,67.0,128,61.0,67.0,1,1.0,0,0,0
nfcorpus,PLAIN-771,dibud,1,1,20,40.0,103,63.0,36.0,3,0.9,2,2,2
nfcorpus,PLAIN-771,dibud,64,1,20,67.0,128,61.0,67.0,1,1.0,0,0,0
nfcorpus,PLAIN-78,balanced,1,1,20,1717.0,5475,3758.0,432.0,20,0.2516016307513104,12,16,19
nfcorpus,PLAIN-78,balanced,64,1,20,1728.0,5504,3776.0,384.0,20,0.2222222222222222,11,16,18
nfcorpus,PLAIN-78,dibud,1,1,20,1414.0,5475,4061.0,321.0,20,0.22701555869872703,10,16,18
nfcorpus,PLAIN-78,dibud,64,1,20,1472.0,5504,4032.0,256.0,17,0.17391304347826086,10,14,18
nfcorpus,PLAIN-782,balanced,1,1,20,3133.0,3757,624.0,1143.0,13,0.3648260453239706,5,7,12
nfcorpus,PLAIN-782,balanced,64,1,20,3136.0,3761,625.0,1088.0,13,0.3469387755102041,5,7,12
nfcorpus,PLAIN-782,dibud,1,1,20,3133.0,3757,624.0,1143.0,13,0.3648260453239706,5,7,12
nfcorpus,PLAIN-782,dibud,64,1,20,3136.0,3761,625.0,1088.0,13,0.3469387755102041,5,7,12
nfcorpus,PLAIN-792,balanced,1,1,20,145.0,145,0.0,138.0,3,0.9517241379310345,2,2,2
nfcorpus,PLAIN-792,balanced,64,1,20,192.0,192,0.0,125.0,3,0.6510416666666666,0,2,2
nfcorpus,PLAIN-792,dibud,1,1,20,145.0,145,0.0,138.0,3,0.9517241379310345,2,2,2
nfcorpus,PLAIN-792,dibud,64,1,20,192.0,192,0.0,125.0,3,0.6510416666666666,0,2,2
nfcorpus,PLAIN-806,balanced,1,1,20,120.0,2830,2710.0,30.0,8,0.25,7,8,16
nfcorpus,PLAIN-806,balanced,64,1,20,128.0,2880,2752.0,128.0,1,1.0,0,0,0
nfcorpus,PLAIN-806,dibud,1,1,20,120.0,2830,2710.0,27.0,8,0.225,7,8,16
nfcorpus,PLAIN-806,dibud,64,1,20,128.0,2880,2752.0,128.0,1,1.0,0,0,0
nfcorpus,PLAIN-817,balanced,1,1,20,2514.0,2514,0.0,748.0,12,0.2975338106603023,7,10,11
nfcorpus,PLAIN-817,balanced,64,1,20,2560.0,2560,0.0,768.0,12,0.3,8,10,11
nfcorpus,PLAIN-817,dibud,1,1,20,2514.0,2514,0.0,748.0,12,0.2975338106603023,7,10,11
nfcorpus,PLAIN-817,dibud,64,1,20,2560.0,2560,0.0,768.0,12,0.3,8,10,11
nfcorpus,PLAIN-827,balanced,1,1,20,224.0,2710,2486.0,34.0,2,0.15178571428571427,2,7,14
nfcorpus,PLAIN-827,balanced,64,1,20,240.0,2752,2512.0,128.0,1,0.5333333333333333,0,0,9
nfcorpus,PLAIN-827,dibud,1,1,20,206.0,2710,2504.0,34.0,2,0.1650485436893204,2,6,14
nfcorpus,PLAIN-827,dibud,64,1,20,240.0,2752,2512.0,128.0,1,0.5333333333333333,0,0,10
nfcorpus,PLAIN-838,balanced,1,1,20,1515.0,1515,0.0,1503.0,7,0.9920792079207921,6,6,6
nfcorpus,PLAIN-838,balanced,64,1,20,1536.0,1536,0.0,1465.0,7,0.9537760416666666,6,6,6
nfcorpus,PLAIN-838,dibud,1,1,20,1515.0,1515,0.0,1503.0,7,0.9920792079207921,6,6,6
nfcorpus,PLAIN-838,dibud,64,1,20,1536.0,1536,0.0,1465.0,7,0.9537760416666666,6,6,6
nfcorpus,PLAIN-850,balanced,1,1,20,2000.0,2000,0.0,704.0,9,0.352,5,7,8
nfcorpus,PLAIN-850,balanced,64,1,20,2048.0,2048,0.0,704.0,9,0.34375,5,7,8
nfcorpus,PLAIN-850,dibud,1,1,20,2000.0,2000,0.0,704.0,9,0.352,5,7,8
nfcorpus,PLAIN-850,dibud,64,1,20,2048.0,2048,0.0,704.0,9,0.34375,5,7,8
nfcorpus,PLAIN-872,balanced,1,1,20,1252.0,1367,115.0,549.0,13,0.43849840255591055,12,12,15
nfcorpus,PLAIN-872,balanced,64,1,20,1280.0,1408,128.0,576.0,13,0.45,12,12,18
nfcorpus,PLAIN-872,dibud,1,1,20,1252.0,1367,115.0,549.0,13,0.43849840255591055,12,12,15
nfcorpus,PLAIN-872,dibud,64,1,20,1280.0,1408,128.0,576.0,13,0.45,12,12,18
nfcorpus,PLAIN-882,balanced,1,1,20,22.0,102,80.0,3.0,1,0.13636363636363635,3,9,14
nfcorpus,PLAIN-882,balanced,64,1,20,66.0,128,62.0,66.0,1,1.0,0,0,0
nfcorpus,PLAIN-882,dibud,1,1,20,22.0,102,80.0,4.0,1,0.18181818181818182,3,9,14
nfcorpus,PLAIN-882,dibud,64,1,20,66.0,128,62.0,66.0,1,1.0,0,0,0
nfcorpus,PLAIN-892,balanced,1,1,20,315.0,315,0.0,257.0,8,0.8158730158730159,7,7,7
nfcorpus,PLAIN-892,balanced,64,1,20,320.0,320,0.0,248.0,8,0.775,7,7,7
nfcorpus,PLAIN-892,dibud,1,1,20,315.0,315,0.0,257.0,8,0.8158730158730159,7,7,7
nfcorpus,PLAIN-892,dibud,64,1,20,320.0,320,0.0,248.0,8,0.775,7,7,7
nfcorpus,PLAIN-902,balanced,1,1,20,578.0,578,0.0,512.0,4,0.8858131487889274,3,3,3
nfcorpus,PLAIN-902,balanced,64,1,20,640.0,640,0.0,572.0,4,0.89375,3,3,3
nfcorpus,PLAIN-902,dibud,1,1,20,578.0,578,0.0,512.0,4,0.8858131487889274,3,3,3
nfcorpus,PLAIN-902,dibud,64,1,20,640.0,640,0.0,572.0,4,0.89375,3,3,3
nfcorpus,PLAIN-91,balanced,1,1,20,363.0,2489,2126.0,126.0,12,0.34710743801652894,8,11,12
nfcorpus,PLAIN-91,balanced,64,1,20,384.0,2496,2112.0,128.0,1,0.3333333333333333,0,11,11
nfcorpus,PLAIN-91,dibud,1,1,20,327.0,2489,2162.0,114.0,12,0.3486238532110092,7,11,12
nfcorpus,PLAIN-91,dibud,64,1,20,384.0,2496,2112.0,128.0,1,0.3333333333333333,0,11,11
nfcorpus,PLAIN-913,balanced,1,1,20,120.0,120,0.0,57.0,14,0.475,9,11,13
nfcorpus,PLAIN-913,balanced,64,1,20,128.0,128,0.0,78.0,1,0.609375,0,0,13
nfcorpus,PLAIN-913,dibud,1,1,20,120.0,120,0.0,57.0,14,0.475,9,11,13
nfcorpus,PLAIN-913,dibud,64,1,20,128.0,128,0.0,78.0,1,0.609375,0,0,13
nfcorpus,PLAIN-924,balanced,1,1,20,21.0,101,80.0,2.0,1,0.09523809523809523,4,9,14
nfcorpus,PLAIN-924,balanced,64,1,20,65.0,128,63.0,65.0,1,1.0,0,0,0
nfcorpus,PLAIN-924,dibud,1,1,20,21.0,101,80.0,2.0,1,0.09523809523809523,4,9,14
nfcorpus,PLAIN-924,dibud,64,1,20,65.0,128,63.0,65.0,1,1.0,0,0,0
nfcorpus,PLAIN-934,balanced,1,1,20,51.0,2485,2434.0,14.0,1,0.27450980392156865,0,6,11
nfcorpus,PLAIN-934,balanced,64,1,20,128.0,2496,2368.0,128.0,1,1.0,0,0,0
nfcorpus,PLAIN-934,dibud,1,1,20,48.0,2485,2437.0,14.0,1,0.2916666666666667,0,6,13
nfcorpus,PLAIN-934,dibud,64,1,20,128.0,2496,2368.0,128.0,1,1.0,0,0,0
nfcorpus,PLAIN-946,balanced,1,1,20,702.0,702,0.0,343.0,3,0.4886039886039886,0,2,2
nfcorpus,PLAIN-946,balanced,64,1,20,704.0,704,0.0,320.0,3,0.45454545454545453,0,2,2
nfcorpus,PLAIN-946,dibud,1,1,20,702.0,702,0.0,343.0,3,0.4886039886039886,0,2,2
nfcorpus,PLAIN-946,dibud,64,1,20,704.0,704,0.0,320.0,3,0.45454545454545453,0,2,2
nfcorpus,PLAIN-956,balanced,1,1,20,101.0,2356,2255.0,19.0,4,0.18811881188118812,3,8,15
nfcorpus,PLAIN-956,balanced,64,1,20,128.0,2394,2266.0,128.0,1,1.0,0,0,0
nfcorpus,PLAIN-956,dibud,1,1,20,99.0,2224,2125.0,15.0,4,0.15151515151515152,3,8,15
nfcorpus,PLAIN-956,dibud,64,1,20,128.0,2240,2112.0,128.0,1,1.0,0,0,0
nfcorpus,PLAIN-966,balanced,1,1,20,693.0,693,0.0,205.0,12,0.2958152958152958,6,11,12
nfcorpus,PLAIN-966,balanced,64,1,20,704.0,704,0.0,256.0,12,0.36363636363636365,4,11,11
nfcorpus,PLAIN-966,dibud,1,1,20,693.0,693,0.0,205.0,12,0.2958152958152958,6,11,12
nfcorpus,PLAIN-966,dibud,64,1,20,704.0,704,0.0,256.0,12,0.36363636363636365,4,11,11
nfcorpus,PLAIN-977,balanced,1,1,20,626.0,3504,2878.0,110.0,14,0.1757188498402556,8,12,14
nfcorpus,PLAIN-977,balanced,64,1,20,666.0,3520,2854.0,128.0,1,0.1921921921921922,7,12,13
nfcorpus,PLAIN-977,dibud,1,1,20,626.0,3504,2878.0,118.0,20,0.18849840255591055,9,12,15
nfcorpus,PLAIN-977,dibud,64,1,20,640.0,3520,2880.0,128.0,1,0.2,7,12,15
nfcorpus,PLAIN-987,balanced,1,1,20,2222.0,2222,0.0,1330.0,3,0.5985598559855986,1,2,2
nfcorpus,PLAIN-987,balanced,64,1,20,2240.0,2240,0.0,1344.0,3,0.6,1,2,2
nfcorpus,PLAIN-987,dibud,1,1,20,2222.0,2222,0.0,1330.0,3,0.5985598559855986,1,2,2
nfcorpus,PLAIN-987,dibud,64,1,20,2240.0,2240,0.0,1344.0,3,0.6,1,2,2
nfcorpus,PLAIN-997,balanced,1,1,20,20.0,100,80.0,1.0,1,0.05,5,10,15
nfcorpus,PLAIN-997,balanced,64,1,20,64.0,128,64.0,64.0,1,1.0,0,0,0
nfcorpus,PLAIN-997,dibud,1,1,20,20.0,100,80.0,1.0,1,0.05,5,10,15
nfcorpus,PLAIN-997,dibud,64,1,20,64.0,128,64.0,64.0,1,1.0,0,0,0
scifact,1,balanced,1,1,20,4916.0,6786,1870.0,1507.0,13,0.3065500406834825,10,12,14
scifact,1,balanced,64,1,20,4928.0,6848,1920.0,1472.0,13,0.2987012987012987,10,12,14
scifact,1,dibud,1,1,20,4916.0,6786,1870.0,1011.0,15,0.20565500406834825,10,13,15
scifact,1,dibud,64,1,20,4948.0,6804,1856.0,1024.0,15,0.20695230396119643,10,13,14
scifact,100,balanced,1,1,20,222.0,2168,1946.0,32.0,4,0.14414414414414414,3,7,15
scifact,100,balanced,64,1,20,256.0,2176,1920.0,128.0,1,0.5,0,9,9
scifact,100,dibud,1,1,20,222.0,1822,1600.0,31.0,4,0.13963963963963963,3,7,15
scifact,100,dibud,64,1,20,256.0,1856,1600.0,128.0,1,0.5,0,9,12
scifact,1012,balanced,1,1,20,874.0,6695,5821.0,160.0,19,0.18306636155606407,10,15,17
scifact,1012,balanced,64,1,20,896.0,6720,5824.0,128.0,1,0.14285714285714285,8,14,17
scifact,1012,dibud,1,1,20,782.0,6695,5913.0,135.0,19,0.17263427109974425,9,14,17
scifact,1012,dibud,64,1,20,832.0,6720,5888.0,128.0,1,0.15384615384615385,8,14,17
scifact,1014,balanced,1,1,20,2344.0,5600,3256.0,577.0,18,0.246160409556314,12,13,16
scifact,1014,balanced,64,1,20,2368.0,5632,3264.0,548.0,18,0.23141891891891891,11,13,16
scifact,1014,dibud,1,1,20,2344.0,5600,3256.0,577.0,18,0.246160409556314,12,13,16
scifact,1014,dibud,64,1,20,2368.0,5632,3264.0,548.0,18,0.23141891891891891,11,13,16
scifact,1019,balanced,1,1,20,4668.0,7249,2581.0,1766.0,17,0.3783204798628963,14,16,16
scifact,1019,balanced,64,1,20,4702.0,7262,2560.0,1664.0,17,0.35389196086771585,14,16,16
scifact,1019,dibud,1,1,20,4570.0,7249,2679.0,1766.0,17,0.3864332603938731,14,16,16
scifact,1019,dibud,64,1,20,4574.0,7262,2688.0,1664.0,17,0.36379536510712723,14,16,16
scifact,1020,balanced,1,1,20,250.0,5869,5619.0,48.0,13,0.192,8,11,13
scifact,1020,balanced,64,1,20,256.0,5824,5568.0,128.0,1,0.5,0,12,12
scifact,1020,dibud,1,1,20,243.0,4935,4692.0,46.0,13,0.18930041152263374,8,11,13
scifact,1020,dibud,64,1,20,256.0,4992,4736.0,128.0,1,0.5,0,12,12
scifact,1021,balanced,1,1,20,242.0,6434,6192.0,71.0,11,0.29338842975206614,10,10,15
scifact,1021,balanced,64,1,20,256.0,6528,6272.0,128.0,1,0.5,0,10,10
scifact,1021,dibud,1,1,20,234.0,5996,5762.0,64.0,11,0.27350427350427353,8,10,15
scifact,1021,dibud,64,1,20,256.0,6080,5824.0,128.0,1,0.5,0,10,12
scifact,1024,balanced,1,1,20,798.0,5828,5030.0,148.0,19,0.18546365914786966,10,14,18
scifact,1024,balanced,64,1,20,896.0,5888,4992.0,128.0,1,0.14285714285714285,8,14,18
scifact,1024,dibud,1,1,20,635.0,5828,5193.0,109.0,19,0.17165354330708663,10,14,18
scifact,1024,dibud,64,1,20,704.0,5890,5186.0,128.0,1,0.18181818181818182,8,14,18
scifact,1029,balanced,1,1,20,142.0,2414,2272.0,26.0,4,0.18309859154929578,3,7,12
scifact,1029,balanced,64,1,20,256.0,2432,2176.0,128.0,1,0.5,0,19,19
scifact,1029,dibud,1,1,20,134.0,1673,1539.0,23.0,4,0.17164179104477612,3,7,14
scifact,1029,dibud,64,1,20,192.0,1728,1536.0,128.0,1,0.6666666666666666,0,0,19
scifact,1041,balanced,1,1,20,61.0,2856,2795.0,10.0,9,0.16393442622950818,4,8,18
scifact,1041,balanced,64,1,20,128.0,2944,2816.0,128.0,1,1.0,0,0,0
scifact,1041,dibud,1,1,20,56.0,2656,2600.0,9.0,9,0.16071428571428573,3,8,16
scifact,1041,dibud,64,1,20,128.0,2752,2624.0,128.0,1,1.0,0,0,0
scifact,1049,balanced,1,1,20,1478.0,8693,7215.0,330.0,17,0.2232746955345061,11,16,17
scifact,1049,balanced,64,1,20,1536.0,8726,7190.0,384.0,17,0.25,11,16,17
scifact,1049,dibud,1,1,20,1249.0,8693,7444.0,271.0,17,0.21697357886309046,11,15,17
scifact,1049,dibud,64,1,20,1280.0,8704,7424.0,320.0,17,0.25,10,15,16
scifact,1062,balanced,1,1,20,201.0,1746,1545.0,28.0,11,0.13930348258706468,8,11,16
scifact,1062,balanced,64,1,20,256.0,1754,1498.0,128.0,1,0.5,0,14,14
scifact,1062,dibud,1,1,20,187.0,1746,1559.0,28.0,11,0.1497326203208556,8,10,16
scifact,1062,dibud,64,1,20,256.0,1792,1536.0,128.0,1,0.5,0,14,14
scifact,1086,balanced,1,1,20,916.0,8731,7815.0,192.0,19,0.2096069868995633,11,15,18
scifact,1086,balanced,64,1,20,1024.0,8753,7729.0,128.0,1,0.125,11,15,18
scifact,1086,dibud,1,1,20,772.0,8620,7848.0,151.0,19,0.1955958549222798,11,15,18
scifact,1086,dibud,64,1,20,832.0,8704,7872.0,128.0,1,0.15384615384615385,7,13,17
scifact,1088,balanced,1,1,20,502.0,6681,6179.0,118.0,15,0.2350597609561753,8,14,15
scifact,1088,balanced,64,1,20,512.0,6720,6208.0,128.0,1,0.25,8,14,15
scifact,1088,dibud,1,1,20,443.0,6681,6238.0,111.0,15,0.2505643340857788,5,13,14
scifact,1088,dibud,64,1,20,448.0,6720,6272.0,128.0,1,0.2857142857142857,0,9,14
scifact,1089,balanced,1,1,20,2096.0,5370,3274.0,768.0,20,0.366412213740458,14,17,19
scifact,1089,balanced,64,1,20,2176.0,5373,3197.0,768.0,20,0.35294117647058826,14,17,19
scifact,1089,dibud,1,1,20,1715.0,5278,3563.0,572.0,20,0.3335276967930029,13,17,19
scifact,1089,dibud,64,1,20,1792.0,5312,3520.0,576.0,20,0.32142857142857145,13,17,19
scifact,1099,balanced,1,1,20,87.0,1959,1872.0,12.0,8,0.13793103448275862,3,7,11
scifact,1099,balanced,64,1,20,128.0,2001,1873.0,128.0,1,1.0,0,0,0
scifact,1099,dibud,1,1,20,77.0,1959,1882.0,10.0,8,0.12987012987012986,3,7,13
scifact,1099,dibud,64,1,20,128.0,2001,1873.0,128.0,1,1.0,0,0,0
scifact,1100,balanced,1,1,20,111.0,3632,3521.0,19.0,4,0.17117117117117117,3,14,16
scifact,1100,balanced,64,1,20,128.0,3672,3544.0,128.0,1,1.0,0,0,0
scifact,1100,dibud,1,1,20,96.0,2297,2201.0,16.0,4,0.16666666666666666,3,13,15
scifact,1100,dibud,64,1,20,128.0,2328,2200.0,128.0,1,1.0,0,0,0
scifact,1104,balanced,1,1,20,207.0,2163,1956.0,42.0,17,0.2028985507246377,6,11,16
scifact,1104,balanced,64,1,20,256.0,2112,1856.0,128.0,1,0.5,0,15,16
scifact,1104,dibud,1,1,20,196.0,1666,1470.0,39.0,17,0.1989795918367347,6,11,16
scifact,1104,dibud,64,1,20,256.0,1728,1472.0,128.0,1,0.5,0,15,16
scifact,1107,balanced,1,1,20,69.0,5356,5287.0,12.0,4,0.17391304347826086,3,8,13
scifact,1107,balanced,64,1,20,128.0,5376,5248.0,128.0,1,1.0,0,0,0
scifact,1107,dibud,1,1,20,64.0,5356,5292.0,12.0,4,0.1875,3,8,13
scifact,1107,dibud,64,1,20,128.0,5376,5248.0,128.0,1,1.0,0,0,0
scifact,1110,balanced,1,1,20,969.0,5272,4303.0,168.0,9,0.17337461300309598,7,11,16
scifact,1110,balanced,64,1,20,960.0,5312,4352.0,128.0,1,0.13333333333333333,4,8,16
scifact,1110,dibud,1,1,20,902.0,5272,4370.0,173.0,17,0.1917960088691796,7,10,16
scifact,1110,dibud,64,1,20,960.0,5333,4373.0,128.0,1,0.13333333333333333,4,8,16
scifact,1121,balanced,1,1,20,135.0,6810,6675.0,22.0,12,0.16296296296296298,6,11,14
scifact,1121,balanced,64,1,20,192.0,6912,6720.0,128.0,1,0.6666666666666666,0,0,19
scifact,1121,dibud,1,1,20,129.0,5926,5797.0,19.0,12,0.14728682170542637,6,11,16
scifact,1121,dibud,64,1,20,192.0,6016,5824.0,128.0,1,0.6666666666666666,0,0,19
scifact,113,balanced,1,1,20,202.0,8169,7967.0,47.0,17,0.23267326732673269,10,16,18
scifact,113,balanced,64,1,20,256.0,8192,7936.0,128.0,1,0.5,0,17,17
scifact,113,dibud,1,1,20,169.0,8169,8000.0,46.0,17,0.27218934911242604,10,16,18
scifact,113,dibud,64,1,20,256.0,8192,7936.0,128.0,1,0.5,0,17,19
scifact,1130,balanced,1,1,20,197.0,2197,2000.0,50.0,17,0.25380710659898476,5,11,16
scifact,1130,balanced,64,1,20,256.0,2240,1984.0,128.0,1,0.5,0,14,16
scifact,1130,dibud,1,1,20,186.0,1720,1534.0,46.0,17,0.24731182795698925,4,11,16
scifact,1130,dibud,64,1,20,256.0,1792,1536.0,128.0,1,0.5,0,14,16
scifact,1132,balanced,1,1,20,103.0,1077,974.0,20.0,12,0.1941747572815534,7,10,17
scifact,1132,balanced,64,1,20,128.0,1088,960.0,128.0,1,1.0,0,0,0
scifact,1132,dibud,1,1,20,90.0,1048,958.0,19.0,12,0.2111111111111111,7,10,11
scifact,1132,dibud,64,1,20,128.0,1088,960.0,128.0,1,1.0,0,0,0
scifact,1137,balanced,1,1,20,152.0,1989,1837.0,38.0,20,0.25,6,11,19
scifact,1137,balanced,64,1,20,256.0,1992,1736.0,128.0,1,0.5,0,19,19
scifact,1137,dibud,1,1,20,127.0,1989,1862.0,29.0,20,0.2283464566929134,4,11,18
scifact,1137,dibud,64,1,20,192.0,2048,1856.0,128.0,1,0.6666666666666666,0,0,19
scifact,1140,balanced,1,1,20,364.0,3496,3132.0,62.0,17,0.17032967032967034,6,14,17
scifact,1140,balanced,64,1,20,384.0,3513,3129.0,128.0,1,0.3333333333333333,0,9,16
scifact,1140,dibud,1,1,20,350.0,3496,3146.0,60.0,17,0.17142857142857143,6,14,17
scifact,1140,dibud,64,1,20,384.0,3513,3129.0,128.0,1,0.3333333333333333,0,9,16
scifact,1144,balanced,1,1,20,326.0,5612,5286.0,62.0,7,0.1901840490797546,6,10,16
scifact,1144,balanced,64,1,20,384.0,5622,5238.0,128.0,1,0.3333333333333333,0,8,16
scifact,1144,dibud,1,1,20,293.0,5268,4975.0,58.0,7,0.19795221843003413,6,10,16
scifact,1144,dibud,64,1,20,384.0,5312,4928.0,128.0,1,0.3333333333333333,0,9,16
scifact,1146,balanced,1,1,20,178.0,3211,3033.0,28.0,3,0.15730337078651685,2,9,15
scifact,1146,balanced,64,1,20,256.0,3264,3008.0,128.0,1,0.5,0,15,15
scifact,1146,dibud,1,1,20,178.0,2657,2479.0,28.0,3,0.15730337078651685,2,9,15
scifact,1146,dibud,64,1,20,256.0,2752,2496.0,128.0,1,0.5,0,15,15
scifact,115,balanced,1,1,20,5137.0,6910,1773.0,2423.0,15,0.47167607553046526,11,13,14
scifact,115,balanced,64,1,20,5184.0,6912,1728.0,2368.0,15,0.4567901234567901,11,13,14
scifact,115,dibud,1,1,20,4875.0,6910,2035.0,2161.0,15,0.4432820512820513,11,13,14
scifact,115,dibud,64,1,20,4928.0,6942,2014.0,2112.0,15,0.42857142857142855,11,13,14
scifact,1150,balanced,1,1,20,234.0,7189,6955.0,32.0,13,0.13675213675213677,7,12,15
scifact,1150,balanced,64,1,20,256.0,7239,6983.0,128.0,1,0.5,0,12,12
scifact,1150,dibud,1,1,20,234.0,7189,6955.0,32.0,13,0.13675213675213677,7,12,15
scifact,1150,dibud,64,1,20,256.0,7232,6976.0,128.0,1,0.5,0,12,12
scifact,1163,balanced,1,1,20,6031.0,7582,1551.0,1440.0,18,0.2387663737356989,11,14,17
scifact,1163,balanced,64,1,20,6080.0,7614,1534.0,1408.0,18,0.23157894736842105,11,15,17
scifact,1163,dibud,1,1,20,4375.0,7582,3207.0,869.0,18,0.19862857142857143,11,13,17
scifact,1163,dibud,64,1,20,4480.0,7614,3134.0,896.0,18,0.2,11,13,17
scifact,1175,balanced,1,1,20,745.0,5481,4736.0,200.0,13,0.2684563758389262,7,12,14
scifact,1175,balanced,64,1,20,768.0,5530,4762.0,256.0,13,0.3333333333333333,6,12,12
scifact,1175,dibud,1,1,20,726.0,5481,4755.0,186.0,13,0.256198347107438,7,12,14
scifact,1175,dibud,64,1,20,768.0,5504,4736.0,192.0,13,0.25,6,12,13
scifact,1179,balanced,1,1,20,341.0,5349,5008.0,64.0,18,0.187683284457478,6,14,17
scifact,1179,balanced,64,1,20,384.0,5406,5022.0,128.0,1,0.3333333333333333,0,10,17
scifact,1179,dibud,1,1,20,323.0,5349,5026.0,64.0,18,0.19814241486068113,6,14,17
scifact,1179,dibud,64,1,20,384.0,5406,5022.0,128.0,1,0.3333333333333333,0,10,17
scifact,118,balanced,1,1,20,114.0,5426,5312.0,18.0,11,0.15789473684210525,6,10,15
scifact,118,balanced,64,1,20,128.0,5453,5325.0,128.0,1,1.0,0,0,0
scifact,118,dibud,1,1,20,100.0,5426,5326.0,14.0,7,0.14,6,10,14
scifact,118,dibud,64,1,20,128.0,5440,5312.0,128.0,1,1.0,0,0,0
scifact,1180,balanced,1,1,20,165.0,3514,3349.0,38.0,19,0.23030303030303031,11,14,18
scifact,1180,balanced,64,1,20,256.0,3520,3264.0,128.0,1,0.5,0,18,18
scifact,1180,dibud,1,1,20,152.0,3514,3362.0,37.0,19,0.24342105263157895,11,14,18
scifact,1180,dibud,64,1,20,256.0,3531,3275.0,128.0,1,0.5,0,18,18
scifact,1185,balanced,1,1,20,288.0,4447,4159.0,89.0,16,0.3090277777777778,6,14,15
scifact,1185,balanced,64,1,20,384.0,4416,4032.0,128.0,1,0.3333333333333333,0,13,18
scifact,1185,dibud,1,1,20,271.0,3337,3066.0,79.0,16,0.2915129151291513,6,13,15
scifact,1185,dibud,64,1,20,320.0,3392,3072.0,128.0,1,0.4,0,12,13
scifact,1187,balanced,1,1,20,428.0,3408,2980.0,72.0,6,0.16822429906542055,5,10,14
scifact,1187,balanced,64,1,20,512.0,3456,2944.0,128.0,1,0.25,8,13,18
scifact,1187,dibud,1,1,20,428.0,3238,2810.0,70.0,6,0.16355140186915887,5,11,14
scifact,1187,dibud,64,1,20,512.0,3264,2752.0,128.0,1,0.25,8,13,18
scifact,1191,balanced,1,1,20,2638.0,6761,4123.0,508.0,14,0.19257012888551933,7,11,13
scifact,1191,balanced,64,1,20,2688.0,6818,4130.0,512.0,14,0.19047619047619047,7,11,13
scifact,1191,dibud,1,1,20,2002.0,6761,4759.0,327.0,13,0.16333666333666333,7,11,12
scifact,1191,dibud,64,1,20,2048.0,6818,4770.0,384.0,8,0.1875,7,11,12
scifact,1194,balanced,1,1,20,386.0,6924,6538.0,63.0,20,0.16321243523316062,6,13,16
scifact,1194,balanced,64,1,20,512.0,6981,6469.0,128.0,1,0.25,6,15,19
scifact,1194,dibud,1,1,20,355.0,6924,6569.0,52.0,7,0.14647887323943662,6,12,15
scifact,1194,dibud,64,1,20,448.0,6976,6528.0,128.0,1,0.2857142857142857,0,6,15
scifact,1196,balanced,1,1,20,2045.0,7999,5954.0,604.0,17,0.29535452322738387,13,16,19
scifact,1196,balanced,64,1,20,1984.0,8044,6060.0,640.0,17,0.3225806451612903,13,16,19
scifact,1196,dibud,1,1,20,1828.0,7999,6171.0,539.0,17,0.2948577680525164,13,16,19
scifact,1196,dibud,64,1,20,1856.0,8044,6188.0,576.0,17,0.3103448275862069,13,16,18
scifact,1197,balanced,1,1,20,2243.0,7664,5421.0,846.0,20,0.37717342844404816,15,16,19
scifact,1197,balanced,64,1,20,2240.0,7724,5484.0,896.0,20,0.4,14,16,19
scifact,1197,dibud,1,1,20,1718.0,7664,5946.0,578.0,20,0.33643771827706637,14,16,19
scifact,1197,dibud,64,1,20,1792.0,7724,5932.0,640.0,20,0.35714285714285715,14,16,19
scifact,1199,balanced,1,1,20,323.0,6873,6550.0,62.0,13,0.19195046439628483,11,14,16
scifact,1199,balanced,64,1,20,384.0,6848,6464.0,128.0,1,0.3333333333333333,0,12,17
scifact,1199,dibud,1,1,20,305.0,6095,5790.0,61.0,13,0.2,10,14,16
scifact,1199,dibud,64,1,20,384.0,6144,5760.0,128.0,1,0.3333333333333333,0,12,17
scifact,1200,balanced,1,1,20,3156.0,9180,6024.0,1030.0,20,0.32636248415716096,10,16,19
scifact,1200,balanced,64,1,20,3200.0,9216,6016.0,1024.0,20,0.32,10,16,19
scifact,1200,dibud,1,1,20,2403.0,9180,6777.0,691.0,20,0.2875572201414898,9,16,19
scifact,1200,dibud,64,1,20,2432.0,9216,6784.0,640.0,20,0.2631578947368421,8,16,19
scifact,1202,balanced,1,1,20,451.0,5226,4775.0,90.0,10,0.19955654101995565,8,10,14
scifact,1202,balanced,64,1,20,512.0,5248,4736.0,128.0,1,0.25,9,11,15
scifact,1202,dibud,1,1,20,424.0,4654,4230.0,73.0,10,0.1721698113207547,8,11,15
scifact,1202,dibud,64,1,20,512.0,4672,4160.0,128.0,1,0.25,9,11,15
scifact,1204,balanced,1,1,20,621.0,6590,5969.0,104.0,13,0.16747181964573268,8,12,15
scifact,1204,balanced,64,1,20,576.0,6628,6052.0,128.0,1,0.2222222222222222,7,11,12
scifact,1204,dibud,1,1,20,548.0,6590,6042.0,104.0,13,0.1897810218978102,8,11,13
scifact,1204,dibud,64,1,20,576.0,6628,6052.0,128.0,1,0.2222222222222222,7,11,12
scifact,1207,balanced,1,1,20,518.0,8192,7674.0,118.0,18,0.2277992277992278,12,16,17
scifact,1207,balanced,64,1,20,640.0,8192,7552.0,128.0,1,0.2,12,16,17
scifact,1207,dibud,1,1,20,441.0,8192,7751.0,97.0,18,0.2199546485260771,10,16,17
scifact,1207,dibud,64,1,20,512.0,8192,7680.0,128.0,1,0.25,12,16,17
scifact,1213,balanced,1,1,20,367.0,4666,4299.0,86.0,18,0.23433242506811988,5,14,17
scifact,1213,balanced,64,1,20,384.0,4736,4352.0,128.0,1,0.3333333333333333,0,9,17
scifact,1213,dibud,1,1,20,353.0,4528,4175.0,82.0,18,0.23229461756373937,4,14,17
scifact,1213,dibud,64,1,20,384.0,4608,4224.0,128.0,1,0.3333333333333333,0,9,17
scifact,1216,balanced,1,1,20,561.0,6653,6092.0,98.0,13,0.1746880570409982,6,12,15
scifact,1216,balanced,64,1,20,640.0,6675,6035.0,128.0,1,0.2,6,12,16
scifact,1216,dibud,1,1,20,560.0,6653,6093.0,89.0,13,0.15892857142857142,6,12,15
scifact,1216,dibud,64,1,20,640.0,6675,6035.0,128.0,1,0.2,6,12,16
scifact,1221,balanced,1,1,20,445.0,5766,5321.0,58.0,16,0.1303370786516854,6,11,15
scifact,1221,balanced,64,1,20,448.0,5811,5363.0,128.0,1,0.2857142857142857,0,8,13
scifact,1221,dibud,1,1,20,413.0,5766,5353.0,54.0,16,0.13075060532687652,6,11,15
scifact,1221,dibud,64,1,20,448.0,5811,5363.0,128.0,1,0.2857142857142857,0,8,13
scifact,1225,balanced,1,1,20,283.0,4228,3945.0,56.0,4,0.1978798586572438,3,9,16
scifact,1225,balanced,64,1,20,320.0,4288,3968.0,128.0,1,0.4,0,9,12
scifact,1225,dibud,1,1,20,250.0,4228,3978.0,55.0,4,0.22,3,9,16
scifact,1225,dibud,64,1,20,320.0,4288,3968.0,128.0,1,0.4,0,9,12
scifact,1226,balanced,1,1,20,3056.0,8110,5054.0,1646.0,20,0.5386125654450262,14,19,19
scifact,1226,balanced,64,1,20,3072.0,8192,5120.0,1536.0,20,0.5,14,19,19
scifact,1226,dibud,1,1,20,2105.0,7982,5877.0,823.0,20,0.39097387173396675,14,18,19
scifact,1226,dibud,64,1,20,2176.0,8064,5888.0,768.0,20,0.35294117647058826,14,18,19
scifact,1232,balanced,1,1,20,521.0,7216,6695.0,88.0,17,0.1689059500959693,8,12,16
scifact,1232,balanced,64,1,20,576.0,7246,6670.0,128.0,1,0.2222222222222222,8,12,15
scifact,1232,dibud,1,1,20,464.0,7216,6752.0,76.0,17,0.16379310344827586,8,12,15
scifact,1232,dibud,64,1,20,576.0,7246,6670.0,128.0,1,0.2222222222222222,8,12,15
scifact,124,balanced,1,1,20,102.0,7259,7157.0,15.0,17,0.14705882352941177,9,14,16
scifact,124,balanced,64,1,20,128.0,7271,7143.0,128.0,1,1.0,0,0,0
scifact,124,dibud,1,1,20,97.0,6872,6775.0,15.0,17,0.15463917525773196,9,13,16
scifact,124,dibud,64,1,20,128.0,6911,6783.0,128.0,1,1.0,0,0,0
scifact,1241,balanced,1,1,20,77.0,2925,2848.0,14.0,2,0.18181818181818182,2,8,13
scifact,1241,balanced,64,1,20,128.0,2880,2752.0,128.0,1,1.0,0,0,0
scifact,1241,dibud,1,1,20,73.0,2109,2036.0,14.0,2,0.1917808219178082,2,8,11
scifact,1241,dibud,64,1,20,128.0,2176,2048.0,128.0,1,1.0,0,0,0
scifact,1245,balanced,1,1,20,768.0,7209,6441.0,232.0,19,0.3020833333333333,11,16,18
scifact,1245,balanced,64,1,20,768.0,7209,6441.0,256.0,19,0.3333333333333333,8,16,18
scifact,1245,dibud,1,1,20,687.0,7209,6522.0,198.0,19,0.28820960698689957,9,16,18
scifact,1245,dibud,64,1,20,704.0,7209,6505.0,192.0,19,0.2727272727272727,8,12,18
scifact,1259,balanced,1,1,20,206.0,7619,7413.0,26.0,6,0.1262135922330097,6,11,17
scifact,1259,balanced,64,1,20,256.0,7616,7360.0,128.0,1,0.5,0,12,12
scifact,1259,dibud,1,1,20,180.0,6043,5863.0,26.0,6,0.14444444444444443,5,10,17
scifact,1259,dibud,64,1,20,256.0,6080,5824.0,128.0,1,0.5,0,12,18
scifact,1262,balanced,1,1,20,139.0,4148,4009.0,20.0,11,0.14388489208633093,4,10,15
scifact,1262,balanced,64,1,20,192.0,4224,4032.0,128.0,1,0.6666666666666666,0,0,18
scifact,1262,dibud,1,1,20,126.0,2605,2479.0,20.0,11,0.15873015873015872,4,10,15
scifact,1262,dibud,64,1,20,192.0,2688,2496.0,128.0,1,0.6666666666666666,0,0,18
scifact,1266,balanced,1,1,20,72.0,836,764.0,16.0,2,0.2222222222222222,3,8,14
scifact,1266,balanced,64,1,20,128.0,896,768.0,128.0,1,1.0,0,0,0
scifact,1266,dibud,1,1,20,66.0,740,674.0,16.0,2,0.24242424242424243,1,8,14
scifact,1266,dibud,64,1,20,128.0,832,704.0,128.0,1,1.0,0,0,0
scifact,127,balanced,1,1,20,2212.0,6468,4256.0,324.0,14,0.14647377938517178,10,12,16
scifact,127,balanced,64,1,20,2304.0,6528,4224.0,384.0,11,0.16666666666666666,10,12,16
scifact,127,dibud,1,1,20,2027.0,6468,4441.0,279.0,11,0.13764183522446966,10,12,16
scifact,127,dibud,64,1,20,2112.0,6528,4416.0,320.0,11,0.15151515151515152,10,12,16
scifact,1270,balanced,1,1,20,449.0,4506,4057.0,100.0,20,0.22271714922049,8,14,18
scifact,1270,balanced,64,1,20,448.0,4544,4096.0,128.0,1,0.2857142857142857,0,9,19
scifact,1270,dibud,1,1,20,380.0,4506,4126.0,78.0,20,0.20526315789473684,8,13,16
scifact,1270,dibud,64,1,20,448.0,4544,4096.0,128.0,1,0.2857142857142857,0,9,19
scifact,1271,balanced,1,1,20,395.0,7878,7483.0,68.0,17,0.17215189873417722,10,14,16
scifact,1271,balanced,64,1,20,448.0,7879,7431.0,128.0,1,0.2857142857142857,0,12,16
scifact,1271,dibud,1,1,20,379.0,7878,7499.0,64.0,17,0.16886543535620052,10,14,16
scifact,1271,dibud,64,1,20,448.0,7936,7488.0,128.0,1,0.2857142857142857,0,12,16
scifact,1272,balanced,1,1,20,1352.0,7442,6090.0,538.0,20,0.3979289940828402,15,17,19
scifact,1272,balanced,64,1,20,1408.0,7546,6138.0,512.0,20,0.36363636363636365,15,17,19
scifact,1272,dibud,1,1,20,1235.0,7254,6019.0,471.0,20,0.3813765182186235,15,17,19
scifact,1272,dibud,64,1,20,1280.0,7354,6074.0,448.0,20,0.35,15,17,19
scifact,1273,balanced,1,1,20,144.0,7226,7082.0,42.0,17,0.2916666666666667,5,14,16
scifact,1273,balanced,64,1,20,256.0,7271,7015.0,128.0,1,0.5,0,17,17
scifact,1273,dibud,1,1,20,130.0,7226,7096.0,39.0,17,0.3,4,13,16
scifact,1273,dibud,64,1,20,192.0,7271,7079.0,128.0,1,0.6666666666666666,0,0,17
scifact,1274,balanced,1,1,20,136.0,6211,6075.0,20.0,9,0.14705882352941177,8,10,13
scifact,1274,balanced,64,1,20,256.0,6272,6016.0,128.0,1,0.5,0,18,18
scifact,1274,dibud,1,1,20,133.0,6211,6078.0,20.0,11,0.15037593984962405,8,10,13
scifact,1274,dibud,64,1,20,256.0,6272,6016.0,128.0,1,0.5,0,18,19
scifact,1278,balanced,1,1,20,373.0,7073,6700.0,92.0,14,0.24664879356568364,4,13,14
scifact,1278,balanced,64,1,20,384.0,7098,6714.0,128.0,1,0.3333333333333333,0,8,13
scifact,1278,dibud,1,1,20,325.0,7073,6748.0,80.0,14,0.24615384615384617,4,10,13
scifact,1278,dibud,64,1,20,384.0,7098,6714.0,128.0,1,0.3333333333333333,0,8,13
scifact,1279,balanced,1,1,20,409.0,5167,4758.0,80.0,20,0.19559902200489,7,13,18
scifact,1279,balanced,64,1,20,448.0,5180,4732.0,128.0,1,0.2857142857142857,0,11,19
scifact,1279,dibud,1,1,20,321.0,5167,4846.0,50.0,20,0.1557632398753894,7,11,17
scifact,1279,dibud,64,1,20,384.0,5180,4796.0,128.0,1,0.3333333333333333,0,11,16
scifact,128,balanced,1,1,20,2996.0,7547,4551.0,856.0,18,0.2857142857142857,14,16,17
scifact,128,balanced,64,1,20,3072.0,7567,4495.0,768.0,18,0.25,14,16,17
scifact,128,dibud,1,1,20,2147.0,7547,5400.0,560.0,18,0.2608290638099674,13,15,17
scifact,128,dibud,64,1,20,2240.0,7552,5312.0,512.0,18,0.22857142857142856,12,15,17
scifact,1280,balanced,1,1,20,2202.0,5126,2924.0,1224.0,18,0.555858310626703,15,17,17
scifact,1280,balanced,64,1,20,2304.0,5151,2847.0,1280.0,18,0.5555555555555556,15,17,17
scifact,1280,dibud,1,1,20,1913.0,5126,3213.0,925.0,18,0.483533716675379,14,17,17
scifact,1280,dibud,64,1,20,1984.0,5184,3200.0,960.0,18,0.4838709677419355,12,17,17
scifact,1281,balanced,1,1,20,5792.0,7260,1468.0,1871.0,18,0.32303176795580113,15,16,17
scifact,1281,balanced,64,1,20,5809.0,7281,1472.0,1841.0,18,0.3169220175589602,15,16,17
scifact,1281,dibud,1,1,20,4723.0,7260,2537.0,1481.0,18,0.313571882278213,15,16,17
scifact,1281,dibud,64,1,20,4800.0,7281,2481.0,1408.0,18,0.29333333333333333,15,16,17
scifact,1282,balanced,1,1,20,1129.0,6844,5715.0,254.0,20,0.224977856510186,9,14,18
scifact,1282,balanced,64,1,20,1088.0,6877,5789.0,256.0,20,0.23529411764705882,6,14,18
scifact,1282,dibud,1,1,20,893.0,6844,5951.0,148.0,20,0.16573348264277715,5,12,18
scifact,1282,dibud,64,1,20,960.0,6877,5917.0,192.0,20,0.2,3,11,18
scifact,129,balanced,1,1,20,4700.0,6752,2052.0,1883.0,17,0.4006382978723404,14,16,17
scifact,129,balanced,64,1,20,4718.0,6766,2048.0,1856.0,17,0.3933870284018652,14,16,17
scifact,129,dibud,1,1,20,4338.0,6752,2414.0,1520.0,17,0.3503918856615952,15,16,17
scifact,129,dibud,64,1,20,4352.0,6784,2432.0,1472.0,17,0.3382352941176471,15,16,17
scifact,1290,balanced,1,1,20,239.0,6217,5978.0,48.0,14,0.200836820083682,4,13,15
scifact,1290,balanced,64,1,20,256.0,6239,5983.0,128.0,1,0.5,0,13,13
scifact,1290,dibud,1,1,20,226.0,6217,5991.0,46.0,14,0.20353982300884957,4,13,15
scifact,1290,dibud,64,1,20,256.0,6239,5983.0,128.0,1,0.5,0,13,13
scifact,1292,balanced,1,1,20,716.0,5816,5100.0,164.0,11,0.22905027932960895,8,10,13
scifact,1292,balanced,64,1,20,768.0,5852,5084.0,128.0,1,0.16666666666666666,7,11,15
scifact,1292,dibud,1,1,20,691.0,5220,4529.0,156.0,11,0.22575976845151954,8,10,13
scifact,1292,dibud,64,1,20,768.0,5276,4508.0,128.0,1,0.16666666666666666,7,11,15
scifact,1298,balanced,1,1,20,280.0,4996,4716.0,58.0,5,0.20714285714285716,4,8,15
scifact,1298,balanced,64,1,20,384.0,5058,4674.0,128.0,1,0.3333333333333333,0,7,15
scifact,1298,dibud,1,1,20,271.0,3991,3720.0,59.0,5,0.2177121771217712,4,7,15
scifact,1298,dibud,64,1,20,384.0,4034,3650.0,128.0,1,0.3333333333333333,0,7,15
scifact,13,balanced,1,1,20,200.0,3172,2972.0,32.0,17,0.16,7,12,16
scifact,13,balanced,64,1,20,256.0,3186,2930.0,128.0,1,0.5,0,14,14
scifact,13,dibud,1,1,20,194.0,2352,2158.0,31.0,17,0.15979381443298968,7,12,16
scifact,13,dibud,64,1,20,256.0,2354,2098.0,128.0,1,0.5,0,14,14
scifact,130,balanced,1,1,20,4060.0,6997,2937.0,1728.0,20,0.42561576354679803,13,18,19
scifact,130,balanced,64,1,20,4096.0,7037,2941.0,1664.0,20,0.40625,13,18,19
scifact,130,dibud,1,1,20,3362.0,6997,3635.0,1309.0,20,0.3893515764425937,13,18,19
scifact,130,dibud,64,1,20,3392.0,7040,3648.0,1280.0,20,0.37735849056603776,12,18,19
scifact,1303,balanced,1,1,20,1264.0,6878,5614.0,376.0,16,0.2974683544303797,13,15,16
scifact,1303,balanced,64,1,20,1280.0,6918,5638.0,384.0,16,0.3,12,15,16
scifact,1303,dibud,1,1,20,878.0,6878,6000.0,212.0,16,0.24145785876993167,12,14,16
scifact,1303,dibud,64,1,20,896.0,6912,6016.0,192.0,16,0.21428571428571427,5,14,15
scifact,1316,balanced,1,1,20,145.0,3212,3067.0,26.0,4,0.1793103448275862,3,11,17
scifact,1316,balanced,64,1,20,192.0,3328,3136.0,128.0,1,0.6666666666666666,0,0,18
scifact,1316,dibud,1,1,20,122.0,3153,3031.0,26.0,4,0.21311475409836064,3,6,17
scifact,1316,dibud,64,1,20,192.0,3264,3072.0,128.0,1,0.6666666666666666,0,0,18
scifact,1319,balanced,1,1,20,370.0,6622,6252.0,92.0,18,0.24864864864864866,12,15,17
scifact,1319,balanced,64,1,20,384.0,6656,6272.0,128.0,1,0.3333333333333333,0,14,17
scifact,1319,dibud,1,1,20,369.0,4672,4303.0,92.0,18,0.24932249322493225,12,15,17
scifact,1319,dibud,64,1,20,384.0,4736,4352.0,128.0,1,0.3333333333333333,0,14,17
scifact,132,balanced,1,1,20,396.0,5557,5161.0,138.0,18,0.3484848484848485,14,17,17
scifact,132,balanced,64,1,20,512.0,5568,5056.0,128.0,1,0.25,15,17,19
scifact,132,dibud,1,1,20,354.0,5557,5203.0,123.0,18,0.3474576271186441,14,17,17
scifact,132,dibud,64,1,20,448.0,5568,5120.0,128.0,1,0.2857142857142857,0,15,19
scifact,1320,balanced,1,1,20,171.0,2962,2791.0,28.0,11,0.16374269005847952,8,11,15
scifact,1320,balanced,64,1,20,256.0,3072,2816.0,128.0,1,0.5,0,15,15
scifact,1320,dibud,1,1,20,167.0,2929,2762.0,28.0,11,0.16766467065868262,8,11,14
scifact,1320,dibud,64,1,20,256.0,3008,2752.0,128.0,1,0.5,0,15,15
scifact,133,balanced,1,1,20,453.0,5334,4881.0,70.0,13,0.1545253863134658,9,12,15
scifact,133,balanced,64,1,20,448.0,5355,4907.0,128.0,1,0.2857142857142857,0,12,18
scifact,133,dibud,1,1,20,369.0,5068,4699.0,58.0,13,0.15718157181571815,8,12,15
scifact,133,dibud,64,1,20,448.0,5120,4672.0,128.0,1,0.2857142857142857,0,12,18
scifact,1332,balanced,1,1,20,200.0,1103,903.0,34.0,12,0.17,4,9,12
scifact,1332,balanced,64,1,20,256.0,1088,832.0,128.0,1,0.5,0,11,11
scifact,1332,dibud,1,1,20,200.0,1021,821.0,33.0,12,0.165,4,9,12
scifact,1332,dibud,64,1,20,256.0,1088,832.0,128.0,1,0.5,0,11,12
scifact,1335,balanced,1,1,20,197.0,2541,2344.0,32.0,13,0.16243654822335024,7,12,15
scifact,1335,balanced,64,1,20,256.0,2496,2240.0,128.0,1,0.5,0,14,15
scifact,1335,dibud,1,1,20,182.0,1771,1589.0,30.0,8,0.16483516483516483,7,12,15
scifact,1335,dibud,64,1,20,256.0,1792,1536.0,128.0,1,0.5,0,14,15
scifact,1336,balanced,1,1,20,197.0,920,723.0,56.0,19,0.28426395939086296,6,15,18
scifact,1336,balanced,64,1,20,256.0,1024,768.0,128.0,1,0.5,0,17,18
scifact,1336,dibud,1,1,20,171.0,870,699.0,47.0,19,0.27485380116959063,5,11,18
scifact,1336,dibud,64,1,20,256.0,960,704.0,128.0,1,0.5,0,17,18
scifact,1337,balanced,1,1,20,170.0,5953,5783.0,58.0,13,0.3411764705882353,5,11,12
scifact,1337,balanced,64,1,20,256.0,6016,5760.0,128.0,1,0.5,0,12,12
scifact,1337,dibud,1,1,20,158.0,5953,5795.0,52.0,13,0.3291139240506329,5,11,12
scifact,1337,dibud,64,1,20,256.0,6016,5760.0,128.0,1,0.5,0,12,16
scifact,1339,balanced,1,1,20,3826.0,6998,3172.0,852.0,14,0.2226868792472556,7,12,13
scifact,1339,balanced,64,1,20,3833.0,7040,3207.0,896.0,14,0.23375945734411688,7,12,13
scifact,1339,dibud,1,1,20,3409.0,6998,3589.0,648.0,8,0.1900850689351716,7,12,15
scifact,1339,dibud,64,1,20,3449.0,7040,3591.0,576.0,8,0.16700492896491737,7,12,14
scifact,1344,balanced,1,1,20,286.0,2378,2092.0,54.0,18,0.1888111888111888,9,14,17
scifact,1344,balanced,64,1,20,384.0,2432,2048.0,128.0,1,0.3333333333333333,0,12,18
scifact,1344,dibud,1,1,20,286.0,1923,1637.0,60.0,18,0.2097902097902098,9,14,17
scifact,1344,dibud,64,1,20,384.0,1984,1600.0,128.0,1,0.3333333333333333,0,13,18
scifact,1352,balanced,1,1,20,789.0,5062,4273.0,114.0,9,0.1444866920152091,7,9,14
scifact,1352,balanced,64,1,20,832.0,5091,4259.0,128.0,1,0.15384615384615385,7,9,16
scifact,1352,dibud,1,1,20,706.0,4899,4193.0,101.0,9,0.14305949008498584,7,9,15
scifact,1352,dibud,64,1,20,768.0,4928,4160.0,128.0,1,0.16666666666666666,7,9,16
scifact,1359,balanced,1,1,20,286.0,4530,4244.0,62.0,20,0.21678321678321677,8,11,17
scifact,1359,balanced,64,1,20,384.0,4608,4224.0,128.0,1,0.3333333333333333,0,9,19
scifact,1359,dibud,1,1,20,262.0,4302,4040.0,56.0,20,0.21374045801526717,8,11,17
scifact,1359,dibud,64,1,20,320.0,4352,4032.0,128.0,1,0.4,0,9,12
scifact,1362,balanced,1,1,20,5278.0,7569,2291.0,2518.0,18,0.4770746494884426,14,17,17
scifact,1362,balanced,64,1,20,5327.0,7631,2304.0,2560.0,18,0.4805706776797447,14,17,17
scifact,1362,dibud,1,1,20,3540.0,7569,4029.0,1425.0,18,0.4025423728813559,14,17,17
scifact,1362,dibud,64,1,20,3599.0,7616,4017.0,1408.0,18,0.39121978327313145,14,17,17
scifact,1363,balanced,1,1,20,5270.0,6799,1529.0,1998.0,16,0.3791271347248577,11,14,15
scifact,1363,balanced,64,1,20,5323.0,6859,1536.0,1995.0,16,0.37478865301521697,10,14,15
scifact,1363,dibud,1,1,20,5011.0,6799,1788.0,2252.0,16,0.4494112951506685,11,14,15
scifact,1363,dibud,64,1,20,5067.0,6859,1792.0,2251.0,16,0.44424708900730214,11,14,15
scifact,1368,balanced,1,1,20,87.0,5210,5123.0,14.0,10,0.16091954022988506,5,9,11
scifact,1368,balanced,64,1,20,128.0,5232,5104.0,128.0,1,1.0,0,0,0
scifact,1368,dibud,1,1,20,85.0,5210,5125.0,14.0,10,0.16470588235294117,5,9,11
scifact,1368,dibud,64,1,20,128.0,5232,5104.0,128.0,1,1.0,0,0,0
scifact,137,balanced,1,1,20,490.0,5398,4908.0,118.0,8,0.24081632653061225,7,12,13
scifact,137,balanced,64,1,20,512.0,5408,4896.0,128.0,1,0.25,7,12,14
scifact,137,dibud,1,1,20,404.0,5398,4994.0,107.0,8,0.26485148514851486,7,11,13
scifact,137,dibud,64,1,20,448.0,5440,4992.0,128.0,1,0.2857142857142857,0,7,13
scifact,1370,balanced,1,1,20,111.0,4313,4202.0,28.0,20,0.25225225225225223,6,11,19
scifact,1370,balanced,64,1,20,128.0,4352,4224.0,128.0,1,1.0,0,0,0
scifact,1370,dibud,1,1,20,94.0,4313,4219.0,24.0,20,0.2553191489361702,5,11,19
scifact,1370,dibud,64,1,20,128.0,4352,4224.0,128.0,1,1.0,0,0,0
scifact,1379,balanced,1,1,20,141.0,1504,1363.0,50.0,16,0.3546099290780142,8,13,15
scifact,1379,balanced,64,1,20,192.0,1536,1344.0,128.0,1,0.6666666666666666,0,0,16
scifact,1379,dibud,1,1,20,128.0,1175,1047.0,39.0,16,0.3046875,8,13,15
scifact,1379,dibud,64,1,20,192.0,1216,1024.0,128.0,1,0.6666666666666666,0,0,16
scifact,1382,balanced,1,1,20,474.0,3656,3182.0,144.0,20,0.3037974683544304,11,15,19
scifact,1382,balanced,64,1,20,512.0,3684,3172.0,128.0,1,0.25,12,15,19
scifact,1382,dibud,1,1,20,437.0,3355,2918.0,108.0,20,0.2471395881006865,11,15,17
scifact,1382,dibud,64,1,20,512.0,3364,2852.0,128.0,1,0.25,12,15,19
scifact,1385,balanced,1,1,20,1112.0,4828,3716.0,296.0,20,0.26618705035971224,14,16,19
scifact,1385,balanced,64,1,20,1152.0,4864,3712.0,256.0,17,0.2222222222222222,12,16,18
scifact,1385,dibud,1,1,20,970.0,4828,3858.0,241.0,20,0.24845360824742269,12,16,18
scifact,1385,dibud,64,1,20,1024.0,4864,3840.0,192.0,17,0.1875,12,16,18
scifact,1389,balanced,1,1,20,2814.0,6264,3450.0,700.0,14,0.24875621890547264,11,13,14
scifact,1389,balanced,64,1,20,2816.0,6308,3492.0,640.0,14,0.22727272727272727,10,13,14
scifact,1389,dibud,1,1,20,2485.0,6264,3779.0,700.0,14,0.28169014084507044,9,13,14
scifact,1389,dibud,64,1,20,2496.0,6308,3812.0,640.0,14,0.2564102564102564,6,13,14
scifact,1395,balanced,1,1,20,3853.0,6442,2589.0,2036.0,20,0.5284194134440695,13,19,19
scifact,1395,balanced,64,1,20,3904.0,6481,2577.0,2048.0,20,0.5245901639344263,13,19,19
scifact,1395,dibud,1,1,20,2461.0,6442,3981.0,1018.0,20,0.41365298659081673,11,16,19
scifact,1395,dibud,64,1,20,2560.0,6481,3921.0,1024.0,20,0.4,11,16,19
scifact,141,balanced,1,1,20,361.0,6270,5909.0,54.0,13,0.14958448753462603,10,13,16
scifact,141,balanced,64,1,20,384.0,6272,5888.0,128.0,1,0.3333333333333333,0,12,15
scifact,141,dibud,1,1,20,349.0,6270,5921.0,53.0,14,0.1518624641833811,10,13,15
scifact,141,dibud,64,1,20,384.0,6272,5888.0,128.0,1,0.3333333333333333,0,12,15
scifact,142,balanced,1,1,20,377.0,7630,7253.0,70.0,15,0.1856763925729443,4,12,14
scifact,142,balanced,64,1,20,384.0,7680,7296.0,128.0,1,0.3333333333333333,0,8,14
scifact,142,dibud,1,1,20,371.0,7608,7237.0,67.0,15,0.18059299191374664,4,12,15
scifact,142,dibud,64,1,20,384.0,7680,7296.0,128.0,1,0.3333333333333333,0,8,14
scifact,143,balanced,1,1,20,389.0,8198,7809.0,62.0,12,0.15938303341902313,5,11,14
scifact,143,balanced,64,1,20,448.0,8320,7872.0,128.0,1,0.2857142857142857,0,10,15
scifact,143,dibud,1,1,20,342.0,5731,5389.0,54.0,12,0.15789473684210525,3,11,14
scifact,143,dibud,64,1,20,448.0,5824,5376.0,128.0,1,0.2857142857142857,0,10,15
scifact,146,balanced,1,1,20,385.0,8313,7928.0,64.0,15,0.16623376623376623,7,12,14
scifact,146,balanced,64,1,20,448.0,8256,7808.0,128.0,1,0.2857142857142857,0,10,14
scifact,146,dibud,1,1,20,355.0,7948,7593.0,64.0,15,0.18028169014084508,7,11,14
scifact,146,dibud,64,1,20,448.0,8000,7552.0,128.0,1,0.2857142857142857,0,10,14
scifact,148,balanced,1,1,20,216.0,4639,4423.0,30.0,18,0.1388888888888889,7,13,17
scifact,148,balanced,64,1,20,256.0,4672,4416.0,128.0,1,0.5,0,15,15
scifact,148,dibud,1,1,20,199.0,4349,4150.0,28.0,18,0.1407035175879397,7,12,17
scifact,148,dibud,64,1,20,256.0,4416,4160.0,128.0,1,0.5,0,15,17
scifact,163,balanced,1,1,20,258.0,4408,4150.0,48.0,13,0.18604651162790697,9,12,18
scifact,163,balanced,64,1,20,384.0,4444,4060.0,128.0,1,0.3333333333333333,0,12,19
scifact,163,dibud,1,1,20,245.0,3711,3466.0,48.0,13,0.19591836734693877,9,12,16
scifact,163,dibud,64,1,20,320.0,3740,3420.0,128.0,1,0.4,0,12,12
scifact,171,balanced,1,1,20,5201.0,8082,2881.0,1498.0,17,0.288021534320323,15,16,17
scifact,171,balanced,64,1,20,5184.0,8101,2917.0,1408.0,17,0.2716049382716049,15,16,17
scifact,171,dibud,1,1,20,4543.0,8082,3539.0,1220.0,17,0.26854501430772615,15,16,17
scifact,171,dibud,64,1,20,4608.0,8101,3493.0,1152.0,17,0.25,15,16,17
scifact,179,balanced,1,1,20,53.0,2816,2763.0,12.0,5,0.22641509433962265,4,7,9
scifact,179,balanced,64,1,20,128.0,2816,2688.0,128.0,1,1.0,0,0,0
scifact,179,dibud,1,1,20,52.0,2235,2183.0,11.0,5,0.21153846153846154,4,8,12
scifact,179,dibud,64,1,20,128.0,2240,2112.0,128.0,1,1.0,0,0,0
scifact,180,balanced,1,1,20,1226.0,6932,5706.0,310.0,20,0.2528548123980424,8,16,19
scifact,180,balanced,64,1,20,1280.0,7040,5760.0,256.0,20,0.2,8,16,18
scifact,180,dibud,1,1,20,1056.0,6283,5227.0,247.0,20,0.23390151515151514,8,16,18
scifact,180,dibud,64,1,20,1088.0,6400,5312.0,192.0,20,0.17647058823529413,8,14,17
scifact,183,balanced,1,1,20,181.0,5372,5191.0,30.0,12,0.16574585635359115,7,11,14
scifact,183,balanced,64,1,20,256.0,5376,5120.0,128.0,1,0.5,0,13,17
scifact,183,dibud,1,1,20,167.0,3939,3772.0,27.0,12,0.16167664670658682,5,11,14
scifact,183,dibud,64,1,20,256.0,3968,3712.0,128.0,1,0.5,0,13,17
scifact,185,balanced,1,1,20,172.0,2547,2375.0,22.0,14,0.12790697674418605,4,11,16
scifact,185,balanced,64,1,20,256.0,2496,2240.0,128.0,1,0.5,0,16,16
scifact,185,dibud,1,1,20,158.0,2260,2102.0,22.0,14,0.13924050632911392,3,11,14
scifact,185,dibud,64,1,20,256.0,2304,2048.0,128.0,1,0.5,0,16,18
scifact,198,balanced,1,1,20,3263.0,5518,2255.0,794.0,6,0.24333435488813976,5,7,14
scifact,198,balanced,64,1,20,3264.0,5568,2304.0,793.0,6,0.24295343137254902,5,7,14
scifact,198,dibud,1,1,20,3263.0,5518,2255.0,794.0,6,0.24333435488813976,5,7,14
scifact,198,dibud,64,1,20,3264.0,5568,2304.0,793.0,6,0.24295343137254902,5,7,14
scifact,208,balanced,1,1,20,209.0,4088,3879.0,36.0,20,0.1722488038277512,4,12,18
scifact,208,balanced,64,1,20,256.0,4092,3836.0,128.0,1,0.5,0,17,18
scifact,208,dibud,1,1,20,191.0,3009,2818.0,32.0,2,0.16753926701570682,3,12,18
scifact,208,dibud,64,1,20,256.0,3068,2812.0,128.0,1,0.5,0,17,18
scifact,212,balanced,1,1,20,385.0,5980,5595.0,116.0,14,0.3012987012987013,13,13,16
scifact,212,balanced,64,1,20,448.0,6016,5568.0,128.0,1,0.2857142857142857,0,15,19
scifact,212,dibud,1,1,20,296.0,5009,4713.0,95.0,14,0.32094594594594594,13,13,16
scifact,212,dibud,64,1,20,384.0,5056,4672.0,128.0,1,0.3333333333333333,0,15,16
scifact,213,balanced,1,1,20,175.0,2588,2413.0,32.0,18,0.18285714285714286,9,12,17
scifact,213,balanced,64,1,20,256.0,2638,2382.0,128.0,1,0.5,0,16,17
scifact,213,dibud,1,1,20,171.0,2215,2044.0,32.0,18,0.1871345029239766,9,12,17
scifact,213,dibud,64,1,20,256.0,2254,1998.0,128.0,1,0.5,0,16,17
scifact,216,balanced,1,1,20,410.0,4590,4180.0,112.0,6,0.2731707317073171,5,6,11
scifact,216,balanced,64,1,20,512.0,4608,4096.0,128.0,1,0.25,5,11,14
scifact,216,dibud,1,1,20,406.0,3219,2813.0,112.0,6,0.27586206896551724,5,6,12
scifact,216,dibud,64,1,20,512.0,3264,2752.0,128.0,1,0.25,5,11,14
scifact,217,balanced,1,1,20,550.0,5908,5358.0,86.0,11,0.15636363636363637,4,10,15
scifact,217,balanced,64,1,20,640.0,5962,5322.0,128.0,1,0.2,4,10,14
scifact,217,dibud,1,1,20,481.0,4142,3661.0,86.0,11,0.1787941787941788,4,10,14
scifact,217,dibud,64,1,20,576.0,4170,3594.0,128.0,1,0.2222222222222222,4,10,14
scifact,218,balanced,1,1,20,224.0,4916,4692.0,43.0,18,0.19196428571428573,9,14,17
scifact,218,balanced,64,1,20,256.0,4992,4736.0,128.0,1,0.5,0,15,15
scifact,218,dibud,1,1,20,212.0,4582,4370.0,43.0,18,0.2028301886792453,9,13,17
scifact,218,dibud,64,1,20,256.0,4672,4416.0,128.0,1,0.5,0,15,15
scifact,219,balanced,1,1,20,240.0,5128,4888.0,56.0,15,0.23333333333333334,9,14,15
scifact,219,balanced,64,1,20,256.0,5248,4992.0,128.0,1,0.5,0,14,14
scifact,219,dibud,1,1,20,216.0,4564,4348.0,50.0,15,0.23148148148148148,9,14,15
scifact,219,dibud,64,1,20,256.0,4672,4416.0,128.0,1,0.5,0,14,14
scifact,230,balanced,1,1,20,342.0,3628,3286.0,90.0,20,0.2631578947368421,10,12,19
scifact,230,balanced,64,1,20,384.0,3632,3248.0,128.0,1,0.3333333333333333,0,10,19
scifact,230,dibud,1,1,20,291.0,3628,3337.0,80.0,11,0.27491408934707906,10,11,16
scifact,230,dibud,64,1,20,320.0,3648,3328.0,128.0,1,0.4,0,10,10
scifact,232,balanced,1,1,20,2174.0,5564,3390.0,1440.0,15,0.6623735050597976,13,14,14
scifact,232,balanced,64,1,20,2176.0,5568,3392.0,1408.0,15,0.6470588235294118,13,14,14
scifact,232,dibud,1,1,20,1940.0,5564,3624.0,1129.0,15,0.581958762886598,13,14,14
scifact,232,dibud,64,1,20,1984.0,5568,3584.0,1088.0,15,0.5483870967741935,13,14,14
scifact,233,balanced,1,1,20,939.0,7832,6893.0,282.0,18,0.3003194888178914,13,17,18
scifact,233,balanced,64,1,20,960.0,7884,6924.0,320.0,18,0.3333333333333333,11,17,19
scifact,233,dibud,1,1,20,738.0,7223,6485.0,215.0,18,0.29132791327913277,13,17,18
scifact,233,dibud,64,1,20,832.0,7296,6464.0,256.0,18,0.3076923076923077,11,17,17
scifact,236,balanced,1,1,20,517.0,7512,6995.0,120.0,19,0.23210831721470018,9,15,18
scifact,236,balanced,64,1,20,576.0,7560,6984.0,128.0,1,0.2222222222222222,9,15,18
scifact,236,dibud,1,1,20,398.0,6823,6425.0,85.0,10,0.2135678391959799,9,12,18
scifact,236,dibud,64,1,20,512.0,6912,6400.0,128.0,1,0.25,9,15,19
scifact,237,balanced,1,1,20,355.0,7278,6923.0,174.0,18,0.49014084507042255,11,17,17
scifact,237,balanced,64,1,20,384.0,7296,6912.0,128.0,1,0.3333333333333333,0,16,17
scifact,237,dibud,1,1,20,333.0,6876,6543.0,161.0,18,0.48348348348348347,11,17,17
scifact,237,dibud,64,1,20,384.0,6912,6528.0,128.0,1,0.3333333333333333,0,16,17
scifact,238,balanced,1,1,20,185.0,7887,7702.0,35.0,19,0.1891891891891892,3,12,18
scifact,238,balanced,64,1,20,256.0,7920,7664.0,128.0,1,0.5,0,16,16
scifact,238,dibud,1,1,20,170.0,7887,7717.0,24.0,19,0.1411764705882353,1,10,16
scifact,238,dibud,64,1,20,256.0,7920,7664.0,128.0,1,0.5,0,16,17
scifact,239,balanced,1,1,20,997.0,6613,5616.0,292.0,19,0.2928786359077232,6,18,18
scifact,239,balanced,64,1,20,960.0,6656,5696.0,320.0,19,0.3333333333333333,5,16,18
scifact,239,dibud,1,1,20,830.0,5456,4626.0,224.0,19,0.26987951807228916,5,17,18
scifact,239,dibud,64,1,20,896.0,5504,4608.0,256.0,19,0.2857142857142857,5,16,18
scifact,248,balanced,1,1,20,309.0,5120,4811.0,68.0,13,0.22006472491909385,4,8,12
scifact,248,balanced,64,1,20,384.0,5120,4736.0,128.0,1,0.3333333333333333,0,8,12
scifact,248,dibud,1,1,20,301.0,4978,4677.0,68.0,13,0.22591362126245848,4,8,12
scifact,248,dibud,64,1,20,384.0,4992,4608.0,128.0,1,0.3333333333333333,0,8,12
scifact,249,balanced,1,1,20,440.0,5084,4644.0,90.0,15,0.20454545454545456,5,13,15
scifact,249,balanced,64,1,20,512.0,5101,4589.0,128.0,1,0.25,5,14,17
scifact,249,dibud,1,1,20,422.0,5084,4662.0,86.0,15,0.2037914691943128,5,13,15
scifact,249,dibud,64,1,20,512.0,5101,4589.0,128.0,1,0.25,5,14,17
scifact,261,balanced,1,1,20,179.0,6428,6249.0,34.0,19,0.18994413407821228,10,14,17
scifact,261,balanced,64,1,20,256.0,6478,6222.0,128.0,1,0.5,0,17,17
scifact,261,dibud,1,1,20,157.0,4154,3997.0,29.0,16,0.18471337579617833,8,14,15
scifact,261,dibud,64,1,20,256.0,4174,3918.0,128.0,1,0.5,0,17,17
scifact,268,balanced,1,1,20,188.0,6316,6128.0,31.0,12,0.16489361702127658,8,14,17
scifact,268,balanced,64,1,20,256.0,6336,6080.0,128.0,1,0.5,0,17,17
scifact,268,dibud,1,1,20,169.0,6316,6147.0,31.0,12,0.1834319526627219,8,13,17
scifact,268,dibud,64,1,20,256.0,6336,6080.0,128.0,1,0.5,0,17,18
scifact,269,balanced,1,1,20,184.0,5573,5389.0,28.0,15,0.15217391304347827,6,13,15
scifact,269,balanced,64,1,20,256.0,5632,5376.0,128.0,1,0.5,0,15,15
scifact,269,dibud,1,1,20,169.0,5573,5404.0,26.0,15,0.15384615384615385,6,13,15
scifact,269,dibud,64,1,20,256.0,5632,5376.0,128.0,1,0.5,0,15,16
scifact,274,balanced,1,1,20,388.0,7715,7327.0,120.0,10,0.30927835051546393,9,12,16
scifact,274,balanced,64,1,20,512.0,7736,7224.0,128.0,1,0.25,9,12,19
scifact,274,dibud,1,1,20,363.0,7386,7023.0,113.0,10,0.31129476584022037,9,12,16
scifact,274,dibud,64,1,20,448.0,7424,6976.0,128.0,1,0.2857142857142857,0,9,16
scifact,275,balanced,1,1,20,184.0,4407,4223.0,60.0,19,0.32608695652173914,8,13,18
scifact,275,balanced,64,1,20,256.0,4416,4160.0,128.0,1,0.5,0,18,18
scifact,275,dibud,1,1,20,184.0,3624,3440.0,60.0,19,0.32608695652173914,8,15,18
scifact,275,dibud,64,1,20,256.0,3712,3456.0,128.0,1,0.5,0,18,18
scifact,279,balanced,1,1,20,275.0,4879,4604.0,37.0,8,0.13454545454545455,7,13,17
scifact,279,balanced,64,1,20,320.0,4928,4608.0,128.0,1,0.4,0,12,12
scifact,279,dibud,1,1,20,259.0,4879,4620.0,36.0,4,0.138996138996139,7,12,17
scifact,279,dibud,64,1,20,320.0,4928,4608.0,128.0,1,0.4,0,12,12
scifact,294,balanced,1,1,20,248.0,5046,4798.0,42.0,19,0.1693548387096774,6,13,18
scifact,294,balanced,64,1,20,256.0,5120,4864.0,128.0,1,0.5,0,13,13
scifact,294,dibud,1,1,20,215.0,3394,3179.0,34.0,14,0.15813953488372093,6,12,17
scifact,294,dibud,64,1,20,256.0,3456,3200.0,128.0,1,0.5,0,13,13
scifact,295,balanced,1,1,20,91.0,1351,1260.0,21.0,5,0.23076923076923078,4,9,14
scifact,295,balanced,64,1,20,128.0,1408,1280.0,128.0,1,1.0,0,0,0
scifact,295,dibud,1,1,20,90.0,1346,1256.0,17.0,20,0.18888888888888888,4,10,16
scifact,295,dibud,64,1,20,128.0,1408,1280.0,128.0,1,1.0,0,0,0
scifact,298,balanced,1,1,20,473.0,6984,6511.0,74.0,15,0.15644820295983086,11,14,17
scifact,298,balanced,64,1,20,512.0,7012,6500.0,128.0,1,0.25,11,15,17
scifact,298,dibud,1,1,20,454.0,6402,5948.0,71.0,15,0.15638766519823788,11,14,17
scifact,298,dibud,64,1,20,512.0,6436,5924.0,128.0,1,0.25,11,15,17
scifact,3,balanced,1,1,20,183.0,2328,2145.0,39.0,7,0.21311475409836064,6,8,13
scifact,3,balanced,64,1,20,256.0,2432,2176.0,128.0,1,0.5,0,13,18
scifact,3,dibud,1,1,20,170.0,1700,1530.0,32.0,7,0.18823529411764706,6,8,14
scifact,3,dibud,64,1,20,256.0,1792,1536.0,128.0,1,0.5,0,13,18
scifact,300,balanced,1,1,20,622.0,5493,4871.0,163.0,18,0.2620578778135048,12,16,17
scifact,300,balanced,64,1,20,640.0,5440,4800.0,128.0,1,0.2,10,16,17
scifact,300,dibud,1,1,20,510.0,5418,4908.0,95.0,17,0.18627450980392157,10,16,17
scifact,300,dibud,64,1,20,576.0,5440,4864.0,128.0,1,0.2222222222222222,10,16,17
scifact,303,balanced,1,1,20,289.0,5909,5620.0,88.0,15,0.3044982698961938,6,14,15
scifact,303,balanced,64,1,20,384.0,5916,5532.0,128.0,1,0.3333333333333333,0,14,16
scifact,303,dibud,1,1,20,280.0,5909,5629.0,84.0,15,0.3,6,14,15
scifact,303,dibud,64,1,20,384.0,5916,5532.0,128.0,1,0.3333333333333333,0,14,16
scifact,312,balanced,1,1,20,562.0,7464,6902.0,123.0,19,0.2188612099644128,6,12,16
scifact,312,balanced,64,1,20,640.0,7508,6868.0,192.0,19,0.3,6,11,18
scifact,312,dibud,1,1,20,501.0,6850,6349.0,89.0,19,0.17764471057884232,6,11,14
scifact,312,dibud,64,1,20,576.0,6868,6292.0,128.0,1,0.2222222222222222,6,11,15
scifact,314,balanced,1,1,20,387.0,6505,6118.0,82.0,17,0.21188630490956073,9,16,18
scifact,314,balanced,64,1,20,448.0,6534,6086.0,128.0,1,0.2857142857142857,0,11,17
scifact,314,dibud,1,1,20,373.0,6505,6132.0,78.0,17,0.20911528150134048,9,16,18
scifact,314,dibud,64,1,20,448.0,6534,6086.0,128.0,1,0.2857142857142857,0,11,17
scifact,324,balanced,1,1,20,1730.0,6482,4752.0,578.0,12,0.33410404624277457,9,11,12
scifact,324,balanced,64,1,20,1792.0,6528,4736.0,640.0,12,0.35714285714285715,9,11,12
scifact,324,dibud,1,1,20,1517.0,6482,4965.0,542.0,12,0.3572841133816744,9,11,12
scifact,324,dibud,64,1,20,1600.0,6528,4928.0,576.0,12,0.36,9,11,12
scifact,327,balanced,1,1,20,915.0,7070,6155.0,200.0,20,0.2185792349726776,6,16,18
scifact,327,balanced,64,1,20,960.0,7070,6110.0,256.0,20,0.26666666666666666,4,16,19
scifact,327,dibud,1,1,20,855.0,7070,6215.0,179.0,20,0.20935672514619882,6,16,18
scifact,327,dibud,64,1,20,960.0,7070,6110.0,256.0,20,0.26666666666666666,4,16,19
scifact,338,balanced,1,1,20,196.0,3734,3538.0,38.0,11,0.19387755102040816,4,10,17
scifact,338,balanced,64,1,20,256.0,3752,3496.0,128.0,1,0.5,0,12,12
scifact,338,dibud,1,1,20,196.0,3734,3538.0,38.0,11,0.19387755102040816,6,10,17
scifact,338,dibud,64,1,20,256.0,3776,3520.0,128.0,1,0.5,0,12,12
scifact,343,balanced,1,1,20,133.0,2863,2730.0,28.0,12,0.21052631578947367,6,9,11
scifact,343,balanced,64,1,20,192.0,2880,2688.0,128.0,1,0.6666666666666666,0,0,19
scifact,343,dibud,1,1,20,124.0,2426,2302.0,19.0,12,0.1532258064516129,6,9,13
scifact,343,dibud,64,1,20,192.0,2496,2304.0,128.0,1,0.6666666666666666,0,0,19
scifact,350,balanced,1,1,20,274.0,6990,6716.0,68.0,16,0.24817518248175183,11,15,17
scifact,350,balanced,64,1,20,384.0,7025,6641.0,128.0,1,0.3333333333333333,0,15,18
scifact,350,dibud,1,1,20,238.0,6990,6752.0,68.0,16,0.2857142857142857,9,15,17
scifact,350,dibud,64,1,20,320.0,7025,6705.0,128.0,1,0.4,0,15,15
scifact,354,balanced,1,1,20,633.0,6687,6054.0,134.0,19,0.21169036334913113,11,14,17
scifact,354,balanced,64,1,20,576.0,6693,6117.0,128.0,1,0.2222222222222222,9,13,16
scifact,354,dibud,1,1,20,535.0,6687,6152.0,106.0,19,0.19813084112149532,9,14,17
scifact,354,dibud,64,1,20,576.0,6693,6117.0,128.0,1,0.2222222222222222,9,13,16
scifact,36,balanced,1,1,20,91.0,5024,4933.0,22.0,9,0.24175824175824176,8,9,15
scifact,36,balanced,64,1,20,128.0,5072,4944.0,128.0,1,1.0,0,0,0
scifact,36,dibud,1,1,20,89.0,3597,3508.0,21.0,9,0.23595505617977527,8,9,15
scifact,36,dibud,64,1,20,128.0,3600,3472.0,128.0,1,1.0,0,0,0
scifact,362,balanced,1,1,20,467.0,9519,9052.0,68.0,17,0.145610278372591,7,11,14
scifact,362,balanced,64,1,20,512.0,9525,9013.0,128.0,1,0.25,7,11,16
scifact,362,dibud,1,1,20,461.0,8351,7890.0,60.0,17,0.1301518438177874,7,11,15
scifact,362,dibud,64,1,20,512.0,8384,7872.0,128.0,1,0.25,7,11,16
scifact,380,balanced,1,1,20,298.0,3226,2928.0,66.0,16,0.2214765100671141,4,14,16
scifact,380,balanced,64,1,20,384.0,3328,2944.0,128.0,1,0.3333333333333333,0,11,17
scifact,380,dibud,1,1,20,298.0,3010,2712.0,66.0,16,0.2214765100671141,4,14,16
scifact,380,dibud,64,1,20,384.0,3072,2688.0,128.0,1,0.3333333333333333,0,11,17
scifact,384,balanced,1,1,20,212.0,6626,6414.0,44.0,19,0.20754716981132076,5,9,16
scifact,384,balanced,64,1,20,256.0,6656,6400.0,128.0,1,0.5,0,12,12
scifact,384,dibud,1,1,20,212.0,4590,4378.0,44.0,19,0.20754716981132076,5,10,16
scifact,384,dibud,64,1,20,256.0,4608,4352.0,128.0,1,0.5,0,12,12
scifact,385,balanced,1,1,20,438.0,6316,5878.0,130.0,20,0.2968036529680365,9,14,19
scifact,385,balanced,64,1,20,512.0,6358,5846.0,128.0,1,0.25,10,15,19
scifact,385,dibud,1,1,20,380.0,5579,5199.0,73.0,20,0.19210526315789472,8,12,15
scifact,385,dibud,64,1,20,448.0,5590,5142.0,128.0,1,0.2857142857142857,0,10,15
scifact,386,balanced,1,1,20,785.0,7276,6491.0,266.0,15,0.33885350318471336,12,14,16
scifact,386,balanced,64,1,20,832.0,7310,6478.0,256.0,15,0.3076923076923077,12,14,16
scifact,386,dibud,1,1,20,650.0,7276,6626.0,219.0,15,0.33692307692307694,12,14,16
scifact,386,dibud,64,1,20,768.0,7310,6542.0,192.0,15,0.25,12,14,16
scifact,388,balanced,1,1,20,461.0,6021,5560.0,82.0,8,0.17787418655097614,5,7,14
scifact,388,balanced,64,1,20,512.0,6023,5511.0,128.0,1,0.25,6,9,15
scifact,388,dibud,1,1,20,428.0,6021,5593.0,79.0,8,0.18457943925233644,5,7,14
scifact,388,dibud,64,1,20,512.0,6023,5511.0,128.0,1,0.25,6,9,15
scifact,399,balanced,1,1,20,457.0,5335,4878.0,140.0,16,0.3063457330415755,9,15,15
scifact,399,balanced,64,1,20,512.0,5376,4864.0,128.0,1,0.25,10,15,16
scifact,399,dibud,1,1,20,449.0,5335,4886.0,134.0,16,0.2984409799554566,9,15,15
scifact,399,dibud,64,1,20,512.0,5376,4864.0,128.0,1,0.25,10,15,16
scifact,410,balanced,1,1,20,230.0,7326,7096.0,114.0,18,0.4956521739130435,14,17,17
scifact,410,balanced,64,1,20,256.0,7358,7102.0,128.0,1,0.5,0,17,17
scifact,410,dibud,1,1,20,224.0,7326,7102.0,110.0,18,0.49107142857142855,15,17,17
scifact,410,dibud,64,1,20,256.0,7360,7104.0,128.0,1,0.5,0,17,17
scifact,411,balanced,1,1,20,207.0,6465,6258.0,86.0,19,0.41545893719806765,12,16,18
scifact,411,balanced,64,1,20,256.0,6528,6272.0,128.0,1,0.5,0,18,18
scifact,411,dibud,1,1,20,203.0,6465,6262.0,84.0,19,0.41379310344827586,12,16,18
scifact,411,dibud,64,1,20,256.0,6528,6272.0,128.0,1,0.5,0,18,18
scifact,415,balanced,1,1,20,131.0,6959,6828.0,18.0,12,0.13740458015267176,8,11,16
scifact,415,balanced,64,1,20,192.0,6978,6786.0,128.0,1,0.6666666666666666,0,0,18
scifact,415,dibud,1,1,20,117.0,6594,6477.0,18.0,12,0.15384615384615385,8,11,16
scifact,415,dibud,64,1,20,192.0,6656,6464.0,128.0,1,0.6666666666666666,0,0,18
scifact,42,balanced,1,1,20,1617.0,7145,5528.0,544.0,15,0.3364254792826221,13,14,18
scifact,42,balanced,64,1,20,1600.0,7173,5573.0,640.0,15,0.4,13,14,17
scifact,42,dibud,1,1,20,1481.0,7145,5664.0,544.0,15,0.3673193787981094,13,14,16
scifact,42,dibud,64,1,20,1536.0,7168,5632.0,640.0,15,0.4166666666666667,13,14,17
scifact,421,balanced,1,1,20,3806.0,6955,3149.0,1760.0,20,0.4624277456647399,14,18,19
scifact,421,balanced,64,1,20,3840.0,6999,3159.0,1792.0,20,0.4666666666666667,14,18,19
scifact,421,dibud,1,1,20,2671.0,6955,4284.0,883.0,20,0.33058779483339573,14,17,19
scifact,421,dibud,64,1,20,2688.0,6976,4288.0,896.0,20,0.3333333333333333,12,17,19
scifact,431,balanced,1,1,20,203.0,5450,5247.0,34.0,5,0.16748768472906403,4,7,14
scifact,431,balanced,64,1,20,256.0,5477,5221.0,128.0,1,0.5,0,11,11
scifact,431,dibud,1,1,20,183.0,3865,3682.0,34.0,5,0.18579234972677597,4,7,12
scifact,431,dibud,64,1,20,256.0,3877,3621.0,128.0,1,0.5,0,11,11
scifact,436,balanced,1,1,20,294.0,3258,2964.0,60.0,8,0.20408163265306123,4,7,15
scifact,436,balanced,64,1,20,384.0,3328,2944.0,128.0,1,0.3333333333333333,0,7,17
scifact,436,dibud,1,1,20,283.0,3020,2737.0,56.0,8,0.1978798586572438,3,7,16
scifact,436,dibud,64,1,20,384.0,3072,2688.0,128.0,1,0.3333333333333333,0,7,17
scifact,437,balanced,1,1,20,978.0,7856,6878.0,360.0,17,0.36809815950920244,15,16,16
scifact,437,balanced,64,1,20,1024.0,7895,6871.0,384.0,17,0.375,15,16,18
scifact,437,dibud,1,1,20,903.0,7856,6953.0,300.0,17,0.33222591362126247,15,16,18
scifact,437,dibud,64,1,20,960.0,7895,6935.0,320.0,17,0.3333333333333333,13,16,18
scifact,439,balanced,1,1,20,194.0,7761,7567.0,34.0,20,0.17525773195876287,4,8,14
scifact,439,balanced,64,1,20,256.0,7785,7529.0,128.0,1,0.5,0,12,12
scifact,439,dibud,1,1,20,184.0,7761,7577.0,31.0,5,0.16847826086956522,4,8,16
scifact,439,dibud,64,1,20,256.0,7785,7529.0,128.0,1,0.5,0,12,15
scifact,440,balanced,1,1,20,200.0,7760,7560.0,36.0,4,0.18,4,11,17
scifact,440,balanced,64,1,20,256.0,7785,7529.0,128.0,1,0.5,0,15,15
scifact,440,dibud,1,1,20,176.0,7760,7584.0,33.0,4,0.1875,4,13,16
scifact,440,dibud,64,1,20,256.0,7785,7529.0,128.0,1,0.5,0,15,17
scifact,443,balanced,1,1,20,82.0,4896,4814.0,18.0,15,0.21951219512195122,3,7,14
scifact,443,balanced,64,1,20,128.0,4992,4864.0,128.0,1,1.0,0,0,0
scifact,443,dibud,1,1,20,78.0,3247,3169.0,16.0,15,0.20512820512820512,3,7,14
scifact,443,dibud,64,1,20,128.0,3328,3200.0,128.0,1,1.0,0,0,0
scifact,452,balanced,1,1,20,917.0,7427,6510.0,220.0,14,0.23991275899672845,6,13,15
scifact,452,balanced,64,1,20,960.0,7454,6494.0,256.0,14,0.26666666666666666,4,13,18
scifact,452,dibud,1,1,20,736.0,6714,5978.0,170.0,14,0.23097826086956522,5,11,14
scifact,452,dibud,64,1,20,832.0,6784,5952.0,192.0,14,0.23076923076923078,4,10,13
scifact,475,balanced,1,1,20,1982.0,7451,5469.0,810.0,18,0.40867810292633705,15,17,17
scifact,475,balanced,64,1,20,2048.0,7456,5408.0,768.0,18,0.375,15,17,17
scifact,475,dibud,1,1,20,1310.0,7451,6141.0,408.0,18,0.3114503816793893,14,16,17
scifact,475,dibud,64,1,20,1344.0,7456,6112.0,384.0,18,0.2857142857142857,13,15,17
scifact,478,balanced,1,1,20,232.0,8310,8078.0,50.0,20,0.21551724137931033,5,8,17
scifact,478,balanced,64,1,20,256.0,8320,8064.0,128.0,1,0.5,0,9,9
scifact,478,dibud,1,1,20,207.0,6364,6157.0,45.0,8,0.21739130434782608,3,7,15
scifact,478,dibud,64,1,20,256.0,6400,6144.0,128.0,1,0.5,0,9,9
scifact,48,balanced,1,1,20,1613.0,4627,3014.0,284.0,20,0.17606943583384996,8,10,16
scifact,48,balanced,64,1,20,1600.0,4672,3072.0,256.0,10,0.16,7,9,14
scifact,48,dibud,1,1,20,1274.0,4627,3353.0,198.0,20,0.1554160125588697,7,9,14
scifact,48,dibud,64,1,20,1344.0,4672,3328.0,192.0,10,0.14285714285714285,6,9,14
scifact,49,balanced,1,1,20,199.0,3769,3570.0,60.0,14,0.3015075376884422,8,13,16
scifact,49,balanced,64,1,20,256.0,3776,3520.0,128.0,1,0.5,0,13,13
scifact,49,dibud,1,1,20,167.0,3769,3602.0,59.0,14,0.3532934131736527,7,13,13
scifact,49,dibud,64,1,20,256.0,3776,3520.0,128.0,1,0.5,0,13,13
scifact,491,balanced,1,1,20,582.0,6961,6379.0,84.0,17,0.14432989690721648,7,12,16
scifact,491,balanced,64,1,20,640.0,7006,6366.0,128.0,1,0.2,7,12,16
scifact,491,dibud,1,1,20,528.0,6961,6433.0,75.0,17,0.14204545454545456,7,12,16
scifact,491,dibud,64,1,20,576.0,7006,6430.0,128.0,1,0.2222222222222222,7,12,16
scifact,5,balanced,1,1,20,4638.0,7207,2569.0,1192.0,19,0.25700733074601123,14,15,18
scifact,5,balanced,64,1,20,4736.0,7243,2507.0,1280.0,19,0.2702702702702703,14,15,18
scifact,5,dibud,1,1,20,3304.0,7207,3903.0,705.0,16,0.21337772397094432,10,15,17
scifact,5,dibud,64,1,20,3392.0,7243,3851.0,768.0,16,0.22641509433962265,10,15,17
scifact,50,balanced,1,1,20,211.0,5840,5629.0,104.0,20,0.4928909952606635,6,18,19
scifact,50,balanced,64,1,20,256.0,5888,5632.0,128.0,1,0.5,0,19,19
scifact,50,dibud,1,1,20,190.0,5840,5650.0,90.0,20,0.47368421052631576,6,18,19
scifact,50,dibud,64,1,20,256.0,5888,5632.0,128.0,1,0.5,0,19,19
scifact,501,balanced,1,1,20,254.0,2590,2336.0,40.0,19,0.15748031496062992,5,14,17
scifact,501,balanced,64,1,20,256.0,2624,2368.0,128.0,1,0.5,0,14,14
scifact,501,dibud,1,1,20,226.0,2590,2364.0,35.0,19,0.15486725663716813,5,13,17
scifact,501,dibud,64,1,20,256.0,2624,2368.0,128.0,1,0.5,0,14,17
scifact,502,balanced,1,1,20,2468.0,6803,4335.0,1064.0,19,0.43111831442463533,13,16,18
scifact,502,balanced,64,1,20,2560.0,6848,4288.0,1024.0,19,0.4,13,16,18
scifact,502,dibud,1,1,20,1833.0,6803,4970.0,709.0,19,0.386797599563557,10,16,18
scifact,502,dibud,64,1,20,1920.0,6848,4928.0,704.0,19,0.36666666666666664,10,16,18
scifact,507,balanced,1,1,20,150.0,3993,3843.0,30.0,11,0.2,4,10,13
scifact,507,balanced,64,1,20,256.0,4032,3776.0,128.0,1,0.5,0,13,16
scifact,507,dibud,1,1,20,143.0,2867,2724.0,30.0,11,0.2097902097902098,4,10,13
scifact,507,dibud,64,1,20,256.0,2944,2688.0,128.0,1,0.5,0,13,16
scifact,508,balanced,1,1,20,315.0,6698,6383.0,76.0,20,0.24126984126984127,7,14,18
scifact,508,balanced,64,1,20,320.0,6741,6421.0,128.0,1,0.4,0,12,14
scifact,508,dibud,1,1,20,258.0,5080,4822.0,60.0,20,0.23255813953488372,7,13,18
scifact,508,dibud,64,1,20,320.0,5141,4821.0,128.0,1,0.4,0,12,14
scifact,51,balanced,1,1,20,475.0,6516,6041.0,100.0,12,0.21052631578947367,6,11,14
scifact,51,balanced,64,1,20,448.0,6522,6074.0,128.0,1,0.2857142857142857,0,6,14
scifact,51,dibud,1,1,20,421.0,6153,5732.0,89.0,12,0.21140142517814728,6,11,14
scifact,51,dibud,64,1,20,448.0,6202,5754.0,128.0,1,0.2857142857142857,0,6,14
scifact,513,balanced,1,1,20,325.0,5554,5229.0,82.0,8,0.2523076923076923,4,7,12
scifact,513,balanced,64,1,20,384.0,5593,5209.0,128.0,1,0.3333333333333333,0,7,13
scifact,513,dibud,1,1,20,292.0,3981,3689.0,74.0,8,0.2534246575342466,4,7,12
scifact,513,dibud,64,1,20,384.0,3993,3609.0,128.0,1,0.3333333333333333,0,7,13
scifact,514,balanced,1,1,20,74.0,3532,3458.0,13.0,7,0.17567567567567569,3,6,16
scifact,514,balanced,64,1,20,128.0,3584,3456.0,128.0,1,1.0,0,0,0
scifact,514,dibud,1,1,20,71.0,2396,2325.0,12.0,7,0.16901408450704225,3,6,17
scifact,514,dibud,64,1,20,128.0,2432,2304.0,128.0,1,1.0,0,0,0
scifact,516,balanced,1,1,20,84.0,2987,2903.0,12.0,8,0.14285714285714285,6,9,13
scifact,516,balanced,64,1,20,128.0,3008,2880.0,128.0,1,1.0,0,0,0
scifact,516,dibud,1,1,20,75.0,2573,2498.0,9.0,16,0.12,5,9,14
scifact,516,dibud,64,1,20,128.0,2624,2496.0,128.0,1,1.0,0,0,0
scifact,517,balanced,1,1,20,217.0,3546,3329.0,36.0,14,0.16589861751152074,5,11,14
scifact,517,balanced,64,1,20,256.0,3584,3328.0,128.0,1,0.5,0,13,13
scifact,517,dibud,1,1,20,213.0,2608,2395.0,36.0,14,0.16901408450704225,6,11,14
scifact,517,dibud,64,1,20,256.0,2688,2432.0,128.0,1,0.5,0,13,13
scifact,521,balanced,1,1,20,352.0,6824,6472.0,114.0,16,0.32386363636363635,10,15,15
scifact,521,balanced,64,1,20,384.0,6912,6528.0,128.0,1,0.3333333333333333,0,13,15
scifact,521,dibud,1,1,20,340.0,6377,6037.0,110.0,16,0.3235294117647059,11,15,15
scifact,521,dibud,64,1,20,384.0,6464,6080.0,128.0,1,0.3333333333333333,0,14,15
scifact,525,balanced,1,1,20,274.0,2862,2588.0,48.0,19,0.17518248175182483,6,14,18
scifact,525,balanced,64,1,20,384.0,2944,2560.0,128.0,1,0.3333333333333333,0,12,19
scifact,525,dibud,1,1,20,274.0,2657,2383.0,48.0,19,0.17518248175182483,6,14,18
scifact,525,dibud,64,1,20,384.0,2752,2368.0,128.0,1,0.3333333333333333,0,12,19
scifact,527,balanced,1,1,20,311.0,5708,5397.0,96.0,18,0.3086816720257235,8,14,17
scifact,527,balanced,64,1,20,320.0,5760,5440.0,128.0,1,0.4,0,13,14
scifact,527,dibud,1,1,20,277.0,5121,4844.0,88.0,18,0.3176895306859206,7,13,17
scifact,527,dibud,64,1,20,320.0,5184,4864.0,128.0,1,0.4,0,13,14
scifact,528,balanced,1,1,20,203.0,4364,4161.0,44.0,16,0.21674876847290642,7,11,15
scifact,528,balanced,64,1,20,256.0,4480,4224.0,128.0,1,0.5,0,14,14
scifact,528,dibud,1,1,20,199.0,2916,2717.0,42.0,16,0.21105527638190955,7,11,15
scifact,528,dibud,64,1,20,256.0,3008,2752.0,128.0,1,0.5,0,14,14
scifact,53,balanced,1,1,20,528.0,6021,5493.0,112.0,13,0.21212121212121213,6,8,12
scifact,53,balanced,64,1,20,640.0,6050,5410.0,128.0,1,0.2,5,8,12
scifact,53,dibud,1,1,20,503.0,6021,5518.0,105.0,13,0.20874751491053678,5,8,12
scifact,53,dibud,64,1,20,576.0,6050,5474.0,128.0,1,0.2222222222222222,5,8,12
scifact,532,balanced,1,1,20,902.0,6038,5136.0,150.0,16,0.1662971175166297,11,15,17
scifact,532,balanced,64,1,20,1024.0,6080,5056.0,128.0,1,0.125,11,15,17
scifact,532,dibud,1,1,20,855.0,6038,5183.0,150.0,16,0.17543859649122806,10,13,16
scifact,532,dibud,64,1,20,960.0,6080,5120.0,128.0,1,0.13333333333333333,6,13,16
scifact,533,balanced,1,1,20,528.0,6100,5572.0,64.0,17,0.12121212121212122,8,14,17
scifact,533,balanced,64,1,20,640.0,6144,5504.0,128.0,1,0.2,8,14,17
scifact,533,dibud,1,1,20,528.0,6100,5572.0,64.0,17,0.12121212121212122,8,14,17
scifact,533,dibud,64,1,20,640.0,6144,5504.0,128.0,1,0.2,8,14,17
scifact,535,balanced,1,1,20,298.0,2850,2552.0,48.0,16,0.1610738255033557,5,12,15
scifact,535,balanced,64,1,20,384.0,2944,2560.0,128.0,1,0.3333333333333333,0,11,16
scifact,535,dibud,1,1,20,261.0,1838,1577.0,40.0,16,0.1532567049808429,5,12,15
scifact,535,dibud,64,1,20,320.0,1920,1600.0,128.0,1,0.4,0,11,12
scifact,536,balanced,1,1,20,408.0,4585,4177.0,60.0,16,0.14705882352941177,4,10,15
scifact,536,balanced,64,1,20,512.0,4608,4096.0,128.0,1,0.25,4,12,19
scifact,536,dibud,1,1,20,391.0,4585,4194.0,60.0,16,0.1534526854219949,3,10,15
scifact,536,dibud,64,1,20,448.0,4608,4160.0,128.0,1,0.2857142857142857,0,4,12
scifact,539,balanced,1,1,20,244.0,3760,3516.0,98.0,20,0.4016393442622951,14,17,19
scifact,539,balanced,64,1,20,256.0,3800,3544.0,128.0,1,0.5,0,18,18
scifact,539,dibud,1,1,20,211.0,3304,3093.0,85.0,20,0.4028436018957346,13,16,19
scifact,539,dibud,64,1,20,256.0,3352,3096.0,128.0,1,0.5,0,18,19
scifact,54,balanced,1,1,20,129.0,5770,5641.0,22.0,19,0.17054263565891473,9,16,18
scifact,54,balanced,64,1,20,192.0,5888,5696.0,128.0,1,0.6666666666666666,0,0,19
scifact,54,dibud,1,1,20,109.0,4687,4578.0,19.0,19,0.1743119266055046,8,12,18
scifact,54,dibud,64,1,20,192.0,4800,4608.0,128.0,1,0.6666666666666666,0,0,19
scifact,540,balanced,1,1,20,114.0,4696,4582.0,16.0,2,0.14035087719298245,3,14,18
scifact,540,balanced,64,1,20,128.0,4736,4608.0,128.0,1,1.0,0,0,0
scifact,540,dibud,1,1,20,105.0,4696,4591.0,18.0,19,0.17142857142857143,3,11,16
scifact,540,dibud,64,1,20,128.0,4736,4608.0,128.0,1,1.0,0,0,0
scifact,544,balanced,1,1,20,222.0,3349,3127.0,40.0,10,0.18018018018018017,6,9,16
scifact,544,balanced,64,1,20,256.0,3392,3136.0,128.0,1,0.5,0,11,11
scifact,544,dibud,1,1,20,186.0,3349,3163.0,31.0,10,0.16666666666666666,6,9,15
scifact,544,dibud,64,1,20,256.0,3384,3128.0,128.0,1,0.5,0,11,17
scifact,549,balanced,1,1,20,474.0,6457,5983.0,178.0,17,0.3755274261603376,11,16,16
scifact,549,balanced,64,1,20,512.0,6468,5956.0,256.0,17,0.5,11,16,16
scifact,549,dibud,1,1,20,434.0,6457,6023.0,157.0,17,0.3617511520737327,10,16,16
scifact,549,dibud,64,1,20,512.0,6464,5952.0,192.0,17,0.375,11,16,16
scifact,551,balanced,1,1,20,172.0,2962,2790.0,24.0,16,0.13953488372093023,7,12,15
scifact,551,balanced,64,1,20,256.0,3072,2816.0,128.0,1,0.5,0,15,15
scifact,551,dibud,1,1,20,167.0,2375,2208.0,23.0,16,0.1377245508982036,7,10,15
scifact,551,dibud,64,1,20,256.0,2432,2176.0,128.0,1,0.5,0,15,15
scifact,552,balanced,1,1,20,165.0,7536,7371.0,24.0,17,0.14545454545454545,9,14,16
scifact,552,balanced,64,1,20,256.0,7544,7288.0,128.0,1,0.5,0,16,18
scifact,552,dibud,1,1,20,159.0,6734,6575.0,28.0,17,0.1761006289308176,9,14,16
scifact,552,dibud,64,1,20,256.0,6776,6520.0,128.0,1,0.5,0,16,18
scifact,554,balanced,1,1,20,162.0,6380,6218.0,38.0,18,0.2345679012345679,6,10,17
scifact,554,balanced,64,1,20,256.0,6400,6144.0,128.0,1,0.5,0,17,17
scifact,554,dibud,1,1,20,140.0,4189,4049.0,33.0,18,0.2357142857142857,5,10,17
scifact,554,dibud,64,1,20,192.0,4224,4032.0,128.0,1,0.6666666666666666,0,0,17
scifact,56,balanced,1,1,20,206.0,6744,6538.0,38.0,20,0.18446601941747573,5,14,18
scifact,56,balanced,64,1,20,256.0,6764,6508.0,128.0,1,0.5,0,16,16
scifact,56,dibud,1,1,20,206.0,4758,4552.0,38.0,20,0.18446601941747573,5,14,18
scifact,56,dibud,64,1,20,256.0,4780,4524.0,128.0,1,0.5,0,16,16
scifact,560,balanced,1,1,20,313.0,2393,2080.0,122.0,20,0.38977635782747605,8,14,19
scifact,560,balanced,64,1,20,384.0,2368,1984.0,128.0,1,0.3333333333333333,0,12,19
scifact,560,dibud,1,1,20,292.0,2340,2048.0,108.0,20,0.3698630136986301,8,13,19
scifact,560,dibud,64,1,20,384.0,2368,1984.0,128.0,1,0.3333333333333333,0,12,19
scifact,569,balanced,1,1,20,70.0,2305,2235.0,15.0,16,0.21428571428571427,3,8,15
scifact,569,balanced,64,1,20,128.0,2368,2240.0,128.0,1,1.0,0,0,0
scifact,569,dibud,1,1,20,62.0,1894,1832.0,9.0,4,0.14516129032258066,3,8,14
scifact,569,dibud,64,1,20,128.0,1984,1856.0,128.0,1,1.0,0,0,0
scifact,57,balanced,1,1,20,185.0,6938,6753.0,28.0,9,0.15135135135135136,5,8,12
scifact,57,balanced,64,1,20,256.0,6944,6688.0,128.0,1,0.5,0,11,11
scifact,57,dibud,1,1,20,176.0,6938,6762.0,22.0,4,0.125,5,10,14
scifact,57,dibud,64,1,20,256.0,6944,6688.0,128.0,1,0.5,0,11,14
scifact,575,balanced,1,1,20,458.0,5319,4861.0,78.0,17,0.1703056768558952,8,12,16
scifact,575,balanced,64,1,20,512.0,5376,4864.0,128.0,1,0.25,8,14,17
scifact,575,dibud,1,1,20,414.0,5319,4905.0,71.0,17,0.17149758454106281,8,11,16
scifact,575,dibud,64,1,20,448.0,5376,4928.0,128.0,1,0.2857142857142857,0,8,16
scifact,577,balanced,1,1,20,677.0,7437,6760.0,210.0,20,0.310192023633678,12,16,19
scifact,577,balanced,64,1,20,704.0,7460,6756.0,256.0,20,0.36363636363636365,9,16,19
scifact,577,dibud,1,1,20,585.0,7437,6852.0,171.0,20,0.2923076923076923,12,16,19
scifact,577,dibud,64,1,20,640.0,7460,6820.0,192.0,20,0.3,9,16,19
scifact,578,balanced,1,1,20,2887.0,4860,1973.0,906.0,15,0.3138205749913405,7,14,14
scifact,578,balanced,64,1,20,2880.0,4862,1982.0,896.0,15,0.3111111111111111,6,14,14
scifact,578,dibud,1,1,20,2527.0,4644,2117.0,611.0,15,0.24178868223189554,7,14,16
scifact,578,dibud,64,1,20,2560.0,4670,2110.0,576.0,15,0.225,6,14,16
scifact,587,balanced,1,1,20,3854.0,9362,5508.0,1332.0,18,0.34561494551115723,8,13,17
scifact,587,balanced,64,1,20,3968.0,9379,5411.0,1408.0,18,0.3548387096774194,8,13,17
scifact,587,dibud,1,1,20,3290.0,9253,5963.0,872.0,18,0.2650455927051672,7,13,17
scifact,587,dibud,64,1,20,3392.0,9280,5888.0,896.0,18,0.2641509433962264,7,13,17
scifact,589,balanced,1,1,20,221.0,4513,4292.0,46.0,14,0.2081447963800905,6,10,13
scifact,589,balanced,64,1,20,256.0,4544,4288.0,128.0,1,0.5,0,11,13
scifact,589,dibud,1,1,20,203.0,4215,4012.0,44.0,14,0.21674876847290642,6,8,13
scifact,589,dibud,64,1,20,256.0,4288,4032.0,128.0,1,0.5,0,11,13
scifact,593,balanced,1,1,20,231.0,3342,3111.0,34.0,8,0.1471861471861472,4,7,10
scifact,593,balanced,64,1,20,256.0,3399,3143.0,128.0,1,0.5,0,8,10
scifact,593,dibud,1,1,20,201.0,2970,2769.0,32.0,8,0.15920398009950248,4,7,10
scifact,593,dibud,64,1,20,256.0,3015,2759.0,128.0,1,0.5,0,8,10
scifact,597,balanced,1,1,20,122.0,6104,5982.0,20.0,9,0.16393442622950818,8,11,15
scifact,597,balanced,64,1,20,128.0,6124,5996.0,128.0,1,1.0,0,0,0
scifact,597,dibud,1,1,20,122.0,4708,4586.0,16.0,20,0.13114754098360656,8,11,15
scifact,597,dibud,64,1,20,128.0,4736,4608.0,128.0,1,1.0,0,0,0
scifact,598,balanced,1,1,20,83.0,7900,7817.0,12.0,14,0.14457831325301204,5,13,15
scifact,598,balanced,64,1,20,128.0,7918,7790.0,128.0,1,1.0,0,0,0
scifact,598,dibud,1,1,20,78.0,4970,4892.0,8.0,1,0.10256410256410256,5,12,15
scifact,598,dibud,64,1,20,128.0,4974,4846.0,128.0,1,1.0,0,0,0
scifact,613,balanced,1,1,20,534.0,7468,6934.0,124.0,10,0.23220973782771537,6,9,18
scifact,613,balanced,64,1,20,640.0,7495,6855.0,128.0,1,0.2,6,9,18
scifact,613,dibud,1,1,20,457.0,7468,7011.0,114.0,10,0.24945295404814005,6,9,13
scifact,613,dibud,64,1,20,512.0,7488,6976.0,128.0,1,0.25,6,9,18
scifact,619,balanced,1,1,20,989.0,5254,4265.0,202.0,18,0.20424671385237614,12,16,18
scifact,619,balanced,64,1,20,960.0,5315,4355.0,192.0,18,0.2,5,15,18
scifact,619,dibud,1,1,20,917.0,4994,4077.0,185.0,18,0.20174482006543076,12,16,18
scifact,619,dibud,64,1,20,960.0,4995,4035.0,192.0,18,0.2,5,15,18
scifact,623,balanced,1,1,20,111.0,3447,3336.0,44.0,20,0.3963963963963964,6,13,19
scifact,623,balanced,64,1,20,128.0,3392,3264.0,128.0,1,1.0,0,0,0
scifact,623,dibud,1,1,20,91.0,3217,3126.0,28.0,20,0.3076923076923077,4,8,19
scifact,623,dibud,64,1,20,128.0,3264,3136.0,128.0,1,1.0,0,0,0
scifact,628,balanced,1,1,20,369.0,3142,2773.0,80.0,17,0.21680216802168023,8,12,16
scifact,628,balanced,64,1,20,320.0,3200,2880.0,128.0,1,0.4,0,10,11
scifact,628,dibud,1,1,20,309.0,2081,1772.0,65.0,17,0.21035598705501618,8,12,16
scifact,628,dibud,64,1,20,320.0,2112,1792.0,128.0,1,0.4,0,10,11
scifact,636,balanced,1,1,20,210.0,5894,5684.0,40.0,17,0.19047619047619047,8,13,15
scifact,636,balanced,64,1,20,256.0,5927,5671.0,128.0,1,0.5,0,14,14
scifact,636,dibud,1,1,20,180.0,5894,5714.0,34.0,17,0.18888888888888888,8,13,15
scifact,636,dibud,64,1,20,256.0,5927,5671.0,128.0,1,0.5,0,14,16
scifact,637,balanced,1,1,20,159.0,2416,2257.0,32.0,10,0.20125786163522014,6,11,14
scifact,637,balanced,64,1,20,256.0,2432,2176.0,128.0,1,0.5,0,15,19
scifact,637,dibud,1,1,20,147.0,1559,1412.0,27.0,10,0.1836734693877551,5,11,13
scifact,637,dibud,64,1,20,256.0,1600,1344.0,128.0,1,0.5,0,15,19
scifact,641,balanced,1,1,20,381.0,5396,5015.0,100.0,20,0.26246719160104987,10,16,19
scifact,641,balanced,64,1,20,384.0,5450,5066.0,128.0,1,0.3333333333333333,0,11,18
scifact,641,dibud,1,1,20,368.0,4108,3740.0,94.0,20,0.2554347826086957,10,16,19
scifact,641,dibud,64,1,20,384.0,4160,3776.0,128.0,1,0.3333333333333333,0,16,18
scifact,644,balanced,1,1,20,278.0,4868,4590.0,54.0,17,0.19424460431654678,5,14,16
scifact,644,balanced,64,1,20,384.0,4991,4607.0,128.0,1,0.3333333333333333,0,12,19
scifact,644,dibud,1,1,20,268.0,3709,3441.0,53.0,17,0.19776119402985073,5,14,16
scifact,644,dibud,64,1,20,384.0,3775,3391.0,128.0,1,0.3333333333333333,0,14,19
scifact,649,balanced,1,1,20,3954.0,5142,1188.0,1136.0,18,0.28730399595346484,15,17,18
scifact,649,balanced,64,1,20,3961.0,5184,1223.0,1152.0,18,0.2908356475637465,14,17,18
scifact,649,dibud,1,1,20,2873.0,5142,2269.0,781.0,18,0.27184128089105464,13,16,17
scifact,649,dibud,64,1,20,2873.0,5184,2311.0,832.0,18,0.2895927601809955,10,16,17
scifact,659,balanced,1,1,20,4880.0,6679,1799.0,1744.0,16,0.35737704918032787,11,15,15
scifact,659,balanced,64,1,20,4936.0,6728,1792.0,1664.0,16,0.3371150729335494,10,15,15
scifact,659,dibud,1,1,20,4351.0,6679,2328.0,1744.0,16,0.4008273960009193,10,15,15
scifact,659,dibud,64,1,20,4360.0,6728,2368.0,1664.0,16,0.381651376146789,9,15,15
scifact,660,balanced,1,1,20,4868.0,5692,824.0,932.0,18,0.1914543960558751,12,15,17
scifact,660,balanced,64,1,20,4930.0,5698,768.0,896.0,13,0.1817444219066937,12,15,17
scifact,660,dibud,1,1,20,4794.0,5692,898.0,1351.0,19,0.28181059657905716,12,15,18
scifact,660,dibud,64,1,20,4800.0,5696,896.0,1344.0,19,0.28,12,15,18
scifact,674,balanced,1,1,20,228.0,6558,6330.0,76.0,19,0.3333333333333333,7,17,18
scifact,674,balanced,64,1,20,256.0,6607,6351.0,128.0,1,0.5,0,17,17
scifact,674,dibud,1,1,20,215.0,4216,4001.0,76.0,19,0.35348837209302325,7,17,18
scifact,674,dibud,64,1,20,256.0,4224,3968.0,128.0,1,0.5,0,17,18
scifact,684,balanced,1,1,20,968.0,7481,6513.0,228.0,17,0.23553719008264462,15,16,18
scifact,684,balanced,64,1,20,1024.0,7543,6519.0,256.0,17,0.25,15,16,19
scifact,684,dibud,1,1,20,968.0,7481,6513.0,228.0,17,0.23553719008264462,15,16,18
scifact,684,dibud,64,1,20,1024.0,7543,6519.0,256.0,17,0.25,15,16,19
scifact,690,balanced,1,1,20,558.0,5479,4921.0,102.0,15,0.1827956989247312,9,10,14
scifact,690,balanced,64,1,20,640.0,5515,4875.0,128.0,1,0.2,8,10,14
scifact,690,dibud,1,1,20,531.0,5479,4948.0,102.0,15,0.192090395480226,9,10,14
scifact,690,dibud,64,1,20,576.0,5515,4939.0,128.0,1,0.2222222222222222,8,10,14
scifact,691,balanced,1,1,20,604.0,7440,6836.0,186.0,19,0.3079470198675497,12,14,18
scifact,691,balanced,64,1,20,640.0,7496,6856.0,128.0,1,0.2,12,14,16
scifact,691,dibud,1,1,20,544.0,6246,5702.0,154.0,19,0.28308823529411764,12,14,18
scifact,691,dibud,64,1,20,576.0,6280,5704.0,128.0,1,0.2222222222222222,12,14,16
scifact,692,balanced,1,1,20,454.0,7140,6686.0,114.0,18,0.2511013215859031,6,17,18
scifact,692,balanced,64,1,20,512.0,7154,6642.0,128.0,1,0.25,11,17,18
scifact,692,dibud,1,1,20,361.0,5719,5358.0,81.0,19,0.22437673130193905,5,16,17
scifact,692,dibud,64,1,20,448.0,5746,5298.0,128.0,1,0.2857142857142857,0,13,18
scifact,693,balanced,1,1,20,934.0,6422,5488.0,172.0,15,0.1841541755888651,12,14,16
scifact,693,balanced,64,1,20,1024.0,6475,5451.0,256.0,15,0.25,12,14,17
scifact,693,dibud,1,1,20,692.0,6322,5630.0,152.0,15,0.21965317919075145,11,14,15
scifact,693,dibud,64,1,20,768.0,6336,5568.0,192.0,15,0.25,11,14,16
scifact,70,balanced,1,1,20,112.0,5638,5526.0,24.0,15,0.21428571428571427,6,9,14
scifact,70,balanced,64,1,20,128.0,5699,5571.0,128.0,1,1.0,0,0,0
scifact,70,dibud,1,1,20,106.0,5038,4932.0,24.0,15,0.22641509433962265,5,9,14
scifact,70,dibud,64,1,20,128.0,5059,4931.0,128.0,1,1.0,0,0,0
scifact,700,balanced,1,1,20,320.0,3872,3552.0,74.0,16,0.23125,9,15,18
scifact,700,balanced,64,1,20,384.0,3926,3542.0,128.0,1,0.3333333333333333,0,13,19
scifact,700,dibud,1,1,20,301.0,3872,3571.0,69.0,16,0.2292358803986711,9,15,17
scifact,700,dibud,64,1,20,384.0,3926,3542.0,128.0,1,0.3333333333333333,0,15,19
scifact,702,balanced,1,1,20,201.0,6220,6019.0,70.0,19,0.3482587064676617,10,14,18
scifact,702,balanced,64,1,20,256.0,6272,6016.0,128.0,1,0.5,0,18,18
scifact,702,dibud,1,1,20,183.0,6220,6037.0,63.0,19,0.3442622950819672,7,14,18
scifact,702,dibud,64,1,20,256.0,6272,6016.0,128.0,1,0.5,0,18,18
scifact,715,balanced,1,1,20,2255.0,5334,3079.0,632.0,18,0.2802660753880266,13,16,17
scifact,715,balanced,64,1,20,2240.0,5376,3136.0,640.0,18,0.2857142857142857,12,16,17
scifact,715,dibud,1,1,20,1497.0,4900,3403.0,363.0,18,0.24248496993987975,12,16,17
scifact,715,dibud,64,1,20,1536.0,4928,3392.0,320.0,18,0.20833333333333334,12,16,17
scifact,716,balanced,1,1,20,5653.0,7144,1491.0,1421.0,19,0.25137095347603045,14,16,18
scifact,716,balanced,64,1,20,5696.0,7187,1491.0,1408.0,20,0.24719101123595505,14,16,18
scifact,716,dibud,1,1,20,4428.0,7144,2716.0,877.0,17,0.19805781391147245,13,16,18
scifact,716,dibud,64,1,20,4544.0,7187,2643.0,896.0,17,0.19718309859154928,13,16,18
scifact,718,balanced,1,1,20,204.0,6792,6588.0,46.0,6,0.22549019607843138,5,9,15
scifact,718,balanced,64,1,20,256.0,6835,6579.0,128.0,1,0.5,0,11,11
scifact,718,dibud,1,1,20,169.0,6792,6623.0,40.0,6,0.23668639053254437,5,7,13
scifact,718,dibud,64,1,20,256.0,6835,6579.0,128.0,1,0.5,0,11,19
scifact,72,balanced,1,1,20,2024.0,6740,4716.0,996.0,19,0.49209486166007904,9,17,18
scifact,72,balanced,64,1,20,2048.0,6755,4707.0,896.0,19,0.4375,10,17,18
scifact,72,dibud,1,1,20,1783.0,6740,4957.0,626.0,19,0.3510936623667975,9,18,18
scifact,72,dibud,64,1,20,1856.0,6755,4899.0,576.0,19,0.3103448275862069,9,18,18
scifact,721,balanced,1,1,20,150.0,7618,7468.0,32.0,3,0.21333333333333335,3,8,11
scifact,721,balanced,64,1,20,256.0,7668,7412.0,128.0,1,0.5,0,14,14
scifact,721,dibud,1,1,20,149.0,6631,6482.0,32.0,3,0.21476510067114093,3,8,11
scifact,721,dibud,64,1,20,256.0,6720,6464.0,128.0,1,0.5,0,14,15
scifact,723,balanced,1,1,20,247.0,6891,6644.0,38.0,13,0.15384615384615385,8,12,15
scifact,723,balanced,64,1,20,256.0,6928,6672.0,128.0,1,0.5,0,12,14
scifact,723,dibud,1,1,20,232.0,6891,6659.0,36.0,13,0.15517241379310345,8,12,15
scifact,723,dibud,64,1,20,256.0,6928,6672.0,128.0,1,0.5,0,12,14
scifact,727,balanced,1,1,20,283.0,7682,7399.0,68.0,17,0.24028268551236748,5,9,16
scifact,727,balanced,64,1,20,320.0,7709,7389.0,128.0,1,0.4,0,6,6
scifact,727,dibud,1,1,20,254.0,7682,7428.0,49.0,17,0.19291338582677164,5,6,15
scifact,727,dibud,64,1,20,320.0,7709,7389.0,128.0,1,0.4,0,6,6
scifact,728,balanced,1,1,20,317.0,7897,7580.0,36.0,5,0.11356466876971609,6,13,17
scifact,728,balanced,64,1,20,320.0,7950,7630.0,128.0,1,0.4,0,10,11
scifact,728,dibud,1,1,20,265.0,7897,7632.0,36.0,5,0.13584905660377358,6,10,16
scifact,728,dibud,64,1,20,320.0,7950,7630.0,128.0,1,0.4,0,10,11
scifact,729,balanced,1,1,20,1492.0,5759,4267.0,268.0,13,0.17962466487935658,10,12,14
scifact,729,balanced,64,1,20,1536.0,5796,4260.0,256.0,13,0.16666666666666666,10,12,14
scifact,729,dibud,1,1,20,1492.0,5759,4267.0,228.0,13,0.15281501340482573,10,13,15
scifact,729,dibud,64,1,20,1536.0,5796,4260.0,256.0,19,0.16666666666666666,10,13,15
scifact,742,balanced,1,1,20,639.0,6038,5399.0,172.0,16,0.26917057902973396,8,15,18
scifact,742,balanced,64,1,20,640.0,6091,5451.0,192.0,16,0.3,6,15,17
scifact,742,dibud,1,1,20,577.0,5410,4833.0,155.0,16,0.268630849220104,8,15,17
scifact,742,dibud,64,1,20,640.0,5440,4800.0,192.0,16,0.3,6,15,17
scifact,743,balanced,1,1,20,323.0,4190,3867.0,78.0,13,0.24148606811145512,7,10,12
scifact,743,balanced,64,1,20,384.0,4224,3840.0,128.0,1,0.3333333333333333,0,10,13
scifact,743,dibud,1,1,20,301.0,4190,3889.0,73.0,13,0.2425249169435216,7,10,12
scifact,743,dibud,64,1,20,384.0,4224,3840.0,128.0,1,0.3333333333333333,0,10,13
scifact,744,balanced,1,1,20,458.0,7183,6725.0,62.0,14,0.13537117903930132,8,13,16
scifact,744,balanced,64,1,20,512.0,7186,6674.0,128.0,1,0.25,8,13,18
scifact,744,dibud,1,1,20,396.0,6999,6603.0,54.0,14,0.13636363636363635,6,13,16
scifact,744,dibud,64,1,20,448.0,7040,6592.0,128.0,1,0.2857142857142857,0,9,16
scifact,75,balanced,1,1,20,104.0,8551,8447.0,14.0,17,0.1346153846153846,6,16,17
scifact,75,balanced,64,1,20,128.0,8576,8448.0,128.0,1,1.0,0,0,0
scifact,75,dibud,1,1,20,95.0,7955,7860.0,14.0,17,0.14736842105263157,6,15,17
scifact,75,dibud,64,1,20,128.0,8064,7936.0,128.0,1,1.0,0,0,0
scifact,756,balanced,1,1,20,183.0,6576,6393.0,38.0,19,0.20765027322404372,7,11,17
scifact,756,balanced,64,1,20,256.0,6656,6400.0,128.0,1,0.5,0,16,16
scifact,756,dibud,1,1,20,158.0,6063,5905.0,23.0,9,0.14556962025316456,6,11,13
scifact,756,dibud,64,1,20,256.0,6144,5888.0,128.0,1,0.5,0,16,16
scifact,759,balanced,1,1,20,84.0,4391,4307.0,14.0,13,0.16666666666666666,6,11,14
scifact,759,balanced,64,1,20,128.0,4416,4288.0,128.0,1,1.0,0,0,0
scifact,759,dibud,1,1,20,82.0,2755,2673.0,13.0,13,0.15853658536585366,5,12,14
scifact,759,dibud,64,1,20,128.0,2816,2688.0,128.0,1,1.0,0,0,0
scifact,768,balanced,1,1,20,4900.0,4900,0.0,2113.0,16,0.4312244897959184,12,15,15
scifact,768,balanced,64,1,20,4928.0,4928,0.0,2112.0,16,0.42857142857142855,12,15,15
scifact,768,dibud,1,1,20,4900.0,4900,0.0,2113.0,16,0.4312244897959184,12,15,15
scifact,768,dibud,64,1,20,4928.0,4928,0.0,2112.0,16,0.42857142857142855,12,15,15
scifact,770,balanced,1,1,20,190.0,3635,3445.0,26.0,20,0.1368421052631579,6,10,17
scifact,770,balanced,64,1,20,256.0,3648,3392.0,128.0,1,0.5,0,16,16
scifact,770,dibud,1,1,20,179.0,3168,2989.0,24.0,20,0.1340782122905028,5,10,17
scifact,770,dibud,64,1,20,256.0,3264,3008.0,128.0,1,0.5,0,16,17
scifact,775,balanced,1,1,20,293.0,6752,6459.0,38.0,10,0.1296928327645051,7,11,16
scifact,775,balanced,64,1,20,320.0,6812,6492.0,128.0,1,0.4,0,9,9
scifact,775,dibud,1,1,20,266.0,5969,5703.0,36.0,10,0.13533834586466165,7,9,16
scifact,775,dibud,64,1,20,320.0,6080,5760.0,128.0,1,0.4,0,9,10
scifact,781,balanced,1,1,20,246.0,6232,5986.0,38.0,16,0.15447154471544716,9,12,15
scifact,781,balanced,64,1,20,256.0,6252,5996.0,128.0,1,0.5,0,12,12
scifact,781,dibud,1,1,20,226.0,5353,5127.0,36.0,16,0.1592920353982301,9,12,15
scifact,781,dibud,64,1,20,256.0,5376,5120.0,128.0,1,0.5,0,12,15
scifact,783,balanced,1,1,20,234.0,5838,5604.0,100.0,20,0.42735042735042733,7,11,19
scifact,783,balanced,64,1,20,256.0,5863,5607.0,128.0,1,0.5,0,18,18
scifact,783,dibud,1,1,20,227.0,4737,4510.0,97.0,20,0.42731277533039647,7,14,19
scifact,783,dibud,64,1,20,256.0,4775,4519.0,128.0,1,0.5,0,18,19
scifact,784,balanced,1,1,20,235.0,5458,5223.0,88.0,16,0.37446808510638296,4,9,15
scifact,784,balanced,64,1,20,256.0,5504,5248.0,128.0,1,0.5,0,12,15
scifact,784,dibud,1,1,20,206.0,3452,3246.0,70.0,16,0.33980582524271846,4,9,15
scifact,784,dibud,64,1,20,256.0,3520,3264.0,128.0,1,0.5,0,12,15
scifact,785,balanced,1,1,20,1731.0,8338,6607.0,717.0,20,0.41421143847487,13,16,19
scifact,785,balanced,64,1,20,1792.0,8384,6592.0,768.0,20,0.42857142857142855,13,17,19
scifact,785,dibud,1,1,20,1731.0,8338,6607.0,717.0,20,0.41421143847487,13,16,19
scifact,785,dibud,64,1,20,1792.0,8384,6592.0,768.0,20,0.42857142857142855,13,17,19
scifact,793,balanced,1,1,20,239.0,4790,4551.0,52.0,7,0.2175732217573222,6,7,16
scifact,793,balanced,64,1,20,256.0,4800,4544.0,128.0,1,0.5,0,10,14
scifact,793,dibud,1,1,20,233.0,4790,4557.0,51.0,7,0.21888412017167383,6,9,16
scifact,793,dibud,64,1,20,256.0,4800,4544.0,128.0,1,0.5,0,10,14
scifact,800,balanced,1,1,20,275.0,6489,6214.0,76.0,9,0.27636363636363637,8,11,15
scifact,800,balanced,64,1,20,320.0,6464,6144.0,128.0,1,0.4,0,10,11
scifact,800,dibud,1,1,20,230.0,6054,5824.0,74.0,9,0.3217391304347826,8,9,14
scifact,800,dibud,64,1,20,320.0,6080,5760.0,128.0,1,0.4,0,10,11
scifact,805,balanced,1,1,20,243.0,5096,4853.0,32.0,16,0.13168724279835392,8,11,15
scifact,805,balanced,64,1,20,256.0,5120,4864.0,128.0,1,0.5,0,11,11
scifact,805,dibud,1,1,20,207.0,5096,4889.0,29.0,16,0.14009661835748793,6,10,15
scifact,805,dibud,64,1,20,256.0,5138,4882.0,128.0,1,0.5,0,11,11
scifact,808,balanced,1,1,20,690.0,5676,4986.0,224.0,18,0.32463768115942027,9,17,17
scifact,808,balanced,64,1,20,768.0,5725,4957.0,256.0,18,0.3333333333333333,7,17,17
scifact,808,dibud,1,1,20,619.0,5676,5057.0,185.0,18,0.2988691437802908,9,14,17
scifact,808,dibud,64,1,20,704.0,5696,4992.0,192.0,18,0.2727272727272727,7,11,17
scifact,811,balanced,1,1,20,1036.0,8224,7188.0,248.0,20,0.23938223938223938,11,14,18
scifact,811,balanced,64,1,20,1152.0,8272,7120.0,256.0,19,0.2222222222222222,11,14,18
scifact,811,dibud,1,1,20,959.0,5863,4904.0,219.0,20,0.2283628779979145,11,13,18
scifact,811,dibud,64,1,20,1024.0,5904,4880.0,192.0,13,0.1875,11,14,18
scifact,814,balanced,1,1,20,769.0,5767,4998.0,166.0,10,0.21586475942782835,8,10,15
scifact,814,balanced,64,1,20,832.0,5824,4992.0,128.0,1,0.15384615384615385,7,10,15
scifact,814,dibud,1,1,20,688.0,5414,4726.0,166.0,10,0.24127906976744187,7,9,14
scifact,814,dibud,64,1,20,768.0,5504,4736.0,128.0,1,0.16666666666666666,7,10,15
scifact,820,balanced,1,1,20,923.0,6844,5921.0,258.0,16,0.27952329360780065,9,14,15
scifact,820,balanced,64,1,20,960.0,6847,5887.0,256.0,16,0.26666666666666666,2,15,16
scifact,820,dibud,1,1,20,775.0,6844,6069.0,207.0,16,0.2670967741935484,6,14,15
scifact,820,dibud,64,1,20,832.0,6847,6015.0,256.0,16,0.3076923076923077,3,13,15
scifact,821,balanced,1,1,20,767.0,5830,5063.0,138.0,17,0.17992177314211213,4,13,16
scifact,821,balanced,64,1,20,704.0,5886,5182.0,128.0,1,0.18181818181818182,2,8,16
scifact,821,dibud,1,1,20,685.0,5830,5145.0,120.0,17,0.17518248175182483,3,11,16
scifact,821,dibud,64,1,20,704.0,5886,5182.0,128.0,1,0.18181818181818182,2,9,16
scifact,823,balanced,1,1,20,375.0,4591,4216.0,136.0,18,0.3626666666666667,13,17,17
scifact,823,balanced,64,1,20,384.0,4608,4224.0,128.0,1,0.3333333333333333,0,16,17
scifact,823,dibud,1,1,20,350.0,4591,4241.0,125.0,18,0.35714285714285715,13,17,17
scifact,823,dibud,64,1,20,384.0,4608,4224.0,128.0,1,0.3333333333333333,0,16,17
scifact,830,balanced,1,1,20,374.0,6508,6134.0,54.0,12,0.1443850267379679,8,12,16
scifact,830,balanced,64,1,20,384.0,6527,6143.0,128.0,1,0.3333333333333333,0,11,15
scifact,830,dibud,1,1,20,358.0,6508,6150.0,52.0,12,0.1452513966480447,8,12,16
scifact,830,dibud,64,1,20,384.0,6528,6144.0,128.0,1,0.3333333333333333,0,11,15
scifact,831,balanced,1,1,20,738.0,4028,3290.0,176.0,17,0.23848238482384823,11,15,16
scifact,831,balanced,64,1,20,768.0,4075,3307.0,128.0,1,0.16666666666666666,9,15,16
scifact,831,dibud,1,1,20,606.0,4028,3422.0,137.0,17,0.22607260726072606,9,14,16
scifact,831,dibud,64,1,20,640.0,4032,3392.0,128.0,1,0.2,9,14,16
scifact,832,balanced,1,1,20,1287.0,5272,3985.0,248.0,18,0.1926961926961927,12,14,16
scifact,832,balanced,64,1,20,1344.0,5324,3980.0,256.0,15,0.19047619047619047,11,14,17
scifact,832,dibud,1,1,20,1086.0,4834,3748.0,189.0,15,0.17403314917127072,11,13,15
scifact,832,dibud,64,1,20,1152.0,4876,3724.0,192.0,14,0.16666666666666666,11,13,16
scifact,834,balanced,1,1,20,3404.0,6923,3519.0,886.0,16,0.2602820211515864,11,13,15
scifact,834,balanced,64,1,20,3456.0,6926,3470.0,896.0,16,0.25925925925925924,10,13,15
scifact,834,dibud,1,1,20,2869.0,6923,4054.0,561.0,16,0.19553851516207738,11,14,17
scifact,834,dibud,64,1,20,2944.0,6926,3982.0,576.0,16,0.1956521739130435,10,15,17
scifact,837,balanced,1,1,20,298.0,6965,6667.0,60.0,15,0.20134228187919462,8,14,15
scifact,837,balanced,64,1,20,384.0,6965,6581.0,128.0,1,0.3333333333333333,0,13,18
scifact,837,dibud,1,1,20,271.0,6965,6694.0,59.0,15,0.2177121771217712,8,13,15
scifact,837,dibud,64,1,20,320.0,6976,6656.0,128.0,1,0.4,0,13,13
scifact,839,balanced,1,1,20,844.0,8152,7308.0,152.0,16,0.18009478672985782,12,15,16
scifact,839,balanced,64,1,20,896.0,8152,7256.0,128.0,1,0.14285714285714285,10,14,16
scifact,839,dibud,1,1,20,757.0,8152,7395.0,134.0,16,0.17701453104359313,11,14,16
scifact,839,dibud,64,1,20,832.0,8152,7320.0,128.0,1,0.15384615384615385,10,14,16
scifact,845,balanced,1,1,20,142.0,3469,3327.0,48.0,20,0.3380281690140845,13,18,19
scifact,845,balanced,64,1,20,256.0,3520,3264.0,128.0,1,0.5,0,19,19
scifact,845,dibud,1,1,20,126.0,3469,3343.0,43.0,20,0.3412698412698413,13,18,19
scifact,845,dibud,64,1,20,192.0,3520,3328.0,128.0,1,0.6666666666666666,0,0,19
scifact,847,balanced,1,1,20,201.0,5355,5154.0,28.0,19,0.13930348258706468,7,11,16
scifact,847,balanced,64,1,20,256.0,5364,5108.0,128.0,1,0.5,0,14,18
scifact,847,dibud,1,1,20,177.0,5355,5178.0,25.0,19,0.14124293785310735,5,11,16
scifact,847,dibud,64,1,20,256.0,5364,5108.0,128.0,1,0.5,0,14,18
scifact,852,balanced,1,1,20,2174.0,7492,5318.0,926.0,20,0.42594296228150874,14,16,19
scifact,852,balanced,64,1,20,2176.0,7522,5346.0,896.0,20,0.4117647058823529,14,16,19
scifact,852,dibud,1,1,20,2173.0,7166,4993.0,925.0,20,0.42567878508973767,14,16,19
scifact,852,dibud,64,1,20,2176.0,7202,5026.0,896.0,20,0.4117647058823529,14,16,19
scifact,859,balanced,1,1,20,594.0,7390,6796.0,100.0,18,0.16835016835016836,11,14,18
scifact,859,balanced,64,1,20,640.0,7407,6767.0,128.0,1,0.2,9,13,17
scifact,859,dibud,1,1,20,541.0,5629,5088.0,89.0,18,0.1645101663585952,11,14,17
scifact,859,dibud,64,1,20,576.0,5679,5103.0,128.0,1,0.2222222222222222,9,13,17
scifact,870,balanced,1,1,20,563.0,3376,2813.0,98.0,6,0.17406749555950266,5,11,14
scifact,870,balanced,64,1,20,576.0,3424,2848.0,128.0,1,0.2222222222222222,5,10,14
scifact,870,dibud,1,1,20,518.0,3376,2858.0,95.0,6,0.1833976833976834,5,11,14
scifact,870,dibud,64,1,20,576.0,3392,2816.0,128.0,1,0.2222222222222222,5,10,14
scifact,873,balanced,1,1,20,345.0,5834,5489.0,65.0,9,0.18840579710144928,7,9,14
scifact,873,balanced,64,1,20,384.0,5888,5504.0,128.0,1,0.3333333333333333,0,8,13
scifact,873,dibud,1,1,20,333.0,5834,5501.0,65.0,9,0.19519519519519518,7,8,14
scifact,873,dibud,64,1,20,384.0,5888,5504.0,128.0,1,0.3333333333333333,0,8,13
scifact,879,balanced,1,1,20,496.0,7108,6612.0,136.0,17,0.27419354838709675,9,16,16
scifact,879,balanced,64,1,20,512.0,7125,6613.0,128.0,1,0.25,9,16,17
scifact,879,dibud,1,1,20,496.0,7108,6612.0,136.0,17,0.27419354838709675,9,16,16
scifact,879,dibud,64,1,20,512.0,7125,6613.0,128.0,1,0.25,9,16,17
scifact,880,balanced,1,1,20,1007.0,5811,4804.0,308.0,20,0.3058589870903674,11,16,19
scifact,880,balanced,64,1,20,960.0,5824,4864.0,256.0,20,0.26666666666666666,8,16,19
scifact,880,dibud,1,1,20,838.0,5811,4973.0,236.0,20,0.28162291169451076,11,16,19
scifact,880,dibud,64,1,20,896.0,5824,4928.0,256.0,20,0.2857142857142857,8,16,19
scifact,882,balanced,1,1,20,202.0,7749,7547.0,52.0,14,0.25742574257425743,10,12,13
scifact,882,balanced,64,1,20,256.0,7777,7521.0,128.0,1,0.5,0,13,13
scifact,882,dibud,1,1,20,202.0,7749,7547.0,64.0,14,0.31683168316831684,10,13,13
scifact,882,dibud,64,1,20,256.0,7777,7521.0,128.0,1,0.5,0,13,13
scifact,887,balanced,1,1,20,1522.0,8285,6763.0,235.0,20,0.15440210249671485,5,8,12
scifact,887,balanced,64,1,20,1536.0,8320,6784.0,256.0,4,0.16666666666666666,5,8,12
scifact,887,dibud,1,1,20,1405.0,7963,6558.0,156.0,4,0.1110320284697509,5,8,12
scifact,887,dibud,64,1,20,1472.0,8000,6528.0,192.0,4,0.13043478260869565,4,8,12
scifact,903,balanced,1,1,20,187.0,5023,4836.0,42.0,14,0.22459893048128343,10,13,15
scifact,903,balanced,64,1,20,256.0,5056,4800.0,128.0,1,0.5,0,14,19
scifact,903,dibud,1,1,20,159.0,4752,4593.0,37.0,14,0.23270440251572327,10,13,15
scifact,903,dibud,64,1,20,256.0,4800,4544.0,128.0,1,0.5,0,14,19
scifact,904,balanced,1,1,20,492.0,6776,6284.0,104.0,15,0.21138211382113822,12,14,17
scifact,904,balanced,64,1,20,512.0,6784,6272.0,128.0,1,0.25,12,14,17
scifact,904,dibud,1,1,20,436.0,5145,4709.0,98.0,15,0.22477064220183487,10,14,16
scifact,904,dibud,64,1,20,448.0,5184,4736.0,128.0,1,0.2857142857142857,0,12,14
scifact,907,balanced,1,1,20,467.0,6128,5661.0,172.0,18,0.3683083511777302,7,15,17
scifact,907,balanced,64,1,20,448.0,6144,5696.0,192.0,18,0.42857142857142855,0,8,17
scifact,907,dibud,1,1,20,414.0,4896,4482.0,148.0,18,0.357487922705314,7,15,17
scifact,907,dibud,64,1,20,448.0,4928,4480.0,192.0,18,0.42857142857142855,0,8,17
scifact,911,balanced,1,1,20,468.0,5519,5051.0,74.0,14,0.1581196581196581,9,13,16
scifact,911,balanced,64,1,20,512.0,5564,5052.0,128.0,1,0.25,10,13,17
scifact,911,dibud,1,1,20,448.0,5519,5071.0,72.0,14,0.16071428571428573,9,13,16
scifact,911,dibud,64,1,20,512.0,5564,5052.0,128.0,1,0.25,10,13,17
scifact,913,balanced,1,1,20,630.0,4145,3515.0,152.0,16,0.24126984126984127,10,14,15
scifact,913,balanced,64,1,20,640.0,4160,3520.0,128.0,1,0.2,8,12,14
scifact,913,dibud,1,1,20,497.0,4145,3648.0,106.0,15,0.21327967806841047,8,12,15
scifact,913,dibud,64,1,20,512.0,4160,3648.0,128.0,1,0.25,8,12,14
scifact,914,balanced,1,1,20,722.0,5446,4724.0,122.0,20,0.16897506925207756,10,16,18
scifact,914,balanced,64,1,20,768.0,5503,4735.0,128.0,1,0.16666666666666666,9,16,18
scifact,914,dibud,1,1,20,544.0,5446,4902.0,82.0,19,0.15073529411764705,9,14,18
scifact,914,dibud,64,1,20,576.0,5504,4928.0,128.0,1,0.2222222222222222,9,12,17
scifact,921,balanced,1,1,20,222.0,6886,6664.0,56.0,20,0.25225225225225223,7,12,19
scifact,921,balanced,64,1,20,256.0,6899,6643.0,128.0,1,0.5,0,12,12
scifact,921,dibud,1,1,20,193.0,4827,4634.0,46.0,20,0.23834196891191708,7,11,16
scifact,921,dibud,64,1,20,256.0,4851,4595.0,128.0,1,0.5,0,12,19
scifact,922,balanced,1,1,20,164.0,7803,7639.0,18.0,5,0.10975609756097561,4,9,14
scifact,922,balanced,64,1,20,256.0,7808,7552.0,128.0,1,0.5,0,14,14
scifact,922,dibud,1,1,20,155.0,7782,7627.0,17.0,5,0.10967741935483871,4,9,14
scifact,922,dibud,64,1,20,256.0,7808,7552.0,128.0,1,0.5,0,14,17
scifact,936,balanced,1,1,20,272.0,6127,5855.0,64.0,13,0.23529411764705882,7,10,12
scifact,936,balanced,64,1,20,384.0,6144,5760.0,128.0,1,0.3333333333333333,0,9,18
scifact,936,dibud,1,1,20,246.0,6127,5881.0,58.0,13,0.23577235772357724,7,10,12
scifact,936,dibud,64,1,20,320.0,6144,5824.0,128.0,1,0.4,0,9,11
scifact,94,balanced,1,1,20,4880.0,6829,1949.0,2028.0,13,0.4155737704918033,8,12,12
scifact,94,balanced,64,1,20,4936.0,6856,1920.0,2048.0,13,0.41491085899513774,8,12,12
scifact,94,dibud,1,1,20,4496.0,6829,2333.0,2028.0,13,0.451067615658363,8,12,12
scifact,94,dibud,64,1,20,4552.0,6856,2304.0,2048.0,13,0.44991212653778556,8,12,12
scifact,956,balanced,1,1,20,1398.0,5688,4290.0,488.0,19,0.3490701001430615,13,17,18
scifact,956,balanced,64,1,20,1408.0,5699,4291.0,512.0,19,0.36363636363636365,13,15,18
scifact,956,dibud,1,1,20,1398.0,5688,4290.0,488.0,19,0.3490701001430615,13,17,18
scifact,956,dibud,64,1,20,1408.0,5699,4291.0,512.0,19,0.36363636363636365,13,15,18
scifact,957,balanced,1,1,20,552.0,4847,4295.0,164.0,19,0.2971014492753623,10,15,18
scifact,957,balanced,64,1,20,640.0,4864,4224.0,192.0,19,0.3,8,15,18
scifact,957,dibud,1,1,20,550.0,4847,4297.0,153.0,19,0.2781818181818182,10,15,18
scifact,957,dibud,64,1,20,640.0,4864,4224.0,192.0,19,0.3,8,15,18
scifact,960,balanced,1,1,20,323.0,6059,5736.0,60.0,7,0.18575851393188855,3,6,14
scifact,960,balanced,64,1,20,384.0,6080,5696.0,128.0,1,0.3333333333333333,0,6,14
scifact,960,dibud,1,1,20,316.0,6059,5743.0,60.0,7,0.189873417721519,3,6,12
scifact,960,dibud,64,1,20,384.0,6080,5696.0,128.0,1,0.3333333333333333,0,6,14
scifact,967,balanced,1,1,20,700.0,6796,6096.0,190.0,17,0.2714285714285714,6,13,16
scifact,967,balanced,64,1,20,768.0,6848,6080.0,256.0,17,0.3333333333333333,6,16,16
scifact,967,dibud,1,1,20,665.0,6796,6131.0,168.0,17,0.25263157894736843,6,14,16
scifact,967,dibud,64,1,20,704.0,6848,6144.0,192.0,17,0.2727272727272727,6,10,16
scifact,971,balanced,1,1,20,48.0,8543,8495.0,13.0,17,0.2708333333333333,5,9,16
scifact,971,balanced,64,1,20,128.0,8576,8448.0,128.0,1,1.0,0,0,0
scifact,971,dibud,1,1,20,48.0,7532,7484.0,11.0,17,0.22916666666666666,5,9,16
scifact,971,dibud,64,1,20,128.0,7616,7488.0,128.0,1,1.0,0,0,0
scifact,975,balanced,1,1,20,418.0,4648,4230.0,76.0,16,0.18181818181818182,6,14,16
scifact,975,balanced,64,1,20,512.0,4692,4180.0,128.0,1,0.25,9,15,19
scifact,975,dibud,1,1,20,361.0,4356,3995.0,65.0,16,0.18005540166204986,4,13,15
scifact,975,dibud,64,1,20,448.0,4416,3968.0,128.0,1,0.2857142857142857,0,9,18
scifact,982,balanced,1,1,20,1973.0,9426,7453.0,464.0,19,0.2351748606183477,13,16,18
scifact,982,balanced,64,1,20,1984.0,9446,7462.0,512.0,19,0.25806451612903225,12,16,18
scifact,982,dibud,1,1,20,1605.0,9426,7821.0,347.0,19,0.2161993769470405,11,15,18
scifact,982,dibud,64,1,20,1664.0,9446,7782.0,320.0,15,0.19230769230769232,11,15,18
scifact,985,balanced,1,1,20,187.0,5594,5407.0,40.0,6,0.21390374331550802,5,10,16
scifact,985,balanced,64,1,20,256.0,5613,5357.0,128.0,1,0.5,0,13,16
scifact,985,dibud,1,1,20,173.0,4504,4331.0,39.0,6,0.2254335260115607,5,10,16
scifact,985,dibud,64,1,20,256.0,4525,4269.0,128.0,1,0.5,0,13,16
scifact,99,balanced,1,1,20,470.0,5635,5165.0,60.0,15,0.1276595744680851,7,14,17
scifact,99,balanced,64,1,20,512.0,5696,5184.0,128.0,1,0.25,8,14,18
scifact,99,dibud,1,1,20,430.0,5635,5205.0,57.0,15,0.1325581395348837,7,13,17
scifact,99,dibud,64,1,20,512.0,5696,5184.0,128.0,1,0.25,8,14,18
scifact,993,balanced,1,1,20,143.0,5633,5490.0,24.0,11,0.16783216783216784,9,11,15
scifact,993,balanced,64,1,20,192.0,5696,5504.0,128.0,1,0.6666666666666666,0,0,16
scifact,993,dibud,1,1,20,130.0,5633,5503.0,23.0,11,0.17692307692307693,9,11,14
scifact,993,dibud,64,1,20,192.0,5696,5504.0,128.0,1,0.6666666666666666,0,0,16
trec-covid,1,balanced,1,1,20,67490.0,67490,0.0,55041.0,17,0.8155430434138391,16,16,16
trec-covid,1,balanced,64,1,20,67536.0,67536,0.0,54976.0,17,0.8140251125325753,16,16,16
trec-covid,1,dibud,1,1,20,39970.0,39970,0.0,29645.0,17,0.7416812609457093,15,16,16
trec-covid,1,dibud,64,1,20,40080.0,40080,0.0,29696.0,17,0.7409181636726547,15,16,16
trec-covid,10,balanced,1,1,20,740.0,10000,9260.0,220.0,16,0.2972972972972973,9,14,15
trec-covid,10,balanced,64,1,20,768.0,10000,9232.0,128.0,1,0.16666666666666666,5,14,15
trec-covid,10,dibud,1,1,20,739.0,9531,8792.0,220.0,16,0.2976995940460081,9,14,15
trec-covid,10,dibud,64,1,20,768.0,9600,8832.0,128.0,1,0.16666666666666666,6,14,15
trec-covid,11,balanced,1,1,20,305.0,10000,9695.0,64.0,8,0.2098360655737705,3,7,14
trec-covid,11,balanced,64,1,20,384.0,10000,9616.0,128.0,1,0.3333333333333333,0,5,17
trec-covid,11,dibud,1,1,20,295.0,10000,9705.0,58.0,8,0.19661016949152543,3,7,14
trec-covid,11,dibud,64,1,20,384.0,10000,9616.0,128.0,1,0.3333333333333333,0,7,17
trec-covid,12,balanced,1,1,20,13630.0,13630,0.0,7658.0,15,0.5618488628026412,14,14,15
trec-covid,12,balanced,64,1,20,13712.0,13712,0.0,7680.0,15,0.5600933488914819,14,14,15
trec-covid,12,dibud,1,1,20,24910.0,24910,0.0,11326.0,19,0.45467683661180247,14,15,18
trec-covid,12,dibud,64,1,20,24976.0,24976,0.0,11328.0,19,0.4535554131966688,14,15,18
trec-covid,13,balanced,1,1,20,440.0,10000,9560.0,110.0,19,0.25,8,17,18
trec-covid,13,balanced,64,1,20,512.0,10000,9488.0,128.0,1,0.25,11,18,19
trec-covid,13,dibud,1,1,20,440.0,10000,9560.0,110.0,19,0.25,8,17,18
trec-covid,13,dibud,64,1,20,512.0,10000,9488.0,128.0,1,0.25,11,18,19
trec-covid,14,balanced,1,1,20,510.0,10000,9490.0,244.0,20,0.47843137254901963,11,16,19
trec-covid,14,balanced,64,1,20,512.0,10000,9488.0,128.0,1,0.25,11,17,19
trec-covid,14,dibud,1,1,20,399.0,10000,9601.0,179.0,20,0.44862155388471175,11,16,19
trec-covid,14,dibud,64,1,20,448.0,10000,9552.0,128.0,1,0.2857142857142857,0,14,19
trec-covid,15,balanced,1,1,20,40934.0,40934,0.0,32699.0,6,0.7988224947476426,5,5,5
trec-covid,15,balanced,64,1,20,40912.0,40912,0.0,32656.0,6,0.798201016816582,5,5,5
trec-covid,15,dibud,1,1,20,40250.0,40250,0.0,16416.0,6,0.40785093167701864,5,5,12
trec-covid,15,dibud,64,1,20,40336.0,40336,0.0,16400.0,6,0.40658468861562874,5,5,12
trec-covid,16,balanced,1,1,20,146395.0,146395,0.0,134894.0,18,0.9214385737217801,17,17,17
trec-covid,16,balanced,64,1,20,146432.0,146432,0.0,134896.0,18,0.9212194055944056,17,17,17
trec-covid,16,dibud,1,1,20,85178.0,85178,0.0,77300.0,18,0.9075113292164644,17,17,17
trec-covid,16,dibud,64,1,20,85264.0,85264,0.0,77328.0,18,0.9069243760555451,17,17,17
trec-covid,17,balanced,1,1,20,6039.0,10000,3961.0,2437.0,17,0.4035436330518298,13,14,16
trec-covid,17,balanced,64,1,20,6080.0,10000,3920.0,2368.0,17,0.3894736842105263,13,14,16
trec-covid,17,dibud,1,1,20,4668.0,10000,5332.0,1219.0,17,0.2611396743787489,12,14,16
trec-covid,17,dibud,64,1,20,4736.0,10000,5264.0,1216.0,17,0.25675675675675674,12,14,16
trec-covid,18,balanced,1,1,20,10021.0,10021,0.0,3274.0,15,0.32671390080830254,11,14,16
trec-covid,18,balanced,64,1,20,10128.0,10128,0.0,3328.0,15,0.3285939968404423,11,14,16
trec-covid,18,dibud,1,1,20,7987.0,10000,2013.0,1917.0,15,0.24001502441467384,11,14,16
trec-covid,18,dibud,64,1,20,8064.0,10000,1936.0,1984.0,15,0.24603174603174602,11,14,16
trec-covid,19,balanced,1,1,20,523.0,10000,9477.0,227.0,14,0.4340344168260038,13,13,15
trec-covid,19,balanced,64,1,20,576.0,10000,9424.0,256.0,14,0.4444444444444444,13,13,15
trec-covid,19,dibud,1,1,20,504.0,10000,9496.0,206.0,14,0.4087301587301587,13,13,15
trec-covid,19,dibud,64,1,20,576.0,10000,9424.0,256.0,14,0.4444444444444444,13,13,15
trec-covid,2,balanced,1,1,20,12074.0,12074,0.0,6056.0,15,0.5015736292860692,14,14,17
trec-covid,2,balanced,64,1,20,12112.0,12112,0.0,6144.0,15,0.5072655217965654,14,14,17
trec-covid,2,dibud,1,1,20,10057.0,10057,0.0,4416.0,15,0.4390971462662822,14,14,16
trec-covid,2,dibud,64,1,20,10128.0,10128,0.0,4480.0,15,0.4423380726698262,14,14,16
trec-covid,20,balanced,1,1,20,450.0,2489,2039.0,78.0,19,0.17333333333333334,8,14,18
trec-covid,20,balanced,64,1,20,512.0,2496,1984.0,128.0,1,0.25,11,17,18
trec-covid,20,dibud,1,1,20,412.0,2010,1598.0,73.0,19,0.17718446601941748,7,12,17
trec-covid,20,dibud,64,1,20,448.0,2048,1600.0,128.0,1,0.2857142857142857,0,11,17
trec-covid,21,balanced,1,1,20,732.0,10000,9268.0,158.0,12,0.21584699453551912,11,13,17
trec-covid,21,balanced,64,1,20,768.0,10000,9232.0,256.0,12,0.3333333333333333,11,13,16
trec-covid,21,dibud,1,1,20,585.0,10000,9415.0,131.0,12,0.22393162393162394,11,13,17
trec-covid,21,dibud,64,1,20,640.0,10000,9360.0,192.0,12,0.3,11,13,16
trec-covid,22,balanced,1,1,20,960.0,10000,9040.0,398.0,20,0.41458333333333336,9,16,19
trec-covid,22,balanced,64,1,20,1024.0,10000,8976.0,384.0,20,0.375,9,17,19
trec-covid,22,dibud,1,1,20,960.0,10000,9040.0,398.0,20,0.41458333333333336,9,16,19
trec-covid,22,dibud,64,1,20,1024.0,10000,8976.0,384.0,20,0.375,9,17,19
trec-covid,23,balanced,1,1,20,3690.0,10000,6310.0,1918.0,19,0.5197831978319783,16,18,18
trec-covid,23,balanced,64,1,20,3712.0,10000,6288.0,1920.0,19,0.5172413793103449,16,18,18
trec-covid,23,dibud,1,1,20,2544.0,10000,7456.0,1197.0,19,0.4705188679245283,15,18,18
trec-covid,23,dibud,64,1,20,2560.0,10000,7440.0,1216.0,19,0.475,13,18,18
trec-covid,24,balanced,1,1,20,1342.0,10000,8658.0,266.0,19,0.19821162444113263,8,14,17
trec-covid,24,balanced,64,1,20,1408.0,10000,8592.0,256.0,13,0.18181818181818182,7,14,17
trec-covid,24,dibud,1,1,20,1145.0,10000,8855.0,209.0,19,0.18253275109170305,7,13,16
trec-covid,24,dibud,64,1,20,1216.0,10000,8784.0,256.0,13,0.21052631578947367,7,12,17
trec-covid,25,balanced,1,1,20,652.0,10000,9348.0,108.0,18,0.1656441717791411,10,16,17
trec-covid,25,balanced,64,1,20,768.0,10000,9232.0,128.0,1,0.16666666666666666,10,16,17
trec-covid,25,dibud,1,1,20,652.0,10000,9348.0,108.0,18,0.1656441717791411,10,16,17
trec-covid,25,dibud,64,1,20,768.0,10000,9232.0,128.0,1,0.16666666666666666,10,16,17
trec-covid,26,balanced,1,1,20,16461.0,16461,0.0,12808.0,9,0.7780815260312253,8,8,8
trec-covid,26,balanced,64,1,20,16528.0,16528,0.0,12752.0,9,0.771539206195547,8,8,8
trec-covid,26,dibud,1,1,20,14899.0,14899,0.0,8478.0,9,0.5690314786227264,8,8,11
trec-covid,26,dibud,64,1,20,14992.0,14992,0.0,8512.0,9,0.567769477054429,8,8,11
trec-covid,27,balanced,1,1,20,12026.0,12026,0.0,3070.0,10,0.25528022617661733,5,8,9
trec-covid,27,balanced,64,1,20,11984.0,11984,0.0,3072.0,10,0.25634178905206945,5,8,9
trec-covid,27,dibud,1,1,20,7362.0,10000,2638.0,1738.0,6,0.2360771529475686,5,8,9
trec-covid,27,dibud,64,1,20,7424.0,10000,2576.0,1728.0,6,0.23275862068965517,5,8,9
trec-covid,28,balanced,1,1,20,895.0,10000,9105.0,170.0,1,0.18994413407821228,2,8,12
trec-covid,28,balanced,64,1,20,896.0,10000,9104.0,256.0,1,0.2857142857142857,0,6,11
trec-covid,28,dibud,1,1,20,835.0,10000,9165.0,170.0,1,0.20359281437125748,2,9,12
trec-covid,28,dibud,64,1,20,896.0,10000,9104.0,256.0,1,0.2857142857142857,0,10,11
trec-covid,29,balanced,1,1,20,343.0,3784,3441.0,68.0,14,0.19825072886297376,7,13,17
trec-covid,29,balanced,64,1,20,320.0,3840,3520.0,128.0,1,0.4,0,11,13
trec-covid,29,dibud,1,1,20,293.0,3174,2881.0,54.0,14,0.18430034129692832,7,13,15
trec-covid,29,dibud,64,1,20,320.0,3264,2944.0,128.0,1,0.4,0,11,13
trec-covid,3,balanced,1,1,20,16672.0,16672,0.0,8769.0,16,0.525971689059501,15,15,15
trec-covid,3,balanced,64,1,20,16720.0,16720,0.0,8720.0,16,0.5215311004784688,15,15,16
trec-covid,3,dibud,1,1,20,12648.0,12648,0.0,3507.0,15,0.27727703984819735,14,15,16
trec-covid,3,dibud,64,1,20,12688.0,12688,0.0,3584.0,15,0.28247162673392184,14,15,16
trec-covid,30,balanced,1,1,20,286.0,3920,3634.0,72.0,16,0.2517482517482518,3,13,15
trec-covid,30,balanced,64,1,20,384.0,3968,3584.0,128.0,1,0.3333333333333333,0,12,17
trec-covid,30,dibud,1,1,20,246.0,2854,2608.0,58.0,16,0.23577235772357724,2,12,15
trec-covid,30,dibud,64,1,20,320.0,2880,2560.0,128.0,1,0.4,0,12,12
trec-covid,31,balanced,1,1,20,16682.0,16682,0.0,4984.0,16,0.2987651360748112,14,15,16
trec-covid,31,balanced,64,1,20,16720.0,16720,0.0,4944.0,16,0.29569377990430623,14,15,16
trec-covid,31,dibud,1,1,20,10118.0,10118,0.0,3011.0,15,0.2975884562166436,14,15,16
trec-covid,31,dibud,64,1,20,10192.0,10192,0.0,3072.0,15,0.30141287284144425,14,15,16
trec-covid,32,balanced,1,1,20,53235.0,53235,0.0,18999.0,14,0.3568892645815723,6,12,13
trec-covid,32,balanced,64,1,20,53264.0,53264,0.0,18944.0,14,0.3556623610693902,6,12,13
trec-covid,32,dibud,1,1,20,43736.0,43736,0.0,20170.0,13,0.46117614779586613,6,12,12
trec-covid,32,dibud,64,1,20,43792.0,43792,0.0,20160.0,13,0.46035805626598464,6,12,12
trec-covid,33,balanced,1,1,20,5146.0,10000,4854.0,1472.0,19,0.2860474154683249,11,17,18
trec-covid,33,balanced,64,1,20,5248.0,10000,4752.0,1536.0,19,0.2926829268292683,11,17,18
trec-covid,33,dibud,1,1,20,5146.0,10000,4854.0,1472.0,19,0.2860474154683249,11,17,18
trec-covid,33,dibud,64,1,20,5248.0,10000,4752.0,1536.0,19,0.2926829268292683,11,17,18
trec-covid,34,balanced,1,1,20,30873.0,30873,0.0,20951.0,14,0.6786188579017264,11,13,13
trec-covid,34,balanced,64,1,20,30928.0,30928,0.0,20944.0,14,0.6771857216761511,11,13,13
trec-covid,34,dibud,1,1,20,56363.0,56363,0.0,27603.0,15,0.4897361744406792,13,13,14
trec-covid,34,dibud,64,1,20,56400.0,56400,0.0,27584.0,15,0.48907801418439717,13,13,14
trec-covid,35,balanced,1,1,20,8282.0,10000,1718.0,2839.0,19,0.34279159623279404,16,17,18
trec-covid,35,balanced,64,1,20,8320.0,10000,1680.0,2816.0,19,0.3384615384615385,16,17,18
trec-covid,35,dibud,1,1,20,7645.0,10000,2355.0,2839.0,19,0.37135382603008504,16,17,18
trec-covid,35,dibud,64,1,20,7680.0,10000,2320.0,2816.0,19,0.36666666666666664,16,17,18
trec-covid,36,balanced,1,1,20,190.0,2964,2774.0,56.0,14,0.29473684210526313,4,13,13
trec-covid,36,balanced,64,1,20,256.0,3072,2816.0,128.0,1,0.5,0,13,13
trec-covid,36,dibud,1,1,20,190.0,2066,1876.0,51.0,14,0.26842105263157895,4,13,15
trec-covid,36,dibud,64,1,20,256.0,2176,1920.0,128.0,1,0.5,0,13,15
trec-covid,37,balanced,1,1,20,174.0,2406,2232.0,41.0,3,0.23563218390804597,2,8,13
trec-covid,37,balanced,64,1,20,256.0,2432,2176.0,128.0,1,0.5,0,13,13
trec-covid,37,dibud,1,1,20,164.0,1976,1812.0,38.0,3,0.23170731707317074,2,8,13
trec-covid,37,dibud,64,1,20,256.0,2048,1792.0,128.0,1,0.5,0,13,14
trec-covid,38,balanced,1,1,20,3683.0,10000,6317.0,1906.0,20,0.5175128970947597,16,19,19
trec-covid,38,balanced,64,1,20,3648.0,10000,6352.0,1920.0,20,0.5263157894736842,16,19,19
trec-covid,38,dibud,1,1,20,2224.0,10000,7776.0,1037.0,20,0.4662769784172662,16,18,19
trec-covid,38,dibud,64,1,20,2240.0,10000,7760.0,1024.0,20,0.45714285714285713,16,18,19
trec-covid,39,balanced,1,1,20,234.0,5641,5407.0,52.0,4,0.2222222222222222,3,7,14
trec-covid,39,balanced,64,1,20,256.0,5696,5440.0,128.0,1,0.5,0,7,7
trec-covid,39,dibud,1,1,20,212.0,4070,3858.0,46.0,4,0.2169811320754717,3,7,14
trec-covid,39,dibud,64,1,20,256.0,4160,3904.0,128.0,1,0.5,0,7,12
trec-covid,4,balanced,1,1,20,8168.0,10000,1832.0,1742.0,19,0.2132713026444662,6,9,18
trec-covid,4,balanced,64,1,20,8192.0,10000,1808.0,1792.0,19,0.21875,6,9,18
trec-covid,4,dibud,1,1,20,6496.0,10000,3504.0,1101.0,7,0.16948891625615764,6,11,17
trec-covid,4,dibud,64,1,20,6528.0,10000,3472.0,1088.0,7,0.16666666666666666,6,11,17
trec-covid,40,balanced,1,1,20,163.0,2111,1948.0,20.0,16,0.12269938650306748,3,10,15
trec-covid,40,balanced,64,1,20,256.0,2112,1856.0,128.0,1,0.5,0,15,15
trec-covid,40,dibud,1,1,20,159.0,1961,1802.0,25.0,16,0.15723270440251572,3,10,15
trec-covid,40,dibud,64,1,20,256.0,2048,1792.0,128.0,1,0.5,0,15,15
trec-covid,41,balanced,1,1,20,491.0,10000,9509.0,109.0,17,0.2219959266802444,5,15,17
trec-covid,41,balanced,64,1,20,512.0,10000,9488.0,128.0,1,0.25,7,16,17
trec-covid,41,dibud,1,1,20,469.0,10000,9531.0,96.0,17,0.2046908315565032,5,12,17
trec-covid,41,dibud,64,1,20,512.0,10000,9488.0,128.0,1,0.25,7,16,17
trec-covid,42,balanced,1,1,20,280.0,4569,4289.0,36.0,1,0.12857142857142856,3,8,16
trec-covid,42,balanced,64,1,20,384.0,4544,4160.0,128.0,1,0.3333333333333333,0,7,18
trec-covid,42,dibud,1,1,20,230.0,2562,2332.0,36.0,1,0.1565217391304348,1,7,14
trec-covid,42,dibud,64,1,20,320.0,2624,2304.0,128.0,1,0.4,0,7,11
trec-covid,43,balanced,1,1,20,4598.0,10000,5402.0,2056.0,20,0.44715093518921273,17,18,19
trec-covid,43,balanced,64,1,20,4608.0,10000,5392.0,2048.0,20,0.4444444444444444,17,18,19
trec-covid,43,dibud,1,1,20,4598.0,10000,5402.0,2056.0,20,0.44715093518921273,17,18,19
trec-covid,43,dibud,64,1,20,4608.0,10000,5392.0,2048.0,20,0.4444444444444444,17,18,19
trec-covid,44,balanced,1,1,20,4194.0,10000,5806.0,2360.0,18,0.5627086313781593,15,17,17
trec-covid,44,balanced,64,1,20,4224.0,10000,5776.0,2304.0,18,0.5454545454545454,15,17,17
trec-covid,44,dibud,1,1,20,3493.0,10000,6507.0,1425.0,18,0.4079587746922416,15,17,17
trec-covid,44,dibud,64,1,20,3520.0,10000,6480.0,1408.0,18,0.4,15,17,17
trec-covid,45,balanced,1,1,20,1406.0,10000,8594.0,468.0,12,0.3328591749644381,9,11,13
trec-covid,45,balanced,64,1,20,1408.0,10000,8592.0,512.0,12,0.36363636363636365,7,11,13
trec-covid,45,dibud,1,1,20,1167.0,9581,8414.0,368.0,12,0.31533847472150817,9,11,13
trec-covid,45,dibud,64,1,20,1216.0,9600,8384.0,384.0,12,0.3157894736842105,7,11,13
trec-covid,46,balanced,1,1,20,391.0,10000,9609.0,60.0,18,0.1534526854219949,7,12,16
trec-covid,46,balanced,64,1,20,448.0,10000,9552.0,128.0,1,0.2857142857142857,0,11,16
trec-covid,46,dibud,1,1,20,361.0,10000,9639.0,54.0,13,0.14958448753462603,7,12,16
trec-covid,46,dibud,64,1,20,448.0,10000,9552.0,128.0,1,0.2857142857142857,0,11,16
trec-covid,47,balanced,1,1,20,44465.0,44465,0.0,23215.0,17,0.5220960305858541,15,16,16
trec-covid,47,balanced,64,1,20,44560.0,44560,0.0,23232.0,17,0.5213644524236983,15,16,16
trec-covid,47,dibud,1,1,20,32858.0,32858,0.0,16319.0,16,0.49665226124535883,15,15,16
trec-covid,47,dibud,64,1,20,32912.0,32912,0.0,16272.0,16,0.4944093339815265,15,15,16
trec-covid,48,balanced,1,1,20,6414.0,10000,3586.0,2494.0,15,0.3888369192391643,13,13,14
trec-covid,48,balanced,64,1,20,6528.0,10000,3472.0,2560.0,15,0.39215686274509803,12,13,14
trec-covid,48,dibud,1,1,20,5983.0,10000,4017.0,1794.0,14,0.29984957379241184,13,13,14
trec-covid,48,dibud,64,1,20,6080.0,10000,3920.0,1792.0,14,0.29473684210526313,13,13,14
trec-covid,49,balanced,1,1,20,178980.0,178980,0.0,90904.0,19,0.507900324058554,17,18,18
trec-covid,49,balanced,64,1,20,179024.0,179024,0.0,90880.0,19,0.5076414335508088,17,18,18
trec-covid,49,dibud,1,1,20,91290.0,91290,0.0,45490.0,19,0.4983021141417461,17,17,18
trec-covid,49,dibud,64,1,20,91408.0,91408,0.0,45568.0,19,0.49851216523717834,17,17,18
trec-covid,5,balanced,1,1,20,713.0,10000,9287.0,134.0,20,0.1879382889200561,7,13,18
trec-covid,5,balanced,64,1,20,704.0,10000,9296.0,128.0,1,0.18181818181818182,5,8,18
trec-covid,5,dibud,1,1,20,673.0,10000,9327.0,122.0,20,0.1812778603268945,7,13,18
trec-covid,5,dibud,64,1,20,704.0,10000,9296.0,128.0,1,0.18181818181818182,5,8,18
trec-covid,50,balanced,1,1,20,29039.0,29039,0.0,14886.0,18,0.5126209580219705,16,17,17
trec-covid,50,balanced,64,1,20,29072.0,29072,0.0,14848.0,18,0.5107319757842598,16,17,17
trec-covid,50,dibud,1,1,20,15095.0,15095,0.0,7465.0,18,0.49453461411063265,16,16,17
trec-covid,50,dibud,64,1,20,15120.0,15120,0.0,7440.0,18,0.49206349206349204,16,16,17
trec-covid,6,balanced,1,1,20,16745.0,16745,0.0,13454.0,18,0.8034637205135862,17,17,17
trec-covid,6,balanced,64,1,20,16784.0,16784,0.0,13520.0,18,0.8055290753098189,17,17,17
trec-covid,6,dibud,1,1,20,9316.0,10000,684.0,6974.0,18,0.7486045513095749,17,17,17
trec-covid,6,dibud,64,1,20,9344.0,10000,656.0,6976.0,18,0.7465753424657534,17,17,17
trec-covid,7,balanced,1,1,20,418.0,10000,9582.0,134.0,20,0.32057416267942584,8,15,19
trec-covid,7,balanced,64,1,20,512.0,10000,9488.0,128.0,1,0.25,9,17,19
trec-covid,7,dibud,1,1,20,326.0,10000,9674.0,84.0,20,0.25766871165644173,7,13,19
trec-covid,7,dibud,64,1,20,384.0,10000,9616.0,128.0,1,0.3333333333333333,0,9,17
trec-covid,8,balanced,1,1,20,13179.0,13179,0.0,4504.0,18,0.3417558236588512,12,17,17
trec-covid,8,balanced,64,1,20,13200.0,13200,0.0,4432.0,18,0.33575757575757575,12,17,17
trec-covid,8,dibud,1,1,20,11993.0,11993,0.0,4863.0,20,0.40548653381139,12,17,19
trec-covid,8,dibud,64,1,20,12048.0,12048,0.0,4880.0,20,0.4050464807436919,12,17,19
trec-covid,9,balanced,1,1,20,3798.0,10000,6202.0,1362.0,20,0.358609794628752,15,17,19
trec-covid,9,balanced,64,1,20,3840.0,10000,6160.0,1280.0,20,0.3333333333333333,14,17,19
trec-covid,9,dibud,1,1,20,2606.0,10000,7394.0,813.0,20,0.31197237145049883,14,17,19
trec-covid,9,dibud,64,1,20,2688.0,10000,7312.0,832.0,20,0.30952380952380953,14,17,19
