dataset,snapshot,query_id,L,accesses,ndcg10,full_ndcg10,ordered20,overlap20
nfcorpus,0,PLAIN-1008,10,11,0.0,0.0,0,0.5
nfcorpus,0,PLAIN-1008,20,21,0.0,0.0,1,1.0
nfcorpus,0,PLAIN-1008,50,51,0.0,0.0,1,1.0
nfcorpus,0,PLAIN-1008,100,101,0.0,0.0,1,1.0
nfcorpus,0,PLAIN-1008,200,201,0.0,0.0,1,1.0
nfcorpus,0,PLAIN-1008,500,501,0.0,0.0,1,1.0
nfcorpus,0,PLAIN-1008,1000,1001,0.0,0.0,1,1.0
nfcorpus,0,PLAIN-1008,2000,2001,0.0,0.0,1,1.0
nfcorpus,0,PLAIN-1008,5000,3634,0.0,0.0,1,1.0
nfcorpus,0,PLAIN-1018,10,20,0.576669299949219,0.5708588662113934,0,0.55
nfcorpus,0,PLAIN-1018,20,40,0.5708588662113934,0.5708588662113934,0,0.8
nfcorpus,0,PLAIN-1018,50,75,0.5708588662113934,0.5708588662113934,0,0.9
nfcorpus,0,PLAIN-1018,100,125,0.5708588662113934,0.5708588662113934,1,1.0
nfcorpus,0,PLAIN-1018,200,225,0.5708588662113934,0.5708588662113934,1,1.0
nfcorpus,0,PLAIN-1018,500,525,0.5708588662113934,0.5708588662113934,1,1.0
nfcorpus,0,PLAIN-1018,1000,1025,0.5708588662113934,0.5708588662113934,1,1.0
nfcorpus,0,PLAIN-1018,2000,2025,0.5708588662113934,0.5708588662113934,1,1.0
nfcorpus,0,PLAIN-1018,5000,3658,0.5708588662113934,0.5708588662113934,1,1.0
nfcorpus,0,PLAIN-102,10,20,0.19969097468564354,0.0,0,0.55
nfcorpus,0,PLAIN-102,20,40,0.1746103421078289,0.0,0,0.55
nfcorpus,0,PLAIN-102,50,100,0.04875383067250014,0.0,0,0.8
nfcorpus,0,PLAIN-102,100,200,0.0,0.0,0,0.8
nfcorpus,0,PLAIN-102,200,400,0.0,0.0,0,0.95
nfcorpus,0,PLAIN-102,500,1000,0.0,0.0,1,1.0
nfcorpus,0,PLAIN-102,1000,2000,0.0,0.0,1,1.0
nfcorpus,0,PLAIN-102,2000,3262,0.0,0.0,1,1.0
nfcorpus,0,PLAIN-102,5000,4895,0.0,0.0,1,1.0
nfcorpus,0,PLAIN-1028,10,20,0.0,0.0,0,0.75
nfcorpus,0,PLAIN-1028,20,40,0.0,0.0,0,0.8
nfcorpus,0,PLAIN-1028,50,100,0.0,0.0,0,0.85
nfcorpus,0,PLAIN-1028,100,200,0.0,0.0,0,0.8
nfcorpus,0,PLAIN-1028,200,400,0.0,0.0,0,0.9
nfcorpus,0,PLAIN-1028,500,1000,0.0,0.0,1,1.0
nfcorpus,0,PLAIN-1028,1000,2000,0.0,0.0,1,1.0
nfcorpus,0,PLAIN-1028,2000,3193,0.0,0.0,1,1.0
nfcorpus,0,PLAIN-1028,5000,4826,0.0,0.0,1,1.0
nfcorpus,0,PLAIN-1039,10,20,1.0,1.0,0,0.6
nfcorpus,0,PLAIN-1039,20,40,1.0,1.0,0,0.65
nfcorpus,0,PLAIN-1039,50,100,1.0,1.0,0,0.85
nfcorpus,0,PLAIN-1039,100,200,1.0,1.0,0,0.85
nfcorpus,0,PLAIN-1039,200,400,1.0,1.0,0,0.9
nfcorpus,0,PLAIN-1039,500,1000,1.0,1.0,1,1.0
nfcorpus,0,PLAIN-1039,1000,1552,1.0,1.0,1,1.0
nfcorpus,0,PLAIN-1039,2000,2552,1.0,1.0,1,1.0
nfcorpus,0,PLAIN-1039,5000,4185,1.0,1.0,1,1.0
nfcorpus,0,PLAIN-1050,10,20,0.0,0.09478836436955078,0,0.95
nfcorpus,0,PLAIN-1050,20,36,0.0,0.09478836436955078,0,0.95
nfcorpus,0,PLAIN-1050,50,66,0.0,0.09478836436955078,0,0.95
nfcorpus,0,PLAIN-1050,100,116,0.0,0.09478836436955078,0,0.95
nfcorpus,0,PLAIN-1050,200,216,0.0,0.09478836436955078,0,0.95
nfcorpus,0,PLAIN-1050,500,516,0.11004588314904008,0.09478836436955078,0,1.0
nfcorpus,0,PLAIN-1050,1000,1016,0.09478836436955078,0.09478836436955078,0,1.0
nfcorpus,0,PLAIN-1050,2000,2016,0.09478836436955078,0.09478836436955078,1,1.0
nfcorpus,0,PLAIN-1050,5000,3649,0.09478836436955078,0.09478836436955078,1,1.0
nfcorpus,0,PLAIN-1066,10,20,0.0,0.0,0,0.85
nfcorpus,0,PLAIN-1066,20,38,0.0,0.0,0,0.85
nfcorpus,0,PLAIN-1066,50,68,0.0,0.0,0,0.85
nfcorpus,0,PLAIN-1066,100,118,0.0,0.0,0,0.85
nfcorpus,0,PLAIN-1066,200,218,0.0,0.0,0,0.85
nfcorpus,0,PLAIN-1066,500,518,0.0,0.0,0,0.95
nfcorpus,0,PLAIN-1066,1000,1018,0.0,0.0,0,0.95
nfcorpus,0,PLAIN-1066,2000,2018,0.0,0.0,0,1.0
nfcorpus,0,PLAIN-1066,5000,3651,0.0,0.0,1,1.0
nfcorpus,0,PLAIN-1088,10,12,0.5531464700081437,0.5531464700081437,0,0.5
nfcorpus,0,PLAIN-1088,20,22,0.5531464700081437,0.5531464700081437,1,1.0
nfcorpus,0,PLAIN-1088,50,52,0.5531464700081437,0.5531464700081437,1,1.0
nfcorpus,0,PLAIN-1088,100,102,0.5531464700081437,0.5531464700081437,1,1.0
nfcorpus,0,PLAIN-1088,200,202,0.5531464700081437,0.5531464700081437,1,1.0
nfcorpus,0,PLAIN-1088,500,502,0.5531464700081437,0.5531464700081437,1,1.0
nfcorpus,0,PLAIN-1088,1000,1002,0.5531464700081437,0.5531464700081437,1,1.0
nfcorpus,0,PLAIN-1088,2000,2002,0.5531464700081437,0.5531464700081437,1,1.0
nfcorpus,0,PLAIN-1088,5000,3635,0.5531464700081437,0.5531464700081437,1,1.0
nfcorpus,0,PLAIN-1098,10,10,0.0,0.0,0,0.5
nfcorpus,0,PLAIN-1098,20,20,0.0,0.0,1,1.0
nfcorpus,0,PLAIN-1098,50,50,0.0,0.0,1,1.0
nfcorpus,0,PLAIN-1098,100,100,0.0,0.0,1,1.0
nfcorpus,0,PLAIN-1098,200,200,0.0,0.0,1,1.0
nfcorpus,0,PLAIN-1098,500,500,0.0,0.0,1,1.0
nfcorpus,0,PLAIN-1098,1000,1000,0.0,0.0,1,1.0
nfcorpus,0,PLAIN-1098,2000,2000,0.0,0.0,1,1.0
nfcorpus,0,PLAIN-1098,5000,3633,0.0,0.0,1,1.0
nfcorpus,0,PLAIN-1109,10,20,0.5837154733670048,0.6405914129030108,0,0.65
nfcorpus,0,PLAIN-1109,20,40,0.6405914129030108,0.6405914129030108,0,0.8
nfcorpus,0,PLAIN-1109,50,92,0.6405914129030108,0.6405914129030108,0,1.0
nfcorpus,0,PLAIN-1109,100,142,0.6405914129030108,0.6405914129030108,1,1.0
nfcorpus,0,PLAIN-1109,200,242,0.6405914129030108,0.6405914129030108,1,1.0
nfcorpus,0,PLAIN-1109,500,542,0.6405914129030108,0.6405914129030108,1,1.0
nfcorpus,0,PLAIN-1109,1000,1042,0.6405914129030108,0.6405914129030108,1,1.0
nfcorpus,0,PLAIN-1109,2000,2042,0.6405914129030108,0.6405914129030108,1,1.0
nfcorpus,0,PLAIN-1109,5000,3675,0.6405914129030108,0.6405914129030108,1,1.0
nfcorpus,0,PLAIN-1119,10,20,0.0,0.0,0,0.55
nfcorpus,0,PLAIN-1119,20,40,0.0,0.0,0,0.55
nfcorpus,0,PLAIN-1119,50,100,0.0,0.0,0,0.65
nfcorpus,0,PLAIN-1119,100,200,0.0,0.0,0,0.9
nfcorpus,0,PLAIN-1119,200,400,0.0,0.0,1,1.0
nfcorpus,0,PLAIN-1119,500,877,0.0,0.0,1,1.0
nfcorpus,0,PLAIN-1119,1000,1377,0.0,0.0,1,1.0
nfcorpus,0,PLAIN-1119,2000,2377,0.0,0.0,1,1.0
nfcorpus,0,PLAIN-1119,5000,4010,0.0,0.0,1,1.0
nfcorpus,0,PLAIN-112,10,20,0.556130598831661,0.5014505893948701,0,0.7
nfcorpus,0,PLAIN-112,20,40,0.5503964172051111,0.5014505893948701,0,0.75
nfcorpus,0,PLAIN-112,50,100,0.5014505893948701,0.5014505893948701,0,0.85
nfcorpus,0,PLAIN-112,100,200,0.5014505893948701,0.5014505893948701,0,0.85
nfcorpus,0,PLAIN-112,200,400,0.5014505893948701,0.5014505893948701,0,0.8
nfcorpus,0,PLAIN-112,500,1000,0.5014505893948701,0.5014505893948701,0,0.95
nfcorpus,0,PLAIN-112,1000,2000,0.5014505893948701,0.5014505893948701,1,1.0
nfcorpus,0,PLAIN-112,2000,3016,0.5014505893948701,0.5014505893948701,1,1.0
nfcorpus,0,PLAIN-112,5000,4649,0.5014505893948701,0.5014505893948701,1,1.0
nfcorpus,0,PLAIN-1130,10,11,1.0,1.0,0,0.5
nfcorpus,0,PLAIN-1130,20,21,1.0,1.0,1,1.0
nfcorpus,0,PLAIN-1130,50,51,1.0,1.0,1,1.0
nfcorpus,0,PLAIN-1130,100,101,1.0,1.0,1,1.0
nfcorpus,0,PLAIN-1130,200,201,1.0,1.0,1,1.0
nfcorpus,0,PLAIN-1130,500,501,1.0,1.0,1,1.0
nfcorpus,0,PLAIN-1130,1000,1001,1.0,1.0,1,1.0
nfcorpus,0,PLAIN-1130,2000,2001,1.0,1.0,1,1.0
nfcorpus,0,PLAIN-1130,5000,3634,1.0,1.0,1,1.0
nfcorpus,0,PLAIN-1141,10,20,0.22009176629808017,0.22009176629808017,0,0.55
nfcorpus,0,PLAIN-1141,20,40,0.22009176629808017,0.22009176629808017,0,0.6
nfcorpus,0,PLAIN-1141,50,100,0.22009176629808017,0.22009176629808017,0,0.75
nfcorpus,0,PLAIN-1141,100,200,0.22009176629808017,0.22009176629808017,0,0.9
nfcorpus,0,PLAIN-1141,200,400,0.22009176629808017,0.22009176629808017,1,1.0
nfcorpus,0,PLAIN-1141,500,1000,0.22009176629808017,0.22009176629808017,1,1.0
nfcorpus,0,PLAIN-1141,1000,2000,0.22009176629808017,0.22009176629808017,1,1.0
nfcorpus,0,PLAIN-1141,2000,3268,0.22009176629808017,0.22009176629808017,1,1.0
nfcorpus,0,PLAIN-1141,5000,4901,0.22009176629808017,0.22009176629808017,1,1.0
nfcorpus,0,PLAIN-1151,10,20,0.39767223286316733,0.599976751690748,0,0.7
nfcorpus,0,PLAIN-1151,20,40,0.39215784798408637,0.599976751690748,0,0.75
nfcorpus,0,PLAIN-1151,50,100,0.5363559634917963,0.599976751690748,0,0.8
nfcorpus,0,PLAIN-1151,100,200,0.599976751690748,0.599976751690748,0,0.85
nfcorpus,0,PLAIN-1151,200,400,0.599976751690748,0.599976751690748,1,1.0
nfcorpus,0,PLAIN-1151,500,752,0.599976751690748,0.599976751690748,1,1.0
nfcorpus,0,PLAIN-1151,1000,1252,0.599976751690748,0.599976751690748,1,1.0
nfcorpus,0,PLAIN-1151,2000,2252,0.599976751690748,0.599976751690748,1,1.0
nfcorpus,0,PLAIN-1151,5000,3885,0.599976751690748,0.599976751690748,1,1.0
nfcorpus,0,PLAIN-1161,10,20,0.0,0.0,0,0.7
nfcorpus,0,PLAIN-1161,20,40,0.0,0.0,0,0.75
nfcorpus,0,PLAIN-1161,50,100,0.0,0.0,0,0.85
nfcorpus,0,PLAIN-1161,100,153,0.0,0.0,1,1.0
nfcorpus,0,PLAIN-1161,200,253,0.0,0.0,1,1.0
nfcorpus,0,PLAIN-1161,500,553,0.0,0.0,1,1.0
nfcorpus,0,PLAIN-1161,1000,1053,0.0,0.0,1,1.0
nfcorpus,0,PLAIN-1161,2000,2053,0.0,0.0,1,1.0
nfcorpus,0,PLAIN-1161,5000,3686,0.0,0.0,1,1.0
nfcorpus,0,PLAIN-1172,10,11,0.22009176629808017,0.22009176629808017,0,0.5
nfcorpus,0,PLAIN-1172,20,21,0.22009176629808017,0.22009176629808017,1,1.0
nfcorpus,0,PLAIN-1172,50,51,0.22009176629808017,0.22009176629808017,1,1.0
nfcorpus,0,PLAIN-1172,100,101,0.22009176629808017,0.22009176629808017,1,1.0
nfcorpus,0,PLAIN-1172,200,201,0.22009176629808017,0.22009176629808017,1,1.0
nfcorpus,0,PLAIN-1172,500,501,0.22009176629808017,0.22009176629808017,1,1.0
nfcorpus,0,PLAIN-1172,1000,1001,0.22009176629808017,0.22009176629808017,1,1.0
nfcorpus,0,PLAIN-1172,2000,2001,0.22009176629808017,0.22009176629808017,1,1.0
nfcorpus,0,PLAIN-1172,5000,3634,0.22009176629808017,0.22009176629808017,1,1.0
nfcorpus,0,PLAIN-1183,10,20,0.19518900079066107,0.20483424751859086,0,0.8
nfcorpus,0,PLAIN-1183,20,34,0.20483424751859086,0.20483424751859086,0,0.95
nfcorpus,0,PLAIN-1183,50,64,0.20483424751859086,0.20483424751859086,0,0.95
nfcorpus,0,PLAIN-1183,100,114,0.20483424751859086,0.20483424751859086,0,0.95
nfcorpus,0,PLAIN-1183,200,214,0.20483424751859086,0.20483424751859086,0,0.95
nfcorpus,0,PLAIN-1183,500,514,0.20483424751859086,0.20483424751859086,0,0.95
nfcorpus,0,PLAIN-1183,1000,1014,0.20483424751859086,0.20483424751859086,0,0.95
nfcorpus,0,PLAIN-1183,2000,2014,0.20483424751859086,0.20483424751859086,1,1.0
nfcorpus,0,PLAIN-1183,5000,3647,0.20483424751859086,0.20483424751859086,1,1.0
nfcorpus,0,PLAIN-1193,10,20,0.0,0.06625422345438903,0,0.7
nfcorpus,0,PLAIN-1193,20,40,0.0,0.06625422345438903,0,0.75
nfcorpus,0,PLAIN-1193,50,100,0.06625422345438903,0.06625422345438903,0,0.7
nfcorpus,0,PLAIN-1193,100,200,0.06625422345438903,0.06625422345438903,1,1.0
nfcorpus,0,PLAIN-1193,200,358,0.06625422345438903,0.06625422345438903,1,1.0
nfcorpus,0,PLAIN-1193,500,658,0.06625422345438903,0.06625422345438903,1,1.0
nfcorpus,0,PLAIN-1193,1000,1158,0.06625422345438903,0.06625422345438903,1,1.0
nfcorpus,0,PLAIN-1193,2000,2158,0.06625422345438903,0.06625422345438903,1,1.0
nfcorpus,0,PLAIN-1193,5000,3791,0.06625422345438903,0.06625422345438903,1,1.0
nfcorpus,0,PLAIN-12,10,20,0.07711607962658214,0.10527982729515889,0,0.5
nfcorpus,0,PLAIN-12,20,40,0.07711607962658214,0.10527982729515889,0,0.55
nfcorpus,0,PLAIN-12,50,100,0.0,0.10527982729515889,0,0.7
nfcorpus,0,PLAIN-12,100,200,0.10527982729515889,0.10527982729515889,0,0.75
nfcorpus,0,PLAIN-12,200,400,0.10527982729515889,0.10527982729515889,0,0.85
nfcorpus,0,PLAIN-12,500,738,0.10527982729515889,0.10527982729515889,0,1.0
nfcorpus,0,PLAIN-12,1000,1238,0.10527982729515889,0.10527982729515889,0,1.0
nfcorpus,0,PLAIN-12,2000,2238,0.10527982729515889,0.10527982729515889,1,1.0
nfcorpus,0,PLAIN-12,5000,3871,0.10527982729515889,0.10527982729515889,1,1.0
nfcorpus,0,PLAIN-1203,10,20,0.43735247915031,0.3589542101716347,0,0.35
nfcorpus,0,PLAIN-1203,20,40,0.42838543210841196,0.3589542101716347,0,0.4
nfcorpus,0,PLAIN-1203,50,100,0.3589542101716347,0.3589542101716347,0,0.55
nfcorpus,0,PLAIN-1203,100,200,0.3589542101716347,0.3589542101716347,0,0.9
nfcorpus,0,PLAIN-1203,200,400,0.3589542101716347,0.3589542101716347,1,1.0
nfcorpus,0,PLAIN-1203,500,1000,0.3589542101716347,0.3589542101716347,1,1.0
nfcorpus,0,PLAIN-1203,1000,1552,0.3589542101716347,0.3589542101716347,1,1.0
nfcorpus,0,PLAIN-1203,2000,2552,0.3589542101716347,0.3589542101716347,1,1.0
nfcorpus,0,PLAIN-1203,5000,4185,0.3589542101716347,0.3589542101716347,1,1.0
nfcorpus,0,PLAIN-1214,10,10,0.0,0.0,0,0.5
nfcorpus,0,PLAIN-1214,20,20,0.0,0.0,1,1.0
nfcorpus,0,PLAIN-1214,50,50,0.0,0.0,1,1.0
nfcorpus,0,PLAIN-1214,100,100,0.0,0.0,1,1.0
nfcorpus,0,PLAIN-1214,200,200,0.0,0.0,1,1.0
nfcorpus,0,PLAIN-1214,500,500,0.0,0.0,1,1.0
nfcorpus,0,PLAIN-1214,1000,1000,0.0,0.0,1,1.0
nfcorpus,0,PLAIN-1214,2000,2000,0.0,0.0,1,1.0
nfcorpus,0,PLAIN-1214,5000,3633,0.0,0.0,1,1.0
nfcorpus,0,PLAIN-1225,10,20,0.5252098581198154,0.5914640815742044,0,0.55
nfcorpus,0,PLAIN-1225,20,40,0.5914640815742044,0.5914640815742044,0,0.75
nfcorpus,0,PLAIN-1225,50,74,0.5914640815742044,0.5914640815742044,0,0.85
nfcorpus,0,PLAIN-1225,100,124,0.5914640815742044,0.5914640815742044,0,0.85
nfcorpus,0,PLAIN-1225,200,224,0.5914640815742044,0.5914640815742044,0,0.9
nfcorpus,0,PLAIN-1225,500,524,0.5914640815742044,0.5914640815742044,1,1.0
nfcorpus,0,PLAIN-1225,1000,1024,0.5914640815742044,0.5914640815742044,1,1.0
nfcorpus,0,PLAIN-1225,2000,2024,0.5914640815742044,0.5914640815742044,1,1.0
nfcorpus,0,PLAIN-1225,5000,3657,0.5914640815742044,0.5914640815742044,1,1.0
nfcorpus,0,PLAIN-123,10,20,0.12741733550370724,0.20413021541210133,0,0.6
nfcorpus,0,PLAIN-123,20,40,0.12741733550370724,0.20413021541210133,0,0.6
nfcorpus,0,PLAIN-123,50,100,0.12741733550370724,0.20413021541210133,0,0.7
nfcorpus,0,PLAIN-123,100,200,0.21236222583951206,0.20413021541210133,0,0.8
nfcorpus,0,PLAIN-123,200,400,0.20413021541210133,0.20413021541210133,0,0.9
nfcorpus,0,PLAIN-123,500,1000,0.20413021541210133,0.20413021541210133,0,1.0
nfcorpus,0,PLAIN-123,1000,1524,0.20413021541210133,0.20413021541210133,0,1.0
nfcorpus,0,PLAIN-123,2000,2524,0.20413021541210133,0.20413021541210133,0,1.0
nfcorpus,0,PLAIN-123,5000,4157,0.20413021541210133,0.20413021541210133,1,1.0
nfcorpus,0,PLAIN-1236,10,11,0.3391602052736161,0.3391602052736161,0,0.5
nfcorpus,0,PLAIN-1236,20,21,0.3391602052736161,0.3391602052736161,1,1.0
nfcorpus,0,PLAIN-1236,50,51,0.3391602052736161,0.3391602052736161,1,1.0
nfcorpus,0,PLAIN-1236,100,101,0.3391602052736161,0.3391602052736161,1,1.0
nfcorpus,0,PLAIN-1236,200,201,0.3391602052736161,0.3391602052736161,1,1.0
nfcorpus,0,PLAIN-1236,500,501,0.3391602052736161,0.3391602052736161,1,1.0
nfcorpus,0,PLAIN-1236,1000,1001,0.3391602052736161,0.3391602052736161,1,1.0
nfcorpus,0,PLAIN-1236,2000,2001,0.3391602052736161,0.3391602052736161,1,1.0
nfcorpus,0,PLAIN-1236,5000,3634,0.3391602052736161,0.3391602052736161,1,1.0
nfcorpus,0,PLAIN-1249,10,20,0.0,0.0,0,0.35
nfcorpus,0,PLAIN-1249,20,40,0.0,0.0,0,0.35
nfcorpus,0,PLAIN-1249,50,100,0.0,0.0,0,0.6
nfcorpus,0,PLAIN-1249,100,200,0.0,0.0,0,0.85
nfcorpus,0,PLAIN-1249,200,360,0.0,0.0,0,0.9
nfcorpus,0,PLAIN-1249,500,660,0.0,0.0,0,0.95
nfcorpus,0,PLAIN-1249,1000,1160,0.0,0.0,1,1.0
nfcorpus,0,PLAIN-1249,2000,2160,0.0,0.0,1,1.0
nfcorpus,0,PLAIN-1249,5000,3793,0.0,0.0,1,1.0
nfcorpus,0,PLAIN-1262,10,20,0.424926013816671,0.424926013816671,0,0.55
nfcorpus,0,PLAIN-1262,20,40,0.424926013816671,0.424926013816671,0,0.65
nfcorpus,0,PLAIN-1262,50,100,0.424926013816671,0.424926013816671,0,0.9
nfcorpus,0,PLAIN-1262,100,200,0.424926013816671,0.424926013816671,1,1.0
nfcorpus,0,PLAIN-1262,200,400,0.424926013816671,0.424926013816671,1,1.0
nfcorpus,0,PLAIN-1262,500,1000,0.424926013816671,0.424926013816671,1,1.0
nfcorpus,0,PLAIN-1262,1000,2000,0.424926013816671,0.424926013816671,1,1.0
nfcorpus,0,PLAIN-1262,2000,4000,0.424926013816671,0.424926013816671,1,1.0
nfcorpus,0,PLAIN-1262,5000,6437,0.424926013816671,0.424926013816671,1,1.0
nfcorpus,0,PLAIN-1275,10,20,0.623574432899073,0.538431315257452,0,0.6
nfcorpus,0,PLAIN-1275,20,40,0.604685538711841,0.538431315257452,0,0.65
nfcorpus,0,PLAIN-1275,50,96,0.538431315257452,0.538431315257452,0,0.95
nfcorpus,0,PLAIN-1275,100,146,0.538431315257452,0.538431315257452,1,1.0
nfcorpus,0,PLAIN-1275,200,246,0.538431315257452,0.538431315257452,1,1.0
nfcorpus,0,PLAIN-1275,500,546,0.538431315257452,0.538431315257452,1,1.0
nfcorpus,0,PLAIN-1275,1000,1046,0.538431315257452,0.538431315257452,1,1.0
nfcorpus,0,PLAIN-1275,2000,2046,0.538431315257452,0.538431315257452,1,1.0
nfcorpus,0,PLAIN-1275,5000,3679,0.538431315257452,0.538431315257452,1,1.0
nfcorpus,0,PLAIN-1288,10,20,0.7600791051976191,0.8899541168509599,0,0.6
nfcorpus,0,PLAIN-1288,20,40,0.8899541168509599,0.8899541168509599,0,0.65
nfcorpus,0,PLAIN-1288,50,79,0.8899541168509599,0.8899541168509599,0,0.9
nfcorpus,0,PLAIN-1288,100,129,0.8899541168509599,0.8899541168509599,1,1.0
nfcorpus,0,PLAIN-1288,200,229,0.8899541168509599,0.8899541168509599,1,1.0
nfcorpus,0,PLAIN-1288,500,529,0.8899541168509599,0.8899541168509599,1,1.0
nfcorpus,0,PLAIN-1288,1000,1029,0.8899541168509599,0.8899541168509599,1,1.0
nfcorpus,0,PLAIN-1288,2000,2029,0.8899541168509599,0.8899541168509599,1,1.0
nfcorpus,0,PLAIN-1288,5000,3662,0.8899541168509599,0.8899541168509599,1,1.0
nfcorpus,0,PLAIN-1299,10,20,0.06943122193677727,0.15850703974098102,0,0.55
nfcorpus,0,PLAIN-1299,20,40,0.08514311764162098,0.15850703974098102,0,0.7
nfcorpus,0,PLAIN-1299,50,100,0.15850703974098102,0.15850703974098102,0,0.85
nfcorpus,0,PLAIN-1299,100,200,0.15850703974098102,0.15850703974098102,1,1.0
nfcorpus,0,PLAIN-1299,200,400,0.15850703974098102,0.15850703974098102,1,1.0
nfcorpus,0,PLAIN-1299,500,912,0.15850703974098102,0.15850703974098102,1,1.0
nfcorpus,0,PLAIN-1299,1000,1412,0.15850703974098102,0.15850703974098102,1,1.0
nfcorpus,0,PLAIN-1299,2000,2412,0.15850703974098102,0.15850703974098102,1,1.0
nfcorpus,0,PLAIN-1299,5000,4045,0.15850703974098102,0.15850703974098102,1,1.0
nfcorpus,0,PLAIN-1309,10,10,0.0,0.0,0,0.5
nfcorpus,0,PLAIN-1309,20,20,0.0,0.0,1,1.0
nfcorpus,0,PLAIN-1309,50,50,0.0,0.0,1,1.0
nfcorpus,0,PLAIN-1309,100,100,0.0,0.0,1,1.0
nfcorpus,0,PLAIN-1309,200,200,0.0,0.0,1,1.0
nfcorpus,0,PLAIN-1309,500,500,0.0,0.0,1,1.0
nfcorpus,0,PLAIN-1309,1000,1000,0.0,0.0,1,1.0
nfcorpus,0,PLAIN-1309,2000,2000,0.0,0.0,1,1.0
nfcorpus,0,PLAIN-1309,5000,3633,0.0,0.0,1,1.0
nfcorpus,0,PLAIN-1320,10,20,0.22578419899983798,0.18833918526767934,0,0.65
nfcorpus,0,PLAIN-1320,20,40,0.09546043308946735,0.18833918526767934,0,0.7
nfcorpus,0,PLAIN-1320,50,100,0.18833918526767934,0.18833918526767934,0,0.8
nfcorpus,0,PLAIN-1320,100,200,0.18833918526767934,0.18833918526767934,1,1.0
nfcorpus,0,PLAIN-1320,200,400,0.18833918526767934,0.18833918526767934,1,1.0
nfcorpus,0,PLAIN-1320,500,1000,0.18833918526767934,0.18833918526767934,1,1.0
nfcorpus,0,PLAIN-1320,1000,2000,0.18833918526767934,0.18833918526767934,1,1.0
nfcorpus,0,PLAIN-1320,2000,4000,0.18833918526767934,0.18833918526767934,1,1.0
nfcorpus,0,PLAIN-1320,5000,6074,0.18833918526767934,0.18833918526767934,1,1.0
nfcorpus,0,PLAIN-133,10,20,0.10327064981393905,0.19213550754721007,0,0.6
nfcorpus,0,PLAIN-133,20,40,0.10327064981393905,0.19213550754721007,0,0.6
nfcorpus,0,PLAIN-133,50,100,0.11496943328345771,0.19213550754721007,0,0.75
nfcorpus,0,PLAIN-133,100,200,0.11496943328345771,0.19213550754721007,0,0.75
nfcorpus,0,PLAIN-133,200,400,0.19213550754721007,0.19213550754721007,0,0.8
nfcorpus,0,PLAIN-133,500,1000,0.19213550754721007,0.19213550754721007,0,0.85
nfcorpus,0,PLAIN-133,1000,1697,0.19213550754721007,0.19213550754721007,0,0.95
nfcorpus,0,PLAIN-133,2000,2697,0.19213550754721007,0.19213550754721007,0,0.95
nfcorpus,0,PLAIN-133,5000,4330,0.19213550754721007,0.19213550754721007,1,1.0
nfcorpus,0,PLAIN-1331,10,13,0.0,0.0,0,0.65
nfcorpus,0,PLAIN-1331,20,23,0.0,0.0,0,1.0
nfcorpus,0,PLAIN-1331,50,53,0.0,0.0,0,1.0
nfcorpus,0,PLAIN-1331,100,103,0.0,0.0,0,1.0
nfcorpus,0,PLAIN-1331,200,203,0.0,0.0,0,1.0
nfcorpus,0,PLAIN-1331,500,503,0.0,0.0,0,1.0
nfcorpus,0,PLAIN-1331,1000,1003,0.0,0.0,0,1.0
nfcorpus,0,PLAIN-1331,2000,2003,0.0,0.0,1,1.0
nfcorpus,0,PLAIN-1331,5000,3636,0.0,0.0,1,1.0
nfcorpus,0,PLAIN-1342,10,20,0.41528076708874123,0.545155778742082,0,0.6
nfcorpus,0,PLAIN-1342,20,40,0.545155778742082,0.545155778742082,0,0.75
nfcorpus,0,PLAIN-1342,50,100,0.545155778742082,0.545155778742082,0,0.95
nfcorpus,0,PLAIN-1342,100,162,0.545155778742082,0.545155778742082,1,1.0
nfcorpus,0,PLAIN-1342,200,262,0.545155778742082,0.545155778742082,1,1.0
nfcorpus,0,PLAIN-1342,500,562,0.545155778742082,0.545155778742082,1,1.0
nfcorpus,0,PLAIN-1342,1000,1062,0.545155778742082,0.545155778742082,1,1.0
nfcorpus,0,PLAIN-1342,2000,2062,0.545155778742082,0.545155778742082,1,1.0
nfcorpus,0,PLAIN-1342,5000,3695,0.545155778742082,0.545155778742082,1,1.0
nfcorpus,0,PLAIN-1353,10,12,0.0,0.0,0,0.55
nfcorpus,0,PLAIN-1353,20,22,0.0,0.0,0,1.0
nfcorpus,0,PLAIN-1353,50,52,0.0,0.0,0,1.0
nfcorpus,0,PLAIN-1353,100,102,0.0,0.0,0,1.0
nfcorpus,0,PLAIN-1353,200,202,0.0,0.0,0,1.0
nfcorpus,0,PLAIN-1353,500,502,0.0,0.0,0,1.0
nfcorpus,0,PLAIN-1353,1000,1002,0.0,0.0,1,1.0
nfcorpus,0,PLAIN-1353,2000,2002,0.0,0.0,1,1.0
nfcorpus,0,PLAIN-1353,5000,3635,0.0,0.0,1,1.0
nfcorpus,0,PLAIN-1363,10,11,0.3647442587311445,0.3647442587311445,0,0.5
nfcorpus,0,PLAIN-1363,20,21,0.3647442587311445,0.3647442587311445,1,1.0
nfcorpus,0,PLAIN-1363,50,51,0.3647442587311445,0.3647442587311445,1,1.0
nfcorpus,0,PLAIN-1363,100,101,0.3647442587311445,0.3647442587311445,1,1.0
nfcorpus,0,PLAIN-1363,200,201,0.3647442587311445,0.3647442587311445,1,1.0
nfcorpus,0,PLAIN-1363,500,501,0.3647442587311445,0.3647442587311445,1,1.0
nfcorpus,0,PLAIN-1363,1000,1001,0.3647442587311445,0.3647442587311445,1,1.0
nfcorpus,0,PLAIN-1363,2000,2001,0.3647442587311445,0.3647442587311445,1,1.0
nfcorpus,0,PLAIN-1363,5000,3634,0.3647442587311445,0.3647442587311445,1,1.0
nfcorpus,0,PLAIN-1374,10,20,0.0,0.0,0,0.4
nfcorpus,0,PLAIN-1374,20,40,0.0,0.0,0,0.4
nfcorpus,0,PLAIN-1374,50,100,0.0,0.0,0,0.75
nfcorpus,0,PLAIN-1374,100,200,0.0,0.0,1,1.0
nfcorpus,0,PLAIN-1374,200,400,0.0,0.0,1,1.0
nfcorpus,0,PLAIN-1374,500,807,0.0,0.0,1,1.0
nfcorpus,0,PLAIN-1374,1000,1307,0.0,0.0,1,1.0
nfcorpus,0,PLAIN-1374,2000,2307,0.0,0.0,1,1.0
nfcorpus,0,PLAIN-1374,5000,3940,0.0,0.0,1,1.0
nfcorpus,0,PLAIN-1387,10,20,0.5637884576902256,0.7788065869851872,0,0.75
nfcorpus,0,PLAIN-1387,20,37,0.6489315753318465,0.7788065869851872,0,0.85
nfcorpus,0,PLAIN-1387,50,67,0.6489315753318465,0.7788065869851872,0,0.85
nfcorpus,0,PLAIN-1387,100,117,0.7151857987862356,0.7788065869851872,0,0.9
nfcorpus,0,PLAIN-1387,200,217,0.7788065869851872,0.7788065869851872,0,0.9
nfcorpus,0,PLAIN-1387,500,517,0.7788065869851872,0.7788065869851872,0,0.9
nfcorpus,0,PLAIN-1387,1000,1017,0.7788065869851872,0.7788065869851872,1,1.0
nfcorpus,0,PLAIN-1387,2000,2017,0.7788065869851872,0.7788065869851872,1,1.0
nfcorpus,0,PLAIN-1387,5000,3650,0.7788065869851872,0.7788065869851872,1,1.0
nfcorpus,0,PLAIN-1398,10,20,1.0,1.0,0,0.75
nfcorpus,0,PLAIN-1398,20,40,1.0,1.0,0,0.95
nfcorpus,0,PLAIN-1398,50,100,1.0,1.0,1,1.0
nfcorpus,0,PLAIN-1398,100,200,1.0,1.0,1,1.0
nfcorpus,0,PLAIN-1398,200,400,1.0,1.0,1,1.0
nfcorpus,0,PLAIN-1398,500,1000,1.0,1.0,1,1.0
nfcorpus,0,PLAIN-1398,1000,1899,1.0,1.0,1,1.0
nfcorpus,0,PLAIN-1398,2000,2899,1.0,1.0,1,1.0
nfcorpus,0,PLAIN-1398,5000,4532,1.0,1.0,1,1.0
nfcorpus,0,PLAIN-1409,10,20,0.2489083270225946,0.09478836436955078,0,0.55
nfcorpus,0,PLAIN-1409,20,40,0.17993148201117176,0.09478836436955078,0,0.55
nfcorpus,0,PLAIN-1409,50,100,0.3088720787393924,0.09478836436955078,0,0.55
nfcorpus,0,PLAIN-1409,100,200,0.09478836436955078,0.09478836436955078,0,0.8
nfcorpus,0,PLAIN-1409,200,343,0.09478836436955078,0.09478836436955078,1,1.0
nfcorpus,0,PLAIN-1409,500,643,0.09478836436955078,0.09478836436955078,1,1.0
nfcorpus,0,PLAIN-1409,1000,1143,0.09478836436955078,0.09478836436955078,1,1.0
nfcorpus,0,PLAIN-1409,2000,2143,0.09478836436955078,0.09478836436955078,1,1.0
nfcorpus,0,PLAIN-1409,5000,3776,0.09478836436955078,0.09478836436955078,1,1.0
nfcorpus,0,PLAIN-1419,10,18,0.601572065456638,0.5836175861945262,0,0.85
nfcorpus,0,PLAIN-1419,20,28,0.601572065456638,0.5836175861945262,0,1.0
nfcorpus,0,PLAIN-1419,50,58,0.601572065456638,0.5836175861945262,0,1.0
nfcorpus,0,PLAIN-1419,100,108,0.601572065456638,0.5836175861945262,0,1.0
nfcorpus,0,PLAIN-1419,200,208,0.6651928536555898,0.5836175861945262,0,1.0
nfcorpus,0,PLAIN-1419,500,508,0.6530488081313035,0.5836175861945262,0,1.0
nfcorpus,0,PLAIN-1419,1000,1008,0.6530488081313035,0.5836175861945262,0,1.0
nfcorpus,0,PLAIN-1419,2000,2008,0.5836175861945262,0.5836175861945262,1,1.0
nfcorpus,0,PLAIN-1419,5000,3641,0.5836175861945262,0.5836175861945262,1,1.0
nfcorpus,0,PLAIN-1429,10,20,0.0,0.0,0,0.45
nfcorpus,0,PLAIN-1429,20,40,0.0,0.0,0,0.5
nfcorpus,0,PLAIN-1429,50,100,0.0,0.0,0,0.7
nfcorpus,0,PLAIN-1429,100,200,0.0,0.0,0,0.9
nfcorpus,0,PLAIN-1429,200,400,0.0,0.0,1,1.0
nfcorpus,0,PLAIN-1429,500,1000,0.0,0.0,1,1.0
nfcorpus,0,PLAIN-1429,1000,2000,0.0,0.0,1,1.0
nfcorpus,0,PLAIN-1429,2000,4000,0.0,0.0,1,1.0
nfcorpus,0,PLAIN-1429,5000,6352,0.0,0.0,1,1.0
nfcorpus,0,PLAIN-143,10,20,0.6062137188643683,0.5485235712553669,0,0.35
nfcorpus,0,PLAIN-143,20,40,0.5542974930850709,0.5485235712553669,0,0.4
nfcorpus,0,PLAIN-143,50,100,0.5485235712553669,0.5485235712553669,0,0.9
nfcorpus,0,PLAIN-143,100,200,0.5485235712553669,0.5485235712553669,0,0.95
nfcorpus,0,PLAIN-143,200,392,0.5485235712553669,0.5485235712553669,0,0.95
nfcorpus,0,PLAIN-143,500,692,0.5485235712553669,0.5485235712553669,1,1.0
nfcorpus,0,PLAIN-143,1000,1192,0.5485235712553669,0.5485235712553669,1,1.0
nfcorpus,0,PLAIN-143,2000,2192,0.5485235712553669,0.5485235712553669,1,1.0
nfcorpus,0,PLAIN-143,5000,3825,0.5485235712553669,0.5485235712553669,1,1.0
nfcorpus,0,PLAIN-1441,10,20,0.6843830725976618,0.6207622843987102,0,0.65
nfcorpus,0,PLAIN-1441,20,40,0.6843830725976618,0.6207622843987102,0,0.8
nfcorpus,0,PLAIN-1441,50,100,0.6207622843987102,0.6207622843987102,0,0.95
nfcorpus,0,PLAIN-1441,100,160,0.6207622843987102,0.6207622843987102,1,1.0
nfcorpus,0,PLAIN-1441,200,260,0.6207622843987102,0.6207622843987102,1,1.0
nfcorpus,0,PLAIN-1441,500,560,0.6207622843987102,0.6207622843987102,1,1.0
nfcorpus,0,PLAIN-1441,1000,1060,0.6207622843987102,0.6207622843987102,1,1.0
nfcorpus,0,PLAIN-1441,2000,2060,0.6207622843987102,0.6207622843987102,1,1.0
nfcorpus,0,PLAIN-1441,5000,3693,0.6207622843987102,0.6207622843987102,1,1.0
nfcorpus,0,PLAIN-1453,10,20,0.5743371894486218,0.8415908474314974,0,0.5
nfcorpus,0,PLAIN-1453,20,40,0.6994739030813919,0.8415908474314974,0,0.55
nfcorpus,0,PLAIN-1453,50,100,0.8415908474314974,0.8415908474314974,0,0.65
nfcorpus,0,PLAIN-1453,100,200,0.8415908474314974,0.8415908474314974,0,0.8
nfcorpus,0,PLAIN-1453,200,400,0.8415908474314974,0.8415908474314974,0,0.95
nfcorpus,0,PLAIN-1453,500,1000,0.8415908474314974,0.8415908474314974,1,1.0
nfcorpus,0,PLAIN-1453,1000,2000,0.8415908474314974,0.8415908474314974,1,1.0
nfcorpus,0,PLAIN-1453,2000,3011,0.8415908474314974,0.8415908474314974,1,1.0
nfcorpus,0,PLAIN-1453,5000,4644,0.8415908474314974,0.8415908474314974,1,1.0
nfcorpus,0,PLAIN-1463,10,20,0.36885567213865283,0.44988737637276544,0,0.65
nfcorpus,0,PLAIN-1463,20,40,0.4530643748551537,0.44988737637276544,0,0.75
nfcorpus,0,PLAIN-1463,50,100,0.44988737637276544,0.44988737637276544,1,1.0
nfcorpus,0,PLAIN-1463,100,200,0.44988737637276544,0.44988737637276544,1,1.0
nfcorpus,0,PLAIN-1463,200,324,0.44988737637276544,0.44988737637276544,1,1.0
nfcorpus,0,PLAIN-1463,500,624,0.44988737637276544,0.44988737637276544,1,1.0
nfcorpus,0,PLAIN-1463,1000,1124,0.44988737637276544,0.44988737637276544,1,1.0
nfcorpus,0,PLAIN-1463,2000,2124,0.44988737637276544,0.44988737637276544,1,1.0
nfcorpus,0,PLAIN-1463,5000,3757,0.44988737637276544,0.44988737637276544,1,1.0
nfcorpus,0,PLAIN-1473,10,11,0.6309297535714575,1.0,0,0.55
nfcorpus,0,PLAIN-1473,20,21,0.6309297535714575,1.0,0,1.0
nfcorpus,0,PLAIN-1473,50,51,1.0,1.0,1,1.0
nfcorpus,0,PLAIN-1473,100,101,1.0,1.0,1,1.0
nfcorpus,0,PLAIN-1473,200,201,1.0,1.0,1,1.0
nfcorpus,0,PLAIN-1473,500,501,1.0,1.0,1,1.0
nfcorpus,0,PLAIN-1473,1000,1001,1.0,1.0,1,1.0
nfcorpus,0,PLAIN-1473,2000,2001,1.0,1.0,1,1.0
nfcorpus,0,PLAIN-1473,5000,3634,1.0,1.0,1,1.0
nfcorpus,0,PLAIN-1485,10,11,0.0,0.0,0,0.5
nfcorpus,0,PLAIN-1485,20,21,0.0,0.0,1,1.0
nfcorpus,0,PLAIN-1485,50,51,0.0,0.0,1,1.0
nfcorpus,0,PLAIN-1485,100,101,0.0,0.0,1,1.0
nfcorpus,0,PLAIN-1485,200,201,0.0,0.0,1,1.0
nfcorpus,0,PLAIN-1485,500,501,0.0,0.0,1,1.0
nfcorpus,0,PLAIN-1485,1000,1001,0.0,0.0,1,1.0
nfcorpus,0,PLAIN-1485,2000,2001,0.0,0.0,1,1.0
nfcorpus,0,PLAIN-1485,5000,3634,0.0,0.0,1,1.0
nfcorpus,0,PLAIN-1496,10,12,0.0,0.0,0,0.6
nfcorpus,0,PLAIN-1496,20,22,0.0,0.0,0,1.0
nfcorpus,0,PLAIN-1496,50,52,0.0,0.0,0,1.0
nfcorpus,0,PLAIN-1496,100,102,0.0,0.0,0,1.0
nfcorpus,0,PLAIN-1496,200,202,0.0,0.0,0,1.0
nfcorpus,0,PLAIN-1496,500,502,0.0,0.0,1,1.0
nfcorpus,0,PLAIN-1496,1000,1002,0.0,0.0,1,1.0
nfcorpus,0,PLAIN-1496,2000,2002,0.0,0.0,1,1.0
nfcorpus,0,PLAIN-1496,5000,3635,0.0,0.0,1,1.0
nfcorpus,0,PLAIN-1506,10,17,0.2863459897524692,0.30523488393970116,0,0.75
nfcorpus,0,PLAIN-1506,20,27,0.2863459897524692,0.30523488393970116,0,1.0
nfcorpus,0,PLAIN-1506,50,57,0.2863459897524692,0.30523488393970116,0,1.0
nfcorpus,0,PLAIN-1506,100,107,0.2863459897524692,0.30523488393970116,0,1.0
nfcorpus,0,PLAIN-1506,200,207,0.30523488393970116,0.30523488393970116,0,1.0
nfcorpus,0,PLAIN-1506,500,507,0.30523488393970116,0.30523488393970116,0,1.0
nfcorpus,0,PLAIN-1506,1000,1007,0.30523488393970116,0.30523488393970116,0,1.0
nfcorpus,0,PLAIN-1506,2000,2007,0.30523488393970116,0.30523488393970116,1,1.0
nfcorpus,0,PLAIN-1506,5000,3640,0.30523488393970116,0.30523488393970116,1,1.0
nfcorpus,0,PLAIN-1516,10,12,0.0,0.0,0,0.5
nfcorpus,0,PLAIN-1516,20,22,0.0,0.0,1,1.0
nfcorpus,0,PLAIN-1516,50,52,0.0,0.0,1,1.0
nfcorpus,0,PLAIN-1516,100,102,0.0,0.0,1,1.0
nfcorpus,0,PLAIN-1516,200,202,0.0,0.0,1,1.0
nfcorpus,0,PLAIN-1516,500,502,0.0,0.0,1,1.0
nfcorpus,0,PLAIN-1516,1000,1002,0.0,0.0,1,1.0
nfcorpus,0,PLAIN-1516,2000,2002,0.0,0.0,1,1.0
nfcorpus,0,PLAIN-1516,5000,3635,0.0,0.0,1,1.0
nfcorpus,0,PLAIN-1527,10,20,0.9363792118010481,1.0,0,0.55
nfcorpus,0,PLAIN-1527,20,40,1.0,1.0,0,0.75
nfcorpus,0,PLAIN-1527,50,100,1.0,1.0,1,1.0
nfcorpus,0,PLAIN-1527,100,200,1.0,1.0,1,1.0
nfcorpus,0,PLAIN-1527,200,400,1.0,1.0,1,1.0
nfcorpus,0,PLAIN-1527,500,1000,1.0,1.0,1,1.0
nfcorpus,0,PLAIN-1527,1000,2000,1.0,1.0,1,1.0
nfcorpus,0,PLAIN-1527,2000,3236,1.0,1.0,1,1.0
nfcorpus,0,PLAIN-1527,5000,4869,1.0,1.0,1,1.0
nfcorpus,0,PLAIN-153,10,20,0.7402521670390013,0.8855675045022481,0,0.8
nfcorpus,0,PLAIN-153,20,40,0.9398701604864067,0.8855675045022481,0,0.85
nfcorpus,0,PLAIN-153,50,100,0.8855675045022481,0.8855675045022481,1,1.0
nfcorpus,0,PLAIN-153,100,200,0.8855675045022481,0.8855675045022481,1,1.0
nfcorpus,0,PLAIN-153,200,400,0.8855675045022481,0.8855675045022481,1,1.0
nfcorpus,0,PLAIN-153,500,1000,0.8855675045022481,0.8855675045022481,1,1.0
nfcorpus,0,PLAIN-153,1000,1731,0.8855675045022481,0.8855675045022481,1,1.0
nfcorpus,0,PLAIN-153,2000,2731,0.8855675045022481,0.8855675045022481,1,1.0
nfcorpus,0,PLAIN-153,5000,4364,0.8855675045022481,0.8855675045022481,1,1.0
nfcorpus,0,PLAIN-1537,10,20,0.39673781793804724,0.3845937724137609,0,0.7
nfcorpus,0,PLAIN-1537,20,40,0.31516255047698366,0.3845937724137609,0,0.7
nfcorpus,0,PLAIN-1537,50,100,0.3845937724137609,0.3845937724137609,0,0.9
nfcorpus,0,PLAIN-1537,100,200,0.3845937724137609,0.3845937724137609,0,0.95
nfcorpus,0,PLAIN-1537,200,400,0.3845937724137609,0.3845937724137609,1,1.0
nfcorpus,0,PLAIN-1537,500,1000,0.3845937724137609,0.3845937724137609,1,1.0
nfcorpus,0,PLAIN-1537,1000,2000,0.3845937724137609,0.3845937724137609,1,1.0
nfcorpus,0,PLAIN-1537,2000,3419,0.3845937724137609,0.3845937724137609,1,1.0
nfcorpus,0,PLAIN-1537,5000,5052,0.3845937724137609,0.3845937724137609,1,1.0
nfcorpus,0,PLAIN-1547,10,20,0.0,0.0,0,0.55
nfcorpus,0,PLAIN-1547,20,40,0.0,0.0,0,0.55
nfcorpus,0,PLAIN-1547,50,100,0.0,0.0,0,0.6
nfcorpus,0,PLAIN-1547,100,200,0.0,0.0,0,0.8
nfcorpus,0,PLAIN-1547,200,400,0.0,0.0,0,0.75
nfcorpus,0,PLAIN-1547,500,1000,0.0,0.0,0,0.95
nfcorpus,0,PLAIN-1547,1000,2000,0.0,0.0,1,1.0
nfcorpus,0,PLAIN-1547,2000,3151,0.0,0.0,1,1.0
nfcorpus,0,PLAIN-1547,5000,4784,0.0,0.0,1,1.0
nfcorpus,0,PLAIN-1557,10,20,0.29727159644205703,0.29727159644205703,0,0.6
nfcorpus,0,PLAIN-1557,20,40,0.29727159644205703,0.29727159644205703,0,0.6
nfcorpus,0,PLAIN-1557,50,79,0.23365080824310533,0.29727159644205703,0,0.65
nfcorpus,0,PLAIN-1557,100,129,0.23365080824310533,0.29727159644205703,0,0.65
nfcorpus,0,PLAIN-1557,200,229,0.23365080824310533,0.29727159644205703,0,0.75
nfcorpus,0,PLAIN-1557,500,529,0.29727159644205703,0.29727159644205703,0,0.95
nfcorpus,0,PLAIN-1557,1000,1029,0.29727159644205703,0.29727159644205703,1,1.0
nfcorpus,0,PLAIN-1557,2000,2029,0.29727159644205703,0.29727159644205703,1,1.0
nfcorpus,0,PLAIN-1557,5000,3662,0.29727159644205703,0.29727159644205703,1,1.0
nfcorpus,0,PLAIN-1568,10,20,1.0,1.0,0,0.7
nfcorpus,0,PLAIN-1568,20,33,1.0,1.0,0,1.0
nfcorpus,0,PLAIN-1568,50,63,1.0,1.0,0,1.0
nfcorpus,0,PLAIN-1568,100,113,1.0,1.0,0,1.0
nfcorpus,0,PLAIN-1568,200,213,1.0,1.0,0,1.0
nfcorpus,0,PLAIN-1568,500,513,1.0,1.0,0,1.0
nfcorpus,0,PLAIN-1568,1000,1013,1.0,1.0,1,1.0
nfcorpus,0,PLAIN-1568,2000,2013,1.0,1.0,1,1.0
nfcorpus,0,PLAIN-1568,5000,3646,1.0,1.0,1,1.0
nfcorpus,0,PLAIN-1579,10,12,0.3391602052736161,0.3391602052736161,0,0.55
nfcorpus,0,PLAIN-1579,20,22,0.3391602052736161,0.3391602052736161,0,1.0
nfcorpus,0,PLAIN-1579,50,52,0.3391602052736161,0.3391602052736161,0,1.0
nfcorpus,0,PLAIN-1579,100,102,0.3391602052736161,0.3391602052736161,1,1.0
nfcorpus,0,PLAIN-1579,200,202,0.3391602052736161,0.3391602052736161,1,1.0
nfcorpus,0,PLAIN-1579,500,502,0.3391602052736161,0.3391602052736161,1,1.0
nfcorpus,0,PLAIN-1579,1000,1002,0.3391602052736161,0.3391602052736161,1,1.0
nfcorpus,0,PLAIN-1579,2000,2002,0.3391602052736161,0.3391602052736161,1,1.0
nfcorpus,0,PLAIN-1579,5000,3635,0.3391602052736161,0.3391602052736161,1,1.0
nfcorpus,0,PLAIN-1590,10,20,0.09478836436955078,0.09478836436955078,0,0.5
nfcorpus,0,PLAIN-1590,20,40,0.09478836436955078,0.09478836436955078,0,0.55
nfcorpus,0,PLAIN-1590,50,100,0.09478836436955078,0.09478836436955078,0,0.95
nfcorpus,0,PLAIN-1590,100,200,0.09478836436955078,0.09478836436955078,1,1.0
nfcorpus,0,PLAIN-1590,200,400,0.09478836436955078,0.09478836436955078,1,1.0
nfcorpus,0,PLAIN-1590,500,805,0.09478836436955078,0.09478836436955078,1,1.0
nfcorpus,0,PLAIN-1590,1000,1305,0.09478836436955078,0.09478836436955078,1,1.0
nfcorpus,0,PLAIN-1590,2000,2305,0.09478836436955078,0.09478836436955078,1,1.0
nfcorpus,0,PLAIN-1590,5000,3938,0.09478836436955078,0.09478836436955078,1,1.0
nfcorpus,0,PLAIN-1601,10,20,0.7097402150304354,0.5766882048947064,0,0.5
nfcorpus,0,PLAIN-1601,20,40,0.6429424283490954,0.5766882048947064,0,0.7
nfcorpus,0,PLAIN-1601,50,94,0.5766882048947064,0.5766882048947064,0,0.85
nfcorpus,0,PLAIN-1601,100,144,0.5766882048947064,0.5766882048947064,1,1.0
nfcorpus,0,PLAIN-1601,200,244,0.5766882048947064,0.5766882048947064,1,1.0
nfcorpus,0,PLAIN-1601,500,544,0.5766882048947064,0.5766882048947064,1,1.0
nfcorpus,0,PLAIN-1601,1000,1044,0.5766882048947064,0.5766882048947064,1,1.0
nfcorpus,0,PLAIN-1601,2000,2044,0.5766882048947064,0.5766882048947064,1,1.0
nfcorpus,0,PLAIN-1601,5000,3677,0.5766882048947064,0.5766882048947064,1,1.0
nfcorpus,0,PLAIN-1611,10,10,0.0,0.0,0,0.5
nfcorpus,0,PLAIN-1611,20,20,0.0,0.0,1,1.0
nfcorpus,0,PLAIN-1611,50,50,0.0,0.0,1,1.0
nfcorpus,0,PLAIN-1611,100,100,0.0,0.0,1,1.0
nfcorpus,0,PLAIN-1611,200,200,0.0,0.0,1,1.0
nfcorpus,0,PLAIN-1611,500,500,0.0,0.0,1,1.0
nfcorpus,0,PLAIN-1611,1000,1000,0.0,0.0,1,1.0
nfcorpus,0,PLAIN-1611,2000,2000,0.0,0.0,1,1.0
nfcorpus,0,PLAIN-1611,5000,3633,0.0,0.0,1,1.0
nfcorpus,0,PLAIN-1621,10,10,0.0,0.0,0,0.5
nfcorpus,0,PLAIN-1621,20,20,0.0,0.0,1,1.0
nfcorpus,0,PLAIN-1621,50,50,0.0,0.0,1,1.0
nfcorpus,0,PLAIN-1621,100,100,0.0,0.0,1,1.0
nfcorpus,0,PLAIN-1621,200,200,0.0,0.0,1,1.0
nfcorpus,0,PLAIN-1621,500,500,0.0,0.0,1,1.0
nfcorpus,0,PLAIN-1621,1000,1000,0.0,0.0,1,1.0
nfcorpus,0,PLAIN-1621,2000,2000,0.0,0.0,1,1.0
nfcorpus,0,PLAIN-1621,5000,3633,0.0,0.0,1,1.0
nfcorpus,0,PLAIN-1635,10,20,0.5391870169376466,0.6528642754944294,0,0.65
nfcorpus,0,PLAIN-1635,20,40,0.7312625444731046,0.6528642754944294,0,0.8
nfcorpus,0,PLAIN-1635,50,100,0.6528642754944294,0.6528642754944294,1,1.0
nfcorpus,0,PLAIN-1635,100,200,0.6528642754944294,0.6528642754944294,1,1.0
nfcorpus,0,PLAIN-1635,200,369,0.6528642754944294,0.6528642754944294,1,1.0
nfcorpus,0,PLAIN-1635,500,669,0.6528642754944294,0.6528642754944294,1,1.0
nfcorpus,0,PLAIN-1635,1000,1169,0.6528642754944294,0.6528642754944294,1,1.0
nfcorpus,0,PLAIN-1635,2000,2169,0.6528642754944294,0.6528642754944294,1,1.0
nfcorpus,0,PLAIN-1635,5000,3802,0.6528642754944294,0.6528642754944294,1,1.0
nfcorpus,0,PLAIN-1645,10,11,0.3026024134988135,0.3026024134988135,0,0.5
nfcorpus,0,PLAIN-1645,20,21,0.3026024134988135,0.3026024134988135,1,1.0
nfcorpus,0,PLAIN-1645,50,51,0.3026024134988135,0.3026024134988135,1,1.0
nfcorpus,0,PLAIN-1645,100,101,0.3026024134988135,0.3026024134988135,1,1.0
nfcorpus,0,PLAIN-1645,200,201,0.3026024134988135,0.3026024134988135,1,1.0
nfcorpus,0,PLAIN-1645,500,501,0.3026024134988135,0.3026024134988135,1,1.0
nfcorpus,0,PLAIN-1645,1000,1001,0.3026024134988135,0.3026024134988135,1,1.0
nfcorpus,0,PLAIN-1645,2000,2001,0.3026024134988135,0.3026024134988135,1,1.0
nfcorpus,0,PLAIN-1645,5000,3634,0.3026024134988135,0.3026024134988135,1,1.0
nfcorpus,0,PLAIN-165,10,20,0.35645210356634877,0.4514950829293673,0,0.5
nfcorpus,0,PLAIN-165,20,40,0.4514950829293673,0.4514950829293673,0,0.65
nfcorpus,0,PLAIN-165,50,100,0.4514950829293673,0.4514950829293673,0,0.8
nfcorpus,0,PLAIN-165,100,200,0.4514950829293673,0.4514950829293673,0,0.95
nfcorpus,0,PLAIN-165,200,400,0.4514950829293673,0.4514950829293673,1,1.0
nfcorpus,0,PLAIN-165,500,1000,0.4514950829293673,0.4514950829293673,1,1.0
nfcorpus,0,PLAIN-165,1000,2000,0.4514950829293673,0.4514950829293673,1,1.0
nfcorpus,0,PLAIN-165,2000,3207,0.4514950829293673,0.4514950829293673,1,1.0
nfcorpus,0,PLAIN-165,5000,4840,0.4514950829293673,0.4514950829293673,1,1.0
nfcorpus,0,PLAIN-1656,10,20,0.08514311764162098,0.13886244387355454,0,0.55
nfcorpus,0,PLAIN-1656,20,40,0.13886244387355454,0.13886244387355454,0,0.65
nfcorpus,0,PLAIN-1656,50,100,0.13886244387355454,0.13886244387355454,0,0.75
nfcorpus,0,PLAIN-1656,100,200,0.13886244387355454,0.13886244387355454,0,0.7
nfcorpus,0,PLAIN-1656,200,400,0.13886244387355454,0.13886244387355454,1,1.0
nfcorpus,0,PLAIN-1656,500,1000,0.13886244387355454,0.13886244387355454,1,1.0
nfcorpus,0,PLAIN-1656,1000,1800,0.13886244387355454,0.13886244387355454,1,1.0
nfcorpus,0,PLAIN-1656,2000,2800,0.13886244387355454,0.13886244387355454,1,1.0
nfcorpus,0,PLAIN-1656,5000,4433,0.13886244387355454,0.13886244387355454,1,1.0
nfcorpus,0,PLAIN-1667,10,20,0.8512360941594272,0.9363792118010481,0,0.45
nfcorpus,0,PLAIN-1667,20,40,0.9266360779006398,0.9363792118010481,0,0.55
nfcorpus,0,PLAIN-1667,50,100,0.9363792118010481,0.9363792118010481,0,0.7
nfcorpus,0,PLAIN-1667,100,200,0.9363792118010481,0.9363792118010481,0,0.95
nfcorpus,0,PLAIN-1667,200,400,0.9363792118010481,0.9363792118010481,1,1.0
nfcorpus,0,PLAIN-1667,500,1000,0.9363792118010481,0.9363792118010481,1,1.0
nfcorpus,0,PLAIN-1667,1000,1982,0.9363792118010481,0.9363792118010481,1,1.0
nfcorpus,0,PLAIN-1667,2000,2982,0.9363792118010481,0.9363792118010481,1,1.0
nfcorpus,0,PLAIN-1667,5000,4615,0.9363792118010481,0.9363792118010481,1,1.0
nfcorpus,0,PLAIN-1679,10,10,1.0,1.0,0,0.5
nfcorpus,0,PLAIN-1679,20,20,1.0,1.0,1,1.0
nfcorpus,0,PLAIN-1679,50,50,1.0,1.0,1,1.0
nfcorpus,0,PLAIN-1679,100,100,1.0,1.0,1,1.0
nfcorpus,0,PLAIN-1679,200,200,1.0,1.0,1,1.0
nfcorpus,0,PLAIN-1679,500,500,1.0,1.0,1,1.0
nfcorpus,0,PLAIN-1679,1000,1000,1.0,1.0,1,1.0
nfcorpus,0,PLAIN-1679,2000,2000,1.0,1.0,1,1.0
nfcorpus,0,PLAIN-1679,5000,3633,1.0,1.0,1,1.0
nfcorpus,0,PLAIN-1690,10,20,0.0,0.0,0,0.4
nfcorpus,0,PLAIN-1690,20,40,0.0,0.0,0,0.45
nfcorpus,0,PLAIN-1690,50,100,0.0,0.0,0,0.5
nfcorpus,0,PLAIN-1690,100,200,0.0,0.0,0,0.65
nfcorpus,0,PLAIN-1690,200,400,0.0,0.0,0,0.9
nfcorpus,0,PLAIN-1690,500,805,0.0,0.0,0,0.95
nfcorpus,0,PLAIN-1690,1000,1305,0.0,0.0,0,0.95
nfcorpus,0,PLAIN-1690,2000,2305,0.0,0.0,1,1.0
nfcorpus,0,PLAIN-1690,5000,3938,0.0,0.0,1,1.0
nfcorpus,0,PLAIN-1700,10,20,0.0,0.0,0,0.4
nfcorpus,0,PLAIN-1700,20,40,0.0,0.0,0,0.4
nfcorpus,0,PLAIN-1700,50,100,0.0,0.0,0,0.65
nfcorpus,0,PLAIN-1700,100,200,0.0,0.0,0,0.85
nfcorpus,0,PLAIN-1700,200,375,0.0,0.0,0,0.9
nfcorpus,0,PLAIN-1700,500,675,0.0,0.0,1,1.0
nfcorpus,0,PLAIN-1700,1000,1175,0.0,0.0,1,1.0
nfcorpus,0,PLAIN-1700,2000,2175,0.0,0.0,1,1.0
nfcorpus,0,PLAIN-1700,5000,3808,0.0,0.0,1,1.0
nfcorpus,0,PLAIN-1710,10,20,1.0,1.0,0,0.6
nfcorpus,0,PLAIN-1710,20,33,1.0,1.0,1,1.0
nfcorpus,0,PLAIN-1710,50,63,1.0,1.0,1,1.0
nfcorpus,0,PLAIN-1710,100,113,1.0,1.0,1,1.0
nfcorpus,0,PLAIN-1710,200,213,1.0,1.0,1,1.0
nfcorpus,0,PLAIN-1710,500,513,1.0,1.0,1,1.0
nfcorpus,0,PLAIN-1710,1000,1013,1.0,1.0,1,1.0
nfcorpus,0,PLAIN-1710,2000,2013,1.0,1.0,1,1.0
nfcorpus,0,PLAIN-1710,5000,3646,1.0,1.0,1,1.0
nfcorpus,0,PLAIN-1721,10,20,0.19518900079066107,0.36792125721353275,0,0.6
nfcorpus,0,PLAIN-1721,20,40,0.30523488393970116,0.36792125721353275,0,0.6
nfcorpus,0,PLAIN-1721,50,100,0.37185395737611554,0.36792125721353275,0,0.6
nfcorpus,0,PLAIN-1721,100,200,0.2984900352767555,0.36792125721353275,0,0.75
nfcorpus,0,PLAIN-1721,200,400,0.36792125721353275,0.36792125721353275,0,0.85
nfcorpus,0,PLAIN-1721,500,1000,0.36792125721353275,0.36792125721353275,0,0.95
nfcorpus,0,PLAIN-1721,1000,2000,0.36792125721353275,0.36792125721353275,0,0.95
nfcorpus,0,PLAIN-1721,2000,4000,0.36792125721353275,0.36792125721353275,1,1.0
nfcorpus,0,PLAIN-1721,5000,5997,0.36792125721353275,0.36792125721353275,1,1.0
nfcorpus,0,PLAIN-1731,10,15,0.7653606369886217,0.7653606369886217,0,0.6
nfcorpus,0,PLAIN-1731,20,25,0.7653606369886217,0.7653606369886217,0,1.0
nfcorpus,0,PLAIN-1731,50,55,0.7653606369886217,0.7653606369886217,1,1.0
nfcorpus,0,PLAIN-1731,100,105,0.7653606369886217,0.7653606369886217,1,1.0
nfcorpus,0,PLAIN-1731,200,205,0.7653606369886217,0.7653606369886217,1,1.0
nfcorpus,0,PLAIN-1731,500,505,0.7653606369886217,0.7653606369886217,1,1.0
nfcorpus,0,PLAIN-1731,1000,1005,0.7653606369886217,0.7653606369886217,1,1.0
nfcorpus,0,PLAIN-1731,2000,2005,0.7653606369886217,0.7653606369886217,1,1.0
nfcorpus,0,PLAIN-1731,5000,3638,0.7653606369886217,0.7653606369886217,1,1.0
nfcorpus,0,PLAIN-1741,10,20,1.0,1.0,0,0.7
nfcorpus,0,PLAIN-1741,20,40,1.0,1.0,0,0.9
nfcorpus,0,PLAIN-1741,50,100,1.0,1.0,1,1.0
nfcorpus,0,PLAIN-1741,100,200,1.0,1.0,1,1.0
nfcorpus,0,PLAIN-1741,200,301,1.0,1.0,1,1.0
nfcorpus,0,PLAIN-1741,500,601,1.0,1.0,1,1.0
nfcorpus,0,PLAIN-1741,1000,1101,1.0,1.0,1,1.0
nfcorpus,0,PLAIN-1741,2000,2101,1.0,1.0,1,1.0
nfcorpus,0,PLAIN-1741,5000,3734,1.0,1.0,1,1.0
nfcorpus,0,PLAIN-175,10,20,0.3535378789562507,0.36864024334781587,0,0.6
nfcorpus,0,PLAIN-175,20,40,0.3535378789562507,0.36864024334781587,0,0.6
nfcorpus,0,PLAIN-175,50,100,0.36864024334781587,0.36864024334781587,0,0.7
nfcorpus,0,PLAIN-175,100,200,0.36864024334781587,0.36864024334781587,0,0.7
nfcorpus,0,PLAIN-175,200,400,0.36864024334781587,0.36864024334781587,0,0.8
nfcorpus,0,PLAIN-175,500,1000,0.36864024334781587,0.36864024334781587,1,1.0
nfcorpus,0,PLAIN-175,1000,2000,0.36864024334781587,0.36864024334781587,1,1.0
nfcorpus,0,PLAIN-175,2000,3044,0.36864024334781587,0.36864024334781587,1,1.0
nfcorpus,0,PLAIN-175,5000,4677,0.36864024334781587,0.36864024334781587,1,1.0
nfcorpus,0,PLAIN-1752,10,10,0.0,0.0,0,0.5
nfcorpus,0,PLAIN-1752,20,20,0.0,0.0,1,1.0
nfcorpus,0,PLAIN-1752,50,50,0.0,0.0,1,1.0
nfcorpus,0,PLAIN-1752,100,100,0.0,0.0,1,1.0
nfcorpus,0,PLAIN-1752,200,200,0.0,0.0,1,1.0
nfcorpus,0,PLAIN-1752,500,500,0.0,0.0,1,1.0
nfcorpus,0,PLAIN-1752,1000,1000,0.0,0.0,1,1.0
nfcorpus,0,PLAIN-1752,2000,2000,0.0,0.0,1,1.0
nfcorpus,0,PLAIN-1752,5000,3633,0.0,0.0,1,1.0
nfcorpus,0,PLAIN-1762,10,20,0.5498307986729412,0.4695140628038534,0,0.6
nfcorpus,0,PLAIN-1762,20,40,0.5353519334313175,0.4695140628038534,0,0.6
nfcorpus,0,PLAIN-1762,50,100,0.4695140628038534,0.4695140628038534,0,0.95
nfcorpus,0,PLAIN-1762,100,200,0.4695140628038534,0.4695140628038534,0,0.95
nfcorpus,0,PLAIN-1762,200,400,0.4695140628038534,0.4695140628038534,1,1.0
nfcorpus,0,PLAIN-1762,500,708,0.4695140628038534,0.4695140628038534,1,1.0
nfcorpus,0,PLAIN-1762,1000,1208,0.4695140628038534,0.4695140628038534,1,1.0
nfcorpus,0,PLAIN-1762,2000,2208,0.4695140628038534,0.4695140628038534,1,1.0
nfcorpus,0,PLAIN-1762,5000,3841,0.4695140628038534,0.4695140628038534,1,1.0
nfcorpus,0,PLAIN-1772,10,12,1.0,1.0,0,0.5
nfcorpus,0,PLAIN-1772,20,22,1.0,1.0,1,1.0
nfcorpus,0,PLAIN-1772,50,52,1.0,1.0,1,1.0
nfcorpus,0,PLAIN-1772,100,102,1.0,1.0,1,1.0
nfcorpus,0,PLAIN-1772,200,202,1.0,1.0,1,1.0
nfcorpus,0,PLAIN-1772,500,502,1.0,1.0,1,1.0
nfcorpus,0,PLAIN-1772,1000,1002,1.0,1.0,1,1.0
nfcorpus,0,PLAIN-1772,2000,2002,1.0,1.0,1,1.0
nfcorpus,0,PLAIN-1772,5000,3635,1.0,1.0,1,1.0
nfcorpus,0,PLAIN-1784,10,20,0.0,0.0,0,0.7
nfcorpus,0,PLAIN-1784,20,40,0.0,0.0,0,0.7
nfcorpus,0,PLAIN-1784,50,100,0.0,0.0,0,0.75
nfcorpus,0,PLAIN-1784,100,200,0.0,0.0,1,1.0
nfcorpus,0,PLAIN-1784,200,400,0.0,0.0,1,1.0
nfcorpus,0,PLAIN-1784,500,827,0.0,0.0,1,1.0
nfcorpus,0,PLAIN-1784,1000,1327,0.0,0.0,1,1.0
nfcorpus,0,PLAIN-1784,2000,2327,0.0,0.0,1,1.0
nfcorpus,0,PLAIN-1784,5000,3960,0.0,0.0,1,1.0
nfcorpus,0,PLAIN-1794,10,12,1.0,1.0,0,0.5
nfcorpus,0,PLAIN-1794,20,22,1.0,1.0,1,1.0
nfcorpus,0,PLAIN-1794,50,52,1.0,1.0,1,1.0
nfcorpus,0,PLAIN-1794,100,102,1.0,1.0,1,1.0
nfcorpus,0,PLAIN-1794,200,202,1.0,1.0,1,1.0
nfcorpus,0,PLAIN-1794,500,502,1.0,1.0,1,1.0
nfcorpus,0,PLAIN-1794,1000,1002,1.0,1.0,1,1.0
nfcorpus,0,PLAIN-1794,2000,2002,1.0,1.0,1,1.0
nfcorpus,0,PLAIN-1794,5000,3635,1.0,1.0,1,1.0
nfcorpus,0,PLAIN-1805,10,20,0.933745776545611,0.9363792118010481,0,0.6
nfcorpus,0,PLAIN-1805,20,40,0.9363792118010481,0.9363792118010481,0,0.95
nfcorpus,0,PLAIN-1805,50,100,0.9363792118010481,0.9363792118010481,1,1.0
nfcorpus,0,PLAIN-1805,100,200,0.9363792118010481,0.9363792118010481,1,1.0
nfcorpus,0,PLAIN-1805,200,400,0.9363792118010481,0.9363792118010481,1,1.0
nfcorpus,0,PLAIN-1805,500,1000,0.9363792118010481,0.9363792118010481,1,1.0
nfcorpus,0,PLAIN-1805,1000,2000,0.9363792118010481,0.9363792118010481,1,1.0
nfcorpus,0,PLAIN-1805,2000,3153,0.9363792118010481,0.9363792118010481,1,1.0
nfcorpus,0,PLAIN-1805,5000,4786,0.9363792118010481,0.9363792118010481,1,1.0
nfcorpus,0,PLAIN-1817,10,20,0.5473983622993501,0.5423640154200348,0,0.5
nfcorpus,0,PLAIN-1817,20,40,0.5423640154200348,0.5423640154200348,0,0.6
nfcorpus,0,PLAIN-1817,50,85,0.5423640154200348,0.5423640154200348,0,0.7
nfcorpus,0,PLAIN-1817,100,135,0.5423640154200348,0.5423640154200348,0,0.75
nfcorpus,0,PLAIN-1817,200,235,0.5423640154200348,0.5423640154200348,0,0.85
nfcorpus,0,PLAIN-1817,500,535,0.5423640154200348,0.5423640154200348,0,1.0
nfcorpus,0,PLAIN-1817,1000,1035,0.5423640154200348,0.5423640154200348,0,0.95
nfcorpus,0,PLAIN-1817,2000,2035,0.5423640154200348,0.5423640154200348,0,0.95
nfcorpus,0,PLAIN-1817,5000,3668,0.5423640154200348,0.5423640154200348,1,1.0
nfcorpus,0,PLAIN-1827,10,10,0.0,0.0,0,0.5
nfcorpus,0,PLAIN-1827,20,20,0.0,0.0,1,1.0
nfcorpus,0,PLAIN-1827,50,50,0.0,0.0,1,1.0
nfcorpus,0,PLAIN-1827,100,100,0.0,0.0,1,1.0
nfcorpus,0,PLAIN-1827,200,200,0.0,0.0,1,1.0
nfcorpus,0,PLAIN-1827,500,500,0.0,0.0,1,1.0
nfcorpus,0,PLAIN-1827,1000,1000,0.0,0.0,1,1.0
nfcorpus,0,PLAIN-1827,2000,2000,0.0,0.0,1,1.0
nfcorpus,0,PLAIN-1827,5000,3633,0.0,0.0,1,1.0
nfcorpus,0,PLAIN-1837,10,20,1.0,1.0,0,0.8
nfcorpus,0,PLAIN-1837,20,40,1.0,1.0,0,0.95
nfcorpus,0,PLAIN-1837,50,100,1.0,1.0,1,1.0
nfcorpus,0,PLAIN-1837,100,171,1.0,1.0,1,1.0
nfcorpus,0,PLAIN-1837,200,271,1.0,1.0,1,1.0
nfcorpus,0,PLAIN-1837,500,571,1.0,1.0,1,1.0
nfcorpus,0,PLAIN-1837,1000,1071,1.0,1.0,1,1.0
nfcorpus,0,PLAIN-1837,2000,2071,1.0,1.0,1,1.0
nfcorpus,0,PLAIN-1837,5000,3704,1.0,1.0,1,1.0
nfcorpus,0,PLAIN-1847,10,14,0.30523488393970116,0.33013764944712026,0,0.65
nfcorpus,0,PLAIN-1847,20,24,0.30523488393970116,0.33013764944712026,0,1.0
nfcorpus,0,PLAIN-1847,50,54,0.30523488393970116,0.33013764944712026,0,1.0
nfcorpus,0,PLAIN-1847,100,104,0.30523488393970116,0.33013764944712026,0,1.0
nfcorpus,0,PLAIN-1847,200,204,0.30523488393970116,0.33013764944712026,0,1.0
nfcorpus,0,PLAIN-1847,500,504,0.30523488393970116,0.33013764944712026,0,1.0
nfcorpus,0,PLAIN-1847,1000,1004,0.33013764944712026,0.33013764944712026,1,1.0
nfcorpus,0,PLAIN-1847,2000,2004,0.33013764944712026,0.33013764944712026,1,1.0
nfcorpus,0,PLAIN-1847,5000,3637,0.33013764944712026,0.33013764944712026,1,1.0
nfcorpus,0,PLAIN-1857,10,20,0.6275071330616558,0.5541432109622958,0,0.45
nfcorpus,0,PLAIN-1857,20,40,0.6275071330616558,0.5541432109622958,0,0.6
nfcorpus,0,PLAIN-1857,50,100,0.5541432109622958,0.5541432109622958,0,0.7
nfcorpus,0,PLAIN-1857,100,200,0.5541432109622958,0.5541432109622958,1,1.0
nfcorpus,0,PLAIN-1857,200,400,0.5541432109622958,0.5541432109622958,1,1.0
nfcorpus,0,PLAIN-1857,500,1000,0.5541432109622958,0.5541432109622958,1,1.0
nfcorpus,0,PLAIN-1857,1000,1552,0.5541432109622958,0.5541432109622958,1,1.0
nfcorpus,0,PLAIN-1857,2000,2552,0.5541432109622958,0.5541432109622958,1,1.0
nfcorpus,0,PLAIN-1857,5000,4185,0.5541432109622958,0.5541432109622958,1,1.0
nfcorpus,0,PLAIN-186,10,20,0.22009176629808017,0.22009176629808017,0,0.55
nfcorpus,0,PLAIN-186,20,40,0.22009176629808017,0.22009176629808017,0,0.75
nfcorpus,0,PLAIN-186,50,100,0.22009176629808017,0.22009176629808017,0,0.95
nfcorpus,0,PLAIN-186,100,200,0.22009176629808017,0.22009176629808017,1,1.0
nfcorpus,0,PLAIN-186,200,400,0.22009176629808017,0.22009176629808017,1,1.0
nfcorpus,0,PLAIN-186,500,1000,0.22009176629808017,0.22009176629808017,1,1.0
nfcorpus,0,PLAIN-186,1000,1733,0.22009176629808017,0.22009176629808017,1,1.0
nfcorpus,0,PLAIN-186,2000,2733,0.22009176629808017,0.22009176629808017,1,1.0
nfcorpus,0,PLAIN-186,5000,4366,0.22009176629808017,0.22009176629808017,1,1.0
nfcorpus,0,PLAIN-1867,10,12,0.27487633291429087,0.27487633291429087,0,0.55
nfcorpus,0,PLAIN-1867,20,22,0.27487633291429087,0.27487633291429087,0,1.0
nfcorpus,0,PLAIN-1867,50,52,0.27487633291429087,0.27487633291429087,1,1.0
nfcorpus,0,PLAIN-1867,100,102,0.27487633291429087,0.27487633291429087,1,1.0
nfcorpus,0,PLAIN-1867,200,202,0.27487633291429087,0.27487633291429087,1,1.0
nfcorpus,0,PLAIN-1867,500,502,0.27487633291429087,0.27487633291429087,1,1.0
nfcorpus,0,PLAIN-1867,1000,1002,0.27487633291429087,0.27487633291429087,1,1.0
nfcorpus,0,PLAIN-1867,2000,2002,0.27487633291429087,0.27487633291429087,1,1.0
nfcorpus,0,PLAIN-1867,5000,3635,0.27487633291429087,0.27487633291429087,1,1.0
nfcorpus,0,PLAIN-1877,10,20,0.0,0.0,0,0.55
nfcorpus,0,PLAIN-1877,20,40,0.0,0.0,0,0.75
nfcorpus,0,PLAIN-1877,50,100,0.0,0.0,1,1.0
nfcorpus,0,PLAIN-1877,100,200,0.0,0.0,1,1.0
nfcorpus,0,PLAIN-1877,200,400,0.0,0.0,1,1.0
nfcorpus,0,PLAIN-1877,500,1000,0.0,0.0,1,1.0
nfcorpus,0,PLAIN-1877,1000,2000,0.0,0.0,1,1.0
nfcorpus,0,PLAIN-1877,2000,3602,0.0,0.0,1,1.0
nfcorpus,0,PLAIN-1877,5000,5235,0.0,0.0,1,1.0
nfcorpus,0,PLAIN-1887,10,20,0.0,0.0,0,0.65
nfcorpus,0,PLAIN-1887,20,40,0.0,0.0,0,0.65
nfcorpus,0,PLAIN-1887,50,100,0.0,0.0,0,0.8
nfcorpus,0,PLAIN-1887,100,200,0.0,0.0,0,0.9
nfcorpus,0,PLAIN-1887,200,400,0.0,0.0,1,1.0
nfcorpus,0,PLAIN-1887,500,782,0.0,0.0,1,1.0
nfcorpus,0,PLAIN-1887,1000,1282,0.0,0.0,1,1.0
nfcorpus,0,PLAIN-1887,2000,2282,0.0,0.0,1,1.0
nfcorpus,0,PLAIN-1887,5000,3915,0.0,0.0,1,1.0
nfcorpus,0,PLAIN-1897,10,20,0.0,0.0,0,0.9
nfcorpus,0,PLAIN-1897,20,30,0.0,0.0,0,1.0
nfcorpus,0,PLAIN-1897,50,60,0.0,0.0,0,1.0
nfcorpus,0,PLAIN-1897,100,110,0.0,0.0,0,1.0
nfcorpus,0,PLAIN-1897,200,210,0.0,0.0,0,1.0
nfcorpus,0,PLAIN-1897,500,510,0.0,0.0,0,1.0
nfcorpus,0,PLAIN-1897,1000,1010,0.0,0.0,0,1.0
nfcorpus,0,PLAIN-1897,2000,2010,0.0,0.0,0,1.0
nfcorpus,0,PLAIN-1897,5000,3643,0.0,0.0,1,1.0
nfcorpus,0,PLAIN-1909,10,20,1.0,0.9305687780632227,0,0.55
nfcorpus,0,PLAIN-1909,20,40,0.9305687780632227,0.9305687780632227,0,0.65
nfcorpus,0,PLAIN-1909,50,100,0.9305687780632227,0.9305687780632227,0,0.95
nfcorpus,0,PLAIN-1909,100,156,0.9305687780632227,0.9305687780632227,1,1.0
nfcorpus,0,PLAIN-1909,200,256,0.9305687780632227,0.9305687780632227,1,1.0
nfcorpus,0,PLAIN-1909,500,556,0.9305687780632227,0.9305687780632227,1,1.0
nfcorpus,0,PLAIN-1909,1000,1056,0.9305687780632227,0.9305687780632227,1,1.0
nfcorpus,0,PLAIN-1909,2000,2056,0.9305687780632227,0.9305687780632227,1,1.0
nfcorpus,0,PLAIN-1909,5000,3689,0.9305687780632227,0.9305687780632227,1,1.0
nfcorpus,0,PLAIN-1919,10,20,0.8006937664098819,0.9305687780632227,0,0.55
nfcorpus,0,PLAIN-1919,20,40,0.9305687780632227,0.9305687780632227,0,0.7
nfcorpus,0,PLAIN-1919,50,100,0.9305687780632227,0.9305687780632227,0,0.95
nfcorpus,0,PLAIN-1919,100,200,0.9305687780632227,0.9305687780632227,1,1.0
nfcorpus,0,PLAIN-1919,200,320,0.9305687780632227,0.9305687780632227,1,1.0
nfcorpus,0,PLAIN-1919,500,620,0.9305687780632227,0.9305687780632227,1,1.0
nfcorpus,0,PLAIN-1919,1000,1120,0.9305687780632227,0.9305687780632227,1,1.0
nfcorpus,0,PLAIN-1919,2000,2120,0.9305687780632227,0.9305687780632227,1,1.0
nfcorpus,0,PLAIN-1919,5000,3753,0.9305687780632227,0.9305687780632227,1,1.0
nfcorpus,0,PLAIN-1929,10,20,0.07336392209936005,0.0,0,0.55
nfcorpus,0,PLAIN-1929,20,40,0.0,0.0,0,0.75
nfcorpus,0,PLAIN-1929,50,100,0.0,0.0,0,0.9
nfcorpus,0,PLAIN-1929,100,200,0.0,0.0,1,1.0
nfcorpus,0,PLAIN-1929,200,400,0.0,0.0,1,1.0
nfcorpus,0,PLAIN-1929,500,752,0.0,0.0,1,1.0
nfcorpus,0,PLAIN-1929,1000,1252,0.0,0.0,1,1.0
nfcorpus,0,PLAIN-1929,2000,2252,0.0,0.0,1,1.0
nfcorpus,0,PLAIN-1929,5000,3885,0.0,0.0,1,1.0
nfcorpus,0,PLAIN-1940,10,17,0.3589542101716347,0.3589542101716347,0,0.7
nfcorpus,0,PLAIN-1940,20,27,0.3589542101716347,0.3589542101716347,0,1.0
nfcorpus,0,PLAIN-1940,50,57,0.3589542101716347,0.3589542101716347,0,1.0
nfcorpus,0,PLAIN-1940,100,107,0.3589542101716347,0.3589542101716347,0,1.0
nfcorpus,0,PLAIN-1940,200,207,0.3589542101716347,0.3589542101716347,0,1.0
nfcorpus,0,PLAIN-1940,500,507,0.3589542101716347,0.3589542101716347,1,1.0
nfcorpus,0,PLAIN-1940,1000,1007,0.3589542101716347,0.3589542101716347,1,1.0
nfcorpus,0,PLAIN-1940,2000,2007,0.3589542101716347,0.3589542101716347,1,1.0
nfcorpus,0,PLAIN-1940,5000,3640,0.3589542101716347,0.3589542101716347,1,1.0
nfcorpus,0,PLAIN-1950,10,15,0.2489083270225946,0.2489083270225946,0,0.6
nfcorpus,0,PLAIN-1950,20,25,0.2489083270225946,0.2489083270225946,0,1.0
nfcorpus,0,PLAIN-1950,50,55,0.2489083270225946,0.2489083270225946,0,1.0
nfcorpus,0,PLAIN-1950,100,105,0.2489083270225946,0.2489083270225946,0,1.0
nfcorpus,0,PLAIN-1950,200,205,0.2489083270225946,0.2489083270225946,1,1.0
nfcorpus,0,PLAIN-1950,500,505,0.2489083270225946,0.2489083270225946,1,1.0
nfcorpus,0,PLAIN-1950,1000,1005,0.2489083270225946,0.2489083270225946,1,1.0
nfcorpus,0,PLAIN-1950,2000,2005,0.2489083270225946,0.2489083270225946,1,1.0
nfcorpus,0,PLAIN-1950,5000,3638,0.2489083270225946,0.2489083270225946,1,1.0
nfcorpus,0,PLAIN-196,10,20,0.6489315753318465,0.5423640154200348,0,0.65
nfcorpus,0,PLAIN-196,20,40,0.6489315753318465,0.5423640154200348,0,0.7
nfcorpus,0,PLAIN-196,50,100,0.6117952373568121,0.5423640154200348,0,0.75
nfcorpus,0,PLAIN-196,100,200,0.6059848036189865,0.5423640154200348,0,0.8
nfcorpus,0,PLAIN-196,200,400,0.5423640154200348,0.5423640154200348,0,0.9
nfcorpus,0,PLAIN-196,500,1000,0.5423640154200348,0.5423640154200348,0,0.95
nfcorpus,0,PLAIN-196,1000,2000,0.5423640154200348,0.5423640154200348,0,0.95
nfcorpus,0,PLAIN-196,2000,3708,0.5423640154200348,0.5423640154200348,1,1.0
nfcorpus,0,PLAIN-196,5000,5341,0.5423640154200348,0.5423640154200348,1,1.0
nfcorpus,0,PLAIN-1962,10,12,0.0,0.0,0,0.6
nfcorpus,0,PLAIN-1962,20,22,0.0,0.0,0,1.0
nfcorpus,0,PLAIN-1962,50,52,0.0,0.0,0,1.0
nfcorpus,0,PLAIN-1962,100,102,0.0,0.0,1,1.0
nfcorpus,0,PLAIN-1962,200,202,0.0,0.0,1,1.0
nfcorpus,0,PLAIN-1962,500,502,0.0,0.0,1,1.0
nfcorpus,0,PLAIN-1962,1000,1002,0.0,0.0,1,1.0
nfcorpus,0,PLAIN-1962,2000,2002,0.0,0.0,1,1.0
nfcorpus,0,PLAIN-1962,5000,3635,0.0,0.0,1,1.0
nfcorpus,0,PLAIN-1972,10,12,0.0,0.0,0,0.55
nfcorpus,0,PLAIN-1972,20,22,0.0,0.0,0,1.0
nfcorpus,0,PLAIN-1972,50,52,0.0,0.0,0,1.0
nfcorpus,0,PLAIN-1972,100,102,0.0,0.0,0,1.0
nfcorpus,0,PLAIN-1972,200,202,0.0,0.0,0,1.0
nfcorpus,0,PLAIN-1972,500,502,0.0,0.0,0,1.0
nfcorpus,0,PLAIN-1972,1000,1002,0.0,0.0,1,1.0
nfcorpus,0,PLAIN-1972,2000,2002,0.0,0.0,1,1.0
nfcorpus,0,PLAIN-1972,5000,3635,0.0,0.0,1,1.0
nfcorpus,0,PLAIN-1983,10,20,1.0,0.9363792118010481,0,0.65
nfcorpus,0,PLAIN-1983,20,40,0.9363792118010481,0.9363792118010481,0,0.95
nfcorpus,0,PLAIN-1983,50,74,0.9363792118010481,0.9363792118010481,1,1.0
nfcorpus,0,PLAIN-1983,100,124,0.9363792118010481,0.9363792118010481,1,1.0
nfcorpus,0,PLAIN-1983,200,224,0.9363792118010481,0.9363792118010481,1,1.0
nfcorpus,0,PLAIN-1983,500,524,0.9363792118010481,0.9363792118010481,1,1.0
nfcorpus,0,PLAIN-1983,1000,1024,0.9363792118010481,0.9363792118010481,1,1.0
nfcorpus,0,PLAIN-1983,2000,2024,0.9363792118010481,0.9363792118010481,1,1.0
nfcorpus,0,PLAIN-1983,5000,3657,0.9363792118010481,0.9363792118010481,1,1.0
nfcorpus,0,PLAIN-1995,10,20,0.0,0.0,0,0.6
nfcorpus,0,PLAIN-1995,20,40,0.0,0.0,0,0.65
nfcorpus,0,PLAIN-1995,50,100,0.0,0.0,0,0.9
nfcorpus,0,PLAIN-1995,100,200,0.0,0.0,1,1.0
nfcorpus,0,PLAIN-1995,200,400,0.0,0.0,1,1.0
nfcorpus,0,PLAIN-1995,500,749,0.0,0.0,1,1.0
nfcorpus,0,PLAIN-1995,1000,1249,0.0,0.0,1,1.0
nfcorpus,0,PLAIN-1995,2000,2249,0.0,0.0,1,1.0
nfcorpus,0,PLAIN-1995,5000,3882,0.0,0.0,1,1.0
nfcorpus,0,PLAIN-2,10,20,0.8144090471574981,0.7761528705688655,0,0.55
nfcorpus,0,PLAIN-2,20,40,0.7761528705688655,0.7761528705688655,0,0.8
nfcorpus,0,PLAIN-2,50,100,0.7761528705688655,0.7761528705688655,1,1.0
nfcorpus,0,PLAIN-2,100,200,0.7761528705688655,0.7761528705688655,1,1.0
nfcorpus,0,PLAIN-2,200,400,0.7761528705688655,0.7761528705688655,1,1.0
nfcorpus,0,PLAIN-2,500,1000,0.7761528705688655,0.7761528705688655,1,1.0
nfcorpus,0,PLAIN-2,1000,2000,0.7761528705688655,0.7761528705688655,1,1.0
nfcorpus,0,PLAIN-2,2000,3721,0.7761528705688655,0.7761528705688655,1,1.0
nfcorpus,0,PLAIN-2,5000,5354,0.7761528705688655,0.7761528705688655,1,1.0
nfcorpus,0,PLAIN-2009,10,15,0.3086371802748747,0.30088559429208195,0,0.55
nfcorpus,0,PLAIN-2009,20,25,0.3086371802748747,0.30088559429208195,0,1.0
nfcorpus,0,PLAIN-2009,50,55,0.3086371802748747,0.30088559429208195,0,1.0
nfcorpus,0,PLAIN-2009,100,105,0.3086371802748747,0.30088559429208195,0,1.0
nfcorpus,0,PLAIN-2009,200,205,0.3086371802748747,0.30088559429208195,0,1.0
nfcorpus,0,PLAIN-2009,500,505,0.3086371802748747,0.30088559429208195,0,1.0
nfcorpus,0,PLAIN-2009,1000,1005,0.3086371802748747,0.30088559429208195,0,1.0
nfcorpus,0,PLAIN-2009,2000,2005,0.30088559429208195,0.30088559429208195,1,1.0
nfcorpus,0,PLAIN-2009,5000,3638,0.30088559429208195,0.30088559429208195,1,1.0
nfcorpus,0,PLAIN-2019,10,11,0.2960819109658652,0.46927872602275644,0,0.55
nfcorpus,0,PLAIN-2019,20,21,0.2960819109658652,0.46927872602275644,0,1.0
nfcorpus,0,PLAIN-2019,50,51,0.2960819109658652,0.46927872602275644,0,1.0
nfcorpus,0,PLAIN-2019,100,101,0.2960819109658652,0.46927872602275644,0,1.0
nfcorpus,0,PLAIN-2019,200,201,0.2960819109658652,0.46927872602275644,0,1.0
nfcorpus,0,PLAIN-2019,500,501,0.2960819109658652,0.46927872602275644,0,1.0
nfcorpus,0,PLAIN-2019,1000,1001,0.2960819109658652,0.46927872602275644,0,1.0
nfcorpus,0,PLAIN-2019,2000,2001,0.46927872602275644,0.46927872602275644,1,1.0
nfcorpus,0,PLAIN-2019,5000,3634,0.46927872602275644,0.46927872602275644,1,1.0
nfcorpus,0,PLAIN-2030,10,12,0.3026024134988135,0.3026024134988135,0,0.55
nfcorpus,0,PLAIN-2030,20,22,0.3026024134988135,0.3026024134988135,1,1.0
nfcorpus,0,PLAIN-2030,50,52,0.3026024134988135,0.3026024134988135,1,1.0
nfcorpus,0,PLAIN-2030,100,102,0.3026024134988135,0.3026024134988135,1,1.0
nfcorpus,0,PLAIN-2030,200,202,0.3026024134988135,0.3026024134988135,1,1.0
nfcorpus,0,PLAIN-2030,500,502,0.3026024134988135,0.3026024134988135,1,1.0
nfcorpus,0,PLAIN-2030,1000,1002,0.3026024134988135,0.3026024134988135,1,1.0
nfcorpus,0,PLAIN-2030,2000,2002,0.3026024134988135,0.3026024134988135,1,1.0
nfcorpus,0,PLAIN-2030,5000,3635,0.3026024134988135,0.3026024134988135,1,1.0
nfcorpus,0,PLAIN-2040,10,20,0.7752387368046298,0.7084409501232899,0,0.8
nfcorpus,0,PLAIN-2040,20,33,0.7752387368046298,0.7084409501232899,0,0.95
nfcorpus,0,PLAIN-2040,50,63,0.7752387368046298,0.7084409501232899,0,0.95
nfcorpus,0,PLAIN-2040,100,113,0.7720617383222417,0.7084409501232899,0,0.95
nfcorpus,0,PLAIN-2040,200,213,0.7720617383222417,0.7084409501232899,0,0.95
nfcorpus,0,PLAIN-2040,500,513,0.7084409501232899,0.7084409501232899,0,0.95
nfcorpus,0,PLAIN-2040,1000,1013,0.7084409501232899,0.7084409501232899,1,1.0
nfcorpus,0,PLAIN-2040,2000,2013,0.7084409501232899,0.7084409501232899,1,1.0
nfcorpus,0,PLAIN-2040,5000,3646,0.7084409501232899,0.7084409501232899,1,1.0
nfcorpus,0,PLAIN-2051,10,20,0.6722390270733756,0.6901935063354874,0,0.6
nfcorpus,0,PLAIN-2051,20,40,0.6901935063354874,0.6901935063354874,0,0.75
nfcorpus,0,PLAIN-2051,50,100,0.6901935063354874,0.6901935063354874,0,0.95
nfcorpus,0,PLAIN-2051,100,200,0.6901935063354874,0.6901935063354874,1,1.0
nfcorpus,0,PLAIN-2051,200,400,0.6901935063354874,0.6901935063354874,1,1.0
nfcorpus,0,PLAIN-2051,500,981,0.6901935063354874,0.6901935063354874,1,1.0
nfcorpus,0,PLAIN-2051,1000,1481,0.6901935063354874,0.6901935063354874,1,1.0
nfcorpus,0,PLAIN-2051,2000,2481,0.6901935063354874,0.6901935063354874,1,1.0
nfcorpus,0,PLAIN-2051,5000,4114,0.6901935063354874,0.6901935063354874,1,1.0
nfcorpus,0,PLAIN-2061,10,20,0.8630152897016882,0.8701249883466592,0,0.45
nfcorpus,0,PLAIN-2061,20,40,0.8630152897016882,0.8701249883466592,0,0.55
nfcorpus,0,PLAIN-2061,50,92,0.8701249883466592,0.8701249883466592,0,0.7
nfcorpus,0,PLAIN-2061,100,142,0.8701249883466592,0.8701249883466592,0,0.9
nfcorpus,0,PLAIN-2061,200,242,0.8701249883466592,0.8701249883466592,1,1.0
nfcorpus,0,PLAIN-2061,500,542,0.8701249883466592,0.8701249883466592,1,1.0
nfcorpus,0,PLAIN-2061,1000,1042,0.8701249883466592,0.8701249883466592,1,1.0
nfcorpus,0,PLAIN-2061,2000,2042,0.8701249883466592,0.8701249883466592,1,1.0
nfcorpus,0,PLAIN-2061,5000,3675,0.8701249883466592,0.8701249883466592,1,1.0
nfcorpus,0,PLAIN-207,10,20,0.6683063269107928,0.5541432109622958,0,0.6
nfcorpus,0,PLAIN-207,20,40,0.6177639991612475,0.5541432109622958,0,0.8
nfcorpus,0,PLAIN-207,50,100,0.5541432109622958,0.5541432109622958,1,1.0
nfcorpus,0,PLAIN-207,100,200,0.5541432109622958,0.5541432109622958,1,1.0
nfcorpus,0,PLAIN-207,200,400,0.5541432109622958,0.5541432109622958,1,1.0
nfcorpus,0,PLAIN-207,500,1000,0.5541432109622958,0.5541432109622958,1,1.0
nfcorpus,0,PLAIN-207,1000,1548,0.5541432109622958,0.5541432109622958,1,1.0
nfcorpus,0,PLAIN-207,2000,2548,0.5541432109622958,0.5541432109622958,1,1.0
nfcorpus,0,PLAIN-207,5000,4181,0.5541432109622958,0.5541432109622958,1,1.0
nfcorpus,0,PLAIN-2071,10,20,0.48331483694589444,0.4170606134915054,0,0.6
nfcorpus,0,PLAIN-2071,20,40,0.4170606134915054,0.4170606134915054,0,0.85
nfcorpus,0,PLAIN-2071,50,71,0.4170606134915054,0.4170606134915054,0,0.85
nfcorpus,0,PLAIN-2071,100,121,0.4170606134915054,0.4170606134915054,0,0.9
nfcorpus,0,PLAIN-2071,200,221,0.4170606134915054,0.4170606134915054,0,0.9
nfcorpus,0,PLAIN-2071,500,521,0.4170606134915054,0.4170606134915054,1,1.0
nfcorpus,0,PLAIN-2071,1000,1021,0.4170606134915054,0.4170606134915054,1,1.0
nfcorpus,0,PLAIN-2071,2000,2021,0.4170606134915054,0.4170606134915054,1,1.0
nfcorpus,0,PLAIN-2071,5000,3654,0.4170606134915054,0.4170606134915054,1,1.0
nfcorpus,0,PLAIN-2081,10,20,1.0,1.0,0,0.65
nfcorpus,0,PLAIN-2081,20,40,1.0,1.0,0,0.65
nfcorpus,0,PLAIN-2081,50,100,1.0,1.0,0,0.7
nfcorpus,0,PLAIN-2081,100,200,1.0,1.0,0,0.85
nfcorpus,0,PLAIN-2081,200,400,1.0,1.0,0,0.85
nfcorpus,0,PLAIN-2081,500,763,1.0,1.0,0,0.9
nfcorpus,0,PLAIN-2081,1000,1263,1.0,1.0,0,0.95
nfcorpus,0,PLAIN-2081,2000,2263,1.0,1.0,1,1.0
nfcorpus,0,PLAIN-2081,5000,3896,1.0,1.0,1,1.0
nfcorpus,0,PLAIN-2092,10,15,0.6489315753318465,0.6489315753318465,0,0.5
nfcorpus,0,PLAIN-2092,20,25,0.6489315753318465,0.6489315753318465,1,1.0
nfcorpus,0,PLAIN-2092,50,55,0.6489315753318465,0.6489315753318465,1,1.0
nfcorpus,0,PLAIN-2092,100,105,0.6489315753318465,0.6489315753318465,1,1.0
nfcorpus,0,PLAIN-2092,200,205,0.6489315753318465,0.6489315753318465,1,1.0
nfcorpus,0,PLAIN-2092,500,505,0.6489315753318465,0.6489315753318465,1,1.0
nfcorpus,0,PLAIN-2092,1000,1005,0.6489315753318465,0.6489315753318465,1,1.0
nfcorpus,0,PLAIN-2092,2000,2005,0.6489315753318465,0.6489315753318465,1,1.0
nfcorpus,0,PLAIN-2092,5000,3638,0.6489315753318465,0.6489315753318465,1,1.0
nfcorpus,0,PLAIN-2102,10,20,0.8115558478722845,0.7381919257729245,0,0.65
nfcorpus,0,PLAIN-2102,20,40,0.7381919257729245,0.7381919257729245,0,0.95
nfcorpus,0,PLAIN-2102,50,100,0.7381919257729245,0.7381919257729245,0,0.95
nfcorpus,0,PLAIN-2102,100,200,0.7381919257729245,0.7381919257729245,1,1.0
nfcorpus,0,PLAIN-2102,200,400,0.7381919257729245,0.7381919257729245,1,1.0
nfcorpus,0,PLAIN-2102,500,730,0.7381919257729245,0.7381919257729245,1,1.0
nfcorpus,0,PLAIN-2102,1000,1230,0.7381919257729245,0.7381919257729245,1,1.0
nfcorpus,0,PLAIN-2102,2000,2230,0.7381919257729245,0.7381919257729245,1,1.0
nfcorpus,0,PLAIN-2102,5000,3863,0.7381919257729245,0.7381919257729245,1,1.0
nfcorpus,0,PLAIN-2113,10,20,0.0,0.0,0,0.6
nfcorpus,0,PLAIN-2113,20,40,0.0,0.0,0,0.6
nfcorpus,0,PLAIN-2113,50,100,0.0,0.0,0,0.65
nfcorpus,0,PLAIN-2113,100,200,0.0,0.0,0,0.75
nfcorpus,0,PLAIN-2113,200,400,0.0,0.0,0,0.85
nfcorpus,0,PLAIN-2113,500,1000,0.0,0.0,1,1.0
nfcorpus,0,PLAIN-2113,1000,1908,0.0,0.0,1,1.0
nfcorpus,0,PLAIN-2113,2000,2908,0.0,0.0,1,1.0
nfcorpus,0,PLAIN-2113,5000,4541,0.0,0.0,1,1.0
nfcorpus,0,PLAIN-2124,10,12,0.5837154733670048,0.5837154733670048,0,0.5
nfcorpus,0,PLAIN-2124,20,22,0.5837154733670048,0.5837154733670048,1,1.0
nfcorpus,0,PLAIN-2124,50,52,0.5837154733670048,0.5837154733670048,1,1.0
nfcorpus,0,PLAIN-2124,100,102,0.5837154733670048,0.5837154733670048,1,1.0
nfcorpus,0,PLAIN-2124,200,202,0.5837154733670048,0.5837154733670048,1,1.0
nfcorpus,0,PLAIN-2124,500,502,0.5837154733670048,0.5837154733670048,1,1.0
nfcorpus,0,PLAIN-2124,1000,1002,0.5837154733670048,0.5837154733670048,1,1.0
nfcorpus,0,PLAIN-2124,2000,2002,0.5837154733670048,0.5837154733670048,1,1.0
nfcorpus,0,PLAIN-2124,5000,3635,0.5837154733670048,0.5837154733670048,1,1.0
nfcorpus,0,PLAIN-2134,10,10,0.0,0.0,0,0.5
nfcorpus,0,PLAIN-2134,20,20,0.0,0.0,1,1.0
nfcorpus,0,PLAIN-2134,50,50,0.0,0.0,1,1.0
nfcorpus,0,PLAIN-2134,100,100,0.0,0.0,1,1.0
nfcorpus,0,PLAIN-2134,200,200,0.0,0.0,1,1.0
nfcorpus,0,PLAIN-2134,500,500,0.0,0.0,1,1.0
nfcorpus,0,PLAIN-2134,1000,1000,0.0,0.0,1,1.0
nfcorpus,0,PLAIN-2134,2000,2000,0.0,0.0,1,1.0
nfcorpus,0,PLAIN-2134,5000,3633,0.0,0.0,1,1.0
nfcorpus,0,PLAIN-2145,10,20,0.1175227747072427,0.14829723057014912,0,0.7
nfcorpus,0,PLAIN-2145,20,40,0.14829723057014912,0.14829723057014912,0,0.7
nfcorpus,0,PLAIN-2145,50,99,0.14829723057014912,0.14829723057014912,0,0.8
nfcorpus,0,PLAIN-2145,100,149,0.14829723057014912,0.14829723057014912,0,0.85
nfcorpus,0,PLAIN-2145,200,249,0.14829723057014912,0.14829723057014912,0,0.9
nfcorpus,0,PLAIN-2145,500,549,0.14829723057014912,0.14829723057014912,0,1.0
nfcorpus,0,PLAIN-2145,1000,1049,0.14829723057014912,0.14829723057014912,0,1.0
nfcorpus,0,PLAIN-2145,2000,2049,0.14829723057014912,0.14829723057014912,1,1.0
nfcorpus,0,PLAIN-2145,5000,3682,0.14829723057014912,0.14829723057014912,1,1.0
nfcorpus,0,PLAIN-2156,10,13,0.644824486427155,0.644824486427155,0,0.5
nfcorpus,0,PLAIN-2156,20,23,0.644824486427155,0.644824486427155,1,1.0
nfcorpus,0,PLAIN-2156,50,53,0.644824486427155,0.644824486427155,1,1.0
nfcorpus,0,PLAIN-2156,100,103,0.644824486427155,0.644824486427155,1,1.0
nfcorpus,0,PLAIN-2156,200,203,0.644824486427155,0.644824486427155,1,1.0
nfcorpus,0,PLAIN-2156,500,503,0.644824486427155,0.644824486427155,1,1.0
nfcorpus,0,PLAIN-2156,1000,1003,0.644824486427155,0.644824486427155,1,1.0
nfcorpus,0,PLAIN-2156,2000,2003,0.644824486427155,0.644824486427155,1,1.0
nfcorpus,0,PLAIN-2156,5000,3636,0.644824486427155,0.644824486427155,1,1.0
nfcorpus,0,PLAIN-2167,10,12,0.0,0.0,0,0.55
nfcorpus,0,PLAIN-2167,20,22,0.0,0.0,1,1.0
nfcorpus,0,PLAIN-2167,50,52,0.0,0.0,1,1.0
nfcorpus,0,PLAIN-2167,100,102,0.0,0.0,1,1.0
nfcorpus,0,PLAIN-2167,200,202,0.0,0.0,1,1.0
nfcorpus,0,PLAIN-2167,500,502,0.0,0.0,1,1.0
nfcorpus,0,PLAIN-2167,1000,1002,0.0,0.0,1,1.0
nfcorpus,0,PLAIN-2167,2000,2002,0.0,0.0,1,1.0
nfcorpus,0,PLAIN-2167,5000,3635,0.0,0.0,1,1.0
nfcorpus,0,PLAIN-217,10,20,0.11004588314904008,0.06362078819895171,0,0.5
nfcorpus,0,PLAIN-217,20,40,0.08514311764162098,0.06362078819895171,0,0.55
nfcorpus,0,PLAIN-217,50,100,0.0,0.06362078819895171,0,0.65
nfcorpus,0,PLAIN-217,100,200,0.06362078819895171,0.06362078819895171,0,0.85
nfcorpus,0,PLAIN-217,200,400,0.06362078819895171,0.06362078819895171,1,1.0
nfcorpus,0,PLAIN-217,500,1000,0.06362078819895171,0.06362078819895171,1,1.0
nfcorpus,0,PLAIN-217,1000,2000,0.06362078819895171,0.06362078819895171,1,1.0
nfcorpus,0,PLAIN-217,2000,3607,0.06362078819895171,0.06362078819895171,1,1.0
nfcorpus,0,PLAIN-217,5000,5240,0.06362078819895171,0.06362078819895171,1,1.0
nfcorpus,0,PLAIN-2177,10,20,0.2583297509898471,0.2435522702101235,0,0.75
nfcorpus,0,PLAIN-2177,20,30,0.2583297509898471,0.2435522702101235,0,1.0
nfcorpus,0,PLAIN-2177,50,60,0.2583297509898471,0.2435522702101235,0,1.0
nfcorpus,0,PLAIN-2177,100,110,0.2583297509898471,0.2435522702101235,0,1.0
nfcorpus,0,PLAIN-2177,200,210,0.24936270394794902,0.2435522702101235,0,1.0
nfcorpus,0,PLAIN-2177,500,510,0.24618570546556076,0.2435522702101235,0,1.0
nfcorpus,0,PLAIN-2177,1000,1010,0.2435522702101235,0.2435522702101235,1,1.0
nfcorpus,0,PLAIN-2177,2000,2010,0.2435522702101235,0.2435522702101235,1,1.0
nfcorpus,0,PLAIN-2177,5000,3643,0.2435522702101235,0.2435522702101235,1,1.0
nfcorpus,0,PLAIN-2187,10,12,0.3833427799846345,0.3833427799846345,0,0.5
nfcorpus,0,PLAIN-2187,20,22,0.3833427799846345,0.3833427799846345,1,1.0
nfcorpus,0,PLAIN-2187,50,52,0.3833427799846345,0.3833427799846345,1,1.0
nfcorpus,0,PLAIN-2187,100,102,0.3833427799846345,0.3833427799846345,1,1.0
nfcorpus,0,PLAIN-2187,200,202,0.3833427799846345,0.3833427799846345,1,1.0
nfcorpus,0,PLAIN-2187,500,502,0.3833427799846345,0.3833427799846345,1,1.0
nfcorpus,0,PLAIN-2187,1000,1002,0.3833427799846345,0.3833427799846345,1,1.0
nfcorpus,0,PLAIN-2187,2000,2002,0.3833427799846345,0.3833427799846345,1,1.0
nfcorpus,0,PLAIN-2187,5000,3635,0.3833427799846345,0.3833427799846345,1,1.0
nfcorpus,0,PLAIN-2197,10,20,0.6906478832608418,0.7721596254947202,0,0.45
nfcorpus,0,PLAIN-2197,20,40,0.7721596254947202,0.7721596254947202,0,0.7
nfcorpus,0,PLAIN-2197,50,84,0.7721596254947202,0.7721596254947202,1,1.0
nfcorpus,0,PLAIN-2197,100,134,0.7721596254947202,0.7721596254947202,1,1.0
nfcorpus,0,PLAIN-2197,200,234,0.7721596254947202,0.7721596254947202,1,1.0
nfcorpus,0,PLAIN-2197,500,534,0.7721596254947202,0.7721596254947202,1,1.0
nfcorpus,0,PLAIN-2197,1000,1034,0.7721596254947202,0.7721596254947202,1,1.0
nfcorpus,0,PLAIN-2197,2000,2034,0.7721596254947202,0.7721596254947202,1,1.0
nfcorpus,0,PLAIN-2197,5000,3667,0.7721596254947202,0.7721596254947202,1,1.0
nfcorpus,0,PLAIN-2209,10,10,0.0,0.0,0,0.5
nfcorpus,0,PLAIN-2209,20,20,0.0,0.0,1,1.0
nfcorpus,0,PLAIN-2209,50,50,0.0,0.0,1,1.0
nfcorpus,0,PLAIN-2209,100,100,0.0,0.0,1,1.0
nfcorpus,0,PLAIN-2209,200,200,0.0,0.0,1,1.0
nfcorpus,0,PLAIN-2209,500,500,0.0,0.0,1,1.0
nfcorpus,0,PLAIN-2209,1000,1000,0.0,0.0,1,1.0
nfcorpus,0,PLAIN-2209,2000,2000,0.0,0.0,1,1.0
nfcorpus,0,PLAIN-2209,5000,3633,0.0,0.0,1,1.0
nfcorpus,0,PLAIN-2220,10,11,0.3525683241217281,0.3525683241217281,0,0.55
nfcorpus,0,PLAIN-2220,20,21,0.3525683241217281,0.3525683241217281,1,1.0
nfcorpus,0,PLAIN-2220,50,51,0.3525683241217281,0.3525683241217281,1,1.0
nfcorpus,0,PLAIN-2220,100,101,0.3525683241217281,0.3525683241217281,1,1.0
nfcorpus,0,PLAIN-2220,200,201,0.3525683241217281,0.3525683241217281,1,1.0
nfcorpus,0,PLAIN-2220,500,501,0.3525683241217281,0.3525683241217281,1,1.0
nfcorpus,0,PLAIN-2220,1000,1001,0.3525683241217281,0.3525683241217281,1,1.0
nfcorpus,0,PLAIN-2220,2000,2001,0.3525683241217281,0.3525683241217281,1,1.0
nfcorpus,0,PLAIN-2220,5000,3634,0.3525683241217281,0.3525683241217281,1,1.0
nfcorpus,0,PLAIN-2230,10,16,0.08671382849411974,0.17342765698823948,0,0.8
nfcorpus,0,PLAIN-2230,20,26,0.08671382849411974,0.17342765698823948,0,1.0
nfcorpus,0,PLAIN-2230,50,56,0.08671382849411974,0.17342765698823948,0,1.0
nfcorpus,0,PLAIN-2230,100,106,0.08671382849411974,0.17342765698823948,0,1.0
nfcorpus,0,PLAIN-2230,200,206,0.08671382849411974,0.17342765698823948,0,1.0
nfcorpus,0,PLAIN-2230,500,506,0.17342765698823948,0.17342765698823948,0,1.0
nfcorpus,0,PLAIN-2230,1000,1006,0.17342765698823948,0.17342765698823948,0,1.0
nfcorpus,0,PLAIN-2230,2000,2006,0.17342765698823948,0.17342765698823948,0,1.0
nfcorpus,0,PLAIN-2230,5000,3639,0.17342765698823948,0.17342765698823948,1,1.0
nfcorpus,0,PLAIN-2240,10,19,0.6371523797895855,0.6371523797895855,0,0.8
nfcorpus,0,PLAIN-2240,20,29,0.6371523797895855,0.6371523797895855,0,1.0
nfcorpus,0,PLAIN-2240,50,59,0.6332196796270029,0.6371523797895855,0,1.0
nfcorpus,0,PLAIN-2240,100,109,0.6332196796270029,0.6371523797895855,0,1.0
nfcorpus,0,PLAIN-2240,200,209,0.6332196796270029,0.6371523797895855,0,1.0
nfcorpus,0,PLAIN-2240,500,509,0.6332196796270029,0.6371523797895855,0,1.0
nfcorpus,0,PLAIN-2240,1000,1009,0.6274092458891772,0.6371523797895855,0,1.0
nfcorpus,0,PLAIN-2240,2000,2009,0.6274092458891772,0.6371523797895855,0,1.0
nfcorpus,0,PLAIN-2240,5000,3642,0.6371523797895855,0.6371523797895855,1,1.0
nfcorpus,0,PLAIN-2250,10,19,0.0,0.0,0,0.85
nfcorpus,0,PLAIN-2250,20,29,0.0,0.0,0,1.0
nfcorpus,0,PLAIN-2250,50,59,0.0,0.0,0,1.0
nfcorpus,0,PLAIN-2250,100,109,0.0,0.0,0,1.0
nfcorpus,0,PLAIN-2250,200,209,0.0,0.0,0,1.0
nfcorpus,0,PLAIN-2250,500,509,0.0,0.0,0,1.0
nfcorpus,0,PLAIN-2250,1000,1009,0.0,0.0,0,1.0
nfcorpus,0,PLAIN-2250,2000,2009,0.0,0.0,1,1.0
nfcorpus,0,PLAIN-2250,5000,3642,0.0,0.0,1,1.0
nfcorpus,0,PLAIN-2261,10,20,0.7116179486056782,0.6421867266689009,0,0.55
nfcorpus,0,PLAIN-2261,20,40,0.7084409501232899,0.6421867266689009,0,0.75
nfcorpus,0,PLAIN-2261,50,100,0.6421867266689009,0.6421867266689009,0,0.75
nfcorpus,0,PLAIN-2261,100,200,0.6421867266689009,0.6421867266689009,1,1.0
nfcorpus,0,PLAIN-2261,200,400,0.6421867266689009,0.6421867266689009,1,1.0
nfcorpus,0,PLAIN-2261,500,974,0.6421867266689009,0.6421867266689009,1,1.0
nfcorpus,0,PLAIN-2261,1000,1474,0.6421867266689009,0.6421867266689009,1,1.0
nfcorpus,0,PLAIN-2261,2000,2474,0.6421867266689009,0.6421867266689009,1,1.0
nfcorpus,0,PLAIN-2261,5000,4107,0.6421867266689009,0.6421867266689009,1,1.0
nfcorpus,0,PLAIN-227,10,20,0.07336392209936005,0.0,0,0.55
nfcorpus,0,PLAIN-227,20,40,0.06625422345438903,0.0,0,0.65
nfcorpus,0,PLAIN-227,50,100,0.0,0.0,0,0.8
nfcorpus,0,PLAIN-227,100,200,0.0,0.0,0,0.85
nfcorpus,0,PLAIN-227,200,400,0.0,0.0,0,0.95
nfcorpus,0,PLAIN-227,500,1000,0.0,0.0,1,1.0
nfcorpus,0,PLAIN-227,1000,2000,0.0,0.0,1,1.0
nfcorpus,0,PLAIN-227,2000,3564,0.0,0.0,1,1.0
nfcorpus,0,PLAIN-227,5000,5197,0.0,0.0,1,1.0
nfcorpus,0,PLAIN-2271,10,10,0.0,0.0,0,0.5
nfcorpus,0,PLAIN-2271,20,20,0.0,0.0,1,1.0
nfcorpus,0,PLAIN-2271,50,50,0.0,0.0,1,1.0
nfcorpus,0,PLAIN-2271,100,100,0.0,0.0,1,1.0
nfcorpus,0,PLAIN-2271,200,200,0.0,0.0,1,1.0
nfcorpus,0,PLAIN-2271,500,500,0.0,0.0,1,1.0
nfcorpus,0,PLAIN-2271,1000,1000,0.0,0.0,1,1.0
nfcorpus,0,PLAIN-2271,2000,2000,0.0,0.0,1,1.0
nfcorpus,0,PLAIN-2271,5000,3633,0.0,0.0,1,1.0
nfcorpus,0,PLAIN-2281,10,13,0.0,0.0,0,0.65
nfcorpus,0,PLAIN-2281,20,23,0.0,0.0,0,1.0
nfcorpus,0,PLAIN-2281,50,53,0.0,0.0,0,1.0
nfcorpus,0,PLAIN-2281,100,103,0.0,0.0,0,1.0
nfcorpus,0,PLAIN-2281,200,203,0.0,0.0,0,1.0
nfcorpus,0,PLAIN-2281,500,503,0.0,0.0,1,1.0
nfcorpus,0,PLAIN-2281,1000,1003,0.0,0.0,1,1.0
nfcorpus,0,PLAIN-2281,2000,2003,0.0,0.0,1,1.0
nfcorpus,0,PLAIN-2281,5000,3636,0.0,0.0,1,1.0
nfcorpus,0,PLAIN-2291,10,20,0.21398626473452756,0.09803928583135704,0,0.6
nfcorpus,0,PLAIN-2291,20,40,0.13120507751234178,0.09803928583135704,0,0.6
nfcorpus,0,PLAIN-2291,50,100,0.0,0.09803928583135704,0,0.7
nfcorpus,0,PLAIN-2291,100,200,0.0,0.09803928583135704,0,0.85
nfcorpus,0,PLAIN-2291,200,400,0.09803928583135704,0.09803928583135704,1,1.0
nfcorpus,0,PLAIN-2291,500,1000,0.09803928583135704,0.09803928583135704,1,1.0
nfcorpus,0,PLAIN-2291,1000,2000,0.09803928583135704,0.09803928583135704,1,1.0
nfcorpus,0,PLAIN-2291,2000,3207,0.09803928583135704,0.09803928583135704,1,1.0
nfcorpus,0,PLAIN-2291,5000,4840,0.09803928583135704,0.09803928583135704,1,1.0
nfcorpus,0,PLAIN-23,10,20,0.6500426745213228,0.5727555047321237,0,0.65
nfcorpus,0,PLAIN-23,20,40,0.701033835090127,0.5727555047321237,0,0.75
nfcorpus,0,PLAIN-23,50,100,0.6363762929310753,0.5727555047321237,0,0.75
nfcorpus,0,PLAIN-23,100,200,0.5727555047321237,0.5727555047321237,0,0.8
nfcorpus,0,PLAIN-23,200,400,0.5727555047321237,0.5727555047321237,0,0.9
nfcorpus,0,PLAIN-23,500,1000,0.5727555047321237,0.5727555047321237,1,1.0
nfcorpus,0,PLAIN-23,1000,2000,0.5727555047321237,0.5727555047321237,1,1.0
nfcorpus,0,PLAIN-23,2000,4000,0.5727555047321237,0.5727555047321237,1,1.0
nfcorpus,0,PLAIN-23,5000,5720,0.5727555047321237,0.5727555047321237,1,1.0
nfcorpus,0,PLAIN-2301,10,20,0.0,0.0,0,0.7
nfcorpus,0,PLAIN-2301,20,40,0.0,0.0,0,0.7
nfcorpus,0,PLAIN-2301,50,100,0.0,0.0,0,0.75
nfcorpus,0,PLAIN-2301,100,200,0.0,0.0,0,0.8
nfcorpus,0,PLAIN-2301,200,400,0.0,0.0,0,0.85
nfcorpus,0,PLAIN-2301,500,1000,0.0,0.0,0,0.9
nfcorpus,0,PLAIN-2301,1000,1894,0.0,0.0,0,0.95
nfcorpus,0,PLAIN-2301,2000,2894,0.0,0.0,0,0.95
nfcorpus,0,PLAIN-2301,5000,4527,0.0,0.0,1,1.0
nfcorpus,0,PLAIN-2311,10,13,0.0,0.0,0,0.65
nfcorpus,0,PLAIN-2311,20,23,0.0,0.0,0,1.0
nfcorpus,0,PLAIN-2311,50,53,0.0,0.0,0,1.0
nfcorpus,0,PLAIN-2311,100,103,0.0,0.0,0,1.0
nfcorpus,0,PLAIN-2311,200,203,0.0,0.0,0,1.0
nfcorpus,0,PLAIN-2311,500,503,0.0,0.0,0,1.0
nfcorpus,0,PLAIN-2311,1000,1003,0.0,0.0,0,1.0
nfcorpus,0,PLAIN-2311,2000,2003,0.0,0.0,0,1.0
nfcorpus,0,PLAIN-2311,5000,3636,0.0,0.0,1,1.0
nfcorpus,0,PLAIN-2321,10,20,0.0,0.0,0,0.65
nfcorpus,0,PLAIN-2321,20,40,0.0,0.0,0,0.65
nfcorpus,0,PLAIN-2321,50,100,0.0,0.0,0,0.65
nfcorpus,0,PLAIN-2321,100,176,0.0,0.0,0,0.7
nfcorpus,0,PLAIN-2321,200,276,0.0,0.0,0,0.8
nfcorpus,0,PLAIN-2321,500,576,0.0,0.0,0,0.95
nfcorpus,0,PLAIN-2321,1000,1076,0.0,0.0,0,1.0
nfcorpus,0,PLAIN-2321,2000,2076,0.0,0.0,1,1.0
nfcorpus,0,PLAIN-2321,5000,3709,0.0,0.0,1,1.0
nfcorpus,0,PLAIN-2332,10,20,0.5900490851534655,0.44988737637276544,0,0.4
nfcorpus,0,PLAIN-2332,20,40,0.6023277671368326,0.44988737637276544,0,0.5
nfcorpus,0,PLAIN-2332,50,100,0.4472539411173282,0.44988737637276544,0,0.8
nfcorpus,0,PLAIN-2332,100,200,0.44988737637276544,0.44988737637276544,1,1.0
nfcorpus,0,PLAIN-2332,200,400,0.44988737637276544,0.44988737637276544,1,1.0
nfcorpus,0,PLAIN-2332,500,716,0.44988737637276544,0.44988737637276544,1,1.0
nfcorpus,0,PLAIN-2332,1000,1216,0.44988737637276544,0.44988737637276544,1,1.0
nfcorpus,0,PLAIN-2332,2000,2216,0.44988737637276544,0.44988737637276544,1,1.0
nfcorpus,0,PLAIN-2332,5000,3849,0.44988737637276544,0.44988737637276544,1,1.0
nfcorpus,0,PLAIN-2343,10,20,0.0,0.0,0,0.35
nfcorpus,0,PLAIN-2343,20,40,0.0,0.0,0,0.35
nfcorpus,0,PLAIN-2343,50,100,0.0,0.0,0,0.6
nfcorpus,0,PLAIN-2343,100,200,0.0,0.0,0,0.8
nfcorpus,0,PLAIN-2343,200,400,0.0,0.0,0,0.95
nfcorpus,0,PLAIN-2343,500,739,0.0,0.0,1,1.0
nfcorpus,0,PLAIN-2343,1000,1239,0.0,0.0,1,1.0
nfcorpus,0,PLAIN-2343,2000,2239,0.0,0.0,1,1.0
nfcorpus,0,PLAIN-2343,5000,3872,0.0,0.0,1,1.0
nfcorpus,0,PLAIN-2354,10,20,0.48522855511632257,0.48522855511632257,0,0.55
nfcorpus,0,PLAIN-2354,20,40,0.48522855511632257,0.48522855511632257,0,0.8
nfcorpus,0,PLAIN-2354,50,100,0.48522855511632257,0.48522855511632257,1,1.0
nfcorpus,0,PLAIN-2354,100,200,0.48522855511632257,0.48522855511632257,1,1.0
nfcorpus,0,PLAIN-2354,200,361,0.48522855511632257,0.48522855511632257,1,1.0
nfcorpus,0,PLAIN-2354,500,661,0.48522855511632257,0.48522855511632257,1,1.0
nfcorpus,0,PLAIN-2354,1000,1161,0.48522855511632257,0.48522855511632257,1,1.0
nfcorpus,0,PLAIN-2354,2000,2161,0.48522855511632257,0.48522855511632257,1,1.0
nfcorpus,0,PLAIN-2354,5000,3794,0.48522855511632257,0.48522855511632257,1,1.0
nfcorpus,0,PLAIN-2364,10,20,0.0,0.0,0,0.55
nfcorpus,0,PLAIN-2364,20,40,0.0,0.0,0,0.75
nfcorpus,0,PLAIN-2364,50,100,0.0,0.0,0,0.9
nfcorpus,0,PLAIN-2364,100,200,0.0,0.0,1,1.0
nfcorpus,0,PLAIN-2364,200,400,0.0,0.0,1,1.0
nfcorpus,0,PLAIN-2364,500,959,0.0,0.0,1,1.0
nfcorpus,0,PLAIN-2364,1000,1459,0.0,0.0,1,1.0
nfcorpus,0,PLAIN-2364,2000,2459,0.0,0.0,1,1.0
nfcorpus,0,PLAIN-2364,5000,4092,0.0,0.0,1,1.0
nfcorpus,0,PLAIN-2375,10,20,0.0,0.0,0,0.7
nfcorpus,0,PLAIN-2375,20,40,0.0,0.0,0,0.7
nfcorpus,0,PLAIN-2375,50,100,0.0,0.0,0,0.7
nfcorpus,0,PLAIN-2375,100,200,0.0,0.0,0,0.85
nfcorpus,0,PLAIN-2375,200,314,0.0,0.0,0,0.9
nfcorpus,0,PLAIN-2375,500,614,0.0,0.0,0,0.9
nfcorpus,0,PLAIN-2375,1000,1114,0.0,0.0,0,0.9
nfcorpus,0,PLAIN-2375,2000,2114,0.0,0.0,0,0.95
nfcorpus,0,PLAIN-2375,5000,3747,0.0,0.0,1,1.0
nfcorpus,0,PLAIN-238,10,20,0.11004588314904008,0.13886244387355454,0,0.7
nfcorpus,0,PLAIN-238,20,40,0.13886244387355454,0.13886244387355454,0,0.7
nfcorpus,0,PLAIN-238,50,100,0.13886244387355454,0.13886244387355454,0,0.8
nfcorpus,0,PLAIN-238,100,200,0.13886244387355454,0.13886244387355454,0,0.8
nfcorpus,0,PLAIN-238,200,400,0.13886244387355454,0.13886244387355454,0,0.95
nfcorpus,0,PLAIN-238,500,1000,0.13886244387355454,0.13886244387355454,1,1.0
nfcorpus,0,PLAIN-238,1000,2000,0.13886244387355454,0.13886244387355454,1,1.0
nfcorpus,0,PLAIN-238,2000,3700,0.13886244387355454,0.13886244387355454,1,1.0
nfcorpus,0,PLAIN-238,5000,5333,0.13886244387355454,0.13886244387355454,1,1.0
nfcorpus,0,PLAIN-2386,10,13,0.07839826897867533,0.07839826897867533,0,0.6
nfcorpus,0,PLAIN-2386,20,23,0.07839826897867533,0.07839826897867533,0,1.0
nfcorpus,0,PLAIN-2386,50,53,0.07839826897867533,0.07839826897867533,0,1.0
nfcorpus,0,PLAIN-2386,100,103,0.07839826897867533,0.07839826897867533,0,1.0
nfcorpus,0,PLAIN-2386,200,203,0.07839826897867533,0.07839826897867533,0,1.0
nfcorpus,0,PLAIN-2386,500,503,0.07839826897867533,0.07839826897867533,0,1.0
nfcorpus,0,PLAIN-2386,1000,1003,0.07839826897867533,0.07839826897867533,0,1.0
nfcorpus,0,PLAIN-2386,2000,2003,0.07839826897867533,0.07839826897867533,1,1.0
nfcorpus,0,PLAIN-2386,5000,3636,0.07839826897867533,0.07839826897867533,1,1.0
nfcorpus,0,PLAIN-2396,10,10,0.0,0.0,0,0.5
nfcorpus,0,PLAIN-2396,20,20,0.0,0.0,1,1.0
nfcorpus,0,PLAIN-2396,50,50,0.0,0.0,1,1.0
nfcorpus,0,PLAIN-2396,100,100,0.0,0.0,1,1.0
nfcorpus,0,PLAIN-2396,200,200,0.0,0.0,1,1.0
nfcorpus,0,PLAIN-2396,500,500,0.0,0.0,1,1.0
nfcorpus,0,PLAIN-2396,1000,1000,0.0,0.0,1,1.0
nfcorpus,0,PLAIN-2396,2000,2000,0.0,0.0,1,1.0
nfcorpus,0,PLAIN-2396,5000,3633,0.0,0.0,1,1.0
nfcorpus,0,PLAIN-2408,10,10,0.09803928583135704,0.09803928583135704,0,0.5
nfcorpus,0,PLAIN-2408,20,20,0.09803928583135704,0.09803928583135704,1,1.0
nfcorpus,0,PLAIN-2408,50,50,0.09803928583135704,0.09803928583135704,1,1.0
nfcorpus,0,PLAIN-2408,100,100,0.09803928583135704,0.09803928583135704,1,1.0
nfcorpus,0,PLAIN-2408,200,200,0.09803928583135704,0.09803928583135704,1,1.0
nfcorpus,0,PLAIN-2408,500,500,0.09803928583135704,0.09803928583135704,1,1.0
nfcorpus,0,PLAIN-2408,1000,1000,0.09803928583135704,0.09803928583135704,1,1.0
nfcorpus,0,PLAIN-2408,2000,2000,0.09803928583135704,0.09803928583135704,1,1.0
nfcorpus,0,PLAIN-2408,5000,3633,0.09803928583135704,0.09803928583135704,1,1.0
nfcorpus,0,PLAIN-2430,10,20,0.5648064885111518,0.5884707785014293,0,0.55
nfcorpus,0,PLAIN-2430,20,40,0.5897874961291478,0.5884707785014293,0,0.65
nfcorpus,0,PLAIN-2430,50,100,0.5884707785014293,0.5884707785014293,0,0.9
nfcorpus,0,PLAIN-2430,100,200,0.5884707785014293,0.5884707785014293,0,0.95
nfcorpus,0,PLAIN-2430,200,400,0.5884707785014293,0.5884707785014293,1,1.0
nfcorpus,0,PLAIN-2430,500,1000,0.5884707785014293,0.5884707785014293,1,1.0
nfcorpus,0,PLAIN-2430,1000,2000,0.5884707785014293,0.5884707785014293,1,1.0
nfcorpus,0,PLAIN-2430,2000,3128,0.5884707785014293,0.5884707785014293,1,1.0
nfcorpus,0,PLAIN-2430,5000,4761,0.5884707785014293,0.5884707785014293,1,1.0
nfcorpus,0,PLAIN-2440,10,20,0.0,0.0,0,0.5
nfcorpus,0,PLAIN-2440,20,40,0.0,0.0,0,0.5
nfcorpus,0,PLAIN-2440,50,100,0.0,0.0,0,0.55
nfcorpus,0,PLAIN-2440,100,200,0.0,0.0,0,0.8
nfcorpus,0,PLAIN-2440,200,400,0.0,0.0,0,0.85
nfcorpus,0,PLAIN-2440,500,1000,0.0,0.0,0,0.95
nfcorpus,0,PLAIN-2440,1000,2000,0.0,0.0,0,0.95
nfcorpus,0,PLAIN-2440,2000,4000,0.0,0.0,1,1.0
nfcorpus,0,PLAIN-2440,5000,6126,0.0,0.0,1,1.0
nfcorpus,0,PLAIN-2450,10,20,0.13886244387355454,0.21726071285222986,0,0.6
nfcorpus,0,PLAIN-2450,20,40,0.21726071285222986,0.21726071285222986,0,0.85
nfcorpus,0,PLAIN-2450,50,100,0.21726071285222986,0.21726071285222986,1,1.0
nfcorpus,0,PLAIN-2450,100,200,0.21726071285222986,0.21726071285222986,1,1.0
nfcorpus,0,PLAIN-2450,200,400,0.21726071285222986,0.21726071285222986,1,1.0
nfcorpus,0,PLAIN-2450,500,1000,0.21726071285222986,0.21726071285222986,1,1.0
nfcorpus,0,PLAIN-2450,1000,2000,0.21726071285222986,0.21726071285222986,1,1.0
nfcorpus,0,PLAIN-2450,2000,3164,0.21726071285222986,0.21726071285222986,1,1.0
nfcorpus,0,PLAIN-2450,5000,4797,0.21726071285222986,0.21726071285222986,1,1.0
nfcorpus,0,PLAIN-2460,10,20,0.08898358573137954,0.2644335493285083,0,0.7
nfcorpus,0,PLAIN-2460,20,40,0.08421358772610595,0.2644335493285083,0,0.7
nfcorpus,0,PLAIN-2460,50,100,0.1840733640478603,0.2644335493285083,0,0.85
nfcorpus,0,PLAIN-2460,100,200,0.2644335493285083,0.2644335493285083,0,0.65
nfcorpus,0,PLAIN-2460,200,400,0.2644335493285083,0.2644335493285083,1,1.0
nfcorpus,0,PLAIN-2460,500,1000,0.2644335493285083,0.2644335493285083,1,1.0
nfcorpus,0,PLAIN-2460,1000,2000,0.2644335493285083,0.2644335493285083,1,1.0
nfcorpus,0,PLAIN-2460,2000,3710,0.2644335493285083,0.2644335493285083,1,1.0
nfcorpus,0,PLAIN-2460,5000,5343,0.2644335493285083,0.2644335493285083,1,1.0
nfcorpus,0,PLAIN-2470,10,20,0.5797295018337947,0.5712383102460566,0,0.6
nfcorpus,0,PLAIN-2470,20,40,0.5736233092486934,0.5712383102460566,0,0.65
nfcorpus,0,PLAIN-2470,50,100,0.5712383102460566,0.5712383102460566,0,0.75
nfcorpus,0,PLAIN-2470,100,200,0.5712383102460566,0.5712383102460566,1,1.0
nfcorpus,0,PLAIN-2470,200,400,0.5712383102460566,0.5712383102460566,1,1.0
nfcorpus,0,PLAIN-2470,500,1000,0.5712383102460566,0.5712383102460566,1,1.0
nfcorpus,0,PLAIN-2470,1000,1776,0.5712383102460566,0.5712383102460566,1,1.0
nfcorpus,0,PLAIN-2470,2000,2776,0.5712383102460566,0.5712383102460566,1,1.0
nfcorpus,0,PLAIN-2470,5000,4409,0.5712383102460566,0.5712383102460566,1,1.0
nfcorpus,0,PLAIN-248,10,20,0.5271064966405454,0.5704044892860389,0,0.7
nfcorpus,0,PLAIN-248,20,40,0.5704044892860389,0.5704044892860389,0,0.85
nfcorpus,0,PLAIN-248,50,100,0.5704044892860389,0.5704044892860389,0,0.95
nfcorpus,0,PLAIN-248,100,200,0.5704044892860389,0.5704044892860389,1,1.0
nfcorpus,0,PLAIN-248,200,400,0.5704044892860389,0.5704044892860389,1,1.0
nfcorpus,0,PLAIN-248,500,1000,0.5704044892860389,0.5704044892860389,1,1.0
nfcorpus,0,PLAIN-248,1000,2000,0.5704044892860389,0.5704044892860389,1,1.0
nfcorpus,0,PLAIN-248,2000,3312,0.5704044892860389,0.5704044892860389,1,1.0
nfcorpus,0,PLAIN-248,5000,4945,0.5704044892860389,0.5704044892860389,1,1.0
nfcorpus,0,PLAIN-2480,10,20,0.32812402111870137,0.40153613625109275,0,0.55
nfcorpus,0,PLAIN-2480,20,40,0.33310509438634844,0.40153613625109275,0,0.65
nfcorpus,0,PLAIN-2480,50,100,0.4048175167400242,0.40153613625109275,0,0.75
nfcorpus,0,PLAIN-2480,100,200,0.40153613625109275,0.40153613625109275,0,0.8
nfcorpus,0,PLAIN-2480,200,400,0.40153613625109275,0.40153613625109275,0,0.9
nfcorpus,0,PLAIN-2480,500,1000,0.40153613625109275,0.40153613625109275,1,1.0
nfcorpus,0,PLAIN-2480,1000,2000,0.40153613625109275,0.40153613625109275,1,1.0
nfcorpus,0,PLAIN-2480,2000,3453,0.40153613625109275,0.40153613625109275,1,1.0
nfcorpus,0,PLAIN-2480,5000,5086,0.40153613625109275,0.40153613625109275,1,1.0
nfcorpus,0,PLAIN-2490,10,20,0.3656834952390466,0.3350319336426391,0,0.5
nfcorpus,0,PLAIN-2490,20,40,0.3504609550383511,0.3350319336426391,0,0.55
nfcorpus,0,PLAIN-2490,50,100,0.3350319336426391,0.3350319336426391,0,0.65
nfcorpus,0,PLAIN-2490,100,200,0.3350319336426391,0.3350319336426391,0,0.8
nfcorpus,0,PLAIN-2490,200,400,0.3350319336426391,0.3350319336426391,0,0.9
nfcorpus,0,PLAIN-2490,500,1000,0.3350319336426391,0.3350319336426391,0,0.95
nfcorpus,0,PLAIN-2490,1000,2000,0.3350319336426391,0.3350319336426391,1,1.0
nfcorpus,0,PLAIN-2490,2000,3613,0.3350319336426391,0.3350319336426391,1,1.0
nfcorpus,0,PLAIN-2490,5000,5246,0.3350319336426391,0.3350319336426391,1,1.0
nfcorpus,0,PLAIN-2500,10,20,0.13521046138463966,0.2732021367992569,0,0.6
nfcorpus,0,PLAIN-2500,20,40,0.11974534227438745,0.2732021367992569,0,0.65
nfcorpus,0,PLAIN-2500,50,100,0.2732021367992569,0.2732021367992569,0,0.85
nfcorpus,0,PLAIN-2500,100,200,0.2732021367992569,0.2732021367992569,0,0.95
nfcorpus,0,PLAIN-2500,200,400,0.2732021367992569,0.2732021367992569,1,1.0
nfcorpus,0,PLAIN-2500,500,1000,0.2732021367992569,0.2732021367992569,1,1.0
nfcorpus,0,PLAIN-2500,1000,2000,0.2732021367992569,0.2732021367992569,1,1.0
nfcorpus,0,PLAIN-2500,2000,4000,0.2732021367992569,0.2732021367992569,1,1.0
nfcorpus,0,PLAIN-2500,5000,6323,0.2732021367992569,0.2732021367992569,1,1.0
nfcorpus,0,PLAIN-2510,10,20,0.718342412090308,0.7215194105726963,0,0.6
nfcorpus,0,PLAIN-2510,20,40,0.7215194105726963,0.7215194105726963,0,0.85
nfcorpus,0,PLAIN-2510,50,100,0.7215194105726963,0.7215194105726963,1,1.0
nfcorpus,0,PLAIN-2510,100,200,0.7215194105726963,0.7215194105726963,1,1.0
nfcorpus,0,PLAIN-2510,200,400,0.7215194105726963,0.7215194105726963,1,1.0
nfcorpus,0,PLAIN-2510,500,1000,0.7215194105726963,0.7215194105726963,1,1.0
nfcorpus,0,PLAIN-2510,1000,1653,0.7215194105726963,0.7215194105726963,1,1.0
nfcorpus,0,PLAIN-2510,2000,2653,0.7215194105726963,0.7215194105726963,1,1.0
nfcorpus,0,PLAIN-2510,5000,4286,0.7215194105726963,0.7215194105726963,1,1.0
nfcorpus,0,PLAIN-2520,10,20,0.06943122193677727,0.1882229761396213,0,0.6
nfcorpus,0,PLAIN-2520,20,40,0.15939696294236316,0.1882229761396213,0,0.7
nfcorpus,0,PLAIN-2520,50,100,0.1882229761396213,0.1882229761396213,0,0.95
nfcorpus,0,PLAIN-2520,100,200,0.1882229761396213,0.1882229761396213,1,1.0
nfcorpus,0,PLAIN-2520,200,400,0.1882229761396213,0.1882229761396213,1,1.0
nfcorpus,0,PLAIN-2520,500,1000,0.1882229761396213,0.1882229761396213,1,1.0
nfcorpus,0,PLAIN-2520,1000,2000,0.1882229761396213,0.1882229761396213,1,1.0
nfcorpus,0,PLAIN-2520,2000,3798,0.1882229761396213,0.1882229761396213,1,1.0
nfcorpus,0,PLAIN-2520,5000,5431,0.1882229761396213,0.1882229761396213,1,1.0
nfcorpus,0,PLAIN-2530,10,20,0.9334739949321355,0.9350624941733295,0,0.6
nfcorpus,0,PLAIN-2530,20,40,0.9350624941733295,0.9350624941733295,0,0.85
nfcorpus,0,PLAIN-2530,50,100,0.9350624941733295,0.9350624941733295,0,0.9
nfcorpus,0,PLAIN-2530,100,200,0.9350624941733295,0.9350624941733295,1,1.0
nfcorpus,0,PLAIN-2530,200,400,0.9350624941733295,0.9350624941733295,1,1.0
nfcorpus,0,PLAIN-2530,500,936,0.9350624941733295,0.9350624941733295,1,1.0
nfcorpus,0,PLAIN-2530,1000,1436,0.9350624941733295,0.9350624941733295,1,1.0
nfcorpus,0,PLAIN-2530,2000,2436,0.9350624941733295,0.9350624941733295,1,1.0
nfcorpus,0,PLAIN-2530,5000,4069,0.9350624941733295,0.9350624941733295,1,1.0
nfcorpus,0,PLAIN-2540,10,20,0.47887731254557636,0.629666199657577,0,0.65
nfcorpus,0,PLAIN-2540,20,40,0.48440934550671255,0.629666199657577,0,0.7
nfcorpus,0,PLAIN-2540,50,100,0.5642358271361175,0.629666199657577,0,0.8
nfcorpus,0,PLAIN-2540,100,200,0.6343075592453276,0.629666199657577,0,0.8
nfcorpus,0,PLAIN-2540,200,400,0.629666199657577,0.629666199657577,1,1.0
nfcorpus,0,PLAIN-2540,500,1000,0.629666199657577,0.629666199657577,1,1.0
nfcorpus,0,PLAIN-2540,1000,1563,0.629666199657577,0.629666199657577,1,1.0
nfcorpus,0,PLAIN-2540,2000,2563,0.629666199657577,0.629666199657577,1,1.0
nfcorpus,0,PLAIN-2540,5000,4196,0.629666199657577,0.629666199657577,1,1.0
nfcorpus,0,PLAIN-2550,10,20,0.1540551280046201,0.10975131898723876,0,0.55
nfcorpus,0,PLAIN-2550,20,40,0.07671287990839405,0.10975131898723876,0,0.6
nfcorpus,0,PLAIN-2550,50,100,0.10975131898723876,0.10975131898723876,0,0.85
nfcorpus,0,PLAIN-2550,100,200,0.10975131898723876,0.10975131898723876,0,0.75
nfcorpus,0,PLAIN-2550,200,400,0.10975131898723876,0.10975131898723876,0,0.9
nfcorpus,0,PLAIN-2550,500,1000,0.10975131898723876,0.10975131898723876,1,1.0
nfcorpus,0,PLAIN-2550,1000,2000,0.10975131898723876,0.10975131898723876,1,1.0
nfcorpus,0,PLAIN-2550,2000,3497,0.10975131898723876,0.10975131898723876,1,1.0
nfcorpus,0,PLAIN-2550,5000,5130,0.10975131898723876,0.10975131898723876,1,1.0
nfcorpus,0,PLAIN-2560,10,20,0.9363792118010481,0.8669479898642709,0,0.55
nfcorpus,0,PLAIN-2560,20,40,0.8669479898642709,0.8669479898642709,0,0.95
nfcorpus,0,PLAIN-2560,50,100,0.8669479898642709,0.8669479898642709,1,1.0
nfcorpus,0,PLAIN-2560,100,200,0.8669479898642709,0.8669479898642709,1,1.0
nfcorpus,0,PLAIN-2560,200,400,0.8669479898642709,0.8669479898642709,1,1.0
nfcorpus,0,PLAIN-2560,500,777,0.8669479898642709,0.8669479898642709,1,1.0
nfcorpus,0,PLAIN-2560,1000,1277,0.8669479898642709,0.8669479898642709,1,1.0
nfcorpus,0,PLAIN-2560,2000,2277,0.8669479898642709,0.8669479898642709,1,1.0
nfcorpus,0,PLAIN-2560,5000,3910,0.8669479898642709,0.8669479898642709,1,1.0
nfcorpus,0,PLAIN-2570,10,20,0.2444521888215188,0.2444521888215188,0,0.5
nfcorpus,0,PLAIN-2570,20,40,0.2444521888215188,0.2444521888215188,0,0.5
nfcorpus,0,PLAIN-2570,50,100,0.2444521888215188,0.2444521888215188,0,0.55
nfcorpus,0,PLAIN-2570,100,200,0.321568268448101,0.2444521888215188,0,0.7
nfcorpus,0,PLAIN-2570,200,400,0.2444521888215188,0.2444521888215188,0,0.95
nfcorpus,0,PLAIN-2570,500,1000,0.2444521888215188,0.2444521888215188,1,1.0
nfcorpus,0,PLAIN-2570,1000,1825,0.2444521888215188,0.2444521888215188,1,1.0
nfcorpus,0,PLAIN-2570,2000,2825,0.2444521888215188,0.2444521888215188,1,1.0
nfcorpus,0,PLAIN-2570,5000,4458,0.2444521888215188,0.2444521888215188,1,1.0
nfcorpus,0,PLAIN-2580,10,20,0.2535828648414812,0.2535828648414812,0,0.6
nfcorpus,0,PLAIN-2580,20,40,0.2535828648414812,0.2535828648414812,0,0.7
nfcorpus,0,PLAIN-2580,50,100,0.2535828648414812,0.2535828648414812,0,0.75
nfcorpus,0,PLAIN-2580,100,200,0.2535828648414812,0.2535828648414812,0,0.85
nfcorpus,0,PLAIN-2580,200,400,0.2535828648414812,0.2535828648414812,0,0.85
nfcorpus,0,PLAIN-2580,500,1000,0.2535828648414812,0.2535828648414812,1,1.0
nfcorpus,0,PLAIN-2580,1000,1534,0.2535828648414812,0.2535828648414812,1,1.0
nfcorpus,0,PLAIN-2580,2000,2534,0.2535828648414812,0.2535828648414812,1,1.0
nfcorpus,0,PLAIN-2580,5000,4167,0.2535828648414812,0.2535828648414812,1,1.0
nfcorpus,0,PLAIN-259,10,20,0.3589542101716347,0.3589542101716347,0,0.55
nfcorpus,0,PLAIN-259,20,40,0.3589542101716347,0.3589542101716347,0,0.6
nfcorpus,0,PLAIN-259,50,100,0.3589542101716347,0.3589542101716347,0,0.7
nfcorpus,0,PLAIN-259,100,200,0.3589542101716347,0.3589542101716347,0,0.7
nfcorpus,0,PLAIN-259,200,400,0.3589542101716347,0.3589542101716347,0,0.85
nfcorpus,0,PLAIN-259,500,1000,0.3589542101716347,0.3589542101716347,0,0.9
nfcorpus,0,PLAIN-259,1000,1757,0.3589542101716347,0.3589542101716347,0,0.95
nfcorpus,0,PLAIN-259,2000,2757,0.3589542101716347,0.3589542101716347,0,0.95
nfcorpus,0,PLAIN-259,5000,4390,0.3589542101716347,0.3589542101716347,1,1.0
nfcorpus,0,PLAIN-2590,10,20,0.048951343720214306,0.0,0,0.45
nfcorpus,0,PLAIN-2590,20,40,0.035856211176837884,0.0,0,0.5
nfcorpus,0,PLAIN-2590,50,100,0.0,0.0,0,0.75
nfcorpus,0,PLAIN-2590,100,200,0.0,0.0,1,1.0
nfcorpus,0,PLAIN-2590,200,400,0.0,0.0,1,1.0
nfcorpus,0,PLAIN-2590,500,1000,0.0,0.0,1,1.0
nfcorpus,0,PLAIN-2590,1000,1800,0.0,0.0,1,1.0
nfcorpus,0,PLAIN-2590,2000,2800,0.0,0.0,1,1.0
nfcorpus,0,PLAIN-2590,5000,4433,0.0,0.0,1,1.0
nfcorpus,0,PLAIN-2600,10,20,0.6499590469680814,0.6542721934360558,0,0.6
nfcorpus,0,PLAIN-2600,20,40,0.6542721934360558,0.6542721934360558,0,0.8
nfcorpus,0,PLAIN-2600,50,100,0.6542721934360558,0.6542721934360558,0,0.95
nfcorpus,0,PLAIN-2600,100,200,0.6542721934360558,0.6542721934360558,1,1.0
nfcorpus,0,PLAIN-2600,200,400,0.6542721934360558,0.6542721934360558,1,1.0
nfcorpus,0,PLAIN-2600,500,1000,0.6542721934360558,0.6542721934360558,1,1.0
nfcorpus,0,PLAIN-2600,1000,1648,0.6542721934360558,0.6542721934360558,1,1.0
nfcorpus,0,PLAIN-2600,2000,2648,0.6542721934360558,0.6542721934360558,1,1.0
nfcorpus,0,PLAIN-2600,5000,4281,0.6542721934360558,0.6542721934360558,1,1.0
nfcorpus,0,PLAIN-2610,10,20,0.40348266660099286,0.39767223286316733,0,0.6
nfcorpus,0,PLAIN-2610,20,40,0.40030566811860463,0.39767223286316733,0,0.75
nfcorpus,0,PLAIN-2610,50,100,0.3340514446642156,0.39767223286316733,0,0.8
nfcorpus,0,PLAIN-2610,100,200,0.39767223286316733,0.39767223286316733,0,0.85
nfcorpus,0,PLAIN-2610,200,400,0.39767223286316733,0.39767223286316733,1,1.0
nfcorpus,0,PLAIN-2610,500,1000,0.39767223286316733,0.39767223286316733,1,1.0
nfcorpus,0,PLAIN-2610,1000,2000,0.39767223286316733,0.39767223286316733,1,1.0
nfcorpus,0,PLAIN-2610,2000,3015,0.39767223286316733,0.39767223286316733,1,1.0
nfcorpus,0,PLAIN-2610,5000,4648,0.39767223286316733,0.39767223286316733,1,1.0
nfcorpus,0,PLAIN-2620,10,20,0.36501604034462,0.25644354967530175,0,0.55
nfcorpus,0,PLAIN-2620,20,40,0.3514535584014342,0.25644354967530175,0,0.6
nfcorpus,0,PLAIN-2620,50,100,0.2538101144198644,0.25644354967530175,0,0.75
nfcorpus,0,PLAIN-2620,100,200,0.25644354967530175,0.25644354967530175,0,0.75
nfcorpus,0,PLAIN-2620,200,400,0.25644354967530175,0.25644354967530175,0,0.95
nfcorpus,0,PLAIN-2620,500,1000,0.25644354967530175,0.25644354967530175,1,1.0
nfcorpus,0,PLAIN-2620,1000,2000,0.25644354967530175,0.25644354967530175,1,1.0
nfcorpus,0,PLAIN-2620,2000,3309,0.25644354967530175,0.25644354967530175,1,1.0
nfcorpus,0,PLAIN-2620,5000,4942,0.25644354967530175,0.25644354967530175,1,1.0
nfcorpus,0,PLAIN-2630,10,20,0.6203974344166847,0.689828656353462,0,0.7
nfcorpus,0,PLAIN-2630,20,40,0.696938354998433,0.689828656353462,0,0.8
nfcorpus,0,PLAIN-2630,50,100,0.689828656353462,0.689828656353462,0,0.95
nfcorpus,0,PLAIN-2630,100,200,0.689828656353462,0.689828656353462,1,1.0
nfcorpus,0,PLAIN-2630,200,304,0.689828656353462,0.689828656353462,1,1.0
nfcorpus,0,PLAIN-2630,500,604,0.689828656353462,0.689828656353462,1,1.0
nfcorpus,0,PLAIN-2630,1000,1104,0.689828656353462,0.689828656353462,1,1.0
nfcorpus,0,PLAIN-2630,2000,2104,0.689828656353462,0.689828656353462,1,1.0
nfcorpus,0,PLAIN-2630,5000,3737,0.689828656353462,0.689828656353462,1,1.0
nfcorpus,0,PLAIN-2640,10,20,0.633089940526515,0.5958737502508581,0,0.5
nfcorpus,0,PLAIN-2640,20,40,0.563018208417305,0.5958737502508581,0,0.85
nfcorpus,0,PLAIN-2640,50,100,0.5958737502508581,0.5958737502508581,1,1.0
nfcorpus,0,PLAIN-2640,100,200,0.5958737502508581,0.5958737502508581,1,1.0
nfcorpus,0,PLAIN-2640,200,400,0.5958737502508581,0.5958737502508581,1,1.0
nfcorpus,0,PLAIN-2640,500,969,0.5958737502508581,0.5958737502508581,1,1.0
nfcorpus,0,PLAIN-2640,1000,1469,0.5958737502508581,0.5958737502508581,1,1.0
nfcorpus,0,PLAIN-2640,2000,2469,0.5958737502508581,0.5958737502508581,1,1.0
nfcorpus,0,PLAIN-2640,5000,4102,0.5958737502508581,0.5958737502508581,1,1.0
nfcorpus,0,PLAIN-2650,10,20,0.4440973278132557,0.5988751049740155,0,0.75
nfcorpus,0,PLAIN-2650,20,40,0.5988751049740155,0.5988751049740155,0,0.9
nfcorpus,0,PLAIN-2650,50,100,0.5988751049740155,0.5988751049740155,1,1.0
nfcorpus,0,PLAIN-2650,100,187,0.5988751049740155,0.5988751049740155,1,1.0
nfcorpus,0,PLAIN-2650,200,287,0.5988751049740155,0.5988751049740155,1,1.0
nfcorpus,0,PLAIN-2650,500,587,0.5988751049740155,0.5988751049740155,1,1.0
nfcorpus,0,PLAIN-2650,1000,1087,0.5988751049740155,0.5988751049740155,1,1.0
nfcorpus,0,PLAIN-2650,2000,2087,0.5988751049740155,0.5988751049740155,1,1.0
nfcorpus,0,PLAIN-2650,5000,3720,0.5988751049740155,0.5988751049740155,1,1.0
nfcorpus,0,PLAIN-2660,10,20,0.2696729442500548,0.24486898783784214,0,0.5
nfcorpus,0,PLAIN-2660,20,40,0.2117418761106476,0.24486898783784214,0,0.55
nfcorpus,0,PLAIN-2660,50,100,0.24486898783784214,0.24486898783784214,0,0.85
nfcorpus,0,PLAIN-2660,100,200,0.24486898783784214,0.24486898783784214,1,1.0
nfcorpus,0,PLAIN-2660,200,400,0.24486898783784214,0.24486898783784214,1,1.0
nfcorpus,0,PLAIN-2660,500,1000,0.24486898783784214,0.24486898783784214,1,1.0
nfcorpus,0,PLAIN-2660,1000,2000,0.24486898783784214,0.24486898783784214,1,1.0
nfcorpus,0,PLAIN-2660,2000,4000,0.24486898783784214,0.24486898783784214,1,1.0
nfcorpus,0,PLAIN-2660,5000,6049,0.24486898783784214,0.24486898783784214,1,1.0
nfcorpus,0,PLAIN-2670,10,20,0.37456050428247883,0.37456050428247883,0,0.55
nfcorpus,0,PLAIN-2670,20,40,0.37456050428247883,0.37456050428247883,0,0.55
nfcorpus,0,PLAIN-2670,50,100,0.37456050428247883,0.37456050428247883,0,0.8
nfcorpus,0,PLAIN-2670,100,200,0.37456050428247883,0.37456050428247883,0,0.9
nfcorpus,0,PLAIN-2670,200,361,0.37456050428247883,0.37456050428247883,1,1.0
nfcorpus,0,PLAIN-2670,500,661,0.37456050428247883,0.37456050428247883,1,1.0
nfcorpus,0,PLAIN-2670,1000,1161,0.37456050428247883,0.37456050428247883,1,1.0
nfcorpus,0,PLAIN-2670,2000,2161,0.37456050428247883,0.37456050428247883,1,1.0
nfcorpus,0,PLAIN-2670,5000,3794,0.37456050428247883,0.37456050428247883,1,1.0
nfcorpus,0,PLAIN-2680,10,20,0.4752917543646042,0.4134433012577537,0,0.6
nfcorpus,0,PLAIN-2680,20,40,0.4576287922132952,0.4134433012577537,0,0.7
nfcorpus,0,PLAIN-2680,50,100,0.4134433012577537,0.4134433012577537,1,1.0
nfcorpus,0,PLAIN-2680,100,200,0.4134433012577537,0.4134433012577537,1,1.0
nfcorpus,0,PLAIN-2680,200,400,0.4134433012577537,0.4134433012577537,1,1.0
nfcorpus,0,PLAIN-2680,500,1000,0.4134433012577537,0.4134433012577537,1,1.0
nfcorpus,0,PLAIN-2680,1000,2000,0.4134433012577537,0.4134433012577537,1,1.0
nfcorpus,0,PLAIN-2680,2000,4000,0.4134433012577537,0.4134433012577537,1,1.0
nfcorpus,0,PLAIN-2680,5000,6018,0.4134433012577537,0.4134433012577537,1,1.0
nfcorpus,0,PLAIN-2690,10,20,0.47891465757282514,0.48181987444173785,0,0.55
nfcorpus,0,PLAIN-2690,20,40,0.44578754584563063,0.48181987444173785,0,0.75
nfcorpus,0,PLAIN-2690,50,100,0.48181987444173785,0.48181987444173785,0,0.75
nfcorpus,0,PLAIN-2690,100,200,0.48181987444173785,0.48181987444173785,0,0.75
nfcorpus,0,PLAIN-2690,200,400,0.48181987444173785,0.48181987444173785,1,1.0
nfcorpus,0,PLAIN-2690,500,883,0.48181987444173785,0.48181987444173785,1,1.0
nfcorpus,0,PLAIN-2690,1000,1383,0.48181987444173785,0.48181987444173785,1,1.0
nfcorpus,0,PLAIN-2690,2000,2383,0.48181987444173785,0.48181987444173785,1,1.0
nfcorpus,0,PLAIN-2690,5000,4016,0.48181987444173785,0.48181987444173785,1,1.0
nfcorpus,0,PLAIN-270,10,20,0.13886244387355454,0.13886244387355454,0,0.55
nfcorpus,0,PLAIN-270,20,40,0.13886244387355454,0.13886244387355454,0,0.6
nfcorpus,0,PLAIN-270,50,100,0.13886244387355454,0.13886244387355454,0,0.95
nfcorpus,0,PLAIN-270,100,200,0.13886244387355454,0.13886244387355454,1,1.0
nfcorpus,0,PLAIN-270,200,371,0.13886244387355454,0.13886244387355454,1,1.0
nfcorpus,0,PLAIN-270,500,671,0.13886244387355454,0.13886244387355454,1,1.0
nfcorpus,0,PLAIN-270,1000,1171,0.13886244387355454,0.13886244387355454,1,1.0
nfcorpus,0,PLAIN-270,2000,2171,0.13886244387355454,0.13886244387355454,1,1.0
nfcorpus,0,PLAIN-270,5000,3804,0.13886244387355454,0.13886244387355454,1,1.0
nfcorpus,0,PLAIN-2700,10,20,0.4548011210933178,0.1890570933316362,0,0.5
nfcorpus,0,PLAIN-2700,20,40,0.40485972052232055,0.1890570933316362,0,0.55
nfcorpus,0,PLAIN-2700,50,100,0.1890570933316362,0.1890570933316362,0,0.6
nfcorpus,0,PLAIN-2700,100,200,0.1890570933316362,0.1890570933316362,0,0.85
nfcorpus,0,PLAIN-2700,200,400,0.1890570933316362,0.1890570933316362,1,1.0
nfcorpus,0,PLAIN-2700,500,1000,0.1890570933316362,0.1890570933316362,1,1.0
nfcorpus,0,PLAIN-2700,1000,2000,0.1890570933316362,0.1890570933316362,1,1.0
nfcorpus,0,PLAIN-2700,2000,3287,0.1890570933316362,0.1890570933316362,1,1.0
nfcorpus,0,PLAIN-2700,5000,4920,0.1890570933316362,0.1890570933316362,1,1.0
nfcorpus,0,PLAIN-2710,10,20,0.6511401977467969,0.6163982004016603,0,0.5
nfcorpus,0,PLAIN-2710,20,40,0.6163982004016603,0.6163982004016603,0,0.7
nfcorpus,0,PLAIN-2710,50,100,0.6163982004016603,0.6163982004016603,0,0.75
nfcorpus,0,PLAIN-2710,100,200,0.6163982004016603,0.6163982004016603,0,0.9
nfcorpus,0,PLAIN-2710,200,400,0.6163982004016603,0.6163982004016603,1,1.0
nfcorpus,0,PLAIN-2710,500,1000,0.6163982004016603,0.6163982004016603,1,1.0
nfcorpus,0,PLAIN-2710,1000,2000,0.6163982004016603,0.6163982004016603,1,1.0
nfcorpus,0,PLAIN-2710,2000,3057,0.6163982004016603,0.6163982004016603,1,1.0
nfcorpus,0,PLAIN-2710,5000,4690,0.6163982004016603,0.6163982004016603,1,1.0
nfcorpus,0,PLAIN-2720,10,20,0.251902160397556,0.22009176629808017,0,0.55
nfcorpus,0,PLAIN-2720,20,40,0.251902160397556,0.22009176629808017,0,0.65
nfcorpus,0,PLAIN-2720,50,100,0.22009176629808017,0.22009176629808017,0,0.65
nfcorpus,0,PLAIN-2720,100,200,0.22009176629808017,0.22009176629808017,0,0.8
nfcorpus,0,PLAIN-2720,200,314,0.22009176629808017,0.22009176629808017,1,1.0
nfcorpus,0,PLAIN-2720,500,614,0.22009176629808017,0.22009176629808017,1,1.0
nfcorpus,0,PLAIN-2720,1000,1114,0.22009176629808017,0.22009176629808017,1,1.0
nfcorpus,0,PLAIN-2720,2000,2114,0.22009176629808017,0.22009176629808017,1,1.0
nfcorpus,0,PLAIN-2720,5000,3747,0.22009176629808017,0.22009176629808017,1,1.0
nfcorpus,0,PLAIN-2730,10,20,0.4998373064824658,0.45989447222640306,0,0.55
nfcorpus,0,PLAIN-2730,20,40,0.39185539612679154,0.45989447222640306,0,0.8
nfcorpus,0,PLAIN-2730,50,100,0.45989447222640306,0.45989447222640306,0,0.9
nfcorpus,0,PLAIN-2730,100,200,0.45989447222640306,0.45989447222640306,1,1.0
nfcorpus,0,PLAIN-2730,200,400,0.45989447222640306,0.45989447222640306,1,1.0
nfcorpus,0,PLAIN-2730,500,1000,0.45989447222640306,0.45989447222640306,1,1.0
nfcorpus,0,PLAIN-2730,1000,1550,0.45989447222640306,0.45989447222640306,1,1.0
nfcorpus,0,PLAIN-2730,2000,2550,0.45989447222640306,0.45989447222640306,1,1.0
nfcorpus,0,PLAIN-2730,5000,4183,0.45989447222640306,0.45989447222640306,1,1.0
nfcorpus,0,PLAIN-2740,10,20,0.6381921939326478,0.6436302892278353,0,0.5
nfcorpus,0,PLAIN-2740,20,40,0.6074322510985958,0.6436302892278353,0,0.6
nfcorpus,0,PLAIN-2740,50,100,0.6436302892278353,0.6436302892278353,0,0.7
nfcorpus,0,PLAIN-2740,100,200,0.6436302892278353,0.6436302892278353,0,0.85
nfcorpus,0,PLAIN-2740,200,400,0.6436302892278353,0.6436302892278353,0,0.95
nfcorpus,0,PLAIN-2740,500,1000,0.6436302892278353,0.6436302892278353,1,1.0
nfcorpus,0,PLAIN-2740,1000,2000,0.6436302892278353,0.6436302892278353,1,1.0
nfcorpus,0,PLAIN-2740,2000,4000,0.6436302892278353,0.6436302892278353,1,1.0
nfcorpus,0,PLAIN-2740,5000,6374,0.6436302892278353,0.6436302892278353,1,1.0
nfcorpus,0,PLAIN-2750,10,20,0.5919746058448214,0.5898716981851256,0,0.55
nfcorpus,0,PLAIN-2750,20,40,0.5898716981851256,0.5898716981851256,0,0.75
nfcorpus,0,PLAIN-2750,50,100,0.5898716981851256,0.5898716981851256,0,1.0
nfcorpus,0,PLAIN-2750,100,200,0.5898716981851256,0.5898716981851256,1,1.0
nfcorpus,0,PLAIN-2750,200,400,0.5898716981851256,0.5898716981851256,1,1.0
nfcorpus,0,PLAIN-2750,500,1000,0.5898716981851256,0.5898716981851256,1,1.0
nfcorpus,0,PLAIN-2750,1000,1877,0.5898716981851256,0.5898716981851256,1,1.0
nfcorpus,0,PLAIN-2750,2000,2877,0.5898716981851256,0.5898716981851256,1,1.0
nfcorpus,0,PLAIN-2750,5000,4510,0.5898716981851256,0.5898716981851256,1,1.0
nfcorpus,0,PLAIN-2760,10,20,0.0,0.0,0,0.55
nfcorpus,0,PLAIN-2760,20,40,0.0,0.0,0,0.6
nfcorpus,0,PLAIN-2760,50,100,0.0,0.0,0,0.6
nfcorpus,0,PLAIN-2760,100,200,0.0,0.0,0,0.7
nfcorpus,0,PLAIN-2760,200,400,0.0,0.0,0,0.95
nfcorpus,0,PLAIN-2760,500,1000,0.0,0.0,1,1.0
nfcorpus,0,PLAIN-2760,1000,1637,0.0,0.0,1,1.0
nfcorpus,0,PLAIN-2760,2000,2637,0.0,0.0,1,1.0
nfcorpus,0,PLAIN-2760,5000,4270,0.0,0.0,1,1.0
nfcorpus,0,PLAIN-2770,10,20,0.5137325966015476,0.49992569896291655,0,0.7
nfcorpus,0,PLAIN-2770,20,40,0.49992569896291655,0.49992569896291655,0,0.8
nfcorpus,0,PLAIN-2770,50,100,0.49992569896291655,0.49992569896291655,0,0.9
nfcorpus,0,PLAIN-2770,100,200,0.49992569896291655,0.49992569896291655,1,1.0
nfcorpus,0,PLAIN-2770,200,400,0.49992569896291655,0.49992569896291655,1,1.0
nfcorpus,0,PLAIN-2770,500,1000,0.49992569896291655,0.49992569896291655,1,1.0
nfcorpus,0,PLAIN-2770,1000,2000,0.49992569896291655,0.49992569896291655,1,1.0
nfcorpus,0,PLAIN-2770,2000,3773,0.49992569896291655,0.49992569896291655,1,1.0
nfcorpus,0,PLAIN-2770,5000,5406,0.49992569896291655,0.49992569896291655,1,1.0
nfcorpus,0,PLAIN-2780,10,20,0.4022365427473246,0.4022365427473246,0,0.55
nfcorpus,0,PLAIN-2780,20,40,0.4022365427473246,0.4022365427473246,0,0.75
nfcorpus,0,PLAIN-2780,50,100,0.4022365427473246,0.4022365427473246,0,0.9
nfcorpus,0,PLAIN-2780,100,200,0.4022365427473246,0.4022365427473246,1,1.0
nfcorpus,0,PLAIN-2780,200,400,0.4022365427473246,0.4022365427473246,1,1.0
nfcorpus,0,PLAIN-2780,500,1000,0.4022365427473246,0.4022365427473246,1,1.0
nfcorpus,0,PLAIN-2780,1000,2000,0.4022365427473246,0.4022365427473246,1,1.0
nfcorpus,0,PLAIN-2780,2000,3372,0.4022365427473246,0.4022365427473246,1,1.0
nfcorpus,0,PLAIN-2780,5000,5005,0.4022365427473246,0.4022365427473246,1,1.0
nfcorpus,0,PLAIN-2790,10,20,0.7273298443105218,0.6663467913541974,0,0.65
nfcorpus,0,PLAIN-2790,20,40,0.6663467913541974,0.6663467913541974,0,0.65
nfcorpus,0,PLAIN-2790,50,100,0.6663467913541974,0.6663467913541974,0,0.8
nfcorpus,0,PLAIN-2790,100,200,0.6663467913541974,0.6663467913541974,0,0.95
nfcorpus,0,PLAIN-2790,200,400,0.6663467913541974,0.6663467913541974,0,0.95
nfcorpus,0,PLAIN-2790,500,1000,0.6663467913541974,0.6663467913541974,1,1.0
nfcorpus,0,PLAIN-2790,1000,2000,0.6663467913541974,0.6663467913541974,1,1.0
nfcorpus,0,PLAIN-2790,2000,3327,0.6663467913541974,0.6663467913541974,1,1.0
nfcorpus,0,PLAIN-2790,5000,4960,0.6663467913541974,0.6663467913541974,1,1.0
nfcorpus,0,PLAIN-280,10,20,0.4537425745411855,0.4537425745411855,0,0.6
nfcorpus,0,PLAIN-280,20,40,0.4537425745411855,0.4537425745411855,0,0.8
nfcorpus,0,PLAIN-280,50,100,0.4537425745411855,0.4537425745411855,1,1.0
nfcorpus,0,PLAIN-280,100,200,0.4537425745411855,0.4537425745411855,1,1.0
nfcorpus,0,PLAIN-280,200,400,0.4537425745411855,0.4537425745411855,1,1.0
nfcorpus,0,PLAIN-280,500,1000,0.4537425745411855,0.4537425745411855,1,1.0
nfcorpus,0,PLAIN-280,1000,2000,0.4537425745411855,0.4537425745411855,1,1.0
nfcorpus,0,PLAIN-280,2000,3092,0.4537425745411855,0.4537425745411855,1,1.0
nfcorpus,0,PLAIN-280,5000,4725,0.4537425745411855,0.4537425745411855,1,1.0
nfcorpus,0,PLAIN-2800,10,20,0.15183849369780056,0.14789700411870774,0,0.6
nfcorpus,0,PLAIN-2800,20,40,0.05336845745288964,0.14789700411870774,0,0.75
nfcorpus,0,PLAIN-2800,50,100,0.14789700411870774,0.14789700411870774,0,0.85
nfcorpus,0,PLAIN-2800,100,200,0.14789700411870774,0.14789700411870774,1,1.0
nfcorpus,0,PLAIN-2800,200,400,0.14789700411870774,0.14789700411870774,1,1.0
nfcorpus,0,PLAIN-2800,500,1000,0.14789700411870774,0.14789700411870774,1,1.0
nfcorpus,0,PLAIN-2800,1000,2000,0.14789700411870774,0.14789700411870774,1,1.0
nfcorpus,0,PLAIN-2800,2000,4000,0.14789700411870774,0.14789700411870774,1,1.0
nfcorpus,0,PLAIN-2800,5000,6081,0.14789700411870774,0.14789700411870774,1,1.0
nfcorpus,0,PLAIN-2810,10,20,0.0,0.054784966022752124,0,0.65
nfcorpus,0,PLAIN-2810,20,40,0.054784966022752124,0.054784966022752124,0,0.85
nfcorpus,0,PLAIN-2810,50,100,0.054784966022752124,0.054784966022752124,0,0.8
nfcorpus,0,PLAIN-2810,100,200,0.054784966022752124,0.054784966022752124,1,1.0
nfcorpus,0,PLAIN-2810,200,400,0.054784966022752124,0.054784966022752124,1,1.0
nfcorpus,0,PLAIN-2810,500,1000,0.054784966022752124,0.054784966022752124,1,1.0
nfcorpus,0,PLAIN-2810,1000,2000,0.054784966022752124,0.054784966022752124,1,1.0
nfcorpus,0,PLAIN-2810,2000,4000,0.054784966022752124,0.054784966022752124,1,1.0
nfcorpus,0,PLAIN-2810,5000,5842,0.054784966022752124,0.054784966022752124,1,1.0
nfcorpus,0,PLAIN-2820,10,20,0.0,0.11671218210122507,0,0.6
nfcorpus,0,PLAIN-2820,20,40,0.0,0.11671218210122507,0,0.65
nfcorpus,0,PLAIN-2820,50,100,0.11671218210122507,0.11671218210122507,0,0.85
nfcorpus,0,PLAIN-2820,100,200,0.11671218210122507,0.11671218210122507,0,0.9
nfcorpus,0,PLAIN-2820,200,400,0.11671218210122507,0.11671218210122507,1,1.0
nfcorpus,0,PLAIN-2820,500,1000,0.11671218210122507,0.11671218210122507,1,1.0
nfcorpus,0,PLAIN-2820,1000,2000,0.11671218210122507,0.11671218210122507,1,1.0
nfcorpus,0,PLAIN-2820,2000,3471,0.11671218210122507,0.11671218210122507,1,1.0
nfcorpus,0,PLAIN-2820,5000,5104,0.11671218210122507,0.11671218210122507,1,1.0
nfcorpus,0,PLAIN-2830,10,20,0.6387878864795979,0.6387878864795979,0,0.5
nfcorpus,0,PLAIN-2830,20,40,0.6387878864795979,0.6387878864795979,0,0.6
nfcorpus,0,PLAIN-2830,50,100,0.6387878864795979,0.6387878864795979,0,0.9
nfcorpus,0,PLAIN-2830,100,153,0.6387878864795979,0.6387878864795979,1,1.0
nfcorpus,0,PLAIN-2830,200,253,0.6387878864795979,0.6387878864795979,1,1.0
nfcorpus,0,PLAIN-2830,500,553,0.6387878864795979,0.6387878864795979,1,1.0
nfcorpus,0,PLAIN-2830,1000,1053,0.6387878864795979,0.6387878864795979,1,1.0
nfcorpus,0,PLAIN-2830,2000,2053,0.6387878864795979,0.6387878864795979,1,1.0
nfcorpus,0,PLAIN-2830,5000,3686,0.6387878864795979,0.6387878864795979,1,1.0
nfcorpus,0,PLAIN-2840,10,20,0.0,0.0,0,0.4
nfcorpus,0,PLAIN-2840,20,40,0.0,0.0,0,0.5
nfcorpus,0,PLAIN-2840,50,100,0.0,0.0,0,0.75
nfcorpus,0,PLAIN-2840,100,200,0.0,0.0,0,0.8
nfcorpus,0,PLAIN-2840,200,400,0.0,0.0,0,0.85
nfcorpus,0,PLAIN-2840,500,871,0.0,0.0,1,1.0
nfcorpus,0,PLAIN-2840,1000,1371,0.0,0.0,1,1.0
nfcorpus,0,PLAIN-2840,2000,2371,0.0,0.0,1,1.0
nfcorpus,0,PLAIN-2840,5000,4004,0.0,0.0,1,1.0
nfcorpus,0,PLAIN-2850,10,20,0.12687550918043283,0.22920990208374392,0,0.65
nfcorpus,0,PLAIN-2850,20,40,0.12007430061219554,0.22920990208374392,0,0.65
nfcorpus,0,PLAIN-2850,50,100,0.08196346139645701,0.22920990208374392,0,0.75
nfcorpus,0,PLAIN-2850,100,200,0.22920990208374392,0.22920990208374392,0,0.6
nfcorpus,0,PLAIN-2850,200,400,0.22920990208374392,0.22920990208374392,0,0.8
nfcorpus,0,PLAIN-2850,500,1000,0.22920990208374392,0.22920990208374392,1,1.0
nfcorpus,0,PLAIN-2850,1000,2000,0.22920990208374392,0.22920990208374392,1,1.0
nfcorpus,0,PLAIN-2850,2000,3229,0.22920990208374392,0.22920990208374392,1,1.0
nfcorpus,0,PLAIN-2850,5000,4862,0.22920990208374392,0.22920990208374392,1,1.0
nfcorpus,0,PLAIN-2860,10,20,1.0,1.0,0,0.6
nfcorpus,0,PLAIN-2860,20,40,1.0,1.0,0,0.7
nfcorpus,0,PLAIN-2860,50,100,1.0,1.0,0,0.9
nfcorpus,0,PLAIN-2860,100,200,1.0,1.0,0,0.95
nfcorpus,0,PLAIN-2860,200,400,1.0,1.0,1,1.0
nfcorpus,0,PLAIN-2860,500,840,1.0,1.0,1,1.0
nfcorpus,0,PLAIN-2860,1000,1340,1.0,1.0,1,1.0
nfcorpus,0,PLAIN-2860,2000,2340,1.0,1.0,1,1.0
nfcorpus,0,PLAIN-2860,5000,3973,1.0,1.0,1,1.0
nfcorpus,0,PLAIN-2870,10,20,0.0,0.09797563950575583,0,0.55
nfcorpus,0,PLAIN-2870,20,40,0.0,0.09797563950575583,0,0.55
nfcorpus,0,PLAIN-2870,50,100,0.09797563950575583,0.09797563950575583,0,0.55
nfcorpus,0,PLAIN-2870,100,200,0.09797563950575583,0.09797563950575583,0,0.8
nfcorpus,0,PLAIN-2870,200,400,0.09797563950575583,0.09797563950575583,1,1.0
nfcorpus,0,PLAIN-2870,500,822,0.09797563950575583,0.09797563950575583,1,1.0
nfcorpus,0,PLAIN-2870,1000,1322,0.09797563950575583,0.09797563950575583,1,1.0
nfcorpus,0,PLAIN-2870,2000,2322,0.09797563950575583,0.09797563950575583,1,1.0
nfcorpus,0,PLAIN-2870,5000,3955,0.09797563950575583,0.09797563950575583,1,1.0
nfcorpus,0,PLAIN-2880,10,20,0.0,0.0,0,0.8
nfcorpus,0,PLAIN-2880,20,40,0.0,0.0,0,0.8
nfcorpus,0,PLAIN-2880,50,80,0.0,0.0,0,0.8
nfcorpus,0,PLAIN-2880,100,130,0.0,0.0,0,0.8
nfcorpus,0,PLAIN-2880,200,230,0.0,0.0,0,0.85
nfcorpus,0,PLAIN-2880,500,530,0.0,0.0,0,0.9
nfcorpus,0,PLAIN-2880,1000,1030,0.0,0.0,0,1.0
nfcorpus,0,PLAIN-2880,2000,2030,0.0,0.0,0,1.0
nfcorpus,0,PLAIN-2880,5000,3663,0.0,0.0,1,1.0
nfcorpus,0,PLAIN-2890,10,20,0.15537907391531902,0.15537907391531902,0,0.6
nfcorpus,0,PLAIN-2890,20,40,0.15537907391531902,0.15537907391531902,0,0.7
nfcorpus,0,PLAIN-2890,50,76,0.15537907391531902,0.15537907391531902,0,0.9
nfcorpus,0,PLAIN-2890,100,126,0.15537907391531902,0.15537907391531902,0,0.95
nfcorpus,0,PLAIN-2890,200,226,0.15537907391531902,0.15537907391531902,1,1.0
nfcorpus,0,PLAIN-2890,500,526,0.15537907391531902,0.15537907391531902,1,1.0
nfcorpus,0,PLAIN-2890,1000,1026,0.15537907391531902,0.15537907391531902,1,1.0
nfcorpus,0,PLAIN-2890,2000,2026,0.15537907391531902,0.15537907391531902,1,1.0
nfcorpus,0,PLAIN-2890,5000,3659,0.15537907391531902,0.15537907391531902,1,1.0
nfcorpus,0,PLAIN-2900,10,20,0.0,0.0,0,0.55
nfcorpus,0,PLAIN-2900,20,40,0.0,0.0,0,0.6
nfcorpus,0,PLAIN-2900,50,100,0.0,0.0,0,0.8
nfcorpus,0,PLAIN-2900,100,200,0.0,0.0,0,0.9
nfcorpus,0,PLAIN-2900,200,400,0.0,0.0,1,1.0
nfcorpus,0,PLAIN-2900,500,1000,0.0,0.0,1,1.0
nfcorpus,0,PLAIN-2900,1000,1603,0.0,0.0,1,1.0
nfcorpus,0,PLAIN-2900,2000,2603,0.0,0.0,1,1.0
nfcorpus,0,PLAIN-2900,5000,4236,0.0,0.0,1,1.0
nfcorpus,0,PLAIN-291,10,20,0.3589542101716347,0.3589542101716347,0,0.45
nfcorpus,0,PLAIN-291,20,40,0.3589542101716347,0.3589542101716347,0,0.55
nfcorpus,0,PLAIN-291,50,100,0.3589542101716347,0.3589542101716347,0,0.8
nfcorpus,0,PLAIN-291,100,200,0.3589542101716347,0.3589542101716347,0,0.9
nfcorpus,0,PLAIN-291,200,400,0.3589542101716347,0.3589542101716347,1,1.0
nfcorpus,0,PLAIN-291,500,1000,0.3589542101716347,0.3589542101716347,1,1.0
nfcorpus,0,PLAIN-291,1000,2000,0.3589542101716347,0.3589542101716347,1,1.0
nfcorpus,0,PLAIN-291,2000,3774,0.3589542101716347,0.3589542101716347,1,1.0
nfcorpus,0,PLAIN-291,5000,5407,0.3589542101716347,0.3589542101716347,1,1.0
nfcorpus,0,PLAIN-2910,10,20,0.20436662668128655,0.20436662668128655,0,0.55
nfcorpus,0,PLAIN-2910,20,40,0.20436662668128655,0.20436662668128655,0,0.65
nfcorpus,0,PLAIN-2910,50,100,0.20436662668128655,0.20436662668128655,0,0.65
nfcorpus,0,PLAIN-2910,100,200,0.20436662668128655,0.20436662668128655,0,0.75
nfcorpus,0,PLAIN-2910,200,400,0.20436662668128655,0.20436662668128655,0,0.9
nfcorpus,0,PLAIN-2910,500,913,0.20436662668128655,0.20436662668128655,0,0.95
nfcorpus,0,PLAIN-2910,1000,1413,0.20436662668128655,0.20436662668128655,1,1.0
nfcorpus,0,PLAIN-2910,2000,2413,0.20436662668128655,0.20436662668128655,1,1.0
nfcorpus,0,PLAIN-2910,5000,4046,0.20436662668128655,0.20436662668128655,1,1.0
nfcorpus,0,PLAIN-2920,10,20,0.0,0.0,0,0.55
nfcorpus,0,PLAIN-2920,20,40,0.0,0.0,0,0.65
nfcorpus,0,PLAIN-2920,50,100,0.0,0.0,0,0.75
nfcorpus,0,PLAIN-2920,100,200,0.0,0.0,0,0.8
nfcorpus,0,PLAIN-2920,200,400,0.0,0.0,1,1.0
nfcorpus,0,PLAIN-2920,500,1000,0.0,0.0,1,1.0
nfcorpus,0,PLAIN-2920,1000,2000,0.0,0.0,1,1.0
nfcorpus,0,PLAIN-2920,2000,3077,0.0,0.0,1,1.0
nfcorpus,0,PLAIN-2920,5000,4710,0.0,0.0,1,1.0
nfcorpus,0,PLAIN-2930,10,20,0.36077903708155934,0.36077903708155934,0,0.7
nfcorpus,0,PLAIN-2930,20,40,0.36077903708155934,0.36077903708155934,0,0.95
nfcorpus,0,PLAIN-2930,50,100,0.36077903708155934,0.36077903708155934,1,1.0
nfcorpus,0,PLAIN-2930,100,200,0.36077903708155934,0.36077903708155934,1,1.0
nfcorpus,0,PLAIN-2930,200,400,0.36077903708155934,0.36077903708155934,1,1.0
nfcorpus,0,PLAIN-2930,500,759,0.36077903708155934,0.36077903708155934,1,1.0
nfcorpus,0,PLAIN-2930,1000,1259,0.36077903708155934,0.36077903708155934,1,1.0
nfcorpus,0,PLAIN-2930,2000,2259,0.36077903708155934,0.36077903708155934,1,1.0
nfcorpus,0,PLAIN-2930,5000,3892,0.36077903708155934,0.36077903708155934,1,1.0
nfcorpus,0,PLAIN-2940,10,20,0.0,0.0,0,0.6
nfcorpus,0,PLAIN-2940,20,40,0.0,0.0,0,0.75
nfcorpus,0,PLAIN-2940,50,100,0.0,0.0,0,0.9
nfcorpus,0,PLAIN-2940,100,200,0.0,0.0,0,0.95
nfcorpus,0,PLAIN-2940,200,400,0.0,0.0,1,1.0
nfcorpus,0,PLAIN-2940,500,1000,0.0,0.0,1,1.0
nfcorpus,0,PLAIN-2940,1000,2000,0.0,0.0,1,1.0
nfcorpus,0,PLAIN-2940,2000,4000,0.0,0.0,1,1.0
nfcorpus,0,PLAIN-2940,5000,5813,0.0,0.0,1,1.0
nfcorpus,0,PLAIN-2950,10,20,0.0,0.0,0,0.4
nfcorpus,0,PLAIN-2950,20,40,0.0,0.0,0,0.5
nfcorpus,0,PLAIN-2950,50,100,0.0,0.0,0,0.6
nfcorpus,0,PLAIN-2950,100,200,0.0,0.0,0,0.75
nfcorpus,0,PLAIN-2950,200,400,0.0,0.0,0,0.9
nfcorpus,0,PLAIN-2950,500,872,0.0,0.0,1,1.0
nfcorpus,0,PLAIN-2950,1000,1372,0.0,0.0,1,1.0
nfcorpus,0,PLAIN-2950,2000,2372,0.0,0.0,1,1.0
nfcorpus,0,PLAIN-2950,5000,4005,0.0,0.0,1,1.0
nfcorpus,0,PLAIN-2960,10,20,0.3273949503887395,0.3273949503887395,0,0.65
nfcorpus,0,PLAIN-2960,20,40,0.3273949503887395,0.3273949503887395,0,0.7
nfcorpus,0,PLAIN-2960,50,100,0.3273949503887395,0.3273949503887395,0,0.9
nfcorpus,0,PLAIN-2960,100,200,0.3273949503887395,0.3273949503887395,0,0.85
nfcorpus,0,PLAIN-2960,200,400,0.3273949503887395,0.3273949503887395,1,1.0
nfcorpus,0,PLAIN-2960,500,1000,0.3273949503887395,0.3273949503887395,1,1.0
nfcorpus,0,PLAIN-2960,1000,2000,0.3273949503887395,0.3273949503887395,1,1.0
nfcorpus,0,PLAIN-2960,2000,4000,0.3273949503887395,0.3273949503887395,1,1.0
nfcorpus,0,PLAIN-2960,5000,5680,0.3273949503887395,0.3273949503887395,1,1.0
nfcorpus,0,PLAIN-2970,10,20,0.444064282131515,0.38062652754129855,0,0.5
nfcorpus,0,PLAIN-2970,20,40,0.444064282131515,0.38062652754129855,0,0.5
nfcorpus,0,PLAIN-2970,50,100,0.4379165285089752,0.38062652754129855,0,0.6
nfcorpus,0,PLAIN-2970,100,200,0.38062652754129855,0.38062652754129855,0,0.7
nfcorpus,0,PLAIN-2970,200,400,0.38062652754129855,0.38062652754129855,0,0.85
nfcorpus,0,PLAIN-2970,500,1000,0.38062652754129855,0.38062652754129855,0,0.95
nfcorpus,0,PLAIN-2970,1000,2000,0.38062652754129855,0.38062652754129855,1,1.0
nfcorpus,0,PLAIN-2970,2000,3430,0.38062652754129855,0.38062652754129855,1,1.0
nfcorpus,0,PLAIN-2970,5000,5063,0.38062652754129855,0.38062652754129855,1,1.0
nfcorpus,0,PLAIN-2981,10,20,0.43122038713502514,0.43122038713502514,0,0.65
nfcorpus,0,PLAIN-2981,20,40,0.43122038713502514,0.43122038713502514,0,0.75
nfcorpus,0,PLAIN-2981,50,77,0.43122038713502514,0.43122038713502514,0,0.8
nfcorpus,0,PLAIN-2981,100,127,0.43122038713502514,0.43122038713502514,0,0.8
nfcorpus,0,PLAIN-2981,200,227,0.43122038713502514,0.43122038713502514,0,0.8
nfcorpus,0,PLAIN-2981,500,527,0.43122038713502514,0.43122038713502514,0,0.95
nfcorpus,0,PLAIN-2981,1000,1027,0.43122038713502514,0.43122038713502514,1,1.0
nfcorpus,0,PLAIN-2981,2000,2027,0.43122038713502514,0.43122038713502514,1,1.0
nfcorpus,0,PLAIN-2981,5000,3660,0.43122038713502514,0.43122038713502514,1,1.0
nfcorpus,0,PLAIN-2991,10,20,0.38685280723454163,0.38685280723454163,0,0.45
nfcorpus,0,PLAIN-2991,20,40,0.38685280723454163,0.38685280723454163,0,0.55
nfcorpus,0,PLAIN-2991,50,100,0.38685280723454163,0.38685280723454163,0,0.85
nfcorpus,0,PLAIN-2991,100,200,0.38685280723454163,0.38685280723454163,1,1.0
nfcorpus,0,PLAIN-2991,200,400,0.38685280723454163,0.38685280723454163,1,1.0
nfcorpus,0,PLAIN-2991,500,1000,0.38685280723454163,0.38685280723454163,1,1.0
nfcorpus,0,PLAIN-2991,1000,1987,0.38685280723454163,0.38685280723454163,1,1.0
nfcorpus,0,PLAIN-2991,2000,2987,0.38685280723454163,0.38685280723454163,1,1.0
nfcorpus,0,PLAIN-2991,5000,4620,0.38685280723454163,0.38685280723454163,1,1.0
nfcorpus,0,PLAIN-3001,10,20,0.3065735963827292,0.3065735963827292,0,0.55
nfcorpus,0,PLAIN-3001,20,40,0.3065735963827292,0.3065735963827292,0,0.7
nfcorpus,0,PLAIN-3001,50,100,0.3065735963827292,0.3065735963827292,0,0.9
nfcorpus,0,PLAIN-3001,100,200,0.3065735963827292,0.3065735963827292,0,0.95
nfcorpus,0,PLAIN-3001,200,400,0.3065735963827292,0.3065735963827292,1,1.0
nfcorpus,0,PLAIN-3001,500,1000,0.3065735963827292,0.3065735963827292,1,1.0
nfcorpus,0,PLAIN-3001,1000,1602,0.3065735963827292,0.3065735963827292,1,1.0
nfcorpus,0,PLAIN-3001,2000,2602,0.3065735963827292,0.3065735963827292,1,1.0
nfcorpus,0,PLAIN-3001,5000,4235,0.3065735963827292,0.3065735963827292,1,1.0
nfcorpus,0,PLAIN-3014,10,20,0.0,0.0,0,0.45
nfcorpus,0,PLAIN-3014,20,40,0.0,0.0,0,0.45
nfcorpus,0,PLAIN-3014,50,100,0.0,0.0,0,0.55
nfcorpus,0,PLAIN-3014,100,200,0.0,0.0,0,0.8
nfcorpus,0,PLAIN-3014,200,400,0.0,0.0,0,0.9
nfcorpus,0,PLAIN-3014,500,702,0.0,0.0,0,0.95
nfcorpus,0,PLAIN-3014,1000,1202,0.0,0.0,0,0.95
nfcorpus,0,PLAIN-3014,2000,2202,0.0,0.0,0,1.0
nfcorpus,0,PLAIN-3014,5000,3835,0.0,0.0,1,1.0
nfcorpus,0,PLAIN-3026,10,20,1.0,1.0,0,0.5
nfcorpus,0,PLAIN-3026,20,40,1.0,1.0,0,0.55
nfcorpus,0,PLAIN-3026,50,100,1.0,1.0,0,0.8
nfcorpus,0,PLAIN-3026,100,200,1.0,1.0,0,0.95
nfcorpus,0,PLAIN-3026,200,400,1.0,1.0,0,0.95
nfcorpus,0,PLAIN-3026,500,1000,1.0,1.0,1,1.0
nfcorpus,0,PLAIN-3026,1000,1530,1.0,1.0,1,1.0
nfcorpus,0,PLAIN-3026,2000,2530,1.0,1.0,1,1.0
nfcorpus,0,PLAIN-3026,5000,4163,1.0,1.0,1,1.0
nfcorpus,0,PLAIN-3037,10,20,0.0,0.0,0,0.75
nfcorpus,0,PLAIN-3037,20,40,0.0,0.0,0,0.75
nfcorpus,0,PLAIN-3037,50,100,0.0,0.0,0,0.75
nfcorpus,0,PLAIN-3037,100,200,0.0,0.0,0,0.8
nfcorpus,0,PLAIN-3037,200,395,0.0,0.0,0,0.85
nfcorpus,0,PLAIN-3037,500,695,0.0,0.0,0,0.85
nfcorpus,0,PLAIN-3037,1000,1195,0.0,0.0,0,1.0
nfcorpus,0,PLAIN-3037,2000,2195,0.0,0.0,0,1.0
nfcorpus,0,PLAIN-3037,5000,3828,0.0,0.0,1,1.0
nfcorpus,0,PLAIN-3053,10,20,0.7653606369886217,0.7653606369886217,0,0.45
nfcorpus,0,PLAIN-3053,20,40,0.7653606369886217,0.7653606369886217,0,0.6
nfcorpus,0,PLAIN-3053,50,100,0.7653606369886217,0.7653606369886217,0,0.6
nfcorpus,0,PLAIN-3053,100,200,0.7653606369886217,0.7653606369886217,0,0.75
nfcorpus,0,PLAIN-3053,200,400,0.7653606369886217,0.7653606369886217,0,0.95
nfcorpus,0,PLAIN-3053,500,1000,0.7653606369886217,0.7653606369886217,1,1.0
nfcorpus,0,PLAIN-3053,1000,1523,0.7653606369886217,0.7653606369886217,1,1.0
nfcorpus,0,PLAIN-3053,2000,2523,0.7653606369886217,0.7653606369886217,1,1.0
nfcorpus,0,PLAIN-3053,5000,4156,0.7653606369886217,0.7653606369886217,1,1.0
nfcorpus,0,PLAIN-3063,10,20,0.0,0.0,0,0.55
nfcorpus,0,PLAIN-3063,20,40,0.0,0.0,0,0.65
nfcorpus,0,PLAIN-3063,50,100,0.0,0.0,0,0.85
nfcorpus,0,PLAIN-3063,100,200,0.0,0.0,1,1.0
nfcorpus,0,PLAIN-3063,200,400,0.0,0.0,1,1.0
nfcorpus,0,PLAIN-3063,500,1000,0.0,0.0,1,1.0
nfcorpus,0,PLAIN-3063,1000,2000,0.0,0.0,1,1.0
nfcorpus,0,PLAIN-3063,2000,3235,0.0,0.0,1,1.0
nfcorpus,0,PLAIN-3063,5000,4868,0.0,0.0,1,1.0
nfcorpus,0,PLAIN-307,10,20,0.9674679834891693,1.0,0,0.65
nfcorpus,0,PLAIN-307,20,40,1.0,1.0,0,0.75
nfcorpus,0,PLAIN-307,50,100,1.0,1.0,0,0.95
nfcorpus,0,PLAIN-307,100,200,1.0,1.0,1,1.0
nfcorpus,0,PLAIN-307,200,400,1.0,1.0,1,1.0
nfcorpus,0,PLAIN-307,500,1000,1.0,1.0,1,1.0
nfcorpus,0,PLAIN-307,1000,2000,1.0,1.0,1,1.0
nfcorpus,0,PLAIN-307,2000,3343,1.0,1.0,1,1.0
nfcorpus,0,PLAIN-307,5000,4976,1.0,1.0,1,1.0
nfcorpus,0,PLAIN-3074,10,20,1.0,1.0,0,0.8
nfcorpus,0,PLAIN-3074,20,40,1.0,1.0,0,0.85
nfcorpus,0,PLAIN-3074,50,100,1.0,1.0,0,0.85
nfcorpus,0,PLAIN-3074,100,200,1.0,1.0,0,0.9
nfcorpus,0,PLAIN-3074,200,400,1.0,1.0,0,0.9
nfcorpus,0,PLAIN-3074,500,1000,1.0,1.0,0,0.9
nfcorpus,0,PLAIN-3074,1000,1789,1.0,1.0,0,0.95
nfcorpus,0,PLAIN-3074,2000,2789,1.0,1.0,1,1.0
nfcorpus,0,PLAIN-3074,5000,4422,1.0,1.0,1,1.0
nfcorpus,0,PLAIN-3085,10,20,0.0,0.3706656904013186,0,0.7
nfcorpus,0,PLAIN-3085,20,40,0.3706656904013186,0.3706656904013186,0,0.8
nfcorpus,0,PLAIN-3085,50,100,0.3706656904013186,0.3706656904013186,0,0.95
nfcorpus,0,PLAIN-3085,100,200,0.3706656904013186,0.3706656904013186,1,1.0
nfcorpus,0,PLAIN-3085,200,400,0.3706656904013186,0.3706656904013186,1,1.0
nfcorpus,0,PLAIN-3085,500,1000,0.3706656904013186,0.3706656904013186,1,1.0
nfcorpus,0,PLAIN-3085,1000,1682,0.3706656904013186,0.3706656904013186,1,1.0
nfcorpus,0,PLAIN-3085,2000,2682,0.3706656904013186,0.3706656904013186,1,1.0
nfcorpus,0,PLAIN-3085,5000,4315,0.3706656904013186,0.3706656904013186,1,1.0
nfcorpus,0,PLAIN-3097,10,20,0.4770382338730848,0.4770382338730848,0,0.5
nfcorpus,0,PLAIN-3097,20,40,0.4770382338730848,0.4770382338730848,0,0.6
nfcorpus,0,PLAIN-3097,50,100,0.4770382338730848,0.4770382338730848,0,0.85
nfcorpus,0,PLAIN-3097,100,200,0.4770382338730848,0.4770382338730848,1,1.0
nfcorpus,0,PLAIN-3097,200,346,0.4770382338730848,0.4770382338730848,1,1.0
nfcorpus,0,PLAIN-3097,500,646,0.4770382338730848,0.4770382338730848,1,1.0
nfcorpus,0,PLAIN-3097,1000,1146,0.4770382338730848,0.4770382338730848,1,1.0
nfcorpus,0,PLAIN-3097,2000,2146,0.4770382338730848,0.4770382338730848,1,1.0
nfcorpus,0,PLAIN-3097,5000,3779,0.4770382338730848,0.4770382338730848,1,1.0
nfcorpus,0,PLAIN-3116,10,20,0.0,0.0,0,0.5
nfcorpus,0,PLAIN-3116,20,40,0.0,0.0,0,0.5
nfcorpus,0,PLAIN-3116,50,100,0.0,0.0,0,0.85
nfcorpus,0,PLAIN-3116,100,200,0.0,0.0,0,0.9
nfcorpus,0,PLAIN-3116,200,400,0.0,0.0,1,1.0
nfcorpus,0,PLAIN-3116,500,1000,0.0,0.0,1,1.0
nfcorpus,0,PLAIN-3116,1000,2000,0.0,0.0,1,1.0
nfcorpus,0,PLAIN-3116,2000,4000,0.0,0.0,1,1.0
nfcorpus,0,PLAIN-3116,5000,6161,0.0,0.0,1,1.0
nfcorpus,0,PLAIN-3131,10,20,0.46929983492331556,0.4872901307151978,0,0.6
nfcorpus,0,PLAIN-3131,20,40,0.4872901307151978,0.4872901307151978,0,0.6
nfcorpus,0,PLAIN-3131,50,100,0.4872901307151978,0.4872901307151978,0,0.65
nfcorpus,0,PLAIN-3131,100,200,0.4872901307151978,0.4872901307151978,0,0.8
nfcorpus,0,PLAIN-3131,200,301,0.4872901307151978,0.4872901307151978,0,0.85
nfcorpus,0,PLAIN-3131,500,601,0.4872901307151978,0.4872901307151978,0,1.0
nfcorpus,0,PLAIN-3131,1000,1101,0.4872901307151978,0.4872901307151978,0,1.0
nfcorpus,0,PLAIN-3131,2000,2101,0.4872901307151978,0.4872901307151978,1,1.0
nfcorpus,0,PLAIN-3131,5000,3734,0.4872901307151978,0.4872901307151978,1,1.0
nfcorpus,0,PLAIN-3141,10,20,0.11591982604869,0.27887574473268145,0,0.55
nfcorpus,0,PLAIN-3141,20,40,0.27887574473268145,0.27887574473268145,0,0.6
nfcorpus,0,PLAIN-3141,50,100,0.27887574473268145,0.27887574473268145,0,0.8
nfcorpus,0,PLAIN-3141,100,200,0.27887574473268145,0.27887574473268145,0,0.95
nfcorpus,0,PLAIN-3141,200,400,0.27887574473268145,0.27887574473268145,1,1.0
nfcorpus,0,PLAIN-3141,500,729,0.27887574473268145,0.27887574473268145,1,1.0
nfcorpus,0,PLAIN-3141,1000,1229,0.27887574473268145,0.27887574473268145,1,1.0
nfcorpus,0,PLAIN-3141,2000,2229,0.27887574473268145,0.27887574473268145,1,1.0
nfcorpus,0,PLAIN-3141,5000,3862,0.27887574473268145,0.27887574473268145,1,1.0
nfcorpus,0,PLAIN-3151,10,20,0.5136786673619427,0.6714855553820339,0,0.75
nfcorpus,0,PLAIN-3151,20,40,0.6714855553820339,0.6714855553820339,0,0.75
nfcorpus,0,PLAIN-3151,50,100,0.6714855553820339,0.6714855553820339,0,0.75
nfcorpus,0,PLAIN-3151,100,200,0.6714855553820339,0.6714855553820339,0,0.9
nfcorpus,0,PLAIN-3151,200,400,0.6714855553820339,0.6714855553820339,0,0.95
nfcorpus,0,PLAIN-3151,500,1000,0.6714855553820339,0.6714855553820339,0,0.95
nfcorpus,0,PLAIN-3151,1000,1897,0.6714855553820339,0.6714855553820339,0,0.95
nfcorpus,0,PLAIN-3151,2000,2897,0.6714855553820339,0.6714855553820339,0,0.95
nfcorpus,0,PLAIN-3151,5000,4530,0.6714855553820339,0.6714855553820339,1,1.0
nfcorpus,0,PLAIN-3161,10,20,0.4129233019281172,0.4752115325793111,0,0.45
nfcorpus,0,PLAIN-3161,20,40,0.36077903708155934,0.4752115325793111,0,0.5
nfcorpus,0,PLAIN-3161,50,100,0.4752115325793111,0.4752115325793111,0,0.9
nfcorpus,0,PLAIN-3161,100,200,0.4752115325793111,0.4752115325793111,1,1.0
nfcorpus,0,PLAIN-3161,200,374,0.4752115325793111,0.4752115325793111,1,1.0
nfcorpus,0,PLAIN-3161,500,674,0.4752115325793111,0.4752115325793111,1,1.0
nfcorpus,0,PLAIN-3161,1000,1174,0.4752115325793111,0.4752115325793111,1,1.0
nfcorpus,0,PLAIN-3161,2000,2174,0.4752115325793111,0.4752115325793111,1,1.0
nfcorpus,0,PLAIN-3161,5000,3807,0.4752115325793111,0.4752115325793111,1,1.0
nfcorpus,0,PLAIN-3171,10,20,0.25017371018396767,0.2580790554984392,0,0.5
nfcorpus,0,PLAIN-3171,20,40,0.25017371018396767,0.2580790554984392,0,0.5
nfcorpus,0,PLAIN-3171,50,100,0.33071411732476275,0.2580790554984392,0,0.55
nfcorpus,0,PLAIN-3171,100,200,0.2580790554984392,0.2580790554984392,0,0.8
nfcorpus,0,PLAIN-3171,200,400,0.2580790554984392,0.2580790554984392,0,0.9
nfcorpus,0,PLAIN-3171,500,1000,0.2580790554984392,0.2580790554984392,0,0.9
nfcorpus,0,PLAIN-3171,1000,1714,0.2580790554984392,0.2580790554984392,1,1.0
nfcorpus,0,PLAIN-3171,2000,2714,0.2580790554984392,0.2580790554984392,1,1.0
nfcorpus,0,PLAIN-3171,5000,4347,0.2580790554984392,0.2580790554984392,1,1.0
nfcorpus,0,PLAIN-3181,10,20,0.0,0.0,0,0.6
nfcorpus,0,PLAIN-3181,20,40,0.0,0.0,0,0.6
nfcorpus,0,PLAIN-3181,50,100,0.0,0.0,0,0.7
nfcorpus,0,PLAIN-3181,100,200,0.0,0.0,0,0.75
nfcorpus,0,PLAIN-3181,200,400,0.0,0.0,0,0.85
nfcorpus,0,PLAIN-3181,500,924,0.0,0.0,1,1.0
nfcorpus,0,PLAIN-3181,1000,1424,0.0,0.0,1,1.0
nfcorpus,0,PLAIN-3181,2000,2424,0.0,0.0,1,1.0
nfcorpus,0,PLAIN-3181,5000,4057,0.0,0.0,1,1.0
nfcorpus,0,PLAIN-3191,10,20,0.4406554200026323,0.414683453645845,0,0.35
nfcorpus,0,PLAIN-3191,20,40,0.4204176352723949,0.414683453645845,0,0.4
nfcorpus,0,PLAIN-3191,50,100,0.414683453645845,0.414683453645845,0,0.75
nfcorpus,0,PLAIN-3191,100,200,0.414683453645845,0.414683453645845,1,1.0
nfcorpus,0,PLAIN-3191,200,400,0.414683453645845,0.414683453645845,1,1.0
nfcorpus,0,PLAIN-3191,500,1000,0.414683453645845,0.414683453645845,1,1.0
nfcorpus,0,PLAIN-3191,1000,1623,0.414683453645845,0.414683453645845,1,1.0
nfcorpus,0,PLAIN-3191,2000,2623,0.414683453645845,0.414683453645845,1,1.0
nfcorpus,0,PLAIN-3191,5000,4256,0.414683453645845,0.414683453645845,1,1.0
nfcorpus,0,PLAIN-320,10,20,0.0,0.0,0,0.55
nfcorpus,0,PLAIN-320,20,40,0.0,0.0,0,0.7
nfcorpus,0,PLAIN-320,50,100,0.0,0.0,1,1.0
nfcorpus,0,PLAIN-320,100,200,0.0,0.0,1,1.0
nfcorpus,0,PLAIN-320,200,400,0.0,0.0,1,1.0
nfcorpus,0,PLAIN-320,500,1000,0.0,0.0,1,1.0
nfcorpus,0,PLAIN-320,1000,2000,0.0,0.0,1,1.0
nfcorpus,0,PLAIN-320,2000,3593,0.0,0.0,1,1.0
nfcorpus,0,PLAIN-320,5000,5226,0.0,0.0,1,1.0
nfcorpus,0,PLAIN-3201,10,20,0.29188227194279753,0.29188227194279753,0,0.65
nfcorpus,0,PLAIN-3201,20,40,0.29188227194279753,0.29188227194279753,0,0.9
nfcorpus,0,PLAIN-3201,50,100,0.29188227194279753,0.29188227194279753,0,0.9
nfcorpus,0,PLAIN-3201,100,200,0.29188227194279753,0.29188227194279753,0,0.95
nfcorpus,0,PLAIN-3201,200,400,0.29188227194279753,0.29188227194279753,1,1.0
nfcorpus,0,PLAIN-3201,500,1000,0.29188227194279753,0.29188227194279753,1,1.0
nfcorpus,0,PLAIN-3201,1000,1824,0.29188227194279753,0.29188227194279753,1,1.0
nfcorpus,0,PLAIN-3201,2000,2824,0.29188227194279753,0.29188227194279753,1,1.0
nfcorpus,0,PLAIN-3201,5000,4457,0.29188227194279753,0.29188227194279753,1,1.0
nfcorpus,0,PLAIN-3211,10,20,0.0,0.0,0,0.5
nfcorpus,0,PLAIN-3211,20,40,0.0,0.0,0,0.55
nfcorpus,0,PLAIN-3211,50,100,0.0,0.0,0,0.7
nfcorpus,0,PLAIN-3211,100,200,0.0,0.0,0,0.8
nfcorpus,0,PLAIN-3211,200,301,0.0,0.0,0,0.9
nfcorpus,0,PLAIN-3211,500,601,0.0,0.0,0,0.9
nfcorpus,0,PLAIN-3211,1000,1101,0.0,0.0,0,0.95
nfcorpus,0,PLAIN-3211,2000,2101,0.0,0.0,0,0.95
nfcorpus,0,PLAIN-3211,5000,3734,0.0,0.0,1,1.0
nfcorpus,0,PLAIN-3221,10,20,0.06425604298318155,0.0,0,0.45
nfcorpus,0,PLAIN-3221,20,40,0.06425604298318155,0.0,0,0.5
nfcorpus,0,PLAIN-3221,50,100,0.0,0.0,0,0.7
nfcorpus,0,PLAIN-3221,100,200,0.0,0.0,0,0.85
nfcorpus,0,PLAIN-3221,200,400,0.0,0.0,0,0.85
nfcorpus,0,PLAIN-3221,500,1000,0.0,0.0,0,0.95
nfcorpus,0,PLAIN-3221,1000,2000,0.0,0.0,1,1.0
nfcorpus,0,PLAIN-3221,2000,3123,0.0,0.0,1,1.0
nfcorpus,0,PLAIN-3221,5000,4756,0.0,0.0,1,1.0
nfcorpus,0,PLAIN-3231,10,20,0.24462274989288563,0.10566854585929897,0,0.65
nfcorpus,0,PLAIN-3231,20,40,0.22929028195745443,0.10566854585929897,0,0.65
nfcorpus,0,PLAIN-3231,50,100,0.0,0.10566854585929897,0,0.7
nfcorpus,0,PLAIN-3231,100,200,0.10566854585929897,0.10566854585929897,0,0.85
nfcorpus,0,PLAIN-3231,200,400,0.10566854585929897,0.10566854585929897,1,1.0
nfcorpus,0,PLAIN-3231,500,1000,0.10566854585929897,0.10566854585929897,1,1.0
nfcorpus,0,PLAIN-3231,1000,1539,0.10566854585929897,0.10566854585929897,1,1.0
nfcorpus,0,PLAIN-3231,2000,2539,0.10566854585929897,0.10566854585929897,1,1.0
nfcorpus,0,PLAIN-3231,5000,4172,0.10566854585929897,0.10566854585929897,1,1.0
nfcorpus,0,PLAIN-3241,10,20,0.22762622895961598,0.22762622895961598,0,0.5
nfcorpus,0,PLAIN-3241,20,40,0.22762622895961598,0.22762622895961598,0,0.5
nfcorpus,0,PLAIN-3241,50,100,0.28453278619952,0.22762622895961598,0,0.65
nfcorpus,0,PLAIN-3241,100,154,0.22762622895961598,0.22762622895961598,0,0.85
nfcorpus,0,PLAIN-3241,200,254,0.22762622895961598,0.22762622895961598,1,1.0
nfcorpus,0,PLAIN-3241,500,554,0.22762622895961598,0.22762622895961598,1,1.0
nfcorpus,0,PLAIN-3241,1000,1054,0.22762622895961598,0.22762622895961598,1,1.0
nfcorpus,0,PLAIN-3241,2000,2054,0.22762622895961598,0.22762622895961598,1,1.0
nfcorpus,0,PLAIN-3241,5000,3687,0.22762622895961598,0.22762622895961598,1,1.0
nfcorpus,0,PLAIN-3251,10,20,0.0,0.11381311447980799,0,0.6
nfcorpus,0,PLAIN-3251,20,40,0.11381311447980799,0.11381311447980799,0,0.65
nfcorpus,0,PLAIN-3251,50,100,0.11381311447980799,0.11381311447980799,0,0.8
nfcorpus,0,PLAIN-3251,100,200,0.11381311447980799,0.11381311447980799,0,0.8
nfcorpus,0,PLAIN-3251,200,400,0.11381311447980799,0.11381311447980799,1,1.0
nfcorpus,0,PLAIN-3251,500,1000,0.11381311447980799,0.11381311447980799,1,1.0
nfcorpus,0,PLAIN-3251,1000,2000,0.11381311447980799,0.11381311447980799,1,1.0
nfcorpus,0,PLAIN-3251,2000,4000,0.11381311447980799,0.11381311447980799,1,1.0
nfcorpus,0,PLAIN-3251,5000,5999,0.11381311447980799,0.11381311447980799,1,1.0
nfcorpus,0,PLAIN-3261,10,20,0.09988280114199435,0.1290515430196899,0,0.75
nfcorpus,0,PLAIN-3261,20,40,0.09988280114199435,0.1290515430196899,0,0.75
nfcorpus,0,PLAIN-3261,50,100,0.09988280114199435,0.1290515430196899,0,0.75
nfcorpus,0,PLAIN-3261,100,186,0.0945285466658181,0.1290515430196899,0,0.75
nfcorpus,0,PLAIN-3261,200,286,0.1290515430196899,0.1290515430196899,0,0.9
nfcorpus,0,PLAIN-3261,500,586,0.1290515430196899,0.1290515430196899,0,0.9
nfcorpus,0,PLAIN-3261,1000,1086,0.1290515430196899,0.1290515430196899,0,0.95
nfcorpus,0,PLAIN-3261,2000,2086,0.1290515430196899,0.1290515430196899,0,0.95
nfcorpus,0,PLAIN-3261,5000,3719,0.1290515430196899,0.1290515430196899,1,1.0
nfcorpus,0,PLAIN-3271,10,20,0.0,0.0,0,0.65
nfcorpus,0,PLAIN-3271,20,40,0.0,0.0,0,0.75
nfcorpus,0,PLAIN-3271,50,100,0.0,0.0,0,0.95
nfcorpus,0,PLAIN-3271,100,200,0.0,0.0,0,0.95
nfcorpus,0,PLAIN-3271,200,400,0.0,0.0,1,1.0
nfcorpus,0,PLAIN-3271,500,1000,0.0,0.0,1,1.0
nfcorpus,0,PLAIN-3271,1000,2000,0.0,0.0,1,1.0
nfcorpus,0,PLAIN-3271,2000,3255,0.0,0.0,1,1.0
nfcorpus,0,PLAIN-3271,5000,4888,0.0,0.0,1,1.0
nfcorpus,0,PLAIN-3281,10,20,0.3239134396887189,0.3239134396887189,0,0.7
nfcorpus,0,PLAIN-3281,20,40,0.3239134396887189,0.3239134396887189,0,0.7
nfcorpus,0,PLAIN-3281,50,100,0.3239134396887189,0.3239134396887189,0,0.8
nfcorpus,0,PLAIN-3281,100,200,0.3239134396887189,0.3239134396887189,0,0.85
nfcorpus,0,PLAIN-3281,200,400,0.3239134396887189,0.3239134396887189,0,0.85
nfcorpus,0,PLAIN-3281,500,1000,0.3239134396887189,0.3239134396887189,0,0.9
nfcorpus,0,PLAIN-3281,1000,2000,0.3239134396887189,0.3239134396887189,0,0.95
nfcorpus,0,PLAIN-3281,2000,3216,0.3239134396887189,0.3239134396887189,1,1.0
nfcorpus,0,PLAIN-3281,5000,4849,0.3239134396887189,0.3239134396887189,1,1.0
nfcorpus,0,PLAIN-3292,10,20,0.37337358525344533,0.5862103721109901,0,0.65
nfcorpus,0,PLAIN-3292,20,40,0.5862103721109901,0.5862103721109901,0,0.75
nfcorpus,0,PLAIN-3292,50,100,0.5862103721109901,0.5862103721109901,0,0.9
nfcorpus,0,PLAIN-3292,100,200,0.5862103721109901,0.5862103721109901,0,0.95
nfcorpus,0,PLAIN-3292,200,307,0.5862103721109901,0.5862103721109901,0,0.95
nfcorpus,0,PLAIN-3292,500,607,0.5862103721109901,0.5862103721109901,1,1.0
nfcorpus,0,PLAIN-3292,1000,1107,0.5862103721109901,0.5862103721109901,1,1.0
nfcorpus,0,PLAIN-3292,2000,2107,0.5862103721109901,0.5862103721109901,1,1.0
nfcorpus,0,PLAIN-3292,5000,3740,0.5862103721109901,0.5862103721109901,1,1.0
nfcorpus,0,PLAIN-33,10,20,0.2925382742916646,0.17887677402521096,0,0.55
nfcorpus,0,PLAIN-33,20,40,0.2616175618565321,0.17887677402521096,0,0.55
nfcorpus,0,PLAIN-33,50,100,0.09790268744042861,0.17887677402521096,0,0.8
nfcorpus,0,PLAIN-33,100,200,0.17887677402521096,0.17887677402521096,0,0.8
nfcorpus,0,PLAIN-33,200,400,0.17887677402521096,0.17887677402521096,0,0.95
nfcorpus,0,PLAIN-33,500,1000,0.17887677402521096,0.17887677402521096,1,1.0
nfcorpus,0,PLAIN-33,1000,1522,0.17887677402521096,0.17887677402521096,1,1.0
nfcorpus,0,PLAIN-33,2000,2522,0.17887677402521096,0.17887677402521096,1,1.0
nfcorpus,0,PLAIN-33,5000,4155,0.17887677402521096,0.17887677402521096,1,1.0
nfcorpus,0,PLAIN-3302,10,20,0.1915026514374675,0.1915026514374675,0,0.65
nfcorpus,0,PLAIN-3302,20,40,0.1915026514374675,0.1915026514374675,0,0.65
nfcorpus,0,PLAIN-3302,50,100,0.1915026514374675,0.1915026514374675,0,0.9
nfcorpus,0,PLAIN-3302,100,200,0.1915026514374675,0.1915026514374675,1,1.0
nfcorpus,0,PLAIN-3302,200,400,0.1915026514374675,0.1915026514374675,1,1.0
nfcorpus,0,PLAIN-3302,500,733,0.1915026514374675,0.1915026514374675,1,1.0
nfcorpus,0,PLAIN-3302,1000,1233,0.1915026514374675,0.1915026514374675,1,1.0
nfcorpus,0,PLAIN-3302,2000,2233,0.1915026514374675,0.1915026514374675,1,1.0
nfcorpus,0,PLAIN-3302,5000,3866,0.1915026514374675,0.1915026514374675,1,1.0
nfcorpus,0,PLAIN-3312,10,20,0.11390980029707841,0.24880967343441998,0,0.6
nfcorpus,0,PLAIN-3312,20,40,0.1695096021508758,0.24880967343441998,0,0.7
nfcorpus,0,PLAIN-3312,50,100,0.21025163362112892,0.24880967343441998,0,0.85
nfcorpus,0,PLAIN-3312,100,200,0.24880967343441998,0.24880967343441998,0,0.85
nfcorpus,0,PLAIN-3312,200,400,0.24880967343441998,0.24880967343441998,1,1.0
nfcorpus,0,PLAIN-3312,500,813,0.24880967343441998,0.24880967343441998,1,1.0
nfcorpus,0,PLAIN-3312,1000,1313,0.24880967343441998,0.24880967343441998,1,1.0
nfcorpus,0,PLAIN-3312,2000,2313,0.24880967343441998,0.24880967343441998,1,1.0
nfcorpus,0,PLAIN-3312,5000,3946,0.24880967343441998,0.24880967343441998,1,1.0
nfcorpus,0,PLAIN-332,10,20,0.6131471927654584,0.6131471927654584,0,0.55
nfcorpus,0,PLAIN-332,20,40,0.6131471927654584,0.6131471927654584,0,0.7
nfcorpus,0,PLAIN-332,50,100,0.6131471927654584,0.6131471927654584,0,0.9
nfcorpus,0,PLAIN-332,100,200,0.6131471927654584,0.6131471927654584,1,1.0
nfcorpus,0,PLAIN-332,200,400,0.6131471927654584,0.6131471927654584,1,1.0
nfcorpus,0,PLAIN-332,500,1000,0.6131471927654584,0.6131471927654584,1,1.0
nfcorpus,0,PLAIN-332,1000,2000,0.6131471927654584,0.6131471927654584,1,1.0
nfcorpus,0,PLAIN-332,2000,4000,0.6131471927654584,0.6131471927654584,1,1.0
nfcorpus,0,PLAIN-332,5000,6286,0.6131471927654584,0.6131471927654584,1,1.0
nfcorpus,0,PLAIN-3322,10,20,0.20248323207250624,0.27108847097297983,0,0.6
nfcorpus,0,PLAIN-3322,20,40,0.1736666713479918,0.27108847097297983,0,0.65
nfcorpus,0,PLAIN-3322,50,100,0.2781981696179509,0.27108847097297983,0,0.65
nfcorpus,0,PLAIN-3322,100,200,0.27108847097297983,0.27108847097297983,0,0.65
nfcorpus,0,PLAIN-3322,200,400,0.27108847097297983,0.27108847097297983,0,0.8
nfcorpus,0,PLAIN-3322,500,1000,0.27108847097297983,0.27108847097297983,1,1.0
nfcorpus,0,PLAIN-3322,1000,1984,0.27108847097297983,0.27108847097297983,1,1.0
nfcorpus,0,PLAIN-3322,2000,2984,0.27108847097297983,0.27108847097297983,1,1.0
nfcorpus,0,PLAIN-3322,5000,4617,0.27108847097297983,0.27108847097297983,1,1.0
nfcorpus,0,PLAIN-3332,10,20,0.5400079404422137,0.6792039116380361,0,0.6
nfcorpus,0,PLAIN-3332,20,40,0.5551170640106895,0.6792039116380361,0,0.75
nfcorpus,0,PLAIN-3332,50,100,0.6792039116380361,0.6792039116380361,0,0.85
nfcorpus,0,PLAIN-3332,100,200,0.6792039116380361,0.6792039116380361,0,0.9
nfcorpus,0,PLAIN-3332,200,400,0.6792039116380361,0.6792039116380361,1,1.0
nfcorpus,0,PLAIN-3332,500,1000,0.6792039116380361,0.6792039116380361,1,1.0
nfcorpus,0,PLAIN-3332,1000,2000,0.6792039116380361,0.6792039116380361,1,1.0
nfcorpus,0,PLAIN-3332,2000,3672,0.6792039116380361,0.6792039116380361,1,1.0
nfcorpus,0,PLAIN-3332,5000,5305,0.6792039116380361,0.6792039116380361,1,1.0
nfcorpus,0,PLAIN-3342,10,20,0.7653606369886217,0.7653606369886217,0,0.6
nfcorpus,0,PLAIN-3342,20,40,0.7653606369886217,0.7653606369886217,0,0.65
nfcorpus,0,PLAIN-3342,50,100,0.7653606369886217,0.7653606369886217,0,0.85
nfcorpus,0,PLAIN-3342,100,200,0.7653606369886217,0.7653606369886217,1,1.0
nfcorpus,0,PLAIN-3342,200,400,0.7653606369886217,0.7653606369886217,1,1.0
nfcorpus,0,PLAIN-3342,500,766,0.7653606369886217,0.7653606369886217,1,1.0
nfcorpus,0,PLAIN-3342,1000,1266,0.7653606369886217,0.7653606369886217,1,1.0
nfcorpus,0,PLAIN-3342,2000,2266,0.7653606369886217,0.7653606369886217,1,1.0
nfcorpus,0,PLAIN-3342,5000,3899,0.7653606369886217,0.7653606369886217,1,1.0
nfcorpus,0,PLAIN-3352,10,20,0.06265341172228864,0.16195671984435944,0,0.55
nfcorpus,0,PLAIN-3352,20,40,0.05769014760900127,0.16195671984435944,0,0.55
nfcorpus,0,PLAIN-3352,50,100,0.2130483765146811,0.16195671984435944,0,0.6
nfcorpus,0,PLAIN-3352,100,200,0.2130483765146811,0.16195671984435944,0,0.65
nfcorpus,0,PLAIN-3352,200,400,0.16195671984435944,0.16195671984435944,0,0.8
nfcorpus,0,PLAIN-3352,500,1000,0.16195671984435944,0.16195671984435944,0,0.85
nfcorpus,0,PLAIN-3352,1000,2000,0.16195671984435944,0.16195671984435944,0,0.95
nfcorpus,0,PLAIN-3352,2000,3212,0.16195671984435944,0.16195671984435944,1,1.0
nfcorpus,0,PLAIN-3352,5000,4845,0.16195671984435944,0.16195671984435944,1,1.0
nfcorpus,0,PLAIN-3362,10,20,0.5090446975661469,0.44922026313329616,0,0.55
nfcorpus,0,PLAIN-3362,20,40,0.4895747338606264,0.44922026313329616,0,0.65
nfcorpus,0,PLAIN-3362,50,100,0.44922026313329616,0.44922026313329616,0,0.7
nfcorpus,0,PLAIN-3362,100,200,0.44922026313329616,0.44922026313329616,0,0.95
nfcorpus,0,PLAIN-3362,200,317,0.44922026313329616,0.44922026313329616,1,1.0
nfcorpus,0,PLAIN-3362,500,617,0.44922026313329616,0.44922026313329616,1,1.0
nfcorpus,0,PLAIN-3362,1000,1117,0.44922026313329616,0.44922026313329616,1,1.0
nfcorpus,0,PLAIN-3362,2000,2117,0.44922026313329616,0.44922026313329616,1,1.0
nfcorpus,0,PLAIN-3362,5000,3750,0.44922026313329616,0.44922026313329616,1,1.0
nfcorpus,0,PLAIN-3372,10,20,0.13956838328637602,0.13956838328637602,0,0.45
nfcorpus,0,PLAIN-3372,20,40,0.13956838328637602,0.13956838328637602,0,0.6
nfcorpus,0,PLAIN-3372,50,86,0.13956838328637602,0.13956838328637602,0,0.85
nfcorpus,0,PLAIN-3372,100,136,0.13956838328637602,0.13956838328637602,1,1.0
nfcorpus,0,PLAIN-3372,200,236,0.13956838328637602,0.13956838328637602,1,1.0
nfcorpus,0,PLAIN-3372,500,536,0.13956838328637602,0.13956838328637602,1,1.0
nfcorpus,0,PLAIN-3372,1000,1036,0.13956838328637602,0.13956838328637602,1,1.0
nfcorpus,0,PLAIN-3372,2000,2036,0.13956838328637602,0.13956838328637602,1,1.0
nfcorpus,0,PLAIN-3372,5000,3669,0.13956838328637602,0.13956838328637602,1,1.0
nfcorpus,0,PLAIN-3382,10,20,0.3546108006569935,0.4478577970611357,0,0.5
nfcorpus,0,PLAIN-3382,20,40,0.49756770476509177,0.4478577970611357,0,0.65
nfcorpus,0,PLAIN-3382,50,100,0.4478577970611357,0.4478577970611357,0,0.75
nfcorpus,0,PLAIN-3382,100,187,0.4478577970611357,0.4478577970611357,0,0.9
nfcorpus,0,PLAIN-3382,200,287,0.4478577970611357,0.4478577970611357,0,0.95
nfcorpus,0,PLAIN-3382,500,587,0.4478577970611357,0.4478577970611357,1,1.0
nfcorpus,0,PLAIN-3382,1000,1087,0.4478577970611357,0.4478577970611357,1,1.0
nfcorpus,0,PLAIN-3382,2000,2087,0.4478577970611357,0.4478577970611357,1,1.0
nfcorpus,0,PLAIN-3382,5000,3720,0.4478577970611357,0.4478577970611357,1,1.0
nfcorpus,0,PLAIN-3392,10,20,0.0,0.0,0,0.5
nfcorpus,0,PLAIN-3392,20,40,0.0,0.0,0,0.5
nfcorpus,0,PLAIN-3392,50,100,0.0,0.0,0,0.65
nfcorpus,0,PLAIN-3392,100,200,0.0,0.0,0,0.95
nfcorpus,0,PLAIN-3392,200,303,0.0,0.0,1,1.0
nfcorpus,0,PLAIN-3392,500,603,0.0,0.0,1,1.0
nfcorpus,0,PLAIN-3392,1000,1103,0.0,0.0,1,1.0
nfcorpus,0,PLAIN-3392,2000,2103,0.0,0.0,1,1.0
nfcorpus,0,PLAIN-3392,5000,3736,0.0,0.0,1,1.0
nfcorpus,0,PLAIN-3402,10,20,0.0,0.0,0,0.7
nfcorpus,0,PLAIN-3402,20,40,0.0,0.0,0,0.8
nfcorpus,0,PLAIN-3402,50,100,0.0,0.0,0,0.9
nfcorpus,0,PLAIN-3402,100,200,0.0,0.0,0,0.95
nfcorpus,0,PLAIN-3402,200,400,0.0,0.0,1,1.0
nfcorpus,0,PLAIN-3402,500,1000,0.0,0.0,1,1.0
nfcorpus,0,PLAIN-3402,1000,2000,0.0,0.0,1,1.0
nfcorpus,0,PLAIN-3402,2000,3368,0.0,0.0,1,1.0
nfcorpus,0,PLAIN-3402,5000,5001,0.0,0.0,1,1.0
nfcorpus,0,PLAIN-3412,10,20,0.26414003318500273,0.4223632666726161,0,0.65
nfcorpus,0,PLAIN-3412,20,40,0.3267934449072914,0.4223632666726161,0,0.75
nfcorpus,0,PLAIN-3412,50,100,0.3807790181887445,0.4223632666726161,0,0.75
nfcorpus,0,PLAIN-3412,100,200,0.4223632666726161,0.4223632666726161,0,0.9
nfcorpus,0,PLAIN-3412,200,400,0.4223632666726161,0.4223632666726161,1,1.0
nfcorpus,0,PLAIN-3412,500,1000,0.4223632666726161,0.4223632666726161,1,1.0
nfcorpus,0,PLAIN-3412,1000,1606,0.4223632666726161,0.4223632666726161,1,1.0
nfcorpus,0,PLAIN-3412,2000,2606,0.4223632666726161,0.4223632666726161,1,1.0
nfcorpus,0,PLAIN-3412,5000,4239,0.4223632666726161,0.4223632666726161,1,1.0
nfcorpus,0,PLAIN-3422,10,20,0.10437216870901439,0.05068557714602344,0,0.7
nfcorpus,0,PLAIN-3422,20,40,0.08611327522355305,0.05068557714602344,0,0.7
nfcorpus,0,PLAIN-3422,50,100,0.05068557714602344,0.05068557714602344,0,0.85
nfcorpus,0,PLAIN-3422,100,200,0.05068557714602344,0.05068557714602344,1,1.0
nfcorpus,0,PLAIN-3422,200,400,0.05068557714602344,0.05068557714602344,1,1.0
nfcorpus,0,PLAIN-3422,500,1000,0.05068557714602344,0.05068557714602344,1,1.0
nfcorpus,0,PLAIN-3422,1000,1563,0.05068557714602344,0.05068557714602344,1,1.0
nfcorpus,0,PLAIN-3422,2000,2563,0.05068557714602344,0.05068557714602344,1,1.0
nfcorpus,0,PLAIN-3422,5000,4196,0.05068557714602344,0.05068557714602344,1,1.0
nfcorpus,0,PLAIN-3432,10,20,0.4422195942380129,0.3932783996463063,0,0.7
nfcorpus,0,PLAIN-3432,20,40,0.3932783996463063,0.3932783996463063,0,0.8
nfcorpus,0,PLAIN-3432,50,100,0.3932783996463063,0.3932783996463063,0,0.95
nfcorpus,0,PLAIN-3432,100,200,0.3932783996463063,0.3932783996463063,1,1.0
nfcorpus,0,PLAIN-3432,200,400,0.3932783996463063,0.3932783996463063,1,1.0
nfcorpus,0,PLAIN-3432,500,1000,0.3932783996463063,0.3932783996463063,1,1.0
nfcorpus,0,PLAIN-3432,1000,1541,0.3932783996463063,0.3932783996463063,1,1.0
nfcorpus,0,PLAIN-3432,2000,2541,0.3932783996463063,0.3932783996463063,1,1.0
nfcorpus,0,PLAIN-3432,5000,4174,0.3932783996463063,0.3932783996463063,1,1.0
nfcorpus,0,PLAIN-344,10,20,0.48450751465432046,0.49926635738167274,0,0.6
nfcorpus,0,PLAIN-344,20,40,0.49926635738167274,0.49926635738167274,0,0.7
nfcorpus,0,PLAIN-344,50,100,0.49926635738167274,0.49926635738167274,0,0.75
nfcorpus,0,PLAIN-344,100,200,0.49926635738167274,0.49926635738167274,1,1.0
nfcorpus,0,PLAIN-344,200,400,0.49926635738167274,0.49926635738167274,1,1.0
nfcorpus,0,PLAIN-344,500,1000,0.49926635738167274,0.49926635738167274,1,1.0
nfcorpus,0,PLAIN-344,1000,2000,0.49926635738167274,0.49926635738167274,1,1.0
nfcorpus,0,PLAIN-344,2000,4000,0.49926635738167274,0.49926635738167274,1,1.0
nfcorpus,0,PLAIN-344,5000,6515,0.49926635738167274,0.49926635738167274,1,1.0
nfcorpus,0,PLAIN-3442,10,20,0.0,0.0,0,0.55
nfcorpus,0,PLAIN-3442,20,40,0.0,0.0,0,0.65
nfcorpus,0,PLAIN-3442,50,100,0.0,0.0,0,0.9
nfcorpus,0,PLAIN-3442,100,200,0.0,0.0,1,1.0
nfcorpus,0,PLAIN-3442,200,400,0.0,0.0,1,1.0
nfcorpus,0,PLAIN-3442,500,836,0.0,0.0,1,1.0
nfcorpus,0,PLAIN-3442,1000,1336,0.0,0.0,1,1.0
nfcorpus,0,PLAIN-3442,2000,2336,0.0,0.0,1,1.0
nfcorpus,0,PLAIN-3442,5000,3969,0.0,0.0,1,1.0
nfcorpus,0,PLAIN-3452,10,20,0.5535378632977889,0.5325407313108635,0,0.65
nfcorpus,0,PLAIN-3452,20,40,0.5325407313108635,0.5325407313108635,0,0.8
nfcorpus,0,PLAIN-3452,50,100,0.5325407313108635,0.5325407313108635,1,1.0
nfcorpus,0,PLAIN-3452,100,200,0.5325407313108635,0.5325407313108635,1,1.0
nfcorpus,0,PLAIN-3452,200,400,0.5325407313108635,0.5325407313108635,1,1.0
nfcorpus,0,PLAIN-3452,500,916,0.5325407313108635,0.5325407313108635,1,1.0
nfcorpus,0,PLAIN-3452,1000,1416,0.5325407313108635,0.5325407313108635,1,1.0
nfcorpus,0,PLAIN-3452,2000,2416,0.5325407313108635,0.5325407313108635,1,1.0
nfcorpus,0,PLAIN-3452,5000,4049,0.5325407313108635,0.5325407313108635,1,1.0
nfcorpus,0,PLAIN-3462,10,20,0.6745711375739728,0.7381919257729245,0,0.65
nfcorpus,0,PLAIN-3462,20,40,0.7381919257729245,0.7381919257729245,0,0.9
nfcorpus,0,PLAIN-3462,50,100,0.7381919257729245,0.7381919257729245,1,1.0
nfcorpus,0,PLAIN-3462,100,200,0.7381919257729245,0.7381919257729245,1,1.0
nfcorpus,0,PLAIN-3462,200,400,0.7381919257729245,0.7381919257729245,1,1.0
nfcorpus,0,PLAIN-3462,500,1000,0.7381919257729245,0.7381919257729245,1,1.0
nfcorpus,0,PLAIN-3462,1000,1715,0.7381919257729245,0.7381919257729245,1,1.0
nfcorpus,0,PLAIN-3462,2000,2715,0.7381919257729245,0.7381919257729245,1,1.0
nfcorpus,0,PLAIN-3462,5000,4348,0.7381919257729245,0.7381919257729245,1,1.0
nfcorpus,0,PLAIN-3472,10,20,0.13347537859706932,0.0,0,0.45
nfcorpus,0,PLAIN-3472,20,40,0.10327064981393905,0.0,0,0.5
nfcorpus,0,PLAIN-3472,50,100,0.08898358573137954,0.0,0,0.55
nfcorpus,0,PLAIN-3472,100,200,0.0,0.0,0,0.8
nfcorpus,0,PLAIN-3472,200,400,0.0,0.0,0,0.9
nfcorpus,0,PLAIN-3472,500,1000,0.0,0.0,0,1.0
nfcorpus,0,PLAIN-3472,1000,1710,0.0,0.0,1,1.0
nfcorpus,0,PLAIN-3472,2000,2710,0.0,0.0,1,1.0
nfcorpus,0,PLAIN-3472,5000,4343,0.0,0.0,1,1.0
nfcorpus,0,PLAIN-358,10,20,0.0,0.0,0,0.55
nfcorpus,0,PLAIN-358,20,40,0.0,0.0,0,0.55
nfcorpus,0,PLAIN-358,50,100,0.0,0.0,0,0.55
nfcorpus,0,PLAIN-358,100,200,0.0,0.0,0,0.65
nfcorpus,0,PLAIN-358,200,400,0.0,0.0,0,0.65
nfcorpus,0,PLAIN-358,500,1000,0.0,0.0,0,0.95
nfcorpus,0,PLAIN-358,1000,2000,0.0,0.0,0,0.95
nfcorpus,0,PLAIN-358,2000,4000,0.0,0.0,0,1.0
nfcorpus,0,PLAIN-358,5000,6284,0.0,0.0,1,1.0
nfcorpus,0,PLAIN-371,10,20,0.38009376671593426,0.38009376671593426,0,0.65
nfcorpus,0,PLAIN-371,20,40,0.38009376671593426,0.38009376671593426,0,0.65
nfcorpus,0,PLAIN-371,50,100,0.38009376671593426,0.38009376671593426,0,0.65
nfcorpus,0,PLAIN-371,100,200,0.38009376671593426,0.38009376671593426,0,0.75
nfcorpus,0,PLAIN-371,200,400,0.38009376671593426,0.38009376671593426,0,0.8
nfcorpus,0,PLAIN-371,500,1000,0.38009376671593426,0.38009376671593426,0,0.9
nfcorpus,0,PLAIN-371,1000,2000,0.38009376671593426,0.38009376671593426,0,0.9
nfcorpus,0,PLAIN-371,2000,3217,0.38009376671593426,0.38009376671593426,0,0.95
nfcorpus,0,PLAIN-371,5000,4850,0.38009376671593426,0.38009376671593426,1,1.0
nfcorpus,0,PLAIN-383,10,20,0.16958010263680806,0.16958010263680806,0,0.5
nfcorpus,0,PLAIN-383,20,40,0.16958010263680806,0.16958010263680806,0,0.5
nfcorpus,0,PLAIN-383,50,100,0.16958010263680806,0.16958010263680806,0,0.6
nfcorpus,0,PLAIN-383,100,200,0.16958010263680806,0.16958010263680806,0,0.85
nfcorpus,0,PLAIN-383,200,400,0.16958010263680806,0.16958010263680806,0,0.9
nfcorpus,0,PLAIN-383,500,1000,0.16958010263680806,0.16958010263680806,1,1.0
nfcorpus,0,PLAIN-383,1000,2000,0.16958010263680806,0.16958010263680806,1,1.0
nfcorpus,0,PLAIN-383,2000,3278,0.16958010263680806,0.16958010263680806,1,1.0
nfcorpus,0,PLAIN-383,5000,4911,0.16958010263680806,0.16958010263680806,1,1.0
nfcorpus,0,PLAIN-395,10,20,0.0,0.0,0,0.6
nfcorpus,0,PLAIN-395,20,40,0.0,0.0,0,0.65
nfcorpus,0,PLAIN-395,50,100,0.0,0.0,0,0.85
nfcorpus,0,PLAIN-395,100,200,0.0,0.0,1,1.0
nfcorpus,0,PLAIN-395,200,400,0.0,0.0,1,1.0
nfcorpus,0,PLAIN-395,500,1000,0.0,0.0,1,1.0
nfcorpus,0,PLAIN-395,1000,1609,0.0,0.0,1,1.0
nfcorpus,0,PLAIN-395,2000,2609,0.0,0.0,1,1.0
nfcorpus,0,PLAIN-395,5000,4242,0.0,0.0,1,1.0
nfcorpus,0,PLAIN-407,10,20,0.6387878864795979,0.6387878864795979,0,0.45
nfcorpus,0,PLAIN-407,20,40,0.6387878864795979,0.6387878864795979,0,0.45
nfcorpus,0,PLAIN-407,50,100,0.6387878864795979,0.6387878864795979,0,0.75
nfcorpus,0,PLAIN-407,100,200,0.6387878864795979,0.6387878864795979,0,0.85
nfcorpus,0,PLAIN-407,200,400,0.6387878864795979,0.6387878864795979,0,0.9
nfcorpus,0,PLAIN-407,500,1000,0.6387878864795979,0.6387878864795979,1,1.0
nfcorpus,0,PLAIN-407,1000,2000,0.6387878864795979,0.6387878864795979,1,1.0
nfcorpus,0,PLAIN-407,2000,3112,0.6387878864795979,0.6387878864795979,1,1.0
nfcorpus,0,PLAIN-407,5000,4745,0.6387878864795979,0.6387878864795979,1,1.0
nfcorpus,0,PLAIN-418,10,20,0.7974779478881874,0.7974779478881874,0,0.5
nfcorpus,0,PLAIN-418,20,40,0.7974779478881874,0.7974779478881874,0,0.55
nfcorpus,0,PLAIN-418,50,100,0.7974779478881874,0.7974779478881874,0,0.85
nfcorpus,0,PLAIN-418,100,200,0.7974779478881874,0.7974779478881874,0,0.95
nfcorpus,0,PLAIN-418,200,400,0.7974779478881874,0.7974779478881874,1,1.0
nfcorpus,0,PLAIN-418,500,1000,0.7974779478881874,0.7974779478881874,1,1.0
nfcorpus,0,PLAIN-418,1000,2000,0.7974779478881874,0.7974779478881874,1,1.0
nfcorpus,0,PLAIN-418,2000,3524,0.7974779478881874,0.7974779478881874,1,1.0
nfcorpus,0,PLAIN-418,5000,5157,0.7974779478881874,0.7974779478881874,1,1.0
nfcorpus,0,PLAIN-430,10,20,0.584701502803611,0.584701502803611,0,0.5
nfcorpus,0,PLAIN-430,20,40,0.584701502803611,0.584701502803611,0,0.75
nfcorpus,0,PLAIN-430,50,100,0.584701502803611,0.584701502803611,0,0.95
nfcorpus,0,PLAIN-430,100,200,0.584701502803611,0.584701502803611,1,1.0
nfcorpus,0,PLAIN-430,200,400,0.584701502803611,0.584701502803611,1,1.0
nfcorpus,0,PLAIN-430,500,1000,0.584701502803611,0.584701502803611,1,1.0
nfcorpus,0,PLAIN-430,1000,2000,0.584701502803611,0.584701502803611,1,1.0
nfcorpus,0,PLAIN-430,2000,3654,0.584701502803611,0.584701502803611,1,1.0
nfcorpus,0,PLAIN-430,5000,5287,0.584701502803611,0.584701502803611,1,1.0
nfcorpus,0,PLAIN-44,10,20,0.19014270707732447,0.15557969800154997,0,0.8
nfcorpus,0,PLAIN-44,20,40,0.13423664426575938,0.15557969800154997,0,0.8
nfcorpus,0,PLAIN-44,50,100,0.11874782804428277,0.15557969800154997,0,0.75
nfcorpus,0,PLAIN-44,100,200,0.15557969800154997,0.15557969800154997,1,1.0
nfcorpus,0,PLAIN-44,200,400,0.15557969800154997,0.15557969800154997,1,1.0
nfcorpus,0,PLAIN-44,500,1000,0.15557969800154997,0.15557969800154997,1,1.0
nfcorpus,0,PLAIN-44,1000,2000,0.15557969800154997,0.15557969800154997,1,1.0
nfcorpus,0,PLAIN-44,2000,3247,0.15557969800154997,0.15557969800154997,1,1.0
nfcorpus,0,PLAIN-44,5000,4880,0.15557969800154997,0.15557969800154997,1,1.0
nfcorpus,0,PLAIN-441,10,20,0.9467009784197933,0.777747077360283,0,0.75
nfcorpus,0,PLAIN-441,20,40,0.923326910223412,0.777747077360283,0,0.8
nfcorpus,0,PLAIN-441,50,100,0.777747077360283,0.777747077360283,0,0.95
nfcorpus,0,PLAIN-441,100,200,0.777747077360283,0.777747077360283,0,0.9
nfcorpus,0,PLAIN-441,200,340,0.777747077360283,0.777747077360283,0,0.9
nfcorpus,0,PLAIN-441,500,640,0.777747077360283,0.777747077360283,0,1.0
nfcorpus,0,PLAIN-441,1000,1140,0.777747077360283,0.777747077360283,0,1.0
nfcorpus,0,PLAIN-441,2000,2140,0.777747077360283,0.777747077360283,1,1.0
nfcorpus,0,PLAIN-441,5000,3773,0.777747077360283,0.777747077360283,1,1.0
nfcorpus,0,PLAIN-457,10,20,0.0,0.0,0,0.55
nfcorpus,0,PLAIN-457,20,40,0.0,0.0,0,0.55
nfcorpus,0,PLAIN-457,50,100,0.0,0.0,0,0.6
nfcorpus,0,PLAIN-457,100,200,0.0,0.0,0,0.65
nfcorpus,0,PLAIN-457,200,400,0.0,0.0,0,0.95
nfcorpus,0,PLAIN-457,500,1000,0.0,0.0,0,0.95
nfcorpus,0,PLAIN-457,1000,2000,0.0,0.0,0,0.9
nfcorpus,0,PLAIN-457,2000,4000,0.0,0.0,0,0.95
nfcorpus,0,PLAIN-457,5000,6424,0.0,0.0,1,1.0
nfcorpus,0,PLAIN-468,10,20,0.43929373490672136,0.4318845862516251,0,0.55
nfcorpus,0,PLAIN-468,20,40,0.4318845862516251,0.4318845862516251,0,0.65
nfcorpus,0,PLAIN-468,50,100,0.4318845862516251,0.4318845862516251,0,0.9
nfcorpus,0,PLAIN-468,100,200,0.4318845862516251,0.4318845862516251,1,1.0
nfcorpus,0,PLAIN-468,200,400,0.4318845862516251,0.4318845862516251,1,1.0
nfcorpus,0,PLAIN-468,500,758,0.4318845862516251,0.4318845862516251,1,1.0
nfcorpus,0,PLAIN-468,1000,1258,0.4318845862516251,0.4318845862516251,1,1.0
nfcorpus,0,PLAIN-468,2000,2258,0.4318845862516251,0.4318845862516251,1,1.0
nfcorpus,0,PLAIN-468,5000,3891,0.4318845862516251,0.4318845862516251,1,1.0
nfcorpus,0,PLAIN-478,10,20,0.0,0.0,0,0.9
nfcorpus,0,PLAIN-478,20,32,0.0,0.0,0,0.95
nfcorpus,0,PLAIN-478,50,62,0.0,0.0,0,0.95
nfcorpus,0,PLAIN-478,100,112,0.0,0.0,0,0.95
nfcorpus,0,PLAIN-478,200,212,0.0,0.0,0,0.95
nfcorpus,0,PLAIN-478,500,512,0.0,0.0,0,0.95
nfcorpus,0,PLAIN-478,1000,1012,0.0,0.0,0,0.95
nfcorpus,0,PLAIN-478,2000,2012,0.0,0.0,0,0.95
nfcorpus,0,PLAIN-478,5000,3645,0.0,0.0,1,1.0
nfcorpus,0,PLAIN-488,10,20,0.933745776545611,0.933745776545611,0,0.6
nfcorpus,0,PLAIN-488,20,40,0.933745776545611,0.933745776545611,0,0.6
nfcorpus,0,PLAIN-488,50,100,0.933745776545611,0.933745776545611,0,0.6
nfcorpus,0,PLAIN-488,100,200,0.933745776545611,0.933745776545611,0,0.95
nfcorpus,0,PLAIN-488,200,301,0.933745776545611,0.933745776545611,1,1.0
nfcorpus,0,PLAIN-488,500,601,0.933745776545611,0.933745776545611,1,1.0
nfcorpus,0,PLAIN-488,1000,1101,0.933745776545611,0.933745776545611,1,1.0
nfcorpus,0,PLAIN-488,2000,2101,0.933745776545611,0.933745776545611,1,1.0
nfcorpus,0,PLAIN-488,5000,3734,0.933745776545611,0.933745776545611,1,1.0
nfcorpus,0,PLAIN-499,10,20,0.39215784798408637,0.40067051810063004,0,0.7
nfcorpus,0,PLAIN-499,20,40,0.40067051810063004,0.40067051810063004,0,0.7
nfcorpus,0,PLAIN-499,50,100,0.40067051810063004,0.40067051810063004,0,0.9
nfcorpus,0,PLAIN-499,100,200,0.40067051810063004,0.40067051810063004,0,0.9
nfcorpus,0,PLAIN-499,200,371,0.40067051810063004,0.40067051810063004,1,1.0
nfcorpus,0,PLAIN-499,500,671,0.40067051810063004,0.40067051810063004,1,1.0
nfcorpus,0,PLAIN-499,1000,1171,0.40067051810063004,0.40067051810063004,1,1.0
nfcorpus,0,PLAIN-499,2000,2171,0.40067051810063004,0.40067051810063004,1,1.0
nfcorpus,0,PLAIN-499,5000,3804,0.40067051810063004,0.40067051810063004,1,1.0
nfcorpus,0,PLAIN-510,10,13,0.0,0.0,0,0.65
nfcorpus,0,PLAIN-510,20,23,0.0,0.0,0,1.0
nfcorpus,0,PLAIN-510,50,53,0.0,0.0,0,1.0
nfcorpus,0,PLAIN-510,100,103,0.0,0.0,0,1.0
nfcorpus,0,PLAIN-510,200,203,0.0,0.0,1,1.0
nfcorpus,0,PLAIN-510,500,503,0.0,0.0,1,1.0
nfcorpus,0,PLAIN-510,1000,1003,0.0,0.0,1,1.0
nfcorpus,0,PLAIN-510,2000,2003,0.0,0.0,1,1.0
nfcorpus,0,PLAIN-510,5000,3636,0.0,0.0,1,1.0
nfcorpus,0,PLAIN-520,10,14,0.0,0.0,0,0.7
nfcorpus,0,PLAIN-520,20,24,0.0,0.0,0,1.0
nfcorpus,0,PLAIN-520,50,54,0.0,0.0,0,1.0
nfcorpus,0,PLAIN-520,100,104,0.0,0.0,0,1.0
nfcorpus,0,PLAIN-520,200,204,0.0,0.0,0,1.0
nfcorpus,0,PLAIN-520,500,504,0.0,0.0,0,1.0
nfcorpus,0,PLAIN-520,1000,1004,0.0,0.0,0,1.0
nfcorpus,0,PLAIN-520,2000,2004,0.0,0.0,0,1.0
nfcorpus,0,PLAIN-520,5000,3637,0.0,0.0,1,1.0
nfcorpus,0,PLAIN-531,10,20,0.2848142012137644,0.2874476364692017,0,0.5
nfcorpus,0,PLAIN-531,20,40,0.199306233590118,0.2874476364692017,0,0.5
nfcorpus,0,PLAIN-531,50,100,0.2874476364692017,0.2874476364692017,0,0.7
nfcorpus,0,PLAIN-531,100,200,0.2874476364692017,0.2874476364692017,0,0.9
nfcorpus,0,PLAIN-531,200,400,0.2874476364692017,0.2874476364692017,0,0.95
nfcorpus,0,PLAIN-531,500,757,0.2874476364692017,0.2874476364692017,1,1.0
nfcorpus,0,PLAIN-531,1000,1257,0.2874476364692017,0.2874476364692017,1,1.0
nfcorpus,0,PLAIN-531,2000,2257,0.2874476364692017,0.2874476364692017,1,1.0
nfcorpus,0,PLAIN-531,5000,3890,0.2874476364692017,0.2874476364692017,1,1.0
nfcorpus,0,PLAIN-541,10,20,0.21252302622743088,0.21779548001177887,0,0.7
nfcorpus,0,PLAIN-541,20,40,0.13032376591037065,0.21779548001177887,0,0.75
nfcorpus,0,PLAIN-541,50,100,0.21779548001177887,0.21779548001177887,0,0.95
nfcorpus,0,PLAIN-541,100,200,0.21779548001177887,0.21779548001177887,1,1.0
nfcorpus,0,PLAIN-541,200,400,0.21779548001177887,0.21779548001177887,1,1.0
nfcorpus,0,PLAIN-541,500,1000,0.21779548001177887,0.21779548001177887,1,1.0
nfcorpus,0,PLAIN-541,1000,2000,0.21779548001177887,0.21779548001177887,1,1.0
nfcorpus,0,PLAIN-541,2000,3534,0.21779548001177887,0.21779548001177887,1,1.0
nfcorpus,0,PLAIN-541,5000,5167,0.21779548001177887,0.21779548001177887,1,1.0
nfcorpus,0,PLAIN-551,10,10,0.0,0.0,0,0.5
nfcorpus,0,PLAIN-551,20,20,0.0,0.0,1,1.0
nfcorpus,0,PLAIN-551,50,50,0.0,0.0,1,1.0
nfcorpus,0,PLAIN-551,100,100,0.0,0.0,1,1.0
nfcorpus,0,PLAIN-551,200,200,0.0,0.0,1,1.0
nfcorpus,0,PLAIN-551,500,500,0.0,0.0,1,1.0
nfcorpus,0,PLAIN-551,1000,1000,0.0,0.0,1,1.0
nfcorpus,0,PLAIN-551,2000,2000,0.0,0.0,1,1.0
nfcorpus,0,PLAIN-551,5000,3633,0.0,0.0,1,1.0
nfcorpus,0,PLAIN-56,10,20,0.6823894467553095,0.7230732028516565,0,0.45
nfcorpus,0,PLAIN-56,20,40,0.6823894467553095,0.7230732028516565,0,0.45
nfcorpus,0,PLAIN-56,50,100,0.7247572127588066,0.7230732028516565,0,0.55
nfcorpus,0,PLAIN-56,100,200,0.7230732028516565,0.7230732028516565,0,0.8
nfcorpus,0,PLAIN-56,200,400,0.7230732028516565,0.7230732028516565,1,1.0
nfcorpus,0,PLAIN-56,500,1000,0.7230732028516565,0.7230732028516565,1,1.0
nfcorpus,0,PLAIN-56,1000,2000,0.7230732028516565,0.7230732028516565,1,1.0
nfcorpus,0,PLAIN-56,2000,3016,0.7230732028516565,0.7230732028516565,1,1.0
nfcorpus,0,PLAIN-56,5000,4649,0.7230732028516565,0.7230732028516565,1,1.0
nfcorpus,0,PLAIN-561,10,13,0.3589542101716347,0.3589542101716347,0,0.5
nfcorpus,0,PLAIN-561,20,23,0.3589542101716347,0.3589542101716347,1,1.0
nfcorpus,0,PLAIN-561,50,53,0.3589542101716347,0.3589542101716347,1,1.0
nfcorpus,0,PLAIN-561,100,103,0.3589542101716347,0.3589542101716347,1,1.0
nfcorpus,0,PLAIN-561,200,203,0.3589542101716347,0.3589542101716347,1,1.0
nfcorpus,0,PLAIN-561,500,503,0.3589542101716347,0.3589542101716347,1,1.0
nfcorpus,0,PLAIN-561,1000,1003,0.3589542101716347,0.3589542101716347,1,1.0
nfcorpus,0,PLAIN-561,2000,2003,0.3589542101716347,0.3589542101716347,1,1.0
nfcorpus,0,PLAIN-561,5000,3636,0.3589542101716347,0.3589542101716347,1,1.0
nfcorpus,0,PLAIN-571,10,15,0.2247194739855928,0.2247194739855928,0,0.5
nfcorpus,0,PLAIN-571,20,25,0.2247194739855928,0.2247194739855928,1,1.0
nfcorpus,0,PLAIN-571,50,55,0.2247194739855928,0.2247194739855928,1,1.0
nfcorpus,0,PLAIN-571,100,105,0.2247194739855928,0.2247194739855928,1,1.0
nfcorpus,0,PLAIN-571,200,205,0.2247194739855928,0.2247194739855928,1,1.0
nfcorpus,0,PLAIN-571,500,505,0.2247194739855928,0.2247194739855928,1,1.0
nfcorpus,0,PLAIN-571,1000,1005,0.2247194739855928,0.2247194739855928,1,1.0
nfcorpus,0,PLAIN-571,2000,2005,0.2247194739855928,0.2247194739855928,1,1.0
nfcorpus,0,PLAIN-571,5000,3638,0.2247194739855928,0.2247194739855928,1,1.0
nfcorpus,0,PLAIN-583,10,11,0.22009176629808017,0.22009176629808017,0,0.55
nfcorpus,0,PLAIN-583,20,21,0.22009176629808017,0.22009176629808017,1,1.0
nfcorpus,0,PLAIN-583,50,51,0.22009176629808017,0.22009176629808017,1,1.0
nfcorpus,0,PLAIN-583,100,101,0.22009176629808017,0.22009176629808017,1,1.0
nfcorpus,0,PLAIN-583,200,201,0.22009176629808017,0.22009176629808017,1,1.0
nfcorpus,0,PLAIN-583,500,501,0.22009176629808017,0.22009176629808017,1,1.0
nfcorpus,0,PLAIN-583,1000,1001,0.22009176629808017,0.22009176629808017,1,1.0
nfcorpus,0,PLAIN-583,2000,2001,0.22009176629808017,0.22009176629808017,1,1.0
nfcorpus,0,PLAIN-583,5000,3634,0.22009176629808017,0.22009176629808017,1,1.0
nfcorpus,0,PLAIN-593,10,12,0.46927872602275644,0.46927872602275644,0,0.55
nfcorpus,0,PLAIN-593,20,22,0.46927872602275644,0.46927872602275644,1,1.0
nfcorpus,0,PLAIN-593,50,52,0.46927872602275644,0.46927872602275644,1,1.0
nfcorpus,0,PLAIN-593,100,102,0.46927872602275644,0.46927872602275644,1,1.0
nfcorpus,0,PLAIN-593,200,202,0.46927872602275644,0.46927872602275644,1,1.0
nfcorpus,0,PLAIN-593,500,502,0.46927872602275644,0.46927872602275644,1,1.0
nfcorpus,0,PLAIN-593,1000,1002,0.46927872602275644,0.46927872602275644,1,1.0
nfcorpus,0,PLAIN-593,2000,2002,0.46927872602275644,0.46927872602275644,1,1.0
nfcorpus,0,PLAIN-593,5000,3635,0.46927872602275644,0.46927872602275644,1,1.0
nfcorpus,0,PLAIN-603,10,13,0.0,0.0,0,0.5
nfcorpus,0,PLAIN-603,20,23,0.0,0.0,1,1.0
nfcorpus,0,PLAIN-603,50,53,0.0,0.0,1,1.0
nfcorpus,0,PLAIN-603,100,103,0.0,0.0,1,1.0
nfcorpus,0,PLAIN-603,200,203,0.0,0.0,1,1.0
nfcorpus,0,PLAIN-603,500,503,0.0,0.0,1,1.0
nfcorpus,0,PLAIN-603,1000,1003,0.0,0.0,1,1.0
nfcorpus,0,PLAIN-603,2000,2003,0.0,0.0,1,1.0
nfcorpus,0,PLAIN-603,5000,3636,0.0,0.0,1,1.0
nfcorpus,0,PLAIN-613,10,20,0.07336392209936005,0.07336392209936005,0,0.6
nfcorpus,0,PLAIN-613,20,40,0.07336392209936005,0.07336392209936005,0,0.8
nfcorpus,0,PLAIN-613,50,100,0.07336392209936005,0.07336392209936005,1,1.0
nfcorpus,0,PLAIN-613,100,200,0.07336392209936005,0.07336392209936005,1,1.0
nfcorpus,0,PLAIN-613,200,400,0.07336392209936005,0.07336392209936005,1,1.0
nfcorpus,0,PLAIN-613,500,1000,0.07336392209936005,0.07336392209936005,1,1.0
nfcorpus,0,PLAIN-613,1000,1556,0.07336392209936005,0.07336392209936005,1,1.0
nfcorpus,0,PLAIN-613,2000,2556,0.07336392209936005,0.07336392209936005,1,1.0
nfcorpus,0,PLAIN-613,5000,4189,0.07336392209936005,0.07336392209936005,1,1.0
nfcorpus,0,PLAIN-623,10,20,0.6122496142821665,0.522495596791931,0,0.65
nfcorpus,0,PLAIN-623,20,40,0.6122496142821665,0.522495596791931,0,0.7
nfcorpus,0,PLAIN-623,50,100,0.5861163849908828,0.522495596791931,0,0.65
nfcorpus,0,PLAIN-623,100,200,0.522495596791931,0.522495596791931,0,0.8
nfcorpus,0,PLAIN-623,200,400,0.522495596791931,0.522495596791931,1,1.0
nfcorpus,0,PLAIN-623,500,1000,0.522495596791931,0.522495596791931,1,1.0
nfcorpus,0,PLAIN-623,1000,2000,0.522495596791931,0.522495596791931,1,1.0
nfcorpus,0,PLAIN-623,2000,3041,0.522495596791931,0.522495596791931,1,1.0
nfcorpus,0,PLAIN-623,5000,4674,0.522495596791931,0.522495596791931,1,1.0
nfcorpus,0,PLAIN-634,10,20,0.3340514446642156,0.3340514446642156,0,0.75
nfcorpus,0,PLAIN-634,20,31,0.3340514446642156,0.3340514446642156,0,1.0
nfcorpus,0,PLAIN-634,50,61,0.3340514446642156,0.3340514446642156,0,1.0
nfcorpus,0,PLAIN-634,100,111,0.3340514446642156,0.3340514446642156,0,1.0
nfcorpus,0,PLAIN-634,200,211,0.3340514446642156,0.3340514446642156,0,1.0
nfcorpus,0,PLAIN-634,500,511,0.3340514446642156,0.3340514446642156,0,1.0
nfcorpus,0,PLAIN-634,1000,1011,0.3340514446642156,0.3340514446642156,1,1.0
nfcorpus,0,PLAIN-634,2000,2011,0.3340514446642156,0.3340514446642156,1,1.0
nfcorpus,0,PLAIN-634,5000,3644,0.3340514446642156,0.3340514446642156,1,1.0
nfcorpus,0,PLAIN-645,10,11,0.0,0.0,0,0.55
nfcorpus,0,PLAIN-645,20,21,0.0,0.0,1,1.0
nfcorpus,0,PLAIN-645,50,51,0.0,0.0,1,1.0
nfcorpus,0,PLAIN-645,100,101,0.0,0.0,1,1.0
nfcorpus,0,PLAIN-645,200,201,0.0,0.0,1,1.0
nfcorpus,0,PLAIN-645,500,501,0.0,0.0,1,1.0
nfcorpus,0,PLAIN-645,1000,1001,0.0,0.0,1,1.0
nfcorpus,0,PLAIN-645,2000,2001,0.0,0.0,1,1.0
nfcorpus,0,PLAIN-645,5000,3634,0.0,0.0,1,1.0
nfcorpus,0,PLAIN-660,10,20,1.0,1.0,0,0.7
nfcorpus,0,PLAIN-660,20,40,1.0,1.0,0,1.0
nfcorpus,0,PLAIN-660,50,100,1.0,1.0,1,1.0
nfcorpus,0,PLAIN-660,100,153,1.0,1.0,1,1.0
nfcorpus,0,PLAIN-660,200,253,1.0,1.0,1,1.0
nfcorpus,0,PLAIN-660,500,553,1.0,1.0,1,1.0
nfcorpus,0,PLAIN-660,1000,1053,1.0,1.0,1,1.0
nfcorpus,0,PLAIN-660,2000,2053,1.0,1.0,1,1.0
nfcorpus,0,PLAIN-660,5000,3686,1.0,1.0,1,1.0
nfcorpus,0,PLAIN-671,10,14,1.0,1.0,0,0.65
nfcorpus,0,PLAIN-671,20,24,1.0,1.0,0,1.0
nfcorpus,0,PLAIN-671,50,54,1.0,1.0,0,1.0
nfcorpus,0,PLAIN-671,100,104,1.0,1.0,0,1.0
nfcorpus,0,PLAIN-671,200,204,1.0,1.0,0,1.0
nfcorpus,0,PLAIN-671,500,504,1.0,1.0,0,1.0
nfcorpus,0,PLAIN-671,1000,1004,1.0,1.0,0,1.0
nfcorpus,0,PLAIN-671,2000,2004,1.0,1.0,1,1.0
nfcorpus,0,PLAIN-671,5000,3637,1.0,1.0,1,1.0
nfcorpus,0,PLAIN-68,10,20,0.7067324907725983,0.5267364164079252,0,0.55
nfcorpus,0,PLAIN-68,20,40,0.665538943427641,0.5267364164079252,0,0.65
nfcorpus,0,PLAIN-68,50,100,0.5288948075455259,0.5267364164079252,0,0.75
nfcorpus,0,PLAIN-68,100,200,0.5267364164079252,0.5267364164079252,0,0.85
nfcorpus,0,PLAIN-68,200,400,0.5267364164079252,0.5267364164079252,1,1.0
nfcorpus,0,PLAIN-68,500,705,0.5267364164079252,0.5267364164079252,1,1.0
nfcorpus,0,PLAIN-68,1000,1205,0.5267364164079252,0.5267364164079252,1,1.0
nfcorpus,0,PLAIN-68,2000,2205,0.5267364164079252,0.5267364164079252,1,1.0
nfcorpus,0,PLAIN-68,5000,3838,0.5267364164079252,0.5267364164079252,1,1.0
nfcorpus,0,PLAIN-681,10,20,1.0,1.0,0,0.7
nfcorpus,0,PLAIN-681,20,40,1.0,1.0,0,0.85
nfcorpus,0,PLAIN-681,50,100,1.0,1.0,1,1.0
nfcorpus,0,PLAIN-681,100,200,1.0,1.0,1,1.0
nfcorpus,0,PLAIN-681,200,301,1.0,1.0,1,1.0
nfcorpus,0,PLAIN-681,500,601,1.0,1.0,1,1.0
nfcorpus,0,PLAIN-681,1000,1101,1.0,1.0,1,1.0
nfcorpus,0,PLAIN-681,2000,2101,1.0,1.0,1,1.0
nfcorpus,0,PLAIN-681,5000,3734,1.0,1.0,1,1.0
nfcorpus,0,PLAIN-691,10,20,0.0,0.0,0,0.6
nfcorpus,0,PLAIN-691,20,40,0.0,0.0,0,0.9
nfcorpus,0,PLAIN-691,50,100,0.0,0.0,0,0.95
nfcorpus,0,PLAIN-691,100,189,0.0,0.0,1,1.0
nfcorpus,0,PLAIN-691,200,289,0.0,0.0,1,1.0
nfcorpus,0,PLAIN-691,500,589,0.0,0.0,1,1.0
nfcorpus,0,PLAIN-691,1000,1089,0.0,0.0,1,1.0
nfcorpus,0,PLAIN-691,2000,2089,0.0,0.0,1,1.0
nfcorpus,0,PLAIN-691,5000,3722,0.0,0.0,1,1.0
nfcorpus,0,PLAIN-701,10,20,0.586946022800807,0.586946022800807,0,0.6
nfcorpus,0,PLAIN-701,20,40,0.586946022800807,0.586946022800807,0,0.6
nfcorpus,0,PLAIN-701,50,100,0.586946022800807,0.586946022800807,0,0.9
nfcorpus,0,PLAIN-701,100,200,0.586946022800807,0.586946022800807,1,1.0
nfcorpus,0,PLAIN-701,200,300,0.586946022800807,0.586946022800807,1,1.0
nfcorpus,0,PLAIN-701,500,600,0.586946022800807,0.586946022800807,1,1.0
nfcorpus,0,PLAIN-701,1000,1100,0.586946022800807,0.586946022800807,1,1.0
nfcorpus,0,PLAIN-701,2000,2100,0.586946022800807,0.586946022800807,1,1.0
nfcorpus,0,PLAIN-701,5000,3733,0.586946022800807,0.586946022800807,1,1.0
nfcorpus,0,PLAIN-711,10,20,0.4690000933206748,0.3589542101716347,0,0.45
nfcorpus,0,PLAIN-711,20,40,0.4537425745411855,0.3589542101716347,0,0.55
nfcorpus,0,PLAIN-711,50,100,0.42257499837058643,0.3589542101716347,0,0.65
nfcorpus,0,PLAIN-711,100,200,0.3589542101716347,0.3589542101716347,0,0.9
nfcorpus,0,PLAIN-711,200,400,0.3589542101716347,0.3589542101716347,1,1.0
nfcorpus,0,PLAIN-711,500,1000,0.3589542101716347,0.3589542101716347,1,1.0
nfcorpus,0,PLAIN-711,1000,1526,0.3589542101716347,0.3589542101716347,1,1.0
nfcorpus,0,PLAIN-711,2000,2526,0.3589542101716347,0.3589542101716347,1,1.0
nfcorpus,0,PLAIN-711,5000,4159,0.3589542101716347,0.3589542101716347,1,1.0
nfcorpus,0,PLAIN-721,10,20,1.0,1.0,0,0.6
nfcorpus,0,PLAIN-721,20,38,1.0,1.0,0,1.0
nfcorpus,0,PLAIN-721,50,68,1.0,1.0,0,1.0
nfcorpus,0,PLAIN-721,100,118,1.0,1.0,0,1.0
nfcorpus,0,PLAIN-721,200,218,1.0,1.0,0,1.0
nfcorpus,0,PLAIN-721,500,518,1.0,1.0,0,1.0
nfcorpus,0,PLAIN-721,1000,1018,1.0,1.0,0,1.0
nfcorpus,0,PLAIN-721,2000,2018,1.0,1.0,1,1.0
nfcorpus,0,PLAIN-721,5000,3651,1.0,1.0,1,1.0
nfcorpus,0,PLAIN-731,10,20,0.8553475075669356,0.7967610662472991,0,0.65
nfcorpus,0,PLAIN-731,20,40,0.7967610662472991,0.7967610662472991,0,0.85
nfcorpus,0,PLAIN-731,50,100,0.7967610662472991,0.7967610662472991,1,1.0
nfcorpus,0,PLAIN-731,100,182,0.7967610662472991,0.7967610662472991,1,1.0
nfcorpus,0,PLAIN-731,200,282,0.7967610662472991,0.7967610662472991,1,1.0
nfcorpus,0,PLAIN-731,500,582,0.7967610662472991,0.7967610662472991,1,1.0
nfcorpus,0,PLAIN-731,1000,1082,0.7967610662472991,0.7967610662472991,1,1.0
nfcorpus,0,PLAIN-731,2000,2082,0.7967610662472991,0.7967610662472991,1,1.0
nfcorpus,0,PLAIN-731,5000,3715,0.7967610662472991,0.7967610662472991,1,1.0
nfcorpus,0,PLAIN-741,10,20,0.7183627972686238,0.8579809428223729,0,0.75
nfcorpus,0,PLAIN-741,20,31,0.7222954974312066,0.8579809428223729,0,1.0
nfcorpus,0,PLAIN-741,50,61,0.8579809428223729,0.8579809428223729,0,1.0
nfcorpus,0,PLAIN-741,100,111,0.8579809428223729,0.8579809428223729,0,1.0
nfcorpus,0,PLAIN-741,200,211,0.8579809428223729,0.8579809428223729,0,1.0
nfcorpus,0,PLAIN-741,500,511,0.8579809428223729,0.8579809428223729,1,1.0
nfcorpus,0,PLAIN-741,1000,1011,0.8579809428223729,0.8579809428223729,1,1.0
nfcorpus,0,PLAIN-741,2000,2011,0.8579809428223729,0.8579809428223729,1,1.0
nfcorpus,0,PLAIN-741,5000,3644,0.8579809428223729,0.8579809428223729,1,1.0
nfcorpus,0,PLAIN-751,10,20,0.0,0.0,0,0.4
nfcorpus,0,PLAIN-751,20,40,0.0,0.0,0,0.55
nfcorpus,0,PLAIN-751,50,100,0.0,0.0,0,0.8
nfcorpus,0,PLAIN-751,100,200,0.0,0.0,0,0.95
nfcorpus,0,PLAIN-751,200,363,0.0,0.0,1,1.0
nfcorpus,0,PLAIN-751,500,663,0.0,0.0,1,1.0
nfcorpus,0,PLAIN-751,1000,1163,0.0,0.0,1,1.0
nfcorpus,0,PLAIN-751,2000,2163,0.0,0.0,1,1.0
nfcorpus,0,PLAIN-751,5000,3796,0.0,0.0,1,1.0
nfcorpus,0,PLAIN-761,10,20,0.2381129204348816,0.13032376591037065,0,0.6
nfcorpus,0,PLAIN-761,20,40,0.2311912370766418,0.13032376591037065,0,0.7
nfcorpus,0,PLAIN-761,50,100,0.13032376591037065,0.13032376591037065,0,0.7
nfcorpus,0,PLAIN-761,100,200,0.13032376591037065,0.13032376591037065,0,0.85
nfcorpus,0,PLAIN-761,200,400,0.13032376591037065,0.13032376591037065,1,1.0
nfcorpus,0,PLAIN-761,500,876,0.13032376591037065,0.13032376591037065,1,1.0
nfcorpus,0,PLAIN-761,1000,1376,0.13032376591037065,0.13032376591037065,1,1.0
nfcorpus,0,PLAIN-761,2000,2376,0.13032376591037065,0.13032376591037065,1,1.0
nfcorpus,0,PLAIN-761,5000,4009,0.13032376591037065,0.13032376591037065,1,1.0
nfcorpus,0,PLAIN-771,10,13,0.9674679834891693,1.0,0,0.55
nfcorpus,0,PLAIN-771,20,23,0.9674679834891693,1.0,0,1.0
nfcorpus,0,PLAIN-771,50,53,1.0,1.0,1,1.0
nfcorpus,0,PLAIN-771,100,103,1.0,1.0,1,1.0
nfcorpus,0,PLAIN-771,200,203,1.0,1.0,1,1.0
nfcorpus,0,PLAIN-771,500,503,1.0,1.0,1,1.0
nfcorpus,0,PLAIN-771,1000,1003,1.0,1.0,1,1.0
nfcorpus,0,PLAIN-771,2000,2003,1.0,1.0,1,1.0
nfcorpus,0,PLAIN-771,5000,3636,1.0,1.0,1,1.0
nfcorpus,0,PLAIN-78,10,20,0.05487565949361938,0.08039138809008574,0,0.6
nfcorpus,0,PLAIN-78,20,40,0.08039138809008574,0.08039138809008574,0,0.6
nfcorpus,0,PLAIN-78,50,100,0.16533627842589058,0.08039138809008574,0,0.7
nfcorpus,0,PLAIN-78,100,200,0.08039138809008574,0.08039138809008574,0,0.7
nfcorpus,0,PLAIN-78,200,400,0.08039138809008574,0.08039138809008574,0,0.85
nfcorpus,0,PLAIN-78,500,1000,0.08039138809008574,0.08039138809008574,0,0.95
nfcorpus,0,PLAIN-78,1000,2000,0.08039138809008574,0.08039138809008574,1,1.0
nfcorpus,0,PLAIN-78,2000,3921,0.08039138809008574,0.08039138809008574,1,1.0
nfcorpus,0,PLAIN-78,5000,5554,0.08039138809008574,0.08039138809008574,1,1.0
nfcorpus,0,PLAIN-782,10,20,0.0,0.0,0,0.6
nfcorpus,0,PLAIN-782,20,40,0.0,0.0,0,0.6
nfcorpus,0,PLAIN-782,50,100,0.0,0.0,0,0.65
nfcorpus,0,PLAIN-782,100,200,0.0,0.0,0,0.85
nfcorpus,0,PLAIN-782,200,328,0.0,0.0,0,0.95
nfcorpus,0,PLAIN-782,500,628,0.0,0.0,0,0.95
nfcorpus,0,PLAIN-782,1000,1128,0.0,0.0,0,1.0
nfcorpus,0,PLAIN-782,2000,2128,0.0,0.0,0,1.0
nfcorpus,0,PLAIN-782,5000,3761,0.0,0.0,1,1.0
nfcorpus,0,PLAIN-792,10,13,0.6105858728157117,0.644824486427155,0,0.55
nfcorpus,0,PLAIN-792,20,23,0.6105858728157117,0.644824486427155,0,1.0
nfcorpus,0,PLAIN-792,50,53,0.6105858728157117,0.644824486427155,0,1.0
nfcorpus,0,PLAIN-792,100,103,0.6105858728157117,0.644824486427155,0,1.0
nfcorpus,0,PLAIN-792,200,203,0.644824486427155,0.644824486427155,1,1.0
nfcorpus,0,PLAIN-792,500,503,0.644824486427155,0.644824486427155,1,1.0
nfcorpus,0,PLAIN-792,1000,1003,0.644824486427155,0.644824486427155,1,1.0
nfcorpus,0,PLAIN-792,2000,2003,0.644824486427155,0.644824486427155,1,1.0
nfcorpus,0,PLAIN-792,5000,3636,0.644824486427155,0.644824486427155,1,1.0
nfcorpus,0,PLAIN-806,10,20,0.933745776545611,0.9216017310213246,0,0.6
nfcorpus,0,PLAIN-806,20,40,0.9216017310213246,0.9216017310213246,0,0.75
nfcorpus,0,PLAIN-806,50,100,0.9216017310213246,0.9216017310213246,1,1.0
nfcorpus,0,PLAIN-806,100,200,0.9216017310213246,0.9216017310213246,1,1.0
nfcorpus,0,PLAIN-806,200,376,0.9216017310213246,0.9216017310213246,1,1.0
nfcorpus,0,PLAIN-806,500,676,0.9216017310213246,0.9216017310213246,1,1.0
nfcorpus,0,PLAIN-806,1000,1176,0.9216017310213246,0.9216017310213246,1,1.0
nfcorpus,0,PLAIN-806,2000,2176,0.9216017310213246,0.9216017310213246,1,1.0
nfcorpus,0,PLAIN-806,5000,3809,0.9216017310213246,0.9216017310213246,1,1.0
nfcorpus,0,PLAIN-817,10,18,0.0,0.0,0,0.85
nfcorpus,0,PLAIN-817,20,28,0.0,0.0,0,1.0
nfcorpus,0,PLAIN-817,50,58,0.0,0.0,0,1.0
nfcorpus,0,PLAIN-817,100,108,0.0,0.0,0,1.0
nfcorpus,0,PLAIN-817,200,208,0.0,0.0,0,1.0
nfcorpus,0,PLAIN-817,500,508,0.0,0.0,0,1.0
nfcorpus,0,PLAIN-817,1000,1008,0.0,0.0,0,1.0
nfcorpus,0,PLAIN-817,2000,2008,0.0,0.0,0,1.0
nfcorpus,0,PLAIN-817,5000,3641,0.0,0.0,1,1.0
nfcorpus,0,PLAIN-827,10,20,0.72891152902702,0.8415908474314974,0,0.65
nfcorpus,0,PLAIN-827,20,40,0.7381919257729245,0.8415908474314974,0,0.7
nfcorpus,0,PLAIN-827,50,100,0.7753366239771083,0.8415908474314974,0,0.8
nfcorpus,0,PLAIN-827,100,200,0.8415908474314974,0.8415908474314974,1,1.0
nfcorpus,0,PLAIN-827,200,312,0.8415908474314974,0.8415908474314974,1,1.0
nfcorpus,0,PLAIN-827,500,612,0.8415908474314974,0.8415908474314974,1,1.0
nfcorpus,0,PLAIN-827,1000,1112,0.8415908474314974,0.8415908474314974,1,1.0
nfcorpus,0,PLAIN-827,2000,2112,0.8415908474314974,0.8415908474314974,1,1.0
nfcorpus,0,PLAIN-827,5000,3745,0.8415908474314974,0.8415908474314974,1,1.0
nfcorpus,0,PLAIN-838,10,17,0.8508957228074243,0.8550956239938449,0,0.55
nfcorpus,0,PLAIN-838,20,27,0.8508957228074243,0.8550956239938449,0,1.0
nfcorpus,0,PLAIN-838,50,57,0.8508957228074243,0.8550956239938449,0,1.0
nfcorpus,0,PLAIN-838,100,107,0.8508957228074243,0.8550956239938449,0,1.0
nfcorpus,0,PLAIN-838,200,207,0.8508957228074243,0.8550956239938449,0,1.0
nfcorpus,0,PLAIN-838,500,507,0.8508957228074243,0.8550956239938449,0,1.0
nfcorpus,0,PLAIN-838,1000,1007,0.8508957228074243,0.8550956239938449,0,1.0
nfcorpus,0,PLAIN-838,2000,2007,0.8550956239938449,0.8550956239938449,1,1.0
nfcorpus,0,PLAIN-838,5000,3640,0.8550956239938449,0.8550956239938449,1,1.0
nfcorpus,0,PLAIN-850,10,17,0.6136525857537392,0.6489315753318465,0,0.75
nfcorpus,0,PLAIN-850,20,27,0.6136525857537392,0.6489315753318465,0,1.0
nfcorpus,0,PLAIN-850,50,57,0.6300426811446146,0.6489315753318465,0,1.0
nfcorpus,0,PLAIN-850,100,107,0.6489315753318465,0.6489315753318465,0,1.0
nfcorpus,0,PLAIN-850,200,207,0.6489315753318465,0.6489315753318465,0,1.0
nfcorpus,0,PLAIN-850,500,507,0.6489315753318465,0.6489315753318465,0,1.0
nfcorpus,0,PLAIN-850,1000,1007,0.6489315753318465,0.6489315753318465,0,1.0
nfcorpus,0,PLAIN-850,2000,2007,0.6489315753318465,0.6489315753318465,1,1.0
nfcorpus,0,PLAIN-850,5000,3640,0.6489315753318465,0.6489315753318465,1,1.0
nfcorpus,0,PLAIN-872,10,20,0.0,0.0,0,0.7
nfcorpus,0,PLAIN-872,20,37,0.0,0.0,0,0.9
nfcorpus,0,PLAIN-872,50,67,0.0,0.0,0,0.9
nfcorpus,0,PLAIN-872,100,117,0.0,0.0,0,0.9
nfcorpus,0,PLAIN-872,200,217,0.0,0.0,0,0.9
nfcorpus,0,PLAIN-872,500,517,0.0,0.0,0,0.95
nfcorpus,0,PLAIN-872,1000,1017,0.0,0.0,1,1.0
nfcorpus,0,PLAIN-872,2000,2017,0.0,0.0,1,1.0
nfcorpus,0,PLAIN-872,5000,3650,0.0,0.0,1,1.0
nfcorpus,0,PLAIN-882,10,12,0.933745776545611,0.933745776545611,0,0.5
nfcorpus,0,PLAIN-882,20,22,0.933745776545611,0.933745776545611,1,1.0
nfcorpus,0,PLAIN-882,50,52,0.933745776545611,0.933745776545611,1,1.0
nfcorpus,0,PLAIN-882,100,102,0.933745776545611,0.933745776545611,1,1.0
nfcorpus,0,PLAIN-882,200,202,0.933745776545611,0.933745776545611,1,1.0
nfcorpus,0,PLAIN-882,500,502,0.933745776545611,0.933745776545611,1,1.0
nfcorpus,0,PLAIN-882,1000,1002,0.933745776545611,0.933745776545611,1,1.0
nfcorpus,0,PLAIN-882,2000,2002,0.933745776545611,0.933745776545611,1,1.0
nfcorpus,0,PLAIN-882,5000,3635,0.933745776545611,0.933745776545611,1,1.0
nfcorpus,0,PLAIN-892,10,18,0.8669479898642709,0.8701249883466592,0,0.6
nfcorpus,0,PLAIN-892,20,28,0.8669479898642709,0.8701249883466592,0,1.0
nfcorpus,0,PLAIN-892,50,58,0.8669479898642709,0.8701249883466592,0,1.0
nfcorpus,0,PLAIN-892,100,108,0.8669479898642709,0.8701249883466592,0,1.0
nfcorpus,0,PLAIN-892,200,208,0.8669479898642709,0.8701249883466592,0,1.0
nfcorpus,0,PLAIN-892,500,508,0.8701249883466592,0.8701249883466592,1,1.0
nfcorpus,0,PLAIN-892,1000,1008,0.8701249883466592,0.8701249883466592,1,1.0
nfcorpus,0,PLAIN-892,2000,2008,0.8701249883466592,0.8701249883466592,1,1.0
nfcorpus,0,PLAIN-892,5000,3641,0.8701249883466592,0.8701249883466592,1,1.0
nfcorpus,0,PLAIN-902,10,14,0.6366824387328317,0.6366824387328317,0,0.6
nfcorpus,0,PLAIN-902,20,24,0.6366824387328317,0.6366824387328317,0,1.0
nfcorpus,0,PLAIN-902,50,54,0.6366824387328317,0.6366824387328317,0,1.0
nfcorpus,0,PLAIN-902,100,104,0.6366824387328317,0.6366824387328317,0,1.0
nfcorpus,0,PLAIN-902,200,204,0.6366824387328317,0.6366824387328317,0,1.0
nfcorpus,0,PLAIN-902,500,504,0.6366824387328317,0.6366824387328317,0,1.0
nfcorpus,0,PLAIN-902,1000,1004,0.6366824387328317,0.6366824387328317,1,1.0
nfcorpus,0,PLAIN-902,2000,2004,0.6366824387328317,0.6366824387328317,1,1.0
nfcorpus,0,PLAIN-902,5000,3637,0.6366824387328317,0.6366824387328317,1,1.0
nfcorpus,0,PLAIN-91,10,20,0.5763126352397171,0.5359944831316742,0,0.65
nfcorpus,0,PLAIN-91,20,40,0.46444433934464296,0.5359944831316742,0,0.65
nfcorpus,0,PLAIN-91,50,100,0.5359944831316742,0.5359944831316742,0,0.8
nfcorpus,0,PLAIN-91,100,200,0.5359944831316742,0.5359944831316742,0,0.85
nfcorpus,0,PLAIN-91,200,400,0.5359944831316742,0.5359944831316742,1,1.0
nfcorpus,0,PLAIN-91,500,899,0.5359944831316742,0.5359944831316742,1,1.0
nfcorpus,0,PLAIN-91,1000,1399,0.5359944831316742,0.5359944831316742,1,1.0
nfcorpus,0,PLAIN-91,2000,2399,0.5359944831316742,0.5359944831316742,1,1.0
nfcorpus,0,PLAIN-91,5000,4032,0.5359944831316742,0.5359944831316742,1,1.0
nfcorpus,0,PLAIN-913,10,20,0.9305687780632227,0.8669479898642709,0,0.55
nfcorpus,0,PLAIN-913,20,34,0.8669479898642709,0.8669479898642709,0,1.0
nfcorpus,0,PLAIN-913,50,64,0.8669479898642709,0.8669479898642709,0,1.0
nfcorpus,0,PLAIN-913,100,114,0.8669479898642709,0.8669479898642709,0,1.0
nfcorpus,0,PLAIN-913,200,214,0.8669479898642709,0.8669479898642709,1,1.0
nfcorpus,0,PLAIN-913,500,514,0.8669479898642709,0.8669479898642709,1,1.0
nfcorpus,0,PLAIN-913,1000,1014,0.8669479898642709,0.8669479898642709,1,1.0
nfcorpus,0,PLAIN-913,2000,2014,0.8669479898642709,0.8669479898642709,1,1.0
nfcorpus,0,PLAIN-913,5000,3647,0.8669479898642709,0.8669479898642709,1,1.0
nfcorpus,0,PLAIN-924,10,11,0.6032621820619527,0.6032621820619527,0,0.5
nfcorpus,0,PLAIN-924,20,21,0.6032621820619527,0.6032621820619527,1,1.0
nfcorpus,0,PLAIN-924,50,51,0.6032621820619527,0.6032621820619527,1,1.0
nfcorpus,0,PLAIN-924,100,101,0.6032621820619527,0.6032621820619527,1,1.0
nfcorpus,0,PLAIN-924,200,201,0.6032621820619527,0.6032621820619527,1,1.0
nfcorpus,0,PLAIN-924,500,501,0.6032621820619527,0.6032621820619527,1,1.0
nfcorpus,0,PLAIN-924,1000,1001,0.6032621820619527,0.6032621820619527,1,1.0
nfcorpus,0,PLAIN-924,2000,2001,0.6032621820619527,0.6032621820619527,1,1.0
nfcorpus,0,PLAIN-924,5000,3634,0.6032621820619527,0.6032621820619527,1,1.0
nfcorpus,0,PLAIN-934,10,20,0.6719377023185354,0.7167674835027337,0,0.75
nfcorpus,0,PLAIN-934,20,40,0.7167674835027337,0.7167674835027337,0,1.0
nfcorpus,0,PLAIN-934,50,100,0.7167674835027337,0.7167674835027337,1,1.0
nfcorpus,0,PLAIN-934,100,176,0.7167674835027337,0.7167674835027337,1,1.0
nfcorpus,0,PLAIN-934,200,276,0.7167674835027337,0.7167674835027337,1,1.0
nfcorpus,0,PLAIN-934,500,576,0.7167674835027337,0.7167674835027337,1,1.0
nfcorpus,0,PLAIN-934,1000,1076,0.7167674835027337,0.7167674835027337,1,1.0
nfcorpus,0,PLAIN-934,2000,2076,0.7167674835027337,0.7167674835027337,1,1.0
nfcorpus,0,PLAIN-934,5000,3709,0.7167674835027337,0.7167674835027337,1,1.0
nfcorpus,0,PLAIN-946,10,15,0.2082936658103318,0.3589542101716347,0,0.75
nfcorpus,0,PLAIN-946,20,25,0.2082936658103318,0.3589542101716347,0,1.0
nfcorpus,0,PLAIN-946,50,55,0.2082936658103318,0.3589542101716347,0,1.0
nfcorpus,0,PLAIN-946,100,105,0.2082936658103318,0.3589542101716347,0,1.0
nfcorpus,0,PLAIN-946,200,205,0.3589542101716347,0.3589542101716347,0,1.0
nfcorpus,0,PLAIN-946,500,505,0.3589542101716347,0.3589542101716347,0,1.0
nfcorpus,0,PLAIN-946,1000,1005,0.3589542101716347,0.3589542101716347,1,1.0
nfcorpus,0,PLAIN-946,2000,2005,0.3589542101716347,0.3589542101716347,1,1.0
nfcorpus,0,PLAIN-946,5000,3638,0.3589542101716347,0.3589542101716347,1,1.0
nfcorpus,0,PLAIN-956,10,20,0.6036081270984907,0.539987338899539,0,0.65
nfcorpus,0,PLAIN-956,20,40,0.6036081270984907,0.539987338899539,0,0.85
nfcorpus,0,PLAIN-956,50,100,0.539987338899539,0.539987338899539,0,0.95
nfcorpus,0,PLAIN-956,100,200,0.539987338899539,0.539987338899539,1,1.0
nfcorpus,0,PLAIN-956,200,400,0.539987338899539,0.539987338899539,1,1.0
nfcorpus,0,PLAIN-956,500,1000,0.539987338899539,0.539987338899539,1,1.0
nfcorpus,0,PLAIN-956,1000,2000,0.539987338899539,0.539987338899539,1,1.0
nfcorpus,0,PLAIN-956,2000,3178,0.539987338899539,0.539987338899539,1,1.0
nfcorpus,0,PLAIN-956,5000,4811,0.539987338899539,0.539987338899539,1,1.0
nfcorpus,0,PLAIN-966,10,20,0.0,0.0,0,0.85
nfcorpus,0,PLAIN-966,20,33,0.0,0.0,0,0.9
nfcorpus,0,PLAIN-966,50,63,0.0,0.0,0,0.9
nfcorpus,0,PLAIN-966,100,113,0.0,0.0,0,0.95
nfcorpus,0,PLAIN-966,200,213,0.0,0.0,0,0.95
nfcorpus,0,PLAIN-966,500,513,0.0,0.0,0,0.95
nfcorpus,0,PLAIN-966,1000,1013,0.0,0.0,1,1.0
nfcorpus,0,PLAIN-966,2000,2013,0.0,0.0,1,1.0
nfcorpus,0,PLAIN-966,5000,3646,0.0,0.0,1,1.0
nfcorpus,0,PLAIN-977,10,20,0.0,0.15642624200758548,0,0.5
nfcorpus,0,PLAIN-977,20,40,0.0,0.15642624200758548,0,0.55
nfcorpus,0,PLAIN-977,50,100,0.15642624200758548,0.15642624200758548,0,0.7
nfcorpus,0,PLAIN-977,100,200,0.15642624200758548,0.15642624200758548,0,0.85
nfcorpus,0,PLAIN-977,200,400,0.15642624200758548,0.15642624200758548,1,1.0
nfcorpus,0,PLAIN-977,500,782,0.15642624200758548,0.15642624200758548,1,1.0
nfcorpus,0,PLAIN-977,1000,1282,0.15642624200758548,0.15642624200758548,1,1.0
nfcorpus,0,PLAIN-977,2000,2282,0.15642624200758548,0.15642624200758548,1,1.0
nfcorpus,0,PLAIN-977,5000,3915,0.15642624200758548,0.15642624200758548,1,1.0
nfcorpus,0,PLAIN-987,10,13,0.16716045496620227,0.46927872602275644,0,0.65
nfcorpus,0,PLAIN-987,20,23,0.16716045496620227,0.46927872602275644,0,1.0
nfcorpus,0,PLAIN-987,50,53,0.16716045496620227,0.46927872602275644,0,1.0
nfcorpus,0,PLAIN-987,100,103,0.16716045496620227,0.46927872602275644,0,1.0
nfcorpus,0,PLAIN-987,200,203,0.16716045496620227,0.46927872602275644,0,1.0
nfcorpus,0,PLAIN-987,500,503,0.46927872602275644,0.46927872602275644,0,1.0
nfcorpus,0,PLAIN-987,1000,1003,0.46927872602275644,0.46927872602275644,0,1.0
nfcorpus,0,PLAIN-987,2000,2003,0.46927872602275644,0.46927872602275644,0,1.0
nfcorpus,0,PLAIN-987,5000,3636,0.46927872602275644,0.46927872602275644,1,1.0
nfcorpus,0,PLAIN-997,10,10,0.0,0.0,0,0.5
nfcorpus,0,PLAIN-997,20,20,0.0,0.0,1,1.0
nfcorpus,0,PLAIN-997,50,50,0.0,0.0,1,1.0
nfcorpus,0,PLAIN-997,100,100,0.0,0.0,1,1.0
nfcorpus,0,PLAIN-997,200,200,0.0,0.0,1,1.0
nfcorpus,0,PLAIN-997,500,500,0.0,0.0,1,1.0
nfcorpus,0,PLAIN-997,1000,1000,0.0,0.0,1,1.0
nfcorpus,0,PLAIN-997,2000,2000,0.0,0.0,1,1.0
nfcorpus,0,PLAIN-997,5000,3633,0.0,0.0,1,1.0
scifact,0,1,10,20,0.0,0.0,0,0.45
scifact,0,1,20,40,0.0,0.0,0,0.45
scifact,0,1,50,100,0.0,0.0,0,0.5
scifact,0,1,100,200,0.0,0.0,0,0.75
scifact,0,1,200,400,0.0,0.0,0,0.95
scifact,0,1,500,1000,0.0,0.0,0,0.95
scifact,0,1,1000,2000,0.0,0.0,0,0.95
scifact,0,1,2000,4000,0.0,0.0,0,0.95
scifact,0,1,5000,7004,0.0,0.0,1,1.0
scifact,0,100,10,20,1.0,1.0,0,0.5
scifact,0,100,20,40,1.0,1.0,0,0.6
scifact,0,100,50,100,1.0,1.0,0,0.85
scifact,0,100,100,200,1.0,1.0,1,1.0
scifact,0,100,200,400,1.0,1.0,1,1.0
scifact,0,100,500,1000,1.0,1.0,1,1.0
scifact,0,100,1000,2000,1.0,1.0,1,1.0
scifact,0,100,2000,4000,1.0,1.0,1,1.0
scifact,0,100,5000,8328,1.0,1.0,1,1.0
scifact,0,1012,10,20,1.0,1.0,0,0.45
scifact,0,1012,20,40,1.0,1.0,0,0.55
scifact,0,1012,50,100,1.0,1.0,0,0.6
scifact,0,1012,100,200,1.0,1.0,0,0.9
scifact,0,1012,200,400,1.0,1.0,0,0.95
scifact,0,1012,500,1000,1.0,1.0,1,1.0
scifact,0,1012,1000,2000,1.0,1.0,1,1.0
scifact,0,1012,2000,3929,1.0,1.0,1,1.0
scifact,0,1012,5000,6929,1.0,1.0,1,1.0
scifact,0,1014,10,20,1.0,1.0,0,0.65
scifact,0,1014,20,40,1.0,1.0,0,0.75
scifact,0,1014,50,100,1.0,1.0,0,0.85
scifact,0,1014,100,200,1.0,1.0,0,0.75
scifact,0,1014,200,400,1.0,1.0,0,0.85
scifact,0,1014,500,1000,1.0,1.0,0,0.95
scifact,0,1014,1000,1860,1.0,1.0,0,1.0
scifact,0,1014,2000,2860,1.0,1.0,1,1.0
scifact,0,1014,5000,5860,1.0,1.0,1,1.0
scifact,0,1019,10,20,0.5,0.5,0,0.6
scifact,0,1019,20,40,0.5,0.5,0,0.7
scifact,0,1019,50,100,0.5,0.5,0,0.75
scifact,0,1019,100,200,0.5,0.5,0,0.8
scifact,0,1019,200,400,0.5,0.5,0,0.9
scifact,0,1019,500,1000,0.5,0.5,0,0.95
scifact,0,1019,1000,2000,0.5,0.5,0,0.95
scifact,0,1019,2000,4000,0.5,0.5,0,1.0
scifact,0,1019,5000,7334,0.5,0.5,1,1.0
scifact,0,1020,10,20,0.5,0.5,0,0.45
scifact,0,1020,20,40,0.5,0.5,0,0.55
scifact,0,1020,50,100,0.5,0.5,0,0.75
scifact,0,1020,100,200,0.5,0.5,0,0.95
scifact,0,1020,200,400,0.5,0.5,1,1.0
scifact,0,1020,500,1000,0.5,0.5,1,1.0
scifact,0,1020,1000,2000,0.5,0.5,1,1.0
scifact,0,1020,2000,4000,0.5,0.5,1,1.0
scifact,0,1020,5000,9513,0.5,0.5,1,1.0
scifact,0,1021,10,20,0.5,0.5,0,0.6
scifact,0,1021,20,40,0.5,0.5,0,0.65
scifact,0,1021,50,100,0.5,0.5,0,0.9
scifact,0,1021,100,200,0.5,0.5,0,0.9
scifact,0,1021,200,400,0.5,0.5,1,1.0
scifact,0,1021,500,1000,0.5,0.5,1,1.0
scifact,0,1021,1000,2000,0.5,0.5,1,1.0
scifact,0,1021,2000,4000,0.5,0.5,1,1.0
scifact,0,1021,5000,9371,0.5,0.5,1,1.0
scifact,0,1024,10,20,1.0,1.0,0,0.5
scifact,0,1024,20,40,1.0,1.0,0,0.65
scifact,0,1024,50,100,1.0,1.0,0,0.7
scifact,0,1024,100,200,1.0,1.0,0,0.8
scifact,0,1024,200,400,1.0,1.0,0,0.95
scifact,0,1024,500,1000,1.0,1.0,1,1.0
scifact,0,1024,1000,2000,1.0,1.0,1,1.0
scifact,0,1024,2000,3986,1.0,1.0,1,1.0
scifact,0,1024,5000,6986,1.0,1.0,1,1.0
scifact,0,1029,10,20,0.9325210919548239,0.9134015924715543,0,0.7
scifact,0,1029,20,40,0.9134015924715543,0.9134015924715543,0,0.8
scifact,0,1029,50,100,0.9134015924715543,0.9134015924715543,0,0.9
scifact,0,1029,100,200,0.9134015924715543,0.9134015924715543,1,1.0
scifact,0,1029,200,400,0.9134015924715543,0.9134015924715543,1,1.0
scifact,0,1029,500,1000,0.9134015924715543,0.9134015924715543,1,1.0
scifact,0,1029,1000,2000,0.9134015924715543,0.9134015924715543,1,1.0
scifact,0,1029,2000,4000,0.9134015924715543,0.9134015924715543,1,1.0
scifact,0,1029,5000,9610,0.9134015924715543,0.9134015924715543,1,1.0
scifact,0,1041,10,20,0.448643819352159,0.45749452618986164,0,0.65
scifact,0,1041,20,40,0.45749452618986164,0.45749452618986164,0,0.95
scifact,0,1041,50,100,0.45749452618986164,0.45749452618986164,1,1.0
scifact,0,1041,100,200,0.45749452618986164,0.45749452618986164,1,1.0
scifact,0,1041,200,400,0.45749452618986164,0.45749452618986164,1,1.0
scifact,0,1041,500,1000,0.45749452618986164,0.45749452618986164,1,1.0
scifact,0,1041,1000,2000,0.45749452618986164,0.45749452618986164,1,1.0
scifact,0,1041,2000,4000,0.45749452618986164,0.45749452618986164,1,1.0
scifact,0,1041,5000,8401,0.45749452618986164,0.45749452618986164,1,1.0
scifact,0,1049,10,20,0.2890648263178879,0.0,0,0.65
scifact,0,1049,20,40,0.0,0.0,0,0.7
scifact,0,1049,50,100,0.0,0.0,0,0.7
scifact,0,1049,100,200,0.0,0.0,0,0.85
scifact,0,1049,200,400,0.0,0.0,0,0.95
scifact,0,1049,500,1000,0.0,0.0,0,0.95
scifact,0,1049,1000,2000,0.0,0.0,1,1.0
scifact,0,1049,2000,4000,0.0,0.0,1,1.0
scifact,0,1049,5000,9182,0.0,0.0,1,1.0
scifact,0,1062,10,20,1.0,1.0,0,0.65
scifact,0,1062,20,40,1.0,1.0,0,0.75
scifact,0,1062,50,100,1.0,1.0,0,0.85
scifact,0,1062,100,200,1.0,1.0,1,1.0
scifact,0,1062,200,400,1.0,1.0,1,1.0
scifact,0,1062,500,1000,1.0,1.0,1,1.0
scifact,0,1062,1000,1666,1.0,1.0,1,1.0
scifact,0,1062,2000,2666,1.0,1.0,1,1.0
scifact,0,1062,5000,5666,1.0,1.0,1,1.0
scifact,0,1086,10,20,1.0,1.0,0,0.55
scifact,0,1086,20,40,1.0,1.0,0,0.55
scifact,0,1086,50,100,1.0,1.0,0,0.7
scifact,0,1086,100,200,1.0,1.0,0,0.8
scifact,0,1086,200,400,1.0,1.0,1,1.0
scifact,0,1086,500,1000,1.0,1.0,1,1.0
scifact,0,1086,1000,2000,1.0,1.0,1,1.0
scifact,0,1086,2000,4000,1.0,1.0,1,1.0
scifact,0,1086,5000,9273,1.0,1.0,1,1.0
scifact,0,1088,10,20,0.43067655807339306,0.2890648263178879,0,0.7
scifact,0,1088,20,40,0.3333333333333333,0.2890648263178879,0,0.75
scifact,0,1088,50,100,0.0,0.2890648263178879,0,0.8
scifact,0,1088,100,200,0.2890648263178879,0.2890648263178879,0,0.8
scifact,0,1088,200,400,0.2890648263178879,0.2890648263178879,0,0.95
scifact,0,1088,500,1000,0.2890648263178879,0.2890648263178879,1,1.0
scifact,0,1088,1000,2000,0.2890648263178879,0.2890648263178879,1,1.0
scifact,0,1088,2000,3813,0.2890648263178879,0.2890648263178879,1,1.0
scifact,0,1088,5000,6813,0.2890648263178879,0.2890648263178879,1,1.0
scifact,0,1089,10,20,1.0,1.0,0,0.6
scifact,0,1089,20,40,1.0,1.0,0,0.7
scifact,0,1089,50,100,1.0,1.0,0,0.7
scifact,0,1089,100,200,1.0,1.0,0,0.7
scifact,0,1089,200,400,1.0,1.0,0,0.85
scifact,0,1089,500,1000,1.0,1.0,1,1.0
scifact,0,1089,1000,2000,1.0,1.0,1,1.0
scifact,0,1089,2000,4000,1.0,1.0,1,1.0
scifact,0,1089,5000,7685,1.0,1.0,1,1.0
scifact,0,1099,10,20,0.43067655807339306,0.43067655807339306,0,0.7
scifact,0,1099,20,40,0.43067655807339306,0.43067655807339306,0,0.85
scifact,0,1099,50,100,0.43067655807339306,0.43067655807339306,1,1.0
scifact,0,1099,100,200,0.43067655807339306,0.43067655807339306,1,1.0
scifact,0,1099,200,400,0.43067655807339306,0.43067655807339306,1,1.0
scifact,0,1099,500,1000,0.43067655807339306,0.43067655807339306,1,1.0
scifact,0,1099,1000,1977,0.43067655807339306,0.43067655807339306,1,1.0
scifact,0,1099,2000,2977,0.43067655807339306,0.43067655807339306,1,1.0
scifact,0,1099,5000,5977,0.43067655807339306,0.43067655807339306,1,1.0
scifact,0,1100,10,20,0.31546487678572877,0.31546487678572877,0,0.7
scifact,0,1100,20,40,0.31546487678572877,0.31546487678572877,0,0.9
scifact,0,1100,50,100,0.31546487678572877,0.31546487678572877,1,1.0
scifact,0,1100,100,200,0.31546487678572877,0.31546487678572877,1,1.0
scifact,0,1100,200,400,0.31546487678572877,0.31546487678572877,1,1.0
scifact,0,1100,500,1000,0.31546487678572877,0.31546487678572877,1,1.0
scifact,0,1100,1000,2000,0.31546487678572877,0.31546487678572877,1,1.0
scifact,0,1100,2000,3816,0.31546487678572877,0.31546487678572877,1,1.0
scifact,0,1100,5000,6816,0.31546487678572877,0.31546487678572877,1,1.0
scifact,0,1104,10,20,1.0,1.0,0,0.6
scifact,0,1104,20,40,1.0,1.0,0,0.75
scifact,0,1104,50,100,1.0,1.0,0,0.9
scifact,0,1104,100,200,1.0,1.0,1,1.0
scifact,0,1104,200,400,1.0,1.0,1,1.0
scifact,0,1104,500,1000,1.0,1.0,1,1.0
scifact,0,1104,1000,2000,1.0,1.0,1,1.0
scifact,0,1104,2000,4000,1.0,1.0,1,1.0
scifact,0,1104,5000,9075,1.0,1.0,1,1.0
scifact,0,1107,10,20,1.0,1.0,0,0.75
scifact,0,1107,20,40,1.0,1.0,0,0.95
scifact,0,1107,50,100,1.0,1.0,1,1.0
scifact,0,1107,100,200,1.0,1.0,1,1.0
scifact,0,1107,200,400,1.0,1.0,1,1.0
scifact,0,1107,500,1000,1.0,1.0,1,1.0
scifact,0,1107,1000,2000,1.0,1.0,1,1.0
scifact,0,1107,2000,4000,1.0,1.0,1,1.0
scifact,0,1107,5000,7032,1.0,1.0,1,1.0
scifact,0,1110,10,20,0.0,0.0,0,0.65
scifact,0,1110,20,40,0.0,0.0,0,0.65
scifact,0,1110,50,100,0.0,0.0,0,0.75
scifact,0,1110,100,200,0.0,0.0,0,0.75
scifact,0,1110,200,400,0.0,0.0,0,0.9
scifact,0,1110,500,1000,0.0,0.0,1,1.0
scifact,0,1110,1000,2000,0.0,0.0,1,1.0
scifact,0,1110,2000,3621,0.0,0.0,1,1.0
scifact,0,1110,5000,6621,0.0,0.0,1,1.0
scifact,0,1121,10,20,0.6309297535714575,0.6309297535714575,0,0.55
scifact,0,1121,20,40,0.6309297535714575,0.6309297535714575,0,0.75
scifact,0,1121,50,100,0.6309297535714575,0.6309297535714575,0,0.95
scifact,0,1121,100,200,0.6309297535714575,0.6309297535714575,1,1.0
scifact,0,1121,200,400,0.6309297535714575,0.6309297535714575,1,1.0
scifact,0,1121,500,1000,0.6309297535714575,0.6309297535714575,1,1.0
scifact,0,1121,1000,2000,0.6309297535714575,0.6309297535714575,1,1.0
scifact,0,1121,2000,4000,0.6309297535714575,0.6309297535714575,1,1.0
scifact,0,1121,5000,9272,0.6309297535714575,0.6309297535714575,1,1.0
scifact,0,113,10,20,1.0,1.0,0,0.65
scifact,0,113,20,40,1.0,1.0,0,0.9
scifact,0,113,50,100,1.0,1.0,0,0.9
scifact,0,113,100,200,1.0,1.0,1,1.0
scifact,0,113,200,400,1.0,1.0,1,1.0
scifact,0,113,500,1000,1.0,1.0,1,1.0
scifact,0,113,1000,2000,1.0,1.0,1,1.0
scifact,0,113,2000,4000,1.0,1.0,1,1.0
scifact,0,113,5000,8680,1.0,1.0,1,1.0
scifact,0,1130,10,20,1.0,1.0,0,0.65
scifact,0,1130,20,40,1.0,1.0,0,0.75
scifact,0,1130,50,100,1.0,1.0,0,0.9
scifact,0,1130,100,200,1.0,1.0,1,1.0
scifact,0,1130,200,400,1.0,1.0,1,1.0
scifact,0,1130,500,1000,1.0,1.0,1,1.0
scifact,0,1130,1000,2000,1.0,1.0,1,1.0
scifact,0,1130,2000,4000,1.0,1.0,1,1.0
scifact,0,1130,5000,9305,1.0,1.0,1,1.0
scifact,0,1132,10,20,0.21840743681816419,0.20438239758848611,0,0.6
scifact,0,1132,20,40,0.20438239758848611,0.20438239758848611,0,0.8
scifact,0,1132,50,100,0.20438239758848611,0.20438239758848611,1,1.0
scifact,0,1132,100,200,0.20438239758848611,0.20438239758848611,1,1.0
scifact,0,1132,200,400,0.20438239758848611,0.20438239758848611,1,1.0
scifact,0,1132,500,1000,0.20438239758848611,0.20438239758848611,1,1.0
scifact,0,1132,1000,2000,0.20438239758848611,0.20438239758848611,1,1.0
scifact,0,1132,2000,4000,0.20438239758848611,0.20438239758848611,1,1.0
scifact,0,1132,5000,8683,0.20438239758848611,0.20438239758848611,1,1.0
scifact,0,1137,10,20,1.0,1.0,0,0.6
scifact,0,1137,20,40,1.0,1.0,0,0.8
scifact,0,1137,50,100,1.0,1.0,1,1.0
scifact,0,1137,100,200,1.0,1.0,1,1.0
scifact,0,1137,200,400,1.0,1.0,1,1.0
scifact,0,1137,500,1000,1.0,1.0,1,1.0
scifact,0,1137,1000,1584,1.0,1.0,1,1.0
scifact,0,1137,2000,2584,1.0,1.0,1,1.0
scifact,0,1137,5000,5584,1.0,1.0,1,1.0
scifact,0,1140,10,20,1.0,1.0,0,0.55
scifact,0,1140,20,40,1.0,1.0,0,0.55
scifact,0,1140,50,100,1.0,1.0,0,0.85
scifact,0,1140,100,200,1.0,1.0,0,0.95
scifact,0,1140,200,400,1.0,1.0,1,1.0
scifact,0,1140,500,1000,1.0,1.0,1,1.0
scifact,0,1140,1000,2000,1.0,1.0,1,1.0
scifact,0,1140,2000,3529,1.0,1.0,1,1.0
scifact,0,1140,5000,6529,1.0,1.0,1,1.0
scifact,0,1144,10,20,1.0,1.0,0,0.6
scifact,0,1144,20,40,1.0,1.0,0,0.7
scifact,0,1144,50,100,1.0,1.0,0,0.7
scifact,0,1144,100,200,1.0,1.0,1,1.0
scifact,0,1144,200,400,1.0,1.0,1,1.0
scifact,0,1144,500,1000,1.0,1.0,1,1.0
scifact,0,1144,1000,2000,1.0,1.0,1,1.0
scifact,0,1144,2000,4000,1.0,1.0,1,1.0
scifact,0,1144,5000,7806,1.0,1.0,1,1.0
scifact,0,1146,10,20,1.0,1.0,0,0.7
scifact,0,1146,20,40,1.0,1.0,0,0.75
scifact,0,1146,50,100,1.0,1.0,0,0.85
scifact,0,1146,100,200,1.0,1.0,1,1.0
scifact,0,1146,200,400,1.0,1.0,1,1.0
scifact,0,1146,500,1000,1.0,1.0,1,1.0
scifact,0,1146,1000,2000,1.0,1.0,1,1.0
scifact,0,1146,2000,4000,1.0,1.0,1,1.0
scifact,0,1146,5000,7502,1.0,1.0,1,1.0
scifact,0,115,10,20,1.0,1.0,0,0.6
scifact,0,115,20,40,1.0,1.0,0,0.6
scifact,0,115,50,100,1.0,1.0,0,0.75
scifact,0,115,100,200,1.0,1.0,0,0.85
scifact,0,115,200,400,1.0,1.0,0,0.9
scifact,0,115,500,1000,1.0,1.0,0,0.9
scifact,0,115,1000,2000,1.0,1.0,0,0.9
scifact,0,115,2000,3950,1.0,1.0,1,1.0
scifact,0,115,5000,6950,1.0,1.0,1,1.0
scifact,0,1150,10,20,1.0,1.0,0,0.6
scifact,0,1150,20,40,1.0,1.0,0,0.65
scifact,0,1150,50,100,1.0,1.0,0,0.75
scifact,0,1150,100,200,1.0,1.0,1,1.0
scifact,0,1150,200,400,1.0,1.0,1,1.0
scifact,0,1150,500,1000,1.0,1.0,1,1.0
scifact,0,1150,1000,2000,1.0,1.0,1,1.0
scifact,0,1150,2000,4000,1.0,1.0,1,1.0
scifact,0,1150,5000,8207,1.0,1.0,1,1.0
scifact,0,1163,10,20,1.0,1.0,0,0.65
scifact,0,1163,20,40,1.0,1.0,0,0.75
scifact,0,1163,50,100,1.0,1.0,0,0.75
scifact,0,1163,100,200,1.0,1.0,0,0.8
scifact,0,1163,200,400,1.0,1.0,0,0.8
scifact,0,1163,500,1000,1.0,1.0,0,0.9
scifact,0,1163,1000,2000,1.0,1.0,0,0.95
scifact,0,1163,2000,4000,1.0,1.0,0,0.95
scifact,0,1163,5000,8454,1.0,1.0,1,1.0
scifact,0,1175,10,20,0.0,0.0,0,0.5
scifact,0,1175,20,40,0.0,0.0,0,0.55
scifact,0,1175,50,100,0.0,0.0,0,0.65
scifact,0,1175,100,200,0.0,0.0,0,0.8
scifact,0,1175,200,400,0.0,0.0,0,0.85
scifact,0,1175,500,1000,0.0,0.0,1,1.0
scifact,0,1175,1000,2000,0.0,0.0,1,1.0
scifact,0,1175,2000,4000,0.0,0.0,1,1.0
scifact,0,1175,5000,7586,0.0,0.0,1,1.0
scifact,0,1179,10,20,0.0,0.0,0,0.65
scifact,0,1179,20,40,0.0,0.0,0,0.7
scifact,0,1179,50,100,0.0,0.0,0,0.8
scifact,0,1179,100,200,0.0,0.0,0,0.9
scifact,0,1179,200,400,0.0,0.0,1,1.0
scifact,0,1179,500,1000,0.0,0.0,1,1.0
scifact,0,1179,1000,2000,0.0,0.0,1,1.0
scifact,0,1179,2000,4000,0.0,0.0,1,1.0
scifact,0,1179,5000,7206,0.0,0.0,1,1.0
scifact,0,118,10,20,1.0,1.0,0,0.6
scifact,0,118,20,40,1.0,1.0,0,0.8
scifact,0,118,50,100,1.0,1.0,1,1.0
scifact,0,118,100,200,1.0,1.0,1,1.0
scifact,0,118,200,400,1.0,1.0,1,1.0
scifact,0,118,500,1000,1.0,1.0,1,1.0
scifact,0,118,1000,2000,1.0,1.0,1,1.0
scifact,0,118,2000,4000,1.0,1.0,1,1.0
scifact,0,118,5000,7317,1.0,1.0,1,1.0
scifact,0,1180,10,20,0.43067655807339306,0.43067655807339306,0,0.65
scifact,0,1180,20,40,0.43067655807339306,0.43067655807339306,0,0.8
scifact,0,1180,50,100,0.43067655807339306,0.43067655807339306,0,0.95
scifact,0,1180,100,200,0.43067655807339306,0.43067655807339306,1,1.0
scifact,0,1180,200,400,0.43067655807339306,0.43067655807339306,1,1.0
scifact,0,1180,500,1000,0.43067655807339306,0.43067655807339306,1,1.0
scifact,0,1180,1000,1907,0.43067655807339306,0.43067655807339306,1,1.0
scifact,0,1180,2000,2907,0.43067655807339306,0.43067655807339306,1,1.0
scifact,0,1180,5000,5907,0.43067655807339306,0.43067655807339306,1,1.0
scifact,0,1185,10,20,1.0,1.0,0,0.55
scifact,0,1185,20,40,1.0,1.0,0,0.65
scifact,0,1185,50,100,1.0,1.0,0,0.75
scifact,0,1185,100,200,1.0,1.0,1,1.0
scifact,0,1185,200,400,1.0,1.0,1,1.0
scifact,0,1185,500,1000,1.0,1.0,1,1.0
scifact,0,1185,1000,2000,1.0,1.0,1,1.0
scifact,0,1185,2000,4000,1.0,1.0,1,1.0
scifact,0,1185,5000,8990,1.0,1.0,1,1.0
scifact,0,1187,10,20,1.0,1.0,0,0.55
scifact,0,1187,20,40,1.0,1.0,0,0.65
scifact,0,1187,50,100,1.0,1.0,0,0.8
scifact,0,1187,100,200,1.0,1.0,0,0.8
scifact,0,1187,200,400,1.0,1.0,1,1.0
scifact,0,1187,500,1000,1.0,1.0,1,1.0
scifact,0,1187,1000,2000,1.0,1.0,1,1.0
scifact,0,1187,2000,4000,1.0,1.0,1,1.0
scifact,0,1187,5000,8826,1.0,1.0,1,1.0
scifact,0,1191,10,20,0.0,0.0,0,0.65
scifact,0,1191,20,40,0.0,0.0,0,0.65
scifact,0,1191,50,100,0.0,0.0,0,0.75
scifact,0,1191,100,200,0.0,0.0,0,0.8
scifact,0,1191,200,400,0.0,0.0,0,0.8
scifact,0,1191,500,1000,0.0,0.0,0,0.95
scifact,0,1191,1000,2000,0.0,0.0,0,0.9
scifact,0,1191,2000,4000,0.0,0.0,1,1.0
scifact,0,1191,5000,7594,0.0,0.0,1,1.0
scifact,0,1194,10,20,1.0,1.0,0,0.55
scifact,0,1194,20,40,1.0,1.0,0,0.6
scifact,0,1194,50,100,1.0,1.0,0,0.75
scifact,0,1194,100,200,1.0,1.0,0,0.85
scifact,0,1194,200,400,1.0,1.0,1,1.0
scifact,0,1194,500,1000,1.0,1.0,1,1.0
scifact,0,1194,1000,2000,1.0,1.0,1,1.0
scifact,0,1194,2000,4000,1.0,1.0,1,1.0
scifact,0,1194,5000,7629,1.0,1.0,1,1.0
scifact,0,1196,10,20,0.43067655807339306,0.43067655807339306,0,0.45
scifact,0,1196,20,40,0.43067655807339306,0.43067655807339306,0,0.65
scifact,0,1196,50,100,0.43067655807339306,0.43067655807339306,0,0.7
scifact,0,1196,100,200,0.43067655807339306,0.43067655807339306,0,0.75
scifact,0,1196,200,400,0.43067655807339306,0.43067655807339306,0,0.85
scifact,0,1196,500,1000,0.43067655807339306,0.43067655807339306,0,0.9
scifact,0,1196,1000,2000,0.43067655807339306,0.43067655807339306,1,1.0
scifact,0,1196,2000,4000,0.43067655807339306,0.43067655807339306,1,1.0
scifact,0,1196,5000,8180,0.43067655807339306,0.43067655807339306,1,1.0
scifact,0,1197,10,20,0.43067655807339306,0.43067655807339306,0,0.55
scifact,0,1197,20,40,0.43067655807339306,0.43067655807339306,0,0.7
scifact,0,1197,50,100,0.43067655807339306,0.43067655807339306,0,0.75
scifact,0,1197,100,200,0.43067655807339306,0.43067655807339306,0,0.8
scifact,0,1197,200,400,0.43067655807339306,0.43067655807339306,0,0.85
scifact,0,1197,500,1000,0.43067655807339306,0.43067655807339306,0,0.95
scifact,0,1197,1000,2000,0.43067655807339306,0.43067655807339306,1,1.0
scifact,0,1197,2000,4000,0.43067655807339306,0.43067655807339306,1,1.0
scifact,0,1197,5000,8180,0.43067655807339306,0.43067655807339306,1,1.0
scifact,0,1199,10,20,0.0,0.0,0,0.55
scifact,0,1199,20,40,0.0,0.0,0,0.7
scifact,0,1199,50,100,0.0,0.0,0,0.75
scifact,0,1199,100,200,0.0,0.0,0,0.95
scifact,0,1199,200,400,0.0,0.0,1,1.0
scifact,0,1199,500,1000,0.0,0.0,1,1.0
scifact,0,1199,1000,2000,0.0,0.0,1,1.0
scifact,0,1199,2000,4000,0.0,0.0,1,1.0
scifact,0,1199,5000,9104,0.0,0.0,1,1.0
scifact,0,1200,10,20,0.0,0.3333333333333333,0,0.55
scifact,0,1200,20,40,0.0,0.3333333333333333,0,0.55
scifact,0,1200,50,100,0.0,0.3333333333333333,0,0.65
scifact,0,1200,100,200,0.0,0.3333333333333333,0,0.75
scifact,0,1200,200,400,0.3333333333333333,0.3333333333333333,0,0.85
scifact,0,1200,500,1000,0.3333333333333333,0.3333333333333333,0,1.0
scifact,0,1200,1000,2000,0.3333333333333333,0.3333333333333333,1,1.0
scifact,0,1200,2000,4000,0.3333333333333333,0.3333333333333333,1,1.0
scifact,0,1200,5000,9070,0.3333333333333333,0.3333333333333333,1,1.0
scifact,0,1202,10,20,1.0,1.0,0,0.6
scifact,0,1202,20,40,1.0,1.0,0,0.65
scifact,0,1202,50,100,1.0,1.0,0,0.75
scifact,0,1202,100,200,1.0,1.0,0,0.75
scifact,0,1202,200,400,1.0,1.0,0,0.9
scifact,0,1202,500,1000,1.0,1.0,1,1.0
scifact,0,1202,1000,2000,1.0,1.0,1,1.0
scifact,0,1202,2000,4000,1.0,1.0,1,1.0
scifact,0,1202,5000,8341,1.0,1.0,1,1.0
scifact,0,1204,10,20,1.0,1.0,0,0.65
scifact,0,1204,20,40,1.0,1.0,0,0.75
scifact,0,1204,50,100,1.0,1.0,0,0.8
scifact,0,1204,100,200,1.0,1.0,0,0.75
scifact,0,1204,200,400,1.0,1.0,0,0.85
scifact,0,1204,500,1000,1.0,1.0,1,1.0
scifact,0,1204,1000,2000,1.0,1.0,1,1.0
scifact,0,1204,2000,4000,1.0,1.0,1,1.0
scifact,0,1204,5000,8172,1.0,1.0,1,1.0
scifact,0,1207,10,20,1.0,1.0,0,0.65
scifact,0,1207,20,40,1.0,1.0,0,0.7
scifact,0,1207,50,100,1.0,1.0,0,0.8
scifact,0,1207,100,200,1.0,1.0,0,0.85
scifact,0,1207,200,400,1.0,1.0,1,1.0
scifact,0,1207,500,1000,1.0,1.0,1,1.0
scifact,0,1207,1000,2000,1.0,1.0,1,1.0
scifact,0,1207,2000,4000,1.0,1.0,1,1.0
scifact,0,1207,5000,8858,1.0,1.0,1,1.0
scifact,0,1213,10,20,0.0,0.0,0,0.4
scifact,0,1213,20,40,0.0,0.0,0,0.5
scifact,0,1213,50,100,0.0,0.0,0,0.7
scifact,0,1213,100,200,0.0,0.0,0,0.95
scifact,0,1213,200,400,0.0,0.0,1,1.0
scifact,0,1213,500,1000,0.0,0.0,1,1.0
scifact,0,1213,1000,2000,0.0,0.0,1,1.0
scifact,0,1213,2000,4000,0.0,0.0,1,1.0
scifact,0,1213,5000,8874,0.0,0.0,1,1.0
scifact,0,1216,10,20,1.0,1.0,0,0.55
scifact,0,1216,20,40,1.0,1.0,0,0.6
scifact,0,1216,50,100,1.0,1.0,0,0.75
scifact,0,1216,100,200,1.0,1.0,0,0.85
scifact,0,1216,200,400,1.0,1.0,0,0.9
scifact,0,1216,500,1000,1.0,1.0,1,1.0
scifact,0,1216,1000,2000,1.0,1.0,1,1.0
scifact,0,1216,2000,4000,1.0,1.0,1,1.0
scifact,0,1216,5000,8155,1.0,1.0,1,1.0
scifact,0,1221,10,20,0.5,0.0,0,0.65
scifact,0,1221,20,40,0.3562071871080222,0.0,0,0.65
scifact,0,1221,50,100,0.0,0.0,0,0.75
scifact,0,1221,100,200,0.0,0.0,0,0.85
scifact,0,1221,200,400,0.0,0.0,1,1.0
scifact,0,1221,500,1000,0.0,0.0,1,1.0
scifact,0,1221,1000,2000,0.0,0.0,1,1.0
scifact,0,1221,2000,4000,0.0,0.0,1,1.0
scifact,0,1221,5000,7675,0.0,0.0,1,1.0
scifact,0,1225,10,20,1.0,1.0,0,0.65
scifact,0,1225,20,40,1.0,1.0,0,0.7
scifact,0,1225,50,100,1.0,1.0,0,0.8
scifact,0,1225,100,200,1.0,1.0,1,1.0
scifact,0,1225,200,400,1.0,1.0,1,1.0
scifact,0,1225,500,1000,1.0,1.0,1,1.0
scifact,0,1225,1000,2000,1.0,1.0,1,1.0
scifact,0,1225,2000,3703,1.0,1.0,1,1.0
scifact,0,1225,5000,6703,1.0,1.0,1,1.0
scifact,0,1226,10,20,0.0,0.0,0,0.55
scifact,0,1226,20,40,0.0,0.0,0,0.65
scifact,0,1226,50,100,0.0,0.0,0,0.8
scifact,0,1226,100,200,0.0,0.0,0,0.85
scifact,0,1226,200,400,0.0,0.0,0,0.9
scifact,0,1226,500,1000,0.0,0.0,0,0.95
scifact,0,1226,1000,2000,0.0,0.0,1,1.0
scifact,0,1226,2000,4000,0.0,0.0,1,1.0
scifact,0,1226,5000,9190,0.0,0.0,1,1.0
scifact,0,1232,10,20,1.0,1.0,0,0.65
scifact,0,1232,20,40,1.0,1.0,0,0.75
scifact,0,1232,50,100,1.0,1.0,0,0.75
scifact,0,1232,100,200,1.0,1.0,0,0.75
scifact,0,1232,200,400,1.0,1.0,0,0.95
scifact,0,1232,500,1000,1.0,1.0,1,1.0
scifact,0,1232,1000,2000,1.0,1.0,1,1.0
scifact,0,1232,2000,4000,1.0,1.0,1,1.0
scifact,0,1232,5000,7894,1.0,1.0,1,1.0
scifact,0,124,10,20,1.0,1.0,0,0.6
scifact,0,124,20,40,1.0,1.0,0,0.9
scifact,0,124,50,100,1.0,1.0,0,0.95
scifact,0,124,100,200,1.0,1.0,1,1.0
scifact,0,124,200,400,1.0,1.0,1,1.0
scifact,0,124,500,1000,1.0,1.0,1,1.0
scifact,0,124,1000,2000,1.0,1.0,1,1.0
scifact,0,124,2000,4000,1.0,1.0,1,1.0
scifact,0,124,5000,7088,1.0,1.0,1,1.0
scifact,0,1241,10,20,1.0,1.0,0,0.75
scifact,0,1241,20,40,1.0,1.0,0,0.9
scifact,0,1241,50,100,1.0,1.0,1,1.0
scifact,0,1241,100,200,1.0,1.0,1,1.0
scifact,0,1241,200,400,1.0,1.0,1,1.0
scifact,0,1241,500,1000,1.0,1.0,1,1.0
scifact,0,1241,1000,2000,1.0,1.0,1,1.0
scifact,0,1241,2000,4000,1.0,1.0,1,1.0
scifact,0,1241,5000,8386,1.0,1.0,1,1.0
scifact,0,1245,10,20,1.0,1.0,0,0.4
scifact,0,1245,20,40,1.0,1.0,0,0.4
scifact,0,1245,50,100,1.0,1.0,0,0.7
scifact,0,1245,100,200,1.0,1.0,0,0.9
scifact,0,1245,200,400,1.0,1.0,1,1.0
scifact,0,1245,500,1000,1.0,1.0,1,1.0
scifact,0,1245,1000,2000,1.0,1.0,1,1.0
scifact,0,1245,2000,4000,1.0,1.0,1,1.0
scifact,0,1245,5000,8177,1.0,1.0,1,1.0
scifact,0,1259,10,20,1.0,1.0,0,0.5
scifact,0,1259,20,40,1.0,1.0,0,0.7
scifact,0,1259,50,100,1.0,1.0,0,0.9
scifact,0,1259,100,200,1.0,1.0,1,1.0
scifact,0,1259,200,400,1.0,1.0,1,1.0
scifact,0,1259,500,1000,1.0,1.0,1,1.0
scifact,0,1259,1000,2000,1.0,1.0,1,1.0
scifact,0,1259,2000,4000,1.0,1.0,1,1.0
scifact,0,1259,5000,8937,1.0,1.0,1,1.0
scifact,0,1262,10,20,1.0,1.0,0,0.65
scifact,0,1262,20,40,1.0,1.0,0,0.75
scifact,0,1262,50,100,1.0,1.0,0,0.95
scifact,0,1262,100,200,1.0,1.0,1,1.0
scifact,0,1262,200,400,1.0,1.0,1,1.0
scifact,0,1262,500,1000,1.0,1.0,1,1.0
scifact,0,1262,1000,2000,1.0,1.0,1,1.0
scifact,0,1262,2000,4000,1.0,1.0,1,1.0
scifact,0,1262,5000,7526,1.0,1.0,1,1.0
scifact,0,1266,10,20,1.0,1.0,0,0.75
scifact,0,1266,20,40,1.0,1.0,0,0.9
scifact,0,1266,50,100,1.0,1.0,1,1.0
scifact,0,1266,100,200,1.0,1.0,1,1.0
scifact,0,1266,200,400,1.0,1.0,1,1.0
scifact,0,1266,500,1000,1.0,1.0,1,1.0
scifact,0,1266,1000,2000,1.0,1.0,1,1.0
scifact,0,1266,2000,4000,1.0,1.0,1,1.0
scifact,0,1266,5000,8212,1.0,1.0,1,1.0
scifact,0,127,10,20,1.0,1.0,0,0.55
scifact,0,127,20,40,1.0,1.0,0,0.6
scifact,0,127,50,100,1.0,1.0,0,0.65
scifact,0,127,100,200,1.0,1.0,0,0.7
scifact,0,127,200,400,1.0,1.0,0,0.75
scifact,0,127,500,1000,1.0,1.0,0,0.95
scifact,0,127,1000,2000,1.0,1.0,1,1.0
scifact,0,127,2000,3522,1.0,1.0,1,1.0
scifact,0,127,5000,6522,1.0,1.0,1,1.0
scifact,0,1270,10,20,1.0,1.0,0,0.6
scifact,0,1270,20,40,1.0,1.0,0,0.65
scifact,0,1270,50,100,1.0,1.0,0,0.75
scifact,0,1270,100,200,1.0,1.0,0,0.9
scifact,0,1270,200,400,1.0,1.0,1,1.0
scifact,0,1270,500,1000,1.0,1.0,1,1.0
scifact,0,1270,1000,2000,1.0,1.0,1,1.0
scifact,0,1270,2000,3479,1.0,1.0,1,1.0
scifact,0,1270,5000,6479,1.0,1.0,1,1.0
scifact,0,1271,10,20,1.0,1.0,0,0.6
scifact,0,1271,20,40,1.0,1.0,0,0.75
scifact,0,1271,50,100,1.0,1.0,0,0.75
scifact,0,1271,100,200,1.0,1.0,0,0.95
scifact,0,1271,200,400,1.0,1.0,1,1.0
scifact,0,1271,500,1000,1.0,1.0,1,1.0
scifact,0,1271,1000,2000,1.0,1.0,1,1.0
scifact,0,1271,2000,4000,1.0,1.0,1,1.0
scifact,0,1271,5000,7951,1.0,1.0,1,1.0
scifact,0,1272,10,20,0.0,0.3333333333333333,0,0.55
scifact,0,1272,20,40,0.3333333333333333,0.3333333333333333,0,0.65
scifact,0,1272,50,100,0.3333333333333333,0.3333333333333333,0,0.7
scifact,0,1272,100,200,0.3333333333333333,0.3333333333333333,0,0.95
scifact,0,1272,200,400,0.3333333333333333,0.3333333333333333,1,1.0
scifact,0,1272,500,1000,0.3333333333333333,0.3333333333333333,1,1.0
scifact,0,1272,1000,2000,0.3333333333333333,0.3333333333333333,1,1.0
scifact,0,1272,2000,4000,0.3333333333333333,0.3333333333333333,1,1.0
scifact,0,1272,5000,8770,0.3333333333333333,0.3333333333333333,1,1.0
scifact,0,1273,10,20,1.0,1.0,0,0.65
scifact,0,1273,20,40,1.0,1.0,0,0.85
scifact,0,1273,50,100,1.0,1.0,0,0.95
scifact,0,1273,100,200,1.0,1.0,1,1.0
scifact,0,1273,200,400,1.0,1.0,1,1.0
scifact,0,1273,500,1000,1.0,1.0,1,1.0
scifact,0,1273,1000,2000,1.0,1.0,1,1.0
scifact,0,1273,2000,4000,1.0,1.0,1,1.0
scifact,0,1273,5000,7983,1.0,1.0,1,1.0
scifact,0,1274,10,20,0.8385465274895063,0.8385465274895063,0,0.5
scifact,0,1274,20,40,0.8385465274895063,0.8385465274895063,0,0.7
scifact,0,1274,50,100,0.8385465274895063,0.8385465274895063,0,0.95
scifact,0,1274,100,200,0.8385465274895063,0.8385465274895063,1,1.0
scifact,0,1274,200,400,0.8385465274895063,0.8385465274895063,1,1.0
scifact,0,1274,500,1000,0.8385465274895063,0.8385465274895063,1,1.0
scifact,0,1274,1000,2000,0.8385465274895063,0.8385465274895063,1,1.0
scifact,0,1274,2000,4000,0.8385465274895063,0.8385465274895063,1,1.0
scifact,0,1274,5000,7880,0.8385465274895063,0.8385465274895063,1,1.0
scifact,0,1278,10,20,0.6309297535714575,0.5,0,0.6
scifact,0,1278,20,40,0.5,0.5,0,0.6
scifact,0,1278,50,100,0.5,0.5,0,0.75
scifact,0,1278,100,200,0.5,0.5,0,0.9
scifact,0,1278,200,400,0.5,0.5,1,1.0
scifact,0,1278,500,1000,0.5,0.5,1,1.0
scifact,0,1278,1000,2000,0.5,0.5,1,1.0
scifact,0,1278,2000,4000,0.5,0.5,1,1.0
scifact,0,1278,5000,7938,0.5,0.5,1,1.0
scifact,0,1279,10,20,0.5,0.6309297535714575,0,0.55
scifact,0,1279,20,40,0.6309297535714575,0.6309297535714575,0,0.55
scifact,0,1279,50,100,0.6309297535714575,0.6309297535714575,0,0.8
scifact,0,1279,100,200,0.6309297535714575,0.6309297535714575,0,0.95
scifact,0,1279,200,400,0.6309297535714575,0.6309297535714575,1,1.0
scifact,0,1279,500,1000,0.6309297535714575,0.6309297535714575,1,1.0
scifact,0,1279,1000,2000,0.6309297535714575,0.6309297535714575,1,1.0
scifact,0,1279,2000,4000,0.6309297535714575,0.6309297535714575,1,1.0
scifact,0,1279,5000,7428,0.6309297535714575,0.6309297535714575,1,1.0
scifact,0,128,10,20,0.38685280723454163,0.0,0,0.45
scifact,0,128,20,40,0.3562071871080222,0.0,0,0.5
scifact,0,128,50,100,0.2890648263178879,0.0,0,0.55
scifact,0,128,100,200,0.0,0.0,0,0.8
scifact,0,128,200,400,0.0,0.0,0,0.9
scifact,0,128,500,1000,0.0,0.0,1,1.0
scifact,0,128,1000,2000,0.0,0.0,1,1.0
scifact,0,128,2000,4000,0.0,0.0,1,1.0
scifact,0,128,5000,7639,0.0,0.0,1,1.0
scifact,0,1280,10,20,0.0,0.3333333333333333,0,0.55
scifact,0,1280,20,40,0.0,0.3333333333333333,0,0.65
scifact,0,1280,50,100,0.3333333333333333,0.3333333333333333,0,0.8
scifact,0,1280,100,200,0.3333333333333333,0.3333333333333333,0,0.9
scifact,0,1280,200,400,0.3333333333333333,0.3333333333333333,0,0.9
scifact,0,1280,500,1000,0.3333333333333333,0.3333333333333333,0,0.95
scifact,0,1280,1000,2000,0.3333333333333333,0.3333333333333333,0,0.95
scifact,0,1280,2000,4000,0.3333333333333333,0.3333333333333333,1,1.0
scifact,0,1280,5000,7399,0.3333333333333333,0.3333333333333333,1,1.0
scifact,0,1281,10,20,0.3010299956639812,0.0,0,0.55
scifact,0,1281,20,40,0.2890648263178879,0.0,0,0.65
scifact,0,1281,50,100,0.0,0.0,0,0.7
scifact,0,1281,100,200,0.0,0.0,0,0.75
scifact,0,1281,200,400,0.0,0.0,0,0.9
scifact,0,1281,500,1000,0.0,0.0,0,0.9
scifact,0,1281,1000,2000,0.0,0.0,0,0.95
scifact,0,1281,2000,4000,0.0,0.0,1,1.0
scifact,0,1281,5000,7353,0.0,0.0,1,1.0
scifact,0,1282,10,20,1.0,1.0,0,0.5
scifact,0,1282,20,40,1.0,1.0,0,0.5
scifact,0,1282,50,100,1.0,1.0,0,0.6
scifact,0,1282,100,200,1.0,1.0,0,0.8
scifact,0,1282,200,400,1.0,1.0,0,0.9
scifact,0,1282,500,1000,1.0,1.0,0,0.95
scifact,0,1282,1000,2000,1.0,1.0,1,1.0
scifact,0,1282,2000,4000,1.0,1.0,1,1.0
scifact,0,1282,5000,8229,1.0,1.0,1,1.0
scifact,0,129,10,20,1.0,1.0,0,0.6
scifact,0,129,20,40,1.0,1.0,0,0.7
scifact,0,129,50,100,1.0,1.0,0,0.8
scifact,0,129,100,200,1.0,1.0,0,0.8
scifact,0,129,200,400,1.0,1.0,0,0.95
scifact,0,129,500,1000,1.0,1.0,0,0.95
scifact,0,129,1000,2000,1.0,1.0,0,0.95
scifact,0,129,2000,4000,1.0,1.0,1,1.0
scifact,0,129,5000,7350,1.0,1.0,1,1.0
scifact,0,1290,10,20,1.0,1.0,0,0.55
scifact,0,1290,20,40,1.0,1.0,0,0.65
scifact,0,1290,50,100,1.0,1.0,0,0.95
scifact,0,1290,100,200,1.0,1.0,1,1.0
scifact,0,1290,200,400,1.0,1.0,1,1.0
scifact,0,1290,500,1000,1.0,1.0,1,1.0
scifact,0,1290,1000,2000,1.0,1.0,1,1.0
scifact,0,1290,2000,4000,1.0,1.0,1,1.0
scifact,0,1290,5000,8039,1.0,1.0,1,1.0
scifact,0,1292,10,20,1.0,1.0,0,0.5
scifact,0,1292,20,40,1.0,1.0,0,0.6
scifact,0,1292,50,100,1.0,1.0,0,0.65
scifact,0,1292,100,200,1.0,1.0,0,0.85
scifact,0,1292,200,400,1.0,1.0,0,0.9
scifact,0,1292,500,1000,1.0,1.0,1,1.0
scifact,0,1292,1000,2000,1.0,1.0,1,1.0
scifact,0,1292,2000,4000,1.0,1.0,1,1.0
scifact,0,1292,5000,7908,1.0,1.0,1,1.0
scifact,0,1298,10,20,1.0,1.0,0,0.6
scifact,0,1298,20,40,1.0,1.0,0,0.7
scifact,0,1298,50,100,1.0,1.0,0,0.85
scifact,0,1298,100,200,1.0,1.0,0,0.85
scifact,0,1298,200,400,1.0,1.0,1,1.0
scifact,0,1298,500,1000,1.0,1.0,1,1.0
scifact,0,1298,1000,2000,1.0,1.0,1,1.0
scifact,0,1298,2000,4000,1.0,1.0,1,1.0
scifact,0,1298,5000,7498,1.0,1.0,1,1.0
scifact,0,13,10,20,0.0,0.0,0,0.55
scifact,0,13,20,40,0.0,0.0,0,0.65
scifact,0,13,50,100,0.0,0.0,0,0.95
scifact,0,13,100,200,0.0,0.0,1,1.0
scifact,0,13,200,400,0.0,0.0,1,1.0
scifact,0,13,500,1000,0.0,0.0,1,1.0
scifact,0,13,1000,2000,0.0,0.0,1,1.0
scifact,0,13,2000,3586,0.0,0.0,1,1.0
scifact,0,13,5000,6586,0.0,0.0,1,1.0
scifact,0,130,10,20,1.0,1.0,0,0.55
scifact,0,130,20,40,1.0,1.0,0,0.65
scifact,0,130,50,100,1.0,1.0,0,0.7
scifact,0,130,100,200,1.0,1.0,0,0.75
scifact,0,130,200,400,1.0,1.0,0,0.9
scifact,0,130,500,1000,1.0,1.0,0,0.95
scifact,0,130,1000,2000,1.0,1.0,0,0.95
scifact,0,130,2000,4000,1.0,1.0,1,1.0
scifact,0,130,5000,7557,1.0,1.0,1,1.0
scifact,0,1303,10,20,1.0,1.0,0,0.65
scifact,0,1303,20,40,1.0,1.0,0,0.65
scifact,0,1303,50,100,1.0,1.0,0,0.8
scifact,0,1303,100,200,1.0,1.0,0,0.9
scifact,0,1303,200,400,1.0,1.0,0,0.85
scifact,0,1303,500,1000,1.0,1.0,1,1.0
scifact,0,1303,1000,2000,1.0,1.0,1,1.0
scifact,0,1303,2000,4000,1.0,1.0,1,1.0
scifact,0,1303,5000,7502,1.0,1.0,1,1.0
scifact,0,1316,10,20,0.0,0.0,0,0.6
scifact,0,1316,20,40,0.3333333333333333,0.0,0,0.75
scifact,0,1316,50,100,0.0,0.0,0,0.95
scifact,0,1316,100,200,0.0,0.0,1,1.0
scifact,0,1316,200,400,0.0,0.0,1,1.0
scifact,0,1316,500,1000,0.0,0.0,1,1.0
scifact,0,1316,1000,2000,0.0,0.0,1,1.0
scifact,0,1316,2000,4000,0.0,0.0,1,1.0
scifact,0,1316,5000,8089,0.0,0.0,1,1.0
scifact,0,1319,10,20,1.0,1.0,0,0.6
scifact,0,1319,20,40,1.0,1.0,0,0.75
scifact,0,1319,50,100,1.0,1.0,0,0.9
scifact,0,1319,100,200,1.0,1.0,0,0.9
scifact,0,1319,200,400,1.0,1.0,1,1.0
scifact,0,1319,500,1000,1.0,1.0,1,1.0
scifact,0,1319,1000,2000,1.0,1.0,1,1.0
scifact,0,1319,2000,4000,1.0,1.0,1,1.0
scifact,0,1319,5000,8805,1.0,1.0,1,1.0
scifact,0,132,10,20,0.0,0.0,0,0.65
scifact,0,132,20,40,0.0,0.0,0,0.8
scifact,0,132,50,100,0.0,0.0,0,0.9
scifact,0,132,100,200,0.0,0.0,0,0.95
scifact,0,132,200,400,0.0,0.0,1,1.0
scifact,0,132,500,1000,0.0,0.0,1,1.0
scifact,0,132,1000,2000,0.0,0.0,1,1.0
scifact,0,132,2000,3097,0.0,0.0,1,1.0
scifact,0,132,5000,6097,0.0,0.0,1,1.0
scifact,0,1320,10,20,1.0,1.0,0,0.65
scifact,0,1320,20,40,1.0,1.0,0,0.75
scifact,0,1320,50,100,1.0,1.0,0,0.8
scifact,0,1320,100,200,1.0,1.0,1,1.0
scifact,0,1320,200,400,1.0,1.0,1,1.0
scifact,0,1320,500,1000,1.0,1.0,1,1.0
scifact,0,1320,1000,2000,1.0,1.0,1,1.0
scifact,0,1320,2000,4000,1.0,1.0,1,1.0
scifact,0,1320,5000,8436,1.0,1.0,1,1.0
scifact,0,133,10,20,0.72878684203556,0.7860137352654724,0,0.55
scifact,0,133,20,40,0.7178308354005997,0.7860137352654724,0,0.6
scifact,0,133,50,100,0.7860137352654724,0.7860137352654724,0,0.8
scifact,0,133,100,200,0.7860137352654724,0.7860137352654724,0,0.95
scifact,0,133,200,400,0.7860137352654724,0.7860137352654724,1,1.0
scifact,0,133,500,1000,0.7860137352654724,0.7860137352654724,1,1.0
scifact,0,133,1000,2000,0.7860137352654724,0.7860137352654724,1,1.0
scifact,0,133,2000,4000,0.7860137352654724,0.7860137352654724,1,1.0
scifact,0,133,5000,7667,0.7860137352654724,0.7860137352654724,1,1.0
scifact,0,1332,10,20,0.0,0.0,0,0.5
scifact,0,1332,20,40,0.0,0.0,0,0.65
scifact,0,1332,50,100,0.0,0.0,0,0.9
scifact,0,1332,100,200,0.0,0.0,1,1.0
scifact,0,1332,200,400,0.0,0.0,1,1.0
scifact,0,1332,500,1000,0.0,0.0,1,1.0
scifact,0,1332,1000,2000,0.0,0.0,1,1.0
scifact,0,1332,2000,4000,0.0,0.0,1,1.0
scifact,0,1332,5000,8265,0.0,0.0,1,1.0
scifact,0,1335,10,20,1.0,1.0,0,0.5
scifact,0,1335,20,40,1.0,1.0,0,0.7
scifact,0,1335,50,100,1.0,1.0,0,0.9
scifact,0,1335,100,200,1.0,1.0,1,1.0
scifact,0,1335,200,400,1.0,1.0,1,1.0
scifact,0,1335,500,1000,1.0,1.0,1,1.0
scifact,0,1335,1000,2000,1.0,1.0,1,1.0
scifact,0,1335,2000,4000,1.0,1.0,1,1.0
scifact,0,1335,5000,8685,1.0,1.0,1,1.0
scifact,0,1336,10,20,1.0,1.0,0,0.55
scifact,0,1336,20,40,1.0,1.0,0,0.7
scifact,0,1336,50,100,1.0,1.0,0,0.95
scifact,0,1336,100,200,1.0,1.0,1,1.0
scifact,0,1336,200,400,1.0,1.0,1,1.0
scifact,0,1336,500,1000,1.0,1.0,1,1.0
scifact,0,1336,1000,2000,1.0,1.0,1,1.0
scifact,0,1336,2000,4000,1.0,1.0,1,1.0
scifact,0,1336,5000,8517,1.0,1.0,1,1.0
scifact,0,1337,10,20,1.0,1.0,0,0.6
scifact,0,1337,20,40,1.0,1.0,0,0.65
scifact,0,1337,50,100,1.0,1.0,0,0.95
scifact,0,1337,100,200,1.0,1.0,1,1.0
scifact,0,1337,200,400,1.0,1.0,1,1.0
scifact,0,1337,500,1000,1.0,1.0,1,1.0
scifact,0,1337,1000,2000,1.0,1.0,1,1.0
scifact,0,1337,2000,3270,1.0,1.0,1,1.0
scifact,0,1337,5000,6270,1.0,1.0,1,1.0
scifact,0,1339,10,20,1.0,1.0,0,0.6
scifact,0,1339,20,40,1.0,1.0,0,0.6
scifact,0,1339,50,100,1.0,1.0,0,0.75
scifact,0,1339,100,200,1.0,1.0,0,0.85
scifact,0,1339,200,400,1.0,1.0,0,0.9
scifact,0,1339,500,1000,1.0,1.0,0,0.9
scifact,0,1339,1000,2000,1.0,1.0,0,0.95
scifact,0,1339,2000,3913,1.0,1.0,1,1.0
scifact,0,1339,5000,6913,1.0,1.0,1,1.0
scifact,0,1344,10,20,0.6309297535714575,0.6309297535714575,0,0.6
scifact,0,1344,20,40,0.6309297535714575,0.6309297535714575,0,0.7
scifact,0,1344,50,100,0.6309297535714575,0.6309297535714575,0,0.85
scifact,0,1344,100,200,0.6309297535714575,0.6309297535714575,1,1.0
scifact,0,1344,200,400,0.6309297535714575,0.6309297535714575,1,1.0
scifact,0,1344,500,1000,0.6309297535714575,0.6309297535714575,1,1.0
scifact,0,1344,1000,2000,0.6309297535714575,0.6309297535714575,1,1.0
scifact,0,1344,2000,4000,0.6309297535714575,0.6309297535714575,1,1.0
scifact,0,1344,5000,9755,0.6309297535714575,0.6309297535714575,1,1.0
scifact,0,1352,10,20,1.0,1.0,0,0.5
scifact,0,1352,20,40,1.0,1.0,0,0.55
scifact,0,1352,50,100,1.0,1.0,0,0.75
scifact,0,1352,100,200,1.0,1.0,0,0.7
scifact,0,1352,200,400,1.0,1.0,0,0.9
scifact,0,1352,500,1000,1.0,1.0,1,1.0
scifact,0,1352,1000,2000,1.0,1.0,1,1.0
scifact,0,1352,2000,4000,1.0,1.0,1,1.0
scifact,0,1352,5000,7531,1.0,1.0,1,1.0
scifact,0,1359,10,20,1.0,1.0,0,0.4
scifact,0,1359,20,40,1.0,1.0,0,0.65
scifact,0,1359,50,100,1.0,1.0,0,0.75
scifact,0,1359,100,200,1.0,1.0,1,1.0
scifact,0,1359,200,400,1.0,1.0,1,1.0
scifact,0,1359,500,1000,1.0,1.0,1,1.0
scifact,0,1359,1000,2000,1.0,1.0,1,1.0
scifact,0,1359,2000,4000,1.0,1.0,1,1.0
scifact,0,1359,5000,8414,1.0,1.0,1,1.0
scifact,0,1362,10,20,0.38685280723454163,0.0,0,0.55
scifact,0,1362,20,40,0.38685280723454163,0.0,0,0.6
scifact,0,1362,50,100,0.2890648263178879,0.0,0,0.65
scifact,0,1362,100,200,0.0,0.0,0,0.8
scifact,0,1362,200,400,0.0,0.0,0,0.85
scifact,0,1362,500,1000,0.0,0.0,0,0.9
scifact,0,1362,1000,2000,0.0,0.0,1,1.0
scifact,0,1362,2000,4000,0.0,0.0,1,1.0
scifact,0,1362,5000,7639,0.0,0.0,1,1.0
scifact,0,1363,10,20,0.6309297535714575,0.3333333333333333,0,0.65
scifact,0,1363,20,40,0.43067655807339306,0.3333333333333333,0,0.65
scifact,0,1363,50,100,0.3333333333333333,0.3333333333333333,0,0.7
scifact,0,1363,100,200,0.0,0.3333333333333333,0,0.8
scifact,0,1363,200,400,0.3333333333333333,0.3333333333333333,0,0.8
scifact,0,1363,500,1000,0.3333333333333333,0.3333333333333333,0,0.85
scifact,0,1363,1000,2000,0.3333333333333333,0.3333333333333333,0,1.0
scifact,0,1363,2000,4000,0.3333333333333333,0.3333333333333333,0,1.0
scifact,0,1363,5000,7635,0.3333333333333333,0.3333333333333333,1,1.0
scifact,0,1368,10,20,0.43067655807339306,0.43067655807339306,0,0.65
scifact,0,1368,20,40,0.43067655807339306,0.43067655807339306,0,0.9
scifact,0,1368,50,100,0.43067655807339306,0.43067655807339306,1,1.0
scifact,0,1368,100,200,0.43067655807339306,0.43067655807339306,1,1.0
scifact,0,1368,200,400,0.43067655807339306,0.43067655807339306,1,1.0
scifact,0,1368,500,1000,0.43067655807339306,0.43067655807339306,1,1.0
scifact,0,1368,1000,2000,0.43067655807339306,0.43067655807339306,1,1.0
scifact,0,1368,2000,4000,0.43067655807339306,0.43067655807339306,1,1.0
scifact,0,1368,5000,7096,0.43067655807339306,0.43067655807339306,1,1.0
scifact,0,137,10,20,1.0,1.0,0,0.65
scifact,0,137,20,40,1.0,1.0,0,0.7
scifact,0,137,50,100,1.0,1.0,0,0.8
scifact,0,137,100,200,1.0,1.0,0,0.7
scifact,0,137,200,400,1.0,1.0,1,1.0
scifact,0,137,500,1000,1.0,1.0,1,1.0
scifact,0,137,1000,2000,1.0,1.0,1,1.0
scifact,0,137,2000,4000,1.0,1.0,1,1.0
scifact,0,137,5000,7080,1.0,1.0,1,1.0
scifact,0,1370,10,20,1.0,1.0,0,0.7
scifact,0,1370,20,40,1.0,1.0,0,0.9
scifact,0,1370,50,100,1.0,1.0,0,0.95
scifact,0,1370,100,200,1.0,1.0,1,1.0
scifact,0,1370,200,400,1.0,1.0,1,1.0
scifact,0,1370,500,1000,1.0,1.0,1,1.0
scifact,0,1370,1000,1817,1.0,1.0,1,1.0
scifact,0,1370,2000,2817,1.0,1.0,1,1.0
scifact,0,1370,5000,5817,1.0,1.0,1,1.0
scifact,0,1379,10,20,0.6550972241386396,0.544556608342548,0,0.6
scifact,0,1379,20,40,0.544556608342548,0.544556608342548,0,0.8
scifact,0,1379,50,100,0.544556608342548,0.544556608342548,0,0.95
scifact,0,1379,100,200,0.544556608342548,0.544556608342548,1,1.0
scifact,0,1379,200,400,0.544556608342548,0.544556608342548,1,1.0
scifact,0,1379,500,1000,0.544556608342548,0.544556608342548,1,1.0
scifact,0,1379,1000,2000,0.544556608342548,0.544556608342548,1,1.0
scifact,0,1379,2000,4000,0.544556608342548,0.544556608342548,1,1.0
scifact,0,1379,5000,8312,0.544556608342548,0.544556608342548,1,1.0
scifact,0,1382,10,20,0.6309297535714575,0.6309297535714575,0,0.5
scifact,0,1382,20,40,0.6309297535714575,0.6309297535714575,0,0.7
scifact,0,1382,50,100,0.6309297535714575,0.6309297535714575,0,0.8
scifact,0,1382,100,200,0.6309297535714575,0.6309297535714575,0,0.85
scifact,0,1382,200,400,0.6309297535714575,0.6309297535714575,1,1.0
scifact,0,1382,500,1000,0.6309297535714575,0.6309297535714575,1,1.0
scifact,0,1382,1000,2000,0.6309297535714575,0.6309297535714575,1,1.0
scifact,0,1382,2000,3828,0.6309297535714575,0.6309297535714575,1,1.0
scifact,0,1382,5000,6828,0.6309297535714575,0.6309297535714575,1,1.0
scifact,0,1385,10,20,1.0,1.0,0,0.6
scifact,0,1385,20,40,1.0,1.0,0,0.6
scifact,0,1385,50,100,1.0,1.0,0,0.75
scifact,0,1385,100,200,1.0,1.0,0,0.8
scifact,0,1385,200,400,1.0,1.0,0,0.95
scifact,0,1385,500,1000,1.0,1.0,1,1.0
scifact,0,1385,1000,2000,1.0,1.0,1,1.0
scifact,0,1385,2000,3608,1.0,1.0,1,1.0
scifact,0,1385,5000,6608,1.0,1.0,1,1.0
scifact,0,1389,10,20,1.0,1.0,0,0.5
scifact,0,1389,20,40,1.0,1.0,0,0.55
scifact,0,1389,50,100,1.0,1.0,0,0.65
scifact,0,1389,100,200,1.0,1.0,0,0.8
scifact,0,1389,200,400,1.0,1.0,0,0.85
scifact,0,1389,500,1000,1.0,1.0,0,0.9
scifact,0,1389,1000,2000,1.0,1.0,0,0.9
scifact,0,1389,2000,4000,1.0,1.0,1,1.0
scifact,0,1389,5000,7724,1.0,1.0,1,1.0
scifact,0,1395,10,20,0.3562071871080222,0.3562071871080222,0,0.55
scifact,0,1395,20,40,0.31546487678572877,0.3562071871080222,0,0.6
scifact,0,1395,50,100,0.2890648263178879,0.3562071871080222,0,0.65
scifact,0,1395,100,200,0.3562071871080222,0.3562071871080222,0,0.65
scifact,0,1395,200,400,0.3562071871080222,0.3562071871080222,0,0.8
scifact,0,1395,500,1000,0.3562071871080222,0.3562071871080222,0,0.95
scifact,0,1395,1000,2000,0.3562071871080222,0.3562071871080222,1,1.0
scifact,0,1395,2000,4000,0.3562071871080222,0.3562071871080222,1,1.0
scifact,0,1395,5000,8025,0.3562071871080222,0.3562071871080222,1,1.0
scifact,0,141,10,20,1.0,1.0,0,0.5
scifact,0,141,20,40,1.0,1.0,0,0.6
scifact,0,141,50,100,1.0,1.0,0,0.75
scifact,0,141,100,200,1.0,1.0,0,0.95
scifact,0,141,200,400,1.0,1.0,1,1.0
scifact,0,141,500,1000,1.0,1.0,1,1.0
scifact,0,141,1000,2000,1.0,1.0,1,1.0
scifact,0,141,2000,3166,1.0,1.0,1,1.0
scifact,0,141,5000,6166,1.0,1.0,1,1.0
scifact,0,142,10,20,1.0,1.0,0,0.7
scifact,0,142,20,40,1.0,1.0,0,0.7
scifact,0,142,50,100,1.0,1.0,0,0.85
scifact,0,142,100,200,1.0,1.0,0,0.85
scifact,0,142,200,400,1.0,1.0,1,1.0
scifact,0,142,500,1000,1.0,1.0,1,1.0
scifact,0,142,1000,2000,1.0,1.0,1,1.0
scifact,0,142,2000,4000,1.0,1.0,1,1.0
scifact,0,142,5000,9362,1.0,1.0,1,1.0
scifact,0,143,10,20,1.0,1.0,0,0.6
scifact,0,143,20,40,1.0,1.0,0,0.6
scifact,0,143,50,100,1.0,1.0,0,0.7
scifact,0,143,100,200,1.0,1.0,0,0.85
scifact,0,143,200,400,1.0,1.0,1,1.0
scifact,0,143,500,1000,1.0,1.0,1,1.0
scifact,0,143,1000,2000,1.0,1.0,1,1.0
scifact,0,143,2000,4000,1.0,1.0,1,1.0
scifact,0,143,5000,9212,1.0,1.0,1,1.0
scifact,0,146,10,20,1.0,1.0,0,0.7
scifact,0,146,20,40,1.0,1.0,0,0.75
scifact,0,146,50,100,1.0,1.0,0,0.85
scifact,0,146,100,200,1.0,1.0,0,0.8
scifact,0,146,200,400,1.0,1.0,1,1.0
scifact,0,146,500,1000,1.0,1.0,1,1.0
scifact,0,146,1000,2000,1.0,1.0,1,1.0
scifact,0,146,2000,4000,1.0,1.0,1,1.0
scifact,0,146,5000,9442,1.0,1.0,1,1.0
scifact,0,148,10,20,1.0,1.0,0,0.6
scifact,0,148,20,40,1.0,1.0,0,0.75
scifact,0,148,50,100,1.0,1.0,0,0.85
scifact,0,148,100,200,1.0,1.0,1,1.0
scifact,0,148,200,400,1.0,1.0,1,1.0
scifact,0,148,500,1000,1.0,1.0,1,1.0
scifact,0,148,1000,2000,1.0,1.0,1,1.0
scifact,0,148,2000,3216,1.0,1.0,1,1.0
scifact,0,148,5000,6216,1.0,1.0,1,1.0
scifact,0,163,10,20,1.0,1.0,0,0.55
scifact,0,163,20,40,1.0,1.0,0,0.7
scifact,0,163,50,100,1.0,1.0,0,0.85
scifact,0,163,100,200,1.0,1.0,0,0.95
scifact,0,163,200,400,1.0,1.0,1,1.0
scifact,0,163,500,1000,1.0,1.0,1,1.0
scifact,0,163,1000,2000,1.0,1.0,1,1.0
scifact,0,163,2000,4000,1.0,1.0,1,1.0
scifact,0,163,5000,7204,1.0,1.0,1,1.0
scifact,0,171,10,20,1.0,1.0,0,0.55
scifact,0,171,20,40,1.0,1.0,0,0.75
scifact,0,171,50,100,1.0,1.0,0,0.85
scifact,0,171,100,200,1.0,1.0,0,0.85
scifact,0,171,200,400,1.0,1.0,0,0.9
scifact,0,171,500,1000,1.0,1.0,0,0.9
scifact,0,171,1000,2000,1.0,1.0,0,0.95
scifact,0,171,2000,4000,1.0,1.0,0,1.0
scifact,0,171,5000,7981,1.0,1.0,1,1.0
scifact,0,179,10,20,0.8773497378596238,0.7598336331031966,0,0.65
scifact,0,179,20,40,0.7598336331031966,0.7598336331031966,0,0.9
scifact,0,179,50,100,0.7598336331031966,0.7598336331031966,1,1.0
scifact,0,179,100,200,0.7598336331031966,0.7598336331031966,1,1.0
scifact,0,179,200,400,0.7598336331031966,0.7598336331031966,1,1.0
scifact,0,179,500,1000,0.7598336331031966,0.7598336331031966,1,1.0
scifact,0,179,1000,2000,0.7598336331031966,0.7598336331031966,1,1.0
scifact,0,179,2000,4000,0.7598336331031966,0.7598336331031966,1,1.0
scifact,0,179,5000,7466,0.7598336331031966,0.7598336331031966,1,1.0
scifact,0,180,10,20,1.0,1.0,0,0.55
scifact,0,180,20,40,1.0,1.0,0,0.55
scifact,0,180,50,100,1.0,1.0,0,0.65
scifact,0,180,100,200,1.0,1.0,0,0.65
scifact,0,180,200,400,1.0,1.0,1,1.0
scifact,0,180,500,1000,1.0,1.0,1,1.0
scifact,0,180,1000,2000,1.0,1.0,1,1.0
scifact,0,180,2000,4000,1.0,1.0,1,1.0
scifact,0,180,5000,9256,1.0,1.0,1,1.0
scifact,0,183,10,20,1.0,1.0,0,0.6
scifact,0,183,20,40,1.0,1.0,0,0.75
scifact,0,183,50,100,1.0,1.0,0,0.9
scifact,0,183,100,200,1.0,1.0,1,1.0
scifact,0,183,200,400,1.0,1.0,1,1.0
scifact,0,183,500,1000,1.0,1.0,1,1.0
scifact,0,183,1000,2000,1.0,1.0,1,1.0
scifact,0,183,2000,4000,1.0,1.0,1,1.0
scifact,0,183,5000,8045,1.0,1.0,1,1.0
scifact,0,185,10,20,1.0,1.0,0,0.6
scifact,0,185,20,40,1.0,1.0,0,0.7
scifact,0,185,50,100,1.0,1.0,0,0.85
scifact,0,185,100,200,1.0,1.0,1,1.0
scifact,0,185,200,400,1.0,1.0,1,1.0
scifact,0,185,500,1000,1.0,1.0,1,1.0
scifact,0,185,1000,2000,1.0,1.0,1,1.0
scifact,0,185,2000,4000,1.0,1.0,1,1.0
scifact,0,185,5000,8312,1.0,1.0,1,1.0
scifact,0,198,10,20,0.43067655807339306,1.0,0,0.8
scifact,0,198,20,40,0.43067655807339306,1.0,0,0.8
scifact,0,198,50,100,1.0,1.0,0,0.8
scifact,0,198,100,200,1.0,1.0,0,0.8
scifact,0,198,200,400,1.0,1.0,0,0.9
scifact,0,198,500,1000,1.0,1.0,0,0.9
scifact,0,198,1000,1665,1.0,1.0,0,1.0
scifact,0,198,2000,2665,1.0,1.0,0,1.0
scifact,0,198,5000,5665,1.0,1.0,1,1.0
scifact,0,208,10,20,1.0,1.0,0,0.6
scifact,0,208,20,40,1.0,1.0,0,0.7
scifact,0,208,50,100,1.0,1.0,0,0.95
scifact,0,208,100,200,1.0,1.0,1,1.0
scifact,0,208,200,400,1.0,1.0,1,1.0
scifact,0,208,500,1000,1.0,1.0,1,1.0
scifact,0,208,1000,2000,1.0,1.0,1,1.0
scifact,0,208,2000,4000,1.0,1.0,1,1.0
scifact,0,208,5000,7044,1.0,1.0,1,1.0
scifact,0,212,10,20,0.0,0.3010299956639812,0,0.6
scifact,0,212,20,40,0.3010299956639812,0.3010299956639812,0,0.75
scifact,0,212,50,100,0.3010299956639812,0.3010299956639812,0,0.85
scifact,0,212,100,200,0.3010299956639812,0.3010299956639812,0,0.95
scifact,0,212,200,400,0.3010299956639812,0.3010299956639812,1,1.0
scifact,0,212,500,1000,0.3010299956639812,0.3010299956639812,1,1.0
scifact,0,212,1000,2000,0.3010299956639812,0.3010299956639812,1,1.0
scifact,0,212,2000,4000,0.3010299956639812,0.3010299956639812,1,1.0
scifact,0,212,5000,7240,0.3010299956639812,0.3010299956639812,1,1.0
scifact,0,213,10,20,0.38685280723454163,0.38685280723454163,0,0.45
scifact,0,213,20,40,0.38685280723454163,0.38685280723454163,0,0.75
scifact,0,213,50,100,0.38685280723454163,0.38685280723454163,0,0.95
scifact,0,213,100,200,0.38685280723454163,0.38685280723454163,1,1.0
scifact,0,213,200,400,0.38685280723454163,0.38685280723454163,1,1.0
scifact,0,213,500,1000,0.38685280723454163,0.38685280723454163,1,1.0
scifact,0,213,1000,2000,0.38685280723454163,0.38685280723454163,1,1.0
scifact,0,213,2000,3294,0.38685280723454163,0.38685280723454163,1,1.0
scifact,0,213,5000,6294,0.38685280723454163,0.38685280723454163,1,1.0
scifact,0,216,10,20,1.0,1.0,0,0.55
scifact,0,216,20,40,1.0,1.0,0,0.6
scifact,0,216,50,100,1.0,1.0,0,0.8
scifact,0,216,100,200,1.0,1.0,0,0.7
scifact,0,216,200,400,1.0,1.0,0,0.95
scifact,0,216,500,1000,1.0,1.0,1,1.0
scifact,0,216,1000,2000,1.0,1.0,1,1.0
scifact,0,216,2000,4000,1.0,1.0,1,1.0
scifact,0,216,5000,7890,1.0,1.0,1,1.0
scifact,0,217,10,20,1.0,1.0,0,0.55
scifact,0,217,20,40,1.0,1.0,0,0.55
scifact,0,217,50,100,1.0,1.0,0,0.75
scifact,0,217,100,200,1.0,1.0,0,0.85
scifact,0,217,200,400,1.0,1.0,0,0.9
scifact,0,217,500,1000,1.0,1.0,1,1.0
scifact,0,217,1000,2000,1.0,1.0,1,1.0
scifact,0,217,2000,4000,1.0,1.0,1,1.0
scifact,0,217,5000,7954,1.0,1.0,1,1.0
scifact,0,218,10,20,1.0,1.0,0,0.65
scifact,0,218,20,40,1.0,1.0,0,0.75
scifact,0,218,50,100,1.0,1.0,0,0.85
scifact,0,218,100,200,1.0,1.0,1,1.0
scifact,0,218,200,400,1.0,1.0,1,1.0
scifact,0,218,500,1000,1.0,1.0,1,1.0
scifact,0,218,1000,2000,1.0,1.0,1,1.0
scifact,0,218,2000,4000,1.0,1.0,1,1.0
scifact,0,218,5000,7831,1.0,1.0,1,1.0
scifact,0,219,10,20,1.0,1.0,0,0.65
scifact,0,219,20,40,1.0,1.0,0,0.8
scifact,0,219,50,100,1.0,1.0,0,0.9
scifact,0,219,100,200,1.0,1.0,1,1.0
scifact,0,219,200,400,1.0,1.0,1,1.0
scifact,0,219,500,1000,1.0,1.0,1,1.0
scifact,0,219,1000,2000,1.0,1.0,1,1.0
scifact,0,219,2000,4000,1.0,1.0,1,1.0
scifact,0,219,5000,7696,1.0,1.0,1,1.0
scifact,0,230,10,20,1.0,1.0,0,0.65
scifact,0,230,20,40,1.0,1.0,0,0.7
scifact,0,230,50,100,1.0,1.0,0,0.9
scifact,0,230,100,200,1.0,1.0,0,0.95
scifact,0,230,200,400,1.0,1.0,1,1.0
scifact,0,230,500,1000,1.0,1.0,1,1.0
scifact,0,230,1000,2000,1.0,1.0,1,1.0
scifact,0,230,2000,3584,1.0,1.0,1,1.0
scifact,0,230,5000,6584,1.0,1.0,1,1.0
scifact,0,232,10,20,0.6309297535714575,0.6309297535714575,0,0.6
scifact,0,232,20,40,0.6309297535714575,0.6309297535714575,0,0.8
scifact,0,232,50,100,0.6309297535714575,0.6309297535714575,0,0.8
scifact,0,232,100,200,0.6309297535714575,0.6309297535714575,0,0.85
scifact,0,232,200,400,0.6309297535714575,0.6309297535714575,0,0.8
scifact,0,232,500,1000,0.6309297535714575,0.6309297535714575,0,0.9
scifact,0,232,1000,2000,0.6309297535714575,0.6309297535714575,0,0.95
scifact,0,232,2000,3188,0.6309297535714575,0.6309297535714575,1,1.0
scifact,0,232,5000,6188,0.6309297535714575,0.6309297535714575,1,1.0
scifact,0,233,10,20,1.0,1.0,0,0.6
scifact,0,233,20,40,1.0,1.0,0,0.65
scifact,0,233,50,100,1.0,1.0,0,0.85
scifact,0,233,100,200,1.0,1.0,0,0.8
scifact,0,233,200,400,1.0,1.0,1,1.0
scifact,0,233,500,1000,1.0,1.0,1,1.0
scifact,0,233,1000,2000,1.0,1.0,1,1.0
scifact,0,233,2000,4000,1.0,1.0,1,1.0
scifact,0,233,5000,8404,1.0,1.0,1,1.0
scifact,0,236,10,20,1.0,1.0,0,0.65
scifact,0,236,20,40,1.0,1.0,0,0.65
scifact,0,236,50,100,1.0,1.0,0,0.8
scifact,0,236,100,200,1.0,1.0,0,0.85
scifact,0,236,200,400,1.0,1.0,1,1.0
scifact,0,236,500,1000,1.0,1.0,1,1.0
scifact,0,236,1000,2000,1.0,1.0,1,1.0
scifact,0,236,2000,4000,1.0,1.0,1,1.0
scifact,0,236,5000,8336,1.0,1.0,1,1.0
scifact,0,237,10,20,1.0,1.0,0,0.6
scifact,0,237,20,40,1.0,1.0,0,0.7
scifact,0,237,50,100,1.0,1.0,0,0.9
scifact,0,237,100,200,1.0,1.0,0,0.95
scifact,0,237,200,400,1.0,1.0,1,1.0
scifact,0,237,500,1000,1.0,1.0,1,1.0
scifact,0,237,1000,2000,1.0,1.0,1,1.0
scifact,0,237,2000,4000,1.0,1.0,1,1.0
scifact,0,237,5000,8763,1.0,1.0,1,1.0
scifact,0,238,10,20,0.0,0.43067655807339306,0,0.65
scifact,0,238,20,40,0.5,0.43067655807339306,0,0.7
scifact,0,238,50,100,0.43067655807339306,0.43067655807339306,0,0.9
scifact,0,238,100,200,0.43067655807339306,0.43067655807339306,1,1.0
scifact,0,238,200,400,0.43067655807339306,0.43067655807339306,1,1.0
scifact,0,238,500,1000,0.43067655807339306,0.43067655807339306,1,1.0
scifact,0,238,1000,2000,0.43067655807339306,0.43067655807339306,1,1.0
scifact,0,238,2000,4000,0.43067655807339306,0.43067655807339306,1,1.0
scifact,0,238,5000,8824,0.43067655807339306,0.43067655807339306,1,1.0
scifact,0,239,10,20,0.5,1.0,0,0.55
scifact,0,239,20,40,0.5,1.0,0,0.55
scifact,0,239,50,100,1.0,1.0,0,0.6
scifact,0,239,100,200,1.0,1.0,0,0.8
scifact,0,239,200,400,1.0,1.0,0,0.95
scifact,0,239,500,1000,1.0,1.0,1,1.0
scifact,0,239,1000,2000,1.0,1.0,1,1.0
scifact,0,239,2000,3839,1.0,1.0,1,1.0
scifact,0,239,5000,6839,1.0,1.0,1,1.0
scifact,0,248,10,20,1.0,1.0,0,0.45
scifact,0,248,20,40,1.0,1.0,0,0.55
scifact,0,248,50,100,1.0,1.0,0,0.6
scifact,0,248,100,200,1.0,1.0,0,0.9
scifact,0,248,200,400,1.0,1.0,1,1.0
scifact,0,248,500,1000,1.0,1.0,1,1.0
scifact,0,248,1000,2000,1.0,1.0,1,1.0
scifact,0,248,2000,4000,1.0,1.0,1,1.0
scifact,0,248,5000,7560,1.0,1.0,1,1.0
scifact,0,249,10,20,1.0,1.0,0,0.5
scifact,0,249,20,40,1.0,1.0,0,0.6
scifact,0,249,50,100,1.0,1.0,0,0.75
scifact,0,249,100,200,1.0,1.0,0,0.85
scifact,0,249,200,400,1.0,1.0,1,1.0
scifact,0,249,500,1000,1.0,1.0,1,1.0
scifact,0,249,1000,2000,1.0,1.0,1,1.0
scifact,0,249,2000,4000,1.0,1.0,1,1.0
scifact,0,249,5000,7093,1.0,1.0,1,1.0
scifact,0,261,10,20,0.44130740935663865,0.46845052016107697,0,0.7
scifact,0,261,20,40,0.46845052016107697,0.46845052016107697,0,0.9
scifact,0,261,50,100,0.46845052016107697,0.46845052016107697,0,0.9
scifact,0,261,100,200,0.46845052016107697,0.46845052016107697,1,1.0
scifact,0,261,200,400,0.46845052016107697,0.46845052016107697,1,1.0
scifact,0,261,500,1000,0.46845052016107697,0.46845052016107697,1,1.0
scifact,0,261,1000,2000,0.46845052016107697,0.46845052016107697,1,1.0
scifact,0,261,2000,4000,0.46845052016107697,0.46845052016107697,1,1.0
scifact,0,261,5000,8214,0.46845052016107697,0.46845052016107697,1,1.0
scifact,0,268,10,20,1.0,1.0,0,0.65
scifact,0,268,20,40,1.0,1.0,0,0.7
scifact,0,268,50,100,1.0,1.0,0,0.9
scifact,0,268,100,200,1.0,1.0,1,1.0
scifact,0,268,200,400,1.0,1.0,1,1.0
scifact,0,268,500,1000,1.0,1.0,1,1.0
scifact,0,268,1000,2000,1.0,1.0,1,1.0
scifact,0,268,2000,3807,1.0,1.0,1,1.0
scifact,0,268,5000,6807,1.0,1.0,1,1.0
scifact,0,269,10,20,1.0,1.0,0,0.6
scifact,0,269,20,40,1.0,1.0,0,0.75
scifact,0,269,50,100,1.0,1.0,0,0.85
scifact,0,269,100,200,1.0,1.0,1,1.0
scifact,0,269,200,400,1.0,1.0,1,1.0
scifact,0,269,500,1000,1.0,1.0,1,1.0
scifact,0,269,1000,2000,1.0,1.0,1,1.0
scifact,0,269,2000,3198,1.0,1.0,1,1.0
scifact,0,269,5000,6198,1.0,1.0,1,1.0
scifact,0,274,10,20,1.0,1.0,0,0.5
scifact,0,274,20,40,1.0,1.0,0,0.7
scifact,0,274,50,100,1.0,1.0,0,0.75
scifact,0,274,100,200,1.0,1.0,0,0.9
scifact,0,274,200,400,1.0,1.0,1,1.0
scifact,0,274,500,1000,1.0,1.0,1,1.0
scifact,0,274,1000,2000,1.0,1.0,1,1.0
scifact,0,274,2000,4000,1.0,1.0,1,1.0
scifact,0,274,5000,8128,1.0,1.0,1,1.0
scifact,0,275,10,20,0.617319681505689,0.6257049680303419,0,0.65
scifact,0,275,20,40,0.6257049680303419,0.6257049680303419,0,0.85
scifact,0,275,50,100,0.6257049680303419,0.6257049680303419,0,0.9
scifact,0,275,100,200,0.6257049680303419,0.6257049680303419,1,1.0
scifact,0,275,200,400,0.6257049680303419,0.6257049680303419,1,1.0
scifact,0,275,500,1000,0.6257049680303419,0.6257049680303419,1,1.0
scifact,0,275,1000,2000,0.6257049680303419,0.6257049680303419,1,1.0
scifact,0,275,2000,4000,0.6257049680303419,0.6257049680303419,1,1.0
scifact,0,275,5000,8538,0.6257049680303419,0.6257049680303419,1,1.0
scifact,0,279,10,20,1.0,1.0,0,0.45
scifact,0,279,20,40,1.0,1.0,0,0.5
scifact,0,279,50,100,1.0,1.0,0,0.8
scifact,0,279,100,200,1.0,1.0,1,1.0
scifact,0,279,200,400,1.0,1.0,1,1.0
scifact,0,279,500,1000,1.0,1.0,1,1.0
scifact,0,279,1000,2000,1.0,1.0,1,1.0
scifact,0,279,2000,3098,1.0,1.0,1,1.0
scifact,0,279,5000,6098,1.0,1.0,1,1.0
scifact,0,294,10,20,1.0,1.0,0,0.65
scifact,0,294,20,40,1.0,1.0,0,0.75
scifact,0,294,50,100,1.0,1.0,0,0.8
scifact,0,294,100,200,1.0,1.0,1,1.0
scifact,0,294,200,400,1.0,1.0,1,1.0
scifact,0,294,500,1000,1.0,1.0,1,1.0
scifact,0,294,1000,2000,1.0,1.0,1,1.0
scifact,0,294,2000,4000,1.0,1.0,1,1.0
scifact,0,294,5000,7594,1.0,1.0,1,1.0
scifact,0,295,10,20,0.43067655807339306,0.43067655807339306,0,0.75
scifact,0,295,20,40,0.43067655807339306,0.43067655807339306,0,0.85
scifact,0,295,50,100,0.43067655807339306,0.43067655807339306,1,1.0
scifact,0,295,100,200,0.43067655807339306,0.43067655807339306,1,1.0
scifact,0,295,200,400,0.43067655807339306,0.43067655807339306,1,1.0
scifact,0,295,500,1000,0.43067655807339306,0.43067655807339306,1,1.0
scifact,0,295,1000,2000,0.43067655807339306,0.43067655807339306,1,1.0
scifact,0,295,2000,4000,0.43067655807339306,0.43067655807339306,1,1.0
scifact,0,295,5000,9019,0.43067655807339306,0.43067655807339306,1,1.0
scifact,0,298,10,20,1.0,1.0,0,0.65
scifact,0,298,20,40,1.0,1.0,0,0.65
scifact,0,298,50,100,1.0,1.0,0,0.85
scifact,0,298,100,200,1.0,1.0,0,0.9
scifact,0,298,200,400,1.0,1.0,0,0.95
scifact,0,298,500,1000,1.0,1.0,1,1.0
scifact,0,298,1000,2000,1.0,1.0,1,1.0
scifact,0,298,2000,4000,1.0,1.0,1,1.0
scifact,0,298,5000,8492,1.0,1.0,1,1.0
scifact,0,3,10,20,0.5,0.5,0,0.55
scifact,0,3,20,40,0.5,0.5,0,0.6
scifact,0,3,50,100,0.5,0.5,0,0.95
scifact,0,3,100,200,0.5,0.5,1,1.0
scifact,0,3,200,400,0.5,0.5,1,1.0
scifact,0,3,500,1000,0.5,0.5,1,1.0
scifact,0,3,1000,2000,0.5,0.5,1,1.0
scifact,0,3,2000,4000,0.5,0.5,1,1.0
scifact,0,3,5000,8405,0.5,0.5,1,1.0
scifact,0,300,10,20,0.6309297535714575,0.6309297535714575,0,0.7
scifact,0,300,20,40,0.6309297535714575,0.6309297535714575,0,0.85
scifact,0,300,50,100,0.6309297535714575,0.6309297535714575,0,0.85
scifact,0,300,100,200,0.6309297535714575,0.6309297535714575,0,0.85
scifact,0,300,200,400,0.6309297535714575,0.6309297535714575,0,0.95
scifact,0,300,500,1000,0.6309297535714575,0.6309297535714575,1,1.0
scifact,0,300,1000,2000,0.6309297535714575,0.6309297535714575,1,1.0
scifact,0,300,2000,4000,0.6309297535714575,0.6309297535714575,1,1.0
scifact,0,300,5000,7901,0.6309297535714575,0.6309297535714575,1,1.0
scifact,0,303,10,20,0.0,0.0,0,0.45
scifact,0,303,20,40,0.0,0.0,0,0.5
scifact,0,303,50,100,0.0,0.0,0,0.85
scifact,0,303,100,200,0.0,0.0,1,1.0
scifact,0,303,200,400,0.0,0.0,1,1.0
scifact,0,303,500,1000,0.0,0.0,1,1.0
scifact,0,303,1000,2000,0.0,0.0,1,1.0
scifact,0,303,2000,4000,0.0,0.0,1,1.0
scifact,0,303,5000,7844,0.0,0.0,1,1.0
scifact,0,312,10,20,0.2890648263178879,0.3562071871080222,0,0.65
scifact,0,312,20,40,0.2890648263178879,0.3562071871080222,0,0.7
scifact,0,312,50,100,0.3562071871080222,0.3562071871080222,0,0.75
scifact,0,312,100,200,0.3562071871080222,0.3562071871080222,0,0.85
scifact,0,312,200,400,0.3562071871080222,0.3562071871080222,0,0.95
scifact,0,312,500,1000,0.3562071871080222,0.3562071871080222,1,1.0
scifact,0,312,1000,2000,0.3562071871080222,0.3562071871080222,1,1.0
scifact,0,312,2000,4000,0.3562071871080222,0.3562071871080222,1,1.0
scifact,0,312,5000,8732,0.3562071871080222,0.3562071871080222,1,1.0
scifact,0,314,10,20,0.38685280723454163,0.3333333333333333,0,0.55
scifact,0,314,20,40,0.3333333333333333,0.3333333333333333,0,0.6
scifact,0,314,50,100,0.3333333333333333,0.3333333333333333,0,0.75
scifact,0,314,100,200,0.3333333333333333,0.3333333333333333,0,0.95
scifact,0,314,200,400,0.3333333333333333,0.3333333333333333,1,1.0
scifact,0,314,500,1000,0.3333333333333333,0.3333333333333333,1,1.0
scifact,0,314,1000,2000,0.3333333333333333,0.3333333333333333,1,1.0
scifact,0,314,2000,4000,0.3333333333333333,0.3333333333333333,1,1.0
scifact,0,314,5000,8206,0.3333333333333333,0.3333333333333333,1,1.0
scifact,0,324,10,20,0.3562071871080222,0.3333333333333333,0,0.7
scifact,0,324,20,40,0.3333333333333333,0.3333333333333333,0,0.7
scifact,0,324,50,100,0.31546487678572877,0.3333333333333333,0,0.75
scifact,0,324,100,200,0.0,0.3333333333333333,0,0.85
scifact,0,324,200,400,0.3333333333333333,0.3333333333333333,0,0.85
scifact,0,324,500,1000,0.3333333333333333,0.3333333333333333,0,0.8
scifact,0,324,1000,2000,0.3333333333333333,0.3333333333333333,1,1.0
scifact,0,324,2000,3914,0.3333333333333333,0.3333333333333333,1,1.0
scifact,0,324,5000,6914,0.3333333333333333,0.3333333333333333,1,1.0
scifact,0,327,10,20,1.0,1.0,0,0.5
scifact,0,327,20,40,1.0,1.0,0,0.55
scifact,0,327,50,100,1.0,1.0,0,0.6
scifact,0,327,100,200,1.0,1.0,0,0.85
scifact,0,327,200,400,1.0,1.0,0,0.95
scifact,0,327,500,1000,1.0,1.0,1,1.0
scifact,0,327,1000,2000,1.0,1.0,1,1.0
scifact,0,327,2000,4000,1.0,1.0,1,1.0
scifact,0,327,5000,7910,1.0,1.0,1,1.0
scifact,0,338,10,20,1.0,1.0,0,0.5
scifact,0,338,20,40,1.0,1.0,0,0.65
scifact,0,338,50,100,1.0,1.0,0,0.85
scifact,0,338,100,200,1.0,1.0,1,1.0
scifact,0,338,200,400,1.0,1.0,1,1.0
scifact,0,338,500,1000,1.0,1.0,1,1.0
scifact,0,338,1000,2000,1.0,1.0,1,1.0
scifact,0,338,2000,3192,1.0,1.0,1,1.0
scifact,0,338,5000,6192,1.0,1.0,1,1.0
scifact,0,343,10,20,0.9197207891481876,0.9197207891481876,0,0.75
scifact,0,343,20,40,0.9197207891481876,0.9197207891481876,0,0.9
scifact,0,343,50,100,0.9197207891481876,0.9197207891481876,0,0.8
scifact,0,343,100,200,0.9197207891481876,0.9197207891481876,1,1.0
scifact,0,343,200,400,0.9197207891481876,0.9197207891481876,1,1.0
scifact,0,343,500,1000,0.9197207891481876,0.9197207891481876,1,1.0
scifact,0,343,1000,2000,0.9197207891481876,0.9197207891481876,1,1.0
scifact,0,343,2000,4000,0.9197207891481876,0.9197207891481876,1,1.0
scifact,0,343,5000,8231,0.9197207891481876,0.9197207891481876,1,1.0
scifact,0,350,10,20,1.0,1.0,0,0.65
scifact,0,350,20,40,1.0,1.0,0,0.75
scifact,0,350,50,100,1.0,1.0,0,0.85
scifact,0,350,100,200,1.0,1.0,1,1.0
scifact,0,350,200,400,1.0,1.0,1,1.0
scifact,0,350,500,1000,1.0,1.0,1,1.0
scifact,0,350,1000,2000,1.0,1.0,1,1.0
scifact,0,350,2000,4000,1.0,1.0,1,1.0
scifact,0,350,5000,8185,1.0,1.0,1,1.0
scifact,0,354,10,20,1.0,1.0,0,0.55
scifact,0,354,20,40,1.0,1.0,0,0.6
scifact,0,354,50,100,1.0,1.0,0,0.7
scifact,0,354,100,200,1.0,1.0,0,0.85
scifact,0,354,200,400,1.0,1.0,0,0.95
scifact,0,354,500,1000,1.0,1.0,1,1.0
scifact,0,354,1000,2000,1.0,1.0,1,1.0
scifact,0,354,2000,4000,1.0,1.0,1,1.0
scifact,0,354,5000,7853,1.0,1.0,1,1.0
scifact,0,36,10,20,0.21840743681816419,0.21840743681816419,0,0.55
scifact,0,36,20,40,0.21840743681816419,0.21840743681816419,0,0.85
scifact,0,36,50,100,0.21840743681816419,0.21840743681816419,1,1.0
scifact,0,36,100,200,0.21840743681816419,0.21840743681816419,1,1.0
scifact,0,36,200,400,0.21840743681816419,0.21840743681816419,1,1.0
scifact,0,36,500,1000,0.21840743681816419,0.21840743681816419,1,1.0
scifact,0,36,1000,2000,0.21840743681816419,0.21840743681816419,1,1.0
scifact,0,36,2000,4000,0.21840743681816419,0.21840743681816419,1,1.0
scifact,0,36,5000,7512,0.21840743681816419,0.21840743681816419,1,1.0
scifact,0,362,10,20,1.0,1.0,0,0.65
scifact,0,362,20,40,1.0,1.0,0,0.75
scifact,0,362,50,100,1.0,1.0,0,0.85
scifact,0,362,100,200,1.0,1.0,0,0.9
scifact,0,362,200,400,1.0,1.0,0,0.9
scifact,0,362,500,1000,1.0,1.0,1,1.0
scifact,0,362,1000,2000,1.0,1.0,1,1.0
scifact,0,362,2000,4000,1.0,1.0,1,1.0
scifact,0,362,5000,9405,1.0,1.0,1,1.0
scifact,0,380,10,20,1.0,1.0,0,0.5
scifact,0,380,20,40,1.0,1.0,0,0.6
scifact,0,380,50,100,1.0,1.0,0,0.9
scifact,0,380,100,200,1.0,1.0,0,0.95
scifact,0,380,200,400,1.0,1.0,1,1.0
scifact,0,380,500,1000,1.0,1.0,1,1.0
scifact,0,380,1000,2000,1.0,1.0,1,1.0
scifact,0,380,2000,4000,1.0,1.0,1,1.0
scifact,0,380,5000,7776,1.0,1.0,1,1.0
scifact,0,384,10,20,0.5,0.3562071871080222,0,0.65
scifact,0,384,20,40,0.3562071871080222,0.3562071871080222,0,0.7
scifact,0,384,50,100,0.3562071871080222,0.3562071871080222,0,0.85
scifact,0,384,100,200,0.3562071871080222,0.3562071871080222,1,1.0
scifact,0,384,200,400,0.3562071871080222,0.3562071871080222,1,1.0
scifact,0,384,500,1000,0.3562071871080222,0.3562071871080222,1,1.0
scifact,0,384,1000,2000,0.3562071871080222,0.3562071871080222,1,1.0
scifact,0,384,2000,4000,0.3562071871080222,0.3562071871080222,1,1.0
scifact,0,384,5000,8681,0.3562071871080222,0.3562071871080222,1,1.0
scifact,0,385,10,20,0.6934264036172708,0.6934264036172708,0,0.7
scifact,0,385,20,40,0.6934264036172708,0.6934264036172708,0,0.75
scifact,0,385,50,100,0.6934264036172708,0.6934264036172708,0,0.85
scifact,0,385,100,200,0.6934264036172708,0.6934264036172708,0,0.85
scifact,0,385,200,400,0.6934264036172708,0.6934264036172708,0,0.95
scifact,0,385,500,1000,0.6934264036172708,0.6934264036172708,1,1.0
scifact,0,385,1000,2000,0.6934264036172708,0.6934264036172708,1,1.0
scifact,0,385,2000,4000,0.6934264036172708,0.6934264036172708,1,1.0
scifact,0,385,5000,8158,0.6934264036172708,0.6934264036172708,1,1.0
scifact,0,386,10,20,1.0,1.0,0,0.55
scifact,0,386,20,40,1.0,1.0,0,0.65
scifact,0,386,50,100,1.0,1.0,0,0.8
scifact,0,386,100,200,1.0,1.0,0,0.85
scifact,0,386,200,400,1.0,1.0,0,0.9
scifact,0,386,500,1000,1.0,1.0,1,1.0
scifact,0,386,1000,2000,1.0,1.0,1,1.0
scifact,0,386,2000,4000,1.0,1.0,1,1.0
scifact,0,386,5000,7766,1.0,1.0,1,1.0
scifact,0,388,10,20,0.6309297535714575,0.6309297535714575,0,0.5
scifact,0,388,20,40,0.6309297535714575,0.6309297535714575,0,0.6
scifact,0,388,50,100,0.6309297535714575,0.6309297535714575,0,0.65
scifact,0,388,100,200,0.6309297535714575,0.6309297535714575,0,0.75
scifact,0,388,200,400,0.6309297535714575,0.6309297535714575,1,1.0
scifact,0,388,500,1000,0.6309297535714575,0.6309297535714575,1,1.0
scifact,0,388,1000,2000,0.6309297535714575,0.6309297535714575,1,1.0
scifact,0,388,2000,4000,0.6309297535714575,0.6309297535714575,1,1.0
scifact,0,388,5000,7119,0.6309297535714575,0.6309297535714575,1,1.0
scifact,0,399,10,20,1.0,1.0,0,0.5
scifact,0,399,20,40,1.0,1.0,0,0.65
scifact,0,399,50,100,1.0,1.0,0,0.75
scifact,0,399,100,200,1.0,1.0,0,0.85
scifact,0,399,200,400,1.0,1.0,0,0.95
scifact,0,399,500,1000,1.0,1.0,1,1.0
scifact,0,399,1000,2000,1.0,1.0,1,1.0
scifact,0,399,2000,3153,1.0,1.0,1,1.0
scifact,0,399,5000,6153,1.0,1.0,1,1.0
scifact,0,410,10,20,1.0,1.0,0,0.6
scifact,0,410,20,40,1.0,1.0,0,0.8
scifact,0,410,50,100,1.0,1.0,0,0.9
scifact,0,410,100,200,1.0,1.0,1,1.0
scifact,0,410,200,400,1.0,1.0,1,1.0
scifact,0,410,500,1000,1.0,1.0,1,1.0
scifact,0,410,1000,2000,1.0,1.0,1,1.0
scifact,0,410,2000,4000,1.0,1.0,1,1.0
scifact,0,410,5000,7494,1.0,1.0,1,1.0
scifact,0,411,10,20,1.0,1.0,0,0.6
scifact,0,411,20,40,1.0,1.0,0,0.8
scifact,0,411,50,100,1.0,1.0,0,0.95
scifact,0,411,100,200,1.0,1.0,1,1.0
scifact,0,411,200,400,1.0,1.0,1,1.0
scifact,0,411,500,1000,1.0,1.0,1,1.0
scifact,0,411,1000,2000,1.0,1.0,1,1.0
scifact,0,411,2000,3957,1.0,1.0,1,1.0
scifact,0,411,5000,6957,1.0,1.0,1,1.0
scifact,0,415,10,20,0.38685280723454163,0.38685280723454163,0,0.6
scifact,0,415,20,40,0.38685280723454163,0.38685280723454163,0,0.8
scifact,0,415,50,100,0.38685280723454163,0.38685280723454163,1,1.0
scifact,0,415,100,200,0.38685280723454163,0.38685280723454163,1,1.0
scifact,0,415,200,400,0.38685280723454163,0.38685280723454163,1,1.0
scifact,0,415,500,1000,0.38685280723454163,0.38685280723454163,1,1.0
scifact,0,415,1000,2000,0.38685280723454163,0.38685280723454163,1,1.0
scifact,0,415,2000,4000,0.38685280723454163,0.38685280723454163,1,1.0
scifact,0,415,5000,8202,0.38685280723454163,0.38685280723454163,1,1.0
scifact,0,42,10,20,1.0,1.0,0,0.5
scifact,0,42,20,40,1.0,1.0,0,0.6
scifact,0,42,50,100,1.0,1.0,0,0.65
scifact,0,42,100,200,1.0,1.0,0,0.75
scifact,0,42,200,400,1.0,1.0,0,0.8
scifact,0,42,500,1000,1.0,1.0,0,0.95
scifact,0,42,1000,2000,1.0,1.0,1,1.0
scifact,0,42,2000,4000,1.0,1.0,1,1.0
scifact,0,42,5000,7053,1.0,1.0,1,1.0
scifact,0,421,10,20,0.0,0.0,0,0.65
scifact,0,421,20,40,0.0,0.0,0,0.65
scifact,0,421,50,100,0.0,0.0,0,0.75
scifact,0,421,100,200,0.0,0.0,0,0.85
scifact,0,421,200,400,0.0,0.0,0,0.85
scifact,0,421,500,1000,0.0,0.0,0,0.95
scifact,0,421,1000,2000,0.0,0.0,1,1.0
scifact,0,421,2000,4000,0.0,0.0,1,1.0
scifact,0,421,5000,7071,0.0,0.0,1,1.0
scifact,0,431,10,20,0.0,0.0,0,0.6
scifact,0,431,20,40,0.0,0.0,0,0.75
scifact,0,431,50,100,0.0,0.0,0,0.9
scifact,0,431,100,200,0.0,0.0,0,0.95
scifact,0,431,200,400,0.0,0.0,1,1.0
scifact,0,431,500,1000,0.0,0.0,1,1.0
scifact,0,431,1000,2000,0.0,0.0,1,1.0
scifact,0,431,2000,4000,0.0,0.0,1,1.0
scifact,0,431,5000,7725,0.0,0.0,1,1.0
scifact,0,436,10,20,1.0,1.0,0,0.5
scifact,0,436,20,40,1.0,1.0,0,0.5
scifact,0,436,50,100,1.0,1.0,0,0.85
scifact,0,436,100,200,1.0,1.0,0,0.95
scifact,0,436,200,400,1.0,1.0,1,1.0
scifact,0,436,500,1000,1.0,1.0,1,1.0
scifact,0,436,1000,2000,1.0,1.0,1,1.0
scifact,0,436,2000,4000,1.0,1.0,1,1.0
scifact,0,436,5000,8455,1.0,1.0,1,1.0
scifact,0,437,10,20,0.0,0.0,0,0.55
scifact,0,437,20,40,0.0,0.0,0,0.8
scifact,0,437,50,100,0.0,0.0,0,0.8
scifact,0,437,100,200,0.0,0.0,0,0.85
scifact,0,437,200,400,0.0,0.0,0,0.95
scifact,0,437,500,1000,0.0,0.0,1,1.0
scifact,0,437,1000,2000,0.0,0.0,1,1.0
scifact,0,437,2000,4000,0.0,0.0,1,1.0
scifact,0,437,5000,8287,0.0,0.0,1,1.0
scifact,0,439,10,20,1.0,1.0,0,0.65
scifact,0,439,20,40,1.0,1.0,0,0.75
scifact,0,439,50,100,1.0,1.0,0,0.85
scifact,0,439,100,200,1.0,1.0,1,1.0
scifact,0,439,200,400,1.0,1.0,1,1.0
scifact,0,439,500,1000,1.0,1.0,1,1.0
scifact,0,439,1000,2000,1.0,1.0,1,1.0
scifact,0,439,2000,4000,1.0,1.0,1,1.0
scifact,0,439,5000,8497,1.0,1.0,1,1.0
scifact,0,440,10,20,1.0,1.0,0,0.75
scifact,0,440,20,40,1.0,1.0,0,0.75
scifact,0,440,50,100,1.0,1.0,0,0.9
scifact,0,440,100,200,1.0,1.0,1,1.0
scifact,0,440,200,400,1.0,1.0,1,1.0
scifact,0,440,500,1000,1.0,1.0,1,1.0
scifact,0,440,1000,2000,1.0,1.0,1,1.0
scifact,0,440,2000,4000,1.0,1.0,1,1.0
scifact,0,440,5000,8497,1.0,1.0,1,1.0
scifact,0,443,10,20,1.0,1.0,0,0.7
scifact,0,443,20,40,1.0,1.0,0,0.85
scifact,0,443,50,100,1.0,1.0,1,1.0
scifact,0,443,100,200,1.0,1.0,1,1.0
scifact,0,443,200,400,1.0,1.0,1,1.0
scifact,0,443,500,1000,1.0,1.0,1,1.0
scifact,0,443,1000,2000,1.0,1.0,1,1.0
scifact,0,443,2000,4000,1.0,1.0,1,1.0
scifact,0,443,5000,8809,1.0,1.0,1,1.0
scifact,0,452,10,20,0.18457569677956817,0.0,0,0.5
scifact,0,452,20,40,0.18457569677956817,0.0,0,0.55
scifact,0,452,50,100,0.0,0.0,0,0.55
scifact,0,452,100,200,0.0,0.0,0,0.7
scifact,0,452,200,400,0.0,0.0,0,0.95
scifact,0,452,500,1000,0.0,0.0,1,1.0
scifact,0,452,1000,2000,0.0,0.0,1,1.0
scifact,0,452,2000,4000,0.0,0.0,1,1.0
scifact,0,452,5000,8614,0.0,0.0,1,1.0
scifact,0,475,10,20,0.0,0.3010299956639812,0,0.6
scifact,0,475,20,40,0.3333333333333333,0.3010299956639812,0,0.7
scifact,0,475,50,100,0.3010299956639812,0.3010299956639812,0,0.8
scifact,0,475,100,200,0.3010299956639812,0.3010299956639812,0,0.85
scifact,0,475,200,400,0.3010299956639812,0.3010299956639812,0,0.8
scifact,0,475,500,1000,0.3010299956639812,0.3010299956639812,1,1.0
scifact,0,475,1000,2000,0.3010299956639812,0.3010299956639812,1,1.0
scifact,0,475,2000,4000,0.3010299956639812,0.3010299956639812,1,1.0
scifact,0,475,5000,8424,0.3010299956639812,0.3010299956639812,1,1.0
scifact,0,478,10,20,1.0,1.0,0,0.65
scifact,0,478,20,40,1.0,1.0,0,0.7
scifact,0,478,50,100,1.0,1.0,0,0.8
scifact,0,478,100,200,1.0,1.0,1,1.0
scifact,0,478,200,400,1.0,1.0,1,1.0
scifact,0,478,500,1000,1.0,1.0,1,1.0
scifact,0,478,1000,2000,1.0,1.0,1,1.0
scifact,0,478,2000,4000,1.0,1.0,1,1.0
scifact,0,478,5000,9296,1.0,1.0,1,1.0
scifact,0,48,10,20,1.0,1.0,0,0.55
scifact,0,48,20,40,1.0,1.0,0,0.6
scifact,0,48,50,100,1.0,1.0,0,0.6
scifact,0,48,100,200,1.0,1.0,0,0.7
scifact,0,48,200,400,1.0,1.0,0,0.7
scifact,0,48,500,1000,1.0,1.0,1,1.0
scifact,0,48,1000,2000,1.0,1.0,1,1.0
scifact,0,48,2000,3018,1.0,1.0,1,1.0
scifact,0,48,5000,6018,1.0,1.0,1,1.0
scifact,0,49,10,20,1.0,1.0,0,0.7
scifact,0,49,20,40,1.0,1.0,0,0.85
scifact,0,49,50,100,1.0,1.0,0,0.9
scifact,0,49,100,200,1.0,1.0,1,1.0
scifact,0,49,200,400,1.0,1.0,1,1.0
scifact,0,49,500,1000,1.0,1.0,1,1.0
scifact,0,49,1000,1825,1.0,1.0,1,1.0
scifact,0,49,2000,2825,1.0,1.0,1,1.0
scifact,0,49,5000,5825,1.0,1.0,1,1.0
scifact,0,491,10,20,1.0,1.0,0,0.4
scifact,0,491,20,40,1.0,1.0,0,0.4
scifact,0,491,50,100,1.0,1.0,0,0.7
scifact,0,491,100,200,1.0,1.0,0,0.9
scifact,0,491,200,400,1.0,1.0,0,0.95
scifact,0,491,500,1000,1.0,1.0,1,1.0
scifact,0,491,1000,2000,1.0,1.0,1,1.0
scifact,0,491,2000,4000,1.0,1.0,1,1.0
scifact,0,491,5000,7974,1.0,1.0,1,1.0
scifact,0,5,10,20,1.0,1.0,0,0.7
scifact,0,5,20,40,1.0,1.0,0,0.7
scifact,0,5,50,100,1.0,1.0,0,0.8
scifact,0,5,100,200,1.0,1.0,0,0.85
scifact,0,5,200,400,1.0,1.0,0,0.85
scifact,0,5,500,1000,1.0,1.0,0,0.95
scifact,0,5,1000,2000,1.0,1.0,1,1.0
scifact,0,5,2000,4000,1.0,1.0,1,1.0
scifact,0,5,5000,8083,1.0,1.0,1,1.0
scifact,0,50,10,20,1.0,1.0,0,0.7
scifact,0,50,20,40,1.0,1.0,0,0.9
scifact,0,50,50,100,1.0,1.0,0,0.95
scifact,0,50,100,200,1.0,1.0,1,1.0
scifact,0,50,200,400,1.0,1.0,1,1.0
scifact,0,50,500,1000,1.0,1.0,1,1.0
scifact,0,50,1000,2000,1.0,1.0,1,1.0
scifact,0,50,2000,4000,1.0,1.0,1,1.0
scifact,0,50,5000,7176,1.0,1.0,1,1.0
scifact,0,501,10,20,1.0,1.0,0,0.55
scifact,0,501,20,40,1.0,1.0,0,0.6
scifact,0,501,50,100,1.0,1.0,0,0.8
scifact,0,501,100,200,1.0,1.0,1,1.0
scifact,0,501,200,400,1.0,1.0,1,1.0
scifact,0,501,500,1000,1.0,1.0,1,1.0
scifact,0,501,1000,1760,1.0,1.0,1,1.0
scifact,0,501,2000,2760,1.0,1.0,1,1.0
scifact,0,501,5000,5760,1.0,1.0,1,1.0
scifact,0,502,10,20,0.0,0.0,0,0.5
scifact,0,502,20,40,0.0,0.0,0,0.55
scifact,0,502,50,100,0.0,0.0,0,0.55
scifact,0,502,100,200,0.0,0.0,0,0.65
scifact,0,502,200,400,0.0,0.0,0,0.9
scifact,0,502,500,1000,0.0,0.0,1,1.0
scifact,0,502,1000,2000,0.0,0.0,1,1.0
scifact,0,502,2000,3831,0.0,0.0,1,1.0
scifact,0,502,5000,6831,0.0,0.0,1,1.0
scifact,0,507,10,20,0.6309297535714575,0.6309297535714575,0,0.7
scifact,0,507,20,40,0.6309297535714575,0.6309297535714575,0,0.85
scifact,0,507,50,100,0.6309297535714575,0.6309297535714575,0,0.9
scifact,0,507,100,200,0.6309297535714575,0.6309297535714575,1,1.0
scifact,0,507,200,400,0.6309297535714575,0.6309297535714575,1,1.0
scifact,0,507,500,1000,0.6309297535714575,0.6309297535714575,1,1.0
scifact,0,507,1000,2000,0.6309297535714575,0.6309297535714575,1,1.0
scifact,0,507,2000,4000,0.6309297535714575,0.6309297535714575,1,1.0
scifact,0,507,5000,8535,0.6309297535714575,0.6309297535714575,1,1.0
scifact,0,508,10,20,0.0,0.0,0,0.55
scifact,0,508,20,40,0.0,0.0,0,0.7
scifact,0,508,50,100,0.0,0.0,0,0.85
scifact,0,508,100,200,0.0,0.0,0,0.95
scifact,0,508,200,400,0.0,0.0,1,1.0
scifact,0,508,500,1000,0.0,0.0,1,1.0
scifact,0,508,1000,2000,0.0,0.0,1,1.0
scifact,0,508,2000,4000,0.0,0.0,1,1.0
scifact,0,508,5000,8349,0.0,0.0,1,1.0
scifact,0,51,10,20,1.0,1.0,0,0.5
scifact,0,51,20,40,1.0,1.0,0,0.55
scifact,0,51,50,100,1.0,1.0,0,0.65
scifact,0,51,100,200,1.0,1.0,0,0.9
scifact,0,51,200,400,1.0,1.0,1,1.0
scifact,0,51,500,1000,1.0,1.0,1,1.0
scifact,0,51,1000,2000,1.0,1.0,1,1.0
scifact,0,51,2000,4000,1.0,1.0,1,1.0
scifact,0,51,5000,8258,1.0,1.0,1,1.0
scifact,0,513,10,20,1.0,1.0,0,0.45
scifact,0,513,20,40,1.0,1.0,0,0.45
scifact,0,513,50,100,1.0,1.0,0,0.65
scifact,0,513,100,200,1.0,1.0,0,0.9
scifact,0,513,200,400,1.0,1.0,1,1.0
scifact,0,513,500,1000,1.0,1.0,1,1.0
scifact,0,513,1000,2000,1.0,1.0,1,1.0
scifact,0,513,2000,4000,1.0,1.0,1,1.0
scifact,0,513,5000,7777,1.0,1.0,1,1.0
scifact,0,514,10,20,0.6309297535714575,0.6309297535714575,0,0.75
scifact,0,514,20,40,0.6309297535714575,0.6309297535714575,0,0.9
scifact,0,514,50,100,0.6309297535714575,0.6309297535714575,1,1.0
scifact,0,514,100,200,0.6309297535714575,0.6309297535714575,1,1.0
scifact,0,514,200,400,0.6309297535714575,0.6309297535714575,1,1.0
scifact,0,514,500,1000,0.6309297535714575,0.6309297535714575,1,1.0
scifact,0,514,1000,2000,0.6309297535714575,0.6309297535714575,1,1.0
scifact,0,514,2000,4000,0.6309297535714575,0.6309297535714575,1,1.0
scifact,0,514,5000,7579,0.6309297535714575,0.6309297535714575,1,1.0
scifact,0,516,10,20,1.0,1.0,0,0.7
scifact,0,516,20,40,1.0,1.0,0,0.95
scifact,0,516,50,100,1.0,1.0,1,1.0
scifact,0,516,100,200,1.0,1.0,1,1.0
scifact,0,516,200,400,1.0,1.0,1,1.0
scifact,0,516,500,1000,1.0,1.0,1,1.0
scifact,0,516,1000,2000,1.0,1.0,1,1.0
scifact,0,516,2000,4000,1.0,1.0,1,1.0
scifact,0,516,5000,8082,1.0,1.0,1,1.0
scifact,0,517,10,20,0.38685280723454163,0.43067655807339306,0,0.6
scifact,0,517,20,40,0.43067655807339306,0.43067655807339306,0,0.75
scifact,0,517,50,100,0.43067655807339306,0.43067655807339306,0,0.9
scifact,0,517,100,200,0.43067655807339306,0.43067655807339306,0,0.9
scifact,0,517,200,400,0.43067655807339306,0.43067655807339306,1,1.0
scifact,0,517,500,1000,0.43067655807339306,0.43067655807339306,1,1.0
scifact,0,517,1000,2000,0.43067655807339306,0.43067655807339306,1,1.0
scifact,0,517,2000,4000,0.43067655807339306,0.43067655807339306,1,1.0
scifact,0,517,5000,7417,0.43067655807339306,0.43067655807339306,1,1.0
scifact,0,521,10,20,1.0,1.0,0,0.55
scifact,0,521,20,40,1.0,1.0,0,0.7
scifact,0,521,50,100,1.0,1.0,0,0.85
scifact,0,521,100,200,1.0,1.0,1,1.0
scifact,0,521,200,400,1.0,1.0,1,1.0
scifact,0,521,500,1000,1.0,1.0,1,1.0
scifact,0,521,1000,2000,1.0,1.0,1,1.0
scifact,0,521,2000,4000,1.0,1.0,1,1.0
scifact,0,521,5000,8779,1.0,1.0,1,1.0
scifact,0,525,10,20,1.0,1.0,0,0.6
scifact,0,525,20,40,1.0,1.0,0,0.6
scifact,0,525,50,100,1.0,1.0,0,0.85
scifact,0,525,100,200,1.0,1.0,1,1.0
scifact,0,525,200,400,1.0,1.0,1,1.0
scifact,0,525,500,1000,1.0,1.0,1,1.0
scifact,0,525,1000,2000,1.0,1.0,1,1.0
scifact,0,525,2000,4000,1.0,1.0,1,1.0
scifact,0,525,5000,7816,1.0,1.0,1,1.0
scifact,0,527,10,20,0.6309297535714575,0.6309297535714575,0,0.7
scifact,0,527,20,40,0.6309297535714575,0.6309297535714575,0,0.75
scifact,0,527,50,100,0.6309297535714575,0.6309297535714575,0,0.8
scifact,0,527,100,200,0.6309297535714575,0.6309297535714575,0,0.95
scifact,0,527,200,400,0.6309297535714575,0.6309297535714575,1,1.0
scifact,0,527,500,1000,0.6309297535714575,0.6309297535714575,1,1.0
scifact,0,527,1000,2000,0.6309297535714575,0.6309297535714575,1,1.0
scifact,0,527,2000,4000,0.6309297535714575,0.6309297535714575,1,1.0
scifact,0,527,5000,9443,0.6309297535714575,0.6309297535714575,1,1.0
scifact,0,528,10,20,1.0,1.0,0,0.55
scifact,0,528,20,40,1.0,1.0,0,0.75
scifact,0,528,50,100,1.0,1.0,0,0.85
scifact,0,528,100,200,1.0,1.0,1,1.0
scifact,0,528,200,400,1.0,1.0,1,1.0
scifact,0,528,500,1000,1.0,1.0,1,1.0
scifact,0,528,1000,2000,1.0,1.0,1,1.0
scifact,0,528,2000,4000,1.0,1.0,1,1.0
scifact,0,528,5000,9331,1.0,1.0,1,1.0
scifact,0,53,10,20,1.0,1.0,0,0.5
scifact,0,53,20,40,1.0,1.0,0,0.55
scifact,0,53,50,100,1.0,1.0,0,0.6
scifact,0,53,100,200,1.0,1.0,0,0.7
scifact,0,53,200,400,1.0,1.0,1,1.0
scifact,0,53,500,1000,1.0,1.0,1,1.0
scifact,0,53,1000,2000,1.0,1.0,1,1.0
scifact,0,53,2000,4000,1.0,1.0,1,1.0
scifact,0,53,5000,7978,1.0,1.0,1,1.0
scifact,0,532,10,20,1.0,1.0,0,0.45
scifact,0,532,20,40,1.0,1.0,0,0.5
scifact,0,532,50,100,1.0,1.0,0,0.7
scifact,0,532,100,200,1.0,1.0,0,0.8
scifact,0,532,200,400,1.0,1.0,0,0.9
scifact,0,532,500,1000,1.0,1.0,1,1.0
scifact,0,532,1000,2000,1.0,1.0,1,1.0
scifact,0,532,2000,3078,1.0,1.0,1,1.0
scifact,0,532,5000,6078,1.0,1.0,1,1.0
scifact,0,533,10,20,1.0,1.0,0,0.5
scifact,0,533,20,40,1.0,1.0,0,0.55
scifact,0,533,50,100,1.0,1.0,0,0.7
scifact,0,533,100,200,1.0,1.0,0,0.85
scifact,0,533,200,400,1.0,1.0,1,1.0
scifact,0,533,500,1000,1.0,1.0,1,1.0
scifact,0,533,1000,2000,1.0,1.0,1,1.0
scifact,0,533,2000,3881,1.0,1.0,1,1.0
scifact,0,533,5000,6881,1.0,1.0,1,1.0
scifact,0,535,10,20,0.5,0.0,0,0.6
scifact,0,535,20,40,0.3333333333333333,0.0,0,0.65
scifact,0,535,50,100,0.0,0.0,0,0.85
scifact,0,535,100,200,0.0,0.0,0,0.95
scifact,0,535,200,400,0.0,0.0,1,1.0
scifact,0,535,500,1000,0.0,0.0,1,1.0
scifact,0,535,1000,2000,0.0,0.0,1,1.0
scifact,0,535,2000,4000,0.0,0.0,1,1.0
scifact,0,535,5000,8032,0.0,0.0,1,1.0
scifact,0,536,10,20,1.0,1.0,0,0.3
scifact,0,536,20,40,1.0,1.0,0,0.3
scifact,0,536,50,100,1.0,1.0,0,0.55
scifact,0,536,100,200,1.0,1.0,0,0.95
scifact,0,536,200,400,1.0,1.0,1,1.0
scifact,0,536,500,1000,1.0,1.0,1,1.0
scifact,0,536,1000,2000,1.0,1.0,1,1.0
scifact,0,536,2000,3730,1.0,1.0,1,1.0
scifact,0,536,5000,6730,1.0,1.0,1,1.0
scifact,0,539,10,20,1.0,1.0,0,0.7
scifact,0,539,20,40,1.0,1.0,0,0.8
scifact,0,539,50,100,1.0,1.0,0,0.95
scifact,0,539,100,200,1.0,1.0,1,1.0
scifact,0,539,200,400,1.0,1.0,1,1.0
scifact,0,539,500,1000,1.0,1.0,1,1.0
scifact,0,539,1000,2000,1.0,1.0,1,1.0
scifact,0,539,2000,3880,1.0,1.0,1,1.0
scifact,0,539,5000,6880,1.0,1.0,1,1.0
scifact,0,54,10,20,0.6309297535714575,0.6309297535714575,0,0.6
scifact,0,54,20,40,0.6309297535714575,0.6309297535714575,0,0.95
scifact,0,54,50,100,0.6309297535714575,0.6309297535714575,0,0.95
scifact,0,54,100,200,0.6309297535714575,0.6309297535714575,1,1.0
scifact,0,54,200,400,0.6309297535714575,0.6309297535714575,1,1.0
scifact,0,54,500,1000,0.6309297535714575,0.6309297535714575,1,1.0
scifact,0,54,1000,2000,0.6309297535714575,0.6309297535714575,1,1.0
scifact,0,54,2000,4000,0.6309297535714575,0.6309297535714575,1,1.0
scifact,0,54,5000,8731,0.6309297535714575,0.6309297535714575,1,1.0
scifact,0,540,10,20,0.38685280723454163,0.38685280723454163,0,0.8
scifact,0,540,20,40,0.38685280723454163,0.38685280723454163,0,0.95
scifact,0,540,50,100,0.38685280723454163,0.38685280723454163,0,0.95
scifact,0,540,100,200,0.38685280723454163,0.38685280723454163,1,1.0
scifact,0,540,200,400,0.38685280723454163,0.38685280723454163,1,1.0
scifact,0,540,500,940,0.38685280723454163,0.38685280723454163,1,1.0
scifact,0,540,1000,1440,0.38685280723454163,0.38685280723454163,1,1.0
scifact,0,540,2000,2440,0.38685280723454163,0.38685280723454163,1,1.0
scifact,0,540,5000,5440,0.38685280723454163,0.38685280723454163,1,1.0
scifact,0,544,10,20,1.0,1.0,0,0.65
scifact,0,544,20,40,1.0,1.0,0,0.75
scifact,0,544,50,100,1.0,1.0,0,0.9
scifact,0,544,100,200,1.0,1.0,1,1.0
scifact,0,544,200,400,1.0,1.0,1,1.0
scifact,0,544,500,1000,1.0,1.0,1,1.0
scifact,0,544,1000,1952,1.0,1.0,1,1.0
scifact,0,544,2000,2952,1.0,1.0,1,1.0
scifact,0,544,5000,5952,1.0,1.0,1,1.0
scifact,0,549,10,20,1.0,1.0,0,0.55
scifact,0,549,20,40,1.0,1.0,0,0.6
scifact,0,549,50,100,1.0,1.0,0,0.85
scifact,0,549,100,200,1.0,1.0,0,0.95
scifact,0,549,200,400,1.0,1.0,1,1.0
scifact,0,549,500,1000,1.0,1.0,1,1.0
scifact,0,549,1000,2000,1.0,1.0,1,1.0
scifact,0,549,2000,4000,1.0,1.0,1,1.0
scifact,0,549,5000,7564,1.0,1.0,1,1.0
scifact,0,551,10,20,0.5,0.5,0,0.5
scifact,0,551,20,40,0.5,0.5,0,0.65
scifact,0,551,50,100,0.5,0.5,0,0.9
scifact,0,551,100,200,0.5,0.5,1,1.0
scifact,0,551,200,400,0.5,0.5,1,1.0
scifact,0,551,500,1000,0.5,0.5,1,1.0
scifact,0,551,1000,2000,0.5,0.5,1,1.0
scifact,0,551,2000,4000,0.5,0.5,1,1.0
scifact,0,551,5000,9367,0.5,0.5,1,1.0
scifact,0,552,10,20,1.0,1.0,0,0.65
scifact,0,552,20,40,1.0,1.0,0,0.8
scifact,0,552,50,100,1.0,1.0,0,0.9
scifact,0,552,100,200,1.0,1.0,1,1.0
scifact,0,552,200,400,1.0,1.0,1,1.0
scifact,0,552,500,1000,1.0,1.0,1,1.0
scifact,0,552,1000,2000,1.0,1.0,1,1.0
scifact,0,552,2000,4000,1.0,1.0,1,1.0
scifact,0,552,5000,8768,1.0,1.0,1,1.0
scifact,0,554,10,20,0.0,0.2890648263178879,0,0.65
scifact,0,554,20,40,0.3010299956639812,0.2890648263178879,0,0.7
scifact,0,554,50,100,0.2890648263178879,0.2890648263178879,1,1.0
scifact,0,554,100,200,0.2890648263178879,0.2890648263178879,1,1.0
scifact,0,554,200,400,0.2890648263178879,0.2890648263178879,1,1.0
scifact,0,554,500,1000,0.2890648263178879,0.2890648263178879,1,1.0
scifact,0,554,1000,2000,0.2890648263178879,0.2890648263178879,1,1.0
scifact,0,554,2000,4000,0.2890648263178879,0.2890648263178879,1,1.0
scifact,0,554,5000,8648,0.2890648263178879,0.2890648263178879,1,1.0
scifact,0,56,10,20,1.0,1.0,0,0.6
scifact,0,56,20,40,1.0,1.0,0,0.75
scifact,0,56,50,100,1.0,1.0,0,0.8
scifact,0,56,100,200,1.0,1.0,1,1.0
scifact,0,56,200,400,1.0,1.0,1,1.0
scifact,0,56,500,1000,1.0,1.0,1,1.0
scifact,0,56,1000,2000,1.0,1.0,1,1.0
scifact,0,56,2000,4000,1.0,1.0,1,1.0
scifact,0,56,5000,8372,1.0,1.0,1,1.0
scifact,0,560,10,20,0.0,0.0,0,0.65
scifact,0,560,20,40,0.0,0.0,0,0.8
scifact,0,560,50,100,0.0,0.0,0,0.95
scifact,0,560,100,200,0.0,0.0,0,0.95
scifact,0,560,200,400,0.0,0.0,1,1.0
scifact,0,560,500,1000,0.0,0.0,1,1.0
scifact,0,560,1000,2000,0.0,0.0,1,1.0
scifact,0,560,2000,4000,0.0,0.0,1,1.0
scifact,0,560,5000,9387,0.0,0.0,1,1.0
scifact,0,569,10,20,1.0,1.0,0,0.75
scifact,0,569,20,40,1.0,1.0,0,0.9
scifact,0,569,50,100,1.0,1.0,1,1.0
scifact,0,569,100,200,1.0,1.0,1,1.0
scifact,0,569,200,400,1.0,1.0,1,1.0
scifact,0,569,500,1000,1.0,1.0,1,1.0
scifact,0,569,1000,2000,1.0,1.0,1,1.0
scifact,0,569,2000,4000,1.0,1.0,1,1.0
scifact,0,569,5000,8433,1.0,1.0,1,1.0
scifact,0,57,10,20,1.0,1.0,0,0.65
scifact,0,57,20,40,1.0,1.0,0,0.65
scifact,0,57,50,100,1.0,1.0,0,0.85
scifact,0,57,100,200,1.0,1.0,1,1.0
scifact,0,57,200,400,1.0,1.0,1,1.0
scifact,0,57,500,1000,1.0,1.0,1,1.0
scifact,0,57,1000,2000,1.0,1.0,1,1.0
scifact,0,57,2000,4000,1.0,1.0,1,1.0
scifact,0,57,5000,8168,1.0,1.0,1,1.0
scifact,0,575,10,20,1.0,1.0,0,0.75
scifact,0,575,20,40,1.0,1.0,0,0.75
scifact,0,575,50,100,1.0,1.0,0,0.8
scifact,0,575,100,200,1.0,1.0,0,0.85
scifact,0,575,200,400,1.0,1.0,1,1.0
scifact,0,575,500,1000,1.0,1.0,1,1.0
scifact,0,575,1000,2000,1.0,1.0,1,1.0
scifact,0,575,2000,3178,1.0,1.0,1,1.0
scifact,0,575,5000,6178,1.0,1.0,1,1.0
scifact,0,577,10,20,0.3333333333333333,0.5,0,0.55
scifact,0,577,20,40,0.5,0.5,0,0.65
scifact,0,577,50,100,0.5,0.5,0,0.8
scifact,0,577,100,200,0.5,0.5,0,0.95
scifact,0,577,200,400,0.5,0.5,1,1.0
scifact,0,577,500,1000,0.5,0.5,1,1.0
scifact,0,577,1000,2000,0.5,0.5,1,1.0
scifact,0,577,2000,4000,0.5,0.5,1,1.0
scifact,0,577,5000,8620,0.5,0.5,1,1.0
scifact,0,578,10,20,1.0,1.0,0,0.6
scifact,0,578,20,40,1.0,1.0,0,0.7
scifact,0,578,50,100,1.0,1.0,0,0.7
scifact,0,578,100,200,1.0,1.0,0,0.75
scifact,0,578,200,400,1.0,1.0,0,0.75
scifact,0,578,500,1000,1.0,1.0,0,0.9
scifact,0,578,1000,2000,1.0,1.0,0,1.0
scifact,0,578,2000,4000,1.0,1.0,1,1.0
scifact,0,578,5000,7430,1.0,1.0,1,1.0
scifact,0,587,10,20,0.5,0.5,0,0.55
scifact,0,587,20,40,0.5,0.5,0,0.6
scifact,0,587,50,100,0.5,0.5,0,0.6
scifact,0,587,100,200,0.5,0.5,0,0.7
scifact,0,587,200,400,0.5,0.5,0,0.8
scifact,0,587,500,1000,0.5,0.5,0,0.9
scifact,0,587,1000,2000,0.5,0.5,0,0.9
scifact,0,587,2000,4000,0.5,0.5,1,1.0
scifact,0,587,5000,9387,0.5,0.5,1,1.0
scifact,0,589,10,20,1.0,1.0,0,0.6
scifact,0,589,20,40,1.0,1.0,0,0.75
scifact,0,589,50,100,1.0,1.0,0,0.85
scifact,0,589,100,200,1.0,1.0,1,1.0
scifact,0,589,200,400,1.0,1.0,1,1.0
scifact,0,589,500,1000,1.0,1.0,1,1.0
scifact,0,589,1000,2000,1.0,1.0,1,1.0
scifact,0,589,2000,4000,1.0,1.0,1,1.0
scifact,0,589,5000,8799,1.0,1.0,1,1.0
scifact,0,593,10,20,1.0,1.0,0,0.65
scifact,0,593,20,40,1.0,1.0,0,0.75
scifact,0,593,50,100,1.0,1.0,0,0.85
scifact,0,593,100,200,1.0,1.0,0,0.95
scifact,0,593,200,400,1.0,1.0,1,1.0
scifact,0,593,500,1000,1.0,1.0,1,1.0
scifact,0,593,1000,2000,1.0,1.0,1,1.0
scifact,0,593,2000,3671,1.0,1.0,1,1.0
scifact,0,593,5000,6671,1.0,1.0,1,1.0
scifact,0,597,10,20,1.0,1.0,0,0.55
scifact,0,597,20,40,1.0,1.0,0,0.8
scifact,0,597,50,100,1.0,1.0,1,1.0
scifact,0,597,100,200,1.0,1.0,1,1.0
scifact,0,597,200,400,1.0,1.0,1,1.0
scifact,0,597,500,1000,1.0,1.0,1,1.0
scifact,0,597,1000,2000,1.0,1.0,1,1.0
scifact,0,597,2000,4000,1.0,1.0,1,1.0
scifact,0,597,5000,8052,1.0,1.0,1,1.0
scifact,0,598,10,20,0.31546487678572877,0.3562071871080222,0,0.65
scifact,0,598,20,40,0.3562071871080222,0.3562071871080222,0,0.9
scifact,0,598,50,100,0.3562071871080222,0.3562071871080222,1,1.0
scifact,0,598,100,200,0.3562071871080222,0.3562071871080222,1,1.0
scifact,0,598,200,400,0.3562071871080222,0.3562071871080222,1,1.0
scifact,0,598,500,1000,0.3562071871080222,0.3562071871080222,1,1.0
scifact,0,598,1000,2000,0.3562071871080222,0.3562071871080222,1,1.0
scifact,0,598,2000,4000,0.3562071871080222,0.3562071871080222,1,1.0
scifact,0,598,5000,8950,0.3562071871080222,0.3562071871080222,1,1.0
scifact,0,613,10,20,1.0,1.0,0,0.6
scifact,0,613,20,40,1.0,1.0,0,0.6
scifact,0,613,50,100,1.0,1.0,0,0.65
scifact,0,613,100,200,1.0,1.0,0,0.85
scifact,0,613,200,400,1.0,1.0,1,1.0
scifact,0,613,500,1000,1.0,1.0,1,1.0
scifact,0,613,1000,2000,1.0,1.0,1,1.0
scifact,0,613,2000,4000,1.0,1.0,1,1.0
scifact,0,613,5000,7887,1.0,1.0,1,1.0
scifact,0,619,10,20,0.0,0.0,0,0.6
scifact,0,619,20,40,0.0,0.0,0,0.65
scifact,0,619,50,100,0.0,0.0,0,0.85
scifact,0,619,100,200,0.0,0.0,0,0.85
scifact,0,619,200,400,0.0,0.0,0,0.9
scifact,0,619,500,1000,0.0,0.0,1,1.0
scifact,0,619,1000,2000,0.0,0.0,1,1.0
scifact,0,619,2000,4000,0.0,0.0,1,1.0
scifact,0,619,5000,7627,0.0,0.0,1,1.0
scifact,0,623,10,20,0.2890648263178879,0.0,0,0.7
scifact,0,623,20,40,0.0,0.0,0,0.9
scifact,0,623,50,100,0.0,0.0,1,1.0
scifact,0,623,100,200,0.0,0.0,1,1.0
scifact,0,623,200,400,0.0,0.0,1,1.0
scifact,0,623,500,1000,0.0,0.0,1,1.0
scifact,0,623,1000,2000,0.0,0.0,1,1.0
scifact,0,623,2000,4000,0.0,0.0,1,1.0
scifact,0,623,5000,8675,0.0,0.0,1,1.0
scifact,0,628,10,20,0.6309297535714575,0.6309297535714575,0,0.6
scifact,0,628,20,40,0.6309297535714575,0.6309297535714575,0,0.7
scifact,0,628,50,100,0.6309297535714575,0.6309297535714575,0,0.8
scifact,0,628,100,200,0.6309297535714575,0.6309297535714575,0,0.95
scifact,0,628,200,400,0.6309297535714575,0.6309297535714575,1,1.0
scifact,0,628,500,1000,0.6309297535714575,0.6309297535714575,1,1.0
scifact,0,628,1000,2000,0.6309297535714575,0.6309297535714575,1,1.0
scifact,0,628,2000,4000,0.6309297535714575,0.6309297535714575,1,1.0
scifact,0,628,5000,9248,0.6309297535714575,0.6309297535714575,1,1.0
scifact,0,636,10,20,1.0,1.0,0,0.65
scifact,0,636,20,40,1.0,1.0,0,0.7
scifact,0,636,50,100,1.0,1.0,0,0.9
scifact,0,636,100,200,1.0,1.0,1,1.0
scifact,0,636,200,400,1.0,1.0,1,1.0
scifact,0,636,500,1000,1.0,1.0,1,1.0
scifact,0,636,1000,2000,1.0,1.0,1,1.0
scifact,0,636,2000,4000,1.0,1.0,1,1.0
scifact,0,636,5000,7279,1.0,1.0,1,1.0
scifact,0,637,10,20,1.0,1.0,0,0.55
scifact,0,637,20,40,1.0,1.0,0,0.75
scifact,0,637,50,100,1.0,1.0,0,0.95
scifact,0,637,100,200,1.0,1.0,1,1.0
scifact,0,637,200,400,1.0,1.0,1,1.0
scifact,0,637,500,1000,1.0,1.0,1,1.0
scifact,0,637,1000,2000,1.0,1.0,1,1.0
scifact,0,637,2000,4000,1.0,1.0,1,1.0
scifact,0,637,5000,8591,1.0,1.0,1,1.0
scifact,0,641,10,20,0.6131471927654584,0.7903864795495061,0,0.55
scifact,0,641,20,40,0.7903864795495061,0.7903864795495061,0,0.55
scifact,0,641,50,100,0.7903864795495061,0.7903864795495061,0,0.95
scifact,0,641,100,200,0.7903864795495061,0.7903864795495061,1,1.0
scifact,0,641,200,400,0.7903864795495061,0.7903864795495061,1,1.0
scifact,0,641,500,1000,0.7903864795495061,0.7903864795495061,1,1.0
scifact,0,641,1000,2000,0.7903864795495061,0.7903864795495061,1,1.0
scifact,0,641,2000,4000,0.7903864795495061,0.7903864795495061,1,1.0
scifact,0,641,5000,7698,0.7903864795495061,0.7903864795495061,1,1.0
scifact,0,644,10,20,1.0,1.0,0,0.5
scifact,0,644,20,40,1.0,1.0,0,0.55
scifact,0,644,50,100,1.0,1.0,0,0.9
scifact,0,644,100,200,1.0,1.0,1,1.0
scifact,0,644,200,400,1.0,1.0,1,1.0
scifact,0,644,500,1000,1.0,1.0,1,1.0
scifact,0,644,1000,2000,1.0,1.0,1,1.0
scifact,0,644,2000,4000,1.0,1.0,1,1.0
scifact,0,644,5000,7495,1.0,1.0,1,1.0
scifact,0,649,10,20,1.0,1.0,0,0.55
scifact,0,649,20,40,1.0,1.0,0,0.6
scifact,0,649,50,100,1.0,1.0,0,0.65
scifact,0,649,100,200,1.0,1.0,0,0.65
scifact,0,649,200,400,1.0,1.0,0,0.9
scifact,0,649,500,1000,1.0,1.0,0,0.95
scifact,0,649,1000,2000,1.0,1.0,1,1.0
scifact,0,649,2000,3977,1.0,1.0,1,1.0
scifact,0,649,5000,6977,1.0,1.0,1,1.0
scifact,0,659,10,20,1.0,1.0,0,0.5
scifact,0,659,20,40,1.0,1.0,0,0.55
scifact,0,659,50,100,1.0,1.0,0,0.6
scifact,0,659,100,200,1.0,1.0,0,0.75
scifact,0,659,200,400,1.0,1.0,0,0.7
scifact,0,659,500,1000,1.0,1.0,0,0.9
scifact,0,659,1000,2000,1.0,1.0,0,0.95
scifact,0,659,2000,4000,1.0,1.0,1,1.0
scifact,0,659,5000,7440,1.0,1.0,1,1.0
scifact,0,660,10,20,0.5,0.31546487678572877,0,0.5
scifact,0,660,20,40,0.38685280723454163,0.31546487678572877,0,0.55
scifact,0,660,50,100,0.2890648263178879,0.31546487678572877,0,0.75
scifact,0,660,100,200,0.0,0.31546487678572877,0,0.85
scifact,0,660,200,400,0.31546487678572877,0.31546487678572877,0,0.85
scifact,0,660,500,1000,0.31546487678572877,0.31546487678572877,0,0.85
scifact,0,660,1000,2000,0.31546487678572877,0.31546487678572877,0,0.9
scifact,0,660,2000,4000,0.31546487678572877,0.31546487678572877,0,0.9
scifact,0,660,5000,7434,0.31546487678572877,0.31546487678572877,1,1.0
scifact,0,674,10,20,0.3562071871080222,0.3333333333333333,0,0.6
scifact,0,674,20,40,0.31546487678572877,0.3333333333333333,0,0.7
scifact,0,674,50,100,0.3333333333333333,0.3333333333333333,0,0.9
scifact,0,674,100,200,0.3333333333333333,0.3333333333333333,1,1.0
scifact,0,674,200,400,0.3333333333333333,0.3333333333333333,1,1.0
scifact,0,674,500,1000,0.3333333333333333,0.3333333333333333,1,1.0
scifact,0,674,1000,2000,0.3333333333333333,0.3333333333333333,1,1.0
scifact,0,674,2000,4000,0.3333333333333333,0.3333333333333333,1,1.0
scifact,0,674,5000,8279,0.3333333333333333,0.3333333333333333,1,1.0
scifact,0,684,10,20,0.6309297535714575,0.6309297535714575,0,0.5
scifact,0,684,20,40,0.6309297535714575,0.6309297535714575,0,0.65
scifact,0,684,50,100,0.6309297535714575,0.6309297535714575,0,0.75
scifact,0,684,100,200,0.6309297535714575,0.6309297535714575,0,0.9
scifact,0,684,200,400,0.6309297535714575,0.6309297535714575,1,1.0
scifact,0,684,500,1000,0.6309297535714575,0.6309297535714575,1,1.0
scifact,0,684,1000,2000,0.6309297535714575,0.6309297535714575,1,1.0
scifact,0,684,2000,4000,0.6309297535714575,0.6309297535714575,1,1.0
scifact,0,684,5000,8127,0.6309297535714575,0.6309297535714575,1,1.0
scifact,0,690,10,20,0.2890648263178879,0.38685280723454163,0,0.5
scifact,0,690,20,40,0.0,0.38685280723454163,0,0.55
scifact,0,690,50,100,0.38685280723454163,0.38685280723454163,0,0.7
scifact,0,690,100,200,0.38685280723454163,0.38685280723454163,0,0.8
scifact,0,690,200,400,0.38685280723454163,0.38685280723454163,0,0.95
scifact,0,690,500,1000,0.38685280723454163,0.38685280723454163,1,1.0
scifact,0,690,1000,2000,0.38685280723454163,0.38685280723454163,1,1.0
scifact,0,690,2000,4000,0.38685280723454163,0.38685280723454163,1,1.0
scifact,0,690,5000,7507,0.38685280723454163,0.38685280723454163,1,1.0
scifact,0,691,10,20,1.0,1.0,0,0.6
scifact,0,691,20,40,1.0,1.0,0,0.65
scifact,0,691,50,100,1.0,1.0,0,0.75
scifact,0,691,100,200,1.0,1.0,0,0.9
scifact,0,691,200,400,1.0,1.0,0,0.95
scifact,0,691,500,1000,1.0,1.0,1,1.0
scifact,0,691,1000,2000,1.0,1.0,1,1.0
scifact,0,691,2000,4000,1.0,1.0,1,1.0
scifact,0,691,5000,8720,1.0,1.0,1,1.0
scifact,0,692,10,20,1.0,1.0,0,0.6
scifact,0,692,20,40,1.0,1.0,0,0.7
scifact,0,692,50,100,1.0,1.0,0,0.8
scifact,0,692,100,200,1.0,1.0,0,0.95
scifact,0,692,200,400,1.0,1.0,1,1.0
scifact,0,692,500,1000,1.0,1.0,1,1.0
scifact,0,692,1000,2000,1.0,1.0,1,1.0
scifact,0,692,2000,4000,1.0,1.0,1,1.0
scifact,0,692,5000,8570,1.0,1.0,1,1.0
scifact,0,693,10,20,1.0,1.0,0,0.55
scifact,0,693,20,40,1.0,1.0,0,0.65
scifact,0,693,50,100,1.0,1.0,0,0.7
scifact,0,693,100,200,1.0,1.0,0,0.75
scifact,0,693,200,400,1.0,1.0,0,0.95
scifact,0,693,500,1000,1.0,1.0,1,1.0
scifact,0,693,1000,2000,1.0,1.0,1,1.0
scifact,0,693,2000,4000,1.0,1.0,1,1.0
scifact,0,693,5000,8211,1.0,1.0,1,1.0
scifact,0,70,10,20,1.0,1.0,0,0.6
scifact,0,70,20,40,1.0,1.0,0,0.85
scifact,0,70,50,100,1.0,1.0,1,1.0
scifact,0,70,100,200,1.0,1.0,1,1.0
scifact,0,70,200,400,1.0,1.0,1,1.0
scifact,0,70,500,1000,1.0,1.0,1,1.0
scifact,0,70,1000,2000,1.0,1.0,1,1.0
scifact,0,70,2000,4000,1.0,1.0,1,1.0
scifact,0,70,5000,7819,1.0,1.0,1,1.0
scifact,0,700,10,20,1.0,1.0,0,0.6
scifact,0,700,20,40,1.0,1.0,0,0.6
scifact,0,700,50,100,1.0,1.0,0,0.85
scifact,0,700,100,200,1.0,1.0,1,1.0
scifact,0,700,200,400,1.0,1.0,1,1.0
scifact,0,700,500,1000,1.0,1.0,1,1.0
scifact,0,700,1000,2000,1.0,1.0,1,1.0
scifact,0,700,2000,3366,1.0,1.0,1,1.0
scifact,0,700,5000,6366,1.0,1.0,1,1.0
scifact,0,702,10,20,0.6309297535714575,0.6309297535714575,0,0.55
scifact,0,702,20,40,0.6309297535714575,0.6309297535714575,0,0.7
scifact,0,702,50,100,0.6309297535714575,0.6309297535714575,0,0.9
scifact,0,702,100,200,0.6309297535714575,0.6309297535714575,1,1.0
scifact,0,702,200,400,0.6309297535714575,0.6309297535714575,1,1.0
scifact,0,702,500,1000,0.6309297535714575,0.6309297535714575,1,1.0
scifact,0,702,1000,2000,0.6309297535714575,0.6309297535714575,1,1.0
scifact,0,702,2000,3301,0.6309297535714575,0.6309297535714575,1,1.0
scifact,0,702,5000,6301,0.6309297535714575,0.6309297535714575,1,1.0
scifact,0,715,10,20,0.0,0.2890648263178879,0,0.7
scifact,0,715,20,40,0.0,0.2890648263178879,0,0.75
scifact,0,715,50,100,0.31546487678572877,0.2890648263178879,0,0.75
scifact,0,715,100,200,0.2890648263178879,0.2890648263178879,0,0.9
scifact,0,715,200,400,0.2890648263178879,0.2890648263178879,0,0.85
scifact,0,715,500,1000,0.2890648263178879,0.2890648263178879,0,0.95
scifact,0,715,1000,2000,0.2890648263178879,0.2890648263178879,0,0.95
scifact,0,715,2000,4000,0.2890648263178879,0.2890648263178879,1,1.0
scifact,0,715,5000,8514,0.2890648263178879,0.2890648263178879,1,1.0
scifact,0,716,10,20,0.0,0.0,0,0.55
scifact,0,716,20,40,0.0,0.0,0,0.55
scifact,0,716,50,100,0.0,0.0,0,0.6
scifact,0,716,100,200,0.0,0.0,0,0.8
scifact,0,716,200,400,0.0,0.0,0,0.9
scifact,0,716,500,1000,0.0,0.0,0,0.95
scifact,0,716,1000,2000,0.0,0.0,0,0.95
scifact,0,716,2000,4000,0.0,0.0,1,1.0
scifact,0,716,5000,7899,0.0,0.0,1,1.0
scifact,0,718,10,20,1.0,1.0,0,0.55
scifact,0,718,20,40,1.0,1.0,0,0.6
scifact,0,718,50,100,1.0,1.0,0,0.95
scifact,0,718,100,200,1.0,1.0,0,0.95
scifact,0,718,200,400,1.0,1.0,1,1.0
scifact,0,718,500,1000,1.0,1.0,1,1.0
scifact,0,718,1000,2000,1.0,1.0,1,1.0
scifact,0,718,2000,4000,1.0,1.0,1,1.0
scifact,0,718,5000,7099,1.0,1.0,1,1.0
scifact,0,72,10,20,1.0,1.0,0,0.65
scifact,0,72,20,40,1.0,1.0,0,0.65
scifact,0,72,50,100,1.0,1.0,0,0.7
scifact,0,72,100,200,1.0,1.0,0,0.95
scifact,0,72,200,400,1.0,1.0,0,0.95
scifact,0,72,500,1000,1.0,1.0,1,1.0
scifact,0,72,1000,2000,1.0,1.0,1,1.0
scifact,0,72,2000,4000,1.0,1.0,1,1.0
scifact,0,72,5000,7723,1.0,1.0,1,1.0
scifact,0,721,10,20,1.0,1.0,0,0.6
scifact,0,721,20,40,1.0,1.0,0,0.7
scifact,0,721,50,100,1.0,1.0,0,0.9
scifact,0,721,100,200,1.0,1.0,1,1.0
scifact,0,721,200,400,1.0,1.0,1,1.0
scifact,0,721,500,1000,1.0,1.0,1,1.0
scifact,0,721,1000,2000,1.0,1.0,1,1.0
scifact,0,721,2000,4000,1.0,1.0,1,1.0
scifact,0,721,5000,8700,1.0,1.0,1,1.0
scifact,0,723,10,20,1.0,1.0,0,0.55
scifact,0,723,20,40,1.0,1.0,0,0.7
scifact,0,723,50,100,1.0,1.0,0,0.85
scifact,0,723,100,200,1.0,1.0,1,1.0
scifact,0,723,200,400,1.0,1.0,1,1.0
scifact,0,723,500,1000,1.0,1.0,1,1.0
scifact,0,723,1000,2000,1.0,1.0,1,1.0
scifact,0,723,2000,4000,1.0,1.0,1,1.0
scifact,0,723,5000,8024,1.0,1.0,1,1.0
scifact,0,727,10,20,0.31546487678572877,0.43067655807339306,0,0.55
scifact,0,727,20,40,0.43067655807339306,0.43067655807339306,0,0.65
scifact,0,727,50,100,0.43067655807339306,0.43067655807339306,0,0.9
scifact,0,727,100,200,0.43067655807339306,0.43067655807339306,0,0.95
scifact,0,727,200,400,0.43067655807339306,0.43067655807339306,1,1.0
scifact,0,727,500,1000,0.43067655807339306,0.43067655807339306,1,1.0
scifact,0,727,1000,2000,0.43067655807339306,0.43067655807339306,1,1.0
scifact,0,727,2000,4000,0.43067655807339306,0.43067655807339306,1,1.0
scifact,0,727,5000,7973,0.43067655807339306,0.43067655807339306,1,1.0
scifact,0,728,10,20,0.5706417189553201,0.5706417189553201,0,0.5
scifact,0,728,20,40,0.5706417189553201,0.5706417189553201,0,0.65
scifact,0,728,50,100,0.5706417189553201,0.5706417189553201,0,0.85
scifact,0,728,100,200,0.5706417189553201,0.5706417189553201,1,1.0
scifact,0,728,200,400,0.5706417189553201,0.5706417189553201,1,1.0
scifact,0,728,500,1000,0.5706417189553201,0.5706417189553201,1,1.0
scifact,0,728,1000,2000,0.5706417189553201,0.5706417189553201,1,1.0
scifact,0,728,2000,4000,0.5706417189553201,0.5706417189553201,1,1.0
scifact,0,728,5000,8022,0.5706417189553201,0.5706417189553201,1,1.0
scifact,0,729,10,20,1.0,1.0,0,0.6
scifact,0,729,20,40,1.0,1.0,0,0.65
scifact,0,729,50,100,1.0,1.0,0,0.7
scifact,0,729,100,200,1.0,1.0,0,0.9
scifact,0,729,200,400,1.0,1.0,0,0.8
scifact,0,729,500,1000,1.0,1.0,0,0.9
scifact,0,729,1000,2000,1.0,1.0,1,1.0
scifact,0,729,2000,4000,1.0,1.0,1,1.0
scifact,0,729,5000,7660,1.0,1.0,1,1.0
scifact,0,742,10,20,1.0,1.0,0,0.6
scifact,0,742,20,40,1.0,1.0,0,0.65
scifact,0,742,50,100,1.0,1.0,0,0.8
scifact,0,742,100,200,1.0,1.0,0,0.9
scifact,0,742,200,400,1.0,1.0,0,0.95
scifact,0,742,500,1000,1.0,1.0,1,1.0
scifact,0,742,1000,2000,1.0,1.0,1,1.0
scifact,0,742,2000,4000,1.0,1.0,1,1.0
scifact,0,742,5000,8019,1.0,1.0,1,1.0
scifact,0,743,10,20,1.0,1.0,0,0.5
scifact,0,743,20,40,1.0,1.0,0,0.6
scifact,0,743,50,100,1.0,1.0,0,0.65
scifact,0,743,100,200,1.0,1.0,0,0.95
scifact,0,743,200,400,1.0,1.0,1,1.0
scifact,0,743,500,1000,1.0,1.0,1,1.0
scifact,0,743,1000,1582,1.0,1.0,1,1.0
scifact,0,743,2000,2582,1.0,1.0,1,1.0
scifact,0,743,5000,5582,1.0,1.0,1,1.0
scifact,0,744,10,20,0.6309297535714575,0.6309297535714575,0,0.5
scifact,0,744,20,40,0.6309297535714575,0.6309297535714575,0,0.55
scifact,0,744,50,100,0.6309297535714575,0.6309297535714575,0,0.65
scifact,0,744,100,200,0.6309297535714575,0.6309297535714575,0,0.95
scifact,0,744,200,400,0.6309297535714575,0.6309297535714575,1,1.0
scifact,0,744,500,1000,0.6309297535714575,0.6309297535714575,1,1.0
scifact,0,744,1000,2000,0.6309297535714575,0.6309297535714575,1,1.0
scifact,0,744,2000,4000,0.6309297535714575,0.6309297535714575,1,1.0
scifact,0,744,5000,8474,0.6309297535714575,0.6309297535714575,1,1.0
scifact,0,75,10,20,1.0,1.0,0,0.6
scifact,0,75,20,40,1.0,1.0,0,0.9
scifact,0,75,50,100,1.0,1.0,0,0.95
scifact,0,75,100,200,1.0,1.0,1,1.0
scifact,0,75,200,400,1.0,1.0,1,1.0
scifact,0,75,500,1000,1.0,1.0,1,1.0
scifact,0,75,1000,2000,1.0,1.0,1,1.0
scifact,0,75,2000,4000,1.0,1.0,1,1.0
scifact,0,75,5000,8547,1.0,1.0,1,1.0
scifact,0,756,10,20,0.43067655807339306,0.43067655807339306,0,0.7
scifact,0,756,20,40,0.43067655807339306,0.43067655807339306,0,0.8
scifact,0,756,50,100,0.43067655807339306,0.43067655807339306,0,0.9
scifact,0,756,100,200,0.43067655807339306,0.43067655807339306,1,1.0
scifact,0,756,200,400,0.43067655807339306,0.43067655807339306,1,1.0
scifact,0,756,500,1000,0.43067655807339306,0.43067655807339306,1,1.0
scifact,0,756,1000,2000,0.43067655807339306,0.43067655807339306,1,1.0
scifact,0,756,2000,4000,0.43067655807339306,0.43067655807339306,1,1.0
scifact,0,756,5000,9013,0.43067655807339306,0.43067655807339306,1,1.0
scifact,0,759,10,20,1.0,1.0,0,0.65
scifact,0,759,20,40,1.0,1.0,0,0.85
scifact,0,759,50,100,1.0,1.0,1,1.0
scifact,0,759,100,200,1.0,1.0,1,1.0
scifact,0,759,200,400,1.0,1.0,1,1.0
scifact,0,759,500,1000,1.0,1.0,1,1.0
scifact,0,759,1000,2000,1.0,1.0,1,1.0
scifact,0,759,2000,4000,1.0,1.0,1,1.0
scifact,0,759,5000,9221,1.0,1.0,1,1.0
scifact,0,768,10,20,0.0,0.43067655807339306,0,0.65
scifact,0,768,20,40,0.0,0.43067655807339306,0,0.75
scifact,0,768,50,100,0.43067655807339306,0.43067655807339306,0,0.75
scifact,0,768,100,166,0.43067655807339306,0.43067655807339306,0,0.8
scifact,0,768,200,266,0.43067655807339306,0.43067655807339306,0,0.85
scifact,0,768,500,566,0.43067655807339306,0.43067655807339306,0,0.9
scifact,0,768,1000,1066,0.43067655807339306,0.43067655807339306,0,0.95
scifact,0,768,2000,2066,0.43067655807339306,0.43067655807339306,0,1.0
scifact,0,768,5000,5066,0.43067655807339306,0.43067655807339306,1,1.0
scifact,0,770,10,20,1.0,1.0,0,0.55
scifact,0,770,20,40,1.0,1.0,0,0.6
scifact,0,770,50,100,1.0,1.0,0,0.95
scifact,0,770,100,200,1.0,1.0,1,1.0
scifact,0,770,200,400,1.0,1.0,1,1.0
scifact,0,770,500,1000,1.0,1.0,1,1.0
scifact,0,770,1000,2000,1.0,1.0,1,1.0
scifact,0,770,2000,4000,1.0,1.0,1,1.0
scifact,0,770,5000,9203,1.0,1.0,1,1.0
scifact,0,775,10,20,0.3562071871080222,0.0,0,0.6
scifact,0,775,20,40,0.3333333333333333,0.0,0,0.7
scifact,0,775,50,100,0.0,0.0,0,0.9
scifact,0,775,100,200,0.0,0.0,0,0.85
scifact,0,775,200,400,0.0,0.0,1,1.0
scifact,0,775,500,1000,0.0,0.0,1,1.0
scifact,0,775,1000,2000,0.0,0.0,1,1.0
scifact,0,775,2000,4000,0.0,0.0,1,1.0
scifact,0,775,5000,8228,0.0,0.0,1,1.0
scifact,0,781,10,20,1.0,1.0,0,0.5
scifact,0,781,20,40,1.0,1.0,0,0.6
scifact,0,781,50,100,1.0,1.0,0,0.9
scifact,0,781,100,200,1.0,1.0,1,1.0
scifact,0,781,200,400,1.0,1.0,1,1.0
scifact,0,781,500,1000,1.0,1.0,1,1.0
scifact,0,781,1000,2000,1.0,1.0,1,1.0
scifact,0,781,2000,4000,1.0,1.0,1,1.0
scifact,0,781,5000,8116,1.0,1.0,1,1.0
scifact,0,783,10,20,0.0,0.31546487678572877,0,0.65
scifact,0,783,20,40,0.0,0.31546487678572877,0,0.75
scifact,0,783,50,100,0.31546487678572877,0.31546487678572877,0,0.95
scifact,0,783,100,200,0.31546487678572877,0.31546487678572877,1,1.0
scifact,0,783,200,400,0.31546487678572877,0.31546487678572877,1,1.0
scifact,0,783,500,1000,0.31546487678572877,0.31546487678572877,1,1.0
scifact,0,783,1000,2000,0.31546487678572877,0.31546487678572877,1,1.0
scifact,0,783,2000,4000,0.31546487678572877,0.31546487678572877,1,1.0
scifact,0,783,5000,7919,0.31546487678572877,0.31546487678572877,1,1.0
scifact,0,784,10,20,1.0,1.0,0,0.6
scifact,0,784,20,40,1.0,1.0,0,0.7
scifact,0,784,50,100,1.0,1.0,0,0.85
scifact,0,784,100,200,1.0,1.0,0,0.95
scifact,0,784,200,400,1.0,1.0,1,1.0
scifact,0,784,500,1000,1.0,1.0,1,1.0
scifact,0,784,1000,2000,1.0,1.0,1,1.0
scifact,0,784,2000,4000,1.0,1.0,1,1.0
scifact,0,784,5000,8339,1.0,1.0,1,1.0
scifact,0,785,10,20,1.0,1.0,0,0.55
scifact,0,785,20,40,1.0,1.0,0,0.6
scifact,0,785,50,100,1.0,1.0,0,0.7
scifact,0,785,100,200,1.0,1.0,0,0.75
scifact,0,785,200,400,1.0,1.0,0,0.9
scifact,0,785,500,1000,1.0,1.0,0,0.95
scifact,0,785,1000,2000,1.0,1.0,1,1.0
scifact,0,785,2000,4000,1.0,1.0,1,1.0
scifact,0,785,5000,8858,1.0,1.0,1,1.0
scifact,0,793,10,20,1.0,1.0,0,0.55
scifact,0,793,20,40,1.0,1.0,0,0.6
scifact,0,793,50,100,1.0,1.0,0,0.85
scifact,0,793,100,200,1.0,1.0,1,1.0
scifact,0,793,200,400,1.0,1.0,1,1.0
scifact,0,793,500,760,1.0,1.0,1,1.0
scifact,0,793,1000,1260,1.0,1.0,1,1.0
scifact,0,793,2000,2260,1.0,1.0,1,1.0
scifact,0,793,5000,5260,1.0,1.0,1,1.0
scifact,0,800,10,20,0.3562071871080222,0.3333333333333333,0,0.65
scifact,0,800,20,40,0.3333333333333333,0.3333333333333333,0,0.7
scifact,0,800,50,100,0.3333333333333333,0.3333333333333333,0,0.75
scifact,0,800,100,200,0.3333333333333333,0.3333333333333333,1,1.0
scifact,0,800,200,400,0.3333333333333333,0.3333333333333333,1,1.0
scifact,0,800,500,1000,0.3333333333333333,0.3333333333333333,1,1.0
scifact,0,800,1000,2000,0.3333333333333333,0.3333333333333333,1,1.0
scifact,0,800,2000,4000,0.3333333333333333,0.3333333333333333,1,1.0
scifact,0,800,5000,8801,0.3333333333333333,0.3333333333333333,1,1.0
scifact,0,805,10,20,1.0,1.0,0,0.6
scifact,0,805,20,40,1.0,1.0,0,0.7
scifact,0,805,50,100,1.0,1.0,0,0.85
scifact,0,805,100,200,1.0,1.0,1,1.0
scifact,0,805,200,400,1.0,1.0,1,1.0
scifact,0,805,500,1000,1.0,1.0,1,1.0
scifact,0,805,1000,2000,1.0,1.0,1,1.0
scifact,0,805,2000,3810,1.0,1.0,1,1.0
scifact,0,805,5000,6810,1.0,1.0,1,1.0
scifact,0,808,10,20,1.0,1.0,0,0.5
scifact,0,808,20,40,1.0,1.0,0,0.55
scifact,0,808,50,100,1.0,1.0,0,0.75
scifact,0,808,100,200,1.0,1.0,0,0.75
scifact,0,808,200,400,1.0,1.0,0,0.95
scifact,0,808,500,1000,1.0,1.0,1,1.0
scifact,0,808,1000,2000,1.0,1.0,1,1.0
scifact,0,808,2000,4000,1.0,1.0,1,1.0
scifact,0,808,5000,7461,1.0,1.0,1,1.0
scifact,0,811,10,20,1.0,1.0,0,0.45
scifact,0,811,20,40,1.0,1.0,0,0.5
scifact,0,811,50,100,1.0,1.0,0,0.7
scifact,0,811,100,200,1.0,1.0,0,0.8
scifact,0,811,200,400,1.0,1.0,0,0.95
scifact,0,811,500,1000,1.0,1.0,1,1.0
scifact,0,811,1000,2000,1.0,1.0,1,1.0
scifact,0,811,2000,4000,1.0,1.0,1,1.0
scifact,0,811,5000,9112,1.0,1.0,1,1.0
scifact,0,814,10,20,1.0,1.0,0,0.6
scifact,0,814,20,40,1.0,1.0,0,0.65
scifact,0,814,50,100,1.0,1.0,0,0.65
scifact,0,814,100,200,1.0,1.0,0,0.7
scifact,0,814,200,400,1.0,1.0,0,0.85
scifact,0,814,500,1000,1.0,1.0,1,1.0
scifact,0,814,1000,2000,1.0,1.0,1,1.0
scifact,0,814,2000,4000,1.0,1.0,1,1.0
scifact,0,814,5000,9565,1.0,1.0,1,1.0
scifact,0,820,10,20,0.0,0.38685280723454163,0,0.55
scifact,0,820,20,40,0.0,0.38685280723454163,0,0.55
scifact,0,820,50,100,0.43067655807339306,0.38685280723454163,0,0.7
scifact,0,820,100,200,0.38685280723454163,0.38685280723454163,0,0.75
scifact,0,820,200,400,0.38685280723454163,0.38685280723454163,0,0.95
scifact,0,820,500,1000,0.38685280723454163,0.38685280723454163,1,1.0
scifact,0,820,1000,2000,0.38685280723454163,0.38685280723454163,1,1.0
scifact,0,820,2000,4000,0.38685280723454163,0.38685280723454163,1,1.0
scifact,0,820,5000,8327,0.38685280723454163,0.38685280723454163,1,1.0
scifact,0,821,10,20,0.0,0.38685280723454163,0,0.55
scifact,0,821,20,40,0.0,0.38685280723454163,0,0.6
scifact,0,821,50,100,0.5,0.38685280723454163,0,0.6
scifact,0,821,100,200,0.38685280723454163,0.38685280723454163,0,0.75
scifact,0,821,200,400,0.38685280723454163,0.38685280723454163,0,0.95
scifact,0,821,500,1000,0.38685280723454163,0.38685280723454163,1,1.0
scifact,0,821,1000,2000,0.38685280723454163,0.38685280723454163,1,1.0
scifact,0,821,2000,4000,0.38685280723454163,0.38685280723454163,1,1.0
scifact,0,821,5000,7878,0.38685280723454163,0.38685280723454163,1,1.0
scifact,0,823,10,20,1.0,1.0,0,0.55
scifact,0,823,20,40,1.0,1.0,0,0.75
scifact,0,823,50,100,1.0,1.0,0,0.8
scifact,0,823,100,200,1.0,1.0,0,0.95
scifact,0,823,200,400,1.0,1.0,1,1.0
scifact,0,823,500,1000,1.0,1.0,1,1.0
scifact,0,823,1000,2000,1.0,1.0,1,1.0
scifact,0,823,2000,3274,1.0,1.0,1,1.0
scifact,0,823,5000,6274,1.0,1.0,1,1.0
scifact,0,830,10,20,0.5,0.5,0,0.55
scifact,0,830,20,40,0.5,0.5,0,0.6
scifact,0,830,50,100,0.5,0.5,0,0.8
scifact,0,830,100,200,0.5,0.5,1,1.0
scifact,0,830,200,400,0.5,0.5,1,1.0
scifact,0,830,500,1000,0.5,0.5,1,1.0
scifact,0,830,1000,2000,0.5,0.5,1,1.0
scifact,0,830,2000,4000,0.5,0.5,1,1.0
scifact,0,830,5000,8135,0.5,0.5,1,1.0
scifact,0,831,10,20,0.0,0.0,0,0.6
scifact,0,831,20,40,0.0,0.0,0,0.65
scifact,0,831,50,100,0.0,0.0,0,0.7
scifact,0,831,100,200,0.0,0.0,0,0.8
scifact,0,831,200,400,0.0,0.0,0,0.9
scifact,0,831,500,1000,0.0,0.0,1,1.0
scifact,0,831,1000,2000,0.0,0.0,1,1.0
scifact,0,831,2000,3067,0.0,0.0,1,1.0
scifact,0,831,5000,6067,0.0,0.0,1,1.0
scifact,0,832,10,20,1.0,1.0,0,0.55
scifact,0,832,20,40,1.0,1.0,0,0.7
scifact,0,832,50,100,1.0,1.0,0,0.75
scifact,0,832,100,200,1.0,1.0,0,0.85
scifact,0,832,200,400,1.0,1.0,0,0.95
scifact,0,832,500,1000,1.0,1.0,0,0.95
scifact,0,832,1000,2000,1.0,1.0,1,1.0
scifact,0,832,2000,4000,1.0,1.0,1,1.0
scifact,0,832,5000,7636,1.0,1.0,1,1.0
scifact,0,834,10,20,0.0,0.0,0,0.7
scifact,0,834,20,40,0.0,0.0,0,0.7
scifact,0,834,50,100,0.0,0.0,0,0.8
scifact,0,834,100,200,0.0,0.0,0,0.8
scifact,0,834,200,400,0.0,0.0,0,0.8
scifact,0,834,500,1000,0.0,0.0,0,0.9
scifact,0,834,1000,2000,0.0,0.0,0,0.95
scifact,0,834,2000,4000,0.0,0.0,1,1.0
scifact,0,834,5000,7638,0.0,0.0,1,1.0
scifact,0,837,10,20,0.6309297535714575,0.6309297535714575,0,0.6
scifact,0,837,20,40,0.6309297535714575,0.6309297535714575,0,0.8
scifact,0,837,50,100,0.6309297535714575,0.6309297535714575,0,0.85
scifact,0,837,100,200,0.6309297535714575,0.6309297535714575,0,0.85
scifact,0,837,200,400,0.6309297535714575,0.6309297535714575,1,1.0
scifact,0,837,500,1000,0.6309297535714575,0.6309297535714575,1,1.0
scifact,0,837,1000,2000,0.6309297535714575,0.6309297535714575,1,1.0
scifact,0,837,2000,4000,0.6309297535714575,0.6309297535714575,1,1.0
scifact,0,837,5000,7293,0.6309297535714575,0.6309297535714575,1,1.0
scifact,0,839,10,20,1.0,1.0,0,0.5
scifact,0,839,20,40,1.0,1.0,0,0.65
scifact,0,839,50,100,1.0,1.0,0,0.75
scifact,0,839,100,200,1.0,1.0,0,0.85
scifact,0,839,200,400,1.0,1.0,0,0.9
scifact,0,839,500,1000,1.0,1.0,1,1.0
scifact,0,839,1000,2000,1.0,1.0,1,1.0
scifact,0,839,2000,4000,1.0,1.0,1,1.0
scifact,0,839,5000,8992,1.0,1.0,1,1.0
scifact,0,845,10,20,0.5,0.5,0,0.6
scifact,0,845,20,40,0.5,0.5,0,0.85
scifact,0,845,50,100,0.5,0.5,1,1.0
scifact,0,845,100,200,0.5,0.5,1,1.0
scifact,0,845,200,400,0.5,0.5,1,1.0
scifact,0,845,500,1000,0.5,0.5,1,1.0
scifact,0,845,1000,1757,0.5,0.5,1,1.0
scifact,0,845,2000,2757,0.5,0.5,1,1.0
scifact,0,845,5000,5757,0.5,0.5,1,1.0
scifact,0,847,10,20,1.0,1.0,0,0.55
scifact,0,847,20,40,1.0,1.0,0,0.6
scifact,0,847,50,100,1.0,1.0,0,0.85
scifact,0,847,100,200,1.0,1.0,1,1.0
scifact,0,847,200,400,1.0,1.0,1,1.0
scifact,0,847,500,1000,1.0,1.0,1,1.0
scifact,0,847,1000,2000,1.0,1.0,1,1.0
scifact,0,847,2000,4000,1.0,1.0,1,1.0
scifact,0,847,5000,7292,1.0,1.0,1,1.0
scifact,0,852,10,20,1.0,1.0,0,0.5
scifact,0,852,20,40,1.0,1.0,0,0.65
scifact,0,852,50,100,1.0,1.0,0,0.75
scifact,0,852,100,200,1.0,1.0,0,0.75
scifact,0,852,200,400,1.0,1.0,0,0.9
scifact,0,852,500,1000,1.0,1.0,0,0.95
scifact,0,852,1000,2000,1.0,1.0,0,0.95
scifact,0,852,2000,4000,1.0,1.0,1,1.0
scifact,0,852,5000,8746,1.0,1.0,1,1.0
scifact,0,859,10,20,0.6309297535714575,0.6309297535714575,0,0.5
scifact,0,859,20,40,0.6309297535714575,0.6309297535714575,0,0.5
scifact,0,859,50,100,0.6309297535714575,0.6309297535714575,0,0.7
scifact,0,859,100,200,0.6309297535714575,0.6309297535714575,0,0.95
scifact,0,859,200,400,0.6309297535714575,0.6309297535714575,1,1.0
scifact,0,859,500,1000,0.6309297535714575,0.6309297535714575,1,1.0
scifact,0,859,1000,2000,0.6309297535714575,0.6309297535714575,1,1.0
scifact,0,859,2000,4000,0.6309297535714575,0.6309297535714575,1,1.0
scifact,0,859,5000,8695,0.6309297535714575,0.6309297535714575,1,1.0
scifact,0,870,10,20,0.3333333333333333,0.0,0,0.45
scifact,0,870,20,40,0.3333333333333333,0.0,0,0.45
scifact,0,870,50,100,0.0,0.0,0,0.7
scifact,0,870,100,200,0.0,0.0,0,0.8
scifact,0,870,200,400,0.0,0.0,0,0.95
scifact,0,870,500,1000,0.0,0.0,1,1.0
scifact,0,870,1000,2000,0.0,0.0,1,1.0
scifact,0,870,2000,3056,0.0,0.0,1,1.0
scifact,0,870,5000,6056,0.0,0.0,1,1.0
scifact,0,873,10,20,0.3391602052736161,0.48522855511632257,0,0.55
scifact,0,873,20,40,0.48522855511632257,0.48522855511632257,0,0.6
scifact,0,873,50,100,0.48522855511632257,0.48522855511632257,0,0.85
scifact,0,873,100,200,0.48522855511632257,0.48522855511632257,0,0.85
scifact,0,873,200,400,0.48522855511632257,0.48522855511632257,1,1.0
scifact,0,873,500,1000,0.48522855511632257,0.48522855511632257,1,1.0
scifact,0,873,1000,2000,0.48522855511632257,0.48522855511632257,1,1.0
scifact,0,873,2000,4000,0.48522855511632257,0.48522855511632257,1,1.0
scifact,0,873,5000,7048,0.48522855511632257,0.48522855511632257,1,1.0
scifact,0,879,10,20,1.0,1.0,0,0.35
scifact,0,879,20,40,1.0,1.0,0,0.4
scifact,0,879,50,100,1.0,1.0,0,0.75
scifact,0,879,100,200,1.0,1.0,0,0.95
scifact,0,879,200,400,1.0,1.0,1,1.0
scifact,0,879,500,1000,1.0,1.0,1,1.0
scifact,0,879,1000,2000,1.0,1.0,1,1.0
scifact,0,879,2000,3942,1.0,1.0,1,1.0
scifact,0,879,5000,6942,1.0,1.0,1,1.0
scifact,0,880,10,20,1.0,1.0,0,0.45
scifact,0,880,20,40,1.0,1.0,0,0.45
scifact,0,880,50,100,1.0,1.0,0,0.65
scifact,0,880,100,200,1.0,1.0,0,0.85
scifact,0,880,200,400,1.0,1.0,1,1.0
scifact,0,880,500,1000,1.0,1.0,1,1.0
scifact,0,880,1000,1790,1.0,1.0,1,1.0
scifact,0,880,2000,2790,1.0,1.0,1,1.0
scifact,0,880,5000,5790,1.0,1.0,1,1.0
scifact,0,882,10,20,1.0,1.0,0,0.65
scifact,0,882,20,40,1.0,1.0,0,0.75
scifact,0,882,50,100,1.0,1.0,0,0.8
scifact,0,882,100,200,1.0,1.0,1,1.0
scifact,0,882,200,400,1.0,1.0,1,1.0
scifact,0,882,500,1000,1.0,1.0,1,1.0
scifact,0,882,1000,2000,1.0,1.0,1,1.0
scifact,0,882,2000,4000,1.0,1.0,1,1.0
scifact,0,882,5000,8553,1.0,1.0,1,1.0
scifact,0,887,10,20,0.0,0.0,0,0.5
scifact,0,887,20,40,0.0,0.0,0,0.5
scifact,0,887,50,100,0.0,0.0,0,0.55
scifact,0,887,100,200,0.0,0.0,0,0.7
scifact,0,887,200,400,0.0,0.0,0,0.8
scifact,0,887,500,1000,0.0,0.0,0,0.85
scifact,0,887,1000,2000,0.0,0.0,1,1.0
scifact,0,887,2000,4000,0.0,0.0,1,1.0
scifact,0,887,5000,9016,0.0,0.0,1,1.0
scifact,0,903,10,20,1.0,1.0,0,0.7
scifact,0,903,20,40,1.0,1.0,0,0.85
scifact,0,903,50,100,1.0,1.0,0,0.9
scifact,0,903,100,200,1.0,1.0,1,1.0
scifact,0,903,200,400,1.0,1.0,1,1.0
scifact,0,903,500,1000,1.0,1.0,1,1.0
scifact,0,903,1000,2000,1.0,1.0,1,1.0
scifact,0,903,2000,4000,1.0,1.0,1,1.0
scifact,0,903,5000,7551,1.0,1.0,1,1.0
scifact,0,904,10,20,1.0,1.0,0,0.6
scifact,0,904,20,40,1.0,1.0,0,0.75
scifact,0,904,50,100,1.0,1.0,0,0.8
scifact,0,904,100,200,1.0,1.0,0,0.85
scifact,0,904,200,400,1.0,1.0,1,1.0
scifact,0,904,500,1000,1.0,1.0,1,1.0
scifact,0,904,1000,2000,1.0,1.0,1,1.0
scifact,0,904,2000,4000,1.0,1.0,1,1.0
scifact,0,904,5000,8902,1.0,1.0,1,1.0
scifact,0,907,10,20,1.0,1.0,0,0.6
scifact,0,907,20,40,1.0,1.0,0,0.7
scifact,0,907,50,100,1.0,1.0,0,0.8
scifact,0,907,100,200,1.0,1.0,0,0.95
scifact,0,907,200,400,1.0,1.0,1,1.0
scifact,0,907,500,1000,1.0,1.0,1,1.0
scifact,0,907,1000,2000,1.0,1.0,1,1.0
scifact,0,907,2000,4000,1.0,1.0,1,1.0
scifact,0,907,5000,8594,1.0,1.0,1,1.0
scifact,0,911,10,20,1.0,1.0,0,0.5
scifact,0,911,20,40,1.0,1.0,0,0.6
scifact,0,911,50,100,1.0,1.0,0,0.7
scifact,0,911,100,200,1.0,1.0,0,0.9
scifact,0,911,200,400,1.0,1.0,1,1.0
scifact,0,911,500,1000,1.0,1.0,1,1.0
scifact,0,911,1000,2000,1.0,1.0,1,1.0
scifact,0,911,2000,4000,1.0,1.0,1,1.0
scifact,0,911,5000,7684,1.0,1.0,1,1.0
scifact,0,913,10,20,0.0,0.3562071871080222,0,0.6
scifact,0,913,20,40,0.0,0.3562071871080222,0,0.6
scifact,0,913,50,100,0.3562071871080222,0.3562071871080222,0,0.8
scifact,0,913,100,200,0.3562071871080222,0.3562071871080222,0,0.8
scifact,0,913,200,400,0.3562071871080222,0.3562071871080222,0,0.95
scifact,0,913,500,1000,0.3562071871080222,0.3562071871080222,1,1.0
scifact,0,913,1000,1800,0.3562071871080222,0.3562071871080222,1,1.0
scifact,0,913,2000,2800,0.3562071871080222,0.3562071871080222,1,1.0
scifact,0,913,5000,5800,0.3562071871080222,0.3562071871080222,1,1.0
scifact,0,914,10,20,0.43067655807339306,0.43067655807339306,0,0.55
scifact,0,914,20,40,0.43067655807339306,0.43067655807339306,0,0.6
scifact,0,914,50,100,0.43067655807339306,0.43067655807339306,0,0.8
scifact,0,914,100,200,0.43067655807339306,0.43067655807339306,0,0.85
scifact,0,914,200,400,0.43067655807339306,0.43067655807339306,1,1.0
scifact,0,914,500,1000,0.43067655807339306,0.43067655807339306,1,1.0
scifact,0,914,1000,2000,0.43067655807339306,0.43067655807339306,1,1.0
scifact,0,914,2000,4000,0.43067655807339306,0.43067655807339306,1,1.0
scifact,0,914,5000,7623,0.43067655807339306,0.43067655807339306,1,1.0
scifact,0,921,10,20,1.0,1.0,0,0.7
scifact,0,921,20,40,1.0,1.0,0,0.75
scifact,0,921,50,100,1.0,1.0,0,0.9
scifact,0,921,100,200,1.0,1.0,1,1.0
scifact,0,921,200,400,1.0,1.0,1,1.0
scifact,0,921,500,1000,1.0,1.0,1,1.0
scifact,0,921,1000,2000,1.0,1.0,1,1.0
scifact,0,921,2000,4000,1.0,1.0,1,1.0
scifact,0,921,5000,8443,1.0,1.0,1,1.0
scifact,0,922,10,20,1.0,1.0,0,0.7
scifact,0,922,20,40,1.0,1.0,0,0.9
scifact,0,922,50,100,1.0,1.0,0,0.7
scifact,0,922,100,200,1.0,1.0,1,1.0
scifact,0,922,200,400,1.0,1.0,1,1.0
scifact,0,922,500,1000,1.0,1.0,1,1.0
scifact,0,922,1000,2000,1.0,1.0,1,1.0
scifact,0,922,2000,4000,1.0,1.0,1,1.0
scifact,0,922,5000,8963,1.0,1.0,1,1.0
scifact,0,936,10,20,1.0,1.0,0,0.65
scifact,0,936,20,40,1.0,1.0,0,0.75
scifact,0,936,50,100,1.0,1.0,0,0.85
scifact,0,936,100,200,1.0,1.0,1,1.0
scifact,0,936,200,400,1.0,1.0,1,1.0
scifact,0,936,500,1000,1.0,1.0,1,1.0
scifact,0,936,1000,1964,1.0,1.0,1,1.0
scifact,0,936,2000,2964,1.0,1.0,1,1.0
scifact,0,936,5000,5964,1.0,1.0,1,1.0
scifact,0,94,10,20,1.0,1.0,0,0.6
scifact,0,94,20,40,1.0,1.0,0,0.6
scifact,0,94,50,100,1.0,1.0,0,0.6
scifact,0,94,100,200,1.0,1.0,0,0.7
scifact,0,94,200,400,1.0,1.0,0,0.75
scifact,0,94,500,1000,1.0,1.0,0,0.8
scifact,0,94,1000,2000,1.0,1.0,0,0.95
scifact,0,94,2000,4000,1.0,1.0,0,1.0
scifact,0,94,5000,7440,1.0,1.0,1,1.0
scifact,0,956,10,20,1.0,1.0,0,0.55
scifact,0,956,20,40,1.0,1.0,0,0.6
scifact,0,956,50,100,1.0,1.0,0,0.7
scifact,0,956,100,200,1.0,1.0,0,0.85
scifact,0,956,200,400,1.0,1.0,0,0.95
scifact,0,956,500,1000,1.0,1.0,1,1.0
scifact,0,956,1000,2000,1.0,1.0,1,1.0
scifact,0,956,2000,4000,1.0,1.0,1,1.0
scifact,0,956,5000,7179,1.0,1.0,1,1.0
scifact,0,957,10,20,1.0,1.0,0,0.6
scifact,0,957,20,40,1.0,1.0,0,0.7
scifact,0,957,50,100,1.0,1.0,0,0.8
scifact,0,957,100,200,1.0,1.0,0,0.85
scifact,0,957,200,400,1.0,1.0,0,0.9
scifact,0,957,500,1000,1.0,1.0,1,1.0
scifact,0,957,1000,1664,1.0,1.0,1,1.0
scifact,0,957,2000,2664,1.0,1.0,1,1.0
scifact,0,957,5000,5664,1.0,1.0,1,1.0
scifact,0,960,10,20,1.0,1.0,0,0.55
scifact,0,960,20,40,1.0,1.0,0,0.6
scifact,0,960,50,100,1.0,1.0,0,0.75
scifact,0,960,100,200,1.0,1.0,0,0.8
scifact,0,960,200,400,1.0,1.0,1,1.0
scifact,0,960,500,1000,1.0,1.0,1,1.0
scifact,0,960,1000,2000,1.0,1.0,1,1.0
scifact,0,960,2000,3148,1.0,1.0,1,1.0
scifact,0,960,5000,6148,1.0,1.0,1,1.0
scifact,0,967,10,20,1.0,1.0,0,0.5
scifact,0,967,20,40,1.0,1.0,0,0.55
scifact,0,967,50,100,1.0,1.0,0,0.55
scifact,0,967,100,200,1.0,1.0,0,0.9
scifact,0,967,200,400,1.0,1.0,0,0.95
scifact,0,967,500,1000,1.0,1.0,1,1.0
scifact,0,967,1000,2000,1.0,1.0,1,1.0
scifact,0,967,2000,3897,1.0,1.0,1,1.0
scifact,0,967,5000,6897,1.0,1.0,1,1.0
scifact,0,971,10,20,0.8927537907700456,0.8927537907700456,0,0.65
scifact,0,971,20,40,0.8927537907700456,0.8927537907700456,1,1.0
scifact,0,971,50,100,0.8927537907700456,0.8927537907700456,1,1.0
scifact,0,971,100,200,0.8927537907700456,0.8927537907700456,1,1.0
scifact,0,971,200,400,0.8927537907700456,0.8927537907700456,1,1.0
scifact,0,971,500,1000,0.8927537907700456,0.8927537907700456,1,1.0
scifact,0,971,1000,2000,0.8927537907700456,0.8927537907700456,1,1.0
scifact,0,971,2000,4000,0.8927537907700456,0.8927537907700456,1,1.0
scifact,0,971,5000,8667,0.8927537907700456,0.8927537907700456,1,1.0
scifact,0,975,10,20,0.0,0.0,0,0.45
scifact,0,975,20,40,0.0,0.0,0,0.55
scifact,0,975,50,100,0.0,0.0,0,0.9
scifact,0,975,100,200,0.0,0.0,1,1.0
scifact,0,975,200,400,0.0,0.0,1,1.0
scifact,0,975,500,1000,0.0,0.0,1,1.0
scifact,0,975,1000,2000,0.0,0.0,1,1.0
scifact,0,975,2000,4000,0.0,0.0,1,1.0
scifact,0,975,5000,7324,0.0,0.0,1,1.0
scifact,0,982,10,20,1.0,1.0,0,0.45
scifact,0,982,20,40,1.0,1.0,0,0.55
scifact,0,982,50,100,1.0,1.0,0,0.6
scifact,0,982,100,200,1.0,1.0,0,0.85
scifact,0,982,200,400,1.0,1.0,0,0.85
scifact,0,982,500,1000,1.0,1.0,1,1.0
scifact,0,982,1000,2000,1.0,1.0,1,1.0
scifact,0,982,2000,4000,1.0,1.0,1,1.0
scifact,0,982,5000,9710,1.0,1.0,1,1.0
scifact,0,985,10,20,1.0,1.0,0,0.6
scifact,0,985,20,40,1.0,1.0,0,0.7
scifact,0,985,50,100,1.0,1.0,0,0.9
scifact,0,985,100,200,1.0,1.0,1,1.0
scifact,0,985,200,400,1.0,1.0,1,1.0
scifact,0,985,500,1000,1.0,1.0,1,1.0
scifact,0,985,1000,2000,1.0,1.0,1,1.0
scifact,0,985,2000,4000,1.0,1.0,1,1.0
scifact,0,985,5000,7797,1.0,1.0,1,1.0
scifact,0,99,10,20,1.0,1.0,0,0.5
scifact,0,99,20,40,1.0,1.0,0,0.6
scifact,0,99,50,100,1.0,1.0,0,0.75
scifact,0,99,100,200,1.0,1.0,0,0.85
scifact,0,99,200,400,1.0,1.0,1,1.0
scifact,0,99,500,1000,1.0,1.0,1,1.0
scifact,0,99,1000,2000,1.0,1.0,1,1.0
scifact,0,99,2000,3801,1.0,1.0,1,1.0
scifact,0,99,5000,6801,1.0,1.0,1,1.0
scifact,0,993,10,20,1.0,1.0,0,0.55
scifact,0,993,20,40,1.0,1.0,0,0.85
scifact,0,993,50,100,1.0,1.0,0,0.9
scifact,0,993,100,200,1.0,1.0,1,1.0
scifact,0,993,200,400,1.0,1.0,1,1.0
scifact,0,993,500,1000,1.0,1.0,1,1.0
scifact,0,993,1000,1705,1.0,1.0,1,1.0
scifact,0,993,2000,2705,1.0,1.0,1,1.0
scifact,0,993,5000,5705,1.0,1.0,1,1.0
trec-covid,0,1,10,20,0.28241328958988643,0.4112003142447127,0,0.8
trec-covid,0,1,20,40,0.28241328958988643,0.4112003142447127,0,0.8
trec-covid,0,1,50,100,0.24559011863553,0.4112003142447127,0,0.85
trec-covid,0,1,100,200,0.3706844621276564,0.4112003142447127,0,0.85
trec-covid,0,1,200,400,0.4147551635671982,0.4112003142447127,0,0.85
trec-covid,0,1,500,1000,0.409883596616994,0.4112003142447127,0,1.0
trec-covid,0,1,1000,2000,0.409883596616994,0.4112003142447127,0,1.0
trec-covid,0,1,2000,4000,0.4112003142447127,0.4112003142447127,0,1.0
trec-covid,0,1,5000,10000,0.4112003142447127,0.4112003142447127,1,1.0
trec-covid,0,10,10,20,0.9574284411791895,0.8500474841512528,0,0.5
trec-covid,0,10,20,40,0.9159238567655444,0.8500474841512528,0,0.55
trec-covid,0,10,50,100,0.8500474841512528,0.8500474841512528,0,0.75
trec-covid,0,10,100,200,0.8500474841512528,0.8500474841512528,0,0.75
trec-covid,0,10,200,400,0.8500474841512528,0.8500474841512528,0,0.95
trec-covid,0,10,500,1000,0.8500474841512528,0.8500474841512528,1,1.0
trec-covid,0,10,1000,2000,0.8500474841512528,0.8500474841512528,1,1.0
trec-covid,0,10,2000,4000,0.8500474841512528,0.8500474841512528,1,1.0
trec-covid,0,10,5000,10000,0.8500474841512528,0.8500474841512528,1,1.0
trec-covid,0,11,10,20,0.5839872549804802,0.5694854378811856,0,0.65
trec-covid,0,11,20,40,0.5110942520897673,0.5694854378811856,0,0.7
trec-covid,0,11,50,100,0.47393799376697826,0.5694854378811856,0,0.8
trec-covid,0,11,100,200,0.5045479320545151,0.5694854378811856,0,0.9
trec-covid,0,11,200,400,0.5694854378811856,0.5694854378811856,1,1.0
trec-covid,0,11,500,1000,0.5694854378811856,0.5694854378811856,1,1.0
trec-covid,0,11,1000,2000,0.5694854378811856,0.5694854378811856,1,1.0
trec-covid,0,11,2000,4000,0.5694854378811856,0.5694854378811856,1,1.0
trec-covid,0,11,5000,10000,0.5694854378811856,0.5694854378811856,1,1.0
trec-covid,0,12,10,20,0.0,0.4621621762891792,0,0.4
trec-covid,0,12,20,40,0.0,0.4621621762891792,0,0.4
trec-covid,0,12,50,100,0.3589542101716347,0.4621621762891792,0,0.55
trec-covid,0,12,100,200,0.3589542101716347,0.4621621762891792,0,0.7
trec-covid,0,12,200,400,0.4634788939168979,0.4621621762891792,0,0.95
trec-covid,0,12,500,1000,0.4621621762891792,0.4621621762891792,0,1.0
trec-covid,0,12,1000,2000,0.4621621762891792,0.4621621762891792,0,1.0
trec-covid,0,12,2000,4000,0.4621621762891792,0.4621621762891792,0,1.0
trec-covid,0,12,5000,10000,0.4621621762891792,0.4621621762891792,0,1.0
trec-covid,0,13,10,20,0.6841662470450088,0.8386856305625847,0,0.4
trec-covid,0,13,20,40,0.7312659225375666,0.8386856305625847,0,0.45
trec-covid,0,13,50,100,0.8386856305625847,0.8386856305625847,0,0.8
trec-covid,0,13,100,200,0.8386856305625847,0.8386856305625847,1,1.0
trec-covid,0,13,200,400,0.8386856305625847,0.8386856305625847,1,1.0
trec-covid,0,13,500,1000,0.8386856305625847,0.8386856305625847,1,1.0
trec-covid,0,13,1000,2000,0.8386856305625847,0.8386856305625847,1,1.0
trec-covid,0,13,2000,4000,0.8386856305625847,0.8386856305625847,1,1.0
trec-covid,0,13,5000,10000,0.8386856305625847,0.8386856305625847,1,1.0
trec-covid,0,14,10,20,0.914856882358379,0.9305687780632227,0,0.5
trec-covid,0,14,20,40,0.9266360779006398,0.9305687780632227,0,0.65
trec-covid,0,14,50,100,0.9305687780632227,0.9305687780632227,0,0.85
trec-covid,0,14,100,200,0.9305687780632227,0.9305687780632227,0,0.9
trec-covid,0,14,200,400,0.9305687780632227,0.9305687780632227,1,1.0
trec-covid,0,14,500,1000,0.9305687780632227,0.9305687780632227,1,1.0
trec-covid,0,14,1000,2000,0.9305687780632227,0.9305687780632227,1,1.0
trec-covid,0,14,2000,4000,0.9305687780632227,0.9305687780632227,1,1.0
trec-covid,0,14,5000,10000,0.9305687780632227,0.9305687780632227,1,1.0
trec-covid,0,15,10,20,0.49706983504219054,0.5343154499874424,0,0.9
trec-covid,0,15,20,40,0.49706983504219054,0.5343154499874424,0,1.0
trec-covid,0,15,50,100,0.49706983504219054,0.5343154499874424,0,1.0
trec-covid,0,15,100,200,0.49706983504219054,0.5343154499874424,0,1.0
trec-covid,0,15,200,400,0.49706983504219054,0.5343154499874424,0,1.0
trec-covid,0,15,500,1000,0.49706983504219054,0.5343154499874424,0,1.0
trec-covid,0,15,1000,2000,0.49706983504219054,0.5343154499874424,0,1.0
trec-covid,0,15,2000,4000,0.5123273538216798,0.5343154499874424,0,1.0
trec-covid,0,15,5000,10000,0.5343154499874424,0.5343154499874424,0,1.0
trec-covid,0,16,10,20,0.7479350596733328,0.8507549823616222,0,0.75
trec-covid,0,16,20,40,0.7479350596733328,0.8507549823616222,0,0.75
trec-covid,0,16,50,100,0.7811283345757603,0.8507549823616222,0,0.85
trec-covid,0,16,100,200,0.754007082435476,0.8507549823616222,0,0.9
trec-covid,0,16,200,400,0.754007082435476,0.8507549823616222,0,0.9
trec-covid,0,16,500,1000,0.754007082435476,0.8507549823616222,0,0.95
trec-covid,0,16,1000,2000,0.754007082435476,0.8507549823616222,0,0.95
trec-covid,0,16,2000,4000,0.8507549823616222,0.8507549823616222,0,0.95
trec-covid,0,16,5000,10000,0.8507549823616222,0.8507549823616222,1,1.0
trec-covid,0,17,10,20,0.6844278360693264,0.8433575915491295,0,0.65
trec-covid,0,17,20,40,0.6844278360693264,0.8433575915491295,0,0.65
trec-covid,0,17,50,100,0.7711820077100174,0.8433575915491295,0,0.65
trec-covid,0,17,100,200,0.913166664326004,0.8433575915491295,0,0.8
trec-covid,0,17,200,400,0.9102614474570914,0.8433575915491295,0,0.9
trec-covid,0,17,500,1000,0.8433575915491295,0.8433575915491295,0,0.9
trec-covid,0,17,1000,2000,0.8433575915491295,0.8433575915491295,0,0.95
trec-covid,0,17,2000,4000,0.8433575915491295,0.8433575915491295,0,1.0
trec-covid,0,17,5000,10000,0.8433575915491295,0.8433575915491295,1,1.0
trec-covid,0,18,10,20,0.5469356251448462,0.9256180470797136,0,0.7
trec-covid,0,18,20,40,0.5469356251448462,0.9256180470797136,0,0.7
trec-covid,0,18,50,100,0.690797743588149,0.9256180470797136,0,0.7
trec-covid,0,18,100,200,0.7646427774853142,0.9256180470797136,0,0.8
trec-covid,0,18,200,400,0.9574284411791895,0.9256180470797136,0,0.9
trec-covid,0,18,500,1000,0.9574284411791895,0.9256180470797136,0,0.8
trec-covid,0,18,1000,2000,0.9256180470797136,0.9256180470797136,0,0.95
trec-covid,0,18,2000,4000,0.9256180470797136,0.9256180470797136,0,0.95
trec-covid,0,18,5000,10000,0.9256180470797136,0.9256180470797136,1,1.0
trec-covid,0,19,10,20,0.6836369937110773,0.6272181704755336,0,0.7
trec-covid,0,19,20,40,0.6876619601920971,0.6272181704755336,0,0.75
trec-covid,0,19,50,100,0.6272181704755336,0.6272181704755336,0,0.8
trec-covid,0,19,100,200,0.6272181704755336,0.6272181704755336,0,0.95
trec-covid,0,19,200,400,0.6272181704755336,0.6272181704755336,0,0.95
trec-covid,0,19,500,1000,0.6272181704755336,0.6272181704755336,1,1.0
trec-covid,0,19,1000,2000,0.6272181704755336,0.6272181704755336,1,1.0
trec-covid,0,19,2000,4000,0.6272181704755336,0.6272181704755336,1,1.0
trec-covid,0,19,5000,10000,0.6272181704755336,0.6272181704755336,1,1.0
trec-covid,0,2,10,20,0.6203930839812437,0.94497705842548,0,0.7
trec-covid,0,2,20,40,0.6520797208966165,0.94497705842548,0,0.7
trec-covid,0,2,50,100,0.7456708248353618,0.94497705842548,0,0.8
trec-covid,0,2,100,200,0.94497705842548,0.94497705842548,0,0.95
trec-covid,0,2,200,400,0.94497705842548,0.94497705842548,0,0.95
trec-covid,0,2,500,1000,0.94497705842548,0.94497705842548,0,0.95
trec-covid,0,2,1000,2000,0.94497705842548,0.94497705842548,0,1.0
trec-covid,0,2,2000,4000,0.94497705842548,0.94497705842548,0,1.0
trec-covid,0,2,5000,10000,0.94497705842548,0.94497705842548,0,1.0
trec-covid,0,20,10,20,0.9363792118010481,1.0,0,0.55
trec-covid,0,20,20,40,1.0,1.0,0,0.65
trec-covid,0,20,50,100,1.0,1.0,0,0.75
trec-covid,0,20,100,200,1.0,1.0,0,0.9
trec-covid,0,20,200,400,1.0,1.0,1,1.0
trec-covid,0,20,500,1000,1.0,1.0,1,1.0
trec-covid,0,20,1000,2000,1.0,1.0,1,1.0
trec-covid,0,20,2000,4000,1.0,1.0,1,1.0
trec-covid,0,20,5000,10000,1.0,1.0,1,1.0
trec-covid,0,21,10,20,0.6987957033953601,0.8389574121760601,0,0.5
trec-covid,0,21,20,40,0.696938354998433,0.8389574121760601,0,0.55
trec-covid,0,21,50,100,0.8389574121760601,0.8389574121760601,0,0.7
trec-covid,0,21,100,200,0.8389574121760601,0.8389574121760601,0,0.9
trec-covid,0,21,200,400,0.8389574121760601,0.8389574121760601,0,0.95
trec-covid,0,21,500,1000,0.8389574121760601,0.8389574121760601,1,1.0
trec-covid,0,21,1000,2000,0.8389574121760601,0.8389574121760601,1,1.0
trec-covid,0,21,2000,4000,0.8389574121760601,0.8389574121760601,1,1.0
trec-covid,0,21,5000,10000,0.8389574121760601,0.8389574121760601,1,1.0
trec-covid,0,22,10,20,1.0,0.9363792118010481,0,0.25
trec-covid,0,22,20,40,1.0,0.9363792118010481,0,0.3
trec-covid,0,22,50,100,0.9363792118010481,0.9363792118010481,0,0.65
trec-covid,0,22,100,200,0.9363792118010481,0.9363792118010481,1,1.0
trec-covid,0,22,200,400,0.9363792118010481,0.9363792118010481,1,1.0
trec-covid,0,22,500,1000,0.9363792118010481,0.9363792118010481,1,1.0
trec-covid,0,22,1000,2000,0.9363792118010481,0.9363792118010481,1,1.0
trec-covid,0,22,2000,4000,0.9363792118010481,0.9363792118010481,1,1.0
trec-covid,0,22,5000,10000,0.9363792118010481,0.9363792118010481,1,1.0
trec-covid,0,23,10,20,0.7909506325094736,0.9321572773044168,0,0.25
trec-covid,0,23,20,40,0.8701249883466592,0.9321572773044168,0,0.35
trec-covid,0,23,50,100,1.0,0.9321572773044168,0,0.45
trec-covid,0,23,100,200,0.9321572773044168,0.9321572773044168,0,0.85
trec-covid,0,23,200,400,0.9321572773044168,0.9321572773044168,0,0.95
trec-covid,0,23,500,1000,0.9321572773044168,0.9321572773044168,0,0.95
trec-covid,0,23,1000,2000,0.9321572773044168,0.9321572773044168,1,1.0
trec-covid,0,23,2000,4000,0.9321572773044168,0.9321572773044168,1,1.0
trec-covid,0,23,5000,10000,0.9321572773044168,0.9321572773044168,1,1.0
trec-covid,0,24,10,20,0.8232653318539842,0.94497705842548,0,0.4
trec-covid,0,24,20,40,0.8232653318539842,0.94497705842548,0,0.45
trec-covid,0,24,50,100,0.8813562702265281,0.94497705842548,0,0.55
trec-covid,0,24,100,200,0.94497705842548,0.94497705842548,0,0.85
trec-covid,0,24,200,400,0.94497705842548,0.94497705842548,0,0.85
trec-covid,0,24,500,1000,0.94497705842548,0.94497705842548,1,1.0
trec-covid,0,24,1000,2000,0.94497705842548,0.94497705842548,1,1.0
trec-covid,0,24,2000,4000,0.94497705842548,0.94497705842548,1,1.0
trec-covid,0,24,5000,10000,0.94497705842548,0.94497705842548,1,1.0
trec-covid,0,25,10,20,0.7630946912803436,0.9216017310213246,0,0.4
trec-covid,0,25,20,40,0.7909506325094736,0.9216017310213246,0,0.45
trec-covid,0,25,50,100,0.9216017310213246,0.9216017310213246,0,0.9
trec-covid,0,25,100,200,0.9216017310213246,0.9216017310213246,0,0.95
trec-covid,0,25,200,400,0.9216017310213246,0.9216017310213246,0,0.95
trec-covid,0,25,500,1000,0.9216017310213246,0.9216017310213246,1,1.0
trec-covid,0,25,1000,2000,0.9216017310213246,0.9216017310213246,1,1.0
trec-covid,0,25,2000,4000,0.9216017310213246,0.9216017310213246,1,1.0
trec-covid,0,25,5000,10000,0.9216017310213246,0.9216017310213246,1,1.0
trec-covid,0,26,10,20,0.1735780548419432,0.6961622681399229,0,0.55
trec-covid,0,26,20,40,0.1735780548419432,0.6961622681399229,0,0.55
trec-covid,0,26,50,100,0.5008104874201507,0.6961622681399229,0,0.65
trec-covid,0,26,100,200,0.7151857987862356,0.6961622681399229,0,0.9
trec-covid,0,26,200,400,0.6987957033953601,0.6961622681399229,0,0.95
trec-covid,0,26,500,1000,0.6987957033953601,0.6961622681399229,0,0.95
trec-covid,0,26,1000,2000,0.6987957033953601,0.6961622681399229,0,0.95
trec-covid,0,26,2000,4000,0.6987957033953601,0.6961622681399229,0,0.95
trec-covid,0,26,5000,10000,0.6987957033953601,0.6961622681399229,0,1.0
trec-covid,0,27,10,20,0.6975961695061491,0.8674627001736035,0,0.7
trec-covid,0,27,20,40,0.7435564503246982,0.8674627001736035,0,0.7
trec-covid,0,27,50,100,0.7483790736886631,0.8674627001736035,0,0.7
trec-covid,0,27,100,200,0.8704960246620606,0.8674627001736035,0,0.9
trec-covid,0,27,200,400,0.8704960246620606,0.8674627001736035,0,0.85
trec-covid,0,27,500,1000,0.8674627001736035,0.8674627001736035,0,0.95
trec-covid,0,27,1000,2000,0.8674627001736035,0.8674627001736035,0,1.0
trec-covid,0,27,2000,4000,0.8674627001736035,0.8674627001736035,0,1.0
trec-covid,0,27,5000,10000,0.8674627001736035,0.8674627001736035,0,1.0
trec-covid,0,28,10,20,0.7885497208855956,0.8611375561264454,0,0.35
trec-covid,0,28,20,40,0.7885497208855956,0.8611375561264454,0,0.35
trec-covid,0,28,50,100,0.8669479898642709,0.8611375561264454,0,0.45
trec-covid,0,28,100,200,0.8611375561264454,0.8611375561264454,0,0.8
trec-covid,0,28,200,400,0.8611375561264454,0.8611375561264454,0,0.8
trec-covid,0,28,500,1000,0.8611375561264454,0.8611375561264454,1,1.0
trec-covid,0,28,1000,2000,0.8611375561264454,0.8611375561264454,1,1.0
trec-covid,0,28,2000,4000,0.8611375561264454,0.8611375561264454,1,1.0
trec-covid,0,28,5000,10000,0.8611375561264454,0.8611375561264454,1,1.0
trec-covid,0,29,10,20,0.7202157952301098,0.8716131363261199,0,0.5
trec-covid,0,29,20,40,0.7202157952301098,0.8716131363261199,0,0.6
trec-covid,0,29,50,100,0.8716131363261199,0.8716131363261199,0,0.8
trec-covid,0,29,100,200,0.8716131363261199,0.8716131363261199,1,1.0
trec-covid,0,29,200,400,0.8716131363261199,0.8716131363261199,1,1.0
trec-covid,0,29,500,1000,0.8716131363261199,0.8716131363261199,1,1.0
trec-covid,0,29,1000,2000,0.8716131363261199,0.8716131363261199,1,1.0
trec-covid,0,29,2000,4000,0.8716131363261199,0.8716131363261199,1,1.0
trec-covid,0,29,5000,10000,0.8716131363261199,0.8716131363261199,1,1.0
trec-covid,0,3,10,20,0.40208604482355514,0.9668728882728055,0,0.6
trec-covid,0,3,20,40,0.40208604482355514,0.9668728882728055,0,0.6
trec-covid,0,3,50,100,0.7507334671992096,0.9668728882728055,0,0.6
trec-covid,0,3,100,200,1.0,0.9668728882728055,0,0.85
trec-covid,0,3,200,400,1.0,0.9668728882728055,0,0.9
trec-covid,0,3,500,1000,0.9668728882728055,0.9668728882728055,0,0.9
trec-covid,0,3,1000,2000,0.9668728882728055,0.9668728882728055,0,0.95
trec-covid,0,3,2000,4000,0.9668728882728055,0.9668728882728055,0,0.95
trec-covid,0,3,5000,10000,0.9668728882728055,0.9668728882728055,0,1.0
trec-covid,0,30,10,20,0.9260852545422736,1.0,0,0.45
trec-covid,0,30,20,40,0.968189605900524,1.0,0,0.55
trec-covid,0,30,50,100,1.0,1.0,0,0.8
trec-covid,0,30,100,200,1.0,1.0,0,0.95
trec-covid,0,30,200,400,1.0,1.0,1,1.0
trec-covid,0,30,500,1000,1.0,1.0,1,1.0
trec-covid,0,30,1000,2000,1.0,1.0,1,1.0
trec-covid,0,30,2000,4000,1.0,1.0,1,1.0
trec-covid,0,30,5000,10000,1.0,1.0,1,1.0
trec-covid,0,31,10,20,0.6001700698939711,0.4813301122213019,0,0.45
trec-covid,0,31,20,40,0.6001700698939711,0.4813301122213019,0,0.45
trec-covid,0,31,50,100,0.5372903784169164,0.4813301122213019,0,0.55
trec-covid,0,31,100,200,0.6112051238746428,0.4813301122213019,0,0.75
trec-covid,0,31,200,400,0.5449509004202537,0.4813301122213019,0,0.85
trec-covid,0,31,500,1000,0.4813301122213019,0.4813301122213019,0,0.9
trec-covid,0,31,1000,2000,0.4813301122213019,0.4813301122213019,0,1.0
trec-covid,0,31,2000,4000,0.4813301122213019,0.4813301122213019,0,1.0
trec-covid,0,31,5000,10000,0.4813301122213019,0.4813301122213019,0,1.0
trec-covid,0,32,10,20,0.5957616317188125,0.7084409501232899,0,0.85
trec-covid,0,32,20,40,0.5957616317188125,0.7084409501232899,0,0.85
trec-covid,0,32,50,100,0.6110191504983018,0.7084409501232899,0,0.85
trec-covid,0,32,100,200,0.7183627972686238,0.7084409501232899,0,0.95
trec-covid,0,32,200,400,0.7183627972686238,0.7084409501232899,0,0.95
trec-covid,0,32,500,1000,0.7183627972686238,0.7084409501232899,0,1.0
trec-covid,0,32,1000,2000,0.7183627972686238,0.7084409501232899,0,1.0
trec-covid,0,32,2000,4000,0.7084409501232899,0.7084409501232899,0,1.0
trec-covid,0,32,5000,10000,0.7084409501232899,0.7084409501232899,0,1.0
trec-covid,0,33,10,20,0.7215194105726963,0.6638589164388774,0,0.5
trec-covid,0,33,20,40,0.7126849230128437,0.6638589164388774,0,0.6
trec-covid,0,33,50,100,0.7957320407871021,0.6638589164388774,0,0.7
trec-covid,0,33,100,200,0.696318942991926,0.6638589164388774,0,0.8
trec-covid,0,33,200,400,0.6638589164388774,0.6638589164388774,0,0.9
trec-covid,0,33,500,1000,0.6638589164388774,0.6638589164388774,0,0.95
trec-covid,0,33,1000,2000,0.6638589164388774,0.6638589164388774,1,1.0
trec-covid,0,33,2000,4000,0.6638589164388774,0.6638589164388774,1,1.0
trec-covid,0,33,5000,10000,0.6638589164388774,0.6638589164388774,1,1.0
trec-covid,0,34,10,20,0.15744006533381547,0.3580153433840133,0,0.65
trec-covid,0,34,20,40,0.2626633251188907,0.3580153433840133,0,0.7
trec-covid,0,34,50,100,0.2548073772664688,0.3580153433840133,0,0.8
trec-covid,0,34,100,200,0.32620494928453747,0.3580153433840133,0,0.85
trec-covid,0,34,200,400,0.32620494928453747,0.3580153433840133,0,0.95
trec-covid,0,34,500,1000,0.32620494928453747,0.3580153433840133,0,0.95
trec-covid,0,34,1000,2000,0.32620494928453747,0.3580153433840133,0,0.95
trec-covid,0,34,2000,4000,0.3580153433840133,0.3580153433840133,1,1.0
trec-covid,0,34,5000,10000,0.3580153433840133,0.3580153433840133,1,1.0
trec-covid,0,35,10,20,0.28604466499762904,0.8553475075669356,0,0.4
trec-covid,0,35,20,40,0.41134806692615844,0.8553475075669356,0,0.4
trec-covid,0,35,50,100,0.6650300737264787,0.8553475075669356,0,0.55
trec-covid,0,35,100,200,0.8579809428223729,0.8553475075669356,0,0.65
trec-covid,0,35,200,400,0.8521705090845474,0.8553475075669356,0,0.7
trec-covid,0,35,500,1000,0.8553475075669356,0.8553475075669356,0,1.0
trec-covid,0,35,1000,2000,0.8553475075669356,0.8553475075669356,0,1.0
trec-covid,0,35,2000,4000,0.8553475075669356,0.8553475075669356,0,1.0
trec-covid,0,35,5000,10000,0.8553475075669356,0.8553475075669356,1,1.0
trec-covid,0,36,10,20,1.0,0.9216017310213246,0,0.65
trec-covid,0,36,20,40,0.9216017310213246,0.9216017310213246,0,0.75
trec-covid,0,36,50,100,0.9216017310213246,0.9216017310213246,0,0.85
trec-covid,0,36,100,200,0.9216017310213246,0.9216017310213246,1,1.0
trec-covid,0,36,200,400,0.9216017310213246,0.9216017310213246,1,1.0
trec-covid,0,36,500,1000,0.9216017310213246,0.9216017310213246,1,1.0
trec-covid,0,36,1000,2000,0.9216017310213246,0.9216017310213246,1,1.0
trec-covid,0,36,2000,4000,0.9216017310213246,0.9216017310213246,1,1.0
trec-covid,0,36,5000,10000,0.9216017310213246,0.9216017310213246,1,1.0
trec-covid,0,37,10,20,0.5528165724933457,0.6956908805627879,0,0.55
trec-covid,0,37,20,40,0.717325121385796,0.6956908805627879,0,0.65
trec-covid,0,37,50,100,0.6956908805627879,0.6956908805627879,0,0.9
trec-covid,0,37,100,200,0.6956908805627879,0.6956908805627879,1,1.0
trec-covid,0,37,200,400,0.6956908805627879,0.6956908805627879,1,1.0
trec-covid,0,37,500,1000,0.6956908805627879,0.6956908805627879,1,1.0
trec-covid,0,37,1000,2000,0.6956908805627879,0.6956908805627879,1,1.0
trec-covid,0,37,2000,4000,0.6956908805627879,0.6956908805627879,1,1.0
trec-covid,0,37,5000,10000,0.6956908805627879,0.6956908805627879,1,1.0
trec-covid,0,38,10,20,0.968189605900524,1.0,0,0.6
trec-covid,0,38,20,40,0.968189605900524,1.0,0,0.75
trec-covid,0,38,50,100,1.0,1.0,0,0.75
trec-covid,0,38,100,200,1.0,1.0,0,0.8
trec-covid,0,38,200,400,1.0,1.0,0,0.9
trec-covid,0,38,500,1000,1.0,1.0,1,1.0
trec-covid,0,38,1000,2000,1.0,1.0,1,1.0
trec-covid,0,38,2000,4000,1.0,1.0,1,1.0
trec-covid,0,38,5000,10000,1.0,1.0,1,1.0
trec-covid,0,39,10,20,0.913166664326004,0.94497705842548,0,0.45
trec-covid,0,39,20,40,0.94497705842548,0.94497705842548,0,0.6
trec-covid,0,39,50,100,0.9118499466982855,0.94497705842548,0,0.75
trec-covid,0,39,100,200,0.94497705842548,0.94497705842548,1,1.0
trec-covid,0,39,200,400,0.94497705842548,0.94497705842548,1,1.0
trec-covid,0,39,500,1000,0.94497705842548,0.94497705842548,1,1.0
trec-covid,0,39,1000,2000,0.94497705842548,0.94497705842548,1,1.0
trec-covid,0,39,2000,4000,0.94497705842548,0.94497705842548,1,1.0
trec-covid,0,39,5000,10000,0.94497705842548,0.94497705842548,1,1.0
trec-covid,0,4,10,20,0.20483424751859086,0.5087655161157055,0,0.75
trec-covid,0,4,20,40,0.20483424751859086,0.5087655161157055,0,0.75
trec-covid,0,4,50,100,0.3746661058764784,0.5087655161157055,0,0.8
trec-covid,0,4,100,200,0.4153154393983081,0.5087655161157055,0,0.85
trec-covid,0,4,200,400,0.5826802615734318,0.5087655161157055,0,0.9
trec-covid,0,4,500,1000,0.5737030219423759,0.5087655161157055,0,0.9
trec-covid,0,4,1000,2000,0.5087655161157055,0.5087655161157055,0,0.9
trec-covid,0,4,2000,4000,0.5087655161157055,0.5087655161157055,0,0.95
trec-covid,0,4,5000,10000,0.5087655161157055,0.5087655161157055,1,1.0
trec-covid,0,40,10,20,1.0,1.0,0,0.7
trec-covid,0,40,20,40,1.0,1.0,0,0.8
trec-covid,0,40,50,100,1.0,1.0,0,0.8
trec-covid,0,40,100,200,1.0,1.0,1,1.0
trec-covid,0,40,200,400,1.0,1.0,1,1.0
trec-covid,0,40,500,1000,1.0,1.0,1,1.0
trec-covid,0,40,1000,2000,1.0,1.0,1,1.0
trec-covid,0,40,2000,4000,1.0,1.0,1,1.0
trec-covid,0,40,5000,10000,1.0,1.0,1,1.0
trec-covid,0,41,10,20,0.7859162856301583,0.9289904714111863,0,0.55
trec-covid,0,41,20,40,0.8079923481271681,0.9289904714111863,0,0.55
trec-covid,0,41,50,100,0.862464466343322,0.9289904714111863,0,0.7
trec-covid,0,41,100,200,0.9289904714111863,0.9289904714111863,0,0.8
trec-covid,0,41,200,400,0.9289904714111863,0.9289904714111863,1,1.0
trec-covid,0,41,500,1000,0.9289904714111863,0.9289904714111863,1,1.0
trec-covid,0,41,1000,2000,0.9289904714111863,0.9289904714111863,1,1.0
trec-covid,0,41,2000,4000,0.9289904714111863,0.9289904714111863,1,1.0
trec-covid,0,41,5000,10000,0.9289904714111863,0.9289904714111863,1,1.0
trec-covid,0,42,10,20,1.0,1.0,0,0.6
trec-covid,0,42,20,40,1.0,1.0,0,0.65
trec-covid,0,42,50,100,1.0,1.0,0,0.75
trec-covid,0,42,100,200,1.0,1.0,1,1.0
trec-covid,0,42,200,400,1.0,1.0,1,1.0
trec-covid,0,42,500,1000,1.0,1.0,1,1.0
trec-covid,0,42,1000,2000,1.0,1.0,1,1.0
trec-covid,0,42,2000,4000,1.0,1.0,1,1.0
trec-covid,0,42,5000,10000,1.0,1.0,1,1.0
trec-covid,0,43,10,20,0.5771493379489847,0.5560005593592229,0,0.45
trec-covid,0,43,20,40,0.6456383150336786,0.5560005593592229,0,0.55
trec-covid,0,43,50,100,0.5560005593592229,0.5560005593592229,0,0.65
trec-covid,0,43,100,200,0.5560005593592229,0.5560005593592229,0,0.85
trec-covid,0,43,200,400,0.5560005593592229,0.5560005593592229,0,0.85
trec-covid,0,43,500,1000,0.5560005593592229,0.5560005593592229,0,1.0
trec-covid,0,43,1000,2000,0.5560005593592229,0.5560005593592229,0,1.0
trec-covid,0,43,2000,4000,0.5560005593592229,0.5560005593592229,1,1.0
trec-covid,0,43,5000,10000,0.5560005593592229,0.5560005593592229,1,1.0
trec-covid,0,44,10,20,0.8347683953473287,1.0,0,0.5
trec-covid,0,44,20,40,0.8879972192424123,1.0,0,0.55
trec-covid,0,44,50,100,0.968189605900524,1.0,0,0.65
trec-covid,0,44,100,200,1.0,1.0,0,0.8
trec-covid,0,44,200,400,1.0,1.0,0,0.9
trec-covid,0,44,500,1000,1.0,1.0,0,0.95
trec-covid,0,44,1000,2000,1.0,1.0,0,1.0
trec-covid,0,44,2000,4000,1.0,1.0,0,1.0
trec-covid,0,44,5000,10000,1.0,1.0,1,1.0
trec-covid,0,45,10,20,0.9024054996046694,0.7850198196520067,0,0.45
trec-covid,0,45,20,40,0.9024054996046694,0.7850198196520067,0,0.45
trec-covid,0,45,50,100,0.8609009151910245,0.7850198196520067,0,0.55
trec-covid,0,45,100,200,0.7850198196520067,0.7850198196520067,0,0.85
trec-covid,0,45,200,400,0.7850198196520067,0.7850198196520067,0,0.8
trec-covid,0,45,500,1000,0.7850198196520067,0.7850198196520067,0,0.9
trec-covid,0,45,1000,2000,0.7850198196520067,0.7850198196520067,1,1.0
trec-covid,0,45,2000,4000,0.7850198196520067,0.7850198196520067,1,1.0
trec-covid,0,45,5000,10000,0.7850198196520067,0.7850198196520067,1,1.0
trec-covid,0,46,10,20,0.6519927576051745,1.0,0,0.65
trec-covid,0,46,20,40,0.8553475075669356,1.0,0,0.7
trec-covid,0,46,50,100,1.0,1.0,0,0.75
trec-covid,0,46,100,200,1.0,1.0,0,0.9
trec-covid,0,46,200,400,1.0,1.0,1,1.0
trec-covid,0,46,500,1000,1.0,1.0,1,1.0
trec-covid,0,46,1000,2000,1.0,1.0,1,1.0
trec-covid,0,46,2000,4000,1.0,1.0,1,1.0
trec-covid,0,46,5000,10000,1.0,1.0,1,1.0
trec-covid,0,47,10,20,0.6749359875559982,1.0,0,0.75
trec-covid,0,47,20,40,0.6749359875559982,1.0,0,0.75
trec-covid,0,47,50,100,0.7631925784528222,1.0,0,0.8
trec-covid,0,47,100,200,0.8414929602590189,1.0,0,0.85
trec-covid,0,47,200,400,0.8669479898642709,1.0,0,0.9
trec-covid,0,47,500,1000,1.0,1.0,0,0.95
trec-covid,0,47,1000,2000,1.0,1.0,0,0.95
trec-covid,0,47,2000,4000,1.0,1.0,0,1.0
trec-covid,0,47,5000,10000,1.0,1.0,0,1.0
trec-covid,0,48,10,20,0.9652843890316114,0.9668728882728055,0,0.7
trec-covid,0,48,20,40,1.0,0.9668728882728055,0,0.75
trec-covid,0,48,50,100,1.0,0.9668728882728055,0,0.75
trec-covid,0,48,100,200,0.9668728882728055,0.9668728882728055,0,0.8
trec-covid,0,48,200,400,0.9668728882728055,0.9668728882728055,0,0.9
trec-covid,0,48,500,1000,0.9668728882728055,0.9668728882728055,0,0.95
trec-covid,0,48,1000,2000,0.9668728882728055,0.9668728882728055,0,0.95
trec-covid,0,48,2000,4000,0.9668728882728055,0.9668728882728055,0,0.95
trec-covid,0,48,5000,10000,0.9668728882728055,0.9668728882728055,1,1.0
trec-covid,0,49,10,20,0.4699691805553618,0.8708351245050764,0,0.4
trec-covid,0,49,20,40,0.4699691805553618,0.8708351245050764,0,0.45
trec-covid,0,49,50,100,0.5641912566192194,0.8708351245050764,0,0.5
trec-covid,0,49,100,200,0.7038901083728004,0.8708351245050764,0,0.6
trec-covid,0,49,200,400,0.8708351245050764,0.8708351245050764,0,0.85
trec-covid,0,49,500,1000,0.8708351245050764,0.8708351245050764,0,0.95
trec-covid,0,49,1000,2000,0.8708351245050764,0.8708351245050764,0,0.95
trec-covid,0,49,2000,4000,0.8708351245050764,0.8708351245050764,0,1.0
trec-covid,0,49,5000,10000,0.8708351245050764,0.8708351245050764,0,1.0
trec-covid,0,5,10,20,0.6667883412802726,0.6257190278568023,0,0.45
trec-covid,0,5,20,40,0.7300165231393884,0.6257190278568023,0,0.5
trec-covid,0,5,50,100,0.6604346388251909,0.6257190278568023,0,0.65
trec-covid,0,5,100,200,0.6257190278568023,0.6257190278568023,0,0.8
trec-covid,0,5,200,400,0.6257190278568023,0.6257190278568023,0,0.9
trec-covid,0,5,500,1000,0.6257190278568023,0.6257190278568023,1,1.0
trec-covid,0,5,1000,2000,0.6257190278568023,0.6257190278568023,1,1.0
trec-covid,0,5,2000,4000,0.6257190278568023,0.6257190278568023,1,1.0
trec-covid,0,5,5000,10000,0.6257190278568023,0.6257190278568023,1,1.0
trec-covid,0,50,10,20,0.6350770280239298,0.7324443399565831,0,0.6
trec-covid,0,50,20,40,0.6769023376372895,0.7324443399565831,0,0.6
trec-covid,0,50,50,100,0.7312169789513273,0.7324443399565831,0,0.7
trec-covid,0,50,100,200,0.7324443399565831,0.7324443399565831,0,0.85
trec-covid,0,50,200,400,0.7324443399565831,0.7324443399565831,0,0.85
trec-covid,0,50,500,1000,0.7324443399565831,0.7324443399565831,0,1.0
trec-covid,0,50,1000,2000,0.7324443399565831,0.7324443399565831,0,1.0
trec-covid,0,50,2000,4000,0.7324443399565831,0.7324443399565831,0,1.0
trec-covid,0,50,5000,10000,0.7324443399565831,0.7324443399565831,1,1.0
trec-covid,0,6,10,20,0.5404673768993046,0.914856882358379,0,0.5
trec-covid,0,6,20,40,0.6785038377365555,0.914856882358379,0,0.5
trec-covid,0,6,50,100,0.7849818707050382,0.914856882358379,0,0.6
trec-covid,0,6,100,200,0.914856882358379,0.914856882358379,0,0.75
trec-covid,0,6,200,400,0.914856882358379,0.914856882358379,0,0.8
trec-covid,0,6,500,1000,0.914856882358379,0.914856882358379,1,1.0
trec-covid,0,6,1000,2000,0.914856882358379,0.914856882358379,1,1.0
trec-covid,0,6,2000,4000,0.914856882358379,0.914856882358379,1,1.0
trec-covid,0,6,5000,10000,0.914856882358379,0.914856882358379,1,1.0
trec-covid,0,7,10,20,0.8415908474314974,0.9216017310213246,0,0.65
trec-covid,0,7,20,40,0.8521705090845474,0.9216017310213246,0,0.7
trec-covid,0,7,50,100,0.9216017310213246,0.9216017310213246,0,0.85
trec-covid,0,7,100,200,0.9216017310213246,0.9216017310213246,0,0.95
trec-covid,0,7,200,400,0.9216017310213246,0.9216017310213246,1,1.0
trec-covid,0,7,500,1000,0.9216017310213246,0.9216017310213246,1,1.0
trec-covid,0,7,1000,2000,0.9216017310213246,0.9216017310213246,1,1.0
trec-covid,0,7,2000,4000,0.9216017310213246,0.9216017310213246,1,1.0
trec-covid,0,7,5000,10000,0.9216017310213246,0.9216017310213246,1,1.0
trec-covid,0,8,10,20,0.5302442049991306,0.8669479898642709,0,0.65
trec-covid,0,8,20,40,0.6691255538181726,0.8669479898642709,0,0.65
trec-covid,0,8,50,100,0.6691255538181726,0.8669479898642709,0,0.65
trec-covid,0,8,100,200,0.8521705090845474,0.8669479898642709,0,0.75
trec-covid,0,8,200,400,0.9363792118010481,0.8669479898642709,0,0.9
trec-covid,0,8,500,1000,0.8669479898642709,0.8669479898642709,0,0.95
trec-covid,0,8,1000,2000,0.8669479898642709,0.8669479898642709,0,0.95
trec-covid,0,8,2000,4000,0.8669479898642709,0.8669479898642709,0,0.95
trec-covid,0,8,5000,10000,0.8669479898642709,0.8669479898642709,0,1.0
trec-covid,0,9,10,20,0.11996044740119041,0.3605196862864653,0,0.35
trec-covid,0,9,20,40,0.11996044740119041,0.3605196862864653,0,0.35
trec-covid,0,9,50,100,0.18143400269436502,0.3605196862864653,0,0.4
trec-covid,0,9,100,200,0.3605196862864653,0.3605196862864653,0,0.85
trec-covid,0,9,200,400,0.3605196862864653,0.3605196862864653,0,0.9
trec-covid,0,9,500,1000,0.3605196862864653,0.3605196862864653,0,0.9
trec-covid,0,9,1000,2000,0.3605196862864653,0.3605196862864653,1,1.0
trec-covid,0,9,2000,4000,0.3605196862864653,0.3605196862864653,1,1.0
trec-covid,0,9,5000,10000,0.3605196862864653,0.3605196862864653,1,1.0
msmarco-passage-trec-dl-2019,0,1037798,10,20,0.2845383827453502,0.09203475405180912,0,0.8
msmarco-passage-trec-dl-2019,0,1037798,20,40,0.19835891624638688,0.09203475405180912,0,0.9
msmarco-passage-trec-dl-2019,0,1037798,50,100,0.18041136295589963,0.09203475405180912,0,0.9
msmarco-passage-trec-dl-2019,0,1037798,100,200,0.09203475405180912,0.09203475405180912,0,0.9
msmarco-passage-trec-dl-2019,0,1037798,200,400,0.09203475405180912,0.09203475405180912,0,0.9
msmarco-passage-trec-dl-2019,0,1037798,500,1000,0.09203475405180912,0.09203475405180912,0,0.95
msmarco-passage-trec-dl-2019,0,1037798,1000,2000,0.09203475405180912,0.09203475405180912,0,0.95
msmarco-passage-trec-dl-2019,0,1037798,2000,4000,0.09203475405180912,0.09203475405180912,0,0.95
msmarco-passage-trec-dl-2019,0,1037798,5000,10000,0.09203475405180912,0.09203475405180912,0,1.0
msmarco-passage-trec-dl-2019,0,104861,10,20,1.0,1.0,0,0.4
msmarco-passage-trec-dl-2019,0,104861,20,40,1.0,1.0,0,0.4
msmarco-passage-trec-dl-2019,0,104861,50,100,1.0,1.0,0,0.5
msmarco-passage-trec-dl-2019,0,104861,100,200,1.0,1.0,0,0.7
msmarco-passage-trec-dl-2019,0,104861,200,400,1.0,1.0,0,0.95
msmarco-passage-trec-dl-2019,0,104861,500,1000,1.0,1.0,1,1.0
msmarco-passage-trec-dl-2019,0,104861,1000,2000,1.0,1.0,1,1.0
msmarco-passage-trec-dl-2019,0,104861,2000,4000,1.0,1.0,1,1.0
msmarco-passage-trec-dl-2019,0,104861,5000,10000,1.0,1.0,1,1.0
msmarco-passage-trec-dl-2019,0,1063750,10,20,0.37133418721093314,0.4955813805045101,0,0.7
msmarco-passage-trec-dl-2019,0,1063750,20,40,0.4494928243572325,0.4955813805045101,0,0.7
msmarco-passage-trec-dl-2019,0,1063750,50,100,0.4876890082629973,0.4955813805045101,0,0.7
msmarco-passage-trec-dl-2019,0,1063750,100,200,0.44341704464103787,0.4955813805045101,0,0.85
msmarco-passage-trec-dl-2019,0,1063750,200,400,0.4955813805045101,0.4955813805045101,0,0.9
msmarco-passage-trec-dl-2019,0,1063750,500,1000,0.4955813805045101,0.4955813805045101,0,0.95
msmarco-passage-trec-dl-2019,0,1063750,1000,2000,0.4955813805045101,0.4955813805045101,0,0.95
msmarco-passage-trec-dl-2019,0,1063750,2000,4000,0.4955813805045101,0.4955813805045101,1,1.0
msmarco-passage-trec-dl-2019,0,1063750,5000,10000,0.4955813805045101,0.4955813805045101,1,1.0
msmarco-passage-trec-dl-2019,0,1103812,10,20,0.5830805743980394,0.5956342699781224,0,0.6
msmarco-passage-trec-dl-2019,0,1103812,20,40,0.6016194786541774,0.5956342699781224,0,0.6
msmarco-passage-trec-dl-2019,0,1103812,50,100,0.602817937545153,0.5956342699781224,0,0.65
msmarco-passage-trec-dl-2019,0,1103812,100,200,0.5908557766440535,0.5956342699781224,0,0.75
msmarco-passage-trec-dl-2019,0,1103812,200,400,0.5956342699781224,0.5956342699781224,0,0.85
msmarco-passage-trec-dl-2019,0,1103812,500,1000,0.5956342699781224,0.5956342699781224,0,0.9
msmarco-passage-trec-dl-2019,0,1103812,1000,2000,0.5956342699781224,0.5956342699781224,0,1.0
msmarco-passage-trec-dl-2019,0,1103812,2000,4000,0.5956342699781224,0.5956342699781224,0,0.95
msmarco-passage-trec-dl-2019,0,1103812,5000,10000,0.5956342699781224,0.5956342699781224,1,1.0
msmarco-passage-trec-dl-2019,0,1106007,10,20,0.565205300089702,0.692504548584638,0,0.65
msmarco-passage-trec-dl-2019,0,1106007,20,40,0.6877271649338232,0.692504548584638,0,0.65
msmarco-passage-trec-dl-2019,0,1106007,50,100,0.692504548584638,0.692504548584638,0,0.8
msmarco-passage-trec-dl-2019,0,1106007,100,200,0.692504548584638,0.692504548584638,0,0.85
msmarco-passage-trec-dl-2019,0,1106007,200,400,0.692504548584638,0.692504548584638,0,0.9
msmarco-passage-trec-dl-2019,0,1106007,500,1000,0.692504548584638,0.692504548584638,1,1.0
msmarco-passage-trec-dl-2019,0,1106007,1000,2000,0.692504548584638,0.692504548584638,1,1.0
msmarco-passage-trec-dl-2019,0,1106007,2000,4000,0.692504548584638,0.692504548584638,1,1.0
msmarco-passage-trec-dl-2019,0,1106007,5000,10000,0.692504548584638,0.692504548584638,1,1.0
msmarco-passage-trec-dl-2019,0,1110199,10,20,0.7023819116786064,0.5770814691436907,0,0.6
msmarco-passage-trec-dl-2019,0,1110199,20,40,0.7023819116786064,0.5770814691436907,0,0.65
msmarco-passage-trec-dl-2019,0,1110199,50,100,0.6814733301938404,0.5770814691436907,0,0.65
msmarco-passage-trec-dl-2019,0,1110199,100,200,0.6524033842218679,0.5770814691436907,0,0.7
msmarco-passage-trec-dl-2019,0,1110199,200,400,0.5042033496240421,0.5770814691436907,0,0.9
msmarco-passage-trec-dl-2019,0,1110199,500,1000,0.5770814691436907,0.5770814691436907,0,0.95
msmarco-passage-trec-dl-2019,0,1110199,1000,2000,0.5770814691436907,0.5770814691436907,0,0.95
msmarco-passage-trec-dl-2019,0,1110199,2000,4000,0.5770814691436907,0.5770814691436907,1,1.0
msmarco-passage-trec-dl-2019,0,1110199,5000,10000,0.5770814691436907,0.5770814691436907,1,1.0
msmarco-passage-trec-dl-2019,0,1112341,10,20,0.578994483755867,0.6687439582296386,0,0.5
msmarco-passage-trec-dl-2019,0,1112341,20,40,0.6339372975469424,0.6687439582296386,0,0.55
msmarco-passage-trec-dl-2019,0,1112341,50,100,0.6908286993811016,0.6687439582296386,0,0.75
msmarco-passage-trec-dl-2019,0,1112341,100,200,0.6687439582296386,0.6687439582296386,0,0.85
msmarco-passage-trec-dl-2019,0,1112341,200,400,0.6687439582296386,0.6687439582296386,0,0.9
msmarco-passage-trec-dl-2019,0,1112341,500,1000,0.6687439582296386,0.6687439582296386,1,1.0
msmarco-passage-trec-dl-2019,0,1112341,1000,2000,0.6687439582296386,0.6687439582296386,1,1.0
msmarco-passage-trec-dl-2019,0,1112341,2000,4000,0.6687439582296386,0.6687439582296386,1,1.0
msmarco-passage-trec-dl-2019,0,1112341,5000,10000,0.6687439582296386,0.6687439582296386,1,1.0
msmarco-passage-trec-dl-2019,0,1113437,10,20,0.22482886476991354,0.3769540401767928,0,0.6
msmarco-passage-trec-dl-2019,0,1113437,20,40,0.22482886476991354,0.3769540401767928,0,0.6
msmarco-passage-trec-dl-2019,0,1113437,50,100,0.33824264808290905,0.3769540401767928,0,0.65
msmarco-passage-trec-dl-2019,0,1113437,100,200,0.3503044823991608,0.3769540401767928,0,0.8
msmarco-passage-trec-dl-2019,0,1113437,200,400,0.3769540401767928,0.3769540401767928,0,0.85
msmarco-passage-trec-dl-2019,0,1113437,500,1000,0.3769540401767928,0.3769540401767928,0,0.8
msmarco-passage-trec-dl-2019,0,1113437,1000,2000,0.3769540401767928,0.3769540401767928,0,0.95
msmarco-passage-trec-dl-2019,0,1113437,2000,4000,0.3769540401767928,0.3769540401767928,1,1.0
msmarco-passage-trec-dl-2019,0,1113437,5000,10000,0.3769540401767928,0.3769540401767928,1,1.0
msmarco-passage-trec-dl-2019,0,1114646,10,20,0.556171773452103,0.5401866067962926,0,0.75
msmarco-passage-trec-dl-2019,0,1114646,20,40,0.5390862020459626,0.5401866067962926,0,0.8
msmarco-passage-trec-dl-2019,0,1114646,50,100,0.5401866067962926,0.5401866067962926,0,0.75
msmarco-passage-trec-dl-2019,0,1114646,100,200,0.5401866067962926,0.5401866067962926,1,1.0
msmarco-passage-trec-dl-2019,0,1114646,200,400,0.5401866067962926,0.5401866067962926,1,1.0
msmarco-passage-trec-dl-2019,0,1114646,500,1000,0.5401866067962926,0.5401866067962926,1,1.0
msmarco-passage-trec-dl-2019,0,1114646,1000,2000,0.5401866067962926,0.5401866067962926,1,1.0
msmarco-passage-trec-dl-2019,0,1114646,2000,4000,0.5401866067962926,0.5401866067962926,1,1.0
msmarco-passage-trec-dl-2019,0,1114646,5000,10000,0.5401866067962926,0.5401866067962926,1,1.0
msmarco-passage-trec-dl-2019,0,1114819,10,20,0.5736196850759265,0.8339096563431522,0,0.75
msmarco-passage-trec-dl-2019,0,1114819,20,40,0.7148646317947963,0.8339096563431522,0,0.8
msmarco-passage-trec-dl-2019,0,1114819,50,100,0.8339096563431522,0.8339096563431522,0,0.75
msmarco-passage-trec-dl-2019,0,1114819,100,200,0.8339096563431522,0.8339096563431522,1,1.0
msmarco-passage-trec-dl-2019,0,1114819,200,400,0.8339096563431522,0.8339096563431522,1,1.0
msmarco-passage-trec-dl-2019,0,1114819,500,1000,0.8339096563431522,0.8339096563431522,1,1.0
msmarco-passage-trec-dl-2019,0,1114819,1000,2000,0.8339096563431522,0.8339096563431522,1,1.0
msmarco-passage-trec-dl-2019,0,1114819,2000,4000,0.8339096563431522,0.8339096563431522,1,1.0
msmarco-passage-trec-dl-2019,0,1114819,5000,10000,0.8339096563431522,0.8339096563431522,1,1.0
msmarco-passage-trec-dl-2019,0,1115776,10,20,0.6739205384097537,0.7552027838055047,0,0.6
msmarco-passage-trec-dl-2019,0,1115776,20,40,0.7866390184753155,0.7552027838055047,0,0.75
msmarco-passage-trec-dl-2019,0,1115776,50,100,0.7552027838055047,0.7552027838055047,0,0.9
msmarco-passage-trec-dl-2019,0,1115776,100,200,0.7552027838055047,0.7552027838055047,1,1.0
msmarco-passage-trec-dl-2019,0,1115776,200,400,0.7552027838055047,0.7552027838055047,1,1.0
msmarco-passage-trec-dl-2019,0,1115776,500,1000,0.7552027838055047,0.7552027838055047,1,1.0
msmarco-passage-trec-dl-2019,0,1115776,1000,2000,0.7552027838055047,0.7552027838055047,1,1.0
msmarco-passage-trec-dl-2019,0,1115776,2000,4000,0.7552027838055047,0.7552027838055047,1,1.0
msmarco-passage-trec-dl-2019,0,1115776,5000,10000,0.7552027838055047,0.7552027838055047,1,1.0
msmarco-passage-trec-dl-2019,0,1117099,10,20,0.9052116356304492,1.0,0,0.55
msmarco-passage-trec-dl-2019,0,1117099,20,40,0.933745776545611,1.0,0,0.65
msmarco-passage-trec-dl-2019,0,1117099,50,100,1.0,1.0,0,0.95
msmarco-passage-trec-dl-2019,0,1117099,100,200,1.0,1.0,1,1.0
msmarco-passage-trec-dl-2019,0,1117099,200,400,1.0,1.0,1,1.0
msmarco-passage-trec-dl-2019,0,1117099,500,1000,1.0,1.0,1,1.0
msmarco-passage-trec-dl-2019,0,1117099,1000,2000,1.0,1.0,1,1.0
msmarco-passage-trec-dl-2019,0,1117099,2000,4000,1.0,1.0,1,1.0
msmarco-passage-trec-dl-2019,0,1117099,5000,10000,1.0,1.0,1,1.0
msmarco-passage-trec-dl-2019,0,1121402,10,20,0.9334739949321355,0.9652843890316114,0,0.6
msmarco-passage-trec-dl-2019,0,1121402,20,40,0.931507644850844,0.9652843890316114,0,0.8
msmarco-passage-trec-dl-2019,0,1121402,50,100,0.9652843890316114,0.9652843890316114,1,1.0
msmarco-passage-trec-dl-2019,0,1121402,100,200,0.9652843890316114,0.9652843890316114,1,1.0
msmarco-passage-trec-dl-2019,0,1121402,200,400,0.9652843890316114,0.9652843890316114,1,1.0
msmarco-passage-trec-dl-2019,0,1121402,500,1000,0.9652843890316114,0.9652843890316114,1,1.0
msmarco-passage-trec-dl-2019,0,1121402,1000,2000,0.9652843890316114,0.9652843890316114,1,1.0
msmarco-passage-trec-dl-2019,0,1121402,2000,4000,0.9652843890316114,0.9652843890316114,1,1.0
msmarco-passage-trec-dl-2019,0,1121402,5000,10000,0.9652843890316114,0.9652843890316114,1,1.0
msmarco-passage-trec-dl-2019,0,1121709,10,20,0.40715630304206685,0.48367342188714474,0,0.75
msmarco-passage-trec-dl-2019,0,1121709,20,40,0.40715630304206685,0.48367342188714474,0,0.75
msmarco-passage-trec-dl-2019,0,1121709,50,100,0.4260017641410847,0.48367342188714474,0,0.8
msmarco-passage-trec-dl-2019,0,1121709,100,200,0.47831916741096847,0.48367342188714474,0,0.85
msmarco-passage-trec-dl-2019,0,1121709,200,400,0.47831916741096847,0.48367342188714474,0,0.85
msmarco-passage-trec-dl-2019,0,1121709,500,1000,0.5216280742573506,0.48367342188714474,0,1.0
msmarco-passage-trec-dl-2019,0,1121709,1000,2000,0.473993778329193,0.48367342188714474,0,1.0
msmarco-passage-trec-dl-2019,0,1121709,2000,4000,0.48367342188714474,0.48367342188714474,0,1.0
msmarco-passage-trec-dl-2019,0,1121709,5000,10000,0.48367342188714474,0.48367342188714474,1,1.0
msmarco-passage-trec-dl-2019,0,1124210,10,20,0.342404306196458,0.6380782949021186,0,0.8
msmarco-passage-trec-dl-2019,0,1124210,20,40,0.4629743977383604,0.6380782949021186,0,0.8
msmarco-passage-trec-dl-2019,0,1124210,50,100,0.4629743977383604,0.6380782949021186,0,0.8
msmarco-passage-trec-dl-2019,0,1124210,100,200,0.49467514094871545,0.6380782949021186,0,0.8
msmarco-passage-trec-dl-2019,0,1124210,200,400,0.5805874350105497,0.6380782949021186,0,0.95
msmarco-passage-trec-dl-2019,0,1124210,500,1000,0.5805874350105497,0.6380782949021186,0,0.9
msmarco-passage-trec-dl-2019,0,1124210,1000,2000,0.6328646250852443,0.6380782949021186,0,0.95
msmarco-passage-trec-dl-2019,0,1124210,2000,4000,0.6328646250852443,0.6380782949021186,0,0.95
msmarco-passage-trec-dl-2019,0,1124210,5000,10000,0.6380782949021186,0.6380782949021186,1,1.0
msmarco-passage-trec-dl-2019,0,1129237,10,20,0.7757459316259965,0.7542236021833271,0,0.55
msmarco-passage-trec-dl-2019,0,1129237,20,40,0.7565935017316507,0.7542236021833271,0,0.65
msmarco-passage-trec-dl-2019,0,1129237,50,100,0.7542236021833271,0.7542236021833271,0,0.75
msmarco-passage-trec-dl-2019,0,1129237,100,200,0.7542236021833271,0.7542236021833271,1,1.0
msmarco-passage-trec-dl-2019,0,1129237,200,400,0.7542236021833271,0.7542236021833271,1,1.0
msmarco-passage-trec-dl-2019,0,1129237,500,1000,0.7542236021833271,0.7542236021833271,1,1.0
msmarco-passage-trec-dl-2019,0,1129237,1000,2000,0.7542236021833271,0.7542236021833271,1,1.0
msmarco-passage-trec-dl-2019,0,1129237,2000,4000,0.7542236021833271,0.7542236021833271,1,1.0
msmarco-passage-trec-dl-2019,0,1129237,5000,10000,0.7542236021833271,0.7542236021833271,1,1.0
msmarco-passage-trec-dl-2019,0,1133167,10,20,0.6129858040586867,0.6679775667208608,0,0.75
msmarco-passage-trec-dl-2019,0,1133167,20,40,0.64221202596688,0.6679775667208608,0,0.75
msmarco-passage-trec-dl-2019,0,1133167,50,100,0.6699143779668029,0.6679775667208608,0,0.8
msmarco-passage-trec-dl-2019,0,1133167,100,200,0.6679775667208608,0.6679775667208608,0,0.75
msmarco-passage-trec-dl-2019,0,1133167,200,400,0.6679775667208608,0.6679775667208608,1,1.0
msmarco-passage-trec-dl-2019,0,1133167,500,1000,0.6679775667208608,0.6679775667208608,1,1.0
msmarco-passage-trec-dl-2019,0,1133167,1000,2000,0.6679775667208608,0.6679775667208608,1,1.0
msmarco-passage-trec-dl-2019,0,1133167,2000,4000,0.6679775667208608,0.6679775667208608,1,1.0
msmarco-passage-trec-dl-2019,0,1133167,5000,10000,0.6679775667208608,0.6679775667208608,1,1.0
msmarco-passage-trec-dl-2019,0,130510,10,20,0.8117778023131141,0.8223182274712042,0,0.65
msmarco-passage-trec-dl-2019,0,130510,20,40,0.8022864164701591,0.8223182274712042,0,0.8
msmarco-passage-trec-dl-2019,0,130510,50,100,0.8223182274712042,0.8223182274712042,1,1.0
msmarco-passage-trec-dl-2019,0,130510,100,200,0.8223182274712042,0.8223182274712042,1,1.0
msmarco-passage-trec-dl-2019,0,130510,200,400,0.8223182274712042,0.8223182274712042,1,1.0
msmarco-passage-trec-dl-2019,0,130510,500,1000,0.8223182274712042,0.8223182274712042,1,1.0
msmarco-passage-trec-dl-2019,0,130510,1000,2000,0.8223182274712042,0.8223182274712042,1,1.0
msmarco-passage-trec-dl-2019,0,130510,2000,4000,0.8223182274712042,0.8223182274712042,1,1.0
msmarco-passage-trec-dl-2019,0,130510,5000,10000,0.8223182274712042,0.8223182274712042,1,1.0
msmarco-passage-trec-dl-2019,0,131843,10,20,0.7885497208855956,0.9216017310213247,0,0.7
msmarco-passage-trec-dl-2019,0,131843,20,40,0.8553475075669356,0.9216017310213247,0,0.75
msmarco-passage-trec-dl-2019,0,131843,50,100,0.9216017310213247,0.9216017310213247,0,0.8
msmarco-passage-trec-dl-2019,0,131843,100,200,0.9216017310213247,0.9216017310213247,0,0.8
msmarco-passage-trec-dl-2019,0,131843,200,400,0.9216017310213247,0.9216017310213247,0,0.85
msmarco-passage-trec-dl-2019,0,131843,500,1000,0.9216017310213247,0.9216017310213247,0,1.0
msmarco-passage-trec-dl-2019,0,131843,1000,2000,0.9216017310213247,0.9216017310213247,0,1.0
msmarco-passage-trec-dl-2019,0,131843,2000,4000,0.9216017310213247,0.9216017310213247,1,1.0
msmarco-passage-trec-dl-2019,0,131843,5000,10000,0.9216017310213247,0.9216017310213247,1,1.0
msmarco-passage-trec-dl-2019,0,146187,10,20,0.8510925938335092,0.8206551819920924,0,0.55
msmarco-passage-trec-dl-2019,0,146187,20,40,0.8206551819920924,0.8206551819920924,0,0.7
msmarco-passage-trec-dl-2019,0,146187,50,100,0.8206551819920924,0.8206551819920924,0,0.9
msmarco-passage-trec-dl-2019,0,146187,100,200,0.8206551819920924,0.8206551819920924,1,1.0
msmarco-passage-trec-dl-2019,0,146187,200,400,0.8206551819920924,0.8206551819920924,1,1.0
msmarco-passage-trec-dl-2019,0,146187,500,1000,0.8206551819920924,0.8206551819920924,1,1.0
msmarco-passage-trec-dl-2019,0,146187,1000,2000,0.8206551819920924,0.8206551819920924,1,1.0
msmarco-passage-trec-dl-2019,0,146187,2000,4000,0.8206551819920924,0.8206551819920924,1,1.0
msmarco-passage-trec-dl-2019,0,146187,5000,10000,0.8206551819920924,0.8206551819920924,1,1.0
msmarco-passage-trec-dl-2019,0,148538,10,20,0.5283283974778159,0.4812489149319909,0,0.55
msmarco-passage-trec-dl-2019,0,148538,20,40,0.5471668002303628,0.4812489149319909,0,0.6
msmarco-passage-trec-dl-2019,0,148538,50,100,0.4812489149319909,0.4812489149319909,0,0.9
msmarco-passage-trec-dl-2019,0,148538,100,200,0.4812489149319909,0.4812489149319909,0,0.95
msmarco-passage-trec-dl-2019,0,148538,200,400,0.4812489149319909,0.4812489149319909,1,1.0
msmarco-passage-trec-dl-2019,0,148538,500,1000,0.4812489149319909,0.4812489149319909,1,1.0
msmarco-passage-trec-dl-2019,0,148538,1000,2000,0.4812489149319909,0.4812489149319909,1,1.0
msmarco-passage-trec-dl-2019,0,148538,2000,4000,0.4812489149319909,0.4812489149319909,1,1.0
msmarco-passage-trec-dl-2019,0,148538,5000,10000,0.4812489149319909,0.4812489149319909,1,1.0
msmarco-passage-trec-dl-2019,0,156493,10,20,0.9634117275431489,0.9504318313235595,0,0.65
msmarco-passage-trec-dl-2019,0,156493,20,40,0.9504318313235595,0.9504318313235595,0,0.8
msmarco-passage-trec-dl-2019,0,156493,50,100,0.9504318313235595,0.9504318313235595,0,0.9
msmarco-passage-trec-dl-2019,0,156493,100,200,0.9504318313235595,0.9504318313235595,1,1.0
msmarco-passage-trec-dl-2019,0,156493,200,400,0.9504318313235595,0.9504318313235595,1,1.0
msmarco-passage-trec-dl-2019,0,156493,500,1000,0.9504318313235595,0.9504318313235595,1,1.0
msmarco-passage-trec-dl-2019,0,156493,1000,2000,0.9504318313235595,0.9504318313235595,1,1.0
msmarco-passage-trec-dl-2019,0,156493,2000,4000,0.9504318313235595,0.9504318313235595,1,1.0
msmarco-passage-trec-dl-2019,0,156493,5000,10000,0.9504318313235595,0.9504318313235595,1,1.0
msmarco-passage-trec-dl-2019,0,168216,10,20,0.9716189607861263,1.0,0,0.55
msmarco-passage-trec-dl-2019,0,168216,20,40,0.9738672436737749,1.0,0,0.65
msmarco-passage-trec-dl-2019,0,168216,50,100,1.0,1.0,0,0.8
msmarco-passage-trec-dl-2019,0,168216,100,200,1.0,1.0,1,1.0
msmarco-passage-trec-dl-2019,0,168216,200,400,1.0,1.0,1,1.0
msmarco-passage-trec-dl-2019,0,168216,500,1000,1.0,1.0,1,1.0
msmarco-passage-trec-dl-2019,0,168216,1000,2000,1.0,1.0,1,1.0
msmarco-passage-trec-dl-2019,0,168216,2000,4000,1.0,1.0,1,1.0
msmarco-passage-trec-dl-2019,0,168216,5000,10000,1.0,1.0,1,1.0
msmarco-passage-trec-dl-2019,0,182539,10,20,0.6678427612624973,0.6973450308710741,0,0.7
msmarco-passage-trec-dl-2019,0,182539,20,40,0.6973450308710741,0.6973450308710741,0,0.85
msmarco-passage-trec-dl-2019,0,182539,50,100,0.6973450308710741,0.6973450308710741,1,1.0
msmarco-passage-trec-dl-2019,0,182539,100,200,0.6973450308710741,0.6973450308710741,1,1.0
msmarco-passage-trec-dl-2019,0,182539,200,400,0.6973450308710741,0.6973450308710741,1,1.0
msmarco-passage-trec-dl-2019,0,182539,500,1000,0.6973450308710741,0.6973450308710741,1,1.0
msmarco-passage-trec-dl-2019,0,182539,1000,2000,0.6973450308710741,0.6973450308710741,1,1.0
msmarco-passage-trec-dl-2019,0,182539,2000,4000,0.6973450308710741,0.6973450308710741,1,1.0
msmarco-passage-trec-dl-2019,0,182539,5000,10000,0.6973450308710741,0.6973450308710741,1,1.0
msmarco-passage-trec-dl-2019,0,183378,10,20,0.7772990368905229,0.9432379215722527,0,0.75
msmarco-passage-trec-dl-2019,0,183378,20,40,0.8446849276286176,0.9432379215722527,0,0.8
msmarco-passage-trec-dl-2019,0,183378,50,100,0.9432379215722527,0.9432379215722527,0,0.8
msmarco-passage-trec-dl-2019,0,183378,100,200,0.9432379215722527,0.9432379215722527,0,0.95
msmarco-passage-trec-dl-2019,0,183378,200,400,0.9432379215722527,0.9432379215722527,1,1.0
msmarco-passage-trec-dl-2019,0,183378,500,1000,0.9432379215722527,0.9432379215722527,1,1.0
msmarco-passage-trec-dl-2019,0,183378,1000,2000,0.9432379215722527,0.9432379215722527,1,1.0
msmarco-passage-trec-dl-2019,0,183378,2000,4000,0.9432379215722527,0.9432379215722527,1,1.0
msmarco-passage-trec-dl-2019,0,183378,5000,10000,0.9432379215722527,0.9432379215722527,1,1.0
msmarco-passage-trec-dl-2019,0,19335,10,20,0.6942576371791485,0.7356148851045984,0,0.5
msmarco-passage-trec-dl-2019,0,19335,20,40,0.6837256208021183,0.7356148851045984,0,0.55
msmarco-passage-trec-dl-2019,0,19335,50,100,0.6202151365434997,0.7356148851045984,0,0.65
msmarco-passage-trec-dl-2019,0,19335,100,200,0.651553068806185,0.7356148851045984,0,0.75
msmarco-passage-trec-dl-2019,0,19335,200,400,0.7356148851045984,0.7356148851045984,0,0.9
msmarco-passage-trec-dl-2019,0,19335,500,1000,0.7356148851045984,0.7356148851045984,0,0.95
msmarco-passage-trec-dl-2019,0,19335,1000,2000,0.7356148851045984,0.7356148851045984,1,1.0
msmarco-passage-trec-dl-2019,0,19335,2000,4000,0.7356148851045984,0.7356148851045984,1,1.0
msmarco-passage-trec-dl-2019,0,19335,5000,10000,0.7356148851045984,0.7356148851045984,1,1.0
msmarco-passage-trec-dl-2019,0,207786,10,20,0.5952185368603492,0.5245542131916595,0,0.6
msmarco-passage-trec-dl-2019,0,207786,20,40,0.5245542131916595,0.5245542131916595,0,0.7
msmarco-passage-trec-dl-2019,0,207786,50,100,0.5245542131916595,0.5245542131916595,0,0.7
msmarco-passage-trec-dl-2019,0,207786,100,200,0.5245542131916595,0.5245542131916595,1,1.0
msmarco-passage-trec-dl-2019,0,207786,200,400,0.5245542131916595,0.5245542131916595,1,1.0
msmarco-passage-trec-dl-2019,0,207786,500,1000,0.5245542131916595,0.5245542131916595,1,1.0
msmarco-passage-trec-dl-2019,0,207786,1000,2000,0.5245542131916595,0.5245542131916595,1,1.0
msmarco-passage-trec-dl-2019,0,207786,2000,4000,0.5245542131916595,0.5245542131916595,1,1.0
msmarco-passage-trec-dl-2019,0,207786,5000,10000,0.5245542131916595,0.5245542131916595,1,1.0
msmarco-passage-trec-dl-2019,0,264014,10,20,0.7212531299963417,0.7610631254827989,0,0.6
msmarco-passage-trec-dl-2019,0,264014,20,40,0.7234975857328858,0.7610631254827989,0,0.7
msmarco-passage-trec-dl-2019,0,264014,50,100,0.7610631254827989,0.7610631254827989,0,0.8
msmarco-passage-trec-dl-2019,0,264014,100,200,0.7610631254827989,0.7610631254827989,0,0.95
msmarco-passage-trec-dl-2019,0,264014,200,400,0.7610631254827989,0.7610631254827989,1,1.0
msmarco-passage-trec-dl-2019,0,264014,500,1000,0.7610631254827989,0.7610631254827989,1,1.0
msmarco-passage-trec-dl-2019,0,264014,1000,2000,0.7610631254827989,0.7610631254827989,1,1.0
msmarco-passage-trec-dl-2019,0,264014,2000,4000,0.7610631254827989,0.7610631254827989,1,1.0
msmarco-passage-trec-dl-2019,0,264014,5000,10000,0.7610631254827989,0.7610631254827989,1,1.0
msmarco-passage-trec-dl-2019,0,359349,10,20,0.8397728661031809,0.8397728661031809,0,0.6
msmarco-passage-trec-dl-2019,0,359349,20,40,0.8397728661031809,0.8397728661031809,0,0.9
msmarco-passage-trec-dl-2019,0,359349,50,100,0.8397728661031809,0.8397728661031809,1,1.0
msmarco-passage-trec-dl-2019,0,359349,100,200,0.8397728661031809,0.8397728661031809,1,1.0
msmarco-passage-trec-dl-2019,0,359349,200,400,0.8397728661031809,0.8397728661031809,1,1.0
msmarco-passage-trec-dl-2019,0,359349,500,1000,0.8397728661031809,0.8397728661031809,1,1.0
msmarco-passage-trec-dl-2019,0,359349,1000,2000,0.8397728661031809,0.8397728661031809,1,1.0
msmarco-passage-trec-dl-2019,0,359349,2000,4000,0.8397728661031809,0.8397728661031809,1,1.0
msmarco-passage-trec-dl-2019,0,359349,5000,10000,0.8397728661031809,0.8397728661031809,1,1.0
msmarco-passage-trec-dl-2019,0,405717,10,20,0.4439256309073398,0.525409693847846,0,0.65
msmarco-passage-trec-dl-2019,0,405717,20,40,0.5642695968857956,0.525409693847846,0,0.85
msmarco-passage-trec-dl-2019,0,405717,50,100,0.525409693847846,0.525409693847846,0,0.95
msmarco-passage-trec-dl-2019,0,405717,100,200,0.525409693847846,0.525409693847846,1,1.0
msmarco-passage-trec-dl-2019,0,405717,200,400,0.525409693847846,0.525409693847846,1,1.0
msmarco-passage-trec-dl-2019,0,405717,500,1000,0.525409693847846,0.525409693847846,1,1.0
msmarco-passage-trec-dl-2019,0,405717,1000,2000,0.525409693847846,0.525409693847846,1,1.0
msmarco-passage-trec-dl-2019,0,405717,2000,4000,0.525409693847846,0.525409693847846,1,1.0
msmarco-passage-trec-dl-2019,0,405717,5000,10000,0.525409693847846,0.525409693847846,1,1.0
msmarco-passage-trec-dl-2019,0,443396,10,20,0.22009176629808017,0.22009176629808017,0,0.6
msmarco-passage-trec-dl-2019,0,443396,20,40,0.22009176629808017,0.22009176629808017,0,0.6
msmarco-passage-trec-dl-2019,0,443396,50,100,0.22009176629808017,0.22009176629808017,0,0.7
msmarco-passage-trec-dl-2019,0,443396,100,200,0.22009176629808017,0.22009176629808017,0,0.8
msmarco-passage-trec-dl-2019,0,443396,200,400,0.22009176629808017,0.22009176629808017,0,0.95
msmarco-passage-trec-dl-2019,0,443396,500,1000,0.22009176629808017,0.22009176629808017,1,1.0
msmarco-passage-trec-dl-2019,0,443396,1000,2000,0.22009176629808017,0.22009176629808017,1,1.0
msmarco-passage-trec-dl-2019,0,443396,2000,4000,0.22009176629808017,0.22009176629808017,1,1.0
msmarco-passage-trec-dl-2019,0,443396,5000,10000,0.22009176629808017,0.22009176629808017,1,1.0
msmarco-passage-trec-dl-2019,0,451602,10,20,0.41777658868527506,0.4116614783651814,0,0.45
msmarco-passage-trec-dl-2019,0,451602,20,40,0.39263162562448867,0.4116614783651814,0,0.6
msmarco-passage-trec-dl-2019,0,451602,50,100,0.40884685536742704,0.4116614783651814,0,0.85
msmarco-passage-trec-dl-2019,0,451602,100,200,0.4116614783651814,0.4116614783651814,0,0.9
msmarco-passage-trec-dl-2019,0,451602,200,400,0.4116614783651814,0.4116614783651814,1,1.0
msmarco-passage-trec-dl-2019,0,451602,500,1000,0.4116614783651814,0.4116614783651814,1,1.0
msmarco-passage-trec-dl-2019,0,451602,1000,2000,0.4116614783651814,0.4116614783651814,1,1.0
msmarco-passage-trec-dl-2019,0,451602,2000,4000,0.4116614783651814,0.4116614783651814,1,1.0
msmarco-passage-trec-dl-2019,0,451602,5000,10000,0.4116614783651814,0.4116614783651814,1,1.0
msmarco-passage-trec-dl-2019,0,47923,10,20,0.5497602820603933,0.5123773350843918,0,0.75
msmarco-passage-trec-dl-2019,0,47923,20,40,0.5133176146990436,0.5123773350843918,0,0.85
msmarco-passage-trec-dl-2019,0,47923,50,100,0.5123773350843918,0.5123773350843918,0,0.8
msmarco-passage-trec-dl-2019,0,47923,100,200,0.5123773350843918,0.5123773350843918,1,1.0
msmarco-passage-trec-dl-2019,0,47923,200,400,0.5123773350843918,0.5123773350843918,1,1.0
msmarco-passage-trec-dl-2019,0,47923,500,1000,0.5123773350843918,0.5123773350843918,1,1.0
msmarco-passage-trec-dl-2019,0,47923,1000,2000,0.5123773350843918,0.5123773350843918,1,1.0
msmarco-passage-trec-dl-2019,0,47923,2000,4000,0.5123773350843918,0.5123773350843918,1,1.0
msmarco-passage-trec-dl-2019,0,47923,5000,10000,0.5123773350843918,0.5123773350843918,1,1.0
msmarco-passage-trec-dl-2019,0,489204,10,20,0.3760551439075563,0.4379658493744768,0,0.4
msmarco-passage-trec-dl-2019,0,489204,20,40,0.3760551439075563,0.4379658493744768,0,0.4
msmarco-passage-trec-dl-2019,0,489204,50,100,0.4379658493744768,0.4379658493744768,0,0.55
msmarco-passage-trec-dl-2019,0,489204,100,200,0.4379658493744768,0.4379658493744768,0,0.65
msmarco-passage-trec-dl-2019,0,489204,200,400,0.4379658493744768,0.4379658493744768,0,0.9
msmarco-passage-trec-dl-2019,0,489204,500,1000,0.4379658493744768,0.4379658493744768,1,1.0
msmarco-passage-trec-dl-2019,0,489204,1000,2000,0.4379658493744768,0.4379658493744768,1,1.0
msmarco-passage-trec-dl-2019,0,489204,2000,4000,0.4379658493744768,0.4379658493744768,1,1.0
msmarco-passage-trec-dl-2019,0,489204,5000,10000,0.4379658493744768,0.4379658493744768,1,1.0
msmarco-passage-trec-dl-2019,0,490595,10,20,0.446230113814477,0.5016214442531799,0,0.65
msmarco-passage-trec-dl-2019,0,490595,20,40,0.47821730501042975,0.5016214442531799,0,0.7
msmarco-passage-trec-dl-2019,0,490595,50,100,0.5016214442531799,0.5016214442531799,0,0.95
msmarco-passage-trec-dl-2019,0,490595,100,200,0.5016214442531799,0.5016214442531799,1,1.0
msmarco-passage-trec-dl-2019,0,490595,200,400,0.5016214442531799,0.5016214442531799,1,1.0
msmarco-passage-trec-dl-2019,0,490595,500,1000,0.5016214442531799,0.5016214442531799,1,1.0
msmarco-passage-trec-dl-2019,0,490595,1000,2000,0.5016214442531799,0.5016214442531799,1,1.0
msmarco-passage-trec-dl-2019,0,490595,2000,4000,0.5016214442531799,0.5016214442531799,1,1.0
msmarco-passage-trec-dl-2019,0,490595,5000,10000,0.5016214442531799,0.5016214442531799,1,1.0
msmarco-passage-trec-dl-2019,0,527433,10,20,0.6734910220208324,0.7300004915206632,0,0.55
msmarco-passage-trec-dl-2019,0,527433,20,40,0.6795691899767663,0.7300004915206632,0,0.6
msmarco-passage-trec-dl-2019,0,527433,50,100,0.7094794949702153,0.7300004915206632,0,0.75
msmarco-passage-trec-dl-2019,0,527433,100,200,0.7300004915206632,0.7300004915206632,0,0.8
msmarco-passage-trec-dl-2019,0,527433,200,400,0.7300004915206632,0.7300004915206632,0,0.8
msmarco-passage-trec-dl-2019,0,527433,500,1000,0.7300004915206632,0.7300004915206632,1,1.0
msmarco-passage-trec-dl-2019,0,527433,1000,2000,0.7300004915206632,0.7300004915206632,1,1.0
msmarco-passage-trec-dl-2019,0,527433,2000,4000,0.7300004915206632,0.7300004915206632,1,1.0
msmarco-passage-trec-dl-2019,0,527433,5000,10000,0.7300004915206632,0.7300004915206632,1,1.0
msmarco-passage-trec-dl-2019,0,573724,10,20,0.5723340419240237,0.617762350283834,0,0.65
msmarco-passage-trec-dl-2019,0,573724,20,40,0.559262510941651,0.617762350283834,0,0.75
msmarco-passage-trec-dl-2019,0,573724,50,100,0.617762350283834,0.617762350283834,0,0.95
msmarco-passage-trec-dl-2019,0,573724,100,200,0.617762350283834,0.617762350283834,1,1.0
msmarco-passage-trec-dl-2019,0,573724,200,400,0.617762350283834,0.617762350283834,1,1.0
msmarco-passage-trec-dl-2019,0,573724,500,1000,0.617762350283834,0.617762350283834,1,1.0
msmarco-passage-trec-dl-2019,0,573724,1000,2000,0.617762350283834,0.617762350283834,1,1.0
msmarco-passage-trec-dl-2019,0,573724,2000,4000,0.617762350283834,0.617762350283834,1,1.0
msmarco-passage-trec-dl-2019,0,573724,5000,10000,0.617762350283834,0.617762350283834,1,1.0
msmarco-passage-trec-dl-2019,0,833860,10,20,0.8088215194947665,0.9015027499869024,0,0.65
msmarco-passage-trec-dl-2019,0,833860,20,40,0.8437412431466674,0.9015027499869024,0,0.75
msmarco-passage-trec-dl-2019,0,833860,50,100,0.9071203608353622,0.9015027499869024,0,0.8
msmarco-passage-trec-dl-2019,0,833860,100,200,0.9015027499869024,0.9015027499869024,0,0.8
msmarco-passage-trec-dl-2019,0,833860,200,400,0.9015027499869024,0.9015027499869024,0,0.8
msmarco-passage-trec-dl-2019,0,833860,500,1000,0.9015027499869024,0.9015027499869024,1,1.0
msmarco-passage-trec-dl-2019,0,833860,1000,2000,0.9015027499869024,0.9015027499869024,1,1.0
msmarco-passage-trec-dl-2019,0,833860,2000,4000,0.9015027499869024,0.9015027499869024,1,1.0
msmarco-passage-trec-dl-2019,0,833860,5000,10000,0.9015027499869024,0.9015027499869024,1,1.0
msmarco-passage-trec-dl-2019,0,855410,10,20,1.0,1.0,0,0.75
msmarco-passage-trec-dl-2019,0,855410,20,40,1.0,1.0,0,0.95
msmarco-passage-trec-dl-2019,0,855410,50,100,1.0,1.0,0,0.95
msmarco-passage-trec-dl-2019,0,855410,100,200,1.0,1.0,0,0.95
msmarco-passage-trec-dl-2019,0,855410,200,400,1.0,1.0,0,0.95
msmarco-passage-trec-dl-2019,0,855410,500,1000,1.0,1.0,0,0.95
msmarco-passage-trec-dl-2019,0,855410,1000,2000,1.0,1.0,0,0.95
msmarco-passage-trec-dl-2019,0,855410,2000,4000,1.0,1.0,0,0.95
msmarco-passage-trec-dl-2019,0,855410,5000,10000,1.0,1.0,0,0.95
msmarco-passage-trec-dl-2019,0,87181,10,20,0.8571256919305577,0.8113991730202814,0,0.65
msmarco-passage-trec-dl-2019,0,87181,20,40,0.9178902068468359,0.8113991730202814,0,0.65
msmarco-passage-trec-dl-2019,0,87181,50,100,0.8113991730202814,0.8113991730202814,0,0.7
msmarco-passage-trec-dl-2019,0,87181,100,200,0.8113991730202814,0.8113991730202814,1,1.0
msmarco-passage-trec-dl-2019,0,87181,200,400,0.8113991730202814,0.8113991730202814,1,1.0
msmarco-passage-trec-dl-2019,0,87181,500,1000,0.8113991730202814,0.8113991730202814,1,1.0
msmarco-passage-trec-dl-2019,0,87181,1000,2000,0.8113991730202814,0.8113991730202814,1,1.0
msmarco-passage-trec-dl-2019,0,87181,2000,4000,0.8113991730202814,0.8113991730202814,1,1.0
msmarco-passage-trec-dl-2019,0,87181,5000,10000,0.8113991730202814,0.8113991730202814,1,1.0
msmarco-passage-trec-dl-2019,0,87452,10,20,0.4445984098083757,0.485075457361735,0,0.55
msmarco-passage-trec-dl-2019,0,87452,20,40,0.44266159856243387,0.485075457361735,0,0.65
msmarco-passage-trec-dl-2019,0,87452,50,100,0.485075457361735,0.485075457361735,0,0.95
msmarco-passage-trec-dl-2019,0,87452,100,200,0.485075457361735,0.485075457361735,1,1.0
msmarco-passage-trec-dl-2019,0,87452,200,400,0.485075457361735,0.485075457361735,1,1.0
msmarco-passage-trec-dl-2019,0,87452,500,1000,0.485075457361735,0.485075457361735,1,1.0
msmarco-passage-trec-dl-2019,0,87452,1000,2000,0.485075457361735,0.485075457361735,1,1.0
msmarco-passage-trec-dl-2019,0,87452,2000,4000,0.485075457361735,0.485075457361735,1,1.0
msmarco-passage-trec-dl-2019,0,87452,5000,10000,0.485075457361735,0.485075457361735,1,1.0
msmarco-passage-trec-dl-2019,0,915593,10,20,0.6912170900290743,0.5695203554398467,0,0.5
msmarco-passage-trec-dl-2019,0,915593,20,40,0.6396482013861194,0.5695203554398467,0,0.65
msmarco-passage-trec-dl-2019,0,915593,50,100,0.5271064966405455,0.5695203554398467,0,0.8
msmarco-passage-trec-dl-2019,0,915593,100,200,0.5695203554398467,0.5695203554398467,0,0.95
msmarco-passage-trec-dl-2019,0,915593,200,400,0.5695203554398467,0.5695203554398467,1,1.0
msmarco-passage-trec-dl-2019,0,915593,500,1000,0.5695203554398467,0.5695203554398467,1,1.0
msmarco-passage-trec-dl-2019,0,915593,1000,2000,0.5695203554398467,0.5695203554398467,1,1.0
msmarco-passage-trec-dl-2019,0,915593,2000,4000,0.5695203554398467,0.5695203554398467,1,1.0
msmarco-passage-trec-dl-2019,0,915593,5000,10000,0.5695203554398467,0.5695203554398467,1,1.0
msmarco-passage-trec-dl-2019,0,962179,10,20,0.5483327772244703,0.9305687780632227,0,0.5
msmarco-passage-trec-dl-2019,0,962179,20,40,0.5483327772244703,0.9305687780632227,0,0.5
msmarco-passage-trec-dl-2019,0,962179,50,100,0.6136525857537392,0.9305687780632227,0,0.55
msmarco-passage-trec-dl-2019,0,962179,100,200,0.8179679956469498,0.9305687780632227,0,0.65
msmarco-passage-trec-dl-2019,0,962179,200,400,0.9305687780632227,0.9305687780632227,0,0.95
msmarco-passage-trec-dl-2019,0,962179,500,1000,0.9305687780632227,0.9305687780632227,1,1.0
msmarco-passage-trec-dl-2019,0,962179,1000,2000,0.9305687780632227,0.9305687780632227,1,1.0
msmarco-passage-trec-dl-2019,0,962179,2000,4000,0.9305687780632227,0.9305687780632227,1,1.0
msmarco-passage-trec-dl-2019,0,962179,5000,10000,0.9305687780632227,0.9305687780632227,1,1.0
msmarco-passage-trec-dl-2020,0,1030303,10,20,0.7488679300081242,0.6832192547370065,0,0.55
msmarco-passage-trec-dl-2020,0,1030303,20,40,0.7462585637380518,0.6832192547370065,0,0.65
msmarco-passage-trec-dl-2020,0,1030303,50,100,0.6832192547370065,0.6832192547370065,0,0.9
msmarco-passage-trec-dl-2020,0,1030303,100,200,0.6832192547370065,0.6832192547370065,1,1.0
msmarco-passage-trec-dl-2020,0,1030303,200,400,0.6832192547370065,0.6832192547370065,1,1.0
msmarco-passage-trec-dl-2020,0,1030303,500,1000,0.6832192547370065,0.6832192547370065,1,1.0
msmarco-passage-trec-dl-2020,0,1030303,1000,2000,0.6832192547370065,0.6832192547370065,1,1.0
msmarco-passage-trec-dl-2020,0,1030303,2000,4000,0.6832192547370065,0.6832192547370065,1,1.0
msmarco-passage-trec-dl-2020,0,1030303,5000,10000,0.6832192547370065,0.6832192547370065,1,1.0
msmarco-passage-trec-dl-2020,0,1037496,10,20,0.7477977995492202,0.7827501522586139,0,0.6
msmarco-passage-trec-dl-2020,0,1037496,20,40,0.7866237747504977,0.7827501522586139,0,0.7
msmarco-passage-trec-dl-2020,0,1037496,50,100,0.7827501522586139,0.7827501522586139,1,1.0
msmarco-passage-trec-dl-2020,0,1037496,100,200,0.7827501522586139,0.7827501522586139,1,1.0
msmarco-passage-trec-dl-2020,0,1037496,200,400,0.7827501522586139,0.7827501522586139,1,1.0
msmarco-passage-trec-dl-2020,0,1037496,500,1000,0.7827501522586139,0.7827501522586139,1,1.0
msmarco-passage-trec-dl-2020,0,1037496,1000,2000,0.7827501522586139,0.7827501522586139,1,1.0
msmarco-passage-trec-dl-2020,0,1037496,2000,4000,0.7827501522586139,0.7827501522586139,1,1.0
msmarco-passage-trec-dl-2020,0,1037496,5000,10000,0.7827501522586139,0.7827501522586139,1,1.0
msmarco-passage-trec-dl-2020,0,1043135,10,20,0.7085773871688699,0.6817228480295415,0,0.6
msmarco-passage-trec-dl-2020,0,1043135,20,40,0.6866892877452209,0.6817228480295415,0,0.7
msmarco-passage-trec-dl-2020,0,1043135,50,100,0.6817228480295415,0.6817228480295415,0,0.9
msmarco-passage-trec-dl-2020,0,1043135,100,200,0.6817228480295415,0.6817228480295415,1,1.0
msmarco-passage-trec-dl-2020,0,1043135,200,400,0.6817228480295415,0.6817228480295415,1,1.0
msmarco-passage-trec-dl-2020,0,1043135,500,1000,0.6817228480295415,0.6817228480295415,1,1.0
msmarco-passage-trec-dl-2020,0,1043135,1000,2000,0.6817228480295415,0.6817228480295415,1,1.0
msmarco-passage-trec-dl-2020,0,1043135,2000,4000,0.6817228480295415,0.6817228480295415,1,1.0
msmarco-passage-trec-dl-2020,0,1043135,5000,10000,0.6817228480295415,0.6817228480295415,1,1.0
msmarco-passage-trec-dl-2020,0,1051399,10,20,0.4709389713790354,0.7207837998834341,0,0.8
msmarco-passage-trec-dl-2020,0,1051399,20,40,0.5968397360965616,0.7207837998834341,0,0.8
msmarco-passage-trec-dl-2020,0,1051399,50,100,0.6387735834317299,0.7207837998834341,0,0.85
msmarco-passage-trec-dl-2020,0,1051399,100,200,0.6387735834317299,0.7207837998834341,0,1.0
msmarco-passage-trec-dl-2020,0,1051399,200,400,0.7207837998834341,0.7207837998834341,0,0.95
msmarco-passage-trec-dl-2020,0,1051399,500,1000,0.7207837998834341,0.7207837998834341,0,0.95
msmarco-passage-trec-dl-2020,0,1051399,1000,2000,0.7207837998834341,0.7207837998834341,0,0.95
msmarco-passage-trec-dl-2020,0,1051399,2000,4000,0.7207837998834341,0.7207837998834341,0,0.95
msmarco-passage-trec-dl-2020,0,1051399,5000,10000,0.7207837998834341,0.7207837998834341,1,1.0
msmarco-passage-trec-dl-2020,0,1064670,10,20,0.6689675736195242,0.7557347093685493,0,0.45
msmarco-passage-trec-dl-2020,0,1064670,20,40,0.6689675736195242,0.7557347093685493,0,0.6
msmarco-passage-trec-dl-2020,0,1064670,50,100,0.7964184654648961,0.7557347093685493,0,0.7
msmarco-passage-trec-dl-2020,0,1064670,100,200,0.7557347093685493,0.7557347093685493,0,0.7
msmarco-passage-trec-dl-2020,0,1064670,200,400,0.7557347093685493,0.7557347093685493,0,0.75
msmarco-passage-trec-dl-2020,0,1064670,500,1000,0.7557347093685493,0.7557347093685493,0,0.9
msmarco-passage-trec-dl-2020,0,1064670,1000,2000,0.7557347093685493,0.7557347093685493,1,1.0
msmarco-passage-trec-dl-2020,0,1064670,2000,4000,0.7557347093685493,0.7557347093685493,1,1.0
msmarco-passage-trec-dl-2020,0,1064670,5000,10000,0.7557347093685493,0.7557347093685493,1,1.0
msmarco-passage-trec-dl-2020,0,1071750,10,20,0.5250114286890762,0.46295940257060253,0,0.65
msmarco-passage-trec-dl-2020,0,1071750,20,40,0.43441811599754515,0.46295940257060253,0,0.85
msmarco-passage-trec-dl-2020,0,1071750,50,100,0.46295940257060253,0.46295940257060253,1,1.0
msmarco-passage-trec-dl-2020,0,1071750,100,200,0.46295940257060253,0.46295940257060253,1,1.0
msmarco-passage-trec-dl-2020,0,1071750,200,400,0.46295940257060253,0.46295940257060253,1,1.0
msmarco-passage-trec-dl-2020,0,1071750,500,1000,0.46295940257060253,0.46295940257060253,1,1.0
msmarco-passage-trec-dl-2020,0,1071750,1000,2000,0.46295940257060253,0.46295940257060253,1,1.0
msmarco-passage-trec-dl-2020,0,1071750,2000,4000,0.46295940257060253,0.46295940257060253,1,1.0
msmarco-passage-trec-dl-2020,0,1071750,5000,10000,0.46295940257060253,0.46295940257060253,1,1.0
msmarco-passage-trec-dl-2020,0,1105792,10,20,0.7800888366689369,0.7818531558117318,0,0.6
msmarco-passage-trec-dl-2020,0,1105792,20,40,0.7818531558117318,0.7818531558117318,0,1.0
msmarco-passage-trec-dl-2020,0,1105792,50,100,0.7818531558117318,0.7818531558117318,0,1.0
msmarco-passage-trec-dl-2020,0,1105792,100,200,0.7818531558117318,0.7818531558117318,0,1.0
msmarco-passage-trec-dl-2020,0,1105792,200,400,0.7818531558117318,0.7818531558117318,0,1.0
msmarco-passage-trec-dl-2020,0,1105792,500,1000,0.7818531558117318,0.7818531558117318,0,1.0
msmarco-passage-trec-dl-2020,0,1105792,1000,2000,0.7818531558117318,0.7818531558117318,0,1.0
msmarco-passage-trec-dl-2020,0,1105792,2000,4000,0.7818531558117318,0.7818531558117318,1,1.0
msmarco-passage-trec-dl-2020,0,1105792,5000,10000,0.7818531558117318,0.7818531558117318,1,1.0
msmarco-passage-trec-dl-2020,0,1106979,10,20,0.8944836122933967,0.8944836122933967,0,0.6
msmarco-passage-trec-dl-2020,0,1106979,20,40,0.8944836122933967,0.8944836122933967,0,0.85
msmarco-passage-trec-dl-2020,0,1106979,50,100,0.8944836122933967,0.8944836122933967,1,1.0
msmarco-passage-trec-dl-2020,0,1106979,100,200,0.8944836122933967,0.8944836122933967,1,1.0
msmarco-passage-trec-dl-2020,0,1106979,200,400,0.8944836122933967,0.8944836122933967,1,1.0
msmarco-passage-trec-dl-2020,0,1106979,500,1000,0.8944836122933967,0.8944836122933967,1,1.0
msmarco-passage-trec-dl-2020,0,1106979,1000,2000,0.8944836122933967,0.8944836122933967,1,1.0
msmarco-passage-trec-dl-2020,0,1106979,2000,4000,0.8944836122933967,0.8944836122933967,1,1.0
msmarco-passage-trec-dl-2020,0,1106979,5000,10000,0.8944836122933967,0.8944836122933967,1,1.0
msmarco-passage-trec-dl-2020,0,1108651,10,20,0.41407112484581404,0.5417744498023945,0,0.5
msmarco-passage-trec-dl-2020,0,1108651,20,40,0.41407112484581404,0.5417744498023945,0,0.55
msmarco-passage-trec-dl-2020,0,1108651,50,100,0.3443569902734177,0.5417744498023945,0,0.6
msmarco-passage-trec-dl-2020,0,1108651,100,200,0.4734022273597467,0.5417744498023945,0,0.75
msmarco-passage-trec-dl-2020,0,1108651,200,400,0.5417744498023945,0.5417744498023945,0,0.85
msmarco-passage-trec-dl-2020,0,1108651,500,1000,0.5417744498023945,0.5417744498023945,0,0.9
msmarco-passage-trec-dl-2020,0,1108651,1000,2000,0.5417744498023945,0.5417744498023945,1,1.0
msmarco-passage-trec-dl-2020,0,1108651,2000,4000,0.5417744498023945,0.5417744498023945,1,1.0
msmarco-passage-trec-dl-2020,0,1108651,5000,10000,0.5417744498023945,0.5417744498023945,1,1.0
msmarco-passage-trec-dl-2020,0,1109707,10,20,0.7426053798006326,0.6993876603474506,0,0.6
msmarco-passage-trec-dl-2020,0,1109707,20,40,0.7409353425419882,0.6993876603474506,0,0.65
msmarco-passage-trec-dl-2020,0,1109707,50,100,0.656562004227358,0.6993876603474506,0,0.65
msmarco-passage-trec-dl-2020,0,1109707,100,200,0.632086072545981,0.6993876603474506,0,0.8
msmarco-passage-trec-dl-2020,0,1109707,200,400,0.6993876603474506,0.6993876603474506,0,0.95
msmarco-passage-trec-dl-2020,0,1109707,500,1000,0.6993876603474506,0.6993876603474506,1,1.0
msmarco-passage-trec-dl-2020,0,1109707,1000,2000,0.6993876603474506,0.6993876603474506,1,1.0
msmarco-passage-trec-dl-2020,0,1109707,2000,4000,0.6993876603474506,0.6993876603474506,1,1.0
msmarco-passage-trec-dl-2020,0,1109707,5000,10000,0.6993876603474506,0.6993876603474506,1,1.0
msmarco-passage-trec-dl-2020,0,1110678,10,20,0.6629923907697345,0.47558858491633815,0,0.7
msmarco-passage-trec-dl-2020,0,1110678,20,40,0.6550903496376769,0.47558858491633815,0,0.7
msmarco-passage-trec-dl-2020,0,1110678,50,100,0.6264768099731096,0.47558858491633815,0,0.8
msmarco-passage-trec-dl-2020,0,1110678,100,200,0.5162723410126852,0.47558858491633815,0,0.9
msmarco-passage-trec-dl-2020,0,1110678,200,400,0.47558858491633815,0.47558858491633815,0,0.9
msmarco-passage-trec-dl-2020,0,1110678,500,1000,0.47558858491633815,0.47558858491633815,0,0.95
msmarco-passage-trec-dl-2020,0,1110678,1000,2000,0.47558858491633815,0.47558858491633815,1,1.0
msmarco-passage-trec-dl-2020,0,1110678,2000,4000,0.47558858491633815,0.47558858491633815,1,1.0
msmarco-passage-trec-dl-2020,0,1110678,5000,10000,0.47558858491633815,0.47558858491633815,1,1.0
msmarco-passage-trec-dl-2020,0,1113256,10,20,1.0,1.0,0,0.5
msmarco-passage-trec-dl-2020,0,1113256,20,40,1.0,1.0,0,0.7
msmarco-passage-trec-dl-2020,0,1113256,50,100,1.0,1.0,0,0.9
msmarco-passage-trec-dl-2020,0,1113256,100,200,1.0,1.0,1,1.0
msmarco-passage-trec-dl-2020,0,1113256,200,400,1.0,1.0,1,1.0
msmarco-passage-trec-dl-2020,0,1113256,500,1000,1.0,1.0,1,1.0
msmarco-passage-trec-dl-2020,0,1113256,1000,2000,1.0,1.0,1,1.0
msmarco-passage-trec-dl-2020,0,1113256,2000,4000,1.0,1.0,1,1.0
msmarco-passage-trec-dl-2020,0,1113256,5000,10000,1.0,1.0,1,1.0
msmarco-passage-trec-dl-2020,0,1115210,10,20,0.6361435305137414,0.47631236332552207,0,0.55
msmarco-passage-trec-dl-2020,0,1115210,20,40,0.6180775873353366,0.47631236332552207,0,0.55
msmarco-passage-trec-dl-2020,0,1115210,50,100,0.591876061386089,0.47631236332552207,0,0.6
msmarco-passage-trec-dl-2020,0,1115210,100,200,0.3906610846295047,0.47631236332552207,0,0.8
msmarco-passage-trec-dl-2020,0,1115210,200,400,0.47631236332552207,0.47631236332552207,0,0.85
msmarco-passage-trec-dl-2020,0,1115210,500,1000,0.47631236332552207,0.47631236332552207,1,1.0
msmarco-passage-trec-dl-2020,0,1115210,1000,2000,0.47631236332552207,0.47631236332552207,1,1.0
msmarco-passage-trec-dl-2020,0,1115210,2000,4000,0.47631236332552207,0.47631236332552207,1,1.0
msmarco-passage-trec-dl-2020,0,1115210,5000,10000,0.47631236332552207,0.47631236332552207,1,1.0
msmarco-passage-trec-dl-2020,0,1116380,10,20,0.3023886717753342,0.10549463090859403,0,0.55
msmarco-passage-trec-dl-2020,0,1116380,20,40,0.3023886717753342,0.10549463090859403,0,0.6
msmarco-passage-trec-dl-2020,0,1116380,50,100,0.14630552502375546,0.10549463090859403,0,0.7
msmarco-passage-trec-dl-2020,0,1116380,100,200,0.14065950787812537,0.10549463090859403,0,0.8
msmarco-passage-trec-dl-2020,0,1116380,200,400,0.10549463090859403,0.10549463090859403,0,0.9
msmarco-passage-trec-dl-2020,0,1116380,500,1000,0.10549463090859403,0.10549463090859403,0,0.9
msmarco-passage-trec-dl-2020,0,1116380,1000,2000,0.10549463090859403,0.10549463090859403,0,0.9
msmarco-passage-trec-dl-2020,0,1116380,2000,4000,0.10549463090859403,0.10549463090859403,0,0.95
msmarco-passage-trec-dl-2020,0,1116380,5000,10000,0.10549463090859403,0.10549463090859403,1,1.0
msmarco-passage-trec-dl-2020,0,1121353,10,20,0.650096286523793,0.5902836269731315,0,0.5
msmarco-passage-trec-dl-2020,0,1121353,20,40,0.690166428115126,0.5902836269731315,0,0.6
msmarco-passage-trec-dl-2020,0,1121353,50,100,0.7331053123662594,0.5902836269731315,0,0.6
msmarco-passage-trec-dl-2020,0,1121353,100,200,0.5902836269731315,0.5902836269731315,0,0.85
msmarco-passage-trec-dl-2020,0,1121353,200,400,0.5902836269731315,0.5902836269731315,0,0.85
msmarco-passage-trec-dl-2020,0,1121353,500,1000,0.5902836269731315,0.5902836269731315,0,0.95
msmarco-passage-trec-dl-2020,0,1121353,1000,2000,0.5902836269731315,0.5902836269731315,1,1.0
msmarco-passage-trec-dl-2020,0,1121353,2000,4000,0.5902836269731315,0.5902836269731315,1,1.0
msmarco-passage-trec-dl-2020,0,1121353,5000,10000,0.5902836269731315,0.5902836269731315,1,1.0
msmarco-passage-trec-dl-2020,0,1122767,10,20,0.7126407365188286,0.7874689574448173,0,0.65
msmarco-passage-trec-dl-2020,0,1122767,20,40,0.7874689574448173,0.7874689574448173,0,0.75
msmarco-passage-trec-dl-2020,0,1122767,50,100,0.7874689574448173,0.7874689574448173,0,0.8
msmarco-passage-trec-dl-2020,0,1122767,100,200,0.7874689574448173,0.7874689574448173,0,0.95
msmarco-passage-trec-dl-2020,0,1122767,200,400,0.7874689574448173,0.7874689574448173,1,1.0
msmarco-passage-trec-dl-2020,0,1122767,500,1000,0.7874689574448173,0.7874689574448173,1,1.0
msmarco-passage-trec-dl-2020,0,1122767,1000,2000,0.7874689574448173,0.7874689574448173,1,1.0
msmarco-passage-trec-dl-2020,0,1122767,2000,4000,0.7874689574448173,0.7874689574448173,1,1.0
msmarco-passage-trec-dl-2020,0,1122767,5000,10000,0.7874689574448173,0.7874689574448173,1,1.0
msmarco-passage-trec-dl-2020,0,1127540,10,20,0.9512152846443239,0.9512152846443239,0,0.55
msmarco-passage-trec-dl-2020,0,1127540,20,40,0.9512152846443239,0.9512152846443239,0,0.75
msmarco-passage-trec-dl-2020,0,1127540,50,100,0.9512152846443239,0.9512152846443239,0,0.9
msmarco-passage-trec-dl-2020,0,1127540,100,200,0.9512152846443239,0.9512152846443239,0,0.95
msmarco-passage-trec-dl-2020,0,1127540,200,400,0.9512152846443239,0.9512152846443239,0,0.95
msmarco-passage-trec-dl-2020,0,1127540,500,1000,0.9512152846443239,0.9512152846443239,1,1.0
msmarco-passage-trec-dl-2020,0,1127540,1000,2000,0.9512152846443239,0.9512152846443239,1,1.0
msmarco-passage-trec-dl-2020,0,1127540,2000,4000,0.9512152846443239,0.9512152846443239,1,1.0
msmarco-passage-trec-dl-2020,0,1127540,5000,10000,0.9512152846443239,0.9512152846443239,1,1.0
msmarco-passage-trec-dl-2020,0,1131069,10,20,0.8179809735263115,0.6049306994552043,0,0.85
msmarco-passage-trec-dl-2020,0,1131069,20,40,0.4692787260227565,0.6049306994552043,0,1.0
msmarco-passage-trec-dl-2020,0,1131069,50,100,0.6049306994552043,0.6049306994552043,1,1.0
msmarco-passage-trec-dl-2020,0,1131069,100,200,0.6049306994552043,0.6049306994552043,1,1.0
msmarco-passage-trec-dl-2020,0,1131069,200,400,0.6049306994552043,0.6049306994552043,1,1.0
msmarco-passage-trec-dl-2020,0,1131069,500,1000,0.6049306994552043,0.6049306994552043,1,1.0
msmarco-passage-trec-dl-2020,0,1131069,1000,2000,0.6049306994552043,0.6049306994552043,1,1.0
msmarco-passage-trec-dl-2020,0,1131069,2000,4000,0.6049306994552043,0.6049306994552043,1,1.0
msmarco-passage-trec-dl-2020,0,1131069,5000,10000,0.6049306994552043,0.6049306994552043,1,1.0
msmarco-passage-trec-dl-2020,0,1132532,10,20,0.6331665441869851,0.5147730836631469,0,0.45
msmarco-passage-trec-dl-2020,0,1132532,20,40,0.6549924085536604,0.5147730836631469,0,0.45
msmarco-passage-trec-dl-2020,0,1132532,50,100,0.5541911317223767,0.5147730836631469,0,0.8
msmarco-passage-trec-dl-2020,0,1132532,100,200,0.5147730836631469,0.5147730836631469,0,0.8
msmarco-passage-trec-dl-2020,0,1132532,200,400,0.5147730836631469,0.5147730836631469,1,1.0
msmarco-passage-trec-dl-2020,0,1132532,500,1000,0.5147730836631469,0.5147730836631469,1,1.0
msmarco-passage-trec-dl-2020,0,1132532,1000,2000,0.5147730836631469,0.5147730836631469,1,1.0
msmarco-passage-trec-dl-2020,0,1132532,2000,4000,0.5147730836631469,0.5147730836631469,1,1.0
msmarco-passage-trec-dl-2020,0,1132532,5000,10000,0.5147730836631469,0.5147730836631469,1,1.0
msmarco-passage-trec-dl-2020,0,1133579,10,20,0.7574165218456271,0.8968332316189438,0,0.8
msmarco-passage-trec-dl-2020,0,1133579,20,40,0.8184631252849053,0.8968332316189438,0,0.85
msmarco-passage-trec-dl-2020,0,1133579,50,100,0.8968332316189438,0.8968332316189438,0,0.7
msmarco-passage-trec-dl-2020,0,1133579,100,200,0.8968332316189438,0.8968332316189438,1,1.0
msmarco-passage-trec-dl-2020,0,1133579,200,400,0.8968332316189438,0.8968332316189438,1,1.0
msmarco-passage-trec-dl-2020,0,1133579,500,1000,0.8968332316189438,0.8968332316189438,1,1.0
msmarco-passage-trec-dl-2020,0,1133579,1000,2000,0.8968332316189438,0.8968332316189438,1,1.0
msmarco-passage-trec-dl-2020,0,1133579,2000,4000,0.8968332316189438,0.8968332316189438,1,1.0
msmarco-passage-trec-dl-2020,0,1133579,5000,10000,0.8968332316189438,0.8968332316189438,1,1.0
msmarco-passage-trec-dl-2020,0,1136043,10,20,0.6259621343581626,0.6236323842628335,0,0.6
msmarco-passage-trec-dl-2020,0,1136043,20,40,0.6259621343581626,0.6236323842628335,0,0.6
msmarco-passage-trec-dl-2020,0,1136043,50,100,0.5507542647431848,0.6236323842628335,0,0.7
msmarco-passage-trec-dl-2020,0,1136043,100,200,0.6236323842628335,0.6236323842628335,0,0.85
msmarco-passage-trec-dl-2020,0,1136043,200,400,0.6236323842628335,0.6236323842628335,0,0.9
msmarco-passage-trec-dl-2020,0,1136043,500,1000,0.6236323842628335,0.6236323842628335,0,0.95
msmarco-passage-trec-dl-2020,0,1136043,1000,2000,0.6236323842628335,0.6236323842628335,0,0.95
msmarco-passage-trec-dl-2020,0,1136043,2000,4000,0.6236323842628335,0.6236323842628335,1,1.0
msmarco-passage-trec-dl-2020,0,1136043,5000,10000,0.6236323842628335,0.6236323842628335,1,1.0
msmarco-passage-trec-dl-2020,0,1136047,10,20,0.4104927764568192,0.4465576907780279,0,0.7
msmarco-passage-trec-dl-2020,0,1136047,20,40,0.4465576907780279,0.4465576907780279,0,0.8
msmarco-passage-trec-dl-2020,0,1136047,50,100,0.4465576907780279,0.4465576907780279,0,0.95
msmarco-passage-trec-dl-2020,0,1136047,100,200,0.4465576907780279,0.4465576907780279,0,0.95
msmarco-passage-trec-dl-2020,0,1136047,200,400,0.4465576907780279,0.4465576907780279,1,1.0
msmarco-passage-trec-dl-2020,0,1136047,500,1000,0.4465576907780279,0.4465576907780279,1,1.0
msmarco-passage-trec-dl-2020,0,1136047,1000,2000,0.4465576907780279,0.4465576907780279,1,1.0
msmarco-passage-trec-dl-2020,0,1136047,2000,4000,0.4465576907780279,0.4465576907780279,1,1.0
msmarco-passage-trec-dl-2020,0,1136047,5000,10000,0.4465576907780279,0.4465576907780279,1,1.0
msmarco-passage-trec-dl-2020,0,1136962,10,20,0.8580894627751137,0.8591416672098046,0,0.75
msmarco-passage-trec-dl-2020,0,1136962,20,40,0.8803485966094551,0.8591416672098046,0,0.85
msmarco-passage-trec-dl-2020,0,1136962,50,100,0.8591416672098046,0.8591416672098046,1,1.0
msmarco-passage-trec-dl-2020,0,1136962,100,200,0.8591416672098046,0.8591416672098046,1,1.0
msmarco-passage-trec-dl-2020,0,1136962,200,400,0.8591416672098046,0.8591416672098046,1,1.0
msmarco-passage-trec-dl-2020,0,1136962,500,1000,0.8591416672098046,0.8591416672098046,1,1.0
msmarco-passage-trec-dl-2020,0,1136962,1000,2000,0.8591416672098046,0.8591416672098046,1,1.0
msmarco-passage-trec-dl-2020,0,1136962,2000,4000,0.8591416672098046,0.8591416672098046,1,1.0
msmarco-passage-trec-dl-2020,0,1136962,5000,10000,0.8591416672098046,0.8591416672098046,1,1.0
msmarco-passage-trec-dl-2020,0,118440,10,20,0.32111910969137436,0.2421765074495432,0,0.65
msmarco-passage-trec-dl-2020,0,118440,20,40,0.309845310823257,0.2421765074495432,0,0.65
msmarco-passage-trec-dl-2020,0,118440,50,100,0.2432355069436726,0.2421765074495432,0,0.75
msmarco-passage-trec-dl-2020,0,118440,100,200,0.2421765074495432,0.2421765074495432,0,0.9
msmarco-passage-trec-dl-2020,0,118440,200,400,0.2421765074495432,0.2421765074495432,0,0.9
msmarco-passage-trec-dl-2020,0,118440,500,1000,0.2421765074495432,0.2421765074495432,0,0.95
msmarco-passage-trec-dl-2020,0,118440,1000,2000,0.2421765074495432,0.2421765074495432,1,1.0
msmarco-passage-trec-dl-2020,0,118440,2000,4000,0.2421765074495432,0.2421765074495432,1,1.0
msmarco-passage-trec-dl-2020,0,118440,5000,10000,0.2421765074495432,0.2421765074495432,1,1.0
msmarco-passage-trec-dl-2020,0,121171,10,20,0.5476342011846582,0.5476831447708974,0,0.6
msmarco-passage-trec-dl-2020,0,121171,20,40,0.5476831447708974,0.5476831447708974,0,0.6
msmarco-passage-trec-dl-2020,0,121171,50,100,0.5794935388703734,0.5476831447708974,0,0.8
msmarco-passage-trec-dl-2020,0,121171,100,200,0.5476831447708974,0.5476831447708974,1,1.0
msmarco-passage-trec-dl-2020,0,121171,200,400,0.5476831447708974,0.5476831447708974,1,1.0
msmarco-passage-trec-dl-2020,0,121171,500,1000,0.5476831447708974,0.5476831447708974,1,1.0
msmarco-passage-trec-dl-2020,0,121171,1000,2000,0.5476831447708974,0.5476831447708974,1,1.0
msmarco-passage-trec-dl-2020,0,121171,2000,4000,0.5476831447708974,0.5476831447708974,1,1.0
msmarco-passage-trec-dl-2020,0,121171,5000,10000,0.5476831447708974,0.5476831447708974,1,1.0
msmarco-passage-trec-dl-2020,0,135802,10,20,0.8906811220364863,0.851153265036536,0,0.65
msmarco-passage-trec-dl-2020,0,135802,20,40,0.8906811220364863,0.851153265036536,0,0.8
msmarco-passage-trec-dl-2020,0,135802,50,100,0.818297723202983,0.851153265036536,0,0.8
msmarco-passage-trec-dl-2020,0,135802,100,200,0.818297723202983,0.851153265036536,0,0.85
msmarco-passage-trec-dl-2020,0,135802,200,400,0.78544218136943,0.851153265036536,0,0.9
msmarco-passage-trec-dl-2020,0,135802,500,1000,0.851153265036536,0.851153265036536,0,1.0
msmarco-passage-trec-dl-2020,0,135802,1000,2000,0.851153265036536,0.851153265036536,1,1.0
msmarco-passage-trec-dl-2020,0,135802,2000,4000,0.851153265036536,0.851153265036536,1,1.0
msmarco-passage-trec-dl-2020,0,135802,5000,10000,0.851153265036536,0.851153265036536,1,1.0
msmarco-passage-trec-dl-2020,0,141630,10,20,0.5588661040026933,0.5564029643144487,0,0.65
msmarco-passage-trec-dl-2020,0,141630,20,40,0.5575193214035697,0.5564029643144487,0,0.7
msmarco-passage-trec-dl-2020,0,141630,50,100,0.6114591460297738,0.5564029643144487,0,0.65
msmarco-passage-trec-dl-2020,0,141630,100,200,0.5564029643144487,0.5564029643144487,1,1.0
msmarco-passage-trec-dl-2020,0,141630,200,400,0.5564029643144487,0.5564029643144487,1,1.0
msmarco-passage-trec-dl-2020,0,141630,500,1000,0.5564029643144487,0.5564029643144487,1,1.0
msmarco-passage-trec-dl-2020,0,141630,1000,2000,0.5564029643144487,0.5564029643144487,1,1.0
msmarco-passage-trec-dl-2020,0,141630,2000,4000,0.5564029643144487,0.5564029643144487,1,1.0
msmarco-passage-trec-dl-2020,0,141630,5000,10000,0.5564029643144487,0.5564029643144487,1,1.0
msmarco-passage-trec-dl-2020,0,156498,10,20,0.608997890764155,0.6455914161366665,0,0.7
msmarco-passage-trec-dl-2020,0,156498,20,40,0.5911315534942844,0.6455914161366665,0,0.7
msmarco-passage-trec-dl-2020,0,156498,50,100,0.6455914161366665,0.6455914161366665,0,0.85
msmarco-passage-trec-dl-2020,0,156498,100,200,0.6455914161366665,0.6455914161366665,0,0.85
msmarco-passage-trec-dl-2020,0,156498,200,400,0.6455914161366665,0.6455914161366665,1,1.0
msmarco-passage-trec-dl-2020,0,156498,500,1000,0.6455914161366665,0.6455914161366665,1,1.0
msmarco-passage-trec-dl-2020,0,156498,1000,2000,0.6455914161366665,0.6455914161366665,1,1.0
msmarco-passage-trec-dl-2020,0,156498,2000,4000,0.6455914161366665,0.6455914161366665,1,1.0
msmarco-passage-trec-dl-2020,0,156498,5000,10000,0.6455914161366665,0.6455914161366665,1,1.0
msmarco-passage-trec-dl-2020,0,169208,10,20,0.49779572500234326,0.5906626746312441,0,0.75
msmarco-passage-trec-dl-2020,0,169208,20,40,0.5679018584987582,0.5906626746312441,0,0.9
msmarco-passage-trec-dl-2020,0,169208,50,100,0.5906626746312441,0.5906626746312441,0,0.75
msmarco-passage-trec-dl-2020,0,169208,100,200,0.5906626746312441,0.5906626746312441,1,1.0
msmarco-passage-trec-dl-2020,0,169208,200,400,0.5906626746312441,0.5906626746312441,1,1.0
msmarco-passage-trec-dl-2020,0,169208,500,1000,0.5906626746312441,0.5906626746312441,1,1.0
msmarco-passage-trec-dl-2020,0,169208,1000,2000,0.5906626746312441,0.5906626746312441,1,1.0
msmarco-passage-trec-dl-2020,0,169208,2000,4000,0.5906626746312441,0.5906626746312441,1,1.0
msmarco-passage-trec-dl-2020,0,169208,5000,10000,0.5906626746312441,0.5906626746312441,1,1.0
msmarco-passage-trec-dl-2020,0,174463,10,20,0.6217702500526446,0.5341905805262335,0,0.4
msmarco-passage-trec-dl-2020,0,174463,20,40,0.6217702500526446,0.5341905805262335,0,0.5
msmarco-passage-trec-dl-2020,0,174463,50,100,0.5093214172398443,0.5341905805262335,0,0.6
msmarco-passage-trec-dl-2020,0,174463,100,200,0.4815103800741765,0.5341905805262335,0,0.65
msmarco-passage-trec-dl-2020,0,174463,200,400,0.47450455811927195,0.5341905805262335,0,0.8
msmarco-passage-trec-dl-2020,0,174463,500,1000,0.5341905805262335,0.5341905805262335,0,0.95
msmarco-passage-trec-dl-2020,0,174463,1000,2000,0.5341905805262335,0.5341905805262335,0,0.95
msmarco-passage-trec-dl-2020,0,174463,2000,4000,0.5341905805262335,0.5341905805262335,0,0.95
msmarco-passage-trec-dl-2020,0,174463,5000,10000,0.5341905805262335,0.5341905805262335,0,0.95
msmarco-passage-trec-dl-2020,0,23849,10,20,0.3487963763015231,0.4082307071434522,0,0.7
msmarco-passage-trec-dl-2020,0,23849,20,40,0.46349826456642934,0.4082307071434522,0,0.7
msmarco-passage-trec-dl-2020,0,23849,50,100,0.4923148252909438,0.4082307071434522,0,0.7
msmarco-passage-trec-dl-2020,0,23849,100,200,0.45047017325987493,0.4082307071434522,0,0.8
msmarco-passage-trec-dl-2020,0,23849,200,400,0.3850869664978598,0.4082307071434522,0,0.9
msmarco-passage-trec-dl-2020,0,23849,500,1000,0.4082307071434522,0.4082307071434522,0,0.9
msmarco-passage-trec-dl-2020,0,23849,1000,2000,0.4082307071434522,0.4082307071434522,0,0.95
msmarco-passage-trec-dl-2020,0,23849,2000,4000,0.4082307071434522,0.4082307071434522,0,1.0
msmarco-passage-trec-dl-2020,0,23849,5000,10000,0.4082307071434522,0.4082307071434522,0,1.0
msmarco-passage-trec-dl-2020,0,258062,10,20,0.7019727018777484,0.6300426811446146,0,0.6
msmarco-passage-trec-dl-2020,0,258062,20,40,0.6717589890736099,0.6300426811446146,0,0.65
msmarco-passage-trec-dl-2020,0,258062,50,100,0.5637884576902256,0.6300426811446146,0,0.9
msmarco-passage-trec-dl-2020,0,258062,100,200,0.6300426811446146,0.6300426811446146,0,0.85
msmarco-passage-trec-dl-2020,0,258062,200,400,0.6300426811446146,0.6300426811446146,0,0.85
msmarco-passage-trec-dl-2020,0,258062,500,1000,0.6300426811446146,0.6300426811446146,1,1.0
msmarco-passage-trec-dl-2020,0,258062,1000,2000,0.6300426811446146,0.6300426811446146,1,1.0
msmarco-passage-trec-dl-2020,0,258062,2000,4000,0.6300426811446146,0.6300426811446146,1,1.0
msmarco-passage-trec-dl-2020,0,258062,5000,10000,0.6300426811446146,0.6300426811446146,1,1.0
msmarco-passage-trec-dl-2020,0,324585,10,20,0.586892471849393,0.3557772116892465,0,0.75
msmarco-passage-trec-dl-2020,0,324585,20,40,0.4315420454124845,0.3557772116892465,0,0.85
msmarco-passage-trec-dl-2020,0,324585,50,100,0.3531437764338091,0.3557772116892465,0,0.85
msmarco-passage-trec-dl-2020,0,324585,100,200,0.3531437764338091,0.3557772116892465,0,0.9
msmarco-passage-trec-dl-2020,0,324585,200,400,0.28952298823485745,0.3557772116892465,0,0.9
msmarco-passage-trec-dl-2020,0,324585,500,1000,0.3557772116892465,0.3557772116892465,0,0.9
msmarco-passage-trec-dl-2020,0,324585,1000,2000,0.3557772116892465,0.3557772116892465,0,0.95
msmarco-passage-trec-dl-2020,0,324585,2000,4000,0.3557772116892465,0.3557772116892465,0,1.0
msmarco-passage-trec-dl-2020,0,324585,5000,10000,0.3557772116892465,0.3557772116892465,0,1.0
msmarco-passage-trec-dl-2020,0,330975,10,20,0.603832416941203,0.666320626170151,0,0.6
msmarco-passage-trec-dl-2020,0,330975,20,40,0.5798698210102881,0.666320626170151,0,0.6
msmarco-passage-trec-dl-2020,0,330975,50,100,0.666320626170151,0.666320626170151,0,0.85
msmarco-passage-trec-dl-2020,0,330975,100,200,0.666320626170151,0.666320626170151,1,1.0
msmarco-passage-trec-dl-2020,0,330975,200,400,0.666320626170151,0.666320626170151,1,1.0
msmarco-passage-trec-dl-2020,0,330975,500,1000,0.666320626170151,0.666320626170151,1,1.0
msmarco-passage-trec-dl-2020,0,330975,1000,2000,0.666320626170151,0.666320626170151,1,1.0
msmarco-passage-trec-dl-2020,0,330975,2000,4000,0.666320626170151,0.666320626170151,1,1.0
msmarco-passage-trec-dl-2020,0,330975,5000,10000,0.666320626170151,0.666320626170151,1,1.0
msmarco-passage-trec-dl-2020,0,332593,10,20,0.6937972703231455,0.7072470410306388,0,0.65
msmarco-passage-trec-dl-2020,0,332593,20,40,0.6839199072291771,0.7072470410306388,0,0.75
msmarco-passage-trec-dl-2020,0,332593,50,100,0.6605927734277152,0.7072470410306388,0,0.8
msmarco-passage-trec-dl-2020,0,332593,100,200,0.7072470410306388,0.7072470410306388,0,0.9
msmarco-passage-trec-dl-2020,0,332593,200,400,0.7072470410306388,0.7072470410306388,1,1.0
msmarco-passage-trec-dl-2020,0,332593,500,1000,0.7072470410306388,0.7072470410306388,1,1.0
msmarco-passage-trec-dl-2020,0,332593,1000,2000,0.7072470410306388,0.7072470410306388,1,1.0
msmarco-passage-trec-dl-2020,0,332593,2000,4000,0.7072470410306388,0.7072470410306388,1,1.0
msmarco-passage-trec-dl-2020,0,332593,5000,10000,0.7072470410306388,0.7072470410306388,1,1.0
msmarco-passage-trec-dl-2020,0,336901,10,20,0.2976932148674145,0.3379680345449382,0,0.65
msmarco-passage-trec-dl-2020,0,336901,20,40,0.3379680345449382,0.3379680345449382,0,0.85
msmarco-passage-trec-dl-2020,0,336901,50,100,0.3379680345449382,0.3379680345449382,1,1.0
msmarco-passage-trec-dl-2020,0,336901,100,200,0.3379680345449382,0.3379680345449382,1,1.0
msmarco-passage-trec-dl-2020,0,336901,200,400,0.3379680345449382,0.3379680345449382,1,1.0
msmarco-passage-trec-dl-2020,0,336901,500,1000,0.3379680345449382,0.3379680345449382,1,1.0
msmarco-passage-trec-dl-2020,0,336901,1000,2000,0.3379680345449382,0.3379680345449382,1,1.0
msmarco-passage-trec-dl-2020,0,336901,2000,4000,0.3379680345449382,0.3379680345449382,1,1.0
msmarco-passage-trec-dl-2020,0,336901,5000,10000,0.3379680345449382,0.3379680345449382,1,1.0
msmarco-passage-trec-dl-2020,0,390360,10,20,0.5701494307154445,0.6640143973443788,0,0.6
msmarco-passage-trec-dl-2020,0,390360,20,40,0.5804968374546868,0.6640143973443788,0,0.7
msmarco-passage-trec-dl-2020,0,390360,50,100,0.5804968374546868,0.6640143973443788,0,0.7
msmarco-passage-trec-dl-2020,0,390360,100,200,0.6397216908378293,0.6640143973443788,0,0.75
msmarco-passage-trec-dl-2020,0,390360,200,400,0.6640143973443788,0.6640143973443788,0,0.95
msmarco-passage-trec-dl-2020,0,390360,500,1000,0.6640143973443788,0.6640143973443788,0,0.95
msmarco-passage-trec-dl-2020,0,390360,1000,2000,0.6640143973443788,0.6640143973443788,0,1.0
msmarco-passage-trec-dl-2020,0,390360,2000,4000,0.6640143973443788,0.6640143973443788,1,1.0
msmarco-passage-trec-dl-2020,0,390360,5000,10000,0.6640143973443788,0.6640143973443788,1,1.0
msmarco-passage-trec-dl-2020,0,405163,10,20,0.25329540411053186,0.06625422345438904,0,0.6
msmarco-passage-trec-dl-2020,0,405163,20,40,0.25329540411053186,0.06625422345438904,0,0.6
msmarco-passage-trec-dl-2020,0,405163,50,100,0.12987501165334076,0.06625422345438904,0,0.75
msmarco-passage-trec-dl-2020,0,405163,100,200,0.0,0.06625422345438904,0,0.8
msmarco-passage-trec-dl-2020,0,405163,200,400,0.0,0.06625422345438904,0,0.8
msmarco-passage-trec-dl-2020,0,405163,500,1000,0.12987501165334076,0.06625422345438904,0,0.9
msmarco-passage-trec-dl-2020,0,405163,1000,2000,0.12987501165334076,0.06625422345438904,0,0.9
msmarco-passage-trec-dl-2020,0,405163,2000,4000,0.06625422345438904,0.06625422345438904,0,0.95
msmarco-passage-trec-dl-2020,0,405163,5000,10000,0.06625422345438904,0.06625422345438904,0,1.0
msmarco-passage-trec-dl-2020,0,42255,10,20,0.9008707493722495,0.7438061681165428,0,0.4
msmarco-passage-trec-dl-2020,0,42255,20,40,0.8561715911003899,0.7438061681165428,0,0.5
msmarco-passage-trec-dl-2020,0,42255,50,100,0.7438061681165428,0.7438061681165428,0,0.6
msmarco-passage-trec-dl-2020,0,42255,100,200,0.7438061681165428,0.7438061681165428,0,0.95
msmarco-passage-trec-dl-2020,0,42255,200,400,0.7438061681165428,0.7438061681165428,1,1.0
msmarco-passage-trec-dl-2020,0,42255,500,1000,0.7438061681165428,0.7438061681165428,1,1.0
msmarco-passage-trec-dl-2020,0,42255,1000,2000,0.7438061681165428,0.7438061681165428,1,1.0
msmarco-passage-trec-dl-2020,0,42255,2000,4000,0.7438061681165428,0.7438061681165428,1,1.0
msmarco-passage-trec-dl-2020,0,42255,5000,10000,0.7438061681165428,0.7438061681165428,1,1.0
msmarco-passage-trec-dl-2020,0,47210,10,20,0.8910923842409363,0.892032663855588,0,0.5
msmarco-passage-trec-dl-2020,0,47210,20,40,0.8693165822325318,0.892032663855588,0,0.7
msmarco-passage-trec-dl-2020,0,47210,50,100,0.892032663855588,0.892032663855588,0,0.8
msmarco-passage-trec-dl-2020,0,47210,100,200,0.892032663855588,0.892032663855588,0,0.95
msmarco-passage-trec-dl-2020,0,47210,200,400,0.892032663855588,0.892032663855588,1,1.0
msmarco-passage-trec-dl-2020,0,47210,500,1000,0.892032663855588,0.892032663855588,1,1.0
msmarco-passage-trec-dl-2020,0,47210,1000,2000,0.892032663855588,0.892032663855588,1,1.0
msmarco-passage-trec-dl-2020,0,47210,2000,4000,0.892032663855588,0.892032663855588,1,1.0
msmarco-passage-trec-dl-2020,0,47210,5000,10000,0.892032663855588,0.892032663855588,1,1.0
msmarco-passage-trec-dl-2020,0,555530,10,20,0.3265828001246347,0.2489083270225946,0,0.55
msmarco-passage-trec-dl-2020,0,555530,20,40,0.3265828001246347,0.2489083270225946,0,0.55
msmarco-passage-trec-dl-2020,0,555530,50,100,0.35510067404235685,0.2489083270225946,0,0.65
msmarco-passage-trec-dl-2020,0,555530,100,200,0.2489083270225946,0.2489083270225946,0,0.85
msmarco-passage-trec-dl-2020,0,555530,200,400,0.2489083270225946,0.2489083270225946,0,0.8
msmarco-passage-trec-dl-2020,0,555530,500,1000,0.2489083270225946,0.2489083270225946,1,1.0
msmarco-passage-trec-dl-2020,0,555530,1000,2000,0.2489083270225946,0.2489083270225946,1,1.0
msmarco-passage-trec-dl-2020,0,555530,2000,4000,0.2489083270225946,0.2489083270225946,1,1.0
msmarco-passage-trec-dl-2020,0,555530,5000,10000,0.2489083270225946,0.2489083270225946,1,1.0
msmarco-passage-trec-dl-2020,0,583468,10,20,0.9194945971439097,1.0,0,0.6
msmarco-passage-trec-dl-2020,0,583468,20,40,0.9787930706003494,1.0,0,0.65
msmarco-passage-trec-dl-2020,0,583468,50,100,1.0,1.0,0,0.85
msmarco-passage-trec-dl-2020,0,583468,100,200,1.0,1.0,1,1.0
msmarco-passage-trec-dl-2020,0,583468,200,400,1.0,1.0,1,1.0
msmarco-passage-trec-dl-2020,0,583468,500,1000,1.0,1.0,1,1.0
msmarco-passage-trec-dl-2020,0,583468,1000,2000,1.0,1.0,1,1.0
msmarco-passage-trec-dl-2020,0,583468,2000,4000,1.0,1.0,1,1.0
msmarco-passage-trec-dl-2020,0,583468,5000,10000,1.0,1.0,1,1.0
msmarco-passage-trec-dl-2020,0,640502,10,20,0.6813218620925117,0.7702043899253146,0,0.45
msmarco-passage-trec-dl-2020,0,640502,20,40,0.6756335384263039,0.7702043899253146,0,0.55
msmarco-passage-trec-dl-2020,0,640502,50,100,0.7034066032439746,0.7702043899253146,0,0.65
msmarco-passage-trec-dl-2020,0,640502,100,200,0.7702043899253146,0.7702043899253146,0,0.85
msmarco-passage-trec-dl-2020,0,640502,200,400,0.7702043899253146,0.7702043899253146,0,0.85
msmarco-passage-trec-dl-2020,0,640502,500,1000,0.7702043899253146,0.7702043899253146,1,1.0
msmarco-passage-trec-dl-2020,0,640502,1000,2000,0.7702043899253146,0.7702043899253146,1,1.0
msmarco-passage-trec-dl-2020,0,640502,2000,4000,0.7702043899253146,0.7702043899253146,1,1.0
msmarco-passage-trec-dl-2020,0,640502,5000,10000,0.7702043899253146,0.7702043899253146,1,1.0
msmarco-passage-trec-dl-2020,0,67316,10,20,0.6231229719710911,0.24209587273488012,0,0.5
msmarco-passage-trec-dl-2020,0,67316,20,40,0.6231229719710911,0.24209587273488012,0,0.55
msmarco-passage-trec-dl-2020,0,67316,50,100,0.45026675827579465,0.24209587273488012,0,0.65
msmarco-passage-trec-dl-2020,0,67316,100,200,0.24209587273488012,0.24209587273488012,0,0.85
msmarco-passage-trec-dl-2020,0,67316,200,400,0.24209587273488012,0.24209587273488012,0,0.85
msmarco-passage-trec-dl-2020,0,67316,500,1000,0.24209587273488012,0.24209587273488012,1,1.0
msmarco-passage-trec-dl-2020,0,67316,1000,2000,0.24209587273488012,0.24209587273488012,1,1.0
msmarco-passage-trec-dl-2020,0,67316,2000,4000,0.24209587273488012,0.24209587273488012,1,1.0
msmarco-passage-trec-dl-2020,0,67316,5000,10000,0.24209587273488012,0.24209587273488012,1,1.0
msmarco-passage-trec-dl-2020,0,673670,10,20,0.13601428619532008,0.0,0,0.4
msmarco-passage-trec-dl-2020,0,673670,20,40,0.13601428619532008,0.0,0,0.4
msmarco-passage-trec-dl-2020,0,673670,50,100,0.0664996700045463,0.0,0,0.6
msmarco-passage-trec-dl-2020,0,673670,100,200,0.0,0.0,0,0.95
msmarco-passage-trec-dl-2020,0,673670,200,400,0.0,0.0,1,1.0
msmarco-passage-trec-dl-2020,0,673670,500,1000,0.0,0.0,1,1.0
msmarco-passage-trec-dl-2020,0,673670,1000,2000,0.0,0.0,1,1.0
msmarco-passage-trec-dl-2020,0,673670,2000,4000,0.0,0.0,1,1.0
msmarco-passage-trec-dl-2020,0,673670,5000,10000,0.0,0.0,1,1.0
msmarco-passage-trec-dl-2020,0,701453,10,20,0.884479568180851,0.9133070188640856,0,0.55
msmarco-passage-trec-dl-2020,0,701453,20,40,0.9391493317334083,0.9133070188640856,0,0.75
msmarco-passage-trec-dl-2020,0,701453,50,100,0.9133070188640856,0.9133070188640856,1,1.0
msmarco-passage-trec-dl-2020,0,701453,100,200,0.9133070188640856,0.9133070188640856,1,1.0
msmarco-passage-trec-dl-2020,0,701453,200,400,0.9133070188640856,0.9133070188640856,1,1.0
msmarco-passage-trec-dl-2020,0,701453,500,1000,0.9133070188640856,0.9133070188640856,1,1.0
msmarco-passage-trec-dl-2020,0,701453,1000,2000,0.9133070188640856,0.9133070188640856,1,1.0
msmarco-passage-trec-dl-2020,0,701453,2000,4000,0.9133070188640856,0.9133070188640856,1,1.0
msmarco-passage-trec-dl-2020,0,701453,5000,10000,0.9133070188640856,0.9133070188640856,1,1.0
msmarco-passage-trec-dl-2020,0,730539,10,20,0.7250867735071928,0.7634379439111053,0,0.75
msmarco-passage-trec-dl-2020,0,730539,20,40,0.7564321219562007,0.7634379439111053,0,0.8
msmarco-passage-trec-dl-2020,0,730539,50,100,0.7634379439111053,0.7634379439111053,0,0.85
msmarco-passage-trec-dl-2020,0,730539,100,200,0.7634379439111053,0.7634379439111053,0,0.9
msmarco-passage-trec-dl-2020,0,730539,200,400,0.7634379439111053,0.7634379439111053,0,0.9
msmarco-passage-trec-dl-2020,0,730539,500,1000,0.7634379439111053,0.7634379439111053,1,1.0
msmarco-passage-trec-dl-2020,0,730539,1000,2000,0.7634379439111053,0.7634379439111053,1,1.0
msmarco-passage-trec-dl-2020,0,730539,2000,4000,0.7634379439111053,0.7634379439111053,1,1.0
msmarco-passage-trec-dl-2020,0,730539,5000,10000,0.7634379439111053,0.7634379439111053,1,1.0
msmarco-passage-trec-dl-2020,0,768208,10,20,0.5763968704497192,0.7727648542782097,0,0.7
msmarco-passage-trec-dl-2020,0,768208,20,40,0.6360030684590315,0.7727648542782097,0,0.8
msmarco-passage-trec-dl-2020,0,768208,50,100,0.7727648542782097,0.7727648542782097,0,0.8
msmarco-passage-trec-dl-2020,0,768208,100,200,0.7727648542782097,0.7727648542782097,0,0.9
msmarco-passage-trec-dl-2020,0,768208,200,400,0.7727648542782097,0.7727648542782097,0,0.9
msmarco-passage-trec-dl-2020,0,768208,500,1000,0.7727648542782097,0.7727648542782097,1,1.0
msmarco-passage-trec-dl-2020,0,768208,1000,2000,0.7727648542782097,0.7727648542782097,1,1.0
msmarco-passage-trec-dl-2020,0,768208,2000,4000,0.7727648542782097,0.7727648542782097,1,1.0
msmarco-passage-trec-dl-2020,0,768208,5000,10000,0.7727648542782097,0.7727648542782097,1,1.0
msmarco-passage-trec-dl-2020,0,877809,10,20,0.7669407152591177,0.7745687168293937,0,0.6
msmarco-passage-trec-dl-2020,0,877809,20,40,0.753361787429743,0.7745687168293937,0,0.75
msmarco-passage-trec-dl-2020,0,877809,50,100,0.7745687168293937,0.7745687168293937,0,0.85
msmarco-passage-trec-dl-2020,0,877809,100,200,0.7745687168293937,0.7745687168293937,1,1.0
msmarco-passage-trec-dl-2020,0,877809,200,400,0.7745687168293937,0.7745687168293937,1,1.0
msmarco-passage-trec-dl-2020,0,877809,500,1000,0.7745687168293937,0.7745687168293937,1,1.0
msmarco-passage-trec-dl-2020,0,877809,1000,2000,0.7745687168293937,0.7745687168293937,1,1.0
msmarco-passage-trec-dl-2020,0,877809,2000,4000,0.7745687168293937,0.7745687168293937,1,1.0
msmarco-passage-trec-dl-2020,0,877809,5000,10000,0.7745687168293937,0.7745687168293937,1,1.0
msmarco-passage-trec-dl-2020,0,911232,10,20,0.6291379352152343,0.643732716730664,0,0.65
msmarco-passage-trec-dl-2020,0,911232,20,40,0.643732716730664,0.643732716730664,0,0.8
msmarco-passage-trec-dl-2020,0,911232,50,100,0.643732716730664,0.643732716730664,0,0.9
msmarco-passage-trec-dl-2020,0,911232,100,200,0.643732716730664,0.643732716730664,0,0.95
msmarco-passage-trec-dl-2020,0,911232,200,400,0.643732716730664,0.643732716730664,0,0.95
msmarco-passage-trec-dl-2020,0,911232,500,1000,0.643732716730664,0.643732716730664,1,1.0
msmarco-passage-trec-dl-2020,0,911232,1000,2000,0.643732716730664,0.643732716730664,1,1.0
msmarco-passage-trec-dl-2020,0,911232,2000,4000,0.643732716730664,0.643732716730664,1,1.0
msmarco-passage-trec-dl-2020,0,911232,5000,10000,0.643732716730664,0.643732716730664,1,1.0
msmarco-passage-trec-dl-2020,0,914916,10,20,0.49296141814747707,0.5602689540626516,0,0.6
msmarco-passage-trec-dl-2020,0,914916,20,40,0.5403088106190895,0.5602689540626516,0,0.65
msmarco-passage-trec-dl-2020,0,914916,50,100,0.5891010183744518,0.5602689540626516,0,0.8
msmarco-passage-trec-dl-2020,0,914916,100,200,0.5602689540626516,0.5602689540626516,0,0.7
msmarco-passage-trec-dl-2020,0,914916,200,400,0.5602689540626516,0.5602689540626516,1,1.0
msmarco-passage-trec-dl-2020,0,914916,500,1000,0.5602689540626516,0.5602689540626516,1,1.0
msmarco-passage-trec-dl-2020,0,914916,1000,2000,0.5602689540626516,0.5602689540626516,1,1.0
msmarco-passage-trec-dl-2020,0,914916,2000,4000,0.5602689540626516,0.5602689540626516,1,1.0
msmarco-passage-trec-dl-2020,0,914916,5000,10000,0.5602689540626516,0.5602689540626516,1,1.0
msmarco-passage-trec-dl-2020,0,938400,10,20,0.49917406976222345,0.5062007289177172,0,0.6
msmarco-passage-trec-dl-2020,0,938400,20,40,0.5933607200949346,0.5062007289177172,0,0.6
msmarco-passage-trec-dl-2020,0,938400,50,100,0.5274076583173677,0.5062007289177172,0,0.6
msmarco-passage-trec-dl-2020,0,938400,100,200,0.5274076583173677,0.5062007289177172,0,0.8
msmarco-passage-trec-dl-2020,0,938400,200,400,0.5062007289177172,0.5062007289177172,1,1.0
msmarco-passage-trec-dl-2020,0,938400,500,1000,0.5062007289177172,0.5062007289177172,1,1.0
msmarco-passage-trec-dl-2020,0,938400,1000,2000,0.5062007289177172,0.5062007289177172,1,1.0
msmarco-passage-trec-dl-2020,0,938400,2000,4000,0.5062007289177172,0.5062007289177172,1,1.0
msmarco-passage-trec-dl-2020,0,938400,5000,10000,0.5062007289177172,0.5062007289177172,1,1.0
msmarco-passage-trec-dl-2020,0,940547,10,20,0.451116127669237,0.7376668525535677,0,0.7
msmarco-passage-trec-dl-2020,0,940547,20,40,0.6221194150626523,0.7376668525535677,0,0.7
msmarco-passage-trec-dl-2020,0,940547,50,100,0.7071731760818105,0.7376668525535677,0,0.75
msmarco-passage-trec-dl-2020,0,940547,100,200,0.7376668525535677,0.7376668525535677,0,0.85
msmarco-passage-trec-dl-2020,0,940547,200,400,0.7376668525535677,0.7376668525535677,1,1.0
msmarco-passage-trec-dl-2020,0,940547,500,1000,0.7376668525535677,0.7376668525535677,1,1.0
msmarco-passage-trec-dl-2020,0,940547,1000,2000,0.7376668525535677,0.7376668525535677,1,1.0
msmarco-passage-trec-dl-2020,0,940547,2000,4000,0.7376668525535677,0.7376668525535677,1,1.0
msmarco-passage-trec-dl-2020,0,940547,5000,10000,0.7376668525535677,0.7376668525535677,1,1.0
msmarco-passage-trec-dl-2020,0,997622,10,20,0.8006937664098819,1.0,0,0.55
msmarco-passage-trec-dl-2020,0,997622,20,40,1.0,1.0,0,0.7
msmarco-passage-trec-dl-2020,0,997622,50,100,1.0,1.0,0,0.85
msmarco-passage-trec-dl-2020,0,997622,100,200,1.0,1.0,0,0.9
msmarco-passage-trec-dl-2020,0,997622,200,400,1.0,1.0,1,1.0
msmarco-passage-trec-dl-2020,0,997622,500,1000,1.0,1.0,1,1.0
msmarco-passage-trec-dl-2020,0,997622,1000,2000,1.0,1.0,1,1.0
msmarco-passage-trec-dl-2020,0,997622,2000,4000,1.0,1.0,1,1.0
msmarco-passage-trec-dl-2020,0,997622,5000,10000,1.0,1.0,1,1.0
