dataset,query_id,dense_to_sparse_cost_ratio,policy,base_budget,target_cost,charged_cost,dense_depth,sparse_depth,dense_cost_share,certified_k_cap100,next_certificate_gap
msmarco-passage-trec-dl-2019,156493,0.5,cost-balanced,128,96.0,96.0,64,64,0.3333333333333333,18,-0.001752760261297226
msmarco-passage-trec-dl-2019,156493,0.5,cost-balanced,256,192.0,192.0,192,96,0.5,18,-9.850040078163147e-05
msmarco-passage-trec-dl-2019,156493,0.5,cost-balanced,512,384.0,384.0,384,192,0.5,69,-0.00020494963973760605
msmarco-passage-trec-dl-2019,156493,0.5,cost-balanced,1024,768.0,768.0,768,384,0.5,90,-0.00013030413538217545
msmarco-passage-trec-dl-2019,156493,0.5,cost-balanced,2048,1536.0,1536.0,1536,768,0.5,100,-inf
msmarco-passage-trec-dl-2019,156493,0.5,cost-balanced,4096,3072.0,3072.0,3072,1536,0.5,100,-inf
msmarco-passage-trec-dl-2019,156493,0.5,cost-balanced,8192,6144.0,6144.0,5000,3644,0.4069010416666667,100,-inf
msmarco-passage-trec-dl-2019,156493,0.5,cost-balanced,10000,7500.0,7500.0,5000,5000,0.3333333333333333,100,-inf
msmarco-passage-trec-dl-2019,156493,0.5,upper-per-cost,128,96.0,96.0,64,64,0.3333333333333333,18,-0.001752760261297226
msmarco-passage-trec-dl-2019,156493,0.5,upper-per-cost,256,192.0,192.0,128,128,0.3333333333333333,24,-0.0005608722567558289
msmarco-passage-trec-dl-2019,156493,0.5,upper-per-cost,512,384.0,384.0,320,224,0.4166666666666667,66,-4.5064836740493774e-05
msmarco-passage-trec-dl-2019,156493,0.5,upper-per-cost,1024,768.0,768.0,640,448,0.4166666666666667,76,-0.0001174313947558403
msmarco-passage-trec-dl-2019,156493,0.5,upper-per-cost,2048,1536.0,1536.0,1280,896,0.4166666666666667,100,-inf
msmarco-passage-trec-dl-2019,156493,0.5,upper-per-cost,4096,3072.0,3072.0,2560,1792,0.4166666666666667,100,-inf
msmarco-passage-trec-dl-2019,156493,0.5,upper-per-cost,8192,6144.0,6144.0,4992,3648,0.40625,100,-inf
msmarco-passage-trec-dl-2019,156493,0.5,upper-per-cost,10000,7500.0,7500.0,5000,5000,0.3333333333333333,100,-inf
msmarco-passage-trec-dl-2019,156493,0.5,blocker-per-cost,128,96.0,96.0,64,64,0.3333333333333333,18,-0.001752760261297226
msmarco-passage-trec-dl-2019,156493,0.5,blocker-per-cost,256,192.0,192.0,128,128,0.3333333333333333,24,-0.0005608722567558289
msmarco-passage-trec-dl-2019,156493,0.5,blocker-per-cost,512,384.0,384.0,384,192,0.5,69,-0.00020494963973760605
msmarco-passage-trec-dl-2019,156493,0.5,blocker-per-cost,1024,768.0,768.0,768,384,0.5,90,-0.00013030413538217545
msmarco-passage-trec-dl-2019,156493,0.5,blocker-per-cost,2048,1536.0,1536.0,1280,896,0.4166666666666667,100,-inf
msmarco-passage-trec-dl-2019,156493,0.5,blocker-per-cost,4096,3072.0,3072.0,2560,1792,0.4166666666666667,100,-inf
msmarco-passage-trec-dl-2019,156493,0.5,blocker-per-cost,8192,6144.0,6144.0,4992,3648,0.40625,100,-inf
msmarco-passage-trec-dl-2019,156493,0.5,blocker-per-cost,10000,7500.0,7500.0,5000,5000,0.3333333333333333,100,-inf
msmarco-passage-trec-dl-2019,156493,0.5,pressure-per-cost,128,96.0,96.0,64,64,0.3333333333333333,18,-0.001752760261297226
msmarco-passage-trec-dl-2019,156493,0.5,pressure-per-cost,256,192.0,192.0,128,128,0.3333333333333333,24,-0.0005608722567558289
msmarco-passage-trec-dl-2019,156493,0.5,pressure-per-cost,512,384.0,384.0,384,192,0.5,69,-0.00020494963973760605
msmarco-passage-trec-dl-2019,156493,0.5,pressure-per-cost,1024,768.0,768.0,768,384,0.5,90,-0.00013030413538217545
msmarco-passage-trec-dl-2019,156493,0.5,pressure-per-cost,2048,1536.0,1536.0,1152,960,0.375,100,-inf
msmarco-passage-trec-dl-2019,156493,0.5,pressure-per-cost,4096,3072.0,3072.0,2304,1920,0.375,100,-inf
msmarco-passage-trec-dl-2019,156493,0.5,pressure-per-cost,8192,6144.0,6144.0,4672,3808,0.3802083333333333,100,-inf
msmarco-passage-trec-dl-2019,156493,0.5,pressure-per-cost,10000,7500.0,7500.0,5000,5000,0.3333333333333333,100,-inf
msmarco-passage-trec-dl-2019,156493,0.5,candidate-per-cost,128,96.0,96.0,64,64,0.3333333333333333,18,-0.001752760261297226
msmarco-passage-trec-dl-2019,156493,0.5,candidate-per-cost,256,192.0,192.0,128,128,0.3333333333333333,24,-0.0005608722567558289
msmarco-passage-trec-dl-2019,156493,0.5,candidate-per-cost,512,384.0,384.0,384,192,0.5,69,-0.00020494963973760605
msmarco-passage-trec-dl-2019,156493,0.5,candidate-per-cost,1024,768.0,768.0,768,384,0.5,90,-0.00013030413538217545
msmarco-passage-trec-dl-2019,156493,0.5,candidate-per-cost,2048,1536.0,1536.0,1280,896,0.4166666666666667,100,-inf
msmarco-passage-trec-dl-2019,156493,0.5,candidate-per-cost,4096,3072.0,3072.0,2560,1792,0.4166666666666667,100,-inf
msmarco-passage-trec-dl-2019,156493,0.5,candidate-per-cost,8192,6144.0,6144.0,4992,3648,0.40625,100,-inf
msmarco-passage-trec-dl-2019,156493,0.5,candidate-per-cost,10000,7500.0,7500.0,5000,5000,0.3333333333333333,100,-inf
msmarco-passage-trec-dl-2019,156493,2.0,cost-balanced,128,192.0,192.0,64,64,0.6666666666666666,18,-0.001752760261297226
msmarco-passage-trec-dl-2019,156493,2.0,cost-balanced,256,384.0,384.0,128,128,0.6666666666666666,24,-0.0005608722567558289
msmarco-passage-trec-dl-2019,156493,2.0,cost-balanced,512,768.0,768.0,192,384,0.5,59,-0.00010697171092033386
msmarco-passage-trec-dl-2019,156493,2.0,cost-balanced,1024,1536.0,1536.0,384,768,0.5,69,-0.00020494963973760605
msmarco-passage-trec-dl-2019,156493,2.0,cost-balanced,2048,3072.0,3072.0,768,1536,0.5,90,-0.00013030413538217545
msmarco-passage-trec-dl-2019,156493,2.0,cost-balanced,4096,6144.0,6144.0,1536,3072,0.5,100,-inf
msmarco-passage-trec-dl-2019,156493,2.0,cost-balanced,8192,12288.0,12288.0,3644,5000,0.5930989583333334,100,-inf
msmarco-passage-trec-dl-2019,156493,2.0,cost-balanced,10000,15000.0,15000.0,5000,5000,0.6666666666666666,100,-inf
msmarco-passage-trec-dl-2019,156493,2.0,upper-per-cost,128,192.0,192.0,64,64,0.6666666666666666,18,-0.001752760261297226
msmarco-passage-trec-dl-2019,156493,2.0,upper-per-cost,256,384.0,384.0,128,128,0.6666666666666666,24,-0.0005608722567558289
msmarco-passage-trec-dl-2019,156493,2.0,upper-per-cost,512,768.0,768.0,224,320,0.5833333333333334,63,-0.0003764033317565918
msmarco-passage-trec-dl-2019,156493,2.0,upper-per-cost,1024,1536.0,1536.0,448,640,0.5833333333333334,70,-0.00010189134627580643
msmarco-passage-trec-dl-2019,156493,2.0,upper-per-cost,2048,3072.0,3072.0,896,1280,0.5833333333333334,100,-inf
msmarco-passage-trec-dl-2019,156493,2.0,upper-per-cost,4096,6144.0,6144.0,1792,2560,0.5833333333333334,100,-inf
msmarco-passage-trec-dl-2019,156493,2.0,upper-per-cost,8192,12288.0,12288.0,3648,4992,0.59375,100,-inf
msmarco-passage-trec-dl-2019,156493,2.0,upper-per-cost,10000,15000.0,15000.0,5000,5000,0.6666666666666666,100,-inf
msmarco-passage-trec-dl-2019,156493,2.0,blocker-per-cost,128,192.0,192.0,64,64,0.6666666666666666,18,-0.001752760261297226
msmarco-passage-trec-dl-2019,156493,2.0,blocker-per-cost,256,384.0,384.0,128,128,0.6666666666666666,24,-0.0005608722567558289
msmarco-passage-trec-dl-2019,156493,2.0,blocker-per-cost,512,768.0,768.0,288,192,0.75,66,-0.00028704944998025894
msmarco-passage-trec-dl-2019,156493,2.0,blocker-per-cost,1024,1536.0,1536.0,640,256,0.8333333333333334,76,-0.0001174313947558403
msmarco-passage-trec-dl-2019,156493,2.0,blocker-per-cost,2048,3072.0,3072.0,896,1280,0.5833333333333334,100,-inf
msmarco-passage-trec-dl-2019,156493,2.0,blocker-per-cost,4096,6144.0,6144.0,1792,2560,0.5833333333333334,100,-inf
msmarco-passage-trec-dl-2019,156493,2.0,blocker-per-cost,8192,12288.0,12288.0,3648,4992,0.59375,100,-inf
msmarco-passage-trec-dl-2019,156493,2.0,blocker-per-cost,10000,15000.0,15000.0,5000,5000,0.6666666666666666,100,-inf
msmarco-passage-trec-dl-2019,156493,2.0,pressure-per-cost,128,192.0,192.0,64,64,0.6666666666666666,18,-0.001752760261297226
msmarco-passage-trec-dl-2019,156493,2.0,pressure-per-cost,256,384.0,384.0,128,128,0.6666666666666666,24,-0.0005608722567558289
msmarco-passage-trec-dl-2019,156493,2.0,pressure-per-cost,512,768.0,768.0,288,192,0.75,66,-0.00028704944998025894
msmarco-passage-trec-dl-2019,156493,2.0,pressure-per-cost,1024,1536.0,1536.0,640,256,0.8333333333333334,76,-0.0001174313947558403
msmarco-passage-trec-dl-2019,156493,2.0,pressure-per-cost,2048,3072.0,3072.0,960,1152,0.625,100,-inf
msmarco-passage-trec-dl-2019,156493,2.0,pressure-per-cost,4096,6144.0,6144.0,1920,2304,0.625,100,-inf
msmarco-passage-trec-dl-2019,156493,2.0,pressure-per-cost,8192,12288.0,12288.0,3808,4672,0.6197916666666666,100,-inf
msmarco-passage-trec-dl-2019,156493,2.0,pressure-per-cost,10000,15000.0,15000.0,5000,5000,0.6666666666666666,100,-inf
msmarco-passage-trec-dl-2019,156493,2.0,candidate-per-cost,128,192.0,192.0,64,64,0.6666666666666666,18,-0.001752760261297226
msmarco-passage-trec-dl-2019,156493,2.0,candidate-per-cost,256,384.0,384.0,128,128,0.6666666666666666,24,-0.0005608722567558289
msmarco-passage-trec-dl-2019,156493,2.0,candidate-per-cost,512,768.0,768.0,288,192,0.75,66,-0.00028704944998025894
msmarco-passage-trec-dl-2019,156493,2.0,candidate-per-cost,1024,1536.0,1536.0,640,256,0.8333333333333334,76,-0.0001174313947558403
msmarco-passage-trec-dl-2019,156493,2.0,candidate-per-cost,2048,3072.0,3072.0,896,1280,0.5833333333333334,100,-inf
msmarco-passage-trec-dl-2019,156493,2.0,candidate-per-cost,4096,6144.0,6144.0,1792,2560,0.5833333333333334,100,-inf
msmarco-passage-trec-dl-2019,156493,2.0,candidate-per-cost,8192,12288.0,12288.0,3648,4992,0.59375,100,-inf
msmarco-passage-trec-dl-2019,156493,2.0,candidate-per-cost,10000,15000.0,15000.0,5000,5000,0.6666666666666666,100,-inf
msmarco-passage-trec-dl-2019,1110199,0.5,cost-balanced,128,96.0,96.0,64,64,0.3333333333333333,3,-0.002260623499751091
msmarco-passage-trec-dl-2019,1110199,0.5,cost-balanced,256,192.0,192.0,192,96,0.5,3,-0.0006063636392354965
msmarco-passage-trec-dl-2019,1110199,0.5,cost-balanced,512,384.0,384.0,384,192,0.5,7,-0.0017841346561908722
msmarco-passage-trec-dl-2019,1110199,0.5,cost-balanced,1024,768.0,768.0,768,384,0.5,7,-6.813369691371918e-05
msmarco-passage-trec-dl-2019,1110199,0.5,cost-balanced,2048,1536.0,1536.0,1536,768,0.5,13,-8.443370461463928e-05
msmarco-passage-trec-dl-2019,1110199,0.5,cost-balanced,4096,3072.0,3072.0,3072,1536,0.5,17,-0.0004057474434375763
msmarco-passage-trec-dl-2019,1110199,0.5,cost-balanced,8192,6144.0,6144.0,5000,3644,0.4069010416666667,17,-4.916079342365265e-05
msmarco-passage-trec-dl-2019,1110199,0.5,cost-balanced,10000,7500.0,7500.0,5000,5000,0.3333333333333333,19,-7.727183401584625e-05
msmarco-passage-trec-dl-2019,1110199,0.5,upper-per-cost,128,96.0,96.0,64,64,0.3333333333333333,3,-0.002260623499751091
msmarco-passage-trec-dl-2019,1110199,0.5,upper-per-cost,256,192.0,192.0,128,128,0.3333333333333333,6,-0.0038930103182792664
msmarco-passage-trec-dl-2019,1110199,0.5,upper-per-cost,512,384.0,384.0,320,224,0.4166666666666667,7,-0.001337006688117981
msmarco-passage-trec-dl-2019,1110199,0.5,upper-per-cost,1024,768.0,768.0,640,448,0.4166666666666667,8,-0.0002691391855478287
msmarco-passage-trec-dl-2019,1110199,0.5,upper-per-cost,2048,1536.0,1536.0,1280,896,0.4166666666666667,14,-2.1375715732574463e-05
msmarco-passage-trec-dl-2019,1110199,0.5,upper-per-cost,4096,3072.0,3072.0,2560,1792,0.4166666666666667,17,-0.00031913816928863525
msmarco-passage-trec-dl-2019,1110199,0.5,upper-per-cost,8192,6144.0,6144.0,4992,3648,0.40625,17,-4.886835813522339e-05
msmarco-passage-trec-dl-2019,1110199,0.5,upper-per-cost,10000,7500.0,7500.0,5000,5000,0.3333333333333333,19,-7.727183401584625e-05
msmarco-passage-trec-dl-2019,1110199,0.5,blocker-per-cost,128,96.0,96.0,64,64,0.3333333333333333,3,-0.002260623499751091
msmarco-passage-trec-dl-2019,1110199,0.5,blocker-per-cost,256,192.0,192.0,128,128,0.3333333333333333,6,-0.0038930103182792664
msmarco-passage-trec-dl-2019,1110199,0.5,blocker-per-cost,512,384.0,384.0,256,256,0.3333333333333333,7,-0.0009804386645555496
msmarco-passage-trec-dl-2019,1110199,0.5,blocker-per-cost,1024,768.0,768.0,512,512,0.3333333333333333,10,-0.0002128221094608307
msmarco-passage-trec-dl-2019,1110199,0.5,blocker-per-cost,2048,1536.0,1536.0,704,1184,0.22916666666666666,15,-0.00017229095101356506
msmarco-passage-trec-dl-2019,1110199,0.5,blocker-per-cost,4096,3072.0,3072.0,1088,2528,0.17708333333333334,17,-0.00017414428293704987
msmarco-passage-trec-dl-2019,1110199,0.5,blocker-per-cost,8192,6144.0,6144.0,2288,5000,0.18619791666666666,19,-7.727183401584625e-05
msmarco-passage-trec-dl-2019,1110199,0.5,blocker-per-cost,10000,7500.0,7500.0,5000,5000,0.3333333333333333,19,-7.727183401584625e-05
msmarco-passage-trec-dl-2019,1110199,0.5,pressure-per-cost,128,96.0,96.0,64,64,0.3333333333333333,3,-0.002260623499751091
msmarco-passage-trec-dl-2019,1110199,0.5,pressure-per-cost,256,192.0,192.0,128,128,0.3333333333333333,6,-0.0038930103182792664
msmarco-passage-trec-dl-2019,1110199,0.5,pressure-per-cost,512,384.0,384.0,256,256,0.3333333333333333,7,-0.0009804386645555496
msmarco-passage-trec-dl-2019,1110199,0.5,pressure-per-cost,1024,768.0,768.0,512,512,0.3333333333333333,10,-0.0002128221094608307
msmarco-passage-trec-dl-2019,1110199,0.5,pressure-per-cost,2048,1536.0,1536.0,704,1184,0.22916666666666666,15,-0.00017229095101356506
msmarco-passage-trec-dl-2019,1110199,0.5,pressure-per-cost,4096,3072.0,3072.0,1408,2368,0.22916666666666666,17,-0.00019104406237602234
msmarco-passage-trec-dl-2019,1110199,0.5,pressure-per-cost,8192,6144.0,6144.0,2288,5000,0.18619791666666666,19,-7.727183401584625e-05
msmarco-passage-trec-dl-2019,1110199,0.5,pressure-per-cost,10000,7500.0,7500.0,5000,5000,0.3333333333333333,19,-7.727183401584625e-05
msmarco-passage-trec-dl-2019,1110199,0.5,candidate-per-cost,128,96.0,96.0,64,64,0.3333333333333333,3,-0.002260623499751091
msmarco-passage-trec-dl-2019,1110199,0.5,candidate-per-cost,256,192.0,192.0,128,128,0.3333333333333333,6,-0.0038930103182792664
msmarco-passage-trec-dl-2019,1110199,0.5,candidate-per-cost,512,384.0,384.0,256,256,0.3333333333333333,7,-0.0009804386645555496
msmarco-passage-trec-dl-2019,1110199,0.5,candidate-per-cost,1024,768.0,768.0,512,512,0.3333333333333333,10,-0.0002128221094608307
msmarco-passage-trec-dl-2019,1110199,0.5,candidate-per-cost,2048,1536.0,1536.0,704,1184,0.22916666666666666,15,-0.00017229095101356506
msmarco-passage-trec-dl-2019,1110199,0.5,candidate-per-cost,4096,3072.0,3072.0,1088,2528,0.17708333333333334,17,-0.00017414428293704987
msmarco-passage-trec-dl-2019,1110199,0.5,candidate-per-cost,8192,6144.0,6144.0,2288,5000,0.18619791666666666,19,-7.727183401584625e-05
msmarco-passage-trec-dl-2019,1110199,0.5,candidate-per-cost,10000,7500.0,7500.0,5000,5000,0.3333333333333333,19,-7.727183401584625e-05
msmarco-passage-trec-dl-2019,1110199,2.0,cost-balanced,128,192.0,192.0,64,64,0.6666666666666666,3,-0.002260623499751091
msmarco-passage-trec-dl-2019,1110199,2.0,cost-balanced,256,384.0,384.0,128,128,0.6666666666666666,6,-0.0038930103182792664
msmarco-passage-trec-dl-2019,1110199,2.0,cost-balanced,512,768.0,768.0,192,384,0.5,7,-0.001519724726676941
msmarco-passage-trec-dl-2019,1110199,2.0,cost-balanced,1024,1536.0,1536.0,384,768,0.5,8,-6.106123328208923e-05
msmarco-passage-trec-dl-2019,1110199,2.0,cost-balanced,2048,3072.0,3072.0,768,1536,0.5,17,-0.0005070734769105911
msmarco-passage-trec-dl-2019,1110199,2.0,cost-balanced,4096,6144.0,6144.0,1536,3072,0.5,17,-9.846687316894531e-05
msmarco-passage-trec-dl-2019,1110199,2.0,cost-balanced,8192,12288.0,12288.0,3644,5000,0.5930989583333334,19,-7.727183401584625e-05
msmarco-passage-trec-dl-2019,1110199,2.0,cost-balanced,10000,15000.0,15000.0,5000,5000,0.6666666666666666,19,-7.727183401584625e-05
msmarco-passage-trec-dl-2019,1110199,2.0,upper-per-cost,128,192.0,192.0,64,64,0.6666666666666666,3,-0.002260623499751091
msmarco-passage-trec-dl-2019,1110199,2.0,upper-per-cost,256,384.0,384.0,128,128,0.6666666666666666,6,-0.0038930103182792664
msmarco-passage-trec-dl-2019,1110199,2.0,upper-per-cost,512,768.0,768.0,224,320,0.5833333333333334,7,-0.0010725967586040497
msmarco-passage-trec-dl-2019,1110199,2.0,upper-per-cost,1024,1536.0,1536.0,448,640,0.5833333333333334,9,-4.7292560338974e-06
msmarco-passage-trec-dl-2019,1110199,2.0,upper-per-cost,2048,3072.0,3072.0,896,1280,0.5833333333333334,15,-0.00011470168828964233
msmarco-passage-trec-dl-2019,1110199,2.0,upper-per-cost,4096,6144.0,6144.0,1792,2560,0.5833333333333334,17,-0.0001608617603778839
msmarco-passage-trec-dl-2019,1110199,2.0,upper-per-cost,8192,12288.0,12288.0,3648,4992,0.59375,19,-7.758475840091705e-05
msmarco-passage-trec-dl-2019,1110199,2.0,upper-per-cost,10000,15000.0,15000.0,5000,5000,0.6666666666666666,19,-7.727183401584625e-05
msmarco-passage-trec-dl-2019,1110199,2.0,blocker-per-cost,128,192.0,192.0,64,64,0.6666666666666666,3,-0.002260623499751091
msmarco-passage-trec-dl-2019,1110199,2.0,blocker-per-cost,256,384.0,384.0,128,128,0.6666666666666666,6,-0.0038930103182792664
msmarco-passage-trec-dl-2019,1110199,2.0,blocker-per-cost,512,768.0,768.0,256,256,0.6666666666666666,7,-0.0009804386645555496
msmarco-passage-trec-dl-2019,1110199,2.0,blocker-per-cost,1024,1536.0,1536.0,512,512,0.6666666666666666,10,-0.0002128221094608307
msmarco-passage-trec-dl-2019,1110199,2.0,blocker-per-cost,2048,3072.0,3072.0,832,1408,0.5416666666666666,17,-0.00046894513070583344
msmarco-passage-trec-dl-2019,1110199,2.0,blocker-per-cost,4096,6144.0,6144.0,1280,3584,0.4166666666666667,17,-6.216950714588165e-05
msmarco-passage-trec-dl-2019,1110199,2.0,blocker-per-cost,8192,12288.0,12288.0,3644,5000,0.5930989583333334,19,-7.727183401584625e-05
msmarco-passage-trec-dl-2019,1110199,2.0,blocker-per-cost,10000,15000.0,15000.0,5000,5000,0.6666666666666666,19,-7.727183401584625e-05
msmarco-passage-trec-dl-2019,1110199,2.0,pressure-per-cost,128,192.0,192.0,64,64,0.6666666666666666,3,-0.002260623499751091
msmarco-passage-trec-dl-2019,1110199,2.0,pressure-per-cost,256,384.0,384.0,128,128,0.6666666666666666,6,-0.0038930103182792664
msmarco-passage-trec-dl-2019,1110199,2.0,pressure-per-cost,512,768.0,768.0,256,256,0.6666666666666666,7,-0.0009804386645555496
msmarco-passage-trec-dl-2019,1110199,2.0,pressure-per-cost,1024,1536.0,1536.0,512,512,0.6666666666666666,10,-0.0002128221094608307
msmarco-passage-trec-dl-2019,1110199,2.0,pressure-per-cost,2048,3072.0,3072.0,832,1408,0.5416666666666666,17,-0.00046894513070583344
msmarco-passage-trec-dl-2019,1110199,2.0,pressure-per-cost,4096,6144.0,6144.0,1408,3328,0.4583333333333333,17,-7.434003055095673e-05
msmarco-passage-trec-dl-2019,1110199,2.0,pressure-per-cost,8192,12288.0,12288.0,3644,5000,0.5930989583333334,19,-7.727183401584625e-05
msmarco-passage-trec-dl-2019,1110199,2.0,pressure-per-cost,10000,15000.0,15000.0,5000,5000,0.6666666666666666,19,-7.727183401584625e-05
msmarco-passage-trec-dl-2019,1110199,2.0,candidate-per-cost,128,192.0,192.0,64,64,0.6666666666666666,3,-0.002260623499751091
msmarco-passage-trec-dl-2019,1110199,2.0,candidate-per-cost,256,384.0,384.0,128,128,0.6666666666666666,6,-0.0038930103182792664
msmarco-passage-trec-dl-2019,1110199,2.0,candidate-per-cost,512,768.0,768.0,256,256,0.6666666666666666,7,-0.0009804386645555496
msmarco-passage-trec-dl-2019,1110199,2.0,candidate-per-cost,1024,1536.0,1536.0,512,512,0.6666666666666666,10,-0.0002128221094608307
msmarco-passage-trec-dl-2019,1110199,2.0,candidate-per-cost,2048,3072.0,3072.0,832,1408,0.5416666666666666,17,-0.00046894513070583344
msmarco-passage-trec-dl-2019,1110199,2.0,candidate-per-cost,4096,6144.0,6144.0,1280,3584,0.4166666666666667,17,-6.216950714588165e-05
msmarco-passage-trec-dl-2019,1110199,2.0,candidate-per-cost,8192,12288.0,12288.0,3644,5000,0.5930989583333334,19,-7.727183401584625e-05
msmarco-passage-trec-dl-2019,1110199,2.0,candidate-per-cost,10000,15000.0,15000.0,5000,5000,0.6666666666666666,19,-7.727183401584625e-05
msmarco-passage-trec-dl-2019,1063750,0.5,cost-balanced,128,96.0,96.0,64,64,0.3333333333333333,4,-0.0004887599498033524
msmarco-passage-trec-dl-2019,1063750,0.5,cost-balanced,256,192.0,192.0,192,96,0.5,6,-0.0032836254686117172
msmarco-passage-trec-dl-2019,1063750,0.5,cost-balanced,512,384.0,384.0,384,192,0.5,6,-0.000834265723824501
msmarco-passage-trec-dl-2019,1063750,0.5,cost-balanced,1024,768.0,768.0,768,384,0.5,9,-0.0005281157791614532
msmarco-passage-trec-dl-2019,1063750,0.5,cost-balanced,2048,1536.0,1536.0,1536,768,0.5,11,-5.424022674560547e-05
msmarco-passage-trec-dl-2019,1063750,0.5,cost-balanced,4096,3072.0,3072.0,3072,1536,0.5,16,-0.00035303086042404175
msmarco-passage-trec-dl-2019,1063750,0.5,cost-balanced,8192,6144.0,6144.0,5000,3644,0.4069010416666667,17,-0.00022303685545921326
msmarco-passage-trec-dl-2019,1063750,0.5,cost-balanced,10000,7500.0,7500.0,5000,5000,0.3333333333333333,17,-0.0001506861299276352
msmarco-passage-trec-dl-2019,1063750,0.5,upper-per-cost,128,96.0,96.0,64,64,0.3333333333333333,4,-0.0004887599498033524
msmarco-passage-trec-dl-2019,1063750,0.5,upper-per-cost,256,192.0,192.0,128,128,0.3333333333333333,6,-0.0029861684888601303
msmarco-passage-trec-dl-2019,1063750,0.5,upper-per-cost,512,384.0,384.0,320,224,0.4166666666666667,6,-0.00038713961839675903
msmarco-passage-trec-dl-2019,1063750,0.5,upper-per-cost,1024,768.0,768.0,640,448,0.4166666666666667,9,-0.0004980843514204025
msmarco-passage-trec-dl-2019,1063750,0.5,upper-per-cost,2048,1536.0,1536.0,1280,896,0.4166666666666667,10,-7.267110049724579e-05
msmarco-passage-trec-dl-2019,1063750,0.5,upper-per-cost,4096,3072.0,3072.0,2560,1792,0.4166666666666667,16,-0.0002664215862751007
msmarco-passage-trec-dl-2019,1063750,0.5,upper-per-cost,8192,6144.0,6144.0,4992,3648,0.40625,17,-0.000222744420170784
msmarco-passage-trec-dl-2019,1063750,0.5,upper-per-cost,10000,7500.0,7500.0,5000,5000,0.3333333333333333,17,-0.0001506861299276352
msmarco-passage-trec-dl-2019,1063750,0.5,blocker-per-cost,128,96.0,96.0,64,64,0.3333333333333333,4,-0.0004887599498033524
msmarco-passage-trec-dl-2019,1063750,0.5,blocker-per-cost,256,192.0,192.0,128,128,0.3333333333333333,6,-0.0029861684888601303
msmarco-passage-trec-dl-2019,1063750,0.5,blocker-per-cost,512,384.0,384.0,256,256,0.3333333333333333,6,-0.0008242204785346985
msmarco-passage-trec-dl-2019,1063750,0.5,blocker-per-cost,1024,768.0,768.0,640,448,0.4166666666666667,9,-0.0004980843514204025
msmarco-passage-trec-dl-2019,1063750,0.5,blocker-per-cost,2048,1536.0,1536.0,1664,704,0.5416666666666666,11,-7.720664143562317e-06
msmarco-passage-trec-dl-2019,1063750,0.5,blocker-per-cost,4096,3072.0,3072.0,2048,2048,0.3333333333333333,16,-0.0002008490264415741
msmarco-passage-trec-dl-2019,1063750,0.5,blocker-per-cost,8192,6144.0,6144.0,2288,5000,0.18619791666666666,17,-0.0001506861299276352
msmarco-passage-trec-dl-2019,1063750,0.5,blocker-per-cost,10000,7500.0,7500.0,5000,5000,0.3333333333333333,17,-0.0001506861299276352
msmarco-passage-trec-dl-2019,1063750,0.5,pressure-per-cost,128,96.0,96.0,64,64,0.3333333333333333,4,-0.0004887599498033524
msmarco-passage-trec-dl-2019,1063750,0.5,pressure-per-cost,256,192.0,192.0,128,128,0.3333333333333333,6,-0.0029861684888601303
msmarco-passage-trec-dl-2019,1063750,0.5,pressure-per-cost,512,384.0,384.0,256,256,0.3333333333333333,6,-0.0008242204785346985
msmarco-passage-trec-dl-2019,1063750,0.5,pressure-per-cost,1024,768.0,768.0,640,448,0.4166666666666667,9,-0.0004980843514204025
msmarco-passage-trec-dl-2019,1063750,0.5,pressure-per-cost,2048,1536.0,1536.0,1664,704,0.5416666666666666,11,-7.720664143562317e-06
msmarco-passage-trec-dl-2019,1063750,0.5,pressure-per-cost,4096,3072.0,3072.0,2048,2048,0.3333333333333333,16,-0.0002008490264415741
msmarco-passage-trec-dl-2019,1063750,0.5,pressure-per-cost,8192,6144.0,6144.0,3392,4448,0.2760416666666667,17,-0.0001748856157064438
msmarco-passage-trec-dl-2019,1063750,0.5,pressure-per-cost,10000,7500.0,7500.0,5000,5000,0.3333333333333333,17,-0.0001506861299276352
msmarco-passage-trec-dl-2019,1063750,0.5,candidate-per-cost,128,96.0,96.0,64,64,0.3333333333333333,4,-0.0004887599498033524
msmarco-passage-trec-dl-2019,1063750,0.5,candidate-per-cost,256,192.0,192.0,128,128,0.3333333333333333,6,-0.0029861684888601303
msmarco-passage-trec-dl-2019,1063750,0.5,candidate-per-cost,512,384.0,384.0,256,256,0.3333333333333333,6,-0.0008242204785346985
msmarco-passage-trec-dl-2019,1063750,0.5,candidate-per-cost,1024,768.0,768.0,640,448,0.4166666666666667,9,-0.0004980843514204025
msmarco-passage-trec-dl-2019,1063750,0.5,candidate-per-cost,2048,1536.0,1536.0,1664,704,0.5416666666666666,11,-7.720664143562317e-06
msmarco-passage-trec-dl-2019,1063750,0.5,candidate-per-cost,4096,3072.0,3072.0,4608,768,0.75,14,-0.00041407905519008636
msmarco-passage-trec-dl-2019,1063750,0.5,candidate-per-cost,8192,6144.0,6144.0,5000,3644,0.4069010416666667,17,-0.00022303685545921326
msmarco-passage-trec-dl-2019,1063750,0.5,candidate-per-cost,10000,7500.0,7500.0,5000,5000,0.3333333333333333,17,-0.0001506861299276352
msmarco-passage-trec-dl-2019,1063750,2.0,cost-balanced,128,192.0,192.0,64,64,0.6666666666666666,4,-0.0004887599498033524
msmarco-passage-trec-dl-2019,1063750,2.0,cost-balanced,256,384.0,384.0,128,128,0.6666666666666666,6,-0.0029861684888601303
msmarco-passage-trec-dl-2019,1063750,2.0,cost-balanced,512,768.0,768.0,192,384,0.5,6,-0.001627916470170021
msmarco-passage-trec-dl-2019,1063750,2.0,cost-balanced,1024,1536.0,1536.0,384,768,0.5,8,-0.00157865509390831
msmarco-passage-trec-dl-2019,1063750,2.0,cost-balanced,2048,3072.0,3072.0,768,1536,0.5,9,-0.00027724355459213257
msmarco-passage-trec-dl-2019,1063750,2.0,cost-balanced,4096,6144.0,6144.0,1536,3072,0.5,11,-5.424022674560547e-05
msmarco-passage-trec-dl-2019,1063750,2.0,cost-balanced,8192,12288.0,12288.0,3644,5000,0.5930989583333334,17,-0.0001506861299276352
msmarco-passage-trec-dl-2019,1063750,2.0,cost-balanced,10000,15000.0,15000.0,5000,5000,0.6666666666666666,17,-0.0001506861299276352
msmarco-passage-trec-dl-2019,1063750,2.0,upper-per-cost,128,192.0,192.0,64,64,0.6666666666666666,4,-0.0004887599498033524
msmarco-passage-trec-dl-2019,1063750,2.0,upper-per-cost,256,384.0,384.0,128,128,0.6666666666666666,6,-0.0029861684888601303
msmarco-passage-trec-dl-2019,1063750,2.0,upper-per-cost,512,768.0,768.0,224,320,0.5833333333333334,6,-0.001180790364742279
msmarco-passage-trec-dl-2019,1063750,2.0,upper-per-cost,1024,1536.0,1536.0,448,640,0.5833333333333334,8,-0.0012949071824550629
msmarco-passage-trec-dl-2019,1063750,2.0,upper-per-cost,2048,3072.0,3072.0,896,1280,0.5833333333333334,9,-0.00011553801596164703
msmarco-passage-trec-dl-2019,1063750,2.0,upper-per-cost,4096,6144.0,6144.0,1792,2560,0.5833333333333334,13,-5.649589002132416e-05
msmarco-passage-trec-dl-2019,1063750,2.0,upper-per-cost,8192,12288.0,12288.0,3648,4992,0.59375,17,-0.000150999054312706
msmarco-passage-trec-dl-2019,1063750,2.0,upper-per-cost,10000,15000.0,15000.0,5000,5000,0.6666666666666666,17,-0.0001506861299276352
msmarco-passage-trec-dl-2019,1063750,2.0,blocker-per-cost,128,192.0,192.0,64,64,0.6666666666666666,4,-0.0004887599498033524
msmarco-passage-trec-dl-2019,1063750,2.0,blocker-per-cost,256,384.0,384.0,128,128,0.6666666666666666,6,-0.0029861684888601303
msmarco-passage-trec-dl-2019,1063750,2.0,blocker-per-cost,512,768.0,768.0,256,256,0.6666666666666666,6,-0.0008242204785346985
msmarco-passage-trec-dl-2019,1063750,2.0,blocker-per-cost,1024,1536.0,1536.0,576,384,0.75,9,-0.0006418414413928986
msmarco-passage-trec-dl-2019,1063750,2.0,blocker-per-cost,2048,3072.0,3072.0,1248,576,0.8125,10,-0.00010507926344871521
msmarco-passage-trec-dl-2019,1063750,2.0,blocker-per-cost,4096,6144.0,6144.0,2016,2112,0.65625,16,-0.00018686987459659576
msmarco-passage-trec-dl-2019,1063750,2.0,blocker-per-cost,8192,12288.0,12288.0,3644,5000,0.5930989583333334,17,-0.0001506861299276352
msmarco-passage-trec-dl-2019,1063750,2.0,blocker-per-cost,10000,15000.0,15000.0,5000,5000,0.6666666666666666,17,-0.0001506861299276352
msmarco-passage-trec-dl-2019,1063750,2.0,pressure-per-cost,128,192.0,192.0,64,64,0.6666666666666666,4,-0.0004887599498033524
msmarco-passage-trec-dl-2019,1063750,2.0,pressure-per-cost,256,384.0,384.0,128,128,0.6666666666666666,6,-0.0029861684888601303
msmarco-passage-trec-dl-2019,1063750,2.0,pressure-per-cost,512,768.0,768.0,256,256,0.6666666666666666,6,-0.0008242204785346985
msmarco-passage-trec-dl-2019,1063750,2.0,pressure-per-cost,1024,1536.0,1536.0,512,512,0.6666666666666666,8,-0.00016274116933345795
msmarco-passage-trec-dl-2019,1063750,2.0,pressure-per-cost,2048,3072.0,3072.0,1216,640,0.7916666666666666,10,-0.00011010095477104187
msmarco-passage-trec-dl-2019,1063750,2.0,pressure-per-cost,4096,6144.0,6144.0,2048,2048,0.6666666666666666,16,-0.0002008490264415741
msmarco-passage-trec-dl-2019,1063750,2.0,pressure-per-cost,8192,12288.0,12288.0,3644,5000,0.5930989583333334,17,-0.0001506861299276352
msmarco-passage-trec-dl-2019,1063750,2.0,pressure-per-cost,10000,15000.0,15000.0,5000,5000,0.6666666666666666,17,-0.0001506861299276352
msmarco-passage-trec-dl-2019,1063750,2.0,candidate-per-cost,128,192.0,192.0,64,64,0.6666666666666666,4,-0.0004887599498033524
msmarco-passage-trec-dl-2019,1063750,2.0,candidate-per-cost,256,384.0,384.0,128,128,0.6666666666666666,6,-0.0029861684888601303
msmarco-passage-trec-dl-2019,1063750,2.0,candidate-per-cost,512,768.0,768.0,256,256,0.6666666666666666,6,-0.0008242204785346985
msmarco-passage-trec-dl-2019,1063750,2.0,candidate-per-cost,1024,1536.0,1536.0,576,384,0.75,9,-0.0006418414413928986
msmarco-passage-trec-dl-2019,1063750,2.0,candidate-per-cost,2048,3072.0,3072.0,1248,576,0.8125,10,-0.00010507926344871521
msmarco-passage-trec-dl-2019,1063750,2.0,candidate-per-cost,4096,6144.0,6144.0,2688,768,0.875,14,-0.00041407905519008636
msmarco-passage-trec-dl-2019,1063750,2.0,candidate-per-cost,8192,12288.0,12288.0,5000,2288,0.8138020833333334,16,-0.0001523587852716446
msmarco-passage-trec-dl-2019,1063750,2.0,candidate-per-cost,10000,15000.0,15000.0,5000,5000,0.6666666666666666,17,-0.0001506861299276352
msmarco-passage-trec-dl-2019,130510,0.5,cost-balanced,128,96.0,96.0,64,64,0.3333333333333333,22,-0.0037715863436460495
msmarco-passage-trec-dl-2019,130510,0.5,cost-balanced,256,192.0,192.0,192,96,0.5,26,-0.001637762412428856
msmarco-passage-trec-dl-2019,130510,0.5,cost-balanced,512,384.0,384.0,384,192,0.5,30,-9.326264262199402e-06
msmarco-passage-trec-dl-2019,130510,0.5,cost-balanced,1024,768.0,768.0,768,384,0.5,32,-0.0005438458174467087
msmarco-passage-trec-dl-2019,130510,0.5,cost-balanced,2048,1536.0,1536.0,1536,768,0.5,33,-0.0005938922986388206
msmarco-passage-trec-dl-2019,130510,0.5,cost-balanced,4096,3072.0,3072.0,3072,1536,0.5,33,-0.00028660986572504044
msmarco-passage-trec-dl-2019,130510,0.5,cost-balanced,8192,6144.0,6144.0,5000,3644,0.4069010416666667,33,-0.00016495399177074432
msmarco-passage-trec-dl-2019,130510,0.5,cost-balanced,10000,7500.0,7500.0,5000,5000,0.3333333333333333,33,-0.00016495399177074432
msmarco-passage-trec-dl-2019,130510,0.5,upper-per-cost,128,96.0,96.0,64,64,0.3333333333333333,22,-0.0037715863436460495
msmarco-passage-trec-dl-2019,130510,0.5,upper-per-cost,256,192.0,192.0,128,128,0.3333333333333333,25,-0.0003674570471048355
msmarco-passage-trec-dl-2019,130510,0.5,upper-per-cost,512,384.0,384.0,320,224,0.4166666666666667,29,-7.093697786331177e-05
msmarco-passage-trec-dl-2019,130510,0.5,upper-per-cost,1024,768.0,768.0,640,448,0.4166666666666667,32,-0.0007646866142749786
msmarco-passage-trec-dl-2019,130510,0.5,upper-per-cost,2048,1536.0,1536.0,1280,896,0.4166666666666667,32,-8.238479495048523e-05
msmarco-passage-trec-dl-2019,130510,0.5,upper-per-cost,4096,3072.0,3072.0,2560,1792,0.4166666666666667,33,-0.00034900475293397903
msmarco-passage-trec-dl-2019,130510,0.5,upper-per-cost,8192,6144.0,6144.0,4992,3648,0.40625,33,-0.00016526691615581512
msmarco-passage-trec-dl-2019,130510,0.5,upper-per-cost,10000,7500.0,7500.0,5000,5000,0.3333333333333333,33,-0.00016495399177074432
msmarco-passage-trec-dl-2019,130510,0.5,blocker-per-cost,128,96.0,96.0,64,64,0.3333333333333333,22,-0.0037715863436460495
msmarco-passage-trec-dl-2019,130510,0.5,blocker-per-cost,256,192.0,192.0,128,128,0.3333333333333333,25,-0.0003674570471048355
msmarco-passage-trec-dl-2019,130510,0.5,blocker-per-cost,512,384.0,384.0,384,192,0.5,30,-9.326264262199402e-06
msmarco-passage-trec-dl-2019,130510,0.5,blocker-per-cost,1024,768.0,768.0,896,320,0.5833333333333334,32,-0.00038214121013879776
msmarco-passage-trec-dl-2019,130510,0.5,blocker-per-cost,2048,1536.0,1536.0,2304,384,0.75,33,-0.0003903377801179886
msmarco-passage-trec-dl-2019,130510,0.5,blocker-per-cost,4096,3072.0,3072.0,5000,572,0.8138020833333334,33,-0.00016495399177074432
msmarco-passage-trec-dl-2019,130510,0.5,blocker-per-cost,8192,6144.0,6144.0,5000,3644,0.4069010416666667,33,-0.00016495399177074432
msmarco-passage-trec-dl-2019,130510,0.5,blocker-per-cost,10000,7500.0,7500.0,5000,5000,0.3333333333333333,33,-0.00016495399177074432
msmarco-passage-trec-dl-2019,130510,0.5,pressure-per-cost,128,96.0,96.0,64,64,0.3333333333333333,22,-0.0037715863436460495
msmarco-passage-trec-dl-2019,130510,0.5,pressure-per-cost,256,192.0,192.0,128,128,0.3333333333333333,25,-0.0003674570471048355
msmarco-passage-trec-dl-2019,130510,0.5,pressure-per-cost,512,384.0,384.0,384,192,0.5,30,-9.326264262199402e-06
msmarco-passage-trec-dl-2019,130510,0.5,pressure-per-cost,1024,768.0,768.0,768,384,0.5,32,-0.0005438458174467087
msmarco-passage-trec-dl-2019,130510,0.5,pressure-per-cost,2048,1536.0,1536.0,2048,512,0.6666666666666666,33,-0.00044170860201120377
msmarco-passage-trec-dl-2019,130510,0.5,pressure-per-cost,4096,3072.0,3072.0,5000,572,0.8138020833333334,33,-0.00016495399177074432
msmarco-passage-trec-dl-2019,130510,0.5,pressure-per-cost,8192,6144.0,6144.0,5000,3644,0.4069010416666667,33,-0.00016495399177074432
msmarco-passage-trec-dl-2019,130510,0.5,pressure-per-cost,10000,7500.0,7500.0,5000,5000,0.3333333333333333,33,-0.00016495399177074432
msmarco-passage-trec-dl-2019,130510,0.5,candidate-per-cost,128,96.0,96.0,64,64,0.3333333333333333,22,-0.0037715863436460495
msmarco-passage-trec-dl-2019,130510,0.5,candidate-per-cost,256,192.0,192.0,128,128,0.3333333333333333,25,-0.0003674570471048355
msmarco-passage-trec-dl-2019,130510,0.5,candidate-per-cost,512,384.0,384.0,384,192,0.5,30,-9.326264262199402e-06
msmarco-passage-trec-dl-2019,130510,0.5,candidate-per-cost,1024,768.0,768.0,896,320,0.5833333333333334,32,-0.00038214121013879776
msmarco-passage-trec-dl-2019,130510,0.5,candidate-per-cost,2048,1536.0,1536.0,2304,384,0.75,33,-0.0003903377801179886
msmarco-passage-trec-dl-2019,130510,0.5,candidate-per-cost,4096,3072.0,3072.0,5000,572,0.8138020833333334,33,-0.00016495399177074432
msmarco-passage-trec-dl-2019,130510,0.5,candidate-per-cost,8192,6144.0,6144.0,5000,3644,0.4069010416666667,33,-0.00016495399177074432
msmarco-passage-trec-dl-2019,130510,0.5,candidate-per-cost,10000,7500.0,7500.0,5000,5000,0.3333333333333333,33,-0.00016495399177074432
msmarco-passage-trec-dl-2019,130510,2.0,cost-balanced,128,192.0,192.0,64,64,0.6666666666666666,22,-0.0037715863436460495
msmarco-passage-trec-dl-2019,130510,2.0,cost-balanced,256,384.0,384.0,128,128,0.6666666666666666,25,-0.0003674570471048355
msmarco-passage-trec-dl-2019,130510,2.0,cost-balanced,512,768.0,768.0,192,384,0.5,26,-8.370168507099152e-05
msmarco-passage-trec-dl-2019,130510,2.0,cost-balanced,1024,1536.0,1536.0,384,768,0.5,30,-9.326264262199402e-06
msmarco-passage-trec-dl-2019,130510,2.0,cost-balanced,2048,3072.0,3072.0,768,1536,0.5,32,-0.0005438458174467087
msmarco-passage-trec-dl-2019,130510,2.0,cost-balanced,4096,6144.0,6144.0,1536,3072,0.5,33,-0.0005938922986388206
msmarco-passage-trec-dl-2019,130510,2.0,cost-balanced,8192,12288.0,12288.0,3644,5000,0.5930989583333334,33,-0.00023730378597974777
msmarco-passage-trec-dl-2019,130510,2.0,cost-balanced,10000,15000.0,15000.0,5000,5000,0.6666666666666666,33,-0.00016495399177074432
msmarco-passage-trec-dl-2019,130510,2.0,upper-per-cost,128,192.0,192.0,64,64,0.6666666666666666,22,-0.0037715863436460495
msmarco-passage-trec-dl-2019,130510,2.0,upper-per-cost,256,384.0,384.0,128,128,0.6666666666666666,25,-0.0003674570471048355
msmarco-passage-trec-dl-2019,130510,2.0,upper-per-cost,512,768.0,768.0,224,320,0.5833333333333334,27,-0.000583156943321228
msmarco-passage-trec-dl-2019,130510,2.0,upper-per-cost,1024,1536.0,1536.0,448,640,0.5833333333333334,32,-0.001304619014263153
msmarco-passage-trec-dl-2019,130510,2.0,upper-per-cost,2048,3072.0,3072.0,896,1280,0.5833333333333334,32,-0.00038214121013879776
msmarco-passage-trec-dl-2019,130510,2.0,upper-per-cost,4096,6144.0,6144.0,1792,2560,0.5833333333333334,33,-0.000507282093167305
msmarco-passage-trec-dl-2019,130510,2.0,upper-per-cost,8192,12288.0,12288.0,3648,4992,0.59375,33,-0.00023701228201389313
msmarco-passage-trec-dl-2019,130510,2.0,upper-per-cost,10000,15000.0,15000.0,5000,5000,0.6666666666666666,33,-0.00016495399177074432
msmarco-passage-trec-dl-2019,130510,2.0,blocker-per-cost,128,192.0,192.0,64,64,0.6666666666666666,22,-0.0037715863436460495
msmarco-passage-trec-dl-2019,130510,2.0,blocker-per-cost,256,384.0,384.0,128,128,0.6666666666666666,25,-0.0003674570471048355
msmarco-passage-trec-dl-2019,130510,2.0,blocker-per-cost,512,768.0,768.0,288,192,0.75,29,-0.0003129206597805023
msmarco-passage-trec-dl-2019,130510,2.0,blocker-per-cost,1024,1536.0,1536.0,640,256,0.8333333333333334,32,-0.0007646866142749786
msmarco-passage-trec-dl-2019,130510,2.0,blocker-per-cost,2048,3072.0,3072.0,1344,384,0.875,32,-4.8366375267505646e-05
msmarco-passage-trec-dl-2019,130510,2.0,blocker-per-cost,4096,6144.0,6144.0,2848,448,0.9270833333333334,33,-0.000311204232275486
msmarco-passage-trec-dl-2019,130510,2.0,blocker-per-cost,8192,12288.0,12288.0,5000,2288,0.8138020833333334,33,-0.00016495399177074432
msmarco-passage-trec-dl-2019,130510,2.0,blocker-per-cost,10000,15000.0,15000.0,5000,5000,0.6666666666666666,33,-0.00016495399177074432
msmarco-passage-trec-dl-2019,130510,2.0,pressure-per-cost,128,192.0,192.0,64,64,0.6666666666666666,22,-0.0037715863436460495
msmarco-passage-trec-dl-2019,130510,2.0,pressure-per-cost,256,384.0,384.0,128,128,0.6666666666666666,25,-0.0003674570471048355
msmarco-passage-trec-dl-2019,130510,2.0,pressure-per-cost,512,768.0,768.0,288,192,0.75,29,-0.0003129206597805023
msmarco-passage-trec-dl-2019,130510,2.0,pressure-per-cost,1024,1536.0,1536.0,576,384,0.75,32,-0.0009084437042474747
msmarco-passage-trec-dl-2019,130510,2.0,pressure-per-cost,2048,3072.0,3072.0,1344,384,0.875,32,-4.8366375267505646e-05
msmarco-passage-trec-dl-2019,130510,2.0,pressure-per-cost,4096,6144.0,6144.0,2816,512,0.9166666666666666,33,-0.000315031036734581
msmarco-passage-trec-dl-2019,130510,2.0,pressure-per-cost,8192,12288.0,12288.0,5000,2288,0.8138020833333334,33,-0.00016495399177074432
msmarco-passage-trec-dl-2019,130510,2.0,pressure-per-cost,10000,15000.0,15000.0,5000,5000,0.6666666666666666,33,-0.00016495399177074432
msmarco-passage-trec-dl-2019,130510,2.0,candidate-per-cost,128,192.0,192.0,64,64,0.6666666666666666,22,-0.0037715863436460495
msmarco-passage-trec-dl-2019,130510,2.0,candidate-per-cost,256,384.0,384.0,128,128,0.6666666666666666,25,-0.0003674570471048355
msmarco-passage-trec-dl-2019,130510,2.0,candidate-per-cost,512,768.0,768.0,288,192,0.75,29,-0.0003129206597805023
msmarco-passage-trec-dl-2019,130510,2.0,candidate-per-cost,1024,1536.0,1536.0,640,256,0.8333333333333334,32,-0.0007646866142749786
msmarco-passage-trec-dl-2019,130510,2.0,candidate-per-cost,2048,3072.0,3072.0,1344,384,0.875,32,-4.8366375267505646e-05
msmarco-passage-trec-dl-2019,130510,2.0,candidate-per-cost,4096,6144.0,6144.0,2848,448,0.9270833333333334,33,-0.000311204232275486
msmarco-passage-trec-dl-2019,130510,2.0,candidate-per-cost,8192,12288.0,12288.0,5000,2288,0.8138020833333334,33,-0.00016495399177074432
msmarco-passage-trec-dl-2019,130510,2.0,candidate-per-cost,10000,15000.0,15000.0,5000,5000,0.6666666666666666,33,-0.00016495399177074432
msmarco-passage-trec-dl-2019,489204,0.5,cost-balanced,128,96.0,96.0,64,64,0.3333333333333333,4,-0.0006158854812383652
msmarco-passage-trec-dl-2019,489204,0.5,cost-balanced,256,192.0,192.0,192,96,0.5,6,-0.0006063636392354965
msmarco-passage-trec-dl-2019,489204,0.5,cost-balanced,512,384.0,384.0,384,192,0.5,10,-0.0011450089514255524
msmarco-passage-trec-dl-2019,489204,0.5,cost-balanced,1024,768.0,768.0,768,384,0.5,18,-4.949420690536499e-05
msmarco-passage-trec-dl-2019,489204,0.5,cost-balanced,2048,1536.0,1536.0,1536,768,0.5,22,-0.0001489296555519104
msmarco-passage-trec-dl-2019,489204,0.5,cost-balanced,4096,3072.0,3072.0,3072,1536,0.5,26,-0.00044574029743671417
msmarco-passage-trec-dl-2019,489204,0.5,cost-balanced,8192,6144.0,6144.0,5000,3644,0.4069010416666667,28,-0.00019429996609687805
msmarco-passage-trec-dl-2019,489204,0.5,cost-balanced,10000,7500.0,7500.0,5000,5000,0.3333333333333333,28,-0.00012194924056529999
msmarco-passage-trec-dl-2019,489204,0.5,upper-per-cost,128,96.0,96.0,64,64,0.3333333333333333,4,-0.0006158854812383652
msmarco-passage-trec-dl-2019,489204,0.5,upper-per-cost,256,192.0,192.0,128,128,0.3333333333333333,7,-0.00013896822929382324
msmarco-passage-trec-dl-2019,489204,0.5,upper-per-cost,512,384.0,384.0,320,224,0.4166666666666667,10,-0.0005553793162107468
msmarco-passage-trec-dl-2019,489204,0.5,upper-per-cost,1024,768.0,768.0,640,448,0.4166666666666667,20,-9.347312152385712e-05
msmarco-passage-trec-dl-2019,489204,0.5,upper-per-cost,2048,1536.0,1536.0,1280,896,0.4166666666666667,23,-8.200854063034058e-05
msmarco-passage-trec-dl-2019,489204,0.5,upper-per-cost,4096,3072.0,3072.0,2560,1792,0.4166666666666667,26,-0.00035913102328777313
msmarco-passage-trec-dl-2019,489204,0.5,upper-per-cost,8192,6144.0,6144.0,4992,3648,0.40625,28,-0.0001940075308084488
msmarco-passage-trec-dl-2019,489204,0.5,upper-per-cost,10000,7500.0,7500.0,5000,5000,0.3333333333333333,28,-0.00012194924056529999
msmarco-passage-trec-dl-2019,489204,0.5,blocker-per-cost,128,96.0,96.0,64,64,0.3333333333333333,4,-0.0006158854812383652
msmarco-passage-trec-dl-2019,489204,0.5,blocker-per-cost,256,192.0,192.0,128,128,0.3333333333333333,7,-0.00013896822929382324
msmarco-passage-trec-dl-2019,489204,0.5,blocker-per-cost,512,384.0,384.0,256,256,0.3333333333333333,10,-0.0001988094300031662
msmarco-passage-trec-dl-2019,489204,0.5,blocker-per-cost,1024,768.0,768.0,384,576,0.25,22,-0.0005135275423526764
msmarco-passage-trec-dl-2019,489204,0.5,blocker-per-cost,2048,1536.0,1536.0,576,1248,0.1875,25,-2.501159906387329e-05
msmarco-passage-trec-dl-2019,489204,0.5,blocker-per-cost,4096,3072.0,3072.0,832,2656,0.13541666666666666,26,-0.00018736347556114197
msmarco-passage-trec-dl-2019,489204,0.5,blocker-per-cost,8192,6144.0,6144.0,2288,5000,0.18619791666666666,28,-0.00012194924056529999
msmarco-passage-trec-dl-2019,489204,0.5,blocker-per-cost,10000,7500.0,7500.0,5000,5000,0.3333333333333333,28,-0.00012194924056529999
msmarco-passage-trec-dl-2019,489204,0.5,pressure-per-cost,128,96.0,96.0,64,64,0.3333333333333333,4,-0.0006158854812383652
msmarco-passage-trec-dl-2019,489204,0.5,pressure-per-cost,256,192.0,192.0,128,128,0.3333333333333333,7,-0.00013896822929382324
msmarco-passage-trec-dl-2019,489204,0.5,pressure-per-cost,512,384.0,384.0,256,256,0.3333333333333333,10,-0.0001988094300031662
msmarco-passage-trec-dl-2019,489204,0.5,pressure-per-cost,1024,768.0,768.0,384,576,0.25,22,-0.0005135275423526764
msmarco-passage-trec-dl-2019,489204,0.5,pressure-per-cost,2048,1536.0,1536.0,640,1216,0.20833333333333334,25,-3.003329038619995e-05
msmarco-passage-trec-dl-2019,489204,0.5,pressure-per-cost,4096,3072.0,3072.0,1024,2560,0.16666666666666666,26,-0.0002008546143770218
msmarco-passage-trec-dl-2019,489204,0.5,pressure-per-cost,8192,6144.0,6144.0,2288,5000,0.18619791666666666,28,-0.00012194924056529999
msmarco-passage-trec-dl-2019,489204,0.5,pressure-per-cost,10000,7500.0,7500.0,5000,5000,0.3333333333333333,28,-0.00012194924056529999
msmarco-passage-trec-dl-2019,489204,0.5,candidate-per-cost,128,96.0,96.0,64,64,0.3333333333333333,4,-0.0006158854812383652
msmarco-passage-trec-dl-2019,489204,0.5,candidate-per-cost,256,192.0,192.0,128,128,0.3333333333333333,7,-0.00013896822929382324
msmarco-passage-trec-dl-2019,489204,0.5,candidate-per-cost,512,384.0,384.0,256,256,0.3333333333333333,10,-0.0001988094300031662
msmarco-passage-trec-dl-2019,489204,0.5,candidate-per-cost,1024,768.0,768.0,384,576,0.25,22,-0.0005135275423526764
msmarco-passage-trec-dl-2019,489204,0.5,candidate-per-cost,2048,1536.0,1536.0,576,1248,0.1875,25,-2.501159906387329e-05
msmarco-passage-trec-dl-2019,489204,0.5,candidate-per-cost,4096,3072.0,3072.0,832,2656,0.13541666666666666,26,-0.00018736347556114197
msmarco-passage-trec-dl-2019,489204,0.5,candidate-per-cost,8192,6144.0,6144.0,2288,5000,0.18619791666666666,28,-0.00012194924056529999
msmarco-passage-trec-dl-2019,489204,0.5,candidate-per-cost,10000,7500.0,7500.0,5000,5000,0.3333333333333333,28,-0.00012194924056529999
msmarco-passage-trec-dl-2019,489204,2.0,cost-balanced,128,192.0,192.0,64,64,0.6666666666666666,4,-0.0006158854812383652
msmarco-passage-trec-dl-2019,489204,2.0,cost-balanced,256,384.0,384.0,128,128,0.6666666666666666,7,-0.00013896822929382324
msmarco-passage-trec-dl-2019,489204,2.0,cost-balanced,512,768.0,768.0,192,384,0.5,10,-0.0004648696631193161
msmarco-passage-trec-dl-2019,489204,2.0,cost-balanced,1024,1536.0,1536.0,384,768,0.5,22,-0.0003998018801212311
msmarco-passage-trec-dl-2019,489204,2.0,cost-balanced,2048,3072.0,3072.0,768,1536,0.5,26,-0.00044574029743671417
msmarco-passage-trec-dl-2019,489204,2.0,cost-balanced,4096,6144.0,6144.0,1536,3072,0.5,28,-0.00024360604584217072
msmarco-passage-trec-dl-2019,489204,2.0,cost-balanced,8192,12288.0,12288.0,3644,5000,0.5930989583333334,28,-0.00012194924056529999
msmarco-passage-trec-dl-2019,489204,2.0,cost-balanced,10000,15000.0,15000.0,5000,5000,0.6666666666666666,28,-0.00012194924056529999
msmarco-passage-trec-dl-2019,489204,2.0,upper-per-cost,128,192.0,192.0,64,64,0.6666666666666666,4,-0.0006158854812383652
msmarco-passage-trec-dl-2019,489204,2.0,upper-per-cost,256,384.0,384.0,128,128,0.6666666666666666,7,-0.00013896822929382324
msmarco-passage-trec-dl-2019,489204,2.0,upper-per-cost,512,768.0,768.0,224,320,0.5833333333333334,10,-1.7741695046424866e-05
msmarco-passage-trec-dl-2019,489204,2.0,upper-per-cost,1024,1536.0,1536.0,448,640,0.5833333333333334,22,-0.00036977045238018036
msmarco-passage-trec-dl-2019,489204,2.0,upper-per-cost,2048,3072.0,3072.0,896,1280,0.5833333333333334,26,-0.0005654431879520416
msmarco-passage-trec-dl-2019,489204,2.0,upper-per-cost,4096,6144.0,6144.0,1792,2560,0.5833333333333334,26,-0.0002008546143770218
msmarco-passage-trec-dl-2019,489204,2.0,upper-per-cost,8192,12288.0,12288.0,3648,4992,0.59375,28,-0.0001222621649503708
msmarco-passage-trec-dl-2019,489204,2.0,upper-per-cost,10000,15000.0,15000.0,5000,5000,0.6666666666666666,28,-0.00012194924056529999
msmarco-passage-trec-dl-2019,489204,2.0,blocker-per-cost,128,192.0,192.0,64,64,0.6666666666666666,4,-0.0006158854812383652
msmarco-passage-trec-dl-2019,489204,2.0,blocker-per-cost,256,384.0,384.0,128,128,0.6666666666666666,7,-0.00013896822929382324
msmarco-passage-trec-dl-2019,489204,2.0,blocker-per-cost,512,768.0,768.0,256,256,0.6666666666666666,10,-0.0001988094300031662
msmarco-passage-trec-dl-2019,489204,2.0,blocker-per-cost,1024,1536.0,1536.0,448,640,0.5833333333333334,22,-0.00036977045238018036
msmarco-passage-trec-dl-2019,489204,2.0,blocker-per-cost,2048,3072.0,3072.0,704,1664,0.4583333333333333,26,-0.000399220734834671
msmarco-passage-trec-dl-2019,489204,2.0,blocker-per-cost,4096,6144.0,6144.0,1216,3712,0.3958333333333333,28,-0.00018943287432193756
msmarco-passage-trec-dl-2019,489204,2.0,blocker-per-cost,8192,12288.0,12288.0,3644,5000,0.5930989583333334,28,-0.00012194924056529999
msmarco-passage-trec-dl-2019,489204,2.0,blocker-per-cost,10000,15000.0,15000.0,5000,5000,0.6666666666666666,28,-0.00012194924056529999
msmarco-passage-trec-dl-2019,489204,2.0,pressure-per-cost,128,192.0,192.0,64,64,0.6666666666666666,4,-0.0006158854812383652
msmarco-passage-trec-dl-2019,489204,2.0,pressure-per-cost,256,384.0,384.0,128,128,0.6666666666666666,7,-0.00013896822929382324
msmarco-passage-trec-dl-2019,489204,2.0,pressure-per-cost,512,768.0,768.0,256,256,0.6666666666666666,10,-0.0001988094300031662
msmarco-passage-trec-dl-2019,489204,2.0,pressure-per-cost,1024,1536.0,1536.0,448,640,0.5833333333333334,22,-0.00036977045238018036
msmarco-passage-trec-dl-2019,489204,2.0,pressure-per-cost,2048,3072.0,3072.0,768,1536,0.5,26,-0.00044574029743671417
msmarco-passage-trec-dl-2019,489204,2.0,pressure-per-cost,4096,6144.0,6144.0,1568,3008,0.5104166666666666,28,-0.0002502668648958206
msmarco-passage-trec-dl-2019,489204,2.0,pressure-per-cost,8192,12288.0,12288.0,3644,5000,0.5930989583333334,28,-0.00012194924056529999
msmarco-passage-trec-dl-2019,489204,2.0,pressure-per-cost,10000,15000.0,15000.0,5000,5000,0.6666666666666666,28,-0.00012194924056529999
msmarco-passage-trec-dl-2019,489204,2.0,candidate-per-cost,128,192.0,192.0,64,64,0.6666666666666666,4,-0.0006158854812383652
msmarco-passage-trec-dl-2019,489204,2.0,candidate-per-cost,256,384.0,384.0,128,128,0.6666666666666666,7,-0.00013896822929382324
msmarco-passage-trec-dl-2019,489204,2.0,candidate-per-cost,512,768.0,768.0,256,256,0.6666666666666666,10,-0.0001988094300031662
msmarco-passage-trec-dl-2019,489204,2.0,candidate-per-cost,1024,1536.0,1536.0,448,640,0.5833333333333334,22,-0.00036977045238018036
msmarco-passage-trec-dl-2019,489204,2.0,candidate-per-cost,2048,3072.0,3072.0,704,1664,0.4583333333333333,26,-0.000399220734834671
msmarco-passage-trec-dl-2019,489204,2.0,candidate-per-cost,4096,6144.0,6144.0,1216,3712,0.3958333333333333,28,-0.00018943287432193756
msmarco-passage-trec-dl-2019,489204,2.0,candidate-per-cost,8192,12288.0,12288.0,3644,5000,0.5930989583333334,28,-0.00012194924056529999
msmarco-passage-trec-dl-2019,489204,2.0,candidate-per-cost,10000,15000.0,15000.0,5000,5000,0.6666666666666666,28,-0.00012194924056529999
msmarco-passage-trec-dl-2019,573724,0.5,cost-balanced,128,96.0,96.0,64,64,0.3333333333333333,18,-0.0008675474673509598
msmarco-passage-trec-dl-2019,573724,0.5,cost-balanced,256,192.0,192.0,192,96,0.5,22,-3.9599835872650146e-05
msmarco-passage-trec-dl-2019,573724,0.5,cost-balanced,512,384.0,384.0,384,192,0.5,73,-0.00010229088366031647
msmarco-passage-trec-dl-2019,573724,0.5,cost-balanced,1024,768.0,768.0,768,384,0.5,79,-6.392132490873337e-05
msmarco-passage-trec-dl-2019,573724,0.5,cost-balanced,2048,1536.0,1536.0,1536,768,0.5,89,-7.188785821199417e-05
msmarco-passage-trec-dl-2019,573724,0.5,cost-balanced,4096,3072.0,3072.0,3072,1536,0.5,92,-2.8925016522407532e-05
msmarco-passage-trec-dl-2019,573724,0.5,cost-balanced,8192,6144.0,6144.0,5000,3644,0.4069010416666667,94,-4.4024549424648285e-05
msmarco-passage-trec-dl-2019,573724,0.5,cost-balanced,10000,7500.0,7500.0,5000,5000,0.3333333333333333,94,-4.4024549424648285e-05
msmarco-passage-trec-dl-2019,573724,0.5,upper-per-cost,128,96.0,96.0,64,64,0.3333333333333333,18,-0.0008675474673509598
msmarco-passage-trec-dl-2019,573724,0.5,upper-per-cost,256,192.0,192.0,128,128,0.3333333333333333,25,-0.00028748251497745514
msmarco-passage-trec-dl-2019,573724,0.5,upper-per-cost,512,384.0,384.0,320,224,0.4166666666666667,72,-0.00010382197797298431
msmarco-passage-trec-dl-2019,573724,0.5,upper-per-cost,1024,768.0,768.0,640,448,0.4166666666666667,79,-0.00028476305305957794
msmarco-passage-trec-dl-2019,573724,0.5,upper-per-cost,2048,1536.0,1536.0,1280,896,0.4166666666666667,84,-0.00015663355588912964
msmarco-passage-trec-dl-2019,573724,0.5,upper-per-cost,4096,3072.0,3072.0,2560,1792,0.4166666666666667,92,-9.131990373134613e-05
msmarco-passage-trec-dl-2019,573724,0.5,upper-per-cost,8192,6144.0,6144.0,4992,3648,0.40625,94,-4.4337473809719086e-05
msmarco-passage-trec-dl-2019,573724,0.5,upper-per-cost,10000,7500.0,7500.0,5000,5000,0.3333333333333333,94,-4.4024549424648285e-05
msmarco-passage-trec-dl-2019,573724,0.5,blocker-per-cost,128,96.0,96.0,64,64,0.3333333333333333,18,-0.0008675474673509598
msmarco-passage-trec-dl-2019,573724,0.5,blocker-per-cost,256,192.0,192.0,128,128,0.3333333333333333,25,-0.00028748251497745514
msmarco-passage-trec-dl-2019,573724,0.5,blocker-per-cost,512,384.0,384.0,384,192,0.5,73,-0.00010229088366031647
msmarco-passage-trec-dl-2019,573724,0.5,blocker-per-cost,1024,768.0,768.0,1024,256,0.6666666666666666,82,-6.479676812887192e-05
msmarco-passage-trec-dl-2019,573724,0.5,blocker-per-cost,2048,1536.0,1536.0,2304,384,0.75,91,-2.7066096663475037e-05
msmarco-passage-trec-dl-2019,573724,0.5,blocker-per-cost,4096,3072.0,3072.0,5000,572,0.8138020833333334,94,-4.4024549424648285e-05
msmarco-passage-trec-dl-2019,573724,0.5,blocker-per-cost,8192,6144.0,6144.0,5000,3644,0.4069010416666667,94,-4.4024549424648285e-05
msmarco-passage-trec-dl-2019,573724,0.5,blocker-per-cost,10000,7500.0,7500.0,5000,5000,0.3333333333333333,94,-4.4024549424648285e-05
msmarco-passage-trec-dl-2019,573724,0.5,pressure-per-cost,128,96.0,96.0,64,64,0.3333333333333333,18,-0.0008675474673509598
msmarco-passage-trec-dl-2019,573724,0.5,pressure-per-cost,256,192.0,192.0,128,128,0.3333333333333333,25,-0.00028748251497745514
msmarco-passage-trec-dl-2019,573724,0.5,pressure-per-cost,512,384.0,384.0,384,192,0.5,73,-0.00010229088366031647
msmarco-passage-trec-dl-2019,573724,0.5,pressure-per-cost,1024,768.0,768.0,1024,256,0.6666666666666666,82,-6.479676812887192e-05
msmarco-passage-trec-dl-2019,573724,0.5,pressure-per-cost,2048,1536.0,1536.0,2304,384,0.75,91,-2.7066096663475037e-05
msmarco-passage-trec-dl-2019,573724,0.5,pressure-per-cost,4096,3072.0,3072.0,5000,572,0.8138020833333334,94,-4.4024549424648285e-05
msmarco-passage-trec-dl-2019,573724,0.5,pressure-per-cost,8192,6144.0,6144.0,5000,3644,0.4069010416666667,94,-4.4024549424648285e-05
msmarco-passage-trec-dl-2019,573724,0.5,pressure-per-cost,10000,7500.0,7500.0,5000,5000,0.3333333333333333,94,-4.4024549424648285e-05
msmarco-passage-trec-dl-2019,573724,0.5,candidate-per-cost,128,96.0,96.0,64,64,0.3333333333333333,18,-0.0008675474673509598
msmarco-passage-trec-dl-2019,573724,0.5,candidate-per-cost,256,192.0,192.0,128,128,0.3333333333333333,25,-0.00028748251497745514
msmarco-passage-trec-dl-2019,573724,0.5,candidate-per-cost,512,384.0,384.0,384,192,0.5,73,-0.00010229088366031647
msmarco-passage-trec-dl-2019,573724,0.5,candidate-per-cost,1024,768.0,768.0,1024,256,0.6666666666666666,82,-6.479676812887192e-05
msmarco-passage-trec-dl-2019,573724,0.5,candidate-per-cost,2048,1536.0,1536.0,2304,384,0.75,91,-2.7066096663475037e-05
msmarco-passage-trec-dl-2019,573724,0.5,candidate-per-cost,4096,3072.0,3072.0,5000,572,0.8138020833333334,94,-4.4024549424648285e-05
msmarco-passage-trec-dl-2019,573724,0.5,candidate-per-cost,8192,6144.0,6144.0,5000,3644,0.4069010416666667,94,-4.4024549424648285e-05
msmarco-passage-trec-dl-2019,573724,0.5,candidate-per-cost,10000,7500.0,7500.0,5000,5000,0.3333333333333333,94,-4.4024549424648285e-05
msmarco-passage-trec-dl-2019,573724,2.0,cost-balanced,128,192.0,192.0,64,64,0.6666666666666666,18,-0.0008675474673509598
msmarco-passage-trec-dl-2019,573724,2.0,cost-balanced,256,384.0,384.0,128,128,0.6666666666666666,25,-0.00028748251497745514
msmarco-passage-trec-dl-2019,573724,2.0,cost-balanced,512,768.0,768.0,192,384,0.5,58,-0.0001932922750711441
msmarco-passage-trec-dl-2019,573724,2.0,cost-balanced,1024,1536.0,1536.0,384,768,0.5,73,-5.550496280193329e-05
msmarco-passage-trec-dl-2019,573724,2.0,cost-balanced,2048,3072.0,3072.0,768,1536,0.5,79,-6.392132490873337e-05
msmarco-passage-trec-dl-2019,573724,2.0,cost-balanced,4096,6144.0,6144.0,1536,3072,0.5,89,-7.188785821199417e-05
msmarco-passage-trec-dl-2019,573724,2.0,cost-balanced,8192,12288.0,12288.0,3644,5000,0.5930989583333334,93,-2.4203211069107056e-05
msmarco-passage-trec-dl-2019,573724,2.0,cost-balanced,10000,15000.0,15000.0,5000,5000,0.6666666666666666,94,-4.4024549424648285e-05
msmarco-passage-trec-dl-2019,573724,2.0,upper-per-cost,128,192.0,192.0,64,64,0.6666666666666666,18,-0.0008675474673509598
msmarco-passage-trec-dl-2019,573724,2.0,upper-per-cost,256,384.0,384.0,128,128,0.6666666666666666,25,-0.00028748251497745514
msmarco-passage-trec-dl-2019,573724,2.0,upper-per-cost,512,768.0,768.0,224,320,0.5833333333333334,61,-0.00010239146649837494
msmarco-passage-trec-dl-2019,573724,2.0,upper-per-cost,1024,1536.0,1536.0,448,640,0.5833333333333334,75,-9.36463475227356e-05
msmarco-passage-trec-dl-2019,573724,2.0,upper-per-cost,2048,3072.0,3072.0,896,1280,0.5833333333333334,81,-0.00010212697088718414
msmarco-passage-trec-dl-2019,573724,2.0,upper-per-cost,4096,6144.0,6144.0,1792,2560,0.5833333333333334,90,-2.1401792764663696e-05
msmarco-passage-trec-dl-2019,573724,2.0,upper-per-cost,8192,12288.0,12288.0,3648,4992,0.59375,93,-2.391170710325241e-05
msmarco-passage-trec-dl-2019,573724,2.0,upper-per-cost,10000,15000.0,15000.0,5000,5000,0.6666666666666666,94,-4.4024549424648285e-05
msmarco-passage-trec-dl-2019,573724,2.0,blocker-per-cost,128,192.0,192.0,64,64,0.6666666666666666,18,-0.0008675474673509598
msmarco-passage-trec-dl-2019,573724,2.0,blocker-per-cost,256,384.0,384.0,128,128,0.6666666666666666,25,-0.00028748251497745514
msmarco-passage-trec-dl-2019,573724,2.0,blocker-per-cost,512,768.0,768.0,288,192,0.75,70,-7.145572453737259e-05
msmarco-passage-trec-dl-2019,573724,2.0,blocker-per-cost,1024,1536.0,1536.0,640,256,0.8333333333333334,79,-0.00028476305305957794
msmarco-passage-trec-dl-2019,573724,2.0,blocker-per-cost,2048,3072.0,3072.0,1376,320,0.8958333333333334,86,-5.416106432676315e-05
msmarco-passage-trec-dl-2019,573724,2.0,blocker-per-cost,4096,6144.0,6144.0,2848,448,0.9270833333333334,92,-5.351938307285309e-05
msmarco-passage-trec-dl-2019,573724,2.0,blocker-per-cost,8192,12288.0,12288.0,5000,2288,0.8138020833333334,94,-4.4024549424648285e-05
msmarco-passage-trec-dl-2019,573724,2.0,blocker-per-cost,10000,15000.0,15000.0,5000,5000,0.6666666666666666,94,-4.4024549424648285e-05
msmarco-passage-trec-dl-2019,573724,2.0,pressure-per-cost,128,192.0,192.0,64,64,0.6666666666666666,18,-0.0008675474673509598
msmarco-passage-trec-dl-2019,573724,2.0,pressure-per-cost,256,384.0,384.0,128,128,0.6666666666666666,25,-0.00028748251497745514
msmarco-passage-trec-dl-2019,573724,2.0,pressure-per-cost,512,768.0,768.0,288,192,0.75,70,-7.145572453737259e-05
msmarco-passage-trec-dl-2019,573724,2.0,pressure-per-cost,1024,1536.0,1536.0,640,256,0.8333333333333334,79,-0.00028476305305957794
msmarco-passage-trec-dl-2019,573724,2.0,pressure-per-cost,2048,3072.0,3072.0,1376,320,0.8958333333333334,86,-5.416106432676315e-05
msmarco-passage-trec-dl-2019,573724,2.0,pressure-per-cost,4096,6144.0,6144.0,2848,448,0.9270833333333334,92,-5.351938307285309e-05
msmarco-passage-trec-dl-2019,573724,2.0,pressure-per-cost,8192,12288.0,12288.0,5000,2288,0.8138020833333334,94,-4.4024549424648285e-05
msmarco-passage-trec-dl-2019,573724,2.0,pressure-per-cost,10000,15000.0,15000.0,5000,5000,0.6666666666666666,94,-4.4024549424648285e-05
msmarco-passage-trec-dl-2019,573724,2.0,candidate-per-cost,128,192.0,192.0,64,64,0.6666666666666666,18,-0.0008675474673509598
msmarco-passage-trec-dl-2019,573724,2.0,candidate-per-cost,256,384.0,384.0,128,128,0.6666666666666666,25,-0.00028748251497745514
msmarco-passage-trec-dl-2019,573724,2.0,candidate-per-cost,512,768.0,768.0,288,192,0.75,70,-7.145572453737259e-05
msmarco-passage-trec-dl-2019,573724,2.0,candidate-per-cost,1024,1536.0,1536.0,640,256,0.8333333333333334,79,-0.00028476305305957794
msmarco-passage-trec-dl-2019,573724,2.0,candidate-per-cost,2048,3072.0,3072.0,1376,320,0.8958333333333334,86,-5.416106432676315e-05
msmarco-passage-trec-dl-2019,573724,2.0,candidate-per-cost,4096,6144.0,6144.0,2880,384,0.9375,92,-5.7131052017211914e-05
msmarco-passage-trec-dl-2019,573724,2.0,candidate-per-cost,8192,12288.0,12288.0,5000,2288,0.8138020833333334,94,-4.4024549424648285e-05
msmarco-passage-trec-dl-2019,573724,2.0,candidate-per-cost,10000,15000.0,15000.0,5000,5000,0.6666666666666666,94,-4.4024549424648285e-05
msmarco-passage-trec-dl-2019,168216,0.5,cost-balanced,128,96.0,96.0,64,64,0.3333333333333333,9,-0.00023372098803520203
msmarco-passage-trec-dl-2019,168216,0.5,cost-balanced,256,192.0,192.0,192,96,0.5,20,-0.00014500692486763
msmarco-passage-trec-dl-2019,168216,0.5,cost-balanced,512,384.0,384.0,384,192,0.5,86,-5.109328776597977e-05
msmarco-passage-trec-dl-2019,168216,0.5,cost-balanced,1024,768.0,768.0,768,384,0.5,100,-inf
msmarco-passage-trec-dl-2019,168216,0.5,cost-balanced,2048,1536.0,1536.0,1536,768,0.5,100,-inf
msmarco-passage-trec-dl-2019,168216,0.5,cost-balanced,4096,3072.0,3072.0,3072,1536,0.5,100,-inf
msmarco-passage-trec-dl-2019,168216,0.5,cost-balanced,8192,6144.0,6144.0,5000,3644,0.4069010416666667,100,-inf
msmarco-passage-trec-dl-2019,168216,0.5,cost-balanced,10000,7500.0,7500.0,5000,5000,0.3333333333333333,100,-inf
msmarco-passage-trec-dl-2019,168216,0.5,upper-per-cost,128,96.0,96.0,64,64,0.3333333333333333,9,-0.00023372098803520203
msmarco-passage-trec-dl-2019,168216,0.5,upper-per-cost,256,192.0,192.0,128,128,0.3333333333333333,24,-9.356439113616943e-05
msmarco-passage-trec-dl-2019,168216,0.5,upper-per-cost,512,384.0,384.0,320,224,0.4166666666666667,91,-1.867208629846573e-05
msmarco-passage-trec-dl-2019,168216,0.5,upper-per-cost,1024,768.0,768.0,640,448,0.4166666666666667,100,-inf
msmarco-passage-trec-dl-2019,168216,0.5,upper-per-cost,2048,1536.0,1536.0,1280,896,0.4166666666666667,100,-inf
msmarco-passage-trec-dl-2019,168216,0.5,upper-per-cost,4096,3072.0,3072.0,2560,1792,0.4166666666666667,100,-inf
msmarco-passage-trec-dl-2019,168216,0.5,upper-per-cost,8192,6144.0,6144.0,4992,3648,0.40625,100,-inf
msmarco-passage-trec-dl-2019,168216,0.5,upper-per-cost,10000,7500.0,7500.0,5000,5000,0.3333333333333333,100,-inf
msmarco-passage-trec-dl-2019,168216,0.5,blocker-per-cost,128,96.0,96.0,64,64,0.3333333333333333,9,-0.00023372098803520203
msmarco-passage-trec-dl-2019,168216,0.5,blocker-per-cost,256,192.0,192.0,128,128,0.3333333333333333,24,-9.356439113616943e-05
msmarco-passage-trec-dl-2019,168216,0.5,blocker-per-cost,512,384.0,384.0,320,224,0.4166666666666667,91,-1.867208629846573e-05
msmarco-passage-trec-dl-2019,168216,0.5,blocker-per-cost,1024,768.0,768.0,640,448,0.4166666666666667,100,-inf
msmarco-passage-trec-dl-2019,168216,0.5,blocker-per-cost,2048,1536.0,1536.0,1280,896,0.4166666666666667,100,-inf
msmarco-passage-trec-dl-2019,168216,0.5,blocker-per-cost,4096,3072.0,3072.0,2560,1792,0.4166666666666667,100,-inf
msmarco-passage-trec-dl-2019,168216,0.5,blocker-per-cost,8192,6144.0,6144.0,4992,3648,0.40625,100,-inf
msmarco-passage-trec-dl-2019,168216,0.5,blocker-per-cost,10000,7500.0,7500.0,5000,5000,0.3333333333333333,100,-inf
msmarco-passage-trec-dl-2019,168216,0.5,pressure-per-cost,128,96.0,96.0,64,64,0.3333333333333333,9,-0.00023372098803520203
msmarco-passage-trec-dl-2019,168216,0.5,pressure-per-cost,256,192.0,192.0,128,128,0.3333333333333333,24,-9.356439113616943e-05
msmarco-passage-trec-dl-2019,168216,0.5,pressure-per-cost,512,384.0,384.0,320,224,0.4166666666666667,91,-1.867208629846573e-05
msmarco-passage-trec-dl-2019,168216,0.5,pressure-per-cost,1024,768.0,768.0,576,480,0.375,100,-inf
msmarco-passage-trec-dl-2019,168216,0.5,pressure-per-cost,2048,1536.0,1536.0,1152,960,0.375,100,-inf
msmarco-passage-trec-dl-2019,168216,0.5,pressure-per-cost,4096,3072.0,3072.0,2304,1920,0.375,100,-inf
msmarco-passage-trec-dl-2019,168216,0.5,pressure-per-cost,8192,6144.0,6144.0,4608,3840,0.375,100,-inf
msmarco-passage-trec-dl-2019,168216,0.5,pressure-per-cost,10000,7500.0,7500.0,5000,5000,0.3333333333333333,100,-inf
msmarco-passage-trec-dl-2019,168216,0.5,candidate-per-cost,128,96.0,96.0,64,64,0.3333333333333333,9,-0.00023372098803520203
msmarco-passage-trec-dl-2019,168216,0.5,candidate-per-cost,256,192.0,192.0,128,128,0.3333333333333333,24,-9.356439113616943e-05
msmarco-passage-trec-dl-2019,168216,0.5,candidate-per-cost,512,384.0,384.0,320,224,0.4166666666666667,91,-1.867208629846573e-05
msmarco-passage-trec-dl-2019,168216,0.5,candidate-per-cost,1024,768.0,768.0,640,448,0.4166666666666667,100,-inf
msmarco-passage-trec-dl-2019,168216,0.5,candidate-per-cost,2048,1536.0,1536.0,1280,896,0.4166666666666667,100,-inf
msmarco-passage-trec-dl-2019,168216,0.5,candidate-per-cost,4096,3072.0,3072.0,2560,1792,0.4166666666666667,100,-inf
msmarco-passage-trec-dl-2019,168216,0.5,candidate-per-cost,8192,6144.0,6144.0,4992,3648,0.40625,100,-inf
msmarco-passage-trec-dl-2019,168216,0.5,candidate-per-cost,10000,7500.0,7500.0,5000,5000,0.3333333333333333,100,-inf
msmarco-passage-trec-dl-2019,168216,2.0,cost-balanced,128,192.0,192.0,64,64,0.6666666666666666,9,-0.00023372098803520203
msmarco-passage-trec-dl-2019,168216,2.0,cost-balanced,256,384.0,384.0,128,128,0.6666666666666666,24,-9.356439113616943e-05
msmarco-passage-trec-dl-2019,168216,2.0,cost-balanced,512,768.0,768.0,192,384,0.5,80,-0.00018088892102241516
msmarco-passage-trec-dl-2019,168216,2.0,cost-balanced,1024,1536.0,1536.0,384,768,0.5,100,-inf
msmarco-passage-trec-dl-2019,168216,2.0,cost-balanced,2048,3072.0,3072.0,768,1536,0.5,100,-inf
msmarco-passage-trec-dl-2019,168216,2.0,cost-balanced,4096,6144.0,6144.0,1536,3072,0.5,100,-inf
msmarco-passage-trec-dl-2019,168216,2.0,cost-balanced,8192,12288.0,12288.0,3644,5000,0.5930989583333334,100,-inf
msmarco-passage-trec-dl-2019,168216,2.0,cost-balanced,10000,15000.0,15000.0,5000,5000,0.6666666666666666,100,-inf
msmarco-passage-trec-dl-2019,168216,2.0,upper-per-cost,128,192.0,192.0,64,64,0.6666666666666666,9,-0.00023372098803520203
msmarco-passage-trec-dl-2019,168216,2.0,upper-per-cost,256,384.0,384.0,128,128,0.6666666666666666,24,-9.356439113616943e-05
msmarco-passage-trec-dl-2019,168216,2.0,upper-per-cost,512,768.0,768.0,224,320,0.5833333333333334,84,-3.283098340034485e-05
msmarco-passage-trec-dl-2019,168216,2.0,upper-per-cost,1024,1536.0,1536.0,448,640,0.5833333333333334,100,-inf
msmarco-passage-trec-dl-2019,168216,2.0,upper-per-cost,2048,3072.0,3072.0,896,1280,0.5833333333333334,100,-inf
msmarco-passage-trec-dl-2019,168216,2.0,upper-per-cost,4096,6144.0,6144.0,1792,2560,0.5833333333333334,100,-inf
msmarco-passage-trec-dl-2019,168216,2.0,upper-per-cost,8192,12288.0,12288.0,3648,4992,0.59375,100,-inf
msmarco-passage-trec-dl-2019,168216,2.0,upper-per-cost,10000,15000.0,15000.0,5000,5000,0.6666666666666666,100,-inf
msmarco-passage-trec-dl-2019,168216,2.0,blocker-per-cost,128,192.0,192.0,64,64,0.6666666666666666,9,-0.00023372098803520203
msmarco-passage-trec-dl-2019,168216,2.0,blocker-per-cost,256,384.0,384.0,128,128,0.6666666666666666,24,-9.356439113616943e-05
msmarco-passage-trec-dl-2019,168216,2.0,blocker-per-cost,512,768.0,768.0,288,192,0.75,86,-5.109328776597977e-05
msmarco-passage-trec-dl-2019,168216,2.0,blocker-per-cost,1024,1536.0,1536.0,448,640,0.5833333333333334,100,-inf
msmarco-passage-trec-dl-2019,168216,2.0,blocker-per-cost,2048,3072.0,3072.0,896,1280,0.5833333333333334,100,-inf
msmarco-passage-trec-dl-2019,168216,2.0,blocker-per-cost,4096,6144.0,6144.0,1792,2560,0.5833333333333334,100,-inf
msmarco-passage-trec-dl-2019,168216,2.0,blocker-per-cost,8192,12288.0,12288.0,3648,4992,0.59375,100,-inf
msmarco-passage-trec-dl-2019,168216,2.0,blocker-per-cost,10000,15000.0,15000.0,5000,5000,0.6666666666666666,100,-inf
msmarco-passage-trec-dl-2019,168216,2.0,pressure-per-cost,128,192.0,192.0,64,64,0.6666666666666666,9,-0.00023372098803520203
msmarco-passage-trec-dl-2019,168216,2.0,pressure-per-cost,256,384.0,384.0,128,128,0.6666666666666666,24,-9.356439113616943e-05
msmarco-passage-trec-dl-2019,168216,2.0,pressure-per-cost,512,768.0,768.0,256,256,0.6666666666666666,86,-0.0001169620081782341
msmarco-passage-trec-dl-2019,168216,2.0,pressure-per-cost,1024,1536.0,1536.0,480,576,0.625,100,-inf
msmarco-passage-trec-dl-2019,168216,2.0,pressure-per-cost,2048,3072.0,3072.0,960,1152,0.625,100,-inf
msmarco-passage-trec-dl-2019,168216,2.0,pressure-per-cost,4096,6144.0,6144.0,1920,2304,0.625,100,-inf
msmarco-passage-trec-dl-2019,168216,2.0,pressure-per-cost,8192,12288.0,12288.0,3872,4544,0.6302083333333334,100,-inf
msmarco-passage-trec-dl-2019,168216,2.0,pressure-per-cost,10000,15000.0,15000.0,5000,5000,0.6666666666666666,100,-inf
msmarco-passage-trec-dl-2019,168216,2.0,candidate-per-cost,128,192.0,192.0,64,64,0.6666666666666666,9,-0.00023372098803520203
msmarco-passage-trec-dl-2019,168216,2.0,candidate-per-cost,256,384.0,384.0,128,128,0.6666666666666666,24,-9.356439113616943e-05
msmarco-passage-trec-dl-2019,168216,2.0,candidate-per-cost,512,768.0,768.0,288,192,0.75,86,-5.109328776597977e-05
msmarco-passage-trec-dl-2019,168216,2.0,candidate-per-cost,1024,1536.0,1536.0,448,640,0.5833333333333334,100,-inf
msmarco-passage-trec-dl-2019,168216,2.0,candidate-per-cost,2048,3072.0,3072.0,896,1280,0.5833333333333334,100,-inf
msmarco-passage-trec-dl-2019,168216,2.0,candidate-per-cost,4096,6144.0,6144.0,1792,2560,0.5833333333333334,100,-inf
msmarco-passage-trec-dl-2019,168216,2.0,candidate-per-cost,8192,12288.0,12288.0,3648,4992,0.59375,100,-inf
msmarco-passage-trec-dl-2019,168216,2.0,candidate-per-cost,10000,15000.0,15000.0,5000,5000,0.6666666666666666,100,-inf
msmarco-passage-trec-dl-2019,1133167,0.5,cost-balanced,128,96.0,96.0,64,64,0.3333333333333333,6,-0.0018740389496088028
msmarco-passage-trec-dl-2019,1133167,0.5,cost-balanced,256,192.0,192.0,192,96,0.5,8,-0.00018664076924324036
msmarco-passage-trec-dl-2019,1133167,0.5,cost-balanced,512,384.0,384.0,384,192,0.5,20,-0.00026368722319602966
msmarco-passage-trec-dl-2019,1133167,0.5,cost-balanced,1024,768.0,768.0,768,384,0.5,33,-8.393451571464539e-05
msmarco-passage-trec-dl-2019,1133167,0.5,cost-balanced,2048,1536.0,1536.0,1536,768,0.5,41,-5.124136805534363e-05
msmarco-passage-trec-dl-2019,1133167,0.5,cost-balanced,4096,3072.0,3072.0,3072,1536,0.5,92,-1.6801059246063232e-06
msmarco-passage-trec-dl-2019,1133167,0.5,cost-balanced,8192,6144.0,6144.0,5000,3644,0.4069010416666667,100,-inf
msmarco-passage-trec-dl-2019,1133167,0.5,cost-balanced,10000,7500.0,7500.0,5000,5000,0.3333333333333333,100,-inf
msmarco-passage-trec-dl-2019,1133167,0.5,upper-per-cost,128,96.0,96.0,64,64,0.3333333333333333,6,-0.0018740389496088028
msmarco-passage-trec-dl-2019,1133167,0.5,upper-per-cost,256,192.0,192.0,128,128,0.3333333333333333,11,-6.74370676279068e-05
msmarco-passage-trec-dl-2019,1133167,0.5,upper-per-cost,512,384.0,384.0,320,224,0.4166666666666667,22,-0.00010876916348934174
msmarco-passage-trec-dl-2019,1133167,0.5,upper-per-cost,1024,768.0,768.0,640,448,0.4166666666666667,36,-0.0002391338348388672
msmarco-passage-trec-dl-2019,1133167,0.5,upper-per-cost,2048,1536.0,1536.0,1280,896,0.4166666666666667,50,-0.00024034269154071808
msmarco-passage-trec-dl-2019,1133167,0.5,upper-per-cost,4096,3072.0,3072.0,2560,1792,0.4166666666666667,91,-1.5840865671634674e-05
msmarco-passage-trec-dl-2019,1133167,0.5,upper-per-cost,8192,6144.0,6144.0,4992,3648,0.40625,100,-inf
msmarco-passage-trec-dl-2019,1133167,0.5,upper-per-cost,10000,7500.0,7500.0,5000,5000,0.3333333333333333,100,-inf
msmarco-passage-trec-dl-2019,1133167,0.5,blocker-per-cost,128,96.0,96.0,64,64,0.3333333333333333,6,-0.0018740389496088028
msmarco-passage-trec-dl-2019,1133167,0.5,blocker-per-cost,256,192.0,192.0,128,128,0.3333333333333333,11,-6.74370676279068e-05
msmarco-passage-trec-dl-2019,1133167,0.5,blocker-per-cost,512,384.0,384.0,256,256,0.3333333333333333,26,-0.0005113501101732254
msmarco-passage-trec-dl-2019,1133167,0.5,blocker-per-cost,1024,768.0,768.0,384,576,0.25,37,-1.4211982488632202e-05
msmarco-passage-trec-dl-2019,1133167,0.5,blocker-per-cost,2048,1536.0,1536.0,896,1088,0.2916666666666667,82,-0.0001827562227845192
msmarco-passage-trec-dl-2019,1133167,0.5,blocker-per-cost,4096,3072.0,3072.0,3648,1248,0.59375,100,-inf
msmarco-passage-trec-dl-2019,1133167,0.5,blocker-per-cost,8192,6144.0,6144.0,4992,3648,0.40625,100,-inf
msmarco-passage-trec-dl-2019,1133167,0.5,blocker-per-cost,10000,7500.0,7500.0,5000,5000,0.3333333333333333,100,-inf
msmarco-passage-trec-dl-2019,1133167,0.5,pressure-per-cost,128,96.0,96.0,64,64,0.3333333333333333,6,-0.0018740389496088028
msmarco-passage-trec-dl-2019,1133167,0.5,pressure-per-cost,256,192.0,192.0,128,128,0.3333333333333333,11,-6.74370676279068e-05
msmarco-passage-trec-dl-2019,1133167,0.5,pressure-per-cost,512,384.0,384.0,256,256,0.3333333333333333,26,-0.0005113501101732254
msmarco-passage-trec-dl-2019,1133167,0.5,pressure-per-cost,1024,768.0,768.0,384,576,0.25,37,-1.4211982488632202e-05
msmarco-passage-trec-dl-2019,1133167,0.5,pressure-per-cost,2048,1536.0,1536.0,896,1088,0.2916666666666667,82,-0.0001827562227845192
msmarco-passage-trec-dl-2019,1133167,0.5,pressure-per-cost,4096,3072.0,3072.0,3648,1248,0.59375,100,-inf
msmarco-passage-trec-dl-2019,1133167,0.5,pressure-per-cost,8192,6144.0,6144.0,4736,3776,0.3854166666666667,100,-inf
msmarco-passage-trec-dl-2019,1133167,0.5,pressure-per-cost,10000,7500.0,7500.0,5000,5000,0.3333333333333333,100,-inf
msmarco-passage-trec-dl-2019,1133167,0.5,candidate-per-cost,128,96.0,96.0,64,64,0.3333333333333333,6,-0.0018740389496088028
msmarco-passage-trec-dl-2019,1133167,0.5,candidate-per-cost,256,192.0,192.0,128,128,0.3333333333333333,11,-6.74370676279068e-05
msmarco-passage-trec-dl-2019,1133167,0.5,candidate-per-cost,512,384.0,384.0,256,256,0.3333333333333333,26,-0.0005113501101732254
msmarco-passage-trec-dl-2019,1133167,0.5,candidate-per-cost,1024,768.0,768.0,384,576,0.25,37,-1.4211982488632202e-05
msmarco-passage-trec-dl-2019,1133167,0.5,candidate-per-cost,2048,1536.0,1536.0,896,1088,0.2916666666666667,82,-0.0001827562227845192
msmarco-passage-trec-dl-2019,1133167,0.5,candidate-per-cost,4096,3072.0,3072.0,3648,1248,0.59375,100,-inf
msmarco-passage-trec-dl-2019,1133167,0.5,candidate-per-cost,8192,6144.0,6144.0,4992,3648,0.40625,100,-inf
msmarco-passage-trec-dl-2019,1133167,0.5,candidate-per-cost,10000,7500.0,7500.0,5000,5000,0.3333333333333333,100,-inf
msmarco-passage-trec-dl-2019,1133167,2.0,cost-balanced,128,192.0,192.0,64,64,0.6666666666666666,6,-0.0018740389496088028
msmarco-passage-trec-dl-2019,1133167,2.0,cost-balanced,256,384.0,384.0,128,128,0.6666666666666666,11,-6.74370676279068e-05
msmarco-passage-trec-dl-2019,1133167,2.0,cost-balanced,512,768.0,768.0,192,384,0.5,22,-0.000555897131562233
msmarco-passage-trec-dl-2019,1133167,2.0,cost-balanced,1024,1536.0,1536.0,384,768,0.5,41,-5.124136805534363e-05
msmarco-passage-trec-dl-2019,1133167,2.0,cost-balanced,2048,3072.0,3072.0,768,1536,0.5,76,-1.0902993381023407e-05
msmarco-passage-trec-dl-2019,1133167,2.0,cost-balanced,4096,6144.0,6144.0,1536,3072,0.5,88,-4.3465755879879e-05
msmarco-passage-trec-dl-2019,1133167,2.0,cost-balanced,8192,12288.0,12288.0,3644,5000,0.5930989583333334,100,-inf
msmarco-passage-trec-dl-2019,1133167,2.0,cost-balanced,10000,15000.0,15000.0,5000,5000,0.6666666666666666,100,-inf
msmarco-passage-trec-dl-2019,1133167,2.0,upper-per-cost,128,192.0,192.0,64,64,0.6666666666666666,6,-0.0018740389496088028
msmarco-passage-trec-dl-2019,1133167,2.0,upper-per-cost,256,384.0,384.0,128,128,0.6666666666666666,11,-6.74370676279068e-05
msmarco-passage-trec-dl-2019,1133167,2.0,upper-per-cost,512,768.0,768.0,224,320,0.5833333333333334,22,-0.00010876916348934174
msmarco-passage-trec-dl-2019,1133167,2.0,upper-per-cost,1024,1536.0,1536.0,448,640,0.5833333333333334,39,-0.000123683363199234
msmarco-passage-trec-dl-2019,1133167,2.0,upper-per-cost,2048,3072.0,3072.0,896,1280,0.5833333333333334,82,-0.0001827562227845192
msmarco-passage-trec-dl-2019,1133167,2.0,upper-per-cost,4096,6144.0,6144.0,1792,2560,0.5833333333333334,89,-3.923475742340088e-05
msmarco-passage-trec-dl-2019,1133167,2.0,upper-per-cost,8192,12288.0,12288.0,3648,4992,0.59375,100,-inf
msmarco-passage-trec-dl-2019,1133167,2.0,upper-per-cost,10000,15000.0,15000.0,5000,5000,0.6666666666666666,100,-inf
msmarco-passage-trec-dl-2019,1133167,2.0,blocker-per-cost,128,192.0,192.0,64,64,0.6666666666666666,6,-0.0018740389496088028
msmarco-passage-trec-dl-2019,1133167,2.0,blocker-per-cost,256,384.0,384.0,128,128,0.6666666666666666,11,-6.74370676279068e-05
msmarco-passage-trec-dl-2019,1133167,2.0,blocker-per-cost,512,768.0,768.0,256,256,0.6666666666666666,26,-0.0005113501101732254
msmarco-passage-trec-dl-2019,1133167,2.0,blocker-per-cost,1024,1536.0,1536.0,384,768,0.5,41,-5.124136805534363e-05
msmarco-passage-trec-dl-2019,1133167,2.0,blocker-per-cost,2048,3072.0,3072.0,992,1088,0.6458333333333334,82,-8.730124682188034e-05
msmarco-passage-trec-dl-2019,1133167,2.0,blocker-per-cost,4096,6144.0,6144.0,2464,1216,0.8020833333333334,91,-3.0358321964740753e-05
msmarco-passage-trec-dl-2019,1133167,2.0,blocker-per-cost,8192,12288.0,12288.0,3648,4992,0.59375,100,-inf
msmarco-passage-trec-dl-2019,1133167,2.0,blocker-per-cost,10000,15000.0,15000.0,5000,5000,0.6666666666666666,100,-inf
msmarco-passage-trec-dl-2019,1133167,2.0,pressure-per-cost,128,192.0,192.0,64,64,0.6666666666666666,6,-0.0018740389496088028
msmarco-passage-trec-dl-2019,1133167,2.0,pressure-per-cost,256,384.0,384.0,128,128,0.6666666666666666,11,-6.74370676279068e-05
msmarco-passage-trec-dl-2019,1133167,2.0,pressure-per-cost,512,768.0,768.0,256,256,0.6666666666666666,26,-0.0005113501101732254
msmarco-passage-trec-dl-2019,1133167,2.0,pressure-per-cost,1024,1536.0,1536.0,384,768,0.5,41,-5.124136805534363e-05
msmarco-passage-trec-dl-2019,1133167,2.0,pressure-per-cost,2048,3072.0,3072.0,992,1088,0.6458333333333334,82,-8.730124682188034e-05
msmarco-passage-trec-dl-2019,1133167,2.0,pressure-per-cost,4096,6144.0,6144.0,2464,1216,0.8020833333333334,91,-3.0358321964740753e-05
msmarco-passage-trec-dl-2019,1133167,2.0,pressure-per-cost,8192,12288.0,12288.0,3776,4736,0.6145833333333334,100,-inf
msmarco-passage-trec-dl-2019,1133167,2.0,pressure-per-cost,10000,15000.0,15000.0,5000,5000,0.6666666666666666,100,-inf
msmarco-passage-trec-dl-2019,1133167,2.0,candidate-per-cost,128,192.0,192.0,64,64,0.6666666666666666,6,-0.0018740389496088028
msmarco-passage-trec-dl-2019,1133167,2.0,candidate-per-cost,256,384.0,384.0,128,128,0.6666666666666666,11,-6.74370676279068e-05
msmarco-passage-trec-dl-2019,1133167,2.0,candidate-per-cost,512,768.0,768.0,256,256,0.6666666666666666,26,-0.0005113501101732254
msmarco-passage-trec-dl-2019,1133167,2.0,candidate-per-cost,1024,1536.0,1536.0,384,768,0.5,41,-5.124136805534363e-05
msmarco-passage-trec-dl-2019,1133167,2.0,candidate-per-cost,2048,3072.0,3072.0,992,1088,0.6458333333333334,82,-8.730124682188034e-05
msmarco-passage-trec-dl-2019,1133167,2.0,candidate-per-cost,4096,6144.0,6144.0,2464,1216,0.8020833333333334,91,-3.0358321964740753e-05
msmarco-passage-trec-dl-2019,1133167,2.0,candidate-per-cost,8192,12288.0,12288.0,3648,4992,0.59375,100,-inf
msmarco-passage-trec-dl-2019,1133167,2.0,candidate-per-cost,10000,15000.0,15000.0,5000,5000,0.6666666666666666,100,-inf
msmarco-passage-trec-dl-2019,527433,0.5,cost-balanced,128,96.0,96.0,64,64,0.3333333333333333,6,-3.793090581893921e-05
msmarco-passage-trec-dl-2019,527433,0.5,cost-balanced,256,192.0,192.0,192,96,0.5,10,-0.0005599837750196457
msmarco-passage-trec-dl-2019,527433,0.5,cost-balanced,512,384.0,384.0,384,192,0.5,13,-0.00016955845057964325
msmarco-passage-trec-dl-2019,527433,0.5,cost-balanced,1024,768.0,768.0,768,384,0.5,15,-0.0005206950008869171
msmarco-passage-trec-dl-2019,527433,0.5,cost-balanced,2048,1536.0,1536.0,1536,768,0.5,19,-0.00026370957493782043
msmarco-passage-trec-dl-2019,527433,0.5,cost-balanced,4096,3072.0,3072.0,3072,1536,0.5,23,-0.00010301731526851654
msmarco-passage-trec-dl-2019,527433,0.5,cost-balanced,8192,6144.0,6144.0,5000,3644,0.4069010416666667,93,-2.2535212337970734e-05
msmarco-passage-trec-dl-2019,527433,0.5,cost-balanced,10000,7500.0,7500.0,5000,5000,0.3333333333333333,93,-2.2535212337970734e-05
msmarco-passage-trec-dl-2019,527433,0.5,upper-per-cost,128,96.0,96.0,64,64,0.3333333333333333,6,-3.793090581893921e-05
msmarco-passage-trec-dl-2019,527433,0.5,upper-per-cost,256,192.0,192.0,128,128,0.3333333333333333,12,-0.0005337465554475784
msmarco-passage-trec-dl-2019,527433,0.5,upper-per-cost,512,384.0,384.0,320,224,0.4166666666666667,14,-0.0007634274661540985
msmarco-passage-trec-dl-2019,527433,0.5,upper-per-cost,1024,768.0,768.0,640,448,0.4166666666666667,15,-0.0002369452267885208
msmarco-passage-trec-dl-2019,527433,0.5,upper-per-cost,2048,1536.0,1536.0,1280,896,0.4166666666666667,19,-0.0001020040363073349
msmarco-passage-trec-dl-2019,527433,0.5,upper-per-cost,4096,3072.0,3072.0,2560,1792,0.4166666666666667,23,-1.64080411195755e-05
msmarco-passage-trec-dl-2019,527433,0.5,upper-per-cost,8192,6144.0,6144.0,4992,3648,0.40625,93,-2.2848136723041534e-05
msmarco-passage-trec-dl-2019,527433,0.5,upper-per-cost,10000,7500.0,7500.0,5000,5000,0.3333333333333333,93,-2.2535212337970734e-05
msmarco-passage-trec-dl-2019,527433,0.5,blocker-per-cost,128,96.0,96.0,64,64,0.3333333333333333,6,-3.793090581893921e-05
msmarco-passage-trec-dl-2019,527433,0.5,blocker-per-cost,256,192.0,192.0,128,128,0.3333333333333333,12,-0.0005337465554475784
msmarco-passage-trec-dl-2019,527433,0.5,blocker-per-cost,512,384.0,384.0,256,256,0.3333333333333333,14,-0.0004068594425916672
msmarco-passage-trec-dl-2019,527433,0.5,blocker-per-cost,1024,768.0,768.0,384,576,0.25,16,-6.446801126003265e-05
msmarco-passage-trec-dl-2019,527433,0.5,blocker-per-cost,2048,1536.0,1536.0,384,1344,0.125,21,-0.0003246087580919266
msmarco-passage-trec-dl-2019,527433,0.5,blocker-per-cost,4096,3072.0,3072.0,640,2752,0.10416666666666667,41,-4.227645695209503e-05
msmarco-passage-trec-dl-2019,527433,0.5,blocker-per-cost,8192,6144.0,6144.0,5000,3644,0.4069010416666667,93,-2.2535212337970734e-05
msmarco-passage-trec-dl-2019,527433,0.5,blocker-per-cost,10000,7500.0,7500.0,5000,5000,0.3333333333333333,93,-2.2535212337970734e-05
msmarco-passage-trec-dl-2019,527433,0.5,pressure-per-cost,128,96.0,96.0,64,64,0.3333333333333333,6,-3.793090581893921e-05
msmarco-passage-trec-dl-2019,527433,0.5,pressure-per-cost,256,192.0,192.0,128,128,0.3333333333333333,12,-0.0005337465554475784
msmarco-passage-trec-dl-2019,527433,0.5,pressure-per-cost,512,384.0,384.0,256,256,0.3333333333333333,14,-0.0004068594425916672
msmarco-passage-trec-dl-2019,527433,0.5,pressure-per-cost,1024,768.0,768.0,384,576,0.25,16,-6.446801126003265e-05
msmarco-passage-trec-dl-2019,527433,0.5,pressure-per-cost,2048,1536.0,1536.0,384,1344,0.125,21,-0.0003246087580919266
msmarco-passage-trec-dl-2019,527433,0.5,pressure-per-cost,4096,3072.0,3072.0,640,2752,0.10416666666666667,41,-4.227645695209503e-05
msmarco-passage-trec-dl-2019,527433,0.5,pressure-per-cost,8192,6144.0,6144.0,5000,3644,0.4069010416666667,93,-2.2535212337970734e-05
msmarco-passage-trec-dl-2019,527433,0.5,pressure-per-cost,10000,7500.0,7500.0,5000,5000,0.3333333333333333,93,-2.2535212337970734e-05
msmarco-passage-trec-dl-2019,527433,0.5,candidate-per-cost,128,96.0,96.0,64,64,0.3333333333333333,6,-3.793090581893921e-05
msmarco-passage-trec-dl-2019,527433,0.5,candidate-per-cost,256,192.0,192.0,128,128,0.3333333333333333,12,-0.0005337465554475784
msmarco-passage-trec-dl-2019,527433,0.5,candidate-per-cost,512,384.0,384.0,256,256,0.3333333333333333,14,-0.0004068594425916672
msmarco-passage-trec-dl-2019,527433,0.5,candidate-per-cost,1024,768.0,768.0,384,576,0.25,16,-6.446801126003265e-05
msmarco-passage-trec-dl-2019,527433,0.5,candidate-per-cost,2048,1536.0,1536.0,384,1344,0.125,21,-0.0003246087580919266
msmarco-passage-trec-dl-2019,527433,0.5,candidate-per-cost,4096,3072.0,3072.0,640,2752,0.10416666666666667,41,-4.227645695209503e-05
msmarco-passage-trec-dl-2019,527433,0.5,candidate-per-cost,8192,6144.0,6144.0,5000,3644,0.4069010416666667,93,-2.2535212337970734e-05
msmarco-passage-trec-dl-2019,527433,0.5,candidate-per-cost,10000,7500.0,7500.0,5000,5000,0.3333333333333333,93,-2.2535212337970734e-05
msmarco-passage-trec-dl-2019,527433,2.0,cost-balanced,128,192.0,192.0,64,64,0.6666666666666666,6,-3.793090581893921e-05
msmarco-passage-trec-dl-2019,527433,2.0,cost-balanced,256,384.0,384.0,128,128,0.6666666666666666,12,-0.0005337465554475784
msmarco-passage-trec-dl-2019,527433,2.0,cost-balanced,512,768.0,768.0,192,384,0.5,14,-0.0004421137273311615
msmarco-passage-trec-dl-2019,527433,2.0,cost-balanced,1024,1536.0,1536.0,384,768,0.5,19,-0.00026370957493782043
msmarco-passage-trec-dl-2019,527433,2.0,cost-balanced,2048,3072.0,3072.0,768,1536,0.5,23,-0.00010301731526851654
msmarco-passage-trec-dl-2019,527433,2.0,cost-balanced,4096,6144.0,6144.0,1536,3072,0.5,85,-0.00019570905715227127
msmarco-passage-trec-dl-2019,527433,2.0,cost-balanced,8192,12288.0,12288.0,3644,5000,0.5930989583333334,92,-4.14922833442688e-05
msmarco-passage-trec-dl-2019,527433,2.0,cost-balanced,10000,15000.0,15000.0,5000,5000,0.6666666666666666,93,-2.2535212337970734e-05
msmarco-passage-trec-dl-2019,527433,2.0,upper-per-cost,128,192.0,192.0,64,64,0.6666666666666666,6,-3.793090581893921e-05
msmarco-passage-trec-dl-2019,527433,2.0,upper-per-cost,256,384.0,384.0,128,128,0.6666666666666666,12,-0.0005337465554475784
msmarco-passage-trec-dl-2019,527433,2.0,upper-per-cost,512,768.0,768.0,224,320,0.5833333333333334,15,-0.001244824379682541
msmarco-passage-trec-dl-2019,527433,2.0,upper-per-cost,1024,1536.0,1536.0,448,640,0.5833333333333334,18,-9.547732770442963e-05
msmarco-passage-trec-dl-2019,527433,2.0,upper-per-cost,2048,3072.0,3072.0,896,1280,0.5833333333333334,21,-0.00035862624645233154
msmarco-passage-trec-dl-2019,527433,2.0,upper-per-cost,4096,6144.0,6144.0,1792,2560,0.5833333333333334,24,-4.952959716320038e-05
msmarco-passage-trec-dl-2019,527433,2.0,upper-per-cost,8192,12288.0,12288.0,3648,4992,0.59375,92,-4.1200779378414154e-05
msmarco-passage-trec-dl-2019,527433,2.0,upper-per-cost,10000,15000.0,15000.0,5000,5000,0.6666666666666666,93,-2.2535212337970734e-05
msmarco-passage-trec-dl-2019,527433,2.0,blocker-per-cost,128,192.0,192.0,64,64,0.6666666666666666,6,-3.793090581893921e-05
msmarco-passage-trec-dl-2019,527433,2.0,blocker-per-cost,256,384.0,384.0,128,128,0.6666666666666666,12,-0.0005337465554475784
msmarco-passage-trec-dl-2019,527433,2.0,blocker-per-cost,512,768.0,768.0,256,256,0.6666666666666666,14,-0.0004068594425916672
msmarco-passage-trec-dl-2019,527433,2.0,blocker-per-cost,1024,1536.0,1536.0,384,768,0.5,19,-0.00026370957493782043
msmarco-passage-trec-dl-2019,527433,2.0,blocker-per-cost,2048,3072.0,3072.0,448,2176,0.2916666666666667,24,-0.00011507607996463776
msmarco-passage-trec-dl-2019,527433,2.0,blocker-per-cost,4096,6144.0,6144.0,1696,2752,0.5520833333333334,85,-0.00013861805200576782
msmarco-passage-trec-dl-2019,527433,2.0,blocker-per-cost,8192,12288.0,12288.0,4768,2752,0.7760416666666666,93,-3.203190863132477e-05
msmarco-passage-trec-dl-2019,527433,2.0,blocker-per-cost,10000,15000.0,15000.0,5000,5000,0.6666666666666666,93,-2.2535212337970734e-05
msmarco-passage-trec-dl-2019,527433,2.0,pressure-per-cost,128,192.0,192.0,64,64,0.6666666666666666,6,-3.793090581893921e-05
msmarco-passage-trec-dl-2019,527433,2.0,pressure-per-cost,256,384.0,384.0,128,128,0.6666666666666666,12,-0.0005337465554475784
msmarco-passage-trec-dl-2019,527433,2.0,pressure-per-cost,512,768.0,768.0,224,320,0.5833333333333334,15,-0.001244824379682541
msmarco-passage-trec-dl-2019,527433,2.0,pressure-per-cost,1024,1536.0,1536.0,384,768,0.5,19,-0.00026370957493782043
msmarco-passage-trec-dl-2019,527433,2.0,pressure-per-cost,2048,3072.0,3072.0,448,2176,0.2916666666666667,24,-0.00011507607996463776
msmarco-passage-trec-dl-2019,527433,2.0,pressure-per-cost,4096,6144.0,6144.0,1696,2752,0.5520833333333334,85,-0.00013861805200576782
msmarco-passage-trec-dl-2019,527433,2.0,pressure-per-cost,8192,12288.0,12288.0,4768,2752,0.7760416666666666,93,-3.203190863132477e-05
msmarco-passage-trec-dl-2019,527433,2.0,pressure-per-cost,10000,15000.0,15000.0,5000,5000,0.6666666666666666,93,-2.2535212337970734e-05
msmarco-passage-trec-dl-2019,527433,2.0,candidate-per-cost,128,192.0,192.0,64,64,0.6666666666666666,6,-3.793090581893921e-05
msmarco-passage-trec-dl-2019,527433,2.0,candidate-per-cost,256,384.0,384.0,128,128,0.6666666666666666,12,-0.0005337465554475784
msmarco-passage-trec-dl-2019,527433,2.0,candidate-per-cost,512,768.0,768.0,256,256,0.6666666666666666,14,-0.0004068594425916672
msmarco-passage-trec-dl-2019,527433,2.0,candidate-per-cost,1024,1536.0,1536.0,384,768,0.5,19,-0.00026370957493782043
msmarco-passage-trec-dl-2019,527433,2.0,candidate-per-cost,2048,3072.0,3072.0,448,2176,0.2916666666666667,24,-0.00011507607996463776
msmarco-passage-trec-dl-2019,527433,2.0,candidate-per-cost,4096,6144.0,6144.0,1696,2752,0.5520833333333334,85,-0.00013861805200576782
msmarco-passage-trec-dl-2019,527433,2.0,candidate-per-cost,8192,12288.0,12288.0,4768,2752,0.7760416666666666,93,-3.203190863132477e-05
msmarco-passage-trec-dl-2019,527433,2.0,candidate-per-cost,10000,15000.0,15000.0,5000,5000,0.6666666666666666,93,-2.2535212337970734e-05
msmarco-passage-trec-dl-2019,1037798,0.5,cost-balanced,128,96.0,96.0,64,64,0.3333333333333333,9,-0.0008719917386770248
msmarco-passage-trec-dl-2019,1037798,0.5,cost-balanced,256,192.0,192.0,192,96,0.5,10,-0.0009217690676450729
msmarco-passage-trec-dl-2019,1037798,0.5,cost-balanced,512,384.0,384.0,384,192,0.5,11,-0.0005407985299825668
msmarco-passage-trec-dl-2019,1037798,0.5,cost-balanced,1024,768.0,768.0,768,384,0.5,12,-0.001763850450515747
msmarco-passage-trec-dl-2019,1037798,0.5,cost-balanced,2048,1536.0,1536.0,1536,768,0.5,12,-0.0007193274796009064
msmarco-passage-trec-dl-2019,1037798,0.5,cost-balanced,4096,3072.0,3072.0,3072,1536,0.5,12,-0.0001381654292345047
msmarco-passage-trec-dl-2019,1037798,0.5,cost-balanced,8192,6144.0,6144.0,5000,3644,0.4069010416666667,13,-0.0001727202907204628
msmarco-passage-trec-dl-2019,1037798,0.5,cost-balanced,10000,7500.0,7500.0,5000,5000,0.3333333333333333,13,-0.00010037049651145935
msmarco-passage-trec-dl-2019,1037798,0.5,upper-per-cost,128,96.0,96.0,64,64,0.3333333333333333,9,-0.0008719917386770248
msmarco-passage-trec-dl-2019,1037798,0.5,upper-per-cost,256,192.0,192.0,128,128,0.3333333333333333,10,-0.002685343846678734
msmarco-passage-trec-dl-2019,1037798,0.5,upper-per-cost,512,384.0,384.0,320,224,0.4166666666666667,11,-9.367242455482483e-05
msmarco-passage-trec-dl-2019,1037798,0.5,upper-per-cost,1024,768.0,768.0,640,448,0.4166666666666667,12,-0.0014801025390625
msmarco-passage-trec-dl-2019,1037798,0.5,upper-per-cost,2048,1536.0,1536.0,1280,896,0.4166666666666667,12,-0.0005576238036155701
msmarco-passage-trec-dl-2019,1037798,0.5,upper-per-cost,4096,3072.0,3072.0,2560,1792,0.4166666666666667,12,-5.155615508556366e-05
msmarco-passage-trec-dl-2019,1037798,0.5,upper-per-cost,8192,6144.0,6144.0,4992,3648,0.40625,13,-0.00017242971807718277
msmarco-passage-trec-dl-2019,1037798,0.5,upper-per-cost,10000,7500.0,7500.0,5000,5000,0.3333333333333333,13,-0.00010037049651145935
msmarco-passage-trec-dl-2019,1037798,0.5,blocker-per-cost,128,96.0,96.0,64,64,0.3333333333333333,9,-0.0008719917386770248
msmarco-passage-trec-dl-2019,1037798,0.5,blocker-per-cost,256,192.0,192.0,128,128,0.3333333333333333,10,-0.002685343846678734
msmarco-passage-trec-dl-2019,1037798,0.5,blocker-per-cost,512,384.0,384.0,256,256,0.3333333333333333,12,-0.0026761554181575775
msmarco-passage-trec-dl-2019,1037798,0.5,blocker-per-cost,1024,768.0,768.0,448,544,0.2916666666666667,12,-0.0011672284454107285
msmarco-passage-trec-dl-2019,1037798,0.5,blocker-per-cost,2048,1536.0,1536.0,768,1152,0.25,12,-0.0003366805613040924
msmarco-passage-trec-dl-2019,1037798,0.5,blocker-per-cost,4096,3072.0,3072.0,1152,2496,0.1875,13,-0.0002939784899353981
msmarco-passage-trec-dl-2019,1037798,0.5,blocker-per-cost,8192,6144.0,6144.0,2288,5000,0.18619791666666666,13,-0.00010037049651145935
msmarco-passage-trec-dl-2019,1037798,0.5,blocker-per-cost,10000,7500.0,7500.0,5000,5000,0.3333333333333333,13,-0.00010037049651145935
msmarco-passage-trec-dl-2019,1037798,0.5,pressure-per-cost,128,96.0,96.0,64,64,0.3333333333333333,9,-0.0008719917386770248
msmarco-passage-trec-dl-2019,1037798,0.5,pressure-per-cost,256,192.0,192.0,128,128,0.3333333333333333,10,-0.002685343846678734
msmarco-passage-trec-dl-2019,1037798,0.5,pressure-per-cost,512,384.0,384.0,256,256,0.3333333333333333,12,-0.0026761554181575775
msmarco-passage-trec-dl-2019,1037798,0.5,pressure-per-cost,1024,768.0,768.0,512,512,0.3333333333333333,12,-0.001259850338101387
msmarco-passage-trec-dl-2019,1037798,0.5,pressure-per-cost,2048,1536.0,1536.0,1024,1024,0.3333333333333333,12,-0.00043410807847976685
msmarco-passage-trec-dl-2019,1037798,0.5,pressure-per-cost,4096,3072.0,3072.0,1792,2176,0.2916666666666667,13,-0.00034996960312128067
msmarco-passage-trec-dl-2019,1037798,0.5,pressure-per-cost,8192,6144.0,6144.0,2288,5000,0.18619791666666666,13,-0.00010037049651145935
msmarco-passage-trec-dl-2019,1037798,0.5,pressure-per-cost,10000,7500.0,7500.0,5000,5000,0.3333333333333333,13,-0.00010037049651145935
msmarco-passage-trec-dl-2019,1037798,0.5,candidate-per-cost,128,96.0,96.0,64,64,0.3333333333333333,9,-0.0008719917386770248
msmarco-passage-trec-dl-2019,1037798,0.5,candidate-per-cost,256,192.0,192.0,128,128,0.3333333333333333,10,-0.002685343846678734
msmarco-passage-trec-dl-2019,1037798,0.5,candidate-per-cost,512,384.0,384.0,192,288,0.25,12,-0.00302061066031456
msmarco-passage-trec-dl-2019,1037798,0.5,candidate-per-cost,1024,768.0,768.0,192,672,0.125,12,-0.00302061066031456
msmarco-passage-trec-dl-2019,1037798,0.5,candidate-per-cost,2048,1536.0,1536.0,192,1440,0.0625,12,-0.00302061066031456
msmarco-passage-trec-dl-2019,1037798,0.5,candidate-per-cost,4096,3072.0,3072.0,192,2976,0.03125,12,-0.00302061066031456
msmarco-passage-trec-dl-2019,1037798,0.5,candidate-per-cost,8192,6144.0,6144.0,2288,5000,0.18619791666666666,13,-0.00010037049651145935
msmarco-passage-trec-dl-2019,1037798,0.5,candidate-per-cost,10000,7500.0,7500.0,5000,5000,0.3333333333333333,13,-0.00010037049651145935
msmarco-passage-trec-dl-2019,1037798,2.0,cost-balanced,128,192.0,192.0,64,64,0.6666666666666666,9,-0.0008719917386770248
msmarco-passage-trec-dl-2019,1037798,2.0,cost-balanced,256,384.0,384.0,128,128,0.6666666666666666,10,-0.002685343846678734
msmarco-passage-trec-dl-2019,1037798,2.0,cost-balanced,512,768.0,768.0,192,384,0.5,12,-0.00302061066031456
msmarco-passage-trec-dl-2019,1037798,2.0,cost-balanced,1024,1536.0,1536.0,384,768,0.5,12,-0.0013046078383922577
msmarco-passage-trec-dl-2019,1037798,2.0,cost-balanced,2048,3072.0,3072.0,768,1536,0.5,12,-0.000260084867477417
msmarco-passage-trec-dl-2019,1037798,2.0,cost-balanced,4096,6144.0,6144.0,1536,3072,0.5,13,-0.00022202637046575546
msmarco-passage-trec-dl-2019,1037798,2.0,cost-balanced,8192,12288.0,12288.0,3644,5000,0.5930989583333334,13,-0.00010037049651145935
msmarco-passage-trec-dl-2019,1037798,2.0,cost-balanced,10000,15000.0,15000.0,5000,5000,0.6666666666666666,13,-0.00010037049651145935
msmarco-passage-trec-dl-2019,1037798,2.0,upper-per-cost,128,192.0,192.0,64,64,0.6666666666666666,9,-0.0008719917386770248
msmarco-passage-trec-dl-2019,1037798,2.0,upper-per-cost,256,384.0,384.0,128,128,0.6666666666666666,10,-0.002685343846678734
msmarco-passage-trec-dl-2019,1037798,2.0,upper-per-cost,512,768.0,768.0,224,320,0.5833333333333334,12,-0.0025734826922416687
msmarco-passage-trec-dl-2019,1037798,2.0,upper-per-cost,1024,1536.0,1536.0,448,640,0.5833333333333334,12,-0.0010208599269390106
msmarco-passage-trec-dl-2019,1037798,2.0,upper-per-cost,2048,3072.0,3072.0,896,1280,0.5833333333333334,12,-0.0002578664571046829
msmarco-passage-trec-dl-2019,1037798,2.0,upper-per-cost,4096,6144.0,6144.0,1792,2560,0.5833333333333334,13,-0.00028442125767469406
msmarco-passage-trec-dl-2019,1037798,2.0,upper-per-cost,8192,12288.0,12288.0,3648,4992,0.59375,13,-0.00010068342089653015
msmarco-passage-trec-dl-2019,1037798,2.0,upper-per-cost,10000,15000.0,15000.0,5000,5000,0.6666666666666666,13,-0.00010037049651145935
msmarco-passage-trec-dl-2019,1037798,2.0,blocker-per-cost,128,192.0,192.0,64,64,0.6666666666666666,9,-0.0008719917386770248
msmarco-passage-trec-dl-2019,1037798,2.0,blocker-per-cost,256,384.0,384.0,128,128,0.6666666666666666,10,-0.002685343846678734
msmarco-passage-trec-dl-2019,1037798,2.0,blocker-per-cost,512,768.0,768.0,256,256,0.6666666666666666,12,-0.0026761554181575775
msmarco-passage-trec-dl-2019,1037798,2.0,blocker-per-cost,1024,1536.0,1536.0,448,640,0.5833333333333334,12,-0.0010208599269390106
msmarco-passage-trec-dl-2019,1037798,2.0,blocker-per-cost,2048,3072.0,3072.0,832,1408,0.5416666666666666,12,-0.00019279681146144867
msmarco-passage-trec-dl-2019,1037798,2.0,blocker-per-cost,4096,6144.0,6144.0,1344,3456,0.4375,13,-0.00018715579062700272
msmarco-passage-trec-dl-2019,1037798,2.0,blocker-per-cost,8192,12288.0,12288.0,3644,5000,0.5930989583333334,13,-0.00010037049651145935
msmarco-passage-trec-dl-2019,1037798,2.0,blocker-per-cost,10000,15000.0,15000.0,5000,5000,0.6666666666666666,13,-0.00010037049651145935
msmarco-passage-trec-dl-2019,1037798,2.0,pressure-per-cost,128,192.0,192.0,64,64,0.6666666666666666,9,-0.0008719917386770248
msmarco-passage-trec-dl-2019,1037798,2.0,pressure-per-cost,256,384.0,384.0,128,128,0.6666666666666666,10,-0.002685343846678734
msmarco-passage-trec-dl-2019,1037798,2.0,pressure-per-cost,512,768.0,768.0,256,256,0.6666666666666666,12,-0.0026761554181575775
msmarco-passage-trec-dl-2019,1037798,2.0,pressure-per-cost,1024,1536.0,1536.0,448,640,0.5833333333333334,12,-0.0010208599269390106
msmarco-passage-trec-dl-2019,1037798,2.0,pressure-per-cost,2048,3072.0,3072.0,864,1344,0.5625,12,-0.00022384896874427795
msmarco-passage-trec-dl-2019,1037798,2.0,pressure-per-cost,4096,6144.0,6144.0,1568,3008,0.5104166666666666,13,-0.00022868718951940536
msmarco-passage-trec-dl-2019,1037798,2.0,pressure-per-cost,8192,12288.0,12288.0,3644,5000,0.5930989583333334,13,-0.00010037049651145935
msmarco-passage-trec-dl-2019,1037798,2.0,pressure-per-cost,10000,15000.0,15000.0,5000,5000,0.6666666666666666,13,-0.00010037049651145935
msmarco-passage-trec-dl-2019,1037798,2.0,candidate-per-cost,128,192.0,192.0,64,64,0.6666666666666666,9,-0.0008719917386770248
msmarco-passage-trec-dl-2019,1037798,2.0,candidate-per-cost,256,384.0,384.0,128,128,0.6666666666666666,10,-0.002685343846678734
msmarco-passage-trec-dl-2019,1037798,2.0,candidate-per-cost,512,768.0,768.0,192,384,0.5,12,-0.00302061066031456
msmarco-passage-trec-dl-2019,1037798,2.0,candidate-per-cost,1024,1536.0,1536.0,192,1152,0.25,12,-0.00302061066031456
msmarco-passage-trec-dl-2019,1037798,2.0,candidate-per-cost,2048,3072.0,3072.0,192,2688,0.125,12,-0.00302061066031456
msmarco-passage-trec-dl-2019,1037798,2.0,candidate-per-cost,4096,6144.0,6144.0,572,5000,0.18619791666666666,12,-0.000634634867310524
msmarco-passage-trec-dl-2019,1037798,2.0,candidate-per-cost,8192,12288.0,12288.0,3644,5000,0.5930989583333334,13,-0.00010037049651145935
msmarco-passage-trec-dl-2019,1037798,2.0,candidate-per-cost,10000,15000.0,15000.0,5000,5000,0.6666666666666666,13,-0.00010037049651145935
msmarco-passage-trec-dl-2019,915593,0.5,cost-balanced,128,96.0,96.0,64,64,0.3333333333333333,9,-3.302283585071564e-05
msmarco-passage-trec-dl-2019,915593,0.5,cost-balanced,256,192.0,192.0,192,96,0.5,16,-0.00020650774240493774
msmarco-passage-trec-dl-2019,915593,0.5,cost-balanced,512,384.0,384.0,384,192,0.5,40,-6.256066262722015e-05
msmarco-passage-trec-dl-2019,915593,0.5,cost-balanced,1024,768.0,768.0,768,384,0.5,100,-inf
msmarco-passage-trec-dl-2019,915593,0.5,cost-balanced,2048,1536.0,1536.0,1536,768,0.5,100,-inf
msmarco-passage-trec-dl-2019,915593,0.5,cost-balanced,4096,3072.0,3072.0,3072,1536,0.5,100,-inf
msmarco-passage-trec-dl-2019,915593,0.5,cost-balanced,8192,6144.0,6144.0,5000,3644,0.4069010416666667,100,-inf
msmarco-passage-trec-dl-2019,915593,0.5,cost-balanced,10000,7500.0,7500.0,5000,5000,0.3333333333333333,100,-inf
msmarco-passage-trec-dl-2019,915593,0.5,upper-per-cost,128,96.0,96.0,64,64,0.3333333333333333,9,-3.302283585071564e-05
msmarco-passage-trec-dl-2019,915593,0.5,upper-per-cost,256,192.0,192.0,128,128,0.3333333333333333,22,-0.0008886363357305527
msmarco-passage-trec-dl-2019,915593,0.5,upper-per-cost,512,384.0,384.0,320,224,0.4166666666666667,65,-6.839074194431305e-05
msmarco-passage-trec-dl-2019,915593,0.5,upper-per-cost,1024,768.0,768.0,640,448,0.4166666666666667,100,-inf
msmarco-passage-trec-dl-2019,915593,0.5,upper-per-cost,2048,1536.0,1536.0,1280,896,0.4166666666666667,100,-inf
msmarco-passage-trec-dl-2019,915593,0.5,upper-per-cost,4096,3072.0,3072.0,2560,1792,0.4166666666666667,100,-inf
msmarco-passage-trec-dl-2019,915593,0.5,upper-per-cost,8192,6144.0,6144.0,4992,3648,0.40625,100,-inf
msmarco-passage-trec-dl-2019,915593,0.5,upper-per-cost,10000,7500.0,7500.0,5000,5000,0.3333333333333333,100,-inf
msmarco-passage-trec-dl-2019,915593,0.5,blocker-per-cost,128,96.0,96.0,64,64,0.3333333333333333,9,-3.302283585071564e-05
msmarco-passage-trec-dl-2019,915593,0.5,blocker-per-cost,256,192.0,192.0,128,128,0.3333333333333333,22,-0.0008886363357305527
msmarco-passage-trec-dl-2019,915593,0.5,blocker-per-cost,512,384.0,384.0,256,256,0.3333333333333333,46,-6.0345977544784546e-05
msmarco-passage-trec-dl-2019,915593,0.5,blocker-per-cost,1024,768.0,768.0,640,448,0.4166666666666667,100,-inf
msmarco-passage-trec-dl-2019,915593,0.5,blocker-per-cost,2048,1536.0,1536.0,1280,896,0.4166666666666667,100,-inf
msmarco-passage-trec-dl-2019,915593,0.5,blocker-per-cost,4096,3072.0,3072.0,2560,1792,0.4166666666666667,100,-inf
msmarco-passage-trec-dl-2019,915593,0.5,blocker-per-cost,8192,6144.0,6144.0,4992,3648,0.40625,100,-inf
msmarco-passage-trec-dl-2019,915593,0.5,blocker-per-cost,10000,7500.0,7500.0,5000,5000,0.3333333333333333,100,-inf
msmarco-passage-trec-dl-2019,915593,0.5,pressure-per-cost,128,96.0,96.0,64,64,0.3333333333333333,9,-3.302283585071564e-05
msmarco-passage-trec-dl-2019,915593,0.5,pressure-per-cost,256,192.0,192.0,128,128,0.3333333333333333,22,-0.0008886363357305527
msmarco-passage-trec-dl-2019,915593,0.5,pressure-per-cost,512,384.0,384.0,256,256,0.3333333333333333,46,-6.0345977544784546e-05
msmarco-passage-trec-dl-2019,915593,0.5,pressure-per-cost,1024,768.0,768.0,576,480,0.375,100,-inf
msmarco-passage-trec-dl-2019,915593,0.5,pressure-per-cost,2048,1536.0,1536.0,1216,928,0.3958333333333333,100,-inf
msmarco-passage-trec-dl-2019,915593,0.5,pressure-per-cost,4096,3072.0,3072.0,2368,1888,0.3854166666666667,100,-inf
msmarco-passage-trec-dl-2019,915593,0.5,pressure-per-cost,8192,6144.0,6144.0,4736,3776,0.3854166666666667,100,-inf
msmarco-passage-trec-dl-2019,915593,0.5,pressure-per-cost,10000,7500.0,7500.0,5000,5000,0.3333333333333333,100,-inf
msmarco-passage-trec-dl-2019,915593,0.5,candidate-per-cost,128,96.0,96.0,64,64,0.3333333333333333,9,-3.302283585071564e-05
msmarco-passage-trec-dl-2019,915593,0.5,candidate-per-cost,256,192.0,192.0,128,128,0.3333333333333333,22,-0.0008886363357305527
msmarco-passage-trec-dl-2019,915593,0.5,candidate-per-cost,512,384.0,384.0,256,256,0.3333333333333333,46,-6.0345977544784546e-05
msmarco-passage-trec-dl-2019,915593,0.5,candidate-per-cost,1024,768.0,768.0,640,448,0.4166666666666667,100,-inf
msmarco-passage-trec-dl-2019,915593,0.5,candidate-per-cost,2048,1536.0,1536.0,1280,896,0.4166666666666667,100,-inf
msmarco-passage-trec-dl-2019,915593,0.5,candidate-per-cost,4096,3072.0,3072.0,2560,1792,0.4166666666666667,100,-inf
msmarco-passage-trec-dl-2019,915593,0.5,candidate-per-cost,8192,6144.0,6144.0,4992,3648,0.40625,100,-inf
msmarco-passage-trec-dl-2019,915593,0.5,candidate-per-cost,10000,7500.0,7500.0,5000,5000,0.3333333333333333,100,-inf
msmarco-passage-trec-dl-2019,915593,2.0,cost-balanced,128,192.0,192.0,64,64,0.6666666666666666,9,-3.302283585071564e-05
msmarco-passage-trec-dl-2019,915593,2.0,cost-balanced,256,384.0,384.0,128,128,0.6666666666666666,22,-0.0008886363357305527
msmarco-passage-trec-dl-2019,915593,2.0,cost-balanced,512,768.0,768.0,192,384,0.5,32,-1.1976808309555054e-06
msmarco-passage-trec-dl-2019,915593,2.0,cost-balanced,1024,1536.0,1536.0,384,768,0.5,70,-4.7829002141952515e-05
msmarco-passage-trec-dl-2019,915593,2.0,cost-balanced,2048,3072.0,3072.0,768,1536,0.5,100,-inf
msmarco-passage-trec-dl-2019,915593,2.0,cost-balanced,4096,6144.0,6144.0,1536,3072,0.5,100,-inf
msmarco-passage-trec-dl-2019,915593,2.0,cost-balanced,8192,12288.0,12288.0,3644,5000,0.5930989583333334,100,-inf
msmarco-passage-trec-dl-2019,915593,2.0,cost-balanced,10000,15000.0,15000.0,5000,5000,0.6666666666666666,100,-inf
msmarco-passage-trec-dl-2019,915593,2.0,upper-per-cost,128,192.0,192.0,64,64,0.6666666666666666,9,-3.302283585071564e-05
msmarco-passage-trec-dl-2019,915593,2.0,upper-per-cost,256,384.0,384.0,128,128,0.6666666666666666,22,-0.0008886363357305527
msmarco-passage-trec-dl-2019,915593,2.0,upper-per-cost,512,768.0,768.0,224,320,0.5833333333333334,37,-4.2090192437171936e-05
msmarco-passage-trec-dl-2019,915593,2.0,upper-per-cost,1024,1536.0,1536.0,448,640,0.5833333333333334,100,-inf
msmarco-passage-trec-dl-2019,915593,2.0,upper-per-cost,2048,3072.0,3072.0,896,1280,0.5833333333333334,100,-inf
msmarco-passage-trec-dl-2019,915593,2.0,upper-per-cost,4096,6144.0,6144.0,1792,2560,0.5833333333333334,100,-inf
msmarco-passage-trec-dl-2019,915593,2.0,upper-per-cost,8192,12288.0,12288.0,3648,4992,0.59375,100,-inf
msmarco-passage-trec-dl-2019,915593,2.0,upper-per-cost,10000,15000.0,15000.0,5000,5000,0.6666666666666666,100,-inf
msmarco-passage-trec-dl-2019,915593,2.0,blocker-per-cost,128,192.0,192.0,64,64,0.6666666666666666,9,-3.302283585071564e-05
msmarco-passage-trec-dl-2019,915593,2.0,blocker-per-cost,256,384.0,384.0,128,128,0.6666666666666666,22,-0.0008886363357305527
msmarco-passage-trec-dl-2019,915593,2.0,blocker-per-cost,512,768.0,768.0,256,256,0.6666666666666666,46,-6.0345977544784546e-05
msmarco-passage-trec-dl-2019,915593,2.0,blocker-per-cost,1024,1536.0,1536.0,448,640,0.5833333333333334,100,-inf
msmarco-passage-trec-dl-2019,915593,2.0,blocker-per-cost,2048,3072.0,3072.0,896,1280,0.5833333333333334,100,-inf
msmarco-passage-trec-dl-2019,915593,2.0,blocker-per-cost,4096,6144.0,6144.0,1792,2560,0.5833333333333334,100,-inf
msmarco-passage-trec-dl-2019,915593,2.0,blocker-per-cost,8192,12288.0,12288.0,3648,4992,0.59375,100,-inf
msmarco-passage-trec-dl-2019,915593,2.0,blocker-per-cost,10000,15000.0,15000.0,5000,5000,0.6666666666666666,100,-inf
msmarco-passage-trec-dl-2019,915593,2.0,pressure-per-cost,128,192.0,192.0,64,64,0.6666666666666666,9,-3.302283585071564e-05
msmarco-passage-trec-dl-2019,915593,2.0,pressure-per-cost,256,384.0,384.0,128,128,0.6666666666666666,22,-0.0008886363357305527
msmarco-passage-trec-dl-2019,915593,2.0,pressure-per-cost,512,768.0,768.0,256,256,0.6666666666666666,46,-6.0345977544784546e-05
msmarco-passage-trec-dl-2019,915593,2.0,pressure-per-cost,1024,1536.0,1536.0,480,576,0.625,100,-inf
msmarco-passage-trec-dl-2019,915593,2.0,pressure-per-cost,2048,3072.0,3072.0,928,1216,0.6041666666666666,100,-inf
msmarco-passage-trec-dl-2019,915593,2.0,pressure-per-cost,4096,6144.0,6144.0,1888,2368,0.6145833333333334,100,-inf
msmarco-passage-trec-dl-2019,915593,2.0,pressure-per-cost,8192,12288.0,12288.0,3776,4736,0.6145833333333334,100,-inf
msmarco-passage-trec-dl-2019,915593,2.0,pressure-per-cost,10000,15000.0,15000.0,5000,5000,0.6666666666666666,100,-inf
msmarco-passage-trec-dl-2019,915593,2.0,candidate-per-cost,128,192.0,192.0,64,64,0.6666666666666666,9,-3.302283585071564e-05
msmarco-passage-trec-dl-2019,915593,2.0,candidate-per-cost,256,384.0,384.0,128,128,0.6666666666666666,22,-0.0008886363357305527
msmarco-passage-trec-dl-2019,915593,2.0,candidate-per-cost,512,768.0,768.0,256,256,0.6666666666666666,46,-6.0345977544784546e-05
msmarco-passage-trec-dl-2019,915593,2.0,candidate-per-cost,1024,1536.0,1536.0,448,640,0.5833333333333334,100,-inf
msmarco-passage-trec-dl-2019,915593,2.0,candidate-per-cost,2048,3072.0,3072.0,896,1280,0.5833333333333334,100,-inf
msmarco-passage-trec-dl-2019,915593,2.0,candidate-per-cost,4096,6144.0,6144.0,1792,2560,0.5833333333333334,100,-inf
msmarco-passage-trec-dl-2019,915593,2.0,candidate-per-cost,8192,12288.0,12288.0,3648,4992,0.59375,100,-inf
msmarco-passage-trec-dl-2019,915593,2.0,candidate-per-cost,10000,15000.0,15000.0,5000,5000,0.6666666666666666,100,-inf
msmarco-passage-trec-dl-2019,264014,0.5,cost-balanced,128,96.0,96.0,64,64,0.3333333333333333,9,-0.000871533527970314
msmarco-passage-trec-dl-2019,264014,0.5,cost-balanced,256,192.0,192.0,192,96,0.5,16,-5.0069764256477356e-05
msmarco-passage-trec-dl-2019,264014,0.5,cost-balanced,512,384.0,384.0,384,192,0.5,37,-0.00010039657354354858
msmarco-passage-trec-dl-2019,264014,0.5,cost-balanced,1024,768.0,768.0,768,384,0.5,60,-0.00020989961922168732
msmarco-passage-trec-dl-2019,264014,0.5,cost-balanced,2048,1536.0,1536.0,1536,768,0.5,66,-0.00032584648579359055
msmarco-passage-trec-dl-2019,264014,0.5,cost-balanced,4096,3072.0,3072.0,3072,1536,0.5,66,-1.8564052879810333e-05
msmarco-passage-trec-dl-2019,264014,0.5,cost-balanced,8192,6144.0,6144.0,5000,3644,0.4069010416666667,85,-0.00013730023056268692
msmarco-passage-trec-dl-2019,264014,0.5,cost-balanced,10000,7500.0,7500.0,5000,5000,0.3333333333333333,85,-0.00013730023056268692
msmarco-passage-trec-dl-2019,264014,0.5,upper-per-cost,128,96.0,96.0,64,64,0.3333333333333333,9,-0.000871533527970314
msmarco-passage-trec-dl-2019,264014,0.5,upper-per-cost,256,192.0,192.0,128,128,0.3333333333333333,21,-8.88090580701828e-05
msmarco-passage-trec-dl-2019,264014,0.5,upper-per-cost,512,384.0,384.0,320,224,0.4166666666666667,39,-0.0005971044301986694
msmarco-passage-trec-dl-2019,264014,0.5,upper-per-cost,1024,768.0,768.0,640,448,0.4166666666666667,59,-0.0002069557085633278
msmarco-passage-trec-dl-2019,264014,0.5,upper-per-cost,2048,1536.0,1536.0,1280,896,0.4166666666666667,65,-2.771615982055664e-06
msmarco-passage-trec-dl-2019,264014,0.5,upper-per-cost,4096,3072.0,3072.0,2560,1792,0.4166666666666667,66,-8.095894008874893e-05
msmarco-passage-trec-dl-2019,264014,0.5,upper-per-cost,8192,6144.0,6144.0,4992,3648,0.40625,85,-0.00013761315494775772
msmarco-passage-trec-dl-2019,264014,0.5,upper-per-cost,10000,7500.0,7500.0,5000,5000,0.3333333333333333,85,-0.00013730023056268692
msmarco-passage-trec-dl-2019,264014,0.5,blocker-per-cost,128,96.0,96.0,64,64,0.3333333333333333,9,-0.000871533527970314
msmarco-passage-trec-dl-2019,264014,0.5,blocker-per-cost,256,192.0,192.0,128,128,0.3333333333333333,21,-8.88090580701828e-05
msmarco-passage-trec-dl-2019,264014,0.5,blocker-per-cost,512,384.0,384.0,256,256,0.3333333333333333,40,-0.00024053454399108887
msmarco-passage-trec-dl-2019,264014,0.5,blocker-per-cost,1024,768.0,768.0,896,320,0.5833333333333334,63,-1.0094605386257172e-05
msmarco-passage-trec-dl-2019,264014,0.5,blocker-per-cost,2048,1536.0,1536.0,2304,384,0.75,66,-0.00012229196727275848
msmarco-passage-trec-dl-2019,264014,0.5,blocker-per-cost,4096,3072.0,3072.0,4864,640,0.7916666666666666,76,-0.0003623589873313904
msmarco-passage-trec-dl-2019,264014,0.5,blocker-per-cost,8192,6144.0,6144.0,5000,3644,0.4069010416666667,85,-0.00013730023056268692
msmarco-passage-trec-dl-2019,264014,0.5,blocker-per-cost,10000,7500.0,7500.0,5000,5000,0.3333333333333333,85,-0.00013730023056268692
msmarco-passage-trec-dl-2019,264014,0.5,pressure-per-cost,128,96.0,96.0,64,64,0.3333333333333333,9,-0.000871533527970314
msmarco-passage-trec-dl-2019,264014,0.5,pressure-per-cost,256,192.0,192.0,128,128,0.3333333333333333,21,-8.88090580701828e-05
msmarco-passage-trec-dl-2019,264014,0.5,pressure-per-cost,512,384.0,384.0,256,256,0.3333333333333333,40,-0.00024053454399108887
msmarco-passage-trec-dl-2019,264014,0.5,pressure-per-cost,1024,768.0,768.0,896,320,0.5833333333333334,63,-1.0094605386257172e-05
msmarco-passage-trec-dl-2019,264014,0.5,pressure-per-cost,2048,1536.0,1536.0,2176,448,0.7083333333333334,66,-0.00014650728553533554
msmarco-passage-trec-dl-2019,264014,0.5,pressure-per-cost,4096,3072.0,3072.0,4864,640,0.7916666666666666,76,-0.0003623589873313904
msmarco-passage-trec-dl-2019,264014,0.5,pressure-per-cost,8192,6144.0,6144.0,5000,3644,0.4069010416666667,85,-0.00013730023056268692
msmarco-passage-trec-dl-2019,264014,0.5,pressure-per-cost,10000,7500.0,7500.0,5000,5000,0.3333333333333333,85,-0.00013730023056268692
msmarco-passage-trec-dl-2019,264014,0.5,candidate-per-cost,128,96.0,96.0,64,64,0.3333333333333333,9,-0.000871533527970314
msmarco-passage-trec-dl-2019,264014,0.5,candidate-per-cost,256,192.0,192.0,128,128,0.3333333333333333,21,-8.88090580701828e-05
msmarco-passage-trec-dl-2019,264014,0.5,candidate-per-cost,512,384.0,384.0,256,256,0.3333333333333333,40,-0.00024053454399108887
msmarco-passage-trec-dl-2019,264014,0.5,candidate-per-cost,1024,768.0,768.0,896,320,0.5833333333333334,63,-1.0094605386257172e-05
msmarco-passage-trec-dl-2019,264014,0.5,candidate-per-cost,2048,1536.0,1536.0,2304,384,0.75,66,-0.00012229196727275848
msmarco-passage-trec-dl-2019,264014,0.5,candidate-per-cost,4096,3072.0,3072.0,4864,640,0.7916666666666666,76,-0.0003623589873313904
msmarco-passage-trec-dl-2019,264014,0.5,candidate-per-cost,8192,6144.0,6144.0,5000,3644,0.4069010416666667,85,-0.00013730023056268692
msmarco-passage-trec-dl-2019,264014,0.5,candidate-per-cost,10000,7500.0,7500.0,5000,5000,0.3333333333333333,85,-0.00013730023056268692
msmarco-passage-trec-dl-2019,264014,2.0,cost-balanced,128,192.0,192.0,64,64,0.6666666666666666,9,-0.000871533527970314
msmarco-passage-trec-dl-2019,264014,2.0,cost-balanced,256,384.0,384.0,128,128,0.6666666666666666,21,-8.88090580701828e-05
msmarco-passage-trec-dl-2019,264014,2.0,cost-balanced,512,768.0,768.0,192,384,0.5,31,-0.00022581592202186584
msmarco-passage-trec-dl-2019,264014,2.0,cost-balanced,1024,1536.0,1536.0,384,768,0.5,48,-0.00015514716506004333
msmarco-passage-trec-dl-2019,264014,2.0,cost-balanced,2048,3072.0,3072.0,768,1536,0.5,60,-0.00020989961922168732
msmarco-passage-trec-dl-2019,264014,2.0,cost-balanced,4096,6144.0,6144.0,1536,3072,0.5,66,-0.00032584648579359055
msmarco-passage-trec-dl-2019,264014,2.0,cost-balanced,8192,12288.0,12288.0,3644,5000,0.5930989583333334,68,-5.691405385732651e-05
msmarco-passage-trec-dl-2019,264014,2.0,cost-balanced,10000,15000.0,15000.0,5000,5000,0.6666666666666666,85,-0.00013730023056268692
msmarco-passage-trec-dl-2019,264014,2.0,upper-per-cost,128,192.0,192.0,64,64,0.6666666666666666,9,-0.000871533527970314
msmarco-passage-trec-dl-2019,264014,2.0,upper-per-cost,256,384.0,384.0,128,128,0.6666666666666666,21,-8.88090580701828e-05
msmarco-passage-trec-dl-2019,264014,2.0,upper-per-cost,512,768.0,768.0,224,320,0.5833333333333334,34,-9.720586240291595e-05
msmarco-passage-trec-dl-2019,264014,2.0,upper-per-cost,1024,1536.0,1536.0,448,640,0.5833333333333334,50,-0.00033177807927131653
msmarco-passage-trec-dl-2019,264014,2.0,upper-per-cost,2048,3072.0,3072.0,896,1280,0.5833333333333334,63,-1.0094605386257172e-05
msmarco-passage-trec-dl-2019,264014,2.0,upper-per-cost,4096,6144.0,6144.0,1792,2560,0.5833333333333334,66,-0.0002392362803220749
msmarco-passage-trec-dl-2019,264014,2.0,upper-per-cost,8192,12288.0,12288.0,3648,4992,0.59375,68,-5.662254989147186e-05
msmarco-passage-trec-dl-2019,264014,2.0,upper-per-cost,10000,15000.0,15000.0,5000,5000,0.6666666666666666,85,-0.00013730023056268692
msmarco-passage-trec-dl-2019,264014,2.0,blocker-per-cost,128,192.0,192.0,64,64,0.6666666666666666,9,-0.000871533527970314
msmarco-passage-trec-dl-2019,264014,2.0,blocker-per-cost,256,384.0,384.0,128,128,0.6666666666666666,21,-8.88090580701828e-05
msmarco-passage-trec-dl-2019,264014,2.0,blocker-per-cost,512,768.0,768.0,256,256,0.6666666666666666,40,-0.00024053454399108887
msmarco-passage-trec-dl-2019,264014,2.0,blocker-per-cost,1024,1536.0,1536.0,640,256,0.8333333333333334,59,-0.0002069557085633278
msmarco-passage-trec-dl-2019,264014,2.0,blocker-per-cost,2048,3072.0,3072.0,1376,320,0.8958333333333334,66,-0.00039693526923656464
msmarco-passage-trec-dl-2019,264014,2.0,blocker-per-cost,4096,6144.0,6144.0,2880,384,0.9375,66,-3.941543400287628e-05
msmarco-passage-trec-dl-2019,264014,2.0,blocker-per-cost,8192,12288.0,12288.0,5000,2288,0.8138020833333334,85,-0.00013730023056268692
msmarco-passage-trec-dl-2019,264014,2.0,blocker-per-cost,10000,15000.0,15000.0,5000,5000,0.6666666666666666,85,-0.00013730023056268692
msmarco-passage-trec-dl-2019,264014,2.0,pressure-per-cost,128,192.0,192.0,64,64,0.6666666666666666,9,-0.000871533527970314
msmarco-passage-trec-dl-2019,264014,2.0,pressure-per-cost,256,384.0,384.0,128,128,0.6666666666666666,21,-8.88090580701828e-05
msmarco-passage-trec-dl-2019,264014,2.0,pressure-per-cost,512,768.0,768.0,256,256,0.6666666666666666,40,-0.00024053454399108887
msmarco-passage-trec-dl-2019,264014,2.0,pressure-per-cost,1024,1536.0,1536.0,640,256,0.8333333333333334,59,-0.0002069557085633278
msmarco-passage-trec-dl-2019,264014,2.0,pressure-per-cost,2048,3072.0,3072.0,1344,384,0.875,66,-0.0004115300253033638
msmarco-passage-trec-dl-2019,264014,2.0,pressure-per-cost,4096,6144.0,6144.0,2848,448,0.9270833333333334,66,-4.315841943025589e-05
msmarco-passage-trec-dl-2019,264014,2.0,pressure-per-cost,8192,12288.0,12288.0,5000,2288,0.8138020833333334,85,-0.00013730023056268692
msmarco-passage-trec-dl-2019,264014,2.0,pressure-per-cost,10000,15000.0,15000.0,5000,5000,0.6666666666666666,85,-0.00013730023056268692
msmarco-passage-trec-dl-2019,264014,2.0,candidate-per-cost,128,192.0,192.0,64,64,0.6666666666666666,9,-0.000871533527970314
msmarco-passage-trec-dl-2019,264014,2.0,candidate-per-cost,256,384.0,384.0,128,128,0.6666666666666666,21,-8.88090580701828e-05
msmarco-passage-trec-dl-2019,264014,2.0,candidate-per-cost,512,768.0,768.0,256,256,0.6666666666666666,40,-0.00024053454399108887
msmarco-passage-trec-dl-2019,264014,2.0,candidate-per-cost,1024,1536.0,1536.0,640,256,0.8333333333333334,59,-0.0002069557085633278
msmarco-passage-trec-dl-2019,264014,2.0,candidate-per-cost,2048,3072.0,3072.0,1376,320,0.8958333333333334,66,-0.00039693526923656464
msmarco-passage-trec-dl-2019,264014,2.0,candidate-per-cost,4096,6144.0,6144.0,2880,384,0.9375,66,-3.941543400287628e-05
msmarco-passage-trec-dl-2019,264014,2.0,candidate-per-cost,8192,12288.0,12288.0,5000,2288,0.8138020833333334,85,-0.00013730023056268692
msmarco-passage-trec-dl-2019,264014,2.0,candidate-per-cost,10000,15000.0,15000.0,5000,5000,0.6666666666666666,85,-0.00013730023056268692
msmarco-passage-trec-dl-2019,1121402,0.5,cost-balanced,128,96.0,96.0,64,64,0.3333333333333333,22,-0.00021996162831783295
msmarco-passage-trec-dl-2019,1121402,0.5,cost-balanced,256,192.0,192.0,192,96,0.5,32,-0.0010063759982585907
msmarco-passage-trec-dl-2019,1121402,0.5,cost-balanced,512,384.0,384.0,384,192,0.5,34,-0.0007089991122484207
msmarco-passage-trec-dl-2019,1121402,0.5,cost-balanced,1024,768.0,768.0,768,384,0.5,36,-0.0007890369743108749
msmarco-passage-trec-dl-2019,1121402,0.5,cost-balanced,2048,1536.0,1536.0,1536,768,0.5,36,-0.00020787306129932404
msmarco-passage-trec-dl-2019,1121402,0.5,cost-balanced,4096,3072.0,3072.0,3072,1536,0.5,47,-0.00026950519531965256
msmarco-passage-trec-dl-2019,1121402,0.5,cost-balanced,8192,6144.0,6144.0,5000,3644,0.4069010416666667,51,-0.00024700630456209183
msmarco-passage-trec-dl-2019,1121402,0.5,cost-balanced,10000,7500.0,7500.0,5000,5000,0.3333333333333333,51,-0.00017465651035308838
msmarco-passage-trec-dl-2019,1121402,0.5,upper-per-cost,128,96.0,96.0,64,64,0.3333333333333333,22,-0.00021996162831783295
msmarco-passage-trec-dl-2019,1121402,0.5,upper-per-cost,256,192.0,192.0,128,128,0.3333333333333333,30,-0.0010519102215766907
msmarco-passage-trec-dl-2019,1121402,0.5,upper-per-cost,512,384.0,384.0,320,224,0.4166666666666667,34,-0.0010883249342441559
msmarco-passage-trec-dl-2019,1121402,0.5,upper-per-cost,1024,768.0,768.0,640,448,0.4166666666666667,35,-9.350478649139404e-05
msmarco-passage-trec-dl-2019,1121402,0.5,upper-per-cost,2048,1536.0,1536.0,1280,896,0.4166666666666667,36,-0.0003275759518146515
msmarco-passage-trec-dl-2019,1121402,0.5,upper-per-cost,4096,3072.0,3072.0,2560,1792,0.4166666666666667,47,-0.0001828949898481369
msmarco-passage-trec-dl-2019,1121402,0.5,upper-per-cost,8192,6144.0,6144.0,4992,3648,0.40625,51,-0.0002467148005962372
msmarco-passage-trec-dl-2019,1121402,0.5,upper-per-cost,10000,7500.0,7500.0,5000,5000,0.3333333333333333,51,-0.00017465651035308838
msmarco-passage-trec-dl-2019,1121402,0.5,blocker-per-cost,128,96.0,96.0,64,64,0.3333333333333333,22,-0.00021996162831783295
msmarco-passage-trec-dl-2019,1121402,0.5,blocker-per-cost,256,192.0,192.0,128,128,0.3333333333333333,30,-0.0010519102215766907
msmarco-passage-trec-dl-2019,1121402,0.5,blocker-per-cost,512,384.0,384.0,512,128,0.6666666666666666,34,-0.00020499899983406067
msmarco-passage-trec-dl-2019,1121402,0.5,blocker-per-cost,1024,768.0,768.0,1152,192,0.75,36,-0.000406390056014061
msmarco-passage-trec-dl-2019,1121402,0.5,blocker-per-cost,2048,1536.0,1536.0,1728,672,0.5625,42,-0.0011758049950003624
msmarco-passage-trec-dl-2019,1121402,0.5,blocker-per-cost,4096,3072.0,3072.0,2432,1856,0.3958333333333333,47,-0.00016906671226024628
msmarco-passage-trec-dl-2019,1121402,0.5,blocker-per-cost,8192,6144.0,6144.0,4608,3840,0.375,51,-0.00023343786597251892
msmarco-passage-trec-dl-2019,1121402,0.5,blocker-per-cost,10000,7500.0,7500.0,5000,5000,0.3333333333333333,51,-0.00017465651035308838
msmarco-passage-trec-dl-2019,1121402,0.5,pressure-per-cost,128,96.0,96.0,64,64,0.3333333333333333,22,-0.00021996162831783295
msmarco-passage-trec-dl-2019,1121402,0.5,pressure-per-cost,256,192.0,192.0,128,128,0.3333333333333333,30,-0.0010519102215766907
msmarco-passage-trec-dl-2019,1121402,0.5,pressure-per-cost,512,384.0,384.0,512,128,0.6666666666666666,34,-0.00020499899983406067
msmarco-passage-trec-dl-2019,1121402,0.5,pressure-per-cost,1024,768.0,768.0,1152,192,0.75,36,-0.000406390056014061
msmarco-passage-trec-dl-2019,1121402,0.5,pressure-per-cost,2048,1536.0,1536.0,1728,672,0.5625,42,-0.0011758049950003624
msmarco-passage-trec-dl-2019,1121402,0.5,pressure-per-cost,4096,3072.0,3072.0,2560,1792,0.4166666666666667,47,-0.0001828949898481369
msmarco-passage-trec-dl-2019,1121402,0.5,pressure-per-cost,8192,6144.0,6144.0,4608,3840,0.375,51,-0.00023343786597251892
msmarco-passage-trec-dl-2019,1121402,0.5,pressure-per-cost,10000,7500.0,7500.0,5000,5000,0.3333333333333333,51,-0.00017465651035308838
msmarco-passage-trec-dl-2019,1121402,0.5,candidate-per-cost,128,96.0,96.0,64,64,0.3333333333333333,22,-0.00021996162831783295
msmarco-passage-trec-dl-2019,1121402,0.5,candidate-per-cost,256,192.0,192.0,128,128,0.3333333333333333,30,-0.0010519102215766907
msmarco-passage-trec-dl-2019,1121402,0.5,candidate-per-cost,512,384.0,384.0,512,128,0.6666666666666666,34,-0.00020499899983406067
msmarco-passage-trec-dl-2019,1121402,0.5,candidate-per-cost,1024,768.0,768.0,1152,192,0.75,36,-0.000406390056014061
msmarco-passage-trec-dl-2019,1121402,0.5,candidate-per-cost,2048,1536.0,1536.0,1728,672,0.5625,42,-0.0011758049950003624
msmarco-passage-trec-dl-2019,1121402,0.5,candidate-per-cost,4096,3072.0,3072.0,2432,1856,0.3958333333333333,47,-0.00016906671226024628
msmarco-passage-trec-dl-2019,1121402,0.5,candidate-per-cost,8192,6144.0,6144.0,4608,3840,0.375,51,-0.00023343786597251892
msmarco-passage-trec-dl-2019,1121402,0.5,candidate-per-cost,10000,7500.0,7500.0,5000,5000,0.3333333333333333,51,-0.00017465651035308838
msmarco-passage-trec-dl-2019,1121402,2.0,cost-balanced,128,192.0,192.0,64,64,0.6666666666666666,22,-0.00021996162831783295
msmarco-passage-trec-dl-2019,1121402,2.0,cost-balanced,256,384.0,384.0,128,128,0.6666666666666666,30,-0.0010519102215766907
msmarco-passage-trec-dl-2019,1121402,2.0,cost-balanced,512,768.0,768.0,192,384,0.5,32,-0.0010063759982585907
msmarco-passage-trec-dl-2019,1121402,2.0,cost-balanced,1024,1536.0,1536.0,384,768,0.5,34,-0.0007089991122484207
msmarco-passage-trec-dl-2019,1121402,2.0,cost-balanced,2048,3072.0,3072.0,768,1536,0.5,36,-0.0007890369743108749
msmarco-passage-trec-dl-2019,1121402,2.0,cost-balanced,4096,6144.0,6144.0,1536,3072,0.5,36,-0.00020787306129932404
msmarco-passage-trec-dl-2019,1121402,2.0,cost-balanced,8192,12288.0,12288.0,3644,5000,0.5930989583333334,47,-3.7760473787784576e-05
msmarco-passage-trec-dl-2019,1121402,2.0,cost-balanced,10000,15000.0,15000.0,5000,5000,0.6666666666666666,51,-0.00017465651035308838
msmarco-passage-trec-dl-2019,1121402,2.0,upper-per-cost,128,192.0,192.0,64,64,0.6666666666666666,22,-0.00021996162831783295
msmarco-passage-trec-dl-2019,1121402,2.0,upper-per-cost,256,384.0,384.0,128,128,0.6666666666666666,30,-0.0010519102215766907
msmarco-passage-trec-dl-2019,1121402,2.0,upper-per-cost,512,768.0,768.0,224,320,0.5833333333333334,32,-0.0005592480301856995
msmarco-passage-trec-dl-2019,1121402,2.0,upper-per-cost,1024,1536.0,1536.0,448,640,0.5833333333333334,34,-0.0004252493381500244
msmarco-passage-trec-dl-2019,1121402,2.0,upper-per-cost,2048,3072.0,3072.0,896,1280,0.5833333333333334,36,-0.0006273314356803894
msmarco-passage-trec-dl-2019,1121402,2.0,upper-per-cost,4096,6144.0,6144.0,1792,2560,0.5833333333333334,47,-0.0003077387809753418
msmarco-passage-trec-dl-2019,1121402,2.0,upper-per-cost,8192,12288.0,12288.0,3648,4992,0.59375,47,-3.746896982192993e-05
msmarco-passage-trec-dl-2019,1121402,2.0,upper-per-cost,10000,15000.0,15000.0,5000,5000,0.6666666666666666,51,-0.00017465651035308838
msmarco-passage-trec-dl-2019,1121402,2.0,blocker-per-cost,128,192.0,192.0,64,64,0.6666666666666666,22,-0.00021996162831783295
msmarco-passage-trec-dl-2019,1121402,2.0,blocker-per-cost,256,384.0,384.0,128,128,0.6666666666666666,30,-0.0010519102215766907
msmarco-passage-trec-dl-2019,1121402,2.0,blocker-per-cost,512,768.0,768.0,320,128,0.8333333333333334,34,-0.0010883249342441559
msmarco-passage-trec-dl-2019,1121402,2.0,blocker-per-cost,1024,1536.0,1536.0,704,128,0.9166666666666666,36,-0.0008902084082365036
msmarco-passage-trec-dl-2019,1121402,2.0,blocker-per-cost,2048,3072.0,3072.0,1440,192,0.9375,36,-0.0002479739487171173
msmarco-passage-trec-dl-2019,1121402,2.0,blocker-per-cost,4096,6144.0,6144.0,2208,1728,0.71875,47,-0.00020869914442300797
msmarco-passage-trec-dl-2019,1121402,2.0,blocker-per-cost,8192,12288.0,12288.0,4640,3008,0.7552083333333334,51,-0.0003029732033610344
msmarco-passage-trec-dl-2019,1121402,2.0,blocker-per-cost,10000,15000.0,15000.0,5000,5000,0.6666666666666666,51,-0.00017465651035308838
msmarco-passage-trec-dl-2019,1121402,2.0,pressure-per-cost,128,192.0,192.0,64,64,0.6666666666666666,22,-0.00021996162831783295
msmarco-passage-trec-dl-2019,1121402,2.0,pressure-per-cost,256,384.0,384.0,128,128,0.6666666666666666,30,-0.0010519102215766907
msmarco-passage-trec-dl-2019,1121402,2.0,pressure-per-cost,512,768.0,768.0,320,128,0.8333333333333334,34,-0.0010883249342441559
msmarco-passage-trec-dl-2019,1121402,2.0,pressure-per-cost,1024,1536.0,1536.0,704,128,0.9166666666666666,36,-0.0008902084082365036
msmarco-passage-trec-dl-2019,1121402,2.0,pressure-per-cost,2048,3072.0,3072.0,1440,192,0.9375,36,-0.0002479739487171173
msmarco-passage-trec-dl-2019,1121402,2.0,pressure-per-cost,4096,6144.0,6144.0,1792,2560,0.5833333333333334,47,-0.0003077387809753418
msmarco-passage-trec-dl-2019,1121402,2.0,pressure-per-cost,8192,12288.0,12288.0,4608,3072,0.75,51,-0.0002963123843073845
msmarco-passage-trec-dl-2019,1121402,2.0,pressure-per-cost,10000,15000.0,15000.0,5000,5000,0.6666666666666666,51,-0.00017465651035308838
msmarco-passage-trec-dl-2019,1121402,2.0,candidate-per-cost,128,192.0,192.0,64,64,0.6666666666666666,22,-0.00021996162831783295
msmarco-passage-trec-dl-2019,1121402,2.0,candidate-per-cost,256,384.0,384.0,128,128,0.6666666666666666,30,-0.0010519102215766907
msmarco-passage-trec-dl-2019,1121402,2.0,candidate-per-cost,512,768.0,768.0,320,128,0.8333333333333334,34,-0.0010883249342441559
msmarco-passage-trec-dl-2019,1121402,2.0,candidate-per-cost,1024,1536.0,1536.0,704,128,0.9166666666666666,36,-0.0008902084082365036
msmarco-passage-trec-dl-2019,1121402,2.0,candidate-per-cost,2048,3072.0,3072.0,1440,192,0.9375,36,-0.0002479739487171173
msmarco-passage-trec-dl-2019,1121402,2.0,candidate-per-cost,4096,6144.0,6144.0,2208,1728,0.71875,47,-0.00020869914442300797
msmarco-passage-trec-dl-2019,1121402,2.0,candidate-per-cost,8192,12288.0,12288.0,4640,3008,0.7552083333333334,51,-0.0003029732033610344
msmarco-passage-trec-dl-2019,1121402,2.0,candidate-per-cost,10000,15000.0,15000.0,5000,5000,0.6666666666666666,51,-0.00017465651035308838
msmarco-passage-trec-dl-2019,962179,0.5,cost-balanced,128,96.0,96.0,64,64,0.3333333333333333,2,-0.00011626444756984711
msmarco-passage-trec-dl-2019,962179,0.5,cost-balanced,256,192.0,192.0,192,96,0.5,5,-0.0010180994868278503
msmarco-passage-trec-dl-2019,962179,0.5,cost-balanced,512,384.0,384.0,384,192,0.5,14,-5.9586018323898315e-05
msmarco-passage-trec-dl-2019,962179,0.5,cost-balanced,1024,768.0,768.0,768,384,0.5,25,-4.92781400680542e-05
msmarco-passage-trec-dl-2019,962179,0.5,cost-balanced,2048,1536.0,1536.0,1536,768,0.5,32,-3.5589560866355896e-05
msmarco-passage-trec-dl-2019,962179,0.5,cost-balanced,4096,3072.0,3072.0,3072,1536,0.5,39,-0.00016690045595169067
msmarco-passage-trec-dl-2019,962179,0.5,cost-balanced,8192,6144.0,6144.0,5000,3644,0.4069010416666667,39,-4.5243650674819946e-05
msmarco-passage-trec-dl-2019,962179,0.5,cost-balanced,10000,7500.0,7500.0,5000,5000,0.3333333333333333,39,-4.5243650674819946e-05
msmarco-passage-trec-dl-2019,962179,0.5,upper-per-cost,128,96.0,96.0,64,64,0.3333333333333333,2,-0.00011626444756984711
msmarco-passage-trec-dl-2019,962179,0.5,upper-per-cost,256,192.0,192.0,128,128,0.3333333333333333,7,-2.4752691388130188e-05
msmarco-passage-trec-dl-2019,962179,0.5,upper-per-cost,512,384.0,384.0,320,224,0.4166666666666667,15,-6.313808262348175e-05
msmarco-passage-trec-dl-2019,962179,0.5,upper-per-cost,1024,768.0,768.0,640,448,0.4166666666666667,18,-6.706826388835907e-05
msmarco-passage-trec-dl-2019,962179,0.5,upper-per-cost,2048,1536.0,1536.0,1280,896,0.4166666666666667,32,-0.00015529245138168335
msmarco-passage-trec-dl-2019,962179,0.5,upper-per-cost,4096,3072.0,3072.0,2560,1792,0.4166666666666667,39,-0.00022929534316062927
msmarco-passage-trec-dl-2019,962179,0.5,upper-per-cost,8192,6144.0,6144.0,4992,3648,0.40625,39,-4.555657505989075e-05
msmarco-passage-trec-dl-2019,962179,0.5,upper-per-cost,10000,7500.0,7500.0,5000,5000,0.3333333333333333,39,-4.5243650674819946e-05
msmarco-passage-trec-dl-2019,962179,0.5,blocker-per-cost,128,96.0,96.0,64,64,0.3333333333333333,2,-0.00011626444756984711
msmarco-passage-trec-dl-2019,962179,0.5,blocker-per-cost,256,192.0,192.0,128,128,0.3333333333333333,7,-2.4752691388130188e-05
msmarco-passage-trec-dl-2019,962179,0.5,blocker-per-cost,512,384.0,384.0,320,224,0.4166666666666667,15,-6.313808262348175e-05
msmarco-passage-trec-dl-2019,962179,0.5,blocker-per-cost,1024,768.0,768.0,768,384,0.5,25,-4.92781400680542e-05
msmarco-passage-trec-dl-2019,962179,0.5,blocker-per-cost,2048,1536.0,1536.0,2304,384,0.75,38,-2.3264437913894653e-05
msmarco-passage-trec-dl-2019,962179,0.5,blocker-per-cost,4096,3072.0,3072.0,5000,572,0.8138020833333334,39,-4.5243650674819946e-05
msmarco-passage-trec-dl-2019,962179,0.5,blocker-per-cost,8192,6144.0,6144.0,5000,3644,0.4069010416666667,39,-4.5243650674819946e-05
msmarco-passage-trec-dl-2019,962179,0.5,blocker-per-cost,10000,7500.0,7500.0,5000,5000,0.3333333333333333,39,-4.5243650674819946e-05
msmarco-passage-trec-dl-2019,962179,0.5,pressure-per-cost,128,96.0,96.0,64,64,0.3333333333333333,2,-0.00011626444756984711
msmarco-passage-trec-dl-2019,962179,0.5,pressure-per-cost,256,192.0,192.0,128,128,0.3333333333333333,7,-2.4752691388130188e-05
msmarco-passage-trec-dl-2019,962179,0.5,pressure-per-cost,512,384.0,384.0,320,224,0.4166666666666667,15,-6.313808262348175e-05
msmarco-passage-trec-dl-2019,962179,0.5,pressure-per-cost,1024,768.0,768.0,768,384,0.5,25,-4.92781400680542e-05
msmarco-passage-trec-dl-2019,962179,0.5,pressure-per-cost,2048,1536.0,1536.0,2304,384,0.75,38,-2.3264437913894653e-05
msmarco-passage-trec-dl-2019,962179,0.5,pressure-per-cost,4096,3072.0,3072.0,5000,572,0.8138020833333334,39,-4.5243650674819946e-05
msmarco-passage-trec-dl-2019,962179,0.5,pressure-per-cost,8192,6144.0,6144.0,5000,3644,0.4069010416666667,39,-4.5243650674819946e-05
msmarco-passage-trec-dl-2019,962179,0.5,pressure-per-cost,10000,7500.0,7500.0,5000,5000,0.3333333333333333,39,-4.5243650674819946e-05
msmarco-passage-trec-dl-2019,962179,0.5,candidate-per-cost,128,96.0,96.0,64,64,0.3333333333333333,2,-0.00011626444756984711
msmarco-passage-trec-dl-2019,962179,0.5,candidate-per-cost,256,192.0,192.0,128,128,0.3333333333333333,7,-2.4752691388130188e-05
msmarco-passage-trec-dl-2019,962179,0.5,candidate-per-cost,512,384.0,384.0,320,224,0.4166666666666667,15,-6.313808262348175e-05
msmarco-passage-trec-dl-2019,962179,0.5,candidate-per-cost,1024,768.0,768.0,768,384,0.5,25,-4.92781400680542e-05
msmarco-passage-trec-dl-2019,962179,0.5,candidate-per-cost,2048,1536.0,1536.0,2304,384,0.75,38,-2.3264437913894653e-05
msmarco-passage-trec-dl-2019,962179,0.5,candidate-per-cost,4096,3072.0,3072.0,5000,572,0.8138020833333334,39,-4.5243650674819946e-05
msmarco-passage-trec-dl-2019,962179,0.5,candidate-per-cost,8192,6144.0,6144.0,5000,3644,0.4069010416666667,39,-4.5243650674819946e-05
msmarco-passage-trec-dl-2019,962179,0.5,candidate-per-cost,10000,7500.0,7500.0,5000,5000,0.3333333333333333,39,-4.5243650674819946e-05
msmarco-passage-trec-dl-2019,962179,2.0,cost-balanced,128,192.0,192.0,64,64,0.6666666666666666,2,-0.00011626444756984711
msmarco-passage-trec-dl-2019,962179,2.0,cost-balanced,256,384.0,384.0,128,128,0.6666666666666666,7,-2.4752691388130188e-05
msmarco-passage-trec-dl-2019,962179,2.0,cost-balanced,512,768.0,768.0,192,384,0.5,10,-0.00034863874316215515
msmarco-passage-trec-dl-2019,962179,2.0,cost-balanced,1024,1536.0,1536.0,384,768,0.5,16,-4.949420690536499e-05
msmarco-passage-trec-dl-2019,962179,2.0,cost-balanced,2048,3072.0,3072.0,768,1536,0.5,25,-4.92781400680542e-05
msmarco-passage-trec-dl-2019,962179,2.0,cost-balanced,4096,6144.0,6144.0,1536,3072,0.5,32,-3.5589560866355896e-05
msmarco-passage-trec-dl-2019,962179,2.0,cost-balanced,8192,12288.0,12288.0,3644,5000,0.5930989583333334,39,-0.00011759437620639801
msmarco-passage-trec-dl-2019,962179,2.0,cost-balanced,10000,15000.0,15000.0,5000,5000,0.6666666666666666,39,-4.5243650674819946e-05
msmarco-passage-trec-dl-2019,962179,2.0,upper-per-cost,128,192.0,192.0,64,64,0.6666666666666666,2,-0.00011626444756984711
msmarco-passage-trec-dl-2019,962179,2.0,upper-per-cost,256,384.0,384.0,128,128,0.6666666666666666,7,-2.4752691388130188e-05
msmarco-passage-trec-dl-2019,962179,2.0,upper-per-cost,512,768.0,768.0,224,320,0.5833333333333334,11,-8.975528180599213e-05
msmarco-passage-trec-dl-2019,962179,2.0,upper-per-cost,1024,1536.0,1536.0,448,640,0.5833333333333334,17,-7.187202572822571e-05
msmarco-passage-trec-dl-2019,962179,2.0,upper-per-cost,2048,3072.0,3072.0,896,1280,0.5833333333333334,26,-3.8485974073410034e-05
msmarco-passage-trec-dl-2019,962179,2.0,upper-per-cost,4096,6144.0,6144.0,1792,2560,0.5833333333333334,36,-2.0096078515052795e-05
msmarco-passage-trec-dl-2019,962179,2.0,upper-per-cost,8192,12288.0,12288.0,3648,4992,0.59375,39,-0.00011730194091796875
msmarco-passage-trec-dl-2019,962179,2.0,upper-per-cost,10000,15000.0,15000.0,5000,5000,0.6666666666666666,39,-4.5243650674819946e-05
msmarco-passage-trec-dl-2019,962179,2.0,blocker-per-cost,128,192.0,192.0,64,64,0.6666666666666666,2,-0.00011626444756984711
msmarco-passage-trec-dl-2019,962179,2.0,blocker-per-cost,256,384.0,384.0,128,128,0.6666666666666666,7,-2.4752691388130188e-05
msmarco-passage-trec-dl-2019,962179,2.0,blocker-per-cost,512,768.0,768.0,288,192,0.75,14,-5.9586018323898315e-05
msmarco-passage-trec-dl-2019,962179,2.0,blocker-per-cost,1024,1536.0,1536.0,608,320,0.7916666666666666,18,-0.00013550370931625366
msmarco-passage-trec-dl-2019,962179,2.0,blocker-per-cost,2048,3072.0,3072.0,1344,384,0.875,32,-0.00012127496302127838
msmarco-passage-trec-dl-2019,962179,2.0,blocker-per-cost,4096,6144.0,6144.0,2880,384,0.9375,39,-0.000187750905752182
msmarco-passage-trec-dl-2019,962179,2.0,blocker-per-cost,8192,12288.0,12288.0,5000,2288,0.8138020833333334,39,-4.5243650674819946e-05
msmarco-passage-trec-dl-2019,962179,2.0,blocker-per-cost,10000,15000.0,15000.0,5000,5000,0.6666666666666666,39,-4.5243650674819946e-05
msmarco-passage-trec-dl-2019,962179,2.0,pressure-per-cost,128,192.0,192.0,64,64,0.6666666666666666,2,-0.00011626444756984711
msmarco-passage-trec-dl-2019,962179,2.0,pressure-per-cost,256,384.0,384.0,128,128,0.6666666666666666,7,-2.4752691388130188e-05
msmarco-passage-trec-dl-2019,962179,2.0,pressure-per-cost,512,768.0,768.0,256,256,0.6666666666666666,14,-0.0002975575625896454
msmarco-passage-trec-dl-2019,962179,2.0,pressure-per-cost,1024,1536.0,1536.0,608,320,0.7916666666666666,18,-0.00013550370931625366
msmarco-passage-trec-dl-2019,962179,2.0,pressure-per-cost,2048,3072.0,3072.0,1344,384,0.875,32,-0.00012127496302127838
msmarco-passage-trec-dl-2019,962179,2.0,pressure-per-cost,4096,6144.0,6144.0,2880,384,0.9375,39,-0.000187750905752182
msmarco-passage-trec-dl-2019,962179,2.0,pressure-per-cost,8192,12288.0,12288.0,5000,2288,0.8138020833333334,39,-4.5243650674819946e-05
msmarco-passage-trec-dl-2019,962179,2.0,pressure-per-cost,10000,15000.0,15000.0,5000,5000,0.6666666666666666,39,-4.5243650674819946e-05
msmarco-passage-trec-dl-2019,962179,2.0,candidate-per-cost,128,192.0,192.0,64,64,0.6666666666666666,2,-0.00011626444756984711
msmarco-passage-trec-dl-2019,962179,2.0,candidate-per-cost,256,384.0,384.0,128,128,0.6666666666666666,7,-2.4752691388130188e-05
msmarco-passage-trec-dl-2019,962179,2.0,candidate-per-cost,512,768.0,768.0,288,192,0.75,14,-5.9586018323898315e-05
msmarco-passage-trec-dl-2019,962179,2.0,candidate-per-cost,1024,1536.0,1536.0,608,320,0.7916666666666666,18,-0.00013550370931625366
msmarco-passage-trec-dl-2019,962179,2.0,candidate-per-cost,2048,3072.0,3072.0,1344,384,0.875,32,-0.00012127496302127838
msmarco-passage-trec-dl-2019,962179,2.0,candidate-per-cost,4096,6144.0,6144.0,2880,384,0.9375,39,-0.000187750905752182
msmarco-passage-trec-dl-2019,962179,2.0,candidate-per-cost,8192,12288.0,12288.0,5000,2288,0.8138020833333334,39,-4.5243650674819946e-05
msmarco-passage-trec-dl-2019,962179,2.0,candidate-per-cost,10000,15000.0,15000.0,5000,5000,0.6666666666666666,39,-4.5243650674819946e-05
msmarco-passage-trec-dl-2019,1117099,0.5,cost-balanced,128,96.0,96.0,64,64,0.3333333333333333,12,-0.0004053562879562378
msmarco-passage-trec-dl-2019,1117099,0.5,cost-balanced,256,192.0,192.0,192,96,0.5,20,-0.00033790431916713715
msmarco-passage-trec-dl-2019,1117099,0.5,cost-balanced,512,384.0,384.0,384,192,0.5,28,-0.0013004057109355927
msmarco-passage-trec-dl-2019,1117099,0.5,cost-balanced,1024,768.0,768.0,768,384,0.5,28,-0.00025588274002075195
msmarco-passage-trec-dl-2019,1117099,0.5,cost-balanced,2048,1536.0,1536.0,1536,768,0.5,33,-9.220093488693237e-06
msmarco-passage-trec-dl-2019,1117099,0.5,cost-balanced,4096,3072.0,3072.0,3072,1536,0.5,35,-3.9303675293922424e-05
msmarco-passage-trec-dl-2019,1117099,0.5,cost-balanced,8192,6144.0,6144.0,5000,3644,0.4069010416666667,39,-0.00016440916806459427
msmarco-passage-trec-dl-2019,1117099,0.5,cost-balanced,10000,7500.0,7500.0,5000,5000,0.3333333333333333,39,-0.00016440916806459427
msmarco-passage-trec-dl-2019,1117099,0.5,upper-per-cost,128,96.0,96.0,64,64,0.3333333333333333,12,-0.0004053562879562378
msmarco-passage-trec-dl-2019,1117099,0.5,upper-per-cost,256,192.0,192.0,128,128,0.3333333333333333,24,-0.0010299328714609146
msmarco-passage-trec-dl-2019,1117099,0.5,upper-per-cost,512,384.0,384.0,320,224,0.4166666666666667,27,-4.2790547013282776e-05
msmarco-passage-trec-dl-2019,1117099,0.5,upper-per-cost,1024,768.0,768.0,640,448,0.4166666666666667,28,-0.0004767235368490219
msmarco-passage-trec-dl-2019,1117099,0.5,upper-per-cost,2048,1536.0,1536.0,1280,896,0.4166666666666667,33,-0.0001289229840040207
msmarco-passage-trec-dl-2019,1117099,0.5,upper-per-cost,4096,3072.0,3072.0,2560,1792,0.4166666666666667,35,-0.00010169856250286102
msmarco-passage-trec-dl-2019,1117099,0.5,upper-per-cost,8192,6144.0,6144.0,4992,3648,0.40625,39,-0.00016472209244966507
msmarco-passage-trec-dl-2019,1117099,0.5,upper-per-cost,10000,7500.0,7500.0,5000,5000,0.3333333333333333,39,-0.00016440916806459427
msmarco-passage-trec-dl-2019,1117099,0.5,blocker-per-cost,128,96.0,96.0,64,64,0.3333333333333333,12,-0.0004053562879562378
msmarco-passage-trec-dl-2019,1117099,0.5,blocker-per-cost,256,192.0,192.0,128,128,0.3333333333333333,24,-0.0010299328714609146
msmarco-passage-trec-dl-2019,1117099,0.5,blocker-per-cost,512,384.0,384.0,384,192,0.5,28,-0.0013004057109355927
msmarco-passage-trec-dl-2019,1117099,0.5,blocker-per-cost,1024,768.0,768.0,1152,192,0.75,30,-0.0006349198520183563
msmarco-passage-trec-dl-2019,1117099,0.5,blocker-per-cost,2048,1536.0,1536.0,2432,320,0.7916666666666666,35,-0.00012130290269851685
msmarco-passage-trec-dl-2019,1117099,0.5,blocker-per-cost,4096,3072.0,3072.0,5000,572,0.8138020833333334,39,-0.00016440916806459427
msmarco-passage-trec-dl-2019,1117099,0.5,blocker-per-cost,8192,6144.0,6144.0,5000,3644,0.4069010416666667,39,-0.00016440916806459427
msmarco-passage-trec-dl-2019,1117099,0.5,blocker-per-cost,10000,7500.0,7500.0,5000,5000,0.3333333333333333,39,-0.00016440916806459427
msmarco-passage-trec-dl-2019,1117099,0.5,pressure-per-cost,128,96.0,96.0,64,64,0.3333333333333333,12,-0.0004053562879562378
msmarco-passage-trec-dl-2019,1117099,0.5,pressure-per-cost,256,192.0,192.0,128,128,0.3333333333333333,24,-0.0010299328714609146
msmarco-passage-trec-dl-2019,1117099,0.5,pressure-per-cost,512,384.0,384.0,384,192,0.5,28,-0.0013004057109355927
msmarco-passage-trec-dl-2019,1117099,0.5,pressure-per-cost,1024,768.0,768.0,1152,192,0.75,30,-0.0006349198520183563
msmarco-passage-trec-dl-2019,1117099,0.5,pressure-per-cost,2048,1536.0,1536.0,2432,320,0.7916666666666666,35,-0.00012130290269851685
msmarco-passage-trec-dl-2019,1117099,0.5,pressure-per-cost,4096,3072.0,3072.0,5000,572,0.8138020833333334,39,-0.00016440916806459427
msmarco-passage-trec-dl-2019,1117099,0.5,pressure-per-cost,8192,6144.0,6144.0,5000,3644,0.4069010416666667,39,-0.00016440916806459427
msmarco-passage-trec-dl-2019,1117099,0.5,pressure-per-cost,10000,7500.0,7500.0,5000,5000,0.3333333333333333,39,-0.00016440916806459427
msmarco-passage-trec-dl-2019,1117099,0.5,candidate-per-cost,128,96.0,96.0,64,64,0.3333333333333333,12,-0.0004053562879562378
msmarco-passage-trec-dl-2019,1117099,0.5,candidate-per-cost,256,192.0,192.0,128,128,0.3333333333333333,24,-0.0010299328714609146
msmarco-passage-trec-dl-2019,1117099,0.5,candidate-per-cost,512,384.0,384.0,384,192,0.5,28,-0.0013004057109355927
msmarco-passage-trec-dl-2019,1117099,0.5,candidate-per-cost,1024,768.0,768.0,1152,192,0.75,30,-0.0006349198520183563
msmarco-passage-trec-dl-2019,1117099,0.5,candidate-per-cost,2048,1536.0,1536.0,2688,192,0.875,30,-0.0006349198520183563
msmarco-passage-trec-dl-2019,1117099,0.5,candidate-per-cost,4096,3072.0,3072.0,5000,572,0.8138020833333334,39,-0.00016440916806459427
msmarco-passage-trec-dl-2019,1117099,0.5,candidate-per-cost,8192,6144.0,6144.0,5000,3644,0.4069010416666667,39,-0.00016440916806459427
msmarco-passage-trec-dl-2019,1117099,0.5,candidate-per-cost,10000,7500.0,7500.0,5000,5000,0.3333333333333333,39,-0.00016440916806459427
msmarco-passage-trec-dl-2019,1117099,2.0,cost-balanced,128,192.0,192.0,64,64,0.6666666666666666,12,-0.0004053562879562378
msmarco-passage-trec-dl-2019,1117099,2.0,cost-balanced,256,384.0,384.0,128,128,0.6666666666666666,24,-0.0010299328714609146
msmarco-passage-trec-dl-2019,1117099,2.0,cost-balanced,512,768.0,768.0,192,384,0.5,26,-0.0008309986442327499
msmarco-passage-trec-dl-2019,1117099,2.0,cost-balanced,1024,1536.0,1536.0,384,768,0.5,28,-0.0013004057109355927
msmarco-passage-trec-dl-2019,1117099,2.0,cost-balanced,2048,3072.0,3072.0,768,1536,0.5,28,-0.00025588274002075195
msmarco-passage-trec-dl-2019,1117099,2.0,cost-balanced,4096,6144.0,6144.0,1536,3072,0.5,33,-9.220093488693237e-06
msmarco-passage-trec-dl-2019,1117099,2.0,cost-balanced,8192,12288.0,12288.0,3644,5000,0.5930989583333334,38,-4.383549094200134e-05
msmarco-passage-trec-dl-2019,1117099,2.0,cost-balanced,10000,15000.0,15000.0,5000,5000,0.6666666666666666,39,-0.00016440916806459427
msmarco-passage-trec-dl-2019,1117099,2.0,upper-per-cost,128,192.0,192.0,64,64,0.6666666666666666,12,-0.0004053562879562378
msmarco-passage-trec-dl-2019,1117099,2.0,upper-per-cost,256,384.0,384.0,128,128,0.6666666666666666,24,-0.0010299328714609146
msmarco-passage-trec-dl-2019,1117099,2.0,upper-per-cost,512,768.0,768.0,224,320,0.5833333333333334,26,-0.00038387253880500793
msmarco-passage-trec-dl-2019,1117099,2.0,upper-per-cost,1024,1536.0,1536.0,448,640,0.5833333333333334,28,-0.0010166577994823456
msmarco-passage-trec-dl-2019,1117099,2.0,upper-per-cost,2048,3072.0,3072.0,896,1280,0.5833333333333334,28,-9.417720139026642e-05
msmarco-passage-trec-dl-2019,1117099,2.0,upper-per-cost,4096,6144.0,6144.0,1792,2560,0.5833333333333334,34,-5.9878453612327576e-05
msmarco-passage-trec-dl-2019,1117099,2.0,upper-per-cost,8192,12288.0,12288.0,3648,4992,0.59375,38,-4.35439869761467e-05
msmarco-passage-trec-dl-2019,1117099,2.0,upper-per-cost,10000,15000.0,15000.0,5000,5000,0.6666666666666666,39,-0.00016440916806459427
msmarco-passage-trec-dl-2019,1117099,2.0,blocker-per-cost,128,192.0,192.0,64,64,0.6666666666666666,12,-0.0004053562879562378
msmarco-passage-trec-dl-2019,1117099,2.0,blocker-per-cost,256,384.0,384.0,128,128,0.6666666666666666,24,-0.0010299328714609146
msmarco-passage-trec-dl-2019,1117099,2.0,blocker-per-cost,512,768.0,768.0,288,192,0.75,27,-0.00028477609157562256
msmarco-passage-trec-dl-2019,1117099,2.0,blocker-per-cost,1024,1536.0,1536.0,672,192,0.875,28,-0.0004142727702856064
msmarco-passage-trec-dl-2019,1117099,2.0,blocker-per-cost,2048,3072.0,3072.0,1376,320,0.8958333333333334,33,-7.903389632701874e-05
msmarco-passage-trec-dl-2019,1117099,2.0,blocker-per-cost,4096,6144.0,6144.0,2912,320,0.9479166666666666,35,-5.6492164731025696e-05
msmarco-passage-trec-dl-2019,1117099,2.0,blocker-per-cost,8192,12288.0,12288.0,5000,2288,0.8138020833333334,39,-0.00016440916806459427
msmarco-passage-trec-dl-2019,1117099,2.0,blocker-per-cost,10000,15000.0,15000.0,5000,5000,0.6666666666666666,39,-0.00016440916806459427
msmarco-passage-trec-dl-2019,1117099,2.0,pressure-per-cost,128,192.0,192.0,64,64,0.6666666666666666,12,-0.0004053562879562378
msmarco-passage-trec-dl-2019,1117099,2.0,pressure-per-cost,256,384.0,384.0,128,128,0.6666666666666666,24,-0.0010299328714609146
msmarco-passage-trec-dl-2019,1117099,2.0,pressure-per-cost,512,768.0,768.0,288,192,0.75,27,-0.00028477609157562256
msmarco-passage-trec-dl-2019,1117099,2.0,pressure-per-cost,1024,1536.0,1536.0,672,192,0.875,28,-0.0004142727702856064
msmarco-passage-trec-dl-2019,1117099,2.0,pressure-per-cost,2048,3072.0,3072.0,1376,320,0.8958333333333334,33,-7.903389632701874e-05
msmarco-passage-trec-dl-2019,1117099,2.0,pressure-per-cost,4096,6144.0,6144.0,2912,320,0.9479166666666666,35,-5.6492164731025696e-05
msmarco-passage-trec-dl-2019,1117099,2.0,pressure-per-cost,8192,12288.0,12288.0,5000,2288,0.8138020833333334,39,-0.00016440916806459427
msmarco-passage-trec-dl-2019,1117099,2.0,pressure-per-cost,10000,15000.0,15000.0,5000,5000,0.6666666666666666,39,-0.00016440916806459427
msmarco-passage-trec-dl-2019,1117099,2.0,candidate-per-cost,128,192.0,192.0,64,64,0.6666666666666666,12,-0.0004053562879562378
msmarco-passage-trec-dl-2019,1117099,2.0,candidate-per-cost,256,384.0,384.0,128,128,0.6666666666666666,24,-0.0010299328714609146
msmarco-passage-trec-dl-2019,1117099,2.0,candidate-per-cost,512,768.0,768.0,288,192,0.75,27,-0.00028477609157562256
msmarco-passage-trec-dl-2019,1117099,2.0,candidate-per-cost,1024,1536.0,1536.0,672,192,0.875,28,-0.0004142727702856064
msmarco-passage-trec-dl-2019,1117099,2.0,candidate-per-cost,2048,3072.0,3072.0,1440,192,0.9375,30,-0.0006349198520183563
msmarco-passage-trec-dl-2019,1117099,2.0,candidate-per-cost,4096,6144.0,6144.0,2976,192,0.96875,30,-0.0006349198520183563
msmarco-passage-trec-dl-2019,1117099,2.0,candidate-per-cost,8192,12288.0,12288.0,5000,2288,0.8138020833333334,39,-0.00016440916806459427
msmarco-passage-trec-dl-2019,1117099,2.0,candidate-per-cost,10000,15000.0,15000.0,5000,5000,0.6666666666666666,39,-0.00016440916806459427
msmarco-passage-trec-dl-2019,148538,0.5,cost-balanced,128,96.0,96.0,64,64,0.3333333333333333,9,-0.00014570541679859161
msmarco-passage-trec-dl-2019,148538,0.5,cost-balanced,256,192.0,192.0,192,96,0.5,20,-3.6213546991348267e-05
msmarco-passage-trec-dl-2019,148538,0.5,cost-balanced,512,384.0,384.0,384,192,0.5,30,-3.458373248577118e-05
msmarco-passage-trec-dl-2019,148538,0.5,cost-balanced,1024,768.0,768.0,768,384,0.5,38,-0.0001551453024148941
msmarco-passage-trec-dl-2019,148538,0.5,cost-balanced,2048,1536.0,1536.0,1536,768,0.5,56,-7.329415529966354e-05
msmarco-passage-trec-dl-2019,148538,0.5,cost-balanced,4096,3072.0,3072.0,3072,1536,0.5,71,-4.494842141866684e-05
msmarco-passage-trec-dl-2019,148538,0.5,cost-balanced,8192,6144.0,6144.0,5000,3644,0.4069010416666667,100,-inf
msmarco-passage-trec-dl-2019,148538,0.5,cost-balanced,10000,7500.0,7500.0,5000,5000,0.3333333333333333,100,-inf
msmarco-passage-trec-dl-2019,148538,0.5,upper-per-cost,128,96.0,96.0,64,64,0.3333333333333333,9,-0.00014570541679859161
msmarco-passage-trec-dl-2019,148538,0.5,upper-per-cost,256,192.0,192.0,128,128,0.3333333333333333,22,-0.00041629374027252197
msmarco-passage-trec-dl-2019,148538,0.5,upper-per-cost,512,384.0,384.0,320,224,0.4166666666666667,34,-0.000867839902639389
msmarco-passage-trec-dl-2019,148538,0.5,upper-per-cost,1024,768.0,768.0,640,448,0.4166666666666667,39,-0.00033571571111679077
msmarco-passage-trec-dl-2019,148538,0.5,upper-per-cost,2048,1536.0,1536.0,1280,896,0.4166666666666667,56,-0.00019280612468719482
msmarco-passage-trec-dl-2019,148538,0.5,upper-per-cost,4096,3072.0,3072.0,2560,1792,0.4166666666666667,83,-6.798654794692993e-07
msmarco-passage-trec-dl-2019,148538,0.5,upper-per-cost,8192,6144.0,6144.0,4992,3648,0.40625,100,-inf
msmarco-passage-trec-dl-2019,148538,0.5,upper-per-cost,10000,7500.0,7500.0,5000,5000,0.3333333333333333,100,-inf
msmarco-passage-trec-dl-2019,148538,0.5,blocker-per-cost,128,96.0,96.0,64,64,0.3333333333333333,9,-0.00014570541679859161
msmarco-passage-trec-dl-2019,148538,0.5,blocker-per-cost,256,192.0,192.0,128,128,0.3333333333333333,22,-0.00041629374027252197
msmarco-passage-trec-dl-2019,148538,0.5,blocker-per-cost,512,384.0,384.0,256,256,0.3333333333333333,35,-7.865205407142639e-05
msmarco-passage-trec-dl-2019,148538,0.5,blocker-per-cost,1024,768.0,768.0,384,576,0.25,40,-0.0002971068024635315
msmarco-passage-trec-dl-2019,148538,0.5,blocker-per-cost,2048,1536.0,1536.0,1536,768,0.5,56,-7.329415529966354e-05
msmarco-passage-trec-dl-2019,148538,0.5,blocker-per-cost,4096,3072.0,3072.0,2688,1728,0.4375,85,-6.472691893577576e-06
msmarco-passage-trec-dl-2019,148538,0.5,blocker-per-cost,8192,6144.0,6144.0,4992,3648,0.40625,100,-inf
msmarco-passage-trec-dl-2019,148538,0.5,blocker-per-cost,10000,7500.0,7500.0,5000,5000,0.3333333333333333,100,-inf
msmarco-passage-trec-dl-2019,148538,0.5,pressure-per-cost,128,96.0,96.0,64,64,0.3333333333333333,9,-0.00014570541679859161
msmarco-passage-trec-dl-2019,148538,0.5,pressure-per-cost,256,192.0,192.0,128,128,0.3333333333333333,22,-0.00041629374027252197
msmarco-passage-trec-dl-2019,148538,0.5,pressure-per-cost,512,384.0,384.0,256,256,0.3333333333333333,35,-7.865205407142639e-05
msmarco-passage-trec-dl-2019,148538,0.5,pressure-per-cost,1024,768.0,768.0,384,576,0.25,40,-0.0002971068024635315
msmarco-passage-trec-dl-2019,148538,0.5,pressure-per-cost,2048,1536.0,1536.0,1408,832,0.4583333333333333,56,-0.00012773647904396057
msmarco-passage-trec-dl-2019,148538,0.5,pressure-per-cost,4096,3072.0,3072.0,2688,1728,0.4375,85,-6.472691893577576e-06
msmarco-passage-trec-dl-2019,148538,0.5,pressure-per-cost,8192,6144.0,6144.0,4608,3840,0.375,100,-inf
msmarco-passage-trec-dl-2019,148538,0.5,pressure-per-cost,10000,7500.0,7500.0,5000,5000,0.3333333333333333,100,-inf
msmarco-passage-trec-dl-2019,148538,0.5,candidate-per-cost,128,96.0,96.0,64,64,0.3333333333333333,9,-0.00014570541679859161
msmarco-passage-trec-dl-2019,148538,0.5,candidate-per-cost,256,192.0,192.0,128,128,0.3333333333333333,22,-0.00041629374027252197
msmarco-passage-trec-dl-2019,148538,0.5,candidate-per-cost,512,384.0,384.0,256,256,0.3333333333333333,35,-7.865205407142639e-05
msmarco-passage-trec-dl-2019,148538,0.5,candidate-per-cost,1024,768.0,768.0,384,576,0.25,40,-0.0002971068024635315
msmarco-passage-trec-dl-2019,148538,0.5,candidate-per-cost,2048,1536.0,1536.0,1536,768,0.5,56,-7.329415529966354e-05
msmarco-passage-trec-dl-2019,148538,0.5,candidate-per-cost,4096,3072.0,3072.0,2688,1728,0.4375,85,-6.472691893577576e-06
msmarco-passage-trec-dl-2019,148538,0.5,candidate-per-cost,8192,6144.0,6144.0,4992,3648,0.40625,100,-inf
msmarco-passage-trec-dl-2019,148538,0.5,candidate-per-cost,10000,7500.0,7500.0,5000,5000,0.3333333333333333,100,-inf
msmarco-passage-trec-dl-2019,148538,2.0,cost-balanced,128,192.0,192.0,64,64,0.6666666666666666,9,-0.00014570541679859161
msmarco-passage-trec-dl-2019,148538,2.0,cost-balanced,256,384.0,384.0,128,128,0.6666666666666666,22,-0.00041629374027252197
msmarco-passage-trec-dl-2019,148538,2.0,cost-balanced,512,768.0,768.0,192,384,0.5,34,-2.8265640139579773e-05
msmarco-passage-trec-dl-2019,148538,2.0,cost-balanced,1024,1536.0,1536.0,384,768,0.5,43,-1.868419349193573e-05
msmarco-passage-trec-dl-2019,148538,2.0,cost-balanced,2048,3072.0,3072.0,768,1536,0.5,45,-4.1457824409008026e-05
msmarco-passage-trec-dl-2019,148538,2.0,cost-balanced,4096,6144.0,6144.0,1536,3072,0.5,56,-7.310416549444199e-05
msmarco-passage-trec-dl-2019,148538,2.0,cost-balanced,8192,12288.0,12288.0,3644,5000,0.5930989583333334,100,-inf
msmarco-passage-trec-dl-2019,148538,2.0,cost-balanced,10000,15000.0,15000.0,5000,5000,0.6666666666666666,100,-inf
msmarco-passage-trec-dl-2019,148538,2.0,upper-per-cost,128,192.0,192.0,64,64,0.6666666666666666,9,-0.00014570541679859161
msmarco-passage-trec-dl-2019,148538,2.0,upper-per-cost,256,384.0,384.0,128,128,0.6666666666666666,22,-0.00041629374027252197
msmarco-passage-trec-dl-2019,148538,2.0,upper-per-cost,512,768.0,768.0,224,320,0.5833333333333334,35,-0.00022818148136138916
msmarco-passage-trec-dl-2019,148538,2.0,upper-per-cost,1024,1536.0,1536.0,448,640,0.5833333333333334,45,-0.000802231952548027
msmarco-passage-trec-dl-2019,148538,2.0,upper-per-cost,2048,3072.0,3072.0,896,1280,0.5833333333333334,46,-0.00015921331942081451
msmarco-passage-trec-dl-2019,148538,2.0,upper-per-cost,4096,6144.0,6144.0,1792,2560,0.5833333333333334,57,-0.00013916008174419403
msmarco-passage-trec-dl-2019,148538,2.0,upper-per-cost,8192,12288.0,12288.0,3648,4992,0.59375,100,-inf
msmarco-passage-trec-dl-2019,148538,2.0,upper-per-cost,10000,15000.0,15000.0,5000,5000,0.6666666666666666,100,-inf
msmarco-passage-trec-dl-2019,148538,2.0,blocker-per-cost,128,192.0,192.0,64,64,0.6666666666666666,9,-0.00014570541679859161
msmarco-passage-trec-dl-2019,148538,2.0,blocker-per-cost,256,384.0,384.0,128,128,0.6666666666666666,22,-0.00041629374027252197
msmarco-passage-trec-dl-2019,148538,2.0,blocker-per-cost,512,768.0,768.0,256,256,0.6666666666666666,35,-7.865205407142639e-05
msmarco-passage-trec-dl-2019,148538,2.0,blocker-per-cost,1024,1536.0,1536.0,448,640,0.5833333333333334,45,-0.000802231952548027
msmarco-passage-trec-dl-2019,148538,2.0,blocker-per-cost,2048,3072.0,3072.0,1216,640,0.7916666666666666,48,-4.776753485202789e-05
msmarco-passage-trec-dl-2019,148538,2.0,blocker-per-cost,4096,6144.0,6144.0,2208,1728,0.71875,82,-5.5752694606781006e-05
msmarco-passage-trec-dl-2019,148538,2.0,blocker-per-cost,8192,12288.0,12288.0,3648,4992,0.59375,100,-inf
msmarco-passage-trec-dl-2019,148538,2.0,blocker-per-cost,10000,15000.0,15000.0,5000,5000,0.6666666666666666,100,-inf
msmarco-passage-trec-dl-2019,148538,2.0,pressure-per-cost,128,192.0,192.0,64,64,0.6666666666666666,9,-0.00014570541679859161
msmarco-passage-trec-dl-2019,148538,2.0,pressure-per-cost,256,384.0,384.0,128,128,0.6666666666666666,22,-0.00041629374027252197
msmarco-passage-trec-dl-2019,148538,2.0,pressure-per-cost,512,768.0,768.0,256,256,0.6666666666666666,35,-7.865205407142639e-05
msmarco-passage-trec-dl-2019,148538,2.0,pressure-per-cost,1024,1536.0,1536.0,448,640,0.5833333333333334,45,-0.000802231952548027
msmarco-passage-trec-dl-2019,148538,2.0,pressure-per-cost,2048,3072.0,3072.0,1216,640,0.7916666666666666,48,-4.776753485202789e-05
msmarco-passage-trec-dl-2019,148538,2.0,pressure-per-cost,4096,6144.0,6144.0,2208,1728,0.71875,82,-5.5752694606781006e-05
msmarco-passage-trec-dl-2019,148538,2.0,pressure-per-cost,8192,12288.0,12288.0,3840,4608,0.625,100,-inf
msmarco-passage-trec-dl-2019,148538,2.0,pressure-per-cost,10000,15000.0,15000.0,5000,5000,0.6666666666666666,100,-inf
msmarco-passage-trec-dl-2019,148538,2.0,candidate-per-cost,128,192.0,192.0,64,64,0.6666666666666666,9,-0.00014570541679859161
msmarco-passage-trec-dl-2019,148538,2.0,candidate-per-cost,256,384.0,384.0,128,128,0.6666666666666666,22,-0.00041629374027252197
msmarco-passage-trec-dl-2019,148538,2.0,candidate-per-cost,512,768.0,768.0,256,256,0.6666666666666666,35,-7.865205407142639e-05
msmarco-passage-trec-dl-2019,148538,2.0,candidate-per-cost,1024,1536.0,1536.0,448,640,0.5833333333333334,45,-0.000802231952548027
msmarco-passage-trec-dl-2019,148538,2.0,candidate-per-cost,2048,3072.0,3072.0,1216,640,0.7916666666666666,48,-4.776753485202789e-05
msmarco-passage-trec-dl-2019,148538,2.0,candidate-per-cost,4096,6144.0,6144.0,2208,1728,0.71875,82,-5.5752694606781006e-05
msmarco-passage-trec-dl-2019,148538,2.0,candidate-per-cost,8192,12288.0,12288.0,3648,4992,0.59375,100,-inf
msmarco-passage-trec-dl-2019,148538,2.0,candidate-per-cost,10000,15000.0,15000.0,5000,5000,0.6666666666666666,100,-inf
msmarco-passage-trec-dl-2019,451602,0.5,cost-balanced,128,96.0,96.0,64,64,0.3333333333333333,8,-2.4763867259025574e-05
msmarco-passage-trec-dl-2019,451602,0.5,cost-balanced,256,192.0,192.0,192,96,0.5,15,-0.0005348715931177139
msmarco-passage-trec-dl-2019,451602,0.5,cost-balanced,512,384.0,384.0,384,192,0.5,24,-0.00013139285147190094
msmarco-passage-trec-dl-2019,451602,0.5,cost-balanced,1024,768.0,768.0,768,384,0.5,30,-8.845143020153046e-05
msmarco-passage-trec-dl-2019,451602,0.5,cost-balanced,2048,1536.0,1536.0,1536,768,0.5,36,-3.2024458050727844e-05
msmarco-passage-trec-dl-2019,451602,0.5,cost-balanced,4096,3072.0,3072.0,3072,1536,0.5,74,-3.149546682834625e-05
msmarco-passage-trec-dl-2019,451602,0.5,cost-balanced,8192,6144.0,6144.0,5000,3644,0.4069010416666667,75,-3.534369170665741e-05
msmarco-passage-trec-dl-2019,451602,0.5,cost-balanced,10000,7500.0,7500.0,5000,5000,0.3333333333333333,75,-3.534369170665741e-05
msmarco-passage-trec-dl-2019,451602,0.5,upper-per-cost,128,96.0,96.0,64,64,0.3333333333333333,8,-2.4763867259025574e-05
msmarco-passage-trec-dl-2019,451602,0.5,upper-per-cost,256,192.0,192.0,128,128,0.3333333333333333,16,-0.00023741461336612701
msmarco-passage-trec-dl-2019,451602,0.5,upper-per-cost,512,384.0,384.0,320,224,0.4166666666666667,26,-7.611513137817383e-05
msmarco-passage-trec-dl-2019,451602,0.5,upper-per-cost,1024,768.0,768.0,640,448,0.4166666666666667,31,-1.868605613708496e-05
msmarco-passage-trec-dl-2019,451602,0.5,upper-per-cost,2048,1536.0,1536.0,1280,896,0.4166666666666667,36,-0.0001517273485660553
msmarco-passage-trec-dl-2019,451602,0.5,upper-per-cost,4096,3072.0,3072.0,2560,1792,0.4166666666666667,74,-9.389035403728485e-05
msmarco-passage-trec-dl-2019,451602,0.5,upper-per-cost,8192,6144.0,6144.0,4992,3648,0.40625,75,-3.565661609172821e-05
msmarco-passage-trec-dl-2019,451602,0.5,upper-per-cost,10000,7500.0,7500.0,5000,5000,0.3333333333333333,75,-3.534369170665741e-05
msmarco-passage-trec-dl-2019,451602,0.5,blocker-per-cost,128,96.0,96.0,64,64,0.3333333333333333,8,-2.4763867259025574e-05
msmarco-passage-trec-dl-2019,451602,0.5,blocker-per-cost,256,192.0,192.0,128,128,0.3333333333333333,16,-0.00023741461336612701
msmarco-passage-trec-dl-2019,451602,0.5,blocker-per-cost,512,384.0,384.0,256,256,0.3333333333333333,25,-9.859539568424225e-05
msmarco-passage-trec-dl-2019,451602,0.5,blocker-per-cost,1024,768.0,768.0,640,448,0.4166666666666667,31,-1.868605613708496e-05
msmarco-passage-trec-dl-2019,451602,0.5,blocker-per-cost,2048,1536.0,1536.0,1600,736,0.5208333333333334,70,-0.00011497363448143005
msmarco-passage-trec-dl-2019,451602,0.5,blocker-per-cost,4096,3072.0,3072.0,3520,1312,0.5729166666666666,75,-0.00011704489588737488
msmarco-passage-trec-dl-2019,451602,0.5,blocker-per-cost,8192,6144.0,6144.0,5000,3644,0.4069010416666667,75,-3.534369170665741e-05
msmarco-passage-trec-dl-2019,451602,0.5,blocker-per-cost,10000,7500.0,7500.0,5000,5000,0.3333333333333333,75,-3.534369170665741e-05
msmarco-passage-trec-dl-2019,451602,0.5,pressure-per-cost,128,96.0,96.0,64,64,0.3333333333333333,8,-2.4763867259025574e-05
msmarco-passage-trec-dl-2019,451602,0.5,pressure-per-cost,256,192.0,192.0,128,128,0.3333333333333333,16,-0.00023741461336612701
msmarco-passage-trec-dl-2019,451602,0.5,pressure-per-cost,512,384.0,384.0,256,256,0.3333333333333333,25,-9.859539568424225e-05
msmarco-passage-trec-dl-2019,451602,0.5,pressure-per-cost,1024,768.0,768.0,640,448,0.4166666666666667,31,-1.868605613708496e-05
msmarco-passage-trec-dl-2019,451602,0.5,pressure-per-cost,2048,1536.0,1536.0,1600,736,0.5208333333333334,70,-0.00011497363448143005
msmarco-passage-trec-dl-2019,451602,0.5,pressure-per-cost,4096,3072.0,3072.0,3456,1344,0.5625,75,-0.00012212898582220078
msmarco-passage-trec-dl-2019,451602,0.5,pressure-per-cost,8192,6144.0,6144.0,5000,3644,0.4069010416666667,75,-3.534369170665741e-05
msmarco-passage-trec-dl-2019,451602,0.5,pressure-per-cost,10000,7500.0,7500.0,5000,5000,0.3333333333333333,75,-3.534369170665741e-05
msmarco-passage-trec-dl-2019,451602,0.5,candidate-per-cost,128,96.0,96.0,64,64,0.3333333333333333,8,-2.4763867259025574e-05
msmarco-passage-trec-dl-2019,451602,0.5,candidate-per-cost,256,192.0,192.0,128,128,0.3333333333333333,16,-0.00023741461336612701
msmarco-passage-trec-dl-2019,451602,0.5,candidate-per-cost,512,384.0,384.0,256,256,0.3333333333333333,25,-9.859539568424225e-05
msmarco-passage-trec-dl-2019,451602,0.5,candidate-per-cost,1024,768.0,768.0,640,448,0.4166666666666667,31,-1.868605613708496e-05
msmarco-passage-trec-dl-2019,451602,0.5,candidate-per-cost,2048,1536.0,1536.0,1600,736,0.5208333333333334,70,-0.00011497363448143005
msmarco-passage-trec-dl-2019,451602,0.5,candidate-per-cost,4096,3072.0,3072.0,3520,1312,0.5729166666666666,75,-0.00011704489588737488
msmarco-passage-trec-dl-2019,451602,0.5,candidate-per-cost,8192,6144.0,6144.0,5000,3644,0.4069010416666667,75,-3.534369170665741e-05
msmarco-passage-trec-dl-2019,451602,0.5,candidate-per-cost,10000,7500.0,7500.0,5000,5000,0.3333333333333333,75,-3.534369170665741e-05
msmarco-passage-trec-dl-2019,451602,2.0,cost-balanced,128,192.0,192.0,64,64,0.6666666666666666,8,-2.4763867259025574e-05
msmarco-passage-trec-dl-2019,451602,2.0,cost-balanced,256,384.0,384.0,128,128,0.6666666666666666,16,-0.00023741461336612701
msmarco-passage-trec-dl-2019,451602,2.0,cost-balanced,512,768.0,768.0,192,384,0.5,23,-0.0004391651600599289
msmarco-passage-trec-dl-2019,451602,2.0,cost-balanced,1024,1536.0,1536.0,384,768,0.5,29,-0.00020526349544525146
msmarco-passage-trec-dl-2019,451602,2.0,cost-balanced,2048,3072.0,3072.0,768,1536,0.5,35,-9.042583405971527e-05
msmarco-passage-trec-dl-2019,451602,2.0,cost-balanced,4096,6144.0,6144.0,1536,3072,0.5,36,-3.2024458050727844e-05
msmarco-passage-trec-dl-2019,451602,2.0,cost-balanced,8192,12288.0,12288.0,3644,5000,0.5930989583333334,75,-0.00010769348591566086
msmarco-passage-trec-dl-2019,451602,2.0,cost-balanced,10000,15000.0,15000.0,5000,5000,0.6666666666666666,75,-3.534369170665741e-05
msmarco-passage-trec-dl-2019,451602,2.0,upper-per-cost,128,192.0,192.0,64,64,0.6666666666666666,8,-2.4763867259025574e-05
msmarco-passage-trec-dl-2019,451602,2.0,upper-per-cost,256,384.0,384.0,128,128,0.6666666666666666,16,-0.00023741461336612701
msmarco-passage-trec-dl-2019,451602,2.0,upper-per-cost,512,768.0,768.0,224,320,0.5833333333333334,24,-0.00018829666078090668
msmarco-passage-trec-dl-2019,451602,2.0,upper-per-cost,1024,1536.0,1536.0,448,640,0.5833333333333334,30,-0.00030873343348503113
msmarco-passage-trec-dl-2019,451602,2.0,upper-per-cost,2048,3072.0,3072.0,896,1280,0.5833333333333334,36,-0.0004514828324317932
msmarco-passage-trec-dl-2019,451602,2.0,upper-per-cost,4096,6144.0,6144.0,1792,2560,0.5833333333333334,72,-0.00011112913489341736
msmarco-passage-trec-dl-2019,451602,2.0,upper-per-cost,8192,12288.0,12288.0,3648,4992,0.59375,75,-0.00010740198194980621
msmarco-passage-trec-dl-2019,451602,2.0,upper-per-cost,10000,15000.0,15000.0,5000,5000,0.6666666666666666,75,-3.534369170665741e-05
msmarco-passage-trec-dl-2019,451602,2.0,blocker-per-cost,128,192.0,192.0,64,64,0.6666666666666666,8,-2.4763867259025574e-05
msmarco-passage-trec-dl-2019,451602,2.0,blocker-per-cost,256,384.0,384.0,128,128,0.6666666666666666,16,-0.00023741461336612701
msmarco-passage-trec-dl-2019,451602,2.0,blocker-per-cost,512,768.0,768.0,256,256,0.6666666666666666,25,-9.859539568424225e-05
msmarco-passage-trec-dl-2019,451602,2.0,blocker-per-cost,1024,1536.0,1536.0,576,384,0.75,30,-8.845143020153046e-05
msmarco-passage-trec-dl-2019,451602,2.0,blocker-per-cost,2048,3072.0,3072.0,1280,512,0.8333333333333334,36,-0.0001517273485660553
msmarco-passage-trec-dl-2019,451602,2.0,blocker-per-cost,4096,6144.0,6144.0,2496,1152,0.8125,74,-0.00010344758629798889
msmarco-passage-trec-dl-2019,451602,2.0,blocker-per-cost,8192,12288.0,12288.0,5000,2288,0.8138020833333334,75,-3.534369170665741e-05
msmarco-passage-trec-dl-2019,451602,2.0,blocker-per-cost,10000,15000.0,15000.0,5000,5000,0.6666666666666666,75,-3.534369170665741e-05
msmarco-passage-trec-dl-2019,451602,2.0,pressure-per-cost,128,192.0,192.0,64,64,0.6666666666666666,8,-2.4763867259025574e-05
msmarco-passage-trec-dl-2019,451602,2.0,pressure-per-cost,256,384.0,384.0,128,128,0.6666666666666666,16,-0.00023741461336612701
msmarco-passage-trec-dl-2019,451602,2.0,pressure-per-cost,512,768.0,768.0,256,256,0.6666666666666666,25,-9.859539568424225e-05
msmarco-passage-trec-dl-2019,451602,2.0,pressure-per-cost,1024,1536.0,1536.0,544,448,0.7083333333333334,31,-0.0002098437398672104
msmarco-passage-trec-dl-2019,451602,2.0,pressure-per-cost,2048,3072.0,3072.0,1280,512,0.8333333333333334,36,-0.0001517273485660553
msmarco-passage-trec-dl-2019,451602,2.0,pressure-per-cost,4096,6144.0,6144.0,2496,1152,0.8125,74,-0.00010344758629798889
msmarco-passage-trec-dl-2019,451602,2.0,pressure-per-cost,8192,12288.0,12288.0,5000,2288,0.8138020833333334,75,-3.534369170665741e-05
msmarco-passage-trec-dl-2019,451602,2.0,pressure-per-cost,10000,15000.0,15000.0,5000,5000,0.6666666666666666,75,-3.534369170665741e-05
msmarco-passage-trec-dl-2019,451602,2.0,candidate-per-cost,128,192.0,192.0,64,64,0.6666666666666666,8,-2.4763867259025574e-05
msmarco-passage-trec-dl-2019,451602,2.0,candidate-per-cost,256,384.0,384.0,128,128,0.6666666666666666,16,-0.00023741461336612701
msmarco-passage-trec-dl-2019,451602,2.0,candidate-per-cost,512,768.0,768.0,256,256,0.6666666666666666,25,-9.859539568424225e-05
msmarco-passage-trec-dl-2019,451602,2.0,candidate-per-cost,1024,1536.0,1536.0,576,384,0.75,30,-8.845143020153046e-05
msmarco-passage-trec-dl-2019,451602,2.0,candidate-per-cost,2048,3072.0,3072.0,1280,512,0.8333333333333334,36,-0.0001517273485660553
msmarco-passage-trec-dl-2019,451602,2.0,candidate-per-cost,4096,6144.0,6144.0,2496,1152,0.8125,74,-0.00010344758629798889
msmarco-passage-trec-dl-2019,451602,2.0,candidate-per-cost,8192,12288.0,12288.0,5000,2288,0.8138020833333334,75,-3.534369170665741e-05
msmarco-passage-trec-dl-2019,451602,2.0,candidate-per-cost,10000,15000.0,15000.0,5000,5000,0.6666666666666666,75,-3.534369170665741e-05
msmarco-passage-trec-dl-2019,359349,0.5,cost-balanced,128,96.0,96.0,64,64,0.3333333333333333,21,-0.00021900609135627747
msmarco-passage-trec-dl-2019,359349,0.5,cost-balanced,256,192.0,192.0,192,96,0.5,33,-0.00016448460519313812
msmarco-passage-trec-dl-2019,359349,0.5,cost-balanced,512,384.0,384.0,384,192,0.5,45,-8.118338882923126e-05
msmarco-passage-trec-dl-2019,359349,0.5,cost-balanced,1024,768.0,768.0,768,384,0.5,58,-7.08363950252533e-06
msmarco-passage-trec-dl-2019,359349,0.5,cost-balanced,2048,1536.0,1536.0,1536,768,0.5,84,-1.725275069475174e-05
msmarco-passage-trec-dl-2019,359349,0.5,cost-balanced,4096,3072.0,3072.0,3072,1536,0.5,100,-inf
msmarco-passage-trec-dl-2019,359349,0.5,cost-balanced,8192,6144.0,6144.0,5000,3644,0.4069010416666667,100,-inf
msmarco-passage-trec-dl-2019,359349,0.5,cost-balanced,10000,7500.0,7500.0,5000,5000,0.3333333333333333,100,-inf
msmarco-passage-trec-dl-2019,359349,0.5,upper-per-cost,128,96.0,96.0,64,64,0.3333333333333333,21,-0.00021900609135627747
msmarco-passage-trec-dl-2019,359349,0.5,upper-per-cost,256,192.0,192.0,128,128,0.3333333333333333,34,-0.00012802332639694214
msmarco-passage-trec-dl-2019,359349,0.5,upper-per-cost,512,384.0,384.0,320,224,0.4166666666666667,47,-4.4211745262145996e-05
msmarco-passage-trec-dl-2019,359349,0.5,upper-per-cost,1024,768.0,768.0,640,448,0.4166666666666667,66,-7.260404527187347e-05
msmarco-passage-trec-dl-2019,359349,0.5,upper-per-cost,2048,1536.0,1536.0,1280,896,0.4166666666666667,100,-inf
msmarco-passage-trec-dl-2019,359349,0.5,upper-per-cost,4096,3072.0,3072.0,2560,1792,0.4166666666666667,100,-inf
msmarco-passage-trec-dl-2019,359349,0.5,upper-per-cost,8192,6144.0,6144.0,4992,3648,0.40625,100,-inf
msmarco-passage-trec-dl-2019,359349,0.5,upper-per-cost,10000,7500.0,7500.0,5000,5000,0.3333333333333333,100,-inf
msmarco-passage-trec-dl-2019,359349,0.5,blocker-per-cost,128,96.0,96.0,64,64,0.3333333333333333,21,-0.00021900609135627747
msmarco-passage-trec-dl-2019,359349,0.5,blocker-per-cost,256,192.0,192.0,128,128,0.3333333333333333,34,-0.00012802332639694214
msmarco-passage-trec-dl-2019,359349,0.5,blocker-per-cost,512,384.0,384.0,256,256,0.3333333333333333,49,-4.484690725803375e-05
msmarco-passage-trec-dl-2019,359349,0.5,blocker-per-cost,1024,768.0,768.0,512,512,0.3333333333333333,66,-1.463666558265686e-05
msmarco-passage-trec-dl-2019,359349,0.5,blocker-per-cost,2048,1536.0,1536.0,1280,896,0.4166666666666667,100,-inf
msmarco-passage-trec-dl-2019,359349,0.5,blocker-per-cost,4096,3072.0,3072.0,2560,1792,0.4166666666666667,100,-inf
msmarco-passage-trec-dl-2019,359349,0.5,blocker-per-cost,8192,6144.0,6144.0,4992,3648,0.40625,100,-inf
msmarco-passage-trec-dl-2019,359349,0.5,blocker-per-cost,10000,7500.0,7500.0,5000,5000,0.3333333333333333,100,-inf
msmarco-passage-trec-dl-2019,359349,0.5,pressure-per-cost,128,96.0,96.0,64,64,0.3333333333333333,21,-0.00021900609135627747
msmarco-passage-trec-dl-2019,359349,0.5,pressure-per-cost,256,192.0,192.0,128,128,0.3333333333333333,34,-0.00012802332639694214
msmarco-passage-trec-dl-2019,359349,0.5,pressure-per-cost,512,384.0,384.0,256,256,0.3333333333333333,49,-4.484690725803375e-05
msmarco-passage-trec-dl-2019,359349,0.5,pressure-per-cost,1024,768.0,768.0,576,480,0.375,67,-5.099177360534668e-05
msmarco-passage-trec-dl-2019,359349,0.5,pressure-per-cost,2048,1536.0,1536.0,1152,960,0.375,100,-inf
msmarco-passage-trec-dl-2019,359349,0.5,pressure-per-cost,4096,3072.0,3072.0,2304,1920,0.375,100,-inf
msmarco-passage-trec-dl-2019,359349,0.5,pressure-per-cost,8192,6144.0,6144.0,4736,3776,0.3854166666666667,100,-inf
msmarco-passage-trec-dl-2019,359349,0.5,pressure-per-cost,10000,7500.0,7500.0,5000,5000,0.3333333333333333,100,-inf
msmarco-passage-trec-dl-2019,359349,0.5,candidate-per-cost,128,96.0,96.0,64,64,0.3333333333333333,21,-0.00021900609135627747
msmarco-passage-trec-dl-2019,359349,0.5,candidate-per-cost,256,192.0,192.0,128,128,0.3333333333333333,34,-0.00012802332639694214
msmarco-passage-trec-dl-2019,359349,0.5,candidate-per-cost,512,384.0,384.0,256,256,0.3333333333333333,49,-4.484690725803375e-05
msmarco-passage-trec-dl-2019,359349,0.5,candidate-per-cost,1024,768.0,768.0,512,512,0.3333333333333333,66,-1.463666558265686e-05
msmarco-passage-trec-dl-2019,359349,0.5,candidate-per-cost,2048,1536.0,1536.0,1280,896,0.4166666666666667,100,-inf
msmarco-passage-trec-dl-2019,359349,0.5,candidate-per-cost,4096,3072.0,3072.0,2560,1792,0.4166666666666667,100,-inf
msmarco-passage-trec-dl-2019,359349,0.5,candidate-per-cost,8192,6144.0,6144.0,4992,3648,0.40625,100,-inf
msmarco-passage-trec-dl-2019,359349,0.5,candidate-per-cost,10000,7500.0,7500.0,5000,5000,0.3333333333333333,100,-inf
msmarco-passage-trec-dl-2019,359349,2.0,cost-balanced,128,192.0,192.0,64,64,0.6666666666666666,21,-0.00021900609135627747
msmarco-passage-trec-dl-2019,359349,2.0,cost-balanced,256,384.0,384.0,128,128,0.6666666666666666,34,-0.00012802332639694214
msmarco-passage-trec-dl-2019,359349,2.0,cost-balanced,512,768.0,768.0,192,384,0.5,42,-0.00031477585434913635
msmarco-passage-trec-dl-2019,359349,2.0,cost-balanced,1024,1536.0,1536.0,384,768,0.5,58,-7.08363950252533e-06
msmarco-passage-trec-dl-2019,359349,2.0,cost-balanced,2048,3072.0,3072.0,768,1536,0.5,76,-7.965415716171265e-05
msmarco-passage-trec-dl-2019,359349,2.0,cost-balanced,4096,6144.0,6144.0,1536,3072,0.5,100,-inf
msmarco-passage-trec-dl-2019,359349,2.0,cost-balanced,8192,12288.0,12288.0,3644,5000,0.5930989583333334,100,-inf
msmarco-passage-trec-dl-2019,359349,2.0,cost-balanced,10000,15000.0,15000.0,5000,5000,0.6666666666666666,100,-inf
msmarco-passage-trec-dl-2019,359349,2.0,upper-per-cost,128,192.0,192.0,64,64,0.6666666666666666,21,-0.00021900609135627747
msmarco-passage-trec-dl-2019,359349,2.0,upper-per-cost,256,384.0,384.0,128,128,0.6666666666666666,34,-0.00012802332639694214
msmarco-passage-trec-dl-2019,359349,2.0,upper-per-cost,512,768.0,768.0,224,320,0.5833333333333334,44,-0.00014687702059745789
msmarco-passage-trec-dl-2019,359349,2.0,upper-per-cost,1024,1536.0,1536.0,448,640,0.5833333333333334,64,-3.9480626583099365e-05
msmarco-passage-trec-dl-2019,359349,2.0,upper-per-cost,2048,3072.0,3072.0,896,1280,0.5833333333333334,78,-8.259899914264679e-06
msmarco-passage-trec-dl-2019,359349,2.0,upper-per-cost,4096,6144.0,6144.0,1792,2560,0.5833333333333334,100,-inf
msmarco-passage-trec-dl-2019,359349,2.0,upper-per-cost,8192,12288.0,12288.0,3648,4992,0.59375,100,-inf
msmarco-passage-trec-dl-2019,359349,2.0,upper-per-cost,10000,15000.0,15000.0,5000,5000,0.6666666666666666,100,-inf
msmarco-passage-trec-dl-2019,359349,2.0,blocker-per-cost,128,192.0,192.0,64,64,0.6666666666666666,21,-0.00021900609135627747
msmarco-passage-trec-dl-2019,359349,2.0,blocker-per-cost,256,384.0,384.0,128,128,0.6666666666666666,34,-0.00012802332639694214
msmarco-passage-trec-dl-2019,359349,2.0,blocker-per-cost,512,768.0,768.0,256,256,0.6666666666666666,49,-4.484690725803375e-05
msmarco-passage-trec-dl-2019,359349,2.0,blocker-per-cost,1024,1536.0,1536.0,512,512,0.6666666666666666,66,-1.463666558265686e-05
msmarco-passage-trec-dl-2019,359349,2.0,blocker-per-cost,2048,3072.0,3072.0,960,1152,0.625,100,-inf
msmarco-passage-trec-dl-2019,359349,2.0,blocker-per-cost,4096,6144.0,6144.0,1792,2560,0.5833333333333334,100,-inf
msmarco-passage-trec-dl-2019,359349,2.0,blocker-per-cost,8192,12288.0,12288.0,3648,4992,0.59375,100,-inf
msmarco-passage-trec-dl-2019,359349,2.0,blocker-per-cost,10000,15000.0,15000.0,5000,5000,0.6666666666666666,100,-inf
msmarco-passage-trec-dl-2019,359349,2.0,pressure-per-cost,128,192.0,192.0,64,64,0.6666666666666666,21,-0.00021900609135627747
msmarco-passage-trec-dl-2019,359349,2.0,pressure-per-cost,256,384.0,384.0,128,128,0.6666666666666666,34,-0.00012802332639694214
msmarco-passage-trec-dl-2019,359349,2.0,pressure-per-cost,512,768.0,768.0,256,256,0.6666666666666666,49,-4.484690725803375e-05
msmarco-passage-trec-dl-2019,359349,2.0,pressure-per-cost,1024,1536.0,1536.0,512,512,0.6666666666666666,66,-1.463666558265686e-05
msmarco-passage-trec-dl-2019,359349,2.0,pressure-per-cost,2048,3072.0,3072.0,960,1152,0.625,100,-inf
msmarco-passage-trec-dl-2019,359349,2.0,pressure-per-cost,4096,6144.0,6144.0,1920,2304,0.625,100,-inf
msmarco-passage-trec-dl-2019,359349,2.0,pressure-per-cost,8192,12288.0,12288.0,3776,4736,0.6145833333333334,100,-inf
msmarco-passage-trec-dl-2019,359349,2.0,pressure-per-cost,10000,15000.0,15000.0,5000,5000,0.6666666666666666,100,-inf
msmarco-passage-trec-dl-2019,359349,2.0,candidate-per-cost,128,192.0,192.0,64,64,0.6666666666666666,21,-0.00021900609135627747
msmarco-passage-trec-dl-2019,359349,2.0,candidate-per-cost,256,384.0,384.0,128,128,0.6666666666666666,34,-0.00012802332639694214
msmarco-passage-trec-dl-2019,359349,2.0,candidate-per-cost,512,768.0,768.0,256,256,0.6666666666666666,49,-4.484690725803375e-05
msmarco-passage-trec-dl-2019,359349,2.0,candidate-per-cost,1024,1536.0,1536.0,512,512,0.6666666666666666,66,-1.463666558265686e-05
msmarco-passage-trec-dl-2019,359349,2.0,candidate-per-cost,2048,3072.0,3072.0,960,1152,0.625,100,-inf
msmarco-passage-trec-dl-2019,359349,2.0,candidate-per-cost,4096,6144.0,6144.0,1792,2560,0.5833333333333334,100,-inf
msmarco-passage-trec-dl-2019,359349,2.0,candidate-per-cost,8192,12288.0,12288.0,3648,4992,0.59375,100,-inf
msmarco-passage-trec-dl-2019,359349,2.0,candidate-per-cost,10000,15000.0,15000.0,5000,5000,0.6666666666666666,100,-inf
msmarco-passage-trec-dl-2019,1115776,0.5,cost-balanced,128,96.0,96.0,64,64,0.3333333333333333,15,-8.031725883483887e-06
msmarco-passage-trec-dl-2019,1115776,0.5,cost-balanced,256,192.0,192.0,192,96,0.5,17,-0.00013319961726665497
msmarco-passage-trec-dl-2019,1115776,0.5,cost-balanced,512,384.0,384.0,384,192,0.5,22,-0.0011438839137554169
msmarco-passage-trec-dl-2019,1115776,0.5,cost-balanced,1024,768.0,768.0,768,384,0.5,25,-0.0002842023968696594
msmarco-passage-trec-dl-2019,1115776,0.5,cost-balanced,2048,1536.0,1536.0,1536,768,0.5,28,-0.00034423917531967163
msmarco-passage-trec-dl-2019,1115776,0.5,cost-balanced,4096,3072.0,3072.0,3072,1536,0.5,28,-3.695860505104065e-05
msmarco-passage-trec-dl-2019,1115776,0.5,cost-balanced,8192,6144.0,6144.0,5000,3644,0.4069010416666667,47,-7.506459951400757e-07
msmarco-passage-trec-dl-2019,1115776,0.5,cost-balanced,10000,7500.0,7500.0,5000,5000,0.3333333333333333,47,-7.506459951400757e-07
msmarco-passage-trec-dl-2019,1115776,0.5,upper-per-cost,128,96.0,96.0,64,64,0.3333333333333333,15,-8.031725883483887e-06
msmarco-passage-trec-dl-2019,1115776,0.5,upper-per-cost,256,192.0,192.0,128,128,0.3333333333333333,17,-1.9608065485954285e-05
msmarco-passage-trec-dl-2019,1115776,0.5,upper-per-cost,512,384.0,384.0,320,224,0.4166666666666667,22,-0.0006967559456825256
msmarco-passage-trec-dl-2019,1115776,0.5,upper-per-cost,1024,768.0,768.0,640,448,0.4166666666666667,27,-4.237331449985504e-05
msmarco-passage-trec-dl-2019,1115776,0.5,upper-per-cost,2048,1536.0,1536.0,1280,896,0.4166666666666667,28,-0.0004639420658349991
msmarco-passage-trec-dl-2019,1115776,0.5,upper-per-cost,4096,3072.0,3072.0,2560,1792,0.4166666666666667,28,-9.935349225997925e-05
msmarco-passage-trec-dl-2019,1115776,0.5,upper-per-cost,8192,6144.0,6144.0,4992,3648,0.40625,47,-1.0635703802108765e-06
msmarco-passage-trec-dl-2019,1115776,0.5,upper-per-cost,10000,7500.0,7500.0,5000,5000,0.3333333333333333,47,-7.506459951400757e-07
msmarco-passage-trec-dl-2019,1115776,0.5,blocker-per-cost,128,96.0,96.0,64,64,0.3333333333333333,15,-8.031725883483887e-06
msmarco-passage-trec-dl-2019,1115776,0.5,blocker-per-cost,256,192.0,192.0,128,128,0.3333333333333333,17,-1.9608065485954285e-05
msmarco-passage-trec-dl-2019,1115776,0.5,blocker-per-cost,512,384.0,384.0,256,256,0.3333333333333333,22,-0.0008136723190546036
msmarco-passage-trec-dl-2019,1115776,0.5,blocker-per-cost,1024,768.0,768.0,640,448,0.4166666666666667,27,-4.237331449985504e-05
msmarco-passage-trec-dl-2019,1115776,0.5,blocker-per-cost,2048,1536.0,1536.0,1600,736,0.5208333333333334,28,-0.00032008253037929535
msmarco-passage-trec-dl-2019,1115776,0.5,blocker-per-cost,4096,3072.0,3072.0,3520,1312,0.5729166666666666,29,-2.92360782623291e-05
msmarco-passage-trec-dl-2019,1115776,0.5,blocker-per-cost,8192,6144.0,6144.0,5000,3644,0.4069010416666667,47,-7.506459951400757e-07
msmarco-passage-trec-dl-2019,1115776,0.5,blocker-per-cost,10000,7500.0,7500.0,5000,5000,0.3333333333333333,47,-7.506459951400757e-07
msmarco-passage-trec-dl-2019,1115776,0.5,pressure-per-cost,128,96.0,96.0,64,64,0.3333333333333333,15,-8.031725883483887e-06
msmarco-passage-trec-dl-2019,1115776,0.5,pressure-per-cost,256,192.0,192.0,128,128,0.3333333333333333,17,-1.9608065485954285e-05
msmarco-passage-trec-dl-2019,1115776,0.5,pressure-per-cost,512,384.0,384.0,256,256,0.3333333333333333,22,-0.0008136723190546036
msmarco-passage-trec-dl-2019,1115776,0.5,pressure-per-cost,1024,768.0,768.0,640,448,0.4166666666666667,27,-4.237331449985504e-05
msmarco-passage-trec-dl-2019,1115776,0.5,pressure-per-cost,2048,1536.0,1536.0,1280,896,0.4166666666666667,28,-0.0004639420658349991
msmarco-passage-trec-dl-2019,1115776,0.5,pressure-per-cost,4096,3072.0,3072.0,3520,1312,0.5729166666666666,29,-2.92360782623291e-05
msmarco-passage-trec-dl-2019,1115776,0.5,pressure-per-cost,8192,6144.0,6144.0,5000,3644,0.4069010416666667,47,-7.506459951400757e-07
msmarco-passage-trec-dl-2019,1115776,0.5,pressure-per-cost,10000,7500.0,7500.0,5000,5000,0.3333333333333333,47,-7.506459951400757e-07
msmarco-passage-trec-dl-2019,1115776,0.5,candidate-per-cost,128,96.0,96.0,64,64,0.3333333333333333,15,-8.031725883483887e-06
msmarco-passage-trec-dl-2019,1115776,0.5,candidate-per-cost,256,192.0,192.0,128,128,0.3333333333333333,17,-1.9608065485954285e-05
msmarco-passage-trec-dl-2019,1115776,0.5,candidate-per-cost,512,384.0,384.0,256,256,0.3333333333333333,22,-0.0008136723190546036
msmarco-passage-trec-dl-2019,1115776,0.5,candidate-per-cost,1024,768.0,768.0,640,448,0.4166666666666667,27,-4.237331449985504e-05
msmarco-passage-trec-dl-2019,1115776,0.5,candidate-per-cost,2048,1536.0,1536.0,1600,736,0.5208333333333334,28,-0.00032008253037929535
msmarco-passage-trec-dl-2019,1115776,0.5,candidate-per-cost,4096,3072.0,3072.0,4160,992,0.6770833333333334,29,-0.00025094300508499146
msmarco-passage-trec-dl-2019,1115776,0.5,candidate-per-cost,8192,6144.0,6144.0,5000,3644,0.4069010416666667,47,-7.506459951400757e-07
msmarco-passage-trec-dl-2019,1115776,0.5,candidate-per-cost,10000,7500.0,7500.0,5000,5000,0.3333333333333333,47,-7.506459951400757e-07
msmarco-passage-trec-dl-2019,1115776,2.0,cost-balanced,128,192.0,192.0,64,64,0.6666666666666666,15,-8.031725883483887e-06
msmarco-passage-trec-dl-2019,1115776,2.0,cost-balanced,256,384.0,384.0,128,128,0.6666666666666666,17,-1.9608065485954285e-05
msmarco-passage-trec-dl-2019,1115776,2.0,cost-balanced,512,768.0,768.0,192,384,0.5,19,-8.533895015716553e-05
msmarco-passage-trec-dl-2019,1115776,2.0,cost-balanced,1024,1536.0,1536.0,384,768,0.5,24,-0.0003558844327926636
msmarco-passage-trec-dl-2019,1115776,2.0,cost-balanced,2048,3072.0,3072.0,768,1536,0.5,28,-0.0009254030883312225
msmarco-passage-trec-dl-2019,1115776,2.0,cost-balanced,4096,6144.0,6144.0,1536,3072,0.5,28,-0.00034423917531967163
msmarco-passage-trec-dl-2019,1115776,2.0,cost-balanced,8192,12288.0,12288.0,3644,5000,0.5930989583333334,46,-1.6133300960063934e-05
msmarco-passage-trec-dl-2019,1115776,2.0,cost-balanced,10000,15000.0,15000.0,5000,5000,0.6666666666666666,47,-7.506459951400757e-07
msmarco-passage-trec-dl-2019,1115776,2.0,upper-per-cost,128,192.0,192.0,64,64,0.6666666666666666,15,-8.031725883483887e-06
msmarco-passage-trec-dl-2019,1115776,2.0,upper-per-cost,256,384.0,384.0,128,128,0.6666666666666666,17,-1.9608065485954285e-05
msmarco-passage-trec-dl-2019,1115776,2.0,upper-per-cost,512,768.0,768.0,224,320,0.5833333333333334,20,-0.0005074571818113327
msmarco-passage-trec-dl-2019,1115776,2.0,upper-per-cost,1024,1536.0,1536.0,448,640,0.5833333333333334,24,-7.213465869426727e-05
msmarco-passage-trec-dl-2019,1115776,2.0,upper-per-cost,2048,3072.0,3072.0,896,1280,0.5833333333333334,28,-0.000763697549700737
msmarco-passage-trec-dl-2019,1115776,2.0,upper-per-cost,4096,6144.0,6144.0,1792,2560,0.5833333333333334,28,-0.0002576299011707306
msmarco-passage-trec-dl-2019,1115776,2.0,upper-per-cost,8192,12288.0,12288.0,3648,4992,0.59375,46,-1.584179699420929e-05
msmarco-passage-trec-dl-2019,1115776,2.0,upper-per-cost,10000,15000.0,15000.0,5000,5000,0.6666666666666666,47,-7.506459951400757e-07
msmarco-passage-trec-dl-2019,1115776,2.0,blocker-per-cost,128,192.0,192.0,64,64,0.6666666666666666,15,-8.031725883483887e-06
msmarco-passage-trec-dl-2019,1115776,2.0,blocker-per-cost,256,384.0,384.0,128,128,0.6666666666666666,17,-1.9608065485954285e-05
msmarco-passage-trec-dl-2019,1115776,2.0,blocker-per-cost,512,768.0,768.0,256,256,0.6666666666666666,22,-0.0008136723190546036
msmarco-passage-trec-dl-2019,1115776,2.0,blocker-per-cost,1024,1536.0,1536.0,544,448,0.7083333333333334,25,-4.578009247779846e-05
msmarco-passage-trec-dl-2019,1115776,2.0,blocker-per-cost,2048,3072.0,3072.0,1216,640,0.7916666666666666,28,-0.0005013719201087952
msmarco-passage-trec-dl-2019,1115776,2.0,blocker-per-cost,4096,6144.0,6144.0,2624,896,0.8541666666666666,28,-9.025074541568756e-05
msmarco-passage-trec-dl-2019,1115776,2.0,blocker-per-cost,8192,12288.0,12288.0,4448,3392,0.7239583333333334,47,-2.495013177394867e-05
msmarco-passage-trec-dl-2019,1115776,2.0,blocker-per-cost,10000,15000.0,15000.0,5000,5000,0.6666666666666666,47,-7.506459951400757e-07
msmarco-passage-trec-dl-2019,1115776,2.0,pressure-per-cost,128,192.0,192.0,64,64,0.6666666666666666,15,-8.031725883483887e-06
msmarco-passage-trec-dl-2019,1115776,2.0,pressure-per-cost,256,384.0,384.0,128,128,0.6666666666666666,17,-1.9608065485954285e-05
msmarco-passage-trec-dl-2019,1115776,2.0,pressure-per-cost,512,768.0,768.0,256,256,0.6666666666666666,22,-0.0008136723190546036
msmarco-passage-trec-dl-2019,1115776,2.0,pressure-per-cost,1024,1536.0,1536.0,544,448,0.7083333333333334,25,-4.578009247779846e-05
msmarco-passage-trec-dl-2019,1115776,2.0,pressure-per-cost,2048,3072.0,3072.0,1056,960,0.6875,28,-0.000613730400800705
msmarco-passage-trec-dl-2019,1115776,2.0,pressure-per-cost,4096,6144.0,6144.0,2592,960,0.84375,28,-9.474717080593109e-05
msmarco-passage-trec-dl-2019,1115776,2.0,pressure-per-cost,8192,12288.0,12288.0,4448,3392,0.7239583333333334,47,-2.495013177394867e-05
msmarco-passage-trec-dl-2019,1115776,2.0,pressure-per-cost,10000,15000.0,15000.0,5000,5000,0.6666666666666666,47,-7.506459951400757e-07
msmarco-passage-trec-dl-2019,1115776,2.0,candidate-per-cost,128,192.0,192.0,64,64,0.6666666666666666,15,-8.031725883483887e-06
msmarco-passage-trec-dl-2019,1115776,2.0,candidate-per-cost,256,384.0,384.0,128,128,0.6666666666666666,17,-1.9608065485954285e-05
msmarco-passage-trec-dl-2019,1115776,2.0,candidate-per-cost,512,768.0,768.0,256,256,0.6666666666666666,22,-0.0008136723190546036
msmarco-passage-trec-dl-2019,1115776,2.0,candidate-per-cost,1024,1536.0,1536.0,544,448,0.7083333333333334,25,-4.578009247779846e-05
msmarco-passage-trec-dl-2019,1115776,2.0,candidate-per-cost,2048,3072.0,3072.0,1216,640,0.7916666666666666,28,-0.0005013719201087952
msmarco-passage-trec-dl-2019,1115776,2.0,candidate-per-cost,4096,6144.0,6144.0,2624,896,0.8541666666666666,28,-9.025074541568756e-05
msmarco-passage-trec-dl-2019,1115776,2.0,candidate-per-cost,8192,12288.0,12288.0,5000,2288,0.8138020833333334,40,-0.00010870769619941711
msmarco-passage-trec-dl-2019,1115776,2.0,candidate-per-cost,10000,15000.0,15000.0,5000,5000,0.6666666666666666,47,-7.506459951400757e-07
msmarco-passage-trec-dl-2019,1112341,0.5,cost-balanced,128,96.0,96.0,64,64,0.3333333333333333,7,-0.0016664955765008926
msmarco-passage-trec-dl-2019,1112341,0.5,cost-balanced,256,192.0,192.0,192,96,0.5,9,-0.0001922212541103363
msmarco-passage-trec-dl-2019,1112341,0.5,cost-balanced,512,384.0,384.0,384,192,0.5,14,-0.00024579092860221863
msmarco-passage-trec-dl-2019,1112341,0.5,cost-balanced,1024,768.0,768.0,768,384,0.5,19,-0.00016565434634685516
msmarco-passage-trec-dl-2019,1112341,0.5,cost-balanced,2048,1536.0,1536.0,1536,768,0.5,25,-2.1593645215034485e-05
msmarco-passage-trec-dl-2019,1112341,0.5,cost-balanced,4096,3072.0,3072.0,3072,1536,0.5,27,-4.709325730800629e-05
msmarco-passage-trec-dl-2019,1112341,0.5,cost-balanced,8192,6144.0,6144.0,5000,3644,0.4069010416666667,32,-4.731304943561554e-05
msmarco-passage-trec-dl-2019,1112341,0.5,cost-balanced,10000,7500.0,7500.0,5000,5000,0.3333333333333333,33,-8.299201726913452e-05
msmarco-passage-trec-dl-2019,1112341,0.5,upper-per-cost,128,96.0,96.0,64,64,0.3333333333333333,7,-0.0016664955765008926
msmarco-passage-trec-dl-2019,1112341,0.5,upper-per-cost,256,192.0,192.0,128,128,0.3333333333333333,10,-0.00041441619396209717
msmarco-passage-trec-dl-2019,1112341,0.5,upper-per-cost,512,384.0,384.0,320,224,0.4166666666666667,16,-0.00038933567702770233
msmarco-passage-trec-dl-2019,1112341,0.5,upper-per-cost,1024,768.0,768.0,640,448,0.4166666666666667,19,-0.00011041387915611267
msmarco-passage-trec-dl-2019,1112341,0.5,upper-per-cost,2048,1536.0,1536.0,1280,896,0.4166666666666667,22,-0.00019265525043010712
msmarco-passage-trec-dl-2019,1112341,0.5,upper-per-cost,4096,3072.0,3072.0,2560,1792,0.4166666666666667,27,-5.934014916419983e-05
msmarco-passage-trec-dl-2019,1112341,0.5,upper-per-cost,8192,6144.0,6144.0,4992,3648,0.40625,32,-4.702061414718628e-05
msmarco-passage-trec-dl-2019,1112341,0.5,upper-per-cost,10000,7500.0,7500.0,5000,5000,0.3333333333333333,33,-8.299201726913452e-05
msmarco-passage-trec-dl-2019,1112341,0.5,blocker-per-cost,128,96.0,96.0,64,64,0.3333333333333333,7,-0.0016664955765008926
msmarco-passage-trec-dl-2019,1112341,0.5,blocker-per-cost,256,192.0,192.0,128,128,0.3333333333333333,10,-0.00041441619396209717
msmarco-passage-trec-dl-2019,1112341,0.5,blocker-per-cost,512,384.0,384.0,256,256,0.3333333333333333,14,-0.0002105366438627243
msmarco-passage-trec-dl-2019,1112341,0.5,blocker-per-cost,1024,768.0,768.0,640,448,0.4166666666666667,19,-0.00011041387915611267
msmarco-passage-trec-dl-2019,1112341,0.5,blocker-per-cost,2048,1536.0,1536.0,1344,864,0.4375,27,-0.000669039785861969
msmarco-passage-trec-dl-2019,1112341,0.5,blocker-per-cost,4096,3072.0,3072.0,2880,1632,0.46875,27,-2.0660459995269775e-05
msmarco-passage-trec-dl-2019,1112341,0.5,blocker-per-cost,8192,6144.0,6144.0,3008,4640,0.24479166666666666,33,-9.812973439693451e-05
msmarco-passage-trec-dl-2019,1112341,0.5,blocker-per-cost,10000,7500.0,7500.0,5000,5000,0.3333333333333333,33,-8.299201726913452e-05
msmarco-passage-trec-dl-2019,1112341,0.5,pressure-per-cost,128,96.0,96.0,64,64,0.3333333333333333,7,-0.0016664955765008926
msmarco-passage-trec-dl-2019,1112341,0.5,pressure-per-cost,256,192.0,192.0,128,128,0.3333333333333333,10,-0.00041441619396209717
msmarco-passage-trec-dl-2019,1112341,0.5,pressure-per-cost,512,384.0,384.0,320,224,0.4166666666666667,16,-0.00038933567702770233
msmarco-passage-trec-dl-2019,1112341,0.5,pressure-per-cost,1024,768.0,768.0,640,448,0.4166666666666667,19,-0.00011041387915611267
msmarco-passage-trec-dl-2019,1112341,0.5,pressure-per-cost,2048,1536.0,1536.0,1344,864,0.4375,27,-0.000669039785861969
msmarco-passage-trec-dl-2019,1112341,0.5,pressure-per-cost,4096,3072.0,3072.0,2752,1696,0.4479166666666667,27,-3.327801823616028e-05
msmarco-passage-trec-dl-2019,1112341,0.5,pressure-per-cost,8192,6144.0,6144.0,3008,4640,0.24479166666666666,33,-9.812973439693451e-05
msmarco-passage-trec-dl-2019,1112341,0.5,pressure-per-cost,10000,7500.0,7500.0,5000,5000,0.3333333333333333,33,-8.299201726913452e-05
msmarco-passage-trec-dl-2019,1112341,0.5,candidate-per-cost,128,96.0,96.0,64,64,0.3333333333333333,7,-0.0016664955765008926
msmarco-passage-trec-dl-2019,1112341,0.5,candidate-per-cost,256,192.0,192.0,128,128,0.3333333333333333,10,-0.00041441619396209717
msmarco-passage-trec-dl-2019,1112341,0.5,candidate-per-cost,512,384.0,384.0,256,256,0.3333333333333333,14,-0.0002105366438627243
msmarco-passage-trec-dl-2019,1112341,0.5,candidate-per-cost,1024,768.0,768.0,640,448,0.4166666666666667,19,-0.00011041387915611267
msmarco-passage-trec-dl-2019,1112341,0.5,candidate-per-cost,2048,1536.0,1536.0,1344,864,0.4375,27,-0.000669039785861969
msmarco-passage-trec-dl-2019,1112341,0.5,candidate-per-cost,4096,3072.0,3072.0,2880,1632,0.46875,27,-2.0660459995269775e-05
msmarco-passage-trec-dl-2019,1112341,0.5,candidate-per-cost,8192,6144.0,6144.0,3008,4640,0.24479166666666666,33,-9.812973439693451e-05
msmarco-passage-trec-dl-2019,1112341,0.5,candidate-per-cost,10000,7500.0,7500.0,5000,5000,0.3333333333333333,33,-8.299201726913452e-05
msmarco-passage-trec-dl-2019,1112341,2.0,cost-balanced,128,192.0,192.0,64,64,0.6666666666666666,7,-0.0016664955765008926
msmarco-passage-trec-dl-2019,1112341,2.0,cost-balanced,256,384.0,384.0,128,128,0.6666666666666666,10,-0.00041441619396209717
msmarco-passage-trec-dl-2019,1112341,2.0,cost-balanced,512,768.0,768.0,192,384,0.5,13,-0.00010975822806358337
msmarco-passage-trec-dl-2019,1112341,2.0,cost-balanced,1024,1536.0,1536.0,384,768,0.5,17,-2.1299347281455994e-05
msmarco-passage-trec-dl-2019,1112341,2.0,cost-balanced,2048,3072.0,3072.0,768,1536,0.5,20,-4.842877388000488e-05
msmarco-passage-trec-dl-2019,1112341,2.0,cost-balanced,4096,6144.0,6144.0,1536,3072,0.5,27,-0.0003042258322238922
msmarco-passage-trec-dl-2019,1112341,2.0,cost-balanced,8192,12288.0,12288.0,3644,5000,0.5930989583333334,33,-8.299201726913452e-05
msmarco-passage-trec-dl-2019,1112341,2.0,cost-balanced,10000,15000.0,15000.0,5000,5000,0.6666666666666666,33,-8.299201726913452e-05
msmarco-passage-trec-dl-2019,1112341,2.0,upper-per-cost,128,192.0,192.0,64,64,0.6666666666666666,7,-0.0016664955765008926
msmarco-passage-trec-dl-2019,1112341,2.0,upper-per-cost,256,384.0,384.0,128,128,0.6666666666666666,10,-0.00041441619396209717
msmarco-passage-trec-dl-2019,1112341,2.0,upper-per-cost,512,768.0,768.0,224,320,0.5833333333333334,14,-0.0005671046674251556
msmarco-passage-trec-dl-2019,1112341,2.0,upper-per-cost,1024,1536.0,1536.0,448,640,0.5833333333333334,18,-0.00016164779663085938
msmarco-passage-trec-dl-2019,1112341,2.0,upper-per-cost,2048,3072.0,3072.0,896,1280,0.5833333333333334,21,-0.00013106875121593475
msmarco-passage-trec-dl-2019,1112341,2.0,upper-per-cost,4096,6144.0,6144.0,1792,2560,0.5833333333333334,27,-0.00021761655807495117
msmarco-passage-trec-dl-2019,1112341,2.0,upper-per-cost,8192,12288.0,12288.0,3648,4992,0.59375,33,-8.330494165420532e-05
msmarco-passage-trec-dl-2019,1112341,2.0,upper-per-cost,10000,15000.0,15000.0,5000,5000,0.6666666666666666,33,-8.299201726913452e-05
msmarco-passage-trec-dl-2019,1112341,2.0,blocker-per-cost,128,192.0,192.0,64,64,0.6666666666666666,7,-0.0016664955765008926
msmarco-passage-trec-dl-2019,1112341,2.0,blocker-per-cost,256,384.0,384.0,128,128,0.6666666666666666,10,-0.00041441619396209717
msmarco-passage-trec-dl-2019,1112341,2.0,blocker-per-cost,512,768.0,768.0,256,256,0.6666666666666666,14,-0.0002105366438627243
msmarco-passage-trec-dl-2019,1112341,2.0,blocker-per-cost,1024,1536.0,1536.0,576,384,0.75,19,-0.0002541709691286087
msmarco-passage-trec-dl-2019,1112341,2.0,blocker-per-cost,2048,3072.0,3072.0,1216,640,0.7916666666666666,22,-0.0002300851047039032
msmarco-passage-trec-dl-2019,1112341,2.0,blocker-per-cost,4096,6144.0,6144.0,2336,1472,0.7604166666666666,27,-9.502284228801727e-05
msmarco-passage-trec-dl-2019,1112341,2.0,blocker-per-cost,8192,12288.0,12288.0,3644,5000,0.5930989583333334,33,-8.299201726913452e-05
msmarco-passage-trec-dl-2019,1112341,2.0,blocker-per-cost,10000,15000.0,15000.0,5000,5000,0.6666666666666666,33,-8.299201726913452e-05
msmarco-passage-trec-dl-2019,1112341,2.0,pressure-per-cost,128,192.0,192.0,64,64,0.6666666666666666,7,-0.0016664955765008926
msmarco-passage-trec-dl-2019,1112341,2.0,pressure-per-cost,256,384.0,384.0,128,128,0.6666666666666666,10,-0.00041441619396209717
msmarco-passage-trec-dl-2019,1112341,2.0,pressure-per-cost,512,768.0,768.0,256,256,0.6666666666666666,14,-0.0002105366438627243
msmarco-passage-trec-dl-2019,1112341,2.0,pressure-per-cost,1024,1536.0,1536.0,544,448,0.7083333333333334,19,-0.00033747218549251556
msmarco-passage-trec-dl-2019,1112341,2.0,pressure-per-cost,2048,3072.0,3072.0,1184,704,0.7708333333333334,22,-0.00025024451315402985
msmarco-passage-trec-dl-2019,1112341,2.0,pressure-per-cost,4096,6144.0,6144.0,2208,1728,0.71875,27,-0.00011857785284519196
msmarco-passage-trec-dl-2019,1112341,2.0,pressure-per-cost,8192,12288.0,12288.0,3644,5000,0.5930989583333334,33,-8.299201726913452e-05
msmarco-passage-trec-dl-2019,1112341,2.0,pressure-per-cost,10000,15000.0,15000.0,5000,5000,0.6666666666666666,33,-8.299201726913452e-05
msmarco-passage-trec-dl-2019,1112341,2.0,candidate-per-cost,128,192.0,192.0,64,64,0.6666666666666666,7,-0.0016664955765008926
msmarco-passage-trec-dl-2019,1112341,2.0,candidate-per-cost,256,384.0,384.0,128,128,0.6666666666666666,10,-0.00041441619396209717
msmarco-passage-trec-dl-2019,1112341,2.0,candidate-per-cost,512,768.0,768.0,256,256,0.6666666666666666,14,-0.0002105366438627243
msmarco-passage-trec-dl-2019,1112341,2.0,candidate-per-cost,1024,1536.0,1536.0,576,384,0.75,19,-0.0002541709691286087
msmarco-passage-trec-dl-2019,1112341,2.0,candidate-per-cost,2048,3072.0,3072.0,1216,640,0.7916666666666666,22,-0.0002300851047039032
msmarco-passage-trec-dl-2019,1112341,2.0,candidate-per-cost,4096,6144.0,6144.0,2336,1472,0.7604166666666666,27,-9.502284228801727e-05
msmarco-passage-trec-dl-2019,1112341,2.0,candidate-per-cost,8192,12288.0,12288.0,3644,5000,0.5930989583333334,33,-8.299201726913452e-05
msmarco-passage-trec-dl-2019,1112341,2.0,candidate-per-cost,10000,15000.0,15000.0,5000,5000,0.6666666666666666,33,-8.299201726913452e-05
msmarco-passage-trec-dl-2019,131843,0.5,cost-balanced,128,96.0,96.0,64,64,0.3333333333333333,8,-0.0011946558952331543
msmarco-passage-trec-dl-2019,131843,0.5,cost-balanced,256,192.0,192.0,192,96,0.5,9,-0.0024144239723682404
msmarco-passage-trec-dl-2019,131843,0.5,cost-balanced,512,384.0,384.0,384,192,0.5,10,-0.003767790272831917
msmarco-passage-trec-dl-2019,131843,0.5,cost-balanced,1024,768.0,768.0,768,384,0.5,10,-0.0020517874509096146
msmarco-passage-trec-dl-2019,131843,0.5,cost-balanced,2048,1536.0,1536.0,1536,768,0.5,10,-0.0010072644799947739
msmarco-passage-trec-dl-2019,131843,0.5,cost-balanced,4096,3072.0,3072.0,3072,1536,0.5,10,-0.0004261024296283722
msmarco-passage-trec-dl-2019,131843,0.5,cost-balanced,8192,6144.0,6144.0,5000,3644,0.4069010416666667,10,-6.951391696929932e-05
msmarco-passage-trec-dl-2019,131843,0.5,cost-balanced,10000,7500.0,7500.0,5000,5000,0.3333333333333333,11,-1.584552228450775e-05
msmarco-passage-trec-dl-2019,131843,0.5,upper-per-cost,128,96.0,96.0,64,64,0.3333333333333333,8,-0.0011946558952331543
msmarco-passage-trec-dl-2019,131843,0.5,upper-per-cost,256,192.0,192.0,128,128,0.3333333333333333,9,-0.0013233162462711334
msmarco-passage-trec-dl-2019,131843,0.5,upper-per-cost,512,384.0,384.0,320,224,0.4166666666666667,10,-0.0035211266949772835
msmarco-passage-trec-dl-2019,131843,0.5,upper-per-cost,1024,768.0,768.0,640,448,0.4166666666666667,10,-0.0017680395394563675
msmarco-passage-trec-dl-2019,131843,0.5,upper-per-cost,2048,1536.0,1536.0,1280,896,0.4166666666666667,10,-0.0008455608040094376
msmarco-passage-trec-dl-2019,131843,0.5,upper-per-cost,4096,3072.0,3072.0,2560,1792,0.4166666666666667,10,-0.00033949315547943115
msmarco-passage-trec-dl-2019,131843,0.5,upper-per-cost,8192,6144.0,6144.0,4992,3648,0.40625,10,-6.922334432601929e-05
msmarco-passage-trec-dl-2019,131843,0.5,upper-per-cost,10000,7500.0,7500.0,5000,5000,0.3333333333333333,11,-1.584552228450775e-05
msmarco-passage-trec-dl-2019,131843,0.5,blocker-per-cost,128,96.0,96.0,64,64,0.3333333333333333,8,-0.0011946558952331543
msmarco-passage-trec-dl-2019,131843,0.5,blocker-per-cost,256,192.0,192.0,128,128,0.3333333333333333,9,-0.0013233162462711334
msmarco-passage-trec-dl-2019,131843,0.5,blocker-per-cost,512,384.0,384.0,256,256,0.3333333333333333,10,-0.003164556808769703
msmarco-passage-trec-dl-2019,131843,0.5,blocker-per-cost,1024,768.0,768.0,512,512,0.3333333333333333,10,-0.0015477873384952545
msmarco-passage-trec-dl-2019,131843,0.5,blocker-per-cost,2048,1536.0,1536.0,1024,1024,0.3333333333333333,10,-0.0007220450788736343
msmarco-passage-trec-dl-2019,131843,0.5,blocker-per-cost,4096,3072.0,3072.0,2048,2048,0.3333333333333333,10,-0.0002739187330007553
msmarco-passage-trec-dl-2019,131843,0.5,blocker-per-cost,8192,6144.0,6144.0,4096,4096,0.3333333333333333,10,-4.015117883682251e-05
msmarco-passage-trec-dl-2019,131843,0.5,blocker-per-cost,10000,7500.0,7500.0,5000,5000,0.3333333333333333,11,-1.584552228450775e-05
msmarco-passage-trec-dl-2019,131843,0.5,pressure-per-cost,128,96.0,96.0,64,64,0.3333333333333333,8,-0.0011946558952331543
msmarco-passage-trec-dl-2019,131843,0.5,pressure-per-cost,256,192.0,192.0,128,128,0.3333333333333333,9,-0.0013233162462711334
msmarco-passage-trec-dl-2019,131843,0.5,pressure-per-cost,512,384.0,384.0,256,256,0.3333333333333333,10,-0.003164556808769703
msmarco-passage-trec-dl-2019,131843,0.5,pressure-per-cost,1024,768.0,768.0,576,480,0.375,10,-0.0016513876616954803
msmarco-passage-trec-dl-2019,131843,0.5,pressure-per-cost,2048,1536.0,1536.0,1280,896,0.4166666666666667,10,-0.0008455608040094376
msmarco-passage-trec-dl-2019,131843,0.5,pressure-per-cost,4096,3072.0,3072.0,2304,1920,0.375,10,-0.0003045853227376938
msmarco-passage-trec-dl-2019,131843,0.5,pressure-per-cost,8192,6144.0,6144.0,4992,3648,0.40625,10,-6.922334432601929e-05
msmarco-passage-trec-dl-2019,131843,0.5,pressure-per-cost,10000,7500.0,7500.0,5000,5000,0.3333333333333333,11,-1.584552228450775e-05
msmarco-passage-trec-dl-2019,131843,0.5,candidate-per-cost,128,96.0,96.0,64,64,0.3333333333333333,8,-0.0011946558952331543
msmarco-passage-trec-dl-2019,131843,0.5,candidate-per-cost,256,192.0,192.0,128,128,0.3333333333333333,9,-0.0013233162462711334
msmarco-passage-trec-dl-2019,131843,0.5,candidate-per-cost,512,384.0,384.0,384,192,0.5,10,-0.003767790272831917
msmarco-passage-trec-dl-2019,131843,0.5,candidate-per-cost,1024,768.0,768.0,512,512,0.3333333333333333,10,-0.0015477873384952545
msmarco-passage-trec-dl-2019,131843,0.5,candidate-per-cost,2048,1536.0,1536.0,1024,1024,0.3333333333333333,10,-0.0007220450788736343
msmarco-passage-trec-dl-2019,131843,0.5,candidate-per-cost,4096,3072.0,3072.0,2048,2048,0.3333333333333333,10,-0.0002739187330007553
msmarco-passage-trec-dl-2019,131843,0.5,candidate-per-cost,8192,6144.0,6144.0,4096,4096,0.3333333333333333,10,-4.015117883682251e-05
msmarco-passage-trec-dl-2019,131843,0.5,candidate-per-cost,10000,7500.0,7500.0,5000,5000,0.3333333333333333,11,-1.584552228450775e-05
msmarco-passage-trec-dl-2019,131843,2.0,cost-balanced,128,192.0,192.0,64,64,0.6666666666666666,8,-0.0011946558952331543
msmarco-passage-trec-dl-2019,131843,2.0,cost-balanced,256,384.0,384.0,128,128,0.6666666666666666,9,-0.0013233162462711334
msmarco-passage-trec-dl-2019,131843,2.0,cost-balanced,512,768.0,768.0,192,384,0.5,10,-0.0037351539358496666
msmarco-passage-trec-dl-2019,131843,2.0,cost-balanced,1024,1536.0,1536.0,384,768,0.5,10,-0.0020517874509096146
msmarco-passage-trec-dl-2019,131843,2.0,cost-balanced,2048,3072.0,3072.0,768,1536,0.5,10,-0.0010072644799947739
msmarco-passage-trec-dl-2019,131843,2.0,cost-balanced,4096,6144.0,6144.0,1536,3072,0.5,10,-0.0004261024296283722
msmarco-passage-trec-dl-2019,131843,2.0,cost-balanced,8192,12288.0,12288.0,3644,5000,0.5930989583333334,10,-6.951391696929932e-05
msmarco-passage-trec-dl-2019,131843,2.0,cost-balanced,10000,15000.0,15000.0,5000,5000,0.6666666666666666,11,-1.584552228450775e-05
msmarco-passage-trec-dl-2019,131843,2.0,upper-per-cost,128,192.0,192.0,64,64,0.6666666666666666,8,-0.0011946558952331543
msmarco-passage-trec-dl-2019,131843,2.0,upper-per-cost,256,384.0,384.0,128,128,0.6666666666666666,9,-0.0013233162462711334
msmarco-passage-trec-dl-2019,131843,2.0,upper-per-cost,512,768.0,768.0,224,320,0.5833333333333334,10,-0.0032880259677767754
msmarco-passage-trec-dl-2019,131843,2.0,upper-per-cost,1024,1536.0,1536.0,448,640,0.5833333333333334,10,-0.0017680395394563675
msmarco-passage-trec-dl-2019,131843,2.0,upper-per-cost,2048,3072.0,3072.0,896,1280,0.5833333333333334,10,-0.0008455608040094376
msmarco-passage-trec-dl-2019,131843,2.0,upper-per-cost,4096,6144.0,6144.0,1792,2560,0.5833333333333334,10,-0.00033949315547943115
msmarco-passage-trec-dl-2019,131843,2.0,upper-per-cost,8192,12288.0,12288.0,3648,4992,0.59375,10,-6.922334432601929e-05
msmarco-passage-trec-dl-2019,131843,2.0,upper-per-cost,10000,15000.0,15000.0,5000,5000,0.6666666666666666,11,-1.584552228450775e-05
msmarco-passage-trec-dl-2019,131843,2.0,blocker-per-cost,128,192.0,192.0,64,64,0.6666666666666666,8,-0.0011946558952331543
msmarco-passage-trec-dl-2019,131843,2.0,blocker-per-cost,256,384.0,384.0,128,128,0.6666666666666666,9,-0.0013233162462711334
msmarco-passage-trec-dl-2019,131843,2.0,blocker-per-cost,512,768.0,768.0,256,256,0.6666666666666666,10,-0.003164556808769703
msmarco-passage-trec-dl-2019,131843,2.0,blocker-per-cost,1024,1536.0,1536.0,512,512,0.6666666666666666,10,-0.0015477873384952545
msmarco-passage-trec-dl-2019,131843,2.0,blocker-per-cost,2048,3072.0,3072.0,1024,1024,0.6666666666666666,10,-0.0007220450788736343
msmarco-passage-trec-dl-2019,131843,2.0,blocker-per-cost,4096,6144.0,6144.0,2048,2048,0.6666666666666666,10,-0.0002739187330007553
msmarco-passage-trec-dl-2019,131843,2.0,blocker-per-cost,8192,12288.0,12288.0,4096,4096,0.6666666666666666,10,-4.015117883682251e-05
msmarco-passage-trec-dl-2019,131843,2.0,blocker-per-cost,10000,15000.0,15000.0,5000,5000,0.6666666666666666,11,-1.584552228450775e-05
msmarco-passage-trec-dl-2019,131843,2.0,pressure-per-cost,128,192.0,192.0,64,64,0.6666666666666666,8,-0.0011946558952331543
msmarco-passage-trec-dl-2019,131843,2.0,pressure-per-cost,256,384.0,384.0,128,128,0.6666666666666666,9,-0.0013233162462711334
msmarco-passage-trec-dl-2019,131843,2.0,pressure-per-cost,512,768.0,768.0,224,320,0.5833333333333334,10,-0.0032880259677767754
msmarco-passage-trec-dl-2019,131843,2.0,pressure-per-cost,1024,1536.0,1536.0,448,640,0.5833333333333334,10,-0.0017680395394563675
msmarco-passage-trec-dl-2019,131843,2.0,pressure-per-cost,2048,3072.0,3072.0,960,1152,0.625,10,-0.0007799286395311356
msmarco-passage-trec-dl-2019,131843,2.0,pressure-per-cost,4096,6144.0,6144.0,1920,2304,0.625,10,-0.0003045853227376938
msmarco-passage-trec-dl-2019,131843,2.0,pressure-per-cost,8192,12288.0,12288.0,3648,4992,0.59375,10,-6.922334432601929e-05
msmarco-passage-trec-dl-2019,131843,2.0,pressure-per-cost,10000,15000.0,15000.0,5000,5000,0.6666666666666666,11,-1.584552228450775e-05
msmarco-passage-trec-dl-2019,131843,2.0,candidate-per-cost,128,192.0,192.0,64,64,0.6666666666666666,8,-0.0011946558952331543
msmarco-passage-trec-dl-2019,131843,2.0,candidate-per-cost,256,384.0,384.0,128,128,0.6666666666666666,9,-0.0013233162462711334
msmarco-passage-trec-dl-2019,131843,2.0,candidate-per-cost,512,768.0,768.0,288,192,0.75,10,-0.003968254663050175
msmarco-passage-trec-dl-2019,131843,2.0,candidate-per-cost,1024,1536.0,1536.0,512,512,0.6666666666666666,10,-0.0015477873384952545
msmarco-passage-trec-dl-2019,131843,2.0,candidate-per-cost,2048,3072.0,3072.0,1024,1024,0.6666666666666666,10,-0.0007220450788736343
msmarco-passage-trec-dl-2019,131843,2.0,candidate-per-cost,4096,6144.0,6144.0,2048,2048,0.6666666666666666,10,-0.0002739187330007553
msmarco-passage-trec-dl-2019,131843,2.0,candidate-per-cost,8192,12288.0,12288.0,4096,4096,0.6666666666666666,10,-4.015117883682251e-05
msmarco-passage-trec-dl-2019,131843,2.0,candidate-per-cost,10000,15000.0,15000.0,5000,5000,0.6666666666666666,11,-1.584552228450775e-05
msmarco-passage-trec-dl-2019,104861,0.5,cost-balanced,128,96.0,96.0,64,64,0.3333333333333333,1,-0.0001987908035516739
msmarco-passage-trec-dl-2019,104861,0.5,cost-balanced,256,192.0,192.0,192,96,0.5,3,-0.000830652192234993
msmarco-passage-trec-dl-2019,104861,0.5,cost-balanced,512,384.0,384.0,384,192,0.5,19,-9.899958968162537e-05
msmarco-passage-trec-dl-2019,104861,0.5,cost-balanced,1024,768.0,768.0,768,384,0.5,29,-0.00024434737861156464
msmarco-passage-trec-dl-2019,104861,0.5,cost-balanced,2048,1536.0,1536.0,1536,768,0.5,41,-2.3389235138893127e-05
msmarco-passage-trec-dl-2019,104861,0.5,cost-balanced,4096,3072.0,3072.0,3072,1536,0.5,46,-5.381926894187927e-05
msmarco-passage-trec-dl-2019,104861,0.5,cost-balanced,8192,6144.0,6144.0,5000,3644,0.4069010416666667,57,-0.00012140534818172455
msmarco-passage-trec-dl-2019,104861,0.5,cost-balanced,10000,7500.0,7500.0,5000,5000,0.3333333333333333,57,-0.00012140534818172455
msmarco-passage-trec-dl-2019,104861,0.5,upper-per-cost,128,96.0,96.0,64,64,0.3333333333333333,1,-0.0001987908035516739
msmarco-passage-trec-dl-2019,104861,0.5,upper-per-cost,256,192.0,192.0,128,128,0.3333333333333333,4,-0.00023880600929260254
msmarco-passage-trec-dl-2019,104861,0.5,upper-per-cost,512,384.0,384.0,320,224,0.4166666666666667,21,-0.0003213547170162201
msmarco-passage-trec-dl-2019,104861,0.5,upper-per-cost,1024,768.0,768.0,640,448,0.4166666666666667,29,-4.647485911846161e-05
msmarco-passage-trec-dl-2019,104861,0.5,upper-per-cost,2048,1536.0,1536.0,1280,896,0.4166666666666667,35,-5.469471216201782e-05
msmarco-passage-trec-dl-2019,104861,0.5,upper-per-cost,4096,3072.0,3072.0,2560,1792,0.4166666666666667,45,-5.185417830944061e-05
msmarco-passage-trec-dl-2019,104861,0.5,upper-per-cost,8192,6144.0,6144.0,4992,3648,0.40625,57,-0.00012171827256679535
msmarco-passage-trec-dl-2019,104861,0.5,upper-per-cost,10000,7500.0,7500.0,5000,5000,0.3333333333333333,57,-0.00012140534818172455
msmarco-passage-trec-dl-2019,104861,0.5,blocker-per-cost,128,96.0,96.0,64,64,0.3333333333333333,1,-0.0001987908035516739
msmarco-passage-trec-dl-2019,104861,0.5,blocker-per-cost,256,192.0,192.0,128,128,0.3333333333333333,4,-0.00023880600929260254
msmarco-passage-trec-dl-2019,104861,0.5,blocker-per-cost,512,384.0,384.0,320,224,0.4166666666666667,21,-0.0003213547170162201
msmarco-passage-trec-dl-2019,104861,0.5,blocker-per-cost,1024,768.0,768.0,704,416,0.4583333333333333,30,-6.943754851818085e-05
msmarco-passage-trec-dl-2019,104861,0.5,blocker-per-cost,2048,1536.0,1536.0,1984,544,0.6458333333333334,43,-0.0003997962921857834
msmarco-passage-trec-dl-2019,104861,0.5,blocker-per-cost,4096,3072.0,3072.0,4928,608,0.8020833333333334,57,-0.00012425798922777176
msmarco-passage-trec-dl-2019,104861,0.5,blocker-per-cost,8192,6144.0,6144.0,5000,3644,0.4069010416666667,57,-0.00012140534818172455
msmarco-passage-trec-dl-2019,104861,0.5,blocker-per-cost,10000,7500.0,7500.0,5000,5000,0.3333333333333333,57,-0.00012140534818172455
msmarco-passage-trec-dl-2019,104861,0.5,pressure-per-cost,128,96.0,96.0,64,64,0.3333333333333333,1,-0.0001987908035516739
msmarco-passage-trec-dl-2019,104861,0.5,pressure-per-cost,256,192.0,192.0,128,128,0.3333333333333333,4,-0.00023880600929260254
msmarco-passage-trec-dl-2019,104861,0.5,pressure-per-cost,512,384.0,384.0,320,224,0.4166666666666667,21,-0.0003213547170162201
msmarco-passage-trec-dl-2019,104861,0.5,pressure-per-cost,1024,768.0,768.0,704,416,0.4583333333333333,30,-6.943754851818085e-05
msmarco-passage-trec-dl-2019,104861,0.5,pressure-per-cost,2048,1536.0,1536.0,1856,608,0.6041666666666666,43,-0.00022988393902778625
msmarco-passage-trec-dl-2019,104861,0.5,pressure-per-cost,4096,3072.0,3072.0,4928,608,0.8020833333333334,57,-0.00012425798922777176
msmarco-passage-trec-dl-2019,104861,0.5,pressure-per-cost,8192,6144.0,6144.0,5000,3644,0.4069010416666667,57,-0.00012140534818172455
msmarco-passage-trec-dl-2019,104861,0.5,pressure-per-cost,10000,7500.0,7500.0,5000,5000,0.3333333333333333,57,-0.00012140534818172455
msmarco-passage-trec-dl-2019,104861,0.5,candidate-per-cost,128,96.0,96.0,64,64,0.3333333333333333,1,-0.0001987908035516739
msmarco-passage-trec-dl-2019,104861,0.5,candidate-per-cost,256,192.0,192.0,128,128,0.3333333333333333,4,-0.00023880600929260254
msmarco-passage-trec-dl-2019,104861,0.5,candidate-per-cost,512,384.0,384.0,320,224,0.4166666666666667,21,-0.0003213547170162201
msmarco-passage-trec-dl-2019,104861,0.5,candidate-per-cost,1024,768.0,768.0,704,416,0.4583333333333333,30,-6.943754851818085e-05
msmarco-passage-trec-dl-2019,104861,0.5,candidate-per-cost,2048,1536.0,1536.0,1984,544,0.6458333333333334,43,-0.0003997962921857834
msmarco-passage-trec-dl-2019,104861,0.5,candidate-per-cost,4096,3072.0,3072.0,4928,608,0.8020833333333334,57,-0.00012425798922777176
msmarco-passage-trec-dl-2019,104861,0.5,candidate-per-cost,8192,6144.0,6144.0,5000,3644,0.4069010416666667,57,-0.00012140534818172455
msmarco-passage-trec-dl-2019,104861,0.5,candidate-per-cost,10000,7500.0,7500.0,5000,5000,0.3333333333333333,57,-0.00012140534818172455
msmarco-passage-trec-dl-2019,104861,2.0,cost-balanced,128,192.0,192.0,64,64,0.6666666666666666,1,-0.0001987908035516739
msmarco-passage-trec-dl-2019,104861,2.0,cost-balanced,256,384.0,384.0,128,128,0.6666666666666666,4,-0.00023880600929260254
msmarco-passage-trec-dl-2019,104861,2.0,cost-balanced,512,768.0,768.0,192,384,0.5,10,-2.0658597350120544e-05
msmarco-passage-trec-dl-2019,104861,2.0,cost-balanced,1024,1536.0,1536.0,384,768,0.5,23,-4.813261330127716e-05
msmarco-passage-trec-dl-2019,104861,2.0,cost-balanced,2048,3072.0,3072.0,768,1536,0.5,31,-0.00023192912340164185
msmarco-passage-trec-dl-2019,104861,2.0,cost-balanced,4096,6144.0,6144.0,1536,3072,0.5,41,-2.3389235138893127e-05
msmarco-passage-trec-dl-2019,104861,2.0,cost-balanced,8192,12288.0,12288.0,3644,5000,0.5930989583333334,46,-4.513189196586609e-06
msmarco-passage-trec-dl-2019,104861,2.0,cost-balanced,10000,15000.0,15000.0,5000,5000,0.6666666666666666,57,-0.00012140534818172455
msmarco-passage-trec-dl-2019,104861,2.0,upper-per-cost,128,192.0,192.0,64,64,0.6666666666666666,1,-0.0001987908035516739
msmarco-passage-trec-dl-2019,104861,2.0,upper-per-cost,256,384.0,384.0,128,128,0.6666666666666666,4,-0.00023880600929260254
msmarco-passage-trec-dl-2019,104861,2.0,upper-per-cost,512,768.0,768.0,224,320,0.5833333333333334,12,-0.00027508288621902466
msmarco-passage-trec-dl-2019,104861,2.0,upper-per-cost,1024,1536.0,1536.0,448,640,0.5833333333333334,25,-0.00014709867537021637
msmarco-passage-trec-dl-2019,104861,2.0,upper-per-cost,2048,3072.0,3072.0,896,1280,0.5833333333333334,31,-7.022358477115631e-05
msmarco-passage-trec-dl-2019,104861,2.0,upper-per-cost,4096,6144.0,6144.0,1792,2560,0.5833333333333334,42,-6.863847374916077e-06
msmarco-passage-trec-dl-2019,104861,2.0,upper-per-cost,8192,12288.0,12288.0,3648,4992,0.59375,46,-4.22261655330658e-06
msmarco-passage-trec-dl-2019,104861,2.0,upper-per-cost,10000,15000.0,15000.0,5000,5000,0.6666666666666666,57,-0.00012140534818172455
msmarco-passage-trec-dl-2019,104861,2.0,blocker-per-cost,128,192.0,192.0,64,64,0.6666666666666666,1,-0.0001987908035516739
msmarco-passage-trec-dl-2019,104861,2.0,blocker-per-cost,256,384.0,384.0,128,128,0.6666666666666666,4,-0.00023880600929260254
msmarco-passage-trec-dl-2019,104861,2.0,blocker-per-cost,512,768.0,768.0,288,192,0.75,19,-9.899958968162537e-05
msmarco-passage-trec-dl-2019,104861,2.0,blocker-per-cost,1024,1536.0,1536.0,576,384,0.75,29,-0.0003328640013933182
msmarco-passage-trec-dl-2019,104861,2.0,blocker-per-cost,2048,3072.0,3072.0,1312,448,0.8541666666666666,35,-3.728829324245453e-05
msmarco-passage-trec-dl-2019,104861,2.0,blocker-per-cost,4096,6144.0,6144.0,2784,576,0.90625,45,-2.1792948246002197e-05
msmarco-passage-trec-dl-2019,104861,2.0,blocker-per-cost,8192,12288.0,12288.0,5000,2288,0.8138020833333334,57,-0.00012140534818172455
msmarco-passage-trec-dl-2019,104861,2.0,blocker-per-cost,10000,15000.0,15000.0,5000,5000,0.6666666666666666,57,-0.00012140534818172455
msmarco-passage-trec-dl-2019,104861,2.0,pressure-per-cost,128,192.0,192.0,64,64,0.6666666666666666,1,-0.0001987908035516739
msmarco-passage-trec-dl-2019,104861,2.0,pressure-per-cost,256,384.0,384.0,128,128,0.6666666666666666,4,-0.00023880600929260254
msmarco-passage-trec-dl-2019,104861,2.0,pressure-per-cost,512,768.0,768.0,288,192,0.75,19,-9.899958968162537e-05
msmarco-passage-trec-dl-2019,104861,2.0,pressure-per-cost,1024,1536.0,1536.0,576,384,0.75,29,-0.0003328640013933182
msmarco-passage-trec-dl-2019,104861,2.0,pressure-per-cost,2048,3072.0,3072.0,1312,448,0.8541666666666666,35,-3.728829324245453e-05
msmarco-passage-trec-dl-2019,104861,2.0,pressure-per-cost,4096,6144.0,6144.0,2784,576,0.90625,45,-2.1792948246002197e-05
msmarco-passage-trec-dl-2019,104861,2.0,pressure-per-cost,8192,12288.0,12288.0,5000,2288,0.8138020833333334,57,-0.00012140534818172455
msmarco-passage-trec-dl-2019,104861,2.0,pressure-per-cost,10000,15000.0,15000.0,5000,5000,0.6666666666666666,57,-0.00012140534818172455
msmarco-passage-trec-dl-2019,104861,2.0,candidate-per-cost,128,192.0,192.0,64,64,0.6666666666666666,1,-0.0001987908035516739
msmarco-passage-trec-dl-2019,104861,2.0,candidate-per-cost,256,384.0,384.0,128,128,0.6666666666666666,4,-0.00023880600929260254
msmarco-passage-trec-dl-2019,104861,2.0,candidate-per-cost,512,768.0,768.0,288,192,0.75,19,-9.899958968162537e-05
msmarco-passage-trec-dl-2019,104861,2.0,candidate-per-cost,1024,1536.0,1536.0,576,384,0.75,29,-0.0003328640013933182
msmarco-passage-trec-dl-2019,104861,2.0,candidate-per-cost,2048,3072.0,3072.0,1312,448,0.8541666666666666,35,-3.728829324245453e-05
msmarco-passage-trec-dl-2019,104861,2.0,candidate-per-cost,4096,6144.0,6144.0,2784,576,0.90625,45,-2.1792948246002197e-05
msmarco-passage-trec-dl-2019,104861,2.0,candidate-per-cost,8192,12288.0,12288.0,5000,2288,0.8138020833333334,57,-0.00012140534818172455
msmarco-passage-trec-dl-2019,104861,2.0,candidate-per-cost,10000,15000.0,15000.0,5000,5000,0.6666666666666666,57,-0.00012140534818172455
msmarco-passage-trec-dl-2019,833860,0.5,cost-balanced,128,96.0,96.0,64,64,0.3333333333333333,8,-0.0003498196601867676
msmarco-passage-trec-dl-2019,833860,0.5,cost-balanced,256,192.0,192.0,192,96,0.5,9,-2.816319465637207e-06
msmarco-passage-trec-dl-2019,833860,0.5,cost-balanced,512,384.0,384.0,384,192,0.5,13,-0.0008981078863143921
msmarco-passage-trec-dl-2019,833860,0.5,cost-balanced,1024,768.0,768.0,768,384,0.5,17,-0.00013133883476257324
msmarco-passage-trec-dl-2019,833860,0.5,cost-balanced,2048,1536.0,1536.0,1536,768,0.5,33,-3.3544376492500305e-05
msmarco-passage-trec-dl-2019,833860,0.5,cost-balanced,4096,3072.0,3072.0,3072,1536,0.5,38,-0.0002297414466738701
msmarco-passage-trec-dl-2019,833860,0.5,cost-balanced,8192,6144.0,6144.0,5000,3644,0.4069010416666667,39,-8.715502917766571e-05
msmarco-passage-trec-dl-2019,833860,0.5,cost-balanced,10000,7500.0,7500.0,5000,5000,0.3333333333333333,39,-8.715502917766571e-05
msmarco-passage-trec-dl-2019,833860,0.5,upper-per-cost,128,96.0,96.0,64,64,0.3333333333333333,8,-0.0003498196601867676
msmarco-passage-trec-dl-2019,833860,0.5,upper-per-cost,256,192.0,192.0,128,128,0.3333333333333333,11,-0.00042461417615413666
msmarco-passage-trec-dl-2019,833860,0.5,upper-per-cost,512,384.0,384.0,320,224,0.4166666666666667,13,-0.00045097991824150085
msmarco-passage-trec-dl-2019,833860,0.5,upper-per-cost,1024,768.0,768.0,640,448,0.4166666666666667,18,-4.911795258522034e-05
msmarco-passage-trec-dl-2019,833860,0.5,upper-per-cost,2048,1536.0,1536.0,1280,896,0.4166666666666667,34,-0.00010997708886861801
msmarco-passage-trec-dl-2019,833860,0.5,upper-per-cost,4096,3072.0,3072.0,2560,1792,0.4166666666666667,38,-0.00018047168850898743
msmarco-passage-trec-dl-2019,833860,0.5,upper-per-cost,8192,6144.0,6144.0,4992,3648,0.40625,39,-8.746795356273651e-05
msmarco-passage-trec-dl-2019,833860,0.5,upper-per-cost,10000,7500.0,7500.0,5000,5000,0.3333333333333333,39,-8.715502917766571e-05
msmarco-passage-trec-dl-2019,833860,0.5,blocker-per-cost,128,96.0,96.0,64,64,0.3333333333333333,8,-0.0003498196601867676
msmarco-passage-trec-dl-2019,833860,0.5,blocker-per-cost,256,192.0,192.0,128,128,0.3333333333333333,11,-0.00042461417615413666
msmarco-passage-trec-dl-2019,833860,0.5,blocker-per-cost,512,384.0,384.0,256,256,0.3333333333333333,13,-9.441189467906952e-05
msmarco-passage-trec-dl-2019,833860,0.5,blocker-per-cost,1024,768.0,768.0,512,512,0.3333333333333333,30,-0.00021097436547279358
msmarco-passage-trec-dl-2019,833860,0.5,blocker-per-cost,2048,1536.0,1536.0,1152,960,0.375,34,-9.024236351251602e-05
msmarco-passage-trec-dl-2019,833860,0.5,blocker-per-cost,4096,3072.0,3072.0,2688,1728,0.4375,38,-0.00016269367188215256
msmarco-passage-trec-dl-2019,833860,0.5,blocker-per-cost,8192,6144.0,6144.0,5000,3644,0.4069010416666667,39,-8.715502917766571e-05
msmarco-passage-trec-dl-2019,833860,0.5,blocker-per-cost,10000,7500.0,7500.0,5000,5000,0.3333333333333333,39,-8.715502917766571e-05
msmarco-passage-trec-dl-2019,833860,0.5,pressure-per-cost,128,96.0,96.0,64,64,0.3333333333333333,8,-0.0003498196601867676
msmarco-passage-trec-dl-2019,833860,0.5,pressure-per-cost,256,192.0,192.0,128,128,0.3333333333333333,11,-0.00042461417615413666
msmarco-passage-trec-dl-2019,833860,0.5,pressure-per-cost,512,384.0,384.0,256,256,0.3333333333333333,13,-9.441189467906952e-05
msmarco-passage-trec-dl-2019,833860,0.5,pressure-per-cost,1024,768.0,768.0,512,512,0.3333333333333333,30,-0.00021097436547279358
msmarco-passage-trec-dl-2019,833860,0.5,pressure-per-cost,2048,1536.0,1536.0,1280,896,0.4166666666666667,34,-0.00010997708886861801
msmarco-passage-trec-dl-2019,833860,0.5,pressure-per-cost,4096,3072.0,3072.0,2560,1792,0.4166666666666667,38,-0.00018047168850898743
msmarco-passage-trec-dl-2019,833860,0.5,pressure-per-cost,8192,6144.0,6144.0,5000,3644,0.4069010416666667,39,-8.715502917766571e-05
msmarco-passage-trec-dl-2019,833860,0.5,pressure-per-cost,10000,7500.0,7500.0,5000,5000,0.3333333333333333,39,-8.715502917766571e-05
msmarco-passage-trec-dl-2019,833860,0.5,candidate-per-cost,128,96.0,96.0,64,64,0.3333333333333333,8,-0.0003498196601867676
msmarco-passage-trec-dl-2019,833860,0.5,candidate-per-cost,256,192.0,192.0,128,128,0.3333333333333333,11,-0.00042461417615413666
msmarco-passage-trec-dl-2019,833860,0.5,candidate-per-cost,512,384.0,384.0,256,256,0.3333333333333333,13,-9.441189467906952e-05
msmarco-passage-trec-dl-2019,833860,0.5,candidate-per-cost,1024,768.0,768.0,512,512,0.3333333333333333,30,-0.00021097436547279358
msmarco-passage-trec-dl-2019,833860,0.5,candidate-per-cost,2048,1536.0,1536.0,1152,960,0.375,34,-9.024236351251602e-05
msmarco-passage-trec-dl-2019,833860,0.5,candidate-per-cost,4096,3072.0,3072.0,3584,1280,0.5833333333333334,38,-0.0003494434058666229
msmarco-passage-trec-dl-2019,833860,0.5,candidate-per-cost,8192,6144.0,6144.0,5000,3644,0.4069010416666667,39,-8.715502917766571e-05
msmarco-passage-trec-dl-2019,833860,0.5,candidate-per-cost,10000,7500.0,7500.0,5000,5000,0.3333333333333333,39,-8.715502917766571e-05
msmarco-passage-trec-dl-2019,833860,2.0,cost-balanced,128,192.0,192.0,64,64,0.6666666666666666,8,-0.0003498196601867676
msmarco-passage-trec-dl-2019,833860,2.0,cost-balanced,256,384.0,384.0,128,128,0.6666666666666666,11,-0.00042461417615413666
msmarco-passage-trec-dl-2019,833860,2.0,cost-balanced,512,768.0,768.0,192,384,0.5,13,-0.0006336979568004608
msmarco-passage-trec-dl-2019,833860,2.0,cost-balanced,1024,1536.0,1536.0,384,768,0.5,17,-0.00013133883476257324
msmarco-passage-trec-dl-2019,833860,2.0,cost-balanced,2048,3072.0,3072.0,768,1536,0.5,31,-7.754005491733551e-05
msmarco-passage-trec-dl-2019,833860,2.0,cost-balanced,4096,6144.0,6144.0,1536,3072,0.5,36,-6.031431257724762e-05
msmarco-passage-trec-dl-2019,833860,2.0,cost-balanced,8192,12288.0,12288.0,3644,5000,0.5930989583333334,38,-6.877072155475616e-05
msmarco-passage-trec-dl-2019,833860,2.0,cost-balanced,10000,15000.0,15000.0,5000,5000,0.6666666666666666,39,-8.715502917766571e-05
msmarco-passage-trec-dl-2019,833860,2.0,upper-per-cost,128,192.0,192.0,64,64,0.6666666666666666,8,-0.0003498196601867676
msmarco-passage-trec-dl-2019,833860,2.0,upper-per-cost,256,384.0,384.0,128,128,0.6666666666666666,11,-0.00042461417615413666
msmarco-passage-trec-dl-2019,833860,2.0,upper-per-cost,512,768.0,768.0,224,320,0.5833333333333334,13,-0.00018656998872756958
msmarco-passage-trec-dl-2019,833860,2.0,upper-per-cost,1024,1536.0,1536.0,448,640,0.5833333333333334,18,-1.9185245037078857e-05
msmarco-passage-trec-dl-2019,833860,2.0,upper-per-cost,2048,3072.0,3072.0,896,1280,0.5833333333333334,32,-0.0004932153970003128
msmarco-passage-trec-dl-2019,833860,2.0,upper-per-cost,4096,6144.0,6144.0,1792,2560,0.5833333333333334,37,-6.50547444820404e-05
msmarco-passage-trec-dl-2019,833860,2.0,upper-per-cost,8192,12288.0,12288.0,3648,4992,0.59375,38,-6.847921758890152e-05
msmarco-passage-trec-dl-2019,833860,2.0,upper-per-cost,10000,15000.0,15000.0,5000,5000,0.6666666666666666,39,-8.715502917766571e-05
msmarco-passage-trec-dl-2019,833860,2.0,blocker-per-cost,128,192.0,192.0,64,64,0.6666666666666666,8,-0.0003498196601867676
msmarco-passage-trec-dl-2019,833860,2.0,blocker-per-cost,256,384.0,384.0,128,128,0.6666666666666666,11,-0.00042461417615413666
msmarco-passage-trec-dl-2019,833860,2.0,blocker-per-cost,512,768.0,768.0,256,256,0.6666666666666666,13,-9.441189467906952e-05
msmarco-passage-trec-dl-2019,833860,2.0,blocker-per-cost,1024,1536.0,1536.0,512,512,0.6666666666666666,30,-0.00021097436547279358
msmarco-passage-trec-dl-2019,833860,2.0,blocker-per-cost,2048,3072.0,3072.0,1152,768,0.75,33,-3.3544376492500305e-05
msmarco-passage-trec-dl-2019,833860,2.0,blocker-per-cost,4096,6144.0,6144.0,2304,1536,0.75,38,-0.0002297414466738701
msmarco-passage-trec-dl-2019,833860,2.0,blocker-per-cost,8192,12288.0,12288.0,4896,2496,0.796875,38,-5.681067705154419e-07
msmarco-passage-trec-dl-2019,833860,2.0,blocker-per-cost,10000,15000.0,15000.0,5000,5000,0.6666666666666666,39,-8.715502917766571e-05
msmarco-passage-trec-dl-2019,833860,2.0,pressure-per-cost,128,192.0,192.0,64,64,0.6666666666666666,8,-0.0003498196601867676
msmarco-passage-trec-dl-2019,833860,2.0,pressure-per-cost,256,384.0,384.0,128,128,0.6666666666666666,11,-0.00042461417615413666
msmarco-passage-trec-dl-2019,833860,2.0,pressure-per-cost,512,768.0,768.0,224,320,0.5833333333333334,13,-0.00018656998872756958
msmarco-passage-trec-dl-2019,833860,2.0,pressure-per-cost,1024,1536.0,1536.0,512,512,0.6666666666666666,30,-0.00021097436547279358
msmarco-passage-trec-dl-2019,833860,2.0,pressure-per-cost,2048,3072.0,3072.0,1120,832,0.7291666666666666,34,-0.00018502771854400635
msmarco-passage-trec-dl-2019,833860,2.0,pressure-per-cost,4096,6144.0,6144.0,2080,1984,0.6770833333333334,38,-0.0002660825848579407
msmarco-passage-trec-dl-2019,833860,2.0,pressure-per-cost,8192,12288.0,12288.0,4896,2496,0.796875,38,-5.681067705154419e-07
msmarco-passage-trec-dl-2019,833860,2.0,pressure-per-cost,10000,15000.0,15000.0,5000,5000,0.6666666666666666,39,-8.715502917766571e-05
msmarco-passage-trec-dl-2019,833860,2.0,candidate-per-cost,128,192.0,192.0,64,64,0.6666666666666666,8,-0.0003498196601867676
msmarco-passage-trec-dl-2019,833860,2.0,candidate-per-cost,256,384.0,384.0,128,128,0.6666666666666666,11,-0.00042461417615413666
msmarco-passage-trec-dl-2019,833860,2.0,candidate-per-cost,512,768.0,768.0,256,256,0.6666666666666666,13,-9.441189467906952e-05
msmarco-passage-trec-dl-2019,833860,2.0,candidate-per-cost,1024,1536.0,1536.0,512,512,0.6666666666666666,30,-0.00021097436547279358
msmarco-passage-trec-dl-2019,833860,2.0,candidate-per-cost,2048,3072.0,3072.0,1152,768,0.75,33,-3.3544376492500305e-05
msmarco-passage-trec-dl-2019,833860,2.0,candidate-per-cost,4096,6144.0,6144.0,2432,1280,0.7916666666666666,38,-0.0003494434058666229
msmarco-passage-trec-dl-2019,833860,2.0,candidate-per-cost,8192,12288.0,12288.0,5000,2288,0.8138020833333334,38,-2.906937152147293e-05
msmarco-passage-trec-dl-2019,833860,2.0,candidate-per-cost,10000,15000.0,15000.0,5000,5000,0.6666666666666666,39,-8.715502917766571e-05
msmarco-passage-trec-dl-2019,207786,0.5,cost-balanced,128,96.0,96.0,64,64,0.3333333333333333,11,-0.0006122104823589325
msmarco-passage-trec-dl-2019,207786,0.5,cost-balanced,256,192.0,192.0,192,96,0.5,15,-0.00035764090716838837
msmarco-passage-trec-dl-2019,207786,0.5,cost-balanced,512,384.0,384.0,384,192,0.5,20,-1.7333775758743286e-05
msmarco-passage-trec-dl-2019,207786,0.5,cost-balanced,1024,768.0,768.0,768,384,0.5,27,-0.0002452302724123001
msmarco-passage-trec-dl-2019,207786,0.5,cost-balanced,2048,1536.0,1536.0,1536,768,0.5,31,-0.0001382799819111824
msmarco-passage-trec-dl-2019,207786,0.5,cost-balanced,4096,3072.0,3072.0,3072,1536,0.5,35,-6.318092346191406e-06
msmarco-passage-trec-dl-2019,207786,0.5,cost-balanced,8192,6144.0,6144.0,5000,3644,0.4069010416666667,43,-6.450619548559189e-05
msmarco-passage-trec-dl-2019,207786,0.5,cost-balanced,10000,7500.0,7500.0,5000,5000,0.3333333333333333,45,-0.0001494167372584343
msmarco-passage-trec-dl-2019,207786,0.5,upper-per-cost,128,96.0,96.0,64,64,0.3333333333333333,11,-0.0006122104823589325
msmarco-passage-trec-dl-2019,207786,0.5,upper-per-cost,256,192.0,192.0,128,128,0.3333333333333333,18,-0.0006293933838605881
msmarco-passage-trec-dl-2019,207786,0.5,upper-per-cost,512,384.0,384.0,320,224,0.4166666666666667,22,-0.0011533182114362717
msmarco-passage-trec-dl-2019,207786,0.5,upper-per-cost,1024,768.0,768.0,640,448,0.4166666666666667,28,-0.00023344717919826508
msmarco-passage-trec-dl-2019,207786,0.5,upper-per-cost,2048,1536.0,1536.0,1280,896,0.4166666666666667,32,-4.082918167114258e-05
msmarco-passage-trec-dl-2019,207786,0.5,upper-per-cost,4096,3072.0,3072.0,2560,1792,0.4166666666666667,36,-6.883963942527771e-05
msmarco-passage-trec-dl-2019,207786,0.5,upper-per-cost,8192,6144.0,6144.0,4992,3648,0.40625,43,-6.421469151973724e-05
msmarco-passage-trec-dl-2019,207786,0.5,upper-per-cost,10000,7500.0,7500.0,5000,5000,0.3333333333333333,45,-0.0001494167372584343
msmarco-passage-trec-dl-2019,207786,0.5,blocker-per-cost,128,96.0,96.0,64,64,0.3333333333333333,11,-0.0006122104823589325
msmarco-passage-trec-dl-2019,207786,0.5,blocker-per-cost,256,192.0,192.0,128,128,0.3333333333333333,18,-0.0006293933838605881
msmarco-passage-trec-dl-2019,207786,0.5,blocker-per-cost,512,384.0,384.0,192,288,0.25,23,-0.0001392122358083725
msmarco-passage-trec-dl-2019,207786,0.5,blocker-per-cost,1024,768.0,768.0,448,544,0.2916666666666667,29,-2.4031847715377808e-05
msmarco-passage-trec-dl-2019,207786,0.5,blocker-per-cost,2048,1536.0,1536.0,640,1216,0.20833333333333334,34,-1.3081356883049011e-05
msmarco-passage-trec-dl-2019,207786,0.5,blocker-per-cost,4096,3072.0,3072.0,1024,2560,0.16666666666666666,38,-0.00015030894428491592
msmarco-passage-trec-dl-2019,207786,0.5,blocker-per-cost,8192,6144.0,6144.0,4096,4096,0.3333333333333333,43,-3.514345735311508e-05
msmarco-passage-trec-dl-2019,207786,0.5,blocker-per-cost,10000,7500.0,7500.0,5000,5000,0.3333333333333333,45,-0.0001494167372584343
msmarco-passage-trec-dl-2019,207786,0.5,pressure-per-cost,128,96.0,96.0,64,64,0.3333333333333333,11,-0.0006122104823589325
msmarco-passage-trec-dl-2019,207786,0.5,pressure-per-cost,256,192.0,192.0,128,128,0.3333333333333333,18,-0.0006293933838605881
msmarco-passage-trec-dl-2019,207786,0.5,pressure-per-cost,512,384.0,384.0,256,256,0.3333333333333333,23,-0.0003511160612106323
msmarco-passage-trec-dl-2019,207786,0.5,pressure-per-cost,1024,768.0,768.0,448,544,0.2916666666666667,29,-2.4031847715377808e-05
msmarco-passage-trec-dl-2019,207786,0.5,pressure-per-cost,2048,1536.0,1536.0,640,1216,0.20833333333333334,34,-1.3081356883049011e-05
msmarco-passage-trec-dl-2019,207786,0.5,pressure-per-cost,4096,3072.0,3072.0,1024,2560,0.16666666666666666,38,-0.00015030894428491592
msmarco-passage-trec-dl-2019,207786,0.5,pressure-per-cost,8192,6144.0,6144.0,4864,3712,0.3958333333333333,43,-5.96391037106514e-05
msmarco-passage-trec-dl-2019,207786,0.5,pressure-per-cost,10000,7500.0,7500.0,5000,5000,0.3333333333333333,45,-0.0001494167372584343
msmarco-passage-trec-dl-2019,207786,0.5,candidate-per-cost,128,96.0,96.0,64,64,0.3333333333333333,11,-0.0006122104823589325
msmarco-passage-trec-dl-2019,207786,0.5,candidate-per-cost,256,192.0,192.0,128,128,0.3333333333333333,18,-0.0006293933838605881
msmarco-passage-trec-dl-2019,207786,0.5,candidate-per-cost,512,384.0,384.0,192,288,0.25,23,-0.0001392122358083725
msmarco-passage-trec-dl-2019,207786,0.5,candidate-per-cost,1024,768.0,768.0,448,544,0.2916666666666667,29,-2.4031847715377808e-05
msmarco-passage-trec-dl-2019,207786,0.5,candidate-per-cost,2048,1536.0,1536.0,640,1216,0.20833333333333334,34,-1.3081356883049011e-05
msmarco-passage-trec-dl-2019,207786,0.5,candidate-per-cost,4096,3072.0,3072.0,832,2656,0.13541666666666666,38,-0.0003488762304186821
msmarco-passage-trec-dl-2019,207786,0.5,candidate-per-cost,8192,6144.0,6144.0,4096,4096,0.3333333333333333,43,-3.514345735311508e-05
msmarco-passage-trec-dl-2019,207786,0.5,candidate-per-cost,10000,7500.0,7500.0,5000,5000,0.3333333333333333,45,-0.0001494167372584343
msmarco-passage-trec-dl-2019,207786,2.0,cost-balanced,128,192.0,192.0,64,64,0.6666666666666666,11,-0.0006122104823589325
msmarco-passage-trec-dl-2019,207786,2.0,cost-balanced,256,384.0,384.0,128,128,0.6666666666666666,18,-0.0006293933838605881
msmarco-passage-trec-dl-2019,207786,2.0,cost-balanced,512,768.0,768.0,192,384,0.5,23,-0.0001392122358083725
msmarco-passage-trec-dl-2019,207786,2.0,cost-balanced,1024,1536.0,1536.0,384,768,0.5,28,-0.00012036971747875214
msmarco-passage-trec-dl-2019,207786,2.0,cost-balanced,2048,3072.0,3072.0,768,1536,0.5,35,-6.318092346191406e-06
msmarco-passage-trec-dl-2019,207786,2.0,cost-balanced,4096,6144.0,6144.0,1536,3072,0.5,39,-1.8176622688770294e-05
msmarco-passage-trec-dl-2019,207786,2.0,cost-balanced,8192,12288.0,12288.0,3644,5000,0.5930989583333334,43,-6.450619548559189e-05
msmarco-passage-trec-dl-2019,207786,2.0,cost-balanced,10000,15000.0,15000.0,5000,5000,0.6666666666666666,45,-0.0001494167372584343
msmarco-passage-trec-dl-2019,207786,2.0,upper-per-cost,128,192.0,192.0,64,64,0.6666666666666666,11,-0.0006122104823589325
msmarco-passage-trec-dl-2019,207786,2.0,upper-per-cost,256,384.0,384.0,128,128,0.6666666666666666,18,-0.0006293933838605881
msmarco-passage-trec-dl-2019,207786,2.0,upper-per-cost,512,768.0,768.0,224,320,0.5833333333333334,25,-0.000235704705119133
msmarco-passage-trec-dl-2019,207786,2.0,upper-per-cost,1024,1536.0,1536.0,448,640,0.5833333333333334,30,-0.00018007121980190277
msmarco-passage-trec-dl-2019,207786,2.0,upper-per-cost,2048,3072.0,3072.0,896,1280,0.5833333333333334,35,-0.00012602005153894424
msmarco-passage-trec-dl-2019,207786,2.0,upper-per-cost,4096,6144.0,6144.0,1792,2560,0.5833333333333334,42,-1.603737473487854e-05
msmarco-passage-trec-dl-2019,207786,2.0,upper-per-cost,8192,12288.0,12288.0,3648,4992,0.59375,43,-6.421469151973724e-05
msmarco-passage-trec-dl-2019,207786,2.0,upper-per-cost,10000,15000.0,15000.0,5000,5000,0.6666666666666666,45,-0.0001494167372584343
msmarco-passage-trec-dl-2019,207786,2.0,blocker-per-cost,128,192.0,192.0,64,64,0.6666666666666666,11,-0.0006122104823589325
msmarco-passage-trec-dl-2019,207786,2.0,blocker-per-cost,256,384.0,384.0,128,128,0.6666666666666666,18,-0.0006293933838605881
msmarco-passage-trec-dl-2019,207786,2.0,blocker-per-cost,512,768.0,768.0,224,320,0.5833333333333334,25,-0.000235704705119133
msmarco-passage-trec-dl-2019,207786,2.0,blocker-per-cost,1024,1536.0,1536.0,480,576,0.625,30,-0.00018071942031383514
msmarco-passage-trec-dl-2019,207786,2.0,blocker-per-cost,2048,3072.0,3072.0,704,1664,0.4583333333333333,36,-0.0001089293509721756
msmarco-passage-trec-dl-2019,207786,2.0,blocker-per-cost,4096,6144.0,6144.0,1792,2560,0.5833333333333334,42,-1.603737473487854e-05
msmarco-passage-trec-dl-2019,207786,2.0,blocker-per-cost,8192,12288.0,12288.0,4096,4096,0.6666666666666666,43,-3.514345735311508e-05
msmarco-passage-trec-dl-2019,207786,2.0,blocker-per-cost,10000,15000.0,15000.0,5000,5000,0.6666666666666666,45,-0.0001494167372584343
msmarco-passage-trec-dl-2019,207786,2.0,pressure-per-cost,128,192.0,192.0,64,64,0.6666666666666666,11,-0.0006122104823589325
msmarco-passage-trec-dl-2019,207786,2.0,pressure-per-cost,256,384.0,384.0,128,128,0.6666666666666666,18,-0.0006293933838605881
msmarco-passage-trec-dl-2019,207786,2.0,pressure-per-cost,512,768.0,768.0,224,320,0.5833333333333334,25,-0.000235704705119133
msmarco-passage-trec-dl-2019,207786,2.0,pressure-per-cost,1024,1536.0,1536.0,480,576,0.625,30,-0.00018071942031383514
msmarco-passage-trec-dl-2019,207786,2.0,pressure-per-cost,2048,3072.0,3072.0,736,1600,0.4791666666666667,36,-0.00013129226863384247
msmarco-passage-trec-dl-2019,207786,2.0,pressure-per-cost,4096,6144.0,6144.0,1792,2560,0.5833333333333334,42,-1.603737473487854e-05
msmarco-passage-trec-dl-2019,207786,2.0,pressure-per-cost,8192,12288.0,12288.0,3712,4864,0.6041666666666666,43,-5.96391037106514e-05
msmarco-passage-trec-dl-2019,207786,2.0,pressure-per-cost,10000,15000.0,15000.0,5000,5000,0.6666666666666666,45,-0.0001494167372584343
msmarco-passage-trec-dl-2019,207786,2.0,candidate-per-cost,128,192.0,192.0,64,64,0.6666666666666666,11,-0.0006122104823589325
msmarco-passage-trec-dl-2019,207786,2.0,candidate-per-cost,256,384.0,384.0,128,128,0.6666666666666666,18,-0.0006293933838605881
msmarco-passage-trec-dl-2019,207786,2.0,candidate-per-cost,512,768.0,768.0,224,320,0.5833333333333334,25,-0.000235704705119133
msmarco-passage-trec-dl-2019,207786,2.0,candidate-per-cost,1024,1536.0,1536.0,480,576,0.625,30,-0.00018071942031383514
msmarco-passage-trec-dl-2019,207786,2.0,candidate-per-cost,2048,3072.0,3072.0,704,1664,0.4583333333333333,36,-0.0001089293509721756
msmarco-passage-trec-dl-2019,207786,2.0,candidate-per-cost,4096,6144.0,6144.0,1344,3456,0.4375,39,-0.00010386016219854355
msmarco-passage-trec-dl-2019,207786,2.0,candidate-per-cost,8192,12288.0,12288.0,4096,4096,0.6666666666666666,43,-3.514345735311508e-05
msmarco-passage-trec-dl-2019,207786,2.0,candidate-per-cost,10000,15000.0,15000.0,5000,5000,0.6666666666666666,45,-0.0001494167372584343
msmarco-passage-trec-dl-2019,1114819,0.5,cost-balanced,128,96.0,96.0,64,64,0.3333333333333333,11,-0.0002213791012763977
msmarco-passage-trec-dl-2019,1114819,0.5,cost-balanced,256,192.0,192.0,192,96,0.5,21,-0.00021903403103351593
msmarco-passage-trec-dl-2019,1114819,0.5,cost-balanced,512,384.0,384.0,384,192,0.5,58,-0.00021149404346942902
msmarco-passage-trec-dl-2019,1114819,0.5,cost-balanced,1024,768.0,768.0,768,384,0.5,88,-5.703233182430267e-05
msmarco-passage-trec-dl-2019,1114819,0.5,cost-balanced,2048,1536.0,1536.0,1536,768,0.5,100,-inf
msmarco-passage-trec-dl-2019,1114819,0.5,cost-balanced,4096,3072.0,3072.0,3072,1536,0.5,100,-inf
msmarco-passage-trec-dl-2019,1114819,0.5,cost-balanced,8192,6144.0,6144.0,5000,3644,0.4069010416666667,100,-inf
msmarco-passage-trec-dl-2019,1114819,0.5,cost-balanced,10000,7500.0,7500.0,5000,5000,0.3333333333333333,100,-inf
msmarco-passage-trec-dl-2019,1114819,0.5,upper-per-cost,128,96.0,96.0,64,64,0.3333333333333333,11,-0.0002213791012763977
msmarco-passage-trec-dl-2019,1114819,0.5,upper-per-cost,256,192.0,192.0,128,128,0.3333333333333333,23,-0.00035067833960056305
msmarco-passage-trec-dl-2019,1114819,0.5,upper-per-cost,512,384.0,384.0,320,224,0.4166666666666667,74,-0.00018372852355241776
msmarco-passage-trec-dl-2019,1114819,0.5,upper-per-cost,1024,768.0,768.0,640,448,0.4166666666666667,86,-6.407219916582108e-05
msmarco-passage-trec-dl-2019,1114819,0.5,upper-per-cost,2048,1536.0,1536.0,1280,896,0.4166666666666667,100,-inf
msmarco-passage-trec-dl-2019,1114819,0.5,upper-per-cost,4096,3072.0,3072.0,2560,1792,0.4166666666666667,100,-inf
msmarco-passage-trec-dl-2019,1114819,0.5,upper-per-cost,8192,6144.0,6144.0,4992,3648,0.40625,100,-inf
msmarco-passage-trec-dl-2019,1114819,0.5,upper-per-cost,10000,7500.0,7500.0,5000,5000,0.3333333333333333,100,-inf
msmarco-passage-trec-dl-2019,1114819,0.5,blocker-per-cost,128,96.0,96.0,64,64,0.3333333333333333,11,-0.0002213791012763977
msmarco-passage-trec-dl-2019,1114819,0.5,blocker-per-cost,256,192.0,192.0,128,128,0.3333333333333333,23,-0.00035067833960056305
msmarco-passage-trec-dl-2019,1114819,0.5,blocker-per-cost,512,384.0,384.0,256,256,0.3333333333333333,69,-9.097065776586533e-05
msmarco-passage-trec-dl-2019,1114819,0.5,blocker-per-cost,1024,768.0,768.0,896,320,0.5833333333333334,89,-6.833765655755997e-05
msmarco-passage-trec-dl-2019,1114819,0.5,blocker-per-cost,2048,1536.0,1536.0,1280,896,0.4166666666666667,100,-inf
msmarco-passage-trec-dl-2019,1114819,0.5,blocker-per-cost,4096,3072.0,3072.0,2560,1792,0.4166666666666667,100,-inf
msmarco-passage-trec-dl-2019,1114819,0.5,blocker-per-cost,8192,6144.0,6144.0,4992,3648,0.40625,100,-inf
msmarco-passage-trec-dl-2019,1114819,0.5,blocker-per-cost,10000,7500.0,7500.0,5000,5000,0.3333333333333333,100,-inf
msmarco-passage-trec-dl-2019,1114819,0.5,pressure-per-cost,128,96.0,96.0,64,64,0.3333333333333333,11,-0.0002213791012763977
msmarco-passage-trec-dl-2019,1114819,0.5,pressure-per-cost,256,192.0,192.0,128,128,0.3333333333333333,23,-0.00035067833960056305
msmarco-passage-trec-dl-2019,1114819,0.5,pressure-per-cost,512,384.0,384.0,256,256,0.3333333333333333,69,-9.097065776586533e-05
msmarco-passage-trec-dl-2019,1114819,0.5,pressure-per-cost,1024,768.0,768.0,896,320,0.5833333333333334,89,-6.833765655755997e-05
msmarco-passage-trec-dl-2019,1114819,0.5,pressure-per-cost,2048,1536.0,1536.0,1152,960,0.375,100,-inf
msmarco-passage-trec-dl-2019,1114819,0.5,pressure-per-cost,4096,3072.0,3072.0,2304,1920,0.375,100,-inf
msmarco-passage-trec-dl-2019,1114819,0.5,pressure-per-cost,8192,6144.0,6144.0,4736,3776,0.3854166666666667,100,-inf
msmarco-passage-trec-dl-2019,1114819,0.5,pressure-per-cost,10000,7500.0,7500.0,5000,5000,0.3333333333333333,100,-inf
msmarco-passage-trec-dl-2019,1114819,0.5,candidate-per-cost,128,96.0,96.0,64,64,0.3333333333333333,11,-0.0002213791012763977
msmarco-passage-trec-dl-2019,1114819,0.5,candidate-per-cost,256,192.0,192.0,128,128,0.3333333333333333,23,-0.00035067833960056305
msmarco-passage-trec-dl-2019,1114819,0.5,candidate-per-cost,512,384.0,384.0,256,256,0.3333333333333333,69,-9.097065776586533e-05
msmarco-passage-trec-dl-2019,1114819,0.5,candidate-per-cost,1024,768.0,768.0,896,320,0.5833333333333334,89,-6.833765655755997e-05
msmarco-passage-trec-dl-2019,1114819,0.5,candidate-per-cost,2048,1536.0,1536.0,1280,896,0.4166666666666667,100,-inf
msmarco-passage-trec-dl-2019,1114819,0.5,candidate-per-cost,4096,3072.0,3072.0,2560,1792,0.4166666666666667,100,-inf
msmarco-passage-trec-dl-2019,1114819,0.5,candidate-per-cost,8192,6144.0,6144.0,4992,3648,0.40625,100,-inf
msmarco-passage-trec-dl-2019,1114819,0.5,candidate-per-cost,10000,7500.0,7500.0,5000,5000,0.3333333333333333,100,-inf
msmarco-passage-trec-dl-2019,1114819,2.0,cost-balanced,128,192.0,192.0,64,64,0.6666666666666666,11,-0.0002213791012763977
msmarco-passage-trec-dl-2019,1114819,2.0,cost-balanced,256,384.0,384.0,128,128,0.6666666666666666,23,-0.00035067833960056305
msmarco-passage-trec-dl-2019,1114819,2.0,cost-balanced,512,768.0,768.0,192,384,0.5,61,-0.00010261498391628265
msmarco-passage-trec-dl-2019,1114819,2.0,cost-balanced,1024,1536.0,1536.0,384,768,0.5,79,-9.342748671770096e-05
msmarco-passage-trec-dl-2019,1114819,2.0,cost-balanced,2048,3072.0,3072.0,768,1536,0.5,88,-5.703233182430267e-05
msmarco-passage-trec-dl-2019,1114819,2.0,cost-balanced,4096,6144.0,6144.0,1536,3072,0.5,100,-inf
msmarco-passage-trec-dl-2019,1114819,2.0,cost-balanced,8192,12288.0,12288.0,3644,5000,0.5930989583333334,100,-inf
msmarco-passage-trec-dl-2019,1114819,2.0,cost-balanced,10000,15000.0,15000.0,5000,5000,0.6666666666666666,100,-inf
msmarco-passage-trec-dl-2019,1114819,2.0,upper-per-cost,128,192.0,192.0,64,64,0.6666666666666666,11,-0.0002213791012763977
msmarco-passage-trec-dl-2019,1114819,2.0,upper-per-cost,256,384.0,384.0,128,128,0.6666666666666666,23,-0.00035067833960056305
msmarco-passage-trec-dl-2019,1114819,2.0,upper-per-cost,512,768.0,768.0,224,320,0.5833333333333334,66,-0.0003514327108860016
msmarco-passage-trec-dl-2019,1114819,2.0,upper-per-cost,1024,1536.0,1536.0,448,640,0.5833333333333334,82,-6.863567978143692e-05
msmarco-passage-trec-dl-2019,1114819,2.0,upper-per-cost,2048,3072.0,3072.0,896,1280,0.5833333333333334,89,-6.833765655755997e-05
msmarco-passage-trec-dl-2019,1114819,2.0,upper-per-cost,4096,6144.0,6144.0,1792,2560,0.5833333333333334,100,-inf
msmarco-passage-trec-dl-2019,1114819,2.0,upper-per-cost,8192,12288.0,12288.0,3648,4992,0.59375,100,-inf
msmarco-passage-trec-dl-2019,1114819,2.0,upper-per-cost,10000,15000.0,15000.0,5000,5000,0.6666666666666666,100,-inf
msmarco-passage-trec-dl-2019,1114819,2.0,blocker-per-cost,128,192.0,192.0,64,64,0.6666666666666666,11,-0.0002213791012763977
msmarco-passage-trec-dl-2019,1114819,2.0,blocker-per-cost,256,384.0,384.0,128,128,0.6666666666666666,23,-0.00035067833960056305
msmarco-passage-trec-dl-2019,1114819,2.0,blocker-per-cost,512,768.0,768.0,256,256,0.6666666666666666,69,-9.097065776586533e-05
msmarco-passage-trec-dl-2019,1114819,2.0,blocker-per-cost,1024,1536.0,1536.0,608,320,0.7916666666666666,86,-0.00013250671327114105
msmarco-passage-trec-dl-2019,1114819,2.0,blocker-per-cost,2048,3072.0,3072.0,1056,960,0.6875,100,-inf
msmarco-passage-trec-dl-2019,1114819,2.0,blocker-per-cost,4096,6144.0,6144.0,1792,2560,0.5833333333333334,100,-inf
msmarco-passage-trec-dl-2019,1114819,2.0,blocker-per-cost,8192,12288.0,12288.0,3648,4992,0.59375,100,-inf
msmarco-passage-trec-dl-2019,1114819,2.0,blocker-per-cost,10000,15000.0,15000.0,5000,5000,0.6666666666666666,100,-inf
msmarco-passage-trec-dl-2019,1114819,2.0,pressure-per-cost,128,192.0,192.0,64,64,0.6666666666666666,11,-0.0002213791012763977
msmarco-passage-trec-dl-2019,1114819,2.0,pressure-per-cost,256,384.0,384.0,128,128,0.6666666666666666,23,-0.00035067833960056305
msmarco-passage-trec-dl-2019,1114819,2.0,pressure-per-cost,512,768.0,768.0,256,256,0.6666666666666666,69,-9.097065776586533e-05
msmarco-passage-trec-dl-2019,1114819,2.0,pressure-per-cost,1024,1536.0,1536.0,608,320,0.7916666666666666,86,-0.00013250671327114105
msmarco-passage-trec-dl-2019,1114819,2.0,pressure-per-cost,2048,3072.0,3072.0,1056,960,0.6875,100,-inf
msmarco-passage-trec-dl-2019,1114819,2.0,pressure-per-cost,4096,6144.0,6144.0,1888,2368,0.6145833333333334,100,-inf
msmarco-passage-trec-dl-2019,1114819,2.0,pressure-per-cost,8192,12288.0,12288.0,3808,4672,0.6197916666666666,100,-inf
msmarco-passage-trec-dl-2019,1114819,2.0,pressure-per-cost,10000,15000.0,15000.0,5000,5000,0.6666666666666666,100,-inf
msmarco-passage-trec-dl-2019,1114819,2.0,candidate-per-cost,128,192.0,192.0,64,64,0.6666666666666666,11,-0.0002213791012763977
msmarco-passage-trec-dl-2019,1114819,2.0,candidate-per-cost,256,384.0,384.0,128,128,0.6666666666666666,23,-0.00035067833960056305
msmarco-passage-trec-dl-2019,1114819,2.0,candidate-per-cost,512,768.0,768.0,256,256,0.6666666666666666,69,-9.097065776586533e-05
msmarco-passage-trec-dl-2019,1114819,2.0,candidate-per-cost,1024,1536.0,1536.0,608,320,0.7916666666666666,86,-0.00013250671327114105
msmarco-passage-trec-dl-2019,1114819,2.0,candidate-per-cost,2048,3072.0,3072.0,1056,960,0.6875,100,-inf
msmarco-passage-trec-dl-2019,1114819,2.0,candidate-per-cost,4096,6144.0,6144.0,1792,2560,0.5833333333333334,100,-inf
msmarco-passage-trec-dl-2019,1114819,2.0,candidate-per-cost,8192,12288.0,12288.0,3648,4992,0.59375,100,-inf
msmarco-passage-trec-dl-2019,1114819,2.0,candidate-per-cost,10000,15000.0,15000.0,5000,5000,0.6666666666666666,100,-inf
msmarco-passage-trec-dl-2019,183378,0.5,cost-balanced,128,96.0,96.0,64,64,0.3333333333333333,10,-3.606267273426056e-05
msmarco-passage-trec-dl-2019,183378,0.5,cost-balanced,256,192.0,192.0,192,96,0.5,19,-0.0001562163233757019
msmarco-passage-trec-dl-2019,183378,0.5,cost-balanced,512,384.0,384.0,384,192,0.5,31,-0.000260891392827034
msmarco-passage-trec-dl-2019,183378,0.5,cost-balanced,1024,768.0,768.0,768,384,0.5,35,-0.0002681165933609009
msmarco-passage-trec-dl-2019,183378,0.5,cost-balanced,2048,1536.0,1536.0,1536,768,0.5,36,-0.0004780478775501251
msmarco-passage-trec-dl-2019,183378,0.5,cost-balanced,4096,3072.0,3072.0,3072,1536,0.5,43,-1.7165206372737885e-05
msmarco-passage-trec-dl-2019,183378,0.5,cost-balanced,8192,6144.0,6144.0,5000,3644,0.4069010416666667,62,-9.533576667308807e-05
msmarco-passage-trec-dl-2019,183378,0.5,cost-balanced,10000,7500.0,7500.0,5000,5000,0.3333333333333333,62,-2.2985972464084625e-05
msmarco-passage-trec-dl-2019,183378,0.5,upper-per-cost,128,96.0,96.0,64,64,0.3333333333333333,10,-3.606267273426056e-05
msmarco-passage-trec-dl-2019,183378,0.5,upper-per-cost,256,192.0,192.0,128,128,0.3333333333333333,22,-0.0001407284289598465
msmarco-passage-trec-dl-2019,183378,0.5,upper-per-cost,512,384.0,384.0,320,224,0.4166666666666667,31,-0.0006402172148227692
msmarco-passage-trec-dl-2019,183378,0.5,upper-per-cost,1024,768.0,768.0,640,448,0.4166666666666667,35,-0.0004889573901891708
msmarco-passage-trec-dl-2019,183378,0.5,upper-per-cost,2048,1536.0,1536.0,1280,896,0.4166666666666667,36,-0.0005977507680654526
msmarco-passage-trec-dl-2019,183378,0.5,upper-per-cost,4096,3072.0,3072.0,2560,1792,0.4166666666666667,43,-7.956009358167648e-05
msmarco-passage-trec-dl-2019,183378,0.5,upper-per-cost,8192,6144.0,6144.0,4992,3648,0.40625,62,-9.504426270723343e-05
msmarco-passage-trec-dl-2019,183378,0.5,upper-per-cost,10000,7500.0,7500.0,5000,5000,0.3333333333333333,62,-2.2985972464084625e-05
msmarco-passage-trec-dl-2019,183378,0.5,blocker-per-cost,128,96.0,96.0,64,64,0.3333333333333333,10,-3.606267273426056e-05
msmarco-passage-trec-dl-2019,183378,0.5,blocker-per-cost,256,192.0,192.0,128,128,0.3333333333333333,22,-0.0001407284289598465
msmarco-passage-trec-dl-2019,183378,0.5,blocker-per-cost,512,384.0,384.0,384,192,0.5,31,-0.000260891392827034
msmarco-passage-trec-dl-2019,183378,0.5,blocker-per-cost,1024,768.0,768.0,1024,256,0.6666666666666666,36,-0.0007739905267953873
msmarco-passage-trec-dl-2019,183378,0.5,blocker-per-cost,2048,1536.0,1536.0,2304,384,0.75,43,-0.00013195164501667023
msmarco-passage-trec-dl-2019,183378,0.5,blocker-per-cost,4096,3072.0,3072.0,4160,992,0.6770833333333334,55,-9.603146463632584e-05
msmarco-passage-trec-dl-2019,183378,0.5,blocker-per-cost,8192,6144.0,6144.0,4352,3968,0.3541666666666667,62,-7.361918687820435e-05
msmarco-passage-trec-dl-2019,183378,0.5,blocker-per-cost,10000,7500.0,7500.0,5000,5000,0.3333333333333333,62,-2.2985972464084625e-05
msmarco-passage-trec-dl-2019,183378,0.5,pressure-per-cost,128,96.0,96.0,64,64,0.3333333333333333,10,-3.606267273426056e-05
msmarco-passage-trec-dl-2019,183378,0.5,pressure-per-cost,256,192.0,192.0,128,128,0.3333333333333333,22,-0.0001407284289598465
msmarco-passage-trec-dl-2019,183378,0.5,pressure-per-cost,512,384.0,384.0,384,192,0.5,31,-0.000260891392827034
msmarco-passage-trec-dl-2019,183378,0.5,pressure-per-cost,1024,768.0,768.0,1024,256,0.6666666666666666,36,-0.0007739905267953873
msmarco-passage-trec-dl-2019,183378,0.5,pressure-per-cost,2048,1536.0,1536.0,2176,448,0.7083333333333334,43,-0.0001451084390282631
msmarco-passage-trec-dl-2019,183378,0.5,pressure-per-cost,4096,3072.0,3072.0,4160,992,0.6770833333333334,55,-9.603146463632584e-05
msmarco-passage-trec-dl-2019,183378,0.5,pressure-per-cost,8192,6144.0,6144.0,4352,3968,0.3541666666666667,62,-7.361918687820435e-05
msmarco-passage-trec-dl-2019,183378,0.5,pressure-per-cost,10000,7500.0,7500.0,5000,5000,0.3333333333333333,62,-2.2985972464084625e-05
msmarco-passage-trec-dl-2019,183378,0.5,candidate-per-cost,128,96.0,96.0,64,64,0.3333333333333333,10,-3.606267273426056e-05
msmarco-passage-trec-dl-2019,183378,0.5,candidate-per-cost,256,192.0,192.0,128,128,0.3333333333333333,22,-0.0001407284289598465
msmarco-passage-trec-dl-2019,183378,0.5,candidate-per-cost,512,384.0,384.0,384,192,0.5,31,-0.000260891392827034
msmarco-passage-trec-dl-2019,183378,0.5,candidate-per-cost,1024,768.0,768.0,1024,256,0.6666666666666666,36,-0.0007739905267953873
msmarco-passage-trec-dl-2019,183378,0.5,candidate-per-cost,2048,1536.0,1536.0,2304,384,0.75,43,-0.00013195164501667023
msmarco-passage-trec-dl-2019,183378,0.5,candidate-per-cost,4096,3072.0,3072.0,4224,960,0.6875,55,-0.00012585334479808807
msmarco-passage-trec-dl-2019,183378,0.5,candidate-per-cost,8192,6144.0,6144.0,4352,3968,0.3541666666666667,62,-7.361918687820435e-05
msmarco-passage-trec-dl-2019,183378,0.5,candidate-per-cost,10000,7500.0,7500.0,5000,5000,0.3333333333333333,62,-2.2985972464084625e-05
msmarco-passage-trec-dl-2019,183378,2.0,cost-balanced,128,192.0,192.0,64,64,0.6666666666666666,10,-3.606267273426056e-05
msmarco-passage-trec-dl-2019,183378,2.0,cost-balanced,256,384.0,384.0,128,128,0.6666666666666666,22,-0.0001407284289598465
msmarco-passage-trec-dl-2019,183378,2.0,cost-balanced,512,768.0,768.0,192,384,0.5,24,-0.0001368112862110138
msmarco-passage-trec-dl-2019,183378,2.0,cost-balanced,1024,1536.0,1536.0,384,768,0.5,31,-0.000260891392827034
msmarco-passage-trec-dl-2019,183378,2.0,cost-balanced,2048,3072.0,3072.0,768,1536,0.5,35,-0.0002681165933609009
msmarco-passage-trec-dl-2019,183378,2.0,cost-balanced,4096,6144.0,6144.0,1536,3072,0.5,36,-0.0004780478775501251
msmarco-passage-trec-dl-2019,183378,2.0,cost-balanced,8192,12288.0,12288.0,3644,5000,0.5930989583333334,44,-3.098044544458389e-05
msmarco-passage-trec-dl-2019,183378,2.0,cost-balanced,10000,15000.0,15000.0,5000,5000,0.6666666666666666,62,-2.2985972464084625e-05
msmarco-passage-trec-dl-2019,183378,2.0,upper-per-cost,128,192.0,192.0,64,64,0.6666666666666666,10,-3.606267273426056e-05
msmarco-passage-trec-dl-2019,183378,2.0,upper-per-cost,256,384.0,384.0,128,128,0.6666666666666666,22,-0.0001407284289598465
msmarco-passage-trec-dl-2019,183378,2.0,upper-per-cost,512,768.0,768.0,224,320,0.5833333333333334,27,-0.00022659823298454285
msmarco-passage-trec-dl-2019,183378,2.0,upper-per-cost,1024,1536.0,1536.0,448,640,0.5833333333333334,32,-0.00013105198740959167
msmarco-passage-trec-dl-2019,183378,2.0,upper-per-cost,2048,3072.0,3072.0,896,1280,0.5833333333333334,35,-0.00010641105473041534
msmarco-passage-trec-dl-2019,183378,2.0,upper-per-cost,4096,6144.0,6144.0,1792,2560,0.5833333333333334,42,-6.30449503660202e-05
msmarco-passage-trec-dl-2019,183378,2.0,upper-per-cost,8192,12288.0,12288.0,3648,4992,0.59375,44,-3.068894147872925e-05
msmarco-passage-trec-dl-2019,183378,2.0,upper-per-cost,10000,15000.0,15000.0,5000,5000,0.6666666666666666,62,-2.2985972464084625e-05
msmarco-passage-trec-dl-2019,183378,2.0,blocker-per-cost,128,192.0,192.0,64,64,0.6666666666666666,10,-3.606267273426056e-05
msmarco-passage-trec-dl-2019,183378,2.0,blocker-per-cost,256,384.0,384.0,128,128,0.6666666666666666,22,-0.0001407284289598465
msmarco-passage-trec-dl-2019,183378,2.0,blocker-per-cost,512,768.0,768.0,320,128,0.8333333333333334,31,-0.0006402172148227692
msmarco-passage-trec-dl-2019,183378,2.0,blocker-per-cost,1024,1536.0,1536.0,672,192,0.875,35,-0.0004265066236257553
msmarco-passage-trec-dl-2019,183378,2.0,blocker-per-cost,2048,3072.0,3072.0,1408,256,0.9166666666666666,36,-0.0005326811224222183
msmarco-passage-trec-dl-2019,183378,2.0,blocker-per-cost,4096,6144.0,6144.0,2848,448,0.9270833333333334,43,-4.175957292318344e-05
msmarco-passage-trec-dl-2019,183378,2.0,blocker-per-cost,8192,12288.0,12288.0,4384,3520,0.7135416666666666,62,-0.0001046871766448021
msmarco-passage-trec-dl-2019,183378,2.0,blocker-per-cost,10000,15000.0,15000.0,5000,5000,0.6666666666666666,62,-2.2985972464084625e-05
msmarco-passage-trec-dl-2019,183378,2.0,pressure-per-cost,128,192.0,192.0,64,64,0.6666666666666666,10,-3.606267273426056e-05
msmarco-passage-trec-dl-2019,183378,2.0,pressure-per-cost,256,384.0,384.0,128,128,0.6666666666666666,22,-0.0001407284289598465
msmarco-passage-trec-dl-2019,183378,2.0,pressure-per-cost,512,768.0,768.0,320,128,0.8333333333333334,31,-0.0006402172148227692
msmarco-passage-trec-dl-2019,183378,2.0,pressure-per-cost,1024,1536.0,1536.0,640,256,0.8333333333333334,35,-0.0004889573901891708
msmarco-passage-trec-dl-2019,183378,2.0,pressure-per-cost,2048,3072.0,3072.0,1376,320,0.8958333333333334,36,-0.0005478616803884506
msmarco-passage-trec-dl-2019,183378,2.0,pressure-per-cost,4096,6144.0,6144.0,2848,448,0.9270833333333334,43,-4.175957292318344e-05
msmarco-passage-trec-dl-2019,183378,2.0,pressure-per-cost,8192,12288.0,12288.0,4384,3520,0.7135416666666666,62,-0.0001046871766448021
msmarco-passage-trec-dl-2019,183378,2.0,pressure-per-cost,10000,15000.0,15000.0,5000,5000,0.6666666666666666,62,-2.2985972464084625e-05
msmarco-passage-trec-dl-2019,183378,2.0,candidate-per-cost,128,192.0,192.0,64,64,0.6666666666666666,10,-3.606267273426056e-05
msmarco-passage-trec-dl-2019,183378,2.0,candidate-per-cost,256,384.0,384.0,128,128,0.6666666666666666,22,-0.0001407284289598465
msmarco-passage-trec-dl-2019,183378,2.0,candidate-per-cost,512,768.0,768.0,320,128,0.8333333333333334,31,-0.0006402172148227692
msmarco-passage-trec-dl-2019,183378,2.0,candidate-per-cost,1024,1536.0,1536.0,672,192,0.875,35,-0.0004265066236257553
msmarco-passage-trec-dl-2019,183378,2.0,candidate-per-cost,2048,3072.0,3072.0,1408,256,0.9166666666666666,36,-0.0005326811224222183
msmarco-passage-trec-dl-2019,183378,2.0,candidate-per-cost,4096,6144.0,6144.0,2848,448,0.9270833333333334,43,-4.175957292318344e-05
msmarco-passage-trec-dl-2019,183378,2.0,candidate-per-cost,8192,12288.0,12288.0,4384,3520,0.7135416666666666,62,-0.0001046871766448021
msmarco-passage-trec-dl-2019,183378,2.0,candidate-per-cost,10000,15000.0,15000.0,5000,5000,0.6666666666666666,62,-2.2985972464084625e-05
msmarco-passage-trec-dl-2019,1106007,0.5,cost-balanced,128,96.0,96.0,64,64,0.3333333333333333,6,-8.960627019405365e-05
msmarco-passage-trec-dl-2019,1106007,0.5,cost-balanced,256,192.0,192.0,192,96,0.5,8,-0.0003036968410015106
msmarco-passage-trec-dl-2019,1106007,0.5,cost-balanced,512,384.0,384.0,384,192,0.5,15,-4.991888999938965e-06
msmarco-passage-trec-dl-2019,1106007,0.5,cost-balanced,1024,768.0,768.0,768,384,0.5,18,-0.0002908911556005478
msmarco-passage-trec-dl-2019,1106007,0.5,cost-balanced,2048,1536.0,1536.0,1536,768,0.5,21,-5.731172859668732e-05
msmarco-passage-trec-dl-2019,1106007,0.5,cost-balanced,4096,3072.0,3072.0,3072,1536,0.5,34,-0.00018902868032455444
msmarco-passage-trec-dl-2019,1106007,0.5,cost-balanced,8192,6144.0,6144.0,5000,3644,0.4069010416666667,34,-6.737280637025833e-05
msmarco-passage-trec-dl-2019,1106007,0.5,cost-balanced,10000,7500.0,7500.0,5000,5000,0.3333333333333333,34,-6.737280637025833e-05
msmarco-passage-trec-dl-2019,1106007,0.5,upper-per-cost,128,96.0,96.0,64,64,0.3333333333333333,6,-8.960627019405365e-05
msmarco-passage-trec-dl-2019,1106007,0.5,upper-per-cost,256,192.0,192.0,128,128,0.3333333333333333,10,-0.00012009963393211365
msmarco-passage-trec-dl-2019,1106007,0.5,upper-per-cost,512,384.0,384.0,320,224,0.4166666666666667,17,-0.0009198430925607681
msmarco-passage-trec-dl-2019,1106007,0.5,upper-per-cost,1024,768.0,768.0,640,448,0.4166666666666667,18,-7.141381502151489e-06
msmarco-passage-trec-dl-2019,1106007,0.5,upper-per-cost,2048,1536.0,1536.0,1280,896,0.4166666666666667,33,-0.0003121625632047653
msmarco-passage-trec-dl-2019,1106007,0.5,upper-per-cost,4096,3072.0,3072.0,2560,1792,0.4166666666666667,34,-0.00025142356753349304
msmarco-passage-trec-dl-2019,1106007,0.5,upper-per-cost,8192,6144.0,6144.0,4992,3648,0.40625,34,-6.768573075532913e-05
msmarco-passage-trec-dl-2019,1106007,0.5,upper-per-cost,10000,7500.0,7500.0,5000,5000,0.3333333333333333,34,-6.737280637025833e-05
msmarco-passage-trec-dl-2019,1106007,0.5,blocker-per-cost,128,96.0,96.0,64,64,0.3333333333333333,6,-8.960627019405365e-05
msmarco-passage-trec-dl-2019,1106007,0.5,blocker-per-cost,256,192.0,192.0,128,128,0.3333333333333333,10,-0.00012009963393211365
msmarco-passage-trec-dl-2019,1106007,0.5,blocker-per-cost,512,384.0,384.0,256,256,0.3333333333333333,17,-0.0005632750689983368
msmarco-passage-trec-dl-2019,1106007,0.5,blocker-per-cost,1024,768.0,768.0,384,576,0.25,19,-3.231316804885864e-05
msmarco-passage-trec-dl-2019,1106007,0.5,blocker-per-cost,2048,1536.0,1536.0,1408,832,0.4583333333333333,33,-0.0002470938488841057
msmarco-passage-trec-dl-2019,1106007,0.5,blocker-per-cost,4096,3072.0,3072.0,3968,1088,0.6458333333333334,34,-0.00011800602078437805
msmarco-passage-trec-dl-2019,1106007,0.5,blocker-per-cost,8192,6144.0,6144.0,5000,3644,0.4069010416666667,34,-6.737280637025833e-05
msmarco-passage-trec-dl-2019,1106007,0.5,blocker-per-cost,10000,7500.0,7500.0,5000,5000,0.3333333333333333,34,-6.737280637025833e-05
msmarco-passage-trec-dl-2019,1106007,0.5,pressure-per-cost,128,96.0,96.0,64,64,0.3333333333333333,6,-8.960627019405365e-05
msmarco-passage-trec-dl-2019,1106007,0.5,pressure-per-cost,256,192.0,192.0,128,128,0.3333333333333333,10,-0.00012009963393211365
msmarco-passage-trec-dl-2019,1106007,0.5,pressure-per-cost,512,384.0,384.0,256,256,0.3333333333333333,17,-0.0005632750689983368
msmarco-passage-trec-dl-2019,1106007,0.5,pressure-per-cost,1024,768.0,768.0,384,576,0.25,19,-3.231316804885864e-05
msmarco-passage-trec-dl-2019,1106007,0.5,pressure-per-cost,2048,1536.0,1536.0,1280,896,0.4166666666666667,33,-0.0003121625632047653
msmarco-passage-trec-dl-2019,1106007,0.5,pressure-per-cost,4096,3072.0,3072.0,3584,1280,0.5833333333333334,34,-0.00014416780322790146
msmarco-passage-trec-dl-2019,1106007,0.5,pressure-per-cost,8192,6144.0,6144.0,5000,3644,0.4069010416666667,34,-6.737280637025833e-05
msmarco-passage-trec-dl-2019,1106007,0.5,pressure-per-cost,10000,7500.0,7500.0,5000,5000,0.3333333333333333,34,-6.737280637025833e-05
msmarco-passage-trec-dl-2019,1106007,0.5,candidate-per-cost,128,96.0,96.0,64,64,0.3333333333333333,6,-8.960627019405365e-05
msmarco-passage-trec-dl-2019,1106007,0.5,candidate-per-cost,256,192.0,192.0,128,128,0.3333333333333333,10,-0.00012009963393211365
msmarco-passage-trec-dl-2019,1106007,0.5,candidate-per-cost,512,384.0,384.0,256,256,0.3333333333333333,17,-0.0005632750689983368
msmarco-passage-trec-dl-2019,1106007,0.5,candidate-per-cost,1024,768.0,768.0,384,576,0.25,19,-3.231316804885864e-05
msmarco-passage-trec-dl-2019,1106007,0.5,candidate-per-cost,2048,1536.0,1536.0,1408,832,0.4583333333333333,33,-0.0002470938488841057
msmarco-passage-trec-dl-2019,1106007,0.5,candidate-per-cost,4096,3072.0,3072.0,3968,1088,0.6458333333333334,34,-0.00011800602078437805
msmarco-passage-trec-dl-2019,1106007,0.5,candidate-per-cost,8192,6144.0,6144.0,5000,3644,0.4069010416666667,34,-6.737280637025833e-05
msmarco-passage-trec-dl-2019,1106007,0.5,candidate-per-cost,10000,7500.0,7500.0,5000,5000,0.3333333333333333,34,-6.737280637025833e-05
msmarco-passage-trec-dl-2019,1106007,2.0,cost-balanced,128,192.0,192.0,64,64,0.6666666666666666,6,-8.960627019405365e-05
msmarco-passage-trec-dl-2019,1106007,2.0,cost-balanced,256,384.0,384.0,128,128,0.6666666666666666,10,-0.00012009963393211365
msmarco-passage-trec-dl-2019,1106007,2.0,cost-balanced,512,768.0,768.0,192,384,0.5,14,-8.697621524333954e-05
msmarco-passage-trec-dl-2019,1106007,2.0,cost-balanced,1024,1536.0,1536.0,384,768,0.5,21,-0.00033339299261569977
msmarco-passage-trec-dl-2019,1106007,2.0,cost-balanced,2048,3072.0,3072.0,768,1536,0.5,33,-0.0007736235857009888
msmarco-passage-trec-dl-2019,1106007,2.0,cost-balanced,4096,6144.0,6144.0,1536,3072,0.5,33,-0.0001924615353345871
msmarco-passage-trec-dl-2019,1106007,2.0,cost-balanced,8192,12288.0,12288.0,3644,5000,0.5930989583333334,34,-0.00013972260057926178
msmarco-passage-trec-dl-2019,1106007,2.0,cost-balanced,10000,15000.0,15000.0,5000,5000,0.6666666666666666,34,-6.737280637025833e-05
msmarco-passage-trec-dl-2019,1106007,2.0,upper-per-cost,128,192.0,192.0,64,64,0.6666666666666666,6,-8.960627019405365e-05
msmarco-passage-trec-dl-2019,1106007,2.0,upper-per-cost,256,384.0,384.0,128,128,0.6666666666666666,10,-0.00012009963393211365
msmarco-passage-trec-dl-2019,1106007,2.0,upper-per-cost,512,768.0,768.0,224,320,0.5833333333333334,17,-0.00015140138566493988
msmarco-passage-trec-dl-2019,1106007,2.0,upper-per-cost,1024,1536.0,1536.0,448,640,0.5833333333333334,21,-0.0002781525254249573
msmarco-passage-trec-dl-2019,1106007,2.0,upper-per-cost,2048,3072.0,3072.0,896,1280,0.5833333333333334,33,-0.0006119199097156525
msmarco-passage-trec-dl-2019,1106007,2.0,upper-per-cost,4096,6144.0,6144.0,1792,2560,0.5833333333333334,33,-0.00010585132986307144
msmarco-passage-trec-dl-2019,1106007,2.0,upper-per-cost,8192,12288.0,12288.0,3648,4992,0.59375,34,-0.00013943109661340714
msmarco-passage-trec-dl-2019,1106007,2.0,upper-per-cost,10000,15000.0,15000.0,5000,5000,0.6666666666666666,34,-6.737280637025833e-05
msmarco-passage-trec-dl-2019,1106007,2.0,blocker-per-cost,128,192.0,192.0,64,64,0.6666666666666666,6,-8.960627019405365e-05
msmarco-passage-trec-dl-2019,1106007,2.0,blocker-per-cost,256,384.0,384.0,128,128,0.6666666666666666,10,-0.00012009963393211365
msmarco-passage-trec-dl-2019,1106007,2.0,blocker-per-cost,512,768.0,768.0,256,256,0.6666666666666666,17,-0.0005632750689983368
msmarco-passage-trec-dl-2019,1106007,2.0,blocker-per-cost,1024,1536.0,1536.0,448,640,0.5833333333333334,21,-0.0002781525254249573
msmarco-passage-trec-dl-2019,1106007,2.0,blocker-per-cost,2048,3072.0,3072.0,1120,832,0.7291666666666666,33,-0.0004133526235818863
msmarco-passage-trec-dl-2019,1106007,2.0,blocker-per-cost,4096,6144.0,6144.0,2592,960,0.84375,34,-0.0002468181774020195
msmarco-passage-trec-dl-2019,1106007,2.0,blocker-per-cost,8192,12288.0,12288.0,5000,2288,0.8138020833333334,34,-6.737280637025833e-05
msmarco-passage-trec-dl-2019,1106007,2.0,blocker-per-cost,10000,15000.0,15000.0,5000,5000,0.6666666666666666,34,-6.737280637025833e-05
msmarco-passage-trec-dl-2019,1106007,2.0,pressure-per-cost,128,192.0,192.0,64,64,0.6666666666666666,6,-8.960627019405365e-05
msmarco-passage-trec-dl-2019,1106007,2.0,pressure-per-cost,256,384.0,384.0,128,128,0.6666666666666666,10,-0.00012009963393211365
msmarco-passage-trec-dl-2019,1106007,2.0,pressure-per-cost,512,768.0,768.0,256,256,0.6666666666666666,17,-0.0005632750689983368
msmarco-passage-trec-dl-2019,1106007,2.0,pressure-per-cost,1024,1536.0,1536.0,448,640,0.5833333333333334,21,-0.0002781525254249573
msmarco-passage-trec-dl-2019,1106007,2.0,pressure-per-cost,2048,3072.0,3072.0,1088,896,0.7083333333333334,33,-0.0004369746893644333
msmarco-passage-trec-dl-2019,1106007,2.0,pressure-per-cost,4096,6144.0,6144.0,2432,1280,0.7916666666666666,34,-0.0002710288390517235
msmarco-passage-trec-dl-2019,1106007,2.0,pressure-per-cost,8192,12288.0,12288.0,5000,2288,0.8138020833333334,34,-6.737280637025833e-05
msmarco-passage-trec-dl-2019,1106007,2.0,pressure-per-cost,10000,15000.0,15000.0,5000,5000,0.6666666666666666,34,-6.737280637025833e-05
msmarco-passage-trec-dl-2019,1106007,2.0,candidate-per-cost,128,192.0,192.0,64,64,0.6666666666666666,6,-8.960627019405365e-05
msmarco-passage-trec-dl-2019,1106007,2.0,candidate-per-cost,256,384.0,384.0,128,128,0.6666666666666666,10,-0.00012009963393211365
msmarco-passage-trec-dl-2019,1106007,2.0,candidate-per-cost,512,768.0,768.0,256,256,0.6666666666666666,17,-0.0005632750689983368
msmarco-passage-trec-dl-2019,1106007,2.0,candidate-per-cost,1024,1536.0,1536.0,448,640,0.5833333333333334,21,-0.0002781525254249573
msmarco-passage-trec-dl-2019,1106007,2.0,candidate-per-cost,2048,3072.0,3072.0,1120,832,0.7291666666666666,33,-0.0004133526235818863
msmarco-passage-trec-dl-2019,1106007,2.0,candidate-per-cost,4096,6144.0,6144.0,2592,960,0.84375,34,-0.0002468181774020195
msmarco-passage-trec-dl-2019,1106007,2.0,candidate-per-cost,8192,12288.0,12288.0,5000,2288,0.8138020833333334,34,-6.737280637025833e-05
msmarco-passage-trec-dl-2019,1106007,2.0,candidate-per-cost,10000,15000.0,15000.0,5000,5000,0.6666666666666666,34,-6.737280637025833e-05
msmarco-passage-trec-dl-2019,1124210,0.5,cost-balanced,128,96.0,96.0,64,64,0.3333333333333333,1,-0.008064515888690948
msmarco-passage-trec-dl-2019,1124210,0.5,cost-balanced,256,192.0,192.0,192,96,0.5,1,-0.0011228099465370178
msmarco-passage-trec-dl-2019,1124210,0.5,cost-balanced,512,384.0,384.0,384,192,0.5,3,-0.0020709019154310226
msmarco-passage-trec-dl-2019,1124210,0.5,cost-balanced,1024,768.0,768.0,768,384,0.5,3,-0.00035490095615386963
msmarco-passage-trec-dl-2019,1124210,0.5,cost-balanced,2048,1536.0,1536.0,1536,768,0.5,4,-0.00014536641538143158
msmarco-passage-trec-dl-2019,1124210,0.5,cost-balanced,4096,3072.0,3072.0,3072,1536,0.5,6,-0.0005736332386732101
msmarco-passage-trec-dl-2019,1124210,0.5,cost-balanced,8192,6144.0,6144.0,5000,3644,0.4069010416666667,6,-6.289780139923096e-05
msmarco-passage-trec-dl-2019,1124210,0.5,cost-balanced,10000,7500.0,7500.0,5000,5000,0.3333333333333333,7,-0.00014469586312770844
msmarco-passage-trec-dl-2019,1124210,0.5,upper-per-cost,128,96.0,96.0,64,64,0.3333333333333333,1,-0.008064515888690948
msmarco-passage-trec-dl-2019,1124210,0.5,upper-per-cost,256,192.0,192.0,128,128,0.3333333333333333,1,-3.170222043991089e-05
msmarco-passage-trec-dl-2019,1124210,0.5,upper-per-cost,512,384.0,384.0,320,224,0.4166666666666667,3,-0.0016237758100032806
msmarco-passage-trec-dl-2019,1124210,0.5,upper-per-cost,1024,768.0,768.0,640,448,0.4166666666666667,3,-7.115304470062256e-05
msmarco-passage-trec-dl-2019,1124210,0.5,upper-per-cost,2048,1536.0,1536.0,1280,896,0.4166666666666667,5,-3.1344592571258545e-05
msmarco-passage-trec-dl-2019,1124210,0.5,upper-per-cost,4096,3072.0,3072.0,2560,1792,0.4166666666666667,6,-0.0003816802054643631
msmarco-passage-trec-dl-2019,1124210,0.5,upper-per-cost,8192,6144.0,6144.0,4992,3648,0.40625,6,-6.26053661108017e-05
msmarco-passage-trec-dl-2019,1124210,0.5,upper-per-cost,10000,7500.0,7500.0,5000,5000,0.3333333333333333,7,-0.00014469586312770844
msmarco-passage-trec-dl-2019,1124210,0.5,blocker-per-cost,128,96.0,96.0,64,64,0.3333333333333333,1,-0.008064515888690948
msmarco-passage-trec-dl-2019,1124210,0.5,blocker-per-cost,256,192.0,192.0,128,128,0.3333333333333333,1,-3.170222043991089e-05
msmarco-passage-trec-dl-2019,1124210,0.5,blocker-per-cost,512,384.0,384.0,256,256,0.3333333333333333,3,-0.0012672059237957
msmarco-passage-trec-dl-2019,1124210,0.5,blocker-per-cost,1024,768.0,768.0,512,512,0.3333333333333333,4,-0.0007335711270570755
msmarco-passage-trec-dl-2019,1124210,0.5,blocker-per-cost,2048,1536.0,1536.0,1152,960,0.375,6,-0.0008250828832387924
msmarco-passage-trec-dl-2019,1124210,0.5,blocker-per-cost,4096,3072.0,3072.0,2944,1600,0.4791666666666667,6,-0.0003328900784254074
msmarco-passage-trec-dl-2019,1124210,0.5,blocker-per-cost,8192,6144.0,6144.0,4096,4096,0.3333333333333333,6,-0.0001876838505268097
msmarco-passage-trec-dl-2019,1124210,0.5,blocker-per-cost,10000,7500.0,7500.0,5000,5000,0.3333333333333333,7,-0.00014469586312770844
msmarco-passage-trec-dl-2019,1124210,0.5,pressure-per-cost,128,96.0,96.0,64,64,0.3333333333333333,1,-0.008064515888690948
msmarco-passage-trec-dl-2019,1124210,0.5,pressure-per-cost,256,192.0,192.0,128,128,0.3333333333333333,1,-3.170222043991089e-05
msmarco-passage-trec-dl-2019,1124210,0.5,pressure-per-cost,512,384.0,384.0,256,256,0.3333333333333333,3,-0.0012672059237957
msmarco-passage-trec-dl-2019,1124210,0.5,pressure-per-cost,1024,768.0,768.0,512,512,0.3333333333333333,4,-0.0007335711270570755
msmarco-passage-trec-dl-2019,1124210,0.5,pressure-per-cost,2048,1536.0,1536.0,1152,960,0.375,6,-0.0008250828832387924
msmarco-passage-trec-dl-2019,1124210,0.5,pressure-per-cost,4096,3072.0,3072.0,2560,1792,0.4166666666666667,6,-0.0003816802054643631
msmarco-passage-trec-dl-2019,1124210,0.5,pressure-per-cost,8192,6144.0,6144.0,4800,3744,0.390625,6,-5.579926073551178e-05
msmarco-passage-trec-dl-2019,1124210,0.5,pressure-per-cost,10000,7500.0,7500.0,5000,5000,0.3333333333333333,7,-0.00014469586312770844
msmarco-passage-trec-dl-2019,1124210,0.5,candidate-per-cost,128,96.0,96.0,64,64,0.3333333333333333,1,-0.008064515888690948
msmarco-passage-trec-dl-2019,1124210,0.5,candidate-per-cost,256,192.0,192.0,64,160,0.16666666666666666,1,-0.008064515888690948
msmarco-passage-trec-dl-2019,1124210,0.5,candidate-per-cost,512,384.0,384.0,64,352,0.08333333333333333,1,-0.008064515888690948
msmarco-passage-trec-dl-2019,1124210,0.5,candidate-per-cost,1024,768.0,768.0,64,736,0.041666666666666664,1,-0.008064515888690948
msmarco-passage-trec-dl-2019,1124210,0.5,candidate-per-cost,2048,1536.0,1536.0,64,1504,0.020833333333333332,1,-0.008064515888690948
msmarco-passage-trec-dl-2019,1124210,0.5,candidate-per-cost,4096,3072.0,3072.0,64,3040,0.010416666666666666,1,-0.008064515888690948
msmarco-passage-trec-dl-2019,1124210,0.5,candidate-per-cost,8192,6144.0,6144.0,2288,5000,0.18619791666666666,6,-0.0004258938133716583
msmarco-passage-trec-dl-2019,1124210,0.5,candidate-per-cost,10000,7500.0,7500.0,5000,5000,0.3333333333333333,7,-0.00014469586312770844
msmarco-passage-trec-dl-2019,1124210,2.0,cost-balanced,128,192.0,192.0,64,64,0.6666666666666666,1,-0.008064515888690948
msmarco-passage-trec-dl-2019,1124210,2.0,cost-balanced,256,384.0,384.0,128,128,0.6666666666666666,1,-3.170222043991089e-05
msmarco-passage-trec-dl-2019,1124210,2.0,cost-balanced,512,768.0,768.0,192,384,0.5,3,-0.0020709019154310226
msmarco-passage-trec-dl-2019,1124210,2.0,cost-balanced,1024,1536.0,1536.0,384,768,0.5,3,-0.00035490095615386963
msmarco-passage-trec-dl-2019,1124210,2.0,cost-balanced,2048,3072.0,3072.0,768,1536,0.5,4,-0.00014536641538143158
msmarco-passage-trec-dl-2019,1124210,2.0,cost-balanced,4096,6144.0,6144.0,1536,3072,0.5,6,-0.0006265658885240555
msmarco-passage-trec-dl-2019,1124210,2.0,cost-balanced,8192,12288.0,12288.0,3644,5000,0.5930989583333334,6,-0.0002170465886592865
msmarco-passage-trec-dl-2019,1124210,2.0,cost-balanced,10000,15000.0,15000.0,5000,5000,0.6666666666666666,7,-0.00014469586312770844
msmarco-passage-trec-dl-2019,1124210,2.0,upper-per-cost,128,192.0,192.0,64,64,0.6666666666666666,1,-0.008064515888690948
msmarco-passage-trec-dl-2019,1124210,2.0,upper-per-cost,256,384.0,384.0,128,128,0.6666666666666666,1,-3.170222043991089e-05
msmarco-passage-trec-dl-2019,1124210,2.0,upper-per-cost,512,768.0,768.0,224,320,0.5833333333333334,3,-0.0016237758100032806
msmarco-passage-trec-dl-2019,1124210,2.0,upper-per-cost,1024,1536.0,1536.0,448,640,0.5833333333333334,3,-7.115304470062256e-05
msmarco-passage-trec-dl-2019,1124210,2.0,upper-per-cost,2048,3072.0,3072.0,896,1280,0.5833333333333334,5,-3.1344592571258545e-05
msmarco-passage-trec-dl-2019,1124210,2.0,upper-per-cost,4096,6144.0,6144.0,1792,2560,0.5833333333333334,6,-0.0005399566143751144
msmarco-passage-trec-dl-2019,1124210,2.0,upper-per-cost,8192,12288.0,12288.0,3648,4992,0.59375,6,-0.00021675415337085724
msmarco-passage-trec-dl-2019,1124210,2.0,upper-per-cost,10000,15000.0,15000.0,5000,5000,0.6666666666666666,7,-0.00014469586312770844
msmarco-passage-trec-dl-2019,1124210,2.0,blocker-per-cost,128,192.0,192.0,64,64,0.6666666666666666,1,-0.008064515888690948
msmarco-passage-trec-dl-2019,1124210,2.0,blocker-per-cost,256,384.0,384.0,128,128,0.6666666666666666,1,-3.170222043991089e-05
msmarco-passage-trec-dl-2019,1124210,2.0,blocker-per-cost,512,768.0,768.0,256,256,0.6666666666666666,3,-0.0012672059237957
msmarco-passage-trec-dl-2019,1124210,2.0,blocker-per-cost,1024,1536.0,1536.0,512,512,0.6666666666666666,4,-0.0007335711270570755
msmarco-passage-trec-dl-2019,1124210,2.0,blocker-per-cost,2048,3072.0,3072.0,1056,960,0.6875,6,-0.0008960571140050888
msmarco-passage-trec-dl-2019,1124210,2.0,blocker-per-cost,4096,6144.0,6144.0,2368,1408,0.7708333333333334,6,-0.0004118625074625015
msmarco-passage-trec-dl-2019,1124210,2.0,blocker-per-cost,8192,12288.0,12288.0,4096,4096,0.6666666666666666,6,-0.0001876838505268097
msmarco-passage-trec-dl-2019,1124210,2.0,blocker-per-cost,10000,15000.0,15000.0,5000,5000,0.6666666666666666,7,-0.00014469586312770844
msmarco-passage-trec-dl-2019,1124210,2.0,pressure-per-cost,128,192.0,192.0,64,64,0.6666666666666666,1,-0.008064515888690948
msmarco-passage-trec-dl-2019,1124210,2.0,pressure-per-cost,256,384.0,384.0,128,128,0.6666666666666666,1,-3.170222043991089e-05
msmarco-passage-trec-dl-2019,1124210,2.0,pressure-per-cost,512,768.0,768.0,256,256,0.6666666666666666,3,-0.0012672059237957
msmarco-passage-trec-dl-2019,1124210,2.0,pressure-per-cost,1024,1536.0,1536.0,512,512,0.6666666666666666,4,-0.0007335711270570755
msmarco-passage-trec-dl-2019,1124210,2.0,pressure-per-cost,2048,3072.0,3072.0,960,1152,0.625,6,-0.0009803920984268188
msmarco-passage-trec-dl-2019,1124210,2.0,pressure-per-cost,4096,6144.0,6144.0,2048,2048,0.6666666666666666,6,-0.00047438405454158783
msmarco-passage-trec-dl-2019,1124210,2.0,pressure-per-cost,8192,12288.0,12288.0,3648,4992,0.59375,6,-0.00021675415337085724
msmarco-passage-trec-dl-2019,1124210,2.0,pressure-per-cost,10000,15000.0,15000.0,5000,5000,0.6666666666666666,7,-0.00014469586312770844
msmarco-passage-trec-dl-2019,1124210,2.0,candidate-per-cost,128,192.0,192.0,64,64,0.6666666666666666,1,-0.008064515888690948
msmarco-passage-trec-dl-2019,1124210,2.0,candidate-per-cost,256,384.0,384.0,64,256,0.3333333333333333,1,-0.008064515888690948
msmarco-passage-trec-dl-2019,1124210,2.0,candidate-per-cost,512,768.0,768.0,64,640,0.16666666666666666,1,-0.008064515888690948
msmarco-passage-trec-dl-2019,1124210,2.0,candidate-per-cost,1024,1536.0,1536.0,64,1408,0.08333333333333333,1,-0.008064515888690948
msmarco-passage-trec-dl-2019,1124210,2.0,candidate-per-cost,2048,3072.0,3072.0,64,2944,0.041666666666666664,1,-0.008064515888690948
msmarco-passage-trec-dl-2019,1124210,2.0,candidate-per-cost,4096,6144.0,6144.0,572,5000,0.18619791666666666,4,-0.0005199145525693893
msmarco-passage-trec-dl-2019,1124210,2.0,candidate-per-cost,8192,12288.0,12288.0,3644,5000,0.5930989583333334,6,-0.0002170465886592865
msmarco-passage-trec-dl-2019,1124210,2.0,candidate-per-cost,10000,15000.0,15000.0,5000,5000,0.6666666666666666,7,-0.00014469586312770844
msmarco-passage-trec-dl-2019,490595,0.5,cost-balanced,128,96.0,96.0,64,64,0.3333333333333333,17,-0.00020364858210086823
msmarco-passage-trec-dl-2019,490595,0.5,cost-balanced,256,192.0,192.0,192,96,0.5,24,-6.454065442085266e-05
msmarco-passage-trec-dl-2019,490595,0.5,cost-balanced,512,384.0,384.0,384,192,0.5,49,-2.256035804748535e-05
msmarco-passage-trec-dl-2019,490595,0.5,cost-balanced,1024,768.0,768.0,768,384,0.5,100,-inf
msmarco-passage-trec-dl-2019,490595,0.5,cost-balanced,2048,1536.0,1536.0,1536,768,0.5,100,-inf
msmarco-passage-trec-dl-2019,490595,0.5,cost-balanced,4096,3072.0,3072.0,3072,1536,0.5,100,-inf
msmarco-passage-trec-dl-2019,490595,0.5,cost-balanced,8192,6144.0,6144.0,5000,3644,0.4069010416666667,100,-inf
msmarco-passage-trec-dl-2019,490595,0.5,cost-balanced,10000,7500.0,7500.0,5000,5000,0.3333333333333333,100,-inf
msmarco-passage-trec-dl-2019,490595,0.5,upper-per-cost,128,96.0,96.0,64,64,0.3333333333333333,17,-0.00020364858210086823
msmarco-passage-trec-dl-2019,490595,0.5,upper-per-cost,256,192.0,192.0,128,128,0.3333333333333333,30,-5.033053457736969e-05
msmarco-passage-trec-dl-2019,490595,0.5,upper-per-cost,512,384.0,384.0,320,224,0.4166666666666667,51,-7.105432450771332e-05
msmarco-passage-trec-dl-2019,490595,0.5,upper-per-cost,1024,768.0,768.0,640,448,0.4166666666666667,100,-inf
msmarco-passage-trec-dl-2019,490595,0.5,upper-per-cost,2048,1536.0,1536.0,1280,896,0.4166666666666667,100,-inf
msmarco-passage-trec-dl-2019,490595,0.5,upper-per-cost,4096,3072.0,3072.0,2560,1792,0.4166666666666667,100,-inf
msmarco-passage-trec-dl-2019,490595,0.5,upper-per-cost,8192,6144.0,6144.0,4992,3648,0.40625,100,-inf
msmarco-passage-trec-dl-2019,490595,0.5,upper-per-cost,10000,7500.0,7500.0,5000,5000,0.3333333333333333,100,-inf
msmarco-passage-trec-dl-2019,490595,0.5,blocker-per-cost,128,96.0,96.0,64,64,0.3333333333333333,17,-0.00020364858210086823
msmarco-passage-trec-dl-2019,490595,0.5,blocker-per-cost,256,192.0,192.0,128,128,0.3333333333333333,30,-5.033053457736969e-05
msmarco-passage-trec-dl-2019,490595,0.5,blocker-per-cost,512,384.0,384.0,256,256,0.3333333333333333,54,-5.585514008998871e-05
msmarco-passage-trec-dl-2019,490595,0.5,blocker-per-cost,1024,768.0,768.0,640,448,0.4166666666666667,100,-inf
msmarco-passage-trec-dl-2019,490595,0.5,blocker-per-cost,2048,1536.0,1536.0,1280,896,0.4166666666666667,100,-inf
msmarco-passage-trec-dl-2019,490595,0.5,blocker-per-cost,4096,3072.0,3072.0,2560,1792,0.4166666666666667,100,-inf
msmarco-passage-trec-dl-2019,490595,0.5,blocker-per-cost,8192,6144.0,6144.0,4992,3648,0.40625,100,-inf
msmarco-passage-trec-dl-2019,490595,0.5,blocker-per-cost,10000,7500.0,7500.0,5000,5000,0.3333333333333333,100,-inf
msmarco-passage-trec-dl-2019,490595,0.5,pressure-per-cost,128,96.0,96.0,64,64,0.3333333333333333,17,-0.00020364858210086823
msmarco-passage-trec-dl-2019,490595,0.5,pressure-per-cost,256,192.0,192.0,128,128,0.3333333333333333,30,-5.033053457736969e-05
msmarco-passage-trec-dl-2019,490595,0.5,pressure-per-cost,512,384.0,384.0,256,256,0.3333333333333333,54,-5.585514008998871e-05
msmarco-passage-trec-dl-2019,490595,0.5,pressure-per-cost,1024,768.0,768.0,640,448,0.4166666666666667,100,-inf
msmarco-passage-trec-dl-2019,490595,0.5,pressure-per-cost,2048,1536.0,1536.0,1152,960,0.375,100,-inf
msmarco-passage-trec-dl-2019,490595,0.5,pressure-per-cost,4096,3072.0,3072.0,2368,1888,0.3854166666666667,100,-inf
msmarco-passage-trec-dl-2019,490595,0.5,pressure-per-cost,8192,6144.0,6144.0,4672,3808,0.3802083333333333,100,-inf
msmarco-passage-trec-dl-2019,490595,0.5,pressure-per-cost,10000,7500.0,7500.0,5000,5000,0.3333333333333333,100,-inf
msmarco-passage-trec-dl-2019,490595,0.5,candidate-per-cost,128,96.0,96.0,64,64,0.3333333333333333,17,-0.00020364858210086823
msmarco-passage-trec-dl-2019,490595,0.5,candidate-per-cost,256,192.0,192.0,128,128,0.3333333333333333,30,-5.033053457736969e-05
msmarco-passage-trec-dl-2019,490595,0.5,candidate-per-cost,512,384.0,384.0,256,256,0.3333333333333333,54,-5.585514008998871e-05
msmarco-passage-trec-dl-2019,490595,0.5,candidate-per-cost,1024,768.0,768.0,640,448,0.4166666666666667,100,-inf
msmarco-passage-trec-dl-2019,490595,0.5,candidate-per-cost,2048,1536.0,1536.0,1280,896,0.4166666666666667,100,-inf
msmarco-passage-trec-dl-2019,490595,0.5,candidate-per-cost,4096,3072.0,3072.0,2560,1792,0.4166666666666667,100,-inf
msmarco-passage-trec-dl-2019,490595,0.5,candidate-per-cost,8192,6144.0,6144.0,4992,3648,0.40625,100,-inf
msmarco-passage-trec-dl-2019,490595,0.5,candidate-per-cost,10000,7500.0,7500.0,5000,5000,0.3333333333333333,100,-inf
msmarco-passage-trec-dl-2019,490595,2.0,cost-balanced,128,192.0,192.0,64,64,0.6666666666666666,17,-0.00020364858210086823
msmarco-passage-trec-dl-2019,490595,2.0,cost-balanced,256,384.0,384.0,128,128,0.6666666666666666,30,-5.033053457736969e-05
msmarco-passage-trec-dl-2019,490595,2.0,cost-balanced,512,768.0,768.0,192,384,0.5,52,-4.074908792972565e-05
msmarco-passage-trec-dl-2019,490595,2.0,cost-balanced,1024,1536.0,1536.0,384,768,0.5,67,-2.4860724806785583e-05
msmarco-passage-trec-dl-2019,490595,2.0,cost-balanced,2048,3072.0,3072.0,768,1536,0.5,100,-inf
msmarco-passage-trec-dl-2019,490595,2.0,cost-balanced,4096,6144.0,6144.0,1536,3072,0.5,100,-inf
msmarco-passage-trec-dl-2019,490595,2.0,cost-balanced,8192,12288.0,12288.0,3644,5000,0.5930989583333334,100,-inf
msmarco-passage-trec-dl-2019,490595,2.0,cost-balanced,10000,15000.0,15000.0,5000,5000,0.6666666666666666,100,-inf
msmarco-passage-trec-dl-2019,490595,2.0,upper-per-cost,128,192.0,192.0,64,64,0.6666666666666666,17,-0.00020364858210086823
msmarco-passage-trec-dl-2019,490595,2.0,upper-per-cost,256,384.0,384.0,128,128,0.6666666666666666,30,-5.033053457736969e-05
msmarco-passage-trec-dl-2019,490595,2.0,upper-per-cost,512,768.0,768.0,224,320,0.5833333333333334,58,-1.2375414371490479e-05
msmarco-passage-trec-dl-2019,490595,2.0,upper-per-cost,1024,1536.0,1536.0,448,640,0.5833333333333334,68,-6.297510117292404e-05
msmarco-passage-trec-dl-2019,490595,2.0,upper-per-cost,2048,3072.0,3072.0,896,1280,0.5833333333333334,100,-inf
msmarco-passage-trec-dl-2019,490595,2.0,upper-per-cost,4096,6144.0,6144.0,1792,2560,0.5833333333333334,100,-inf
msmarco-passage-trec-dl-2019,490595,2.0,upper-per-cost,8192,12288.0,12288.0,3648,4992,0.59375,100,-inf
msmarco-passage-trec-dl-2019,490595,2.0,upper-per-cost,10000,15000.0,15000.0,5000,5000,0.6666666666666666,100,-inf
msmarco-passage-trec-dl-2019,490595,2.0,blocker-per-cost,128,192.0,192.0,64,64,0.6666666666666666,17,-0.00020364858210086823
msmarco-passage-trec-dl-2019,490595,2.0,blocker-per-cost,256,384.0,384.0,128,128,0.6666666666666666,30,-5.033053457736969e-05
msmarco-passage-trec-dl-2019,490595,2.0,blocker-per-cost,512,768.0,768.0,256,256,0.6666666666666666,54,-5.585514008998871e-05
msmarco-passage-trec-dl-2019,490595,2.0,blocker-per-cost,1024,1536.0,1536.0,576,384,0.75,72,-1.701805740594864e-05
msmarco-passage-trec-dl-2019,490595,2.0,blocker-per-cost,2048,3072.0,3072.0,896,1280,0.5833333333333334,100,-inf
msmarco-passage-trec-dl-2019,490595,2.0,blocker-per-cost,4096,6144.0,6144.0,1792,2560,0.5833333333333334,100,-inf
msmarco-passage-trec-dl-2019,490595,2.0,blocker-per-cost,8192,12288.0,12288.0,3648,4992,0.59375,100,-inf
msmarco-passage-trec-dl-2019,490595,2.0,blocker-per-cost,10000,15000.0,15000.0,5000,5000,0.6666666666666666,100,-inf
msmarco-passage-trec-dl-2019,490595,2.0,pressure-per-cost,128,192.0,192.0,64,64,0.6666666666666666,17,-0.00020364858210086823
msmarco-passage-trec-dl-2019,490595,2.0,pressure-per-cost,256,384.0,384.0,128,128,0.6666666666666666,30,-5.033053457736969e-05
msmarco-passage-trec-dl-2019,490595,2.0,pressure-per-cost,512,768.0,768.0,256,256,0.6666666666666666,54,-5.585514008998871e-05
msmarco-passage-trec-dl-2019,490595,2.0,pressure-per-cost,1024,1536.0,1536.0,576,384,0.75,72,-1.701805740594864e-05
msmarco-passage-trec-dl-2019,490595,2.0,pressure-per-cost,2048,3072.0,3072.0,960,1152,0.625,100,-inf
msmarco-passage-trec-dl-2019,490595,2.0,pressure-per-cost,4096,6144.0,6144.0,1888,2368,0.6145833333333334,100,-inf
msmarco-passage-trec-dl-2019,490595,2.0,pressure-per-cost,8192,12288.0,12288.0,3808,4672,0.6197916666666666,100,-inf
msmarco-passage-trec-dl-2019,490595,2.0,pressure-per-cost,10000,15000.0,15000.0,5000,5000,0.6666666666666666,100,-inf
msmarco-passage-trec-dl-2019,490595,2.0,candidate-per-cost,128,192.0,192.0,64,64,0.6666666666666666,17,-0.00020364858210086823
msmarco-passage-trec-dl-2019,490595,2.0,candidate-per-cost,256,384.0,384.0,128,128,0.6666666666666666,30,-5.033053457736969e-05
msmarco-passage-trec-dl-2019,490595,2.0,candidate-per-cost,512,768.0,768.0,256,256,0.6666666666666666,54,-5.585514008998871e-05
msmarco-passage-trec-dl-2019,490595,2.0,candidate-per-cost,1024,1536.0,1536.0,576,384,0.75,72,-1.701805740594864e-05
msmarco-passage-trec-dl-2019,490595,2.0,candidate-per-cost,2048,3072.0,3072.0,896,1280,0.5833333333333334,100,-inf
msmarco-passage-trec-dl-2019,490595,2.0,candidate-per-cost,4096,6144.0,6144.0,1792,2560,0.5833333333333334,100,-inf
msmarco-passage-trec-dl-2019,490595,2.0,candidate-per-cost,8192,12288.0,12288.0,3648,4992,0.59375,100,-inf
msmarco-passage-trec-dl-2019,490595,2.0,candidate-per-cost,10000,15000.0,15000.0,5000,5000,0.6666666666666666,100,-inf
msmarco-passage-trec-dl-2019,1103812,0.5,cost-balanced,128,96.0,96.0,64,64,0.3333333333333333,3,-0.00031656213104724884
msmarco-passage-trec-dl-2019,1103812,0.5,cost-balanced,256,192.0,192.0,192,96,0.5,4,-0.0005287360399961472
msmarco-passage-trec-dl-2019,1103812,0.5,cost-balanced,512,384.0,384.0,384,192,0.5,7,-0.0008499752730131149
msmarco-passage-trec-dl-2019,1103812,0.5,cost-balanced,1024,768.0,768.0,768,384,0.5,10,-0.00040040165185928345
msmarco-passage-trec-dl-2019,1103812,0.5,cost-balanced,2048,1536.0,1536.0,1536,768,0.5,13,-0.0008010789752006531
msmarco-passage-trec-dl-2019,1103812,0.5,cost-balanced,4096,3072.0,3072.0,3072,1536,0.5,13,-0.00021991506218910217
msmarco-passage-trec-dl-2019,1103812,0.5,cost-balanced,8192,6144.0,6144.0,5000,3644,0.4069010416666667,28,-5.684979259967804e-05
msmarco-passage-trec-dl-2019,1103812,0.5,cost-balanced,10000,7500.0,7500.0,5000,5000,0.3333333333333333,30,-5.637388676404953e-05
msmarco-passage-trec-dl-2019,1103812,0.5,upper-per-cost,128,96.0,96.0,64,64,0.3333333333333333,3,-0.00031656213104724884
msmarco-passage-trec-dl-2019,1103812,0.5,upper-per-cost,256,192.0,192.0,128,128,0.3333333333333333,6,-0.002200869843363762
msmarco-passage-trec-dl-2019,1103812,0.5,upper-per-cost,512,384.0,384.0,320,224,0.4166666666666667,7,-0.0004028491675853729
msmarco-passage-trec-dl-2019,1103812,0.5,upper-per-cost,1024,768.0,768.0,640,448,0.4166666666666667,10,-0.00011665374040603638
msmarco-passage-trec-dl-2019,1103812,0.5,upper-per-cost,2048,1536.0,1536.0,1280,896,0.4166666666666667,13,-0.0006393734365701675
msmarco-passage-trec-dl-2019,1103812,0.5,upper-per-cost,4096,3072.0,3072.0,2560,1792,0.4166666666666667,13,-0.00013330578804016113
msmarco-passage-trec-dl-2019,1103812,0.5,upper-per-cost,8192,6144.0,6144.0,4992,3648,0.40625,28,-5.6558288633823395e-05
msmarco-passage-trec-dl-2019,1103812,0.5,upper-per-cost,10000,7500.0,7500.0,5000,5000,0.3333333333333333,30,-5.637388676404953e-05
msmarco-passage-trec-dl-2019,1103812,0.5,blocker-per-cost,128,96.0,96.0,64,64,0.3333333333333333,3,-0.00031656213104724884
msmarco-passage-trec-dl-2019,1103812,0.5,blocker-per-cost,256,192.0,192.0,128,128,0.3333333333333333,6,-0.002200869843363762
msmarco-passage-trec-dl-2019,1103812,0.5,blocker-per-cost,512,384.0,384.0,256,256,0.3333333333333333,7,-4.627928137779236e-05
msmarco-passage-trec-dl-2019,1103812,0.5,blocker-per-cost,1024,768.0,768.0,384,576,0.25,11,-9.03196632862091e-06
msmarco-passage-trec-dl-2019,1103812,0.5,blocker-per-cost,2048,1536.0,1536.0,704,1184,0.22916666666666666,13,-0.00039720721542835236
msmarco-passage-trec-dl-2019,1103812,0.5,blocker-per-cost,4096,3072.0,3072.0,1024,2560,0.16666666666666666,15,-6.948038935661316e-05
msmarco-passage-trec-dl-2019,1103812,0.5,blocker-per-cost,8192,6144.0,6144.0,2368,4960,0.19270833333333334,30,-5.7948753237724304e-05
msmarco-passage-trec-dl-2019,1103812,0.5,blocker-per-cost,10000,7500.0,7500.0,5000,5000,0.3333333333333333,30,-5.637388676404953e-05
msmarco-passage-trec-dl-2019,1103812,0.5,pressure-per-cost,128,96.0,96.0,64,64,0.3333333333333333,3,-0.00031656213104724884
msmarco-passage-trec-dl-2019,1103812,0.5,pressure-per-cost,256,192.0,192.0,128,128,0.3333333333333333,6,-0.002200869843363762
msmarco-passage-trec-dl-2019,1103812,0.5,pressure-per-cost,512,384.0,384.0,256,256,0.3333333333333333,7,-4.627928137779236e-05
msmarco-passage-trec-dl-2019,1103812,0.5,pressure-per-cost,1024,768.0,768.0,448,544,0.2916666666666667,12,-0.0004474204033613205
msmarco-passage-trec-dl-2019,1103812,0.5,pressure-per-cost,2048,1536.0,1536.0,1024,1024,0.3333333333333333,13,-0.0005158577114343643
msmarco-passage-trec-dl-2019,1103812,0.5,pressure-per-cost,4096,3072.0,3072.0,1152,2496,0.1875,15,-7.584318518638611e-05
msmarco-passage-trec-dl-2019,1103812,0.5,pressure-per-cost,8192,6144.0,6144.0,2368,4960,0.19270833333333334,30,-5.7948753237724304e-05
msmarco-passage-trec-dl-2019,1103812,0.5,pressure-per-cost,10000,7500.0,7500.0,5000,5000,0.3333333333333333,30,-5.637388676404953e-05
msmarco-passage-trec-dl-2019,1103812,0.5,candidate-per-cost,128,96.0,96.0,64,64,0.3333333333333333,3,-0.00031656213104724884
msmarco-passage-trec-dl-2019,1103812,0.5,candidate-per-cost,256,192.0,192.0,128,128,0.3333333333333333,6,-0.002200869843363762
msmarco-passage-trec-dl-2019,1103812,0.5,candidate-per-cost,512,384.0,384.0,256,256,0.3333333333333333,7,-4.627928137779236e-05
msmarco-passage-trec-dl-2019,1103812,0.5,candidate-per-cost,1024,768.0,768.0,384,576,0.25,11,-9.03196632862091e-06
msmarco-passage-trec-dl-2019,1103812,0.5,candidate-per-cost,2048,1536.0,1536.0,704,1184,0.22916666666666666,13,-0.00039720721542835236
msmarco-passage-trec-dl-2019,1103812,0.5,candidate-per-cost,4096,3072.0,3072.0,1024,2560,0.16666666666666666,15,-6.948038935661316e-05
msmarco-passage-trec-dl-2019,1103812,0.5,candidate-per-cost,8192,6144.0,6144.0,2288,5000,0.18619791666666666,21,-0.0001372937113046646
msmarco-passage-trec-dl-2019,1103812,0.5,candidate-per-cost,10000,7500.0,7500.0,5000,5000,0.3333333333333333,30,-5.637388676404953e-05
msmarco-passage-trec-dl-2019,1103812,2.0,cost-balanced,128,192.0,192.0,64,64,0.6666666666666666,3,-0.00031656213104724884
msmarco-passage-trec-dl-2019,1103812,2.0,cost-balanced,256,384.0,384.0,128,128,0.6666666666666666,6,-0.002200869843363762
msmarco-passage-trec-dl-2019,1103812,2.0,cost-balanced,512,768.0,768.0,192,384,0.5,7,-0.00031233951449394226
msmarco-passage-trec-dl-2019,1103812,2.0,cost-balanced,1024,1536.0,1536.0,384,768,0.5,11,-9.03196632862091e-06
msmarco-passage-trec-dl-2019,1103812,2.0,cost-balanced,2048,3072.0,3072.0,768,1536,0.5,13,-0.0002634432166814804
msmarco-passage-trec-dl-2019,1103812,2.0,cost-balanced,4096,6144.0,6144.0,1536,3072,0.5,15,-3.8929283618927e-06
msmarco-passage-trec-dl-2019,1103812,2.0,cost-balanced,8192,12288.0,12288.0,3644,5000,0.5930989583333334,30,-5.637388676404953e-05
msmarco-passage-trec-dl-2019,1103812,2.0,cost-balanced,10000,15000.0,15000.0,5000,5000,0.6666666666666666,30,-5.637388676404953e-05
msmarco-passage-trec-dl-2019,1103812,2.0,upper-per-cost,128,192.0,192.0,64,64,0.6666666666666666,3,-0.00031656213104724884
msmarco-passage-trec-dl-2019,1103812,2.0,upper-per-cost,256,384.0,384.0,128,128,0.6666666666666666,6,-0.002200869843363762
msmarco-passage-trec-dl-2019,1103812,2.0,upper-per-cost,512,768.0,768.0,224,320,0.5833333333333334,9,-0.00030000507831573486
msmarco-passage-trec-dl-2019,1103812,2.0,upper-per-cost,1024,1536.0,1536.0,448,640,0.5833333333333334,12,-0.00022265873849391937
msmarco-passage-trec-dl-2019,1103812,2.0,upper-per-cost,2048,3072.0,3072.0,896,1280,0.5833333333333334,13,-0.0003396179527044296
msmarco-passage-trec-dl-2019,1103812,2.0,upper-per-cost,4096,6144.0,6144.0,1792,2560,0.5833333333333334,15,-6.62878155708313e-05
msmarco-passage-trec-dl-2019,1103812,2.0,upper-per-cost,8192,12288.0,12288.0,3648,4992,0.59375,30,-5.668681114912033e-05
msmarco-passage-trec-dl-2019,1103812,2.0,upper-per-cost,10000,15000.0,15000.0,5000,5000,0.6666666666666666,30,-5.637388676404953e-05
msmarco-passage-trec-dl-2019,1103812,2.0,blocker-per-cost,128,192.0,192.0,64,64,0.6666666666666666,3,-0.00031656213104724884
msmarco-passage-trec-dl-2019,1103812,2.0,blocker-per-cost,256,384.0,384.0,128,128,0.6666666666666666,6,-0.002200869843363762
msmarco-passage-trec-dl-2019,1103812,2.0,blocker-per-cost,512,768.0,768.0,256,256,0.6666666666666666,7,-4.627928137779236e-05
msmarco-passage-trec-dl-2019,1103812,2.0,blocker-per-cost,1024,1536.0,1536.0,448,640,0.5833333333333334,12,-0.00022265873849391937
msmarco-passage-trec-dl-2019,1103812,2.0,blocker-per-cost,2048,3072.0,3072.0,800,1472,0.5208333333333334,13,-0.0002460908144712448
msmarco-passage-trec-dl-2019,1103812,2.0,blocker-per-cost,4096,6144.0,6144.0,1504,3136,0.4895833333333333,16,-0.00010175071656703949
msmarco-passage-trec-dl-2019,1103812,2.0,blocker-per-cost,8192,12288.0,12288.0,3644,5000,0.5930989583333334,30,-5.637388676404953e-05
msmarco-passage-trec-dl-2019,1103812,2.0,blocker-per-cost,10000,15000.0,15000.0,5000,5000,0.6666666666666666,30,-5.637388676404953e-05
msmarco-passage-trec-dl-2019,1103812,2.0,pressure-per-cost,128,192.0,192.0,64,64,0.6666666666666666,3,-0.00031656213104724884
msmarco-passage-trec-dl-2019,1103812,2.0,pressure-per-cost,256,384.0,384.0,128,128,0.6666666666666666,6,-0.002200869843363762
msmarco-passage-trec-dl-2019,1103812,2.0,pressure-per-cost,512,768.0,768.0,256,256,0.6666666666666666,7,-4.627928137779236e-05
msmarco-passage-trec-dl-2019,1103812,2.0,pressure-per-cost,1024,1536.0,1536.0,448,640,0.5833333333333334,12,-0.00022265873849391937
msmarco-passage-trec-dl-2019,1103812,2.0,pressure-per-cost,2048,3072.0,3072.0,832,1408,0.5416666666666666,13,-0.0002745483070611954
msmarco-passage-trec-dl-2019,1103812,2.0,pressure-per-cost,4096,6144.0,6144.0,1504,3136,0.4895833333333333,16,-0.00010175071656703949
msmarco-passage-trec-dl-2019,1103812,2.0,pressure-per-cost,8192,12288.0,12288.0,3644,5000,0.5930989583333334,30,-5.637388676404953e-05
msmarco-passage-trec-dl-2019,1103812,2.0,pressure-per-cost,10000,15000.0,15000.0,5000,5000,0.6666666666666666,30,-5.637388676404953e-05
msmarco-passage-trec-dl-2019,1103812,2.0,candidate-per-cost,128,192.0,192.0,64,64,0.6666666666666666,3,-0.00031656213104724884
msmarco-passage-trec-dl-2019,1103812,2.0,candidate-per-cost,256,384.0,384.0,128,128,0.6666666666666666,6,-0.002200869843363762
msmarco-passage-trec-dl-2019,1103812,2.0,candidate-per-cost,512,768.0,768.0,256,256,0.6666666666666666,7,-4.627928137779236e-05
msmarco-passage-trec-dl-2019,1103812,2.0,candidate-per-cost,1024,1536.0,1536.0,448,640,0.5833333333333334,12,-0.00022265873849391937
msmarco-passage-trec-dl-2019,1103812,2.0,candidate-per-cost,2048,3072.0,3072.0,800,1472,0.5208333333333334,13,-0.0002460908144712448
msmarco-passage-trec-dl-2019,1103812,2.0,candidate-per-cost,4096,6144.0,6144.0,1120,3904,0.3645833333333333,16,-0.000309821218252182
msmarco-passage-trec-dl-2019,1103812,2.0,candidate-per-cost,8192,12288.0,12288.0,3644,5000,0.5930989583333334,30,-5.637388676404953e-05
msmarco-passage-trec-dl-2019,1103812,2.0,candidate-per-cost,10000,15000.0,15000.0,5000,5000,0.6666666666666666,30,-5.637388676404953e-05
msmarco-passage-trec-dl-2019,87181,0.5,cost-balanced,128,96.0,96.0,64,64,0.3333333333333333,10,-9.39890742301941e-06
msmarco-passage-trec-dl-2019,87181,0.5,cost-balanced,256,192.0,192.0,192,96,0.5,28,-0.0001640506088733673
msmarco-passage-trec-dl-2019,87181,0.5,cost-balanced,512,384.0,384.0,384,192,0.5,50,-0.00045699067413806915
msmarco-passage-trec-dl-2019,87181,0.5,cost-balanced,1024,768.0,768.0,768,384,0.5,58,-0.0001357169821858406
msmarco-passage-trec-dl-2019,87181,0.5,cost-balanced,2048,1536.0,1536.0,1536,768,0.5,62,-2.117827534675598e-06
msmarco-passage-trec-dl-2019,87181,0.5,cost-balanced,4096,3072.0,3072.0,3072,1536,0.5,65,-0.0001099705696105957
msmarco-passage-trec-dl-2019,87181,0.5,cost-balanced,8192,6144.0,6144.0,5000,3644,0.4069010416666667,99,-2.1750107407569885e-05
msmarco-passage-trec-dl-2019,87181,0.5,cost-balanced,10000,7500.0,7500.0,5000,5000,0.3333333333333333,100,-inf
msmarco-passage-trec-dl-2019,87181,0.5,upper-per-cost,128,96.0,96.0,64,64,0.3333333333333333,10,-9.39890742301941e-06
msmarco-passage-trec-dl-2019,87181,0.5,upper-per-cost,256,192.0,192.0,128,128,0.3333333333333333,27,-0.0001407284289598465
msmarco-passage-trec-dl-2019,87181,0.5,upper-per-cost,512,384.0,384.0,320,224,0.4166666666666667,49,-0.00027889758348464966
msmarco-passage-trec-dl-2019,87181,0.5,upper-per-cost,1024,768.0,768.0,640,448,0.4166666666666667,57,-1.0514631867408752e-05
msmarco-passage-trec-dl-2019,87181,0.5,upper-per-cost,2048,1536.0,1536.0,1280,896,0.4166666666666667,61,-8.524022996425629e-05
msmarco-passage-trec-dl-2019,87181,0.5,upper-per-cost,4096,3072.0,3072.0,2560,1792,0.4166666666666667,65,-0.0001723654568195343
msmarco-passage-trec-dl-2019,87181,0.5,upper-per-cost,8192,6144.0,6144.0,4992,3648,0.40625,99,-2.145860344171524e-05
msmarco-passage-trec-dl-2019,87181,0.5,upper-per-cost,10000,7500.0,7500.0,5000,5000,0.3333333333333333,100,-inf
msmarco-passage-trec-dl-2019,87181,0.5,blocker-per-cost,128,96.0,96.0,64,64,0.3333333333333333,10,-9.39890742301941e-06
msmarco-passage-trec-dl-2019,87181,0.5,blocker-per-cost,256,192.0,192.0,128,128,0.3333333333333333,27,-0.0001407284289598465
msmarco-passage-trec-dl-2019,87181,0.5,blocker-per-cost,512,384.0,384.0,384,192,0.5,50,-0.00045699067413806915
msmarco-passage-trec-dl-2019,87181,0.5,blocker-per-cost,1024,768.0,768.0,896,320,0.5833333333333334,59,-2.5023706257343292e-05
msmarco-passage-trec-dl-2019,87181,0.5,blocker-per-cost,2048,1536.0,1536.0,2432,320,0.7916666666666666,65,-0.00019197072833776474
msmarco-passage-trec-dl-2019,87181,0.5,blocker-per-cost,4096,3072.0,3072.0,4544,800,0.7395833333333334,84,-7.153954356908798e-05
msmarco-passage-trec-dl-2019,87181,0.5,blocker-per-cost,8192,6144.0,6144.0,4544,3872,0.3697916666666667,99,-6.095506250858307e-06
msmarco-passage-trec-dl-2019,87181,0.5,blocker-per-cost,10000,7500.0,7500.0,5000,5000,0.3333333333333333,100,-inf
msmarco-passage-trec-dl-2019,87181,0.5,pressure-per-cost,128,96.0,96.0,64,64,0.3333333333333333,10,-9.39890742301941e-06
msmarco-passage-trec-dl-2019,87181,0.5,pressure-per-cost,256,192.0,192.0,128,128,0.3333333333333333,27,-0.0001407284289598465
msmarco-passage-trec-dl-2019,87181,0.5,pressure-per-cost,512,384.0,384.0,384,192,0.5,50,-0.00045699067413806915
msmarco-passage-trec-dl-2019,87181,0.5,pressure-per-cost,1024,768.0,768.0,896,320,0.5833333333333334,59,-2.5023706257343292e-05
msmarco-passage-trec-dl-2019,87181,0.5,pressure-per-cost,2048,1536.0,1536.0,2432,320,0.7916666666666666,65,-0.00019197072833776474
msmarco-passage-trec-dl-2019,87181,0.5,pressure-per-cost,4096,3072.0,3072.0,4544,800,0.7395833333333334,84,-7.153954356908798e-05
msmarco-passage-trec-dl-2019,87181,0.5,pressure-per-cost,8192,6144.0,6144.0,4544,3872,0.3697916666666667,99,-6.095506250858307e-06
msmarco-passage-trec-dl-2019,87181,0.5,pressure-per-cost,10000,7500.0,7500.0,5000,5000,0.3333333333333333,100,-inf
msmarco-passage-trec-dl-2019,87181,0.5,candidate-per-cost,128,96.0,96.0,64,64,0.3333333333333333,10,-9.39890742301941e-06
msmarco-passage-trec-dl-2019,87181,0.5,candidate-per-cost,256,192.0,192.0,128,128,0.3333333333333333,27,-0.0001407284289598465
msmarco-passage-trec-dl-2019,87181,0.5,candidate-per-cost,512,384.0,384.0,384,192,0.5,50,-0.00045699067413806915
msmarco-passage-trec-dl-2019,87181,0.5,candidate-per-cost,1024,768.0,768.0,896,320,0.5833333333333334,59,-2.5023706257343292e-05
msmarco-passage-trec-dl-2019,87181,0.5,candidate-per-cost,2048,1536.0,1536.0,2432,320,0.7916666666666666,65,-0.00019197072833776474
msmarco-passage-trec-dl-2019,87181,0.5,candidate-per-cost,4096,3072.0,3072.0,4544,800,0.7395833333333334,84,-7.153954356908798e-05
msmarco-passage-trec-dl-2019,87181,0.5,candidate-per-cost,8192,6144.0,6144.0,4544,3872,0.3697916666666667,99,-6.095506250858307e-06
msmarco-passage-trec-dl-2019,87181,0.5,candidate-per-cost,10000,7500.0,7500.0,5000,5000,0.3333333333333333,100,-inf
msmarco-passage-trec-dl-2019,87181,2.0,cost-balanced,128,192.0,192.0,64,64,0.6666666666666666,10,-9.39890742301941e-06
msmarco-passage-trec-dl-2019,87181,2.0,cost-balanced,256,384.0,384.0,128,128,0.6666666666666666,27,-0.0001407284289598465
msmarco-passage-trec-dl-2019,87181,2.0,cost-balanced,512,768.0,768.0,192,384,0.5,42,-0.0001825094223022461
msmarco-passage-trec-dl-2019,87181,2.0,cost-balanced,1024,1536.0,1536.0,384,768,0.5,50,-0.00045699067413806915
msmarco-passage-trec-dl-2019,87181,2.0,cost-balanced,2048,3072.0,3072.0,768,1536,0.5,58,-0.0001357169821858406
msmarco-passage-trec-dl-2019,87181,2.0,cost-balanced,4096,6144.0,6144.0,1536,3072,0.5,62,-2.117827534675598e-06
msmarco-passage-trec-dl-2019,87181,2.0,cost-balanced,8192,12288.0,12288.0,3644,5000,0.5930989583333334,65,-6.066448986530304e-05
msmarco-passage-trec-dl-2019,87181,2.0,cost-balanced,10000,15000.0,15000.0,5000,5000,0.6666666666666666,100,-inf
msmarco-passage-trec-dl-2019,87181,2.0,upper-per-cost,128,192.0,192.0,64,64,0.6666666666666666,10,-9.39890742301941e-06
msmarco-passage-trec-dl-2019,87181,2.0,upper-per-cost,256,384.0,384.0,128,128,0.6666666666666666,27,-0.0001407284289598465
msmarco-passage-trec-dl-2019,87181,2.0,upper-per-cost,512,768.0,768.0,224,320,0.5833333333333334,43,-7.129460573196411e-05
msmarco-passage-trec-dl-2019,87181,2.0,upper-per-cost,1024,1536.0,1536.0,448,640,0.5833333333333334,52,-4.686973989009857e-05
msmarco-passage-trec-dl-2019,87181,2.0,upper-per-cost,2048,3072.0,3072.0,896,1280,0.5833333333333334,59,-2.5023706257343292e-05
msmarco-passage-trec-dl-2019,87181,2.0,upper-per-cost,4096,6144.0,6144.0,1792,2560,0.5833333333333334,64,-1.3931654393672943e-05
msmarco-passage-trec-dl-2019,87181,2.0,upper-per-cost,8192,12288.0,12288.0,3648,4992,0.59375,65,-6.0372985899448395e-05
msmarco-passage-trec-dl-2019,87181,2.0,upper-per-cost,10000,15000.0,15000.0,5000,5000,0.6666666666666666,100,-inf
msmarco-passage-trec-dl-2019,87181,2.0,blocker-per-cost,128,192.0,192.0,64,64,0.6666666666666666,10,-9.39890742301941e-06
msmarco-passage-trec-dl-2019,87181,2.0,blocker-per-cost,256,384.0,384.0,128,128,0.6666666666666666,27,-0.0001407284289598465
msmarco-passage-trec-dl-2019,87181,2.0,blocker-per-cost,512,768.0,768.0,288,192,0.75,48,-0.0002354588359594345
msmarco-passage-trec-dl-2019,87181,2.0,blocker-per-cost,1024,1536.0,1536.0,640,256,0.8333333333333334,57,-1.0514631867408752e-05
msmarco-passage-trec-dl-2019,87181,2.0,blocker-per-cost,2048,3072.0,3072.0,1376,320,0.8958333333333334,61,-3.535021096467972e-05
msmarco-passage-trec-dl-2019,87181,2.0,blocker-per-cost,4096,6144.0,6144.0,2912,320,0.9479166666666666,65,-0.0001271599903702736
msmarco-passage-trec-dl-2019,87181,2.0,blocker-per-cost,8192,12288.0,12288.0,4576,3136,0.7447916666666666,92,-0.00012174341827630997
msmarco-passage-trec-dl-2019,87181,2.0,blocker-per-cost,10000,15000.0,15000.0,5000,5000,0.6666666666666666,100,-inf
msmarco-passage-trec-dl-2019,87181,2.0,pressure-per-cost,128,192.0,192.0,64,64,0.6666666666666666,10,-9.39890742301941e-06
msmarco-passage-trec-dl-2019,87181,2.0,pressure-per-cost,256,384.0,384.0,128,128,0.6666666666666666,27,-0.0001407284289598465
msmarco-passage-trec-dl-2019,87181,2.0,pressure-per-cost,512,768.0,768.0,288,192,0.75,48,-0.0002354588359594345
msmarco-passage-trec-dl-2019,87181,2.0,pressure-per-cost,1024,1536.0,1536.0,640,256,0.8333333333333334,57,-1.0514631867408752e-05
msmarco-passage-trec-dl-2019,87181,2.0,pressure-per-cost,2048,3072.0,3072.0,1376,320,0.8958333333333334,61,-3.535021096467972e-05
msmarco-passage-trec-dl-2019,87181,2.0,pressure-per-cost,4096,6144.0,6144.0,2912,320,0.9479166666666666,65,-0.0001271599903702736
msmarco-passage-trec-dl-2019,87181,2.0,pressure-per-cost,8192,12288.0,12288.0,4576,3136,0.7447916666666666,92,-0.00012174341827630997
msmarco-passage-trec-dl-2019,87181,2.0,pressure-per-cost,10000,15000.0,15000.0,5000,5000,0.6666666666666666,100,-inf
msmarco-passage-trec-dl-2019,87181,2.0,candidate-per-cost,128,192.0,192.0,64,64,0.6666666666666666,10,-9.39890742301941e-06
msmarco-passage-trec-dl-2019,87181,2.0,candidate-per-cost,256,384.0,384.0,128,128,0.6666666666666666,27,-0.0001407284289598465
msmarco-passage-trec-dl-2019,87181,2.0,candidate-per-cost,512,768.0,768.0,288,192,0.75,48,-0.0002354588359594345
msmarco-passage-trec-dl-2019,87181,2.0,candidate-per-cost,1024,1536.0,1536.0,640,256,0.8333333333333334,57,-1.0514631867408752e-05
msmarco-passage-trec-dl-2019,87181,2.0,candidate-per-cost,2048,3072.0,3072.0,1376,320,0.8958333333333334,61,-3.535021096467972e-05
msmarco-passage-trec-dl-2019,87181,2.0,candidate-per-cost,4096,6144.0,6144.0,2912,320,0.9479166666666666,65,-0.0001271599903702736
msmarco-passage-trec-dl-2019,87181,2.0,candidate-per-cost,8192,12288.0,12288.0,4576,3136,0.7447916666666666,92,-0.00012174341827630997
msmarco-passage-trec-dl-2019,87181,2.0,candidate-per-cost,10000,15000.0,15000.0,5000,5000,0.6666666666666666,100,-inf
msmarco-passage-trec-dl-2019,443396,0.5,cost-balanced,128,96.0,96.0,64,64,0.3333333333333333,2,-0.0007146205753087997
msmarco-passage-trec-dl-2019,443396,0.5,cost-balanced,256,192.0,192.0,192,96,0.5,4,-0.0008230209350585938
msmarco-passage-trec-dl-2019,443396,0.5,cost-balanced,512,384.0,384.0,384,192,0.5,7,-0.0006567835807800293
msmarco-passage-trec-dl-2019,443396,0.5,cost-balanced,1024,768.0,768.0,768,384,0.5,9,-0.0009310003370046616
msmarco-passage-trec-dl-2019,443396,0.5,cost-balanced,2048,1536.0,1536.0,1536,768,0.5,10,-0.00016054697334766388
msmarco-passage-trec-dl-2019,443396,0.5,cost-balanced,4096,3072.0,3072.0,3072,1536,0.5,13,-0.0003621559590101242
msmarco-passage-trec-dl-2019,443396,0.5,cost-balanced,8192,6144.0,6144.0,5000,3644,0.4069010416666667,13,-5.5693089962005615e-06
msmarco-passage-trec-dl-2019,443396,0.5,cost-balanced,10000,7500.0,7500.0,5000,5000,0.3333333333333333,15,-0.00019762851297855377
msmarco-passage-trec-dl-2019,443396,0.5,upper-per-cost,128,96.0,96.0,64,64,0.3333333333333333,2,-0.0007146205753087997
msmarco-passage-trec-dl-2019,443396,0.5,upper-per-cost,256,192.0,192.0,128,128,0.3333333333333333,4,-5.1390379667282104e-06
msmarco-passage-trec-dl-2019,443396,0.5,upper-per-cost,512,384.0,384.0,320,224,0.4166666666666667,7,-0.00020965561270713806
msmarco-passage-trec-dl-2019,443396,0.5,upper-per-cost,1024,768.0,768.0,640,448,0.4166666666666667,9,-0.0006472505629062653
msmarco-passage-trec-dl-2019,443396,0.5,upper-per-cost,2048,1536.0,1536.0,1280,896,0.4166666666666667,11,-0.0001518353819847107
msmarco-passage-trec-dl-2019,443396,0.5,upper-per-cost,4096,3072.0,3072.0,2560,1792,0.4166666666666667,13,-0.00027554668486118317
msmarco-passage-trec-dl-2019,443396,0.5,upper-per-cost,8192,6144.0,6144.0,4992,3648,0.40625,13,-5.276873707771301e-06
msmarco-passage-trec-dl-2019,443396,0.5,upper-per-cost,10000,7500.0,7500.0,5000,5000,0.3333333333333333,15,-0.00019762851297855377
msmarco-passage-trec-dl-2019,443396,0.5,blocker-per-cost,128,96.0,96.0,64,64,0.3333333333333333,2,-0.0007146205753087997
msmarco-passage-trec-dl-2019,443396,0.5,blocker-per-cost,256,192.0,192.0,128,128,0.3333333333333333,4,-5.1390379667282104e-06
msmarco-passage-trec-dl-2019,443396,0.5,blocker-per-cost,512,384.0,384.0,256,256,0.3333333333333333,9,-0.001843305304646492
msmarco-passage-trec-dl-2019,443396,0.5,blocker-per-cost,1024,768.0,768.0,448,544,0.2916666666666667,9,-0.000382840633392334
msmarco-passage-trec-dl-2019,443396,0.5,blocker-per-cost,2048,1536.0,1536.0,832,1120,0.2708333333333333,12,-0.00019707530736923218
msmarco-passage-trec-dl-2019,443396,0.5,blocker-per-cost,4096,3072.0,3072.0,2048,2048,0.3333333333333333,13,-0.00020997412502765656
msmarco-passage-trec-dl-2019,443396,0.5,blocker-per-cost,8192,6144.0,6144.0,4096,4096,0.3333333333333333,14,-5.997717380523682e-07
msmarco-passage-trec-dl-2019,443396,0.5,blocker-per-cost,10000,7500.0,7500.0,5000,5000,0.3333333333333333,15,-0.00019762851297855377
msmarco-passage-trec-dl-2019,443396,0.5,pressure-per-cost,128,96.0,96.0,64,64,0.3333333333333333,2,-0.0007146205753087997
msmarco-passage-trec-dl-2019,443396,0.5,pressure-per-cost,256,192.0,192.0,128,128,0.3333333333333333,4,-5.1390379667282104e-06
msmarco-passage-trec-dl-2019,443396,0.5,pressure-per-cost,512,384.0,384.0,256,256,0.3333333333333333,9,-0.001843305304646492
msmarco-passage-trec-dl-2019,443396,0.5,pressure-per-cost,1024,768.0,768.0,512,512,0.3333333333333333,9,-0.0004270002245903015
msmarco-passage-trec-dl-2019,443396,0.5,pressure-per-cost,2048,1536.0,1536.0,896,1088,0.2916666666666667,12,-0.00021149031817913055
msmarco-passage-trec-dl-2019,443396,0.5,pressure-per-cost,4096,3072.0,3072.0,2304,1920,0.375,13,-0.00024064071476459503
msmarco-passage-trec-dl-2019,443396,0.5,pressure-per-cost,8192,6144.0,6144.0,4160,4064,0.3385416666666667,14,-2.466142177581787e-06
msmarco-passage-trec-dl-2019,443396,0.5,pressure-per-cost,10000,7500.0,7500.0,5000,5000,0.3333333333333333,15,-0.00019762851297855377
msmarco-passage-trec-dl-2019,443396,0.5,candidate-per-cost,128,96.0,96.0,64,64,0.3333333333333333,2,-0.0007146205753087997
msmarco-passage-trec-dl-2019,443396,0.5,candidate-per-cost,256,192.0,192.0,128,128,0.3333333333333333,4,-5.1390379667282104e-06
msmarco-passage-trec-dl-2019,443396,0.5,candidate-per-cost,512,384.0,384.0,256,256,0.3333333333333333,9,-0.001843305304646492
msmarco-passage-trec-dl-2019,443396,0.5,candidate-per-cost,1024,768.0,768.0,448,544,0.2916666666666667,9,-0.000382840633392334
msmarco-passage-trec-dl-2019,443396,0.5,candidate-per-cost,2048,1536.0,1536.0,832,1120,0.2708333333333333,12,-0.00019707530736923218
msmarco-passage-trec-dl-2019,443396,0.5,candidate-per-cost,4096,3072.0,3072.0,1024,2560,0.16666666666666666,13,-0.0006580986082553864
msmarco-passage-trec-dl-2019,443396,0.5,candidate-per-cost,8192,6144.0,6144.0,4096,4096,0.3333333333333333,14,-5.997717380523682e-07
msmarco-passage-trec-dl-2019,443396,0.5,candidate-per-cost,10000,7500.0,7500.0,5000,5000,0.3333333333333333,15,-0.00019762851297855377
msmarco-passage-trec-dl-2019,443396,2.0,cost-balanced,128,192.0,192.0,64,64,0.6666666666666666,2,-0.0007146205753087997
msmarco-passage-trec-dl-2019,443396,2.0,cost-balanced,256,384.0,384.0,128,128,0.6666666666666666,4,-5.1390379667282104e-06
msmarco-passage-trec-dl-2019,443396,2.0,cost-balanced,512,768.0,768.0,192,384,0.5,7,-0.000392373651266098
msmarco-passage-trec-dl-2019,443396,2.0,cost-balanced,1024,1536.0,1536.0,384,768,0.5,9,-0.0006665904074907303
msmarco-passage-trec-dl-2019,443396,2.0,cost-balanced,2048,3072.0,3072.0,768,1536,0.5,11,-4.9130991101264954e-05
msmarco-passage-trec-dl-2019,443396,2.0,cost-balanced,4096,6144.0,6144.0,1536,3072,0.5,13,-0.0003621559590101242
msmarco-passage-trec-dl-2019,443396,2.0,cost-balanced,8192,12288.0,12288.0,3644,5000,0.5930989583333334,14,-2.9962509870529175e-05
msmarco-passage-trec-dl-2019,443396,2.0,cost-balanced,10000,15000.0,15000.0,5000,5000,0.6666666666666666,15,-0.00019762851297855377
msmarco-passage-trec-dl-2019,443396,2.0,upper-per-cost,128,192.0,192.0,64,64,0.6666666666666666,2,-0.0007146205753087997
msmarco-passage-trec-dl-2019,443396,2.0,upper-per-cost,256,384.0,384.0,128,128,0.6666666666666666,4,-5.1390379667282104e-06
msmarco-passage-trec-dl-2019,443396,2.0,upper-per-cost,512,768.0,768.0,224,320,0.5833333333333334,8,-7.343851029872894e-05
msmarco-passage-trec-dl-2019,443396,2.0,upper-per-cost,1024,1536.0,1536.0,448,640,0.5833333333333334,9,-0.000382840633392334
msmarco-passage-trec-dl-2019,443396,2.0,upper-per-cost,2048,3072.0,3072.0,896,1280,0.5833333333333334,12,-0.00012202374637126923
msmarco-passage-trec-dl-2019,443396,2.0,upper-per-cost,4096,6144.0,6144.0,1792,2560,0.5833333333333334,13,-0.00027554668486118317
msmarco-passage-trec-dl-2019,443396,2.0,upper-per-cost,8192,12288.0,12288.0,3648,4992,0.59375,14,-2.9670074582099915e-05
msmarco-passage-trec-dl-2019,443396,2.0,upper-per-cost,10000,15000.0,15000.0,5000,5000,0.6666666666666666,15,-0.00019762851297855377
msmarco-passage-trec-dl-2019,443396,2.0,blocker-per-cost,128,192.0,192.0,64,64,0.6666666666666666,2,-0.0007146205753087997
msmarco-passage-trec-dl-2019,443396,2.0,blocker-per-cost,256,384.0,384.0,128,128,0.6666666666666666,4,-5.1390379667282104e-06
msmarco-passage-trec-dl-2019,443396,2.0,blocker-per-cost,512,768.0,768.0,256,256,0.6666666666666666,9,-0.001843305304646492
msmarco-passage-trec-dl-2019,443396,2.0,blocker-per-cost,1024,1536.0,1536.0,480,576,0.625,9,-0.00026618875563144684
msmarco-passage-trec-dl-2019,443396,2.0,blocker-per-cost,2048,3072.0,3072.0,928,1216,0.6041666666666666,12,-0.00012410804629325867
msmarco-passage-trec-dl-2019,443396,2.0,blocker-per-cost,4096,6144.0,6144.0,2048,2048,0.6666666666666666,13,-0.00020997412502765656
msmarco-passage-trec-dl-2019,443396,2.0,blocker-per-cost,8192,12288.0,12288.0,4096,4096,0.6666666666666666,14,-5.997717380523682e-07
msmarco-passage-trec-dl-2019,443396,2.0,blocker-per-cost,10000,15000.0,15000.0,5000,5000,0.6666666666666666,15,-0.00019762851297855377
msmarco-passage-trec-dl-2019,443396,2.0,pressure-per-cost,128,192.0,192.0,64,64,0.6666666666666666,2,-0.0007146205753087997
msmarco-passage-trec-dl-2019,443396,2.0,pressure-per-cost,256,384.0,384.0,128,128,0.6666666666666666,4,-5.1390379667282104e-06
msmarco-passage-trec-dl-2019,443396,2.0,pressure-per-cost,512,768.0,768.0,256,256,0.6666666666666666,9,-0.001843305304646492
msmarco-passage-trec-dl-2019,443396,2.0,pressure-per-cost,1024,1536.0,1536.0,480,576,0.625,9,-0.00026618875563144684
msmarco-passage-trec-dl-2019,443396,2.0,pressure-per-cost,2048,3072.0,3072.0,896,1280,0.5833333333333334,12,-0.00012202374637126923
msmarco-passage-trec-dl-2019,443396,2.0,pressure-per-cost,4096,6144.0,6144.0,1920,2304,0.625,13,-0.00024064071476459503
msmarco-passage-trec-dl-2019,443396,2.0,pressure-per-cost,8192,12288.0,12288.0,4064,4160,0.6614583333333334,14,-2.466142177581787e-06
msmarco-passage-trec-dl-2019,443396,2.0,pressure-per-cost,10000,15000.0,15000.0,5000,5000,0.6666666666666666,15,-0.00019762851297855377
msmarco-passage-trec-dl-2019,443396,2.0,candidate-per-cost,128,192.0,192.0,64,64,0.6666666666666666,2,-0.0007146205753087997
msmarco-passage-trec-dl-2019,443396,2.0,candidate-per-cost,256,384.0,384.0,128,128,0.6666666666666666,4,-5.1390379667282104e-06
msmarco-passage-trec-dl-2019,443396,2.0,candidate-per-cost,512,768.0,768.0,256,256,0.6666666666666666,9,-0.001843305304646492
msmarco-passage-trec-dl-2019,443396,2.0,candidate-per-cost,1024,1536.0,1536.0,480,576,0.625,9,-0.00026618875563144684
msmarco-passage-trec-dl-2019,443396,2.0,candidate-per-cost,2048,3072.0,3072.0,928,1216,0.6041666666666666,12,-0.00012410804629325867
msmarco-passage-trec-dl-2019,443396,2.0,candidate-per-cost,4096,6144.0,6144.0,1088,3968,0.3541666666666667,13,-0.00035591796040534973
msmarco-passage-trec-dl-2019,443396,2.0,candidate-per-cost,8192,12288.0,12288.0,4096,4096,0.6666666666666666,14,-5.997717380523682e-07
msmarco-passage-trec-dl-2019,443396,2.0,candidate-per-cost,10000,15000.0,15000.0,5000,5000,0.6666666666666666,15,-0.00019762851297855377
msmarco-passage-trec-dl-2019,1121709,0.5,cost-balanced,128,96.0,96.0,64,64,0.3333333333333333,3,-0.0014664996415376663
msmarco-passage-trec-dl-2019,1121709,0.5,cost-balanced,256,192.0,192.0,192,96,0.5,4,-0.0022903382778167725
msmarco-passage-trec-dl-2019,1121709,0.5,cost-balanced,512,384.0,384.0,384,192,0.5,5,-0.0013531073927879333
msmarco-passage-trec-dl-2019,1121709,0.5,cost-balanced,1024,768.0,768.0,768,384,0.5,6,-0.0014051850885152817
msmarco-passage-trec-dl-2019,1121709,0.5,cost-balanced,2048,1536.0,1536.0,1536,768,0.5,6,-0.000360662117600441
msmarco-passage-trec-dl-2019,1121709,0.5,cost-balanced,4096,3072.0,3072.0,3072,1536,0.5,8,-5.5087730288505554e-05
msmarco-passage-trec-dl-2019,1121709,0.5,cost-balanced,8192,6144.0,6144.0,5000,3644,0.4069010416666667,11,-0.00011627376079559326
msmarco-passage-trec-dl-2019,1121709,0.5,cost-balanced,10000,7500.0,7500.0,5000,5000,0.3333333333333333,11,-0.00011627376079559326
msmarco-passage-trec-dl-2019,1121709,0.5,upper-per-cost,128,96.0,96.0,64,64,0.3333333333333333,3,-0.0014664996415376663
msmarco-passage-trec-dl-2019,1121709,0.5,upper-per-cost,256,192.0,192.0,128,128,0.3333333333333333,4,-0.001472456380724907
msmarco-passage-trec-dl-2019,1121709,0.5,upper-per-cost,512,384.0,384.0,320,224,0.4166666666666667,5,-0.0032478999346494675
msmarco-passage-trec-dl-2019,1121709,0.5,upper-per-cost,1024,768.0,768.0,640,448,0.4166666666666667,6,-0.0011214353144168854
msmarco-passage-trec-dl-2019,1121709,0.5,upper-per-cost,2048,1536.0,1536.0,1280,896,0.4166666666666667,6,-0.00019895657896995544
msmarco-passage-trec-dl-2019,1121709,0.5,upper-per-cost,4096,3072.0,3072.0,2560,1792,0.4166666666666667,8,-0.00011748261749744415
msmarco-passage-trec-dl-2019,1121709,0.5,upper-per-cost,8192,6144.0,6144.0,4992,3648,0.40625,11,-0.00011658668518066406
msmarco-passage-trec-dl-2019,1121709,0.5,upper-per-cost,10000,7500.0,7500.0,5000,5000,0.3333333333333333,11,-0.00011627376079559326
msmarco-passage-trec-dl-2019,1121709,0.5,blocker-per-cost,128,96.0,96.0,64,64,0.3333333333333333,3,-0.0014664996415376663
msmarco-passage-trec-dl-2019,1121709,0.5,blocker-per-cost,256,192.0,192.0,128,128,0.3333333333333333,4,-0.001472456380724907
msmarco-passage-trec-dl-2019,1121709,0.5,blocker-per-cost,512,384.0,384.0,256,256,0.3333333333333333,5,-0.002891331911087036
msmarco-passage-trec-dl-2019,1121709,0.5,blocker-per-cost,1024,768.0,768.0,512,512,0.3333333333333333,6,-0.001484055072069168
msmarco-passage-trec-dl-2019,1121709,0.5,blocker-per-cost,2048,1536.0,1536.0,1024,1024,0.3333333333333333,6,-7.544085383415222e-05
msmarco-passage-trec-dl-2019,1121709,0.5,blocker-per-cost,4096,3072.0,3072.0,3712,1216,0.6041666666666666,8,-9.145587682723999e-07
msmarco-passage-trec-dl-2019,1121709,0.5,blocker-per-cost,8192,6144.0,6144.0,5000,3644,0.4069010416666667,11,-0.00011627376079559326
msmarco-passage-trec-dl-2019,1121709,0.5,blocker-per-cost,10000,7500.0,7500.0,5000,5000,0.3333333333333333,11,-0.00011627376079559326
msmarco-passage-trec-dl-2019,1121709,0.5,pressure-per-cost,128,96.0,96.0,64,64,0.3333333333333333,3,-0.0014664996415376663
msmarco-passage-trec-dl-2019,1121709,0.5,pressure-per-cost,256,192.0,192.0,128,128,0.3333333333333333,4,-0.001472456380724907
msmarco-passage-trec-dl-2019,1121709,0.5,pressure-per-cost,512,384.0,384.0,320,224,0.4166666666666667,5,-0.0032478999346494675
msmarco-passage-trec-dl-2019,1121709,0.5,pressure-per-cost,1024,768.0,768.0,576,480,0.375,6,-0.0010047834366559982
msmarco-passage-trec-dl-2019,1121709,0.5,pressure-per-cost,2048,1536.0,1536.0,1152,960,0.375,6,-0.00013332441449165344
msmarco-passage-trec-dl-2019,1121709,0.5,pressure-per-cost,4096,3072.0,3072.0,3712,1216,0.6041666666666666,8,-9.145587682723999e-07
msmarco-passage-trec-dl-2019,1121709,0.5,pressure-per-cost,8192,6144.0,6144.0,5000,3644,0.4069010416666667,11,-0.00011627376079559326
msmarco-passage-trec-dl-2019,1121709,0.5,pressure-per-cost,10000,7500.0,7500.0,5000,5000,0.3333333333333333,11,-0.00011627376079559326
msmarco-passage-trec-dl-2019,1121709,0.5,candidate-per-cost,128,96.0,96.0,64,64,0.3333333333333333,3,-0.0014664996415376663
msmarco-passage-trec-dl-2019,1121709,0.5,candidate-per-cost,256,192.0,192.0,128,128,0.3333333333333333,4,-0.001472456380724907
msmarco-passage-trec-dl-2019,1121709,0.5,candidate-per-cost,512,384.0,384.0,384,192,0.5,5,-0.0013531073927879333
msmarco-passage-trec-dl-2019,1121709,0.5,candidate-per-cost,1024,768.0,768.0,512,512,0.3333333333333333,6,-0.001484055072069168
msmarco-passage-trec-dl-2019,1121709,0.5,candidate-per-cost,2048,1536.0,1536.0,1024,1024,0.3333333333333333,6,-7.544085383415222e-05
msmarco-passage-trec-dl-2019,1121709,0.5,candidate-per-cost,4096,3072.0,3072.0,3712,1216,0.6041666666666666,8,-9.145587682723999e-07
msmarco-passage-trec-dl-2019,1121709,0.5,candidate-per-cost,8192,6144.0,6144.0,5000,3644,0.4069010416666667,11,-0.00011627376079559326
msmarco-passage-trec-dl-2019,1121709,0.5,candidate-per-cost,10000,7500.0,7500.0,5000,5000,0.3333333333333333,11,-0.00011627376079559326
msmarco-passage-trec-dl-2019,1121709,2.0,cost-balanced,128,192.0,192.0,64,64,0.6666666666666666,3,-0.0014664996415376663
msmarco-passage-trec-dl-2019,1121709,2.0,cost-balanced,256,384.0,384.0,128,128,0.6666666666666666,4,-0.001472456380724907
msmarco-passage-trec-dl-2019,1121709,2.0,cost-balanced,512,768.0,768.0,192,384,0.5,4,-0.00012156181037425995
msmarco-passage-trec-dl-2019,1121709,2.0,cost-balanced,1024,1536.0,1536.0,384,768,0.5,6,-0.001988055184483528
msmarco-passage-trec-dl-2019,1121709,2.0,cost-balanced,2048,3072.0,3072.0,768,1536,0.5,6,-0.0003196299076080322
msmarco-passage-trec-dl-2019,1121709,2.0,cost-balanced,4096,6144.0,6144.0,1536,3072,0.5,8,-0.00036236830055713654
msmarco-passage-trec-dl-2019,1121709,2.0,cost-balanced,8192,12288.0,12288.0,3644,5000,0.5930989583333334,8,-5.781650543212891e-06
msmarco-passage-trec-dl-2019,1121709,2.0,cost-balanced,10000,15000.0,15000.0,5000,5000,0.6666666666666666,11,-0.00011627376079559326
msmarco-passage-trec-dl-2019,1121709,2.0,upper-per-cost,128,192.0,192.0,64,64,0.6666666666666666,3,-0.0014664996415376663
msmarco-passage-trec-dl-2019,1121709,2.0,upper-per-cost,256,384.0,384.0,128,128,0.6666666666666666,4,-0.001472456380724907
msmarco-passage-trec-dl-2019,1121709,2.0,upper-per-cost,512,768.0,768.0,224,320,0.5833333333333334,5,-0.0032478999346494675
msmarco-passage-trec-dl-2019,1121709,2.0,upper-per-cost,1024,1536.0,1536.0,448,640,0.5833333333333334,6,-0.0017043054103851318
msmarco-passage-trec-dl-2019,1121709,2.0,upper-per-cost,2048,3072.0,3072.0,896,1280,0.5833333333333334,6,-0.0001579243689775467
msmarco-passage-trec-dl-2019,1121709,2.0,upper-per-cost,4096,6144.0,6144.0,1792,2560,0.5833333333333334,8,-0.0002757590264081955
msmarco-passage-trec-dl-2019,1121709,2.0,upper-per-cost,8192,12288.0,12288.0,3648,4992,0.59375,8,-5.48921525478363e-06
msmarco-passage-trec-dl-2019,1121709,2.0,upper-per-cost,10000,15000.0,15000.0,5000,5000,0.6666666666666666,11,-0.00011627376079559326
msmarco-passage-trec-dl-2019,1121709,2.0,blocker-per-cost,128,192.0,192.0,64,64,0.6666666666666666,3,-0.0014664996415376663
msmarco-passage-trec-dl-2019,1121709,2.0,blocker-per-cost,256,384.0,384.0,128,128,0.6666666666666666,4,-0.001472456380724907
msmarco-passage-trec-dl-2019,1121709,2.0,blocker-per-cost,512,768.0,768.0,256,256,0.6666666666666666,5,-0.002891331911087036
msmarco-passage-trec-dl-2019,1121709,2.0,blocker-per-cost,1024,1536.0,1536.0,512,512,0.6666666666666666,6,-0.001484055072069168
msmarco-passage-trec-dl-2019,1121709,2.0,blocker-per-cost,2048,3072.0,3072.0,1024,1024,0.6666666666666666,6,-7.544085383415222e-05
msmarco-passage-trec-dl-2019,1121709,2.0,blocker-per-cost,4096,6144.0,6144.0,2528,1088,0.8229166666666666,8,-0.00012220069766044617
msmarco-passage-trec-dl-2019,1121709,2.0,blocker-per-cost,8192,12288.0,12288.0,4608,3072,0.75,11,-0.0001328699290752411
msmarco-passage-trec-dl-2019,1121709,2.0,blocker-per-cost,10000,15000.0,15000.0,5000,5000,0.6666666666666666,11,-0.00011627376079559326
msmarco-passage-trec-dl-2019,1121709,2.0,pressure-per-cost,128,192.0,192.0,64,64,0.6666666666666666,3,-0.0014664996415376663
msmarco-passage-trec-dl-2019,1121709,2.0,pressure-per-cost,256,384.0,384.0,128,128,0.6666666666666666,4,-0.001472456380724907
msmarco-passage-trec-dl-2019,1121709,2.0,pressure-per-cost,512,768.0,768.0,256,256,0.6666666666666666,5,-0.002891331911087036
msmarco-passage-trec-dl-2019,1121709,2.0,pressure-per-cost,1024,1536.0,1536.0,480,576,0.625,6,-0.0015876535326242447
msmarco-passage-trec-dl-2019,1121709,2.0,pressure-per-cost,2048,3072.0,3072.0,992,1088,0.6458333333333334,6,-6.247125566005707e-05
msmarco-passage-trec-dl-2019,1121709,2.0,pressure-per-cost,4096,6144.0,6144.0,2464,1216,0.8020833333333334,8,-0.000131998211145401
msmarco-passage-trec-dl-2019,1121709,2.0,pressure-per-cost,8192,12288.0,12288.0,4608,3072,0.75,11,-0.0001328699290752411
msmarco-passage-trec-dl-2019,1121709,2.0,pressure-per-cost,10000,15000.0,15000.0,5000,5000,0.6666666666666666,11,-0.00011627376079559326
msmarco-passage-trec-dl-2019,1121709,2.0,candidate-per-cost,128,192.0,192.0,64,64,0.6666666666666666,3,-0.0014664996415376663
msmarco-passage-trec-dl-2019,1121709,2.0,candidate-per-cost,256,384.0,384.0,128,128,0.6666666666666666,4,-0.001472456380724907
msmarco-passage-trec-dl-2019,1121709,2.0,candidate-per-cost,512,768.0,768.0,288,192,0.75,5,-0.0036950279027223587
msmarco-passage-trec-dl-2019,1121709,2.0,candidate-per-cost,1024,1536.0,1536.0,512,512,0.6666666666666666,6,-0.001484055072069168
msmarco-passage-trec-dl-2019,1121709,2.0,candidate-per-cost,2048,3072.0,3072.0,1024,1024,0.6666666666666666,6,-7.544085383415222e-05
msmarco-passage-trec-dl-2019,1121709,2.0,candidate-per-cost,4096,6144.0,6144.0,2528,1088,0.8229166666666666,8,-0.00012220069766044617
msmarco-passage-trec-dl-2019,1121709,2.0,candidate-per-cost,8192,12288.0,12288.0,5000,2288,0.8138020833333334,10,-0.0003445390611886978
msmarco-passage-trec-dl-2019,1121709,2.0,candidate-per-cost,10000,15000.0,15000.0,5000,5000,0.6666666666666666,11,-0.00011627376079559326
msmarco-passage-trec-dl-2019,87452,0.5,cost-balanced,128,96.0,96.0,64,64,0.3333333333333333,14,-0.00047872215509414673
msmarco-passage-trec-dl-2019,87452,0.5,cost-balanced,256,192.0,192.0,192,96,0.5,23,-4.249252378940582e-05
msmarco-passage-trec-dl-2019,87452,0.5,cost-balanced,512,384.0,384.0,384,192,0.5,26,-0.0003648586571216583
msmarco-passage-trec-dl-2019,87452,0.5,cost-balanced,1024,768.0,768.0,768,384,0.5,33,-3.359653055667877e-05
msmarco-passage-trec-dl-2019,87452,0.5,cost-balanced,2048,1536.0,1536.0,1536,768,0.5,42,-0.00014734268188476562
msmarco-passage-trec-dl-2019,87452,0.5,cost-balanced,4096,3072.0,3072.0,3072,1536,0.5,48,-4.9705617129802704e-05
msmarco-passage-trec-dl-2019,87452,0.5,cost-balanced,8192,6144.0,6144.0,5000,3644,0.4069010416666667,60,-0.0001747654750943184
msmarco-passage-trec-dl-2019,87452,0.5,cost-balanced,10000,7500.0,7500.0,5000,5000,0.3333333333333333,60,-0.00010241568088531494
msmarco-passage-trec-dl-2019,87452,0.5,upper-per-cost,128,96.0,96.0,64,64,0.3333333333333333,14,-0.00047872215509414673
msmarco-passage-trec-dl-2019,87452,0.5,upper-per-cost,256,192.0,192.0,128,128,0.3333333333333333,24,-0.0020242221653461456
msmarco-passage-trec-dl-2019,87452,0.5,upper-per-cost,512,384.0,384.0,320,224,0.4166666666666667,27,-8.386559784412384e-05
msmarco-passage-trec-dl-2019,87452,0.5,upper-per-cost,1024,768.0,768.0,640,448,0.4166666666666667,35,-0.00015939772129058838
msmarco-passage-trec-dl-2019,87452,0.5,upper-per-cost,2048,1536.0,1536.0,1280,896,0.4166666666666667,43,-4.9787573516368866e-05
msmarco-passage-trec-dl-2019,87452,0.5,upper-per-cost,4096,3072.0,3072.0,2560,1792,0.4166666666666667,49,-0.00013088714331388474
msmarco-passage-trec-dl-2019,87452,0.5,upper-per-cost,8192,6144.0,6144.0,4992,3648,0.40625,60,-0.00017447397112846375
msmarco-passage-trec-dl-2019,87452,0.5,upper-per-cost,10000,7500.0,7500.0,5000,5000,0.3333333333333333,60,-0.00010241568088531494
msmarco-passage-trec-dl-2019,87452,0.5,blocker-per-cost,128,96.0,96.0,64,64,0.3333333333333333,14,-0.00047872215509414673
msmarco-passage-trec-dl-2019,87452,0.5,blocker-per-cost,256,192.0,192.0,128,128,0.3333333333333333,24,-0.0020242221653461456
msmarco-passage-trec-dl-2019,87452,0.5,blocker-per-cost,512,384.0,384.0,256,256,0.3333333333333333,26,-6.794929504394531e-06
msmarco-passage-trec-dl-2019,87452,0.5,blocker-per-cost,1024,768.0,768.0,640,448,0.4166666666666667,35,-0.00015939772129058838
msmarco-passage-trec-dl-2019,87452,0.5,blocker-per-cost,2048,1536.0,1536.0,832,1120,0.2708333333333333,45,-9.69134271144867e-06
msmarco-passage-trec-dl-2019,87452,0.5,blocker-per-cost,4096,3072.0,3072.0,832,2656,0.13541666666666666,59,-6.037019193172455e-05
msmarco-passage-trec-dl-2019,87452,0.5,blocker-per-cost,8192,6144.0,6144.0,2288,5000,0.18619791666666666,60,-0.00010241568088531494
msmarco-passage-trec-dl-2019,87452,0.5,blocker-per-cost,10000,7500.0,7500.0,5000,5000,0.3333333333333333,60,-0.00010241568088531494
msmarco-passage-trec-dl-2019,87452,0.5,pressure-per-cost,128,96.0,96.0,64,64,0.3333333333333333,14,-0.00047872215509414673
msmarco-passage-trec-dl-2019,87452,0.5,pressure-per-cost,256,192.0,192.0,128,128,0.3333333333333333,24,-0.0020242221653461456
msmarco-passage-trec-dl-2019,87452,0.5,pressure-per-cost,512,384.0,384.0,256,256,0.3333333333333333,26,-6.794929504394531e-06
msmarco-passage-trec-dl-2019,87452,0.5,pressure-per-cost,1024,768.0,768.0,640,448,0.4166666666666667,35,-0.00015939772129058838
msmarco-passage-trec-dl-2019,87452,0.5,pressure-per-cost,2048,1536.0,1536.0,832,1120,0.2708333333333333,45,-9.69134271144867e-06
msmarco-passage-trec-dl-2019,87452,0.5,pressure-per-cost,4096,3072.0,3072.0,832,2656,0.13541666666666666,59,-6.037019193172455e-05
msmarco-passage-trec-dl-2019,87452,0.5,pressure-per-cost,8192,6144.0,6144.0,2288,5000,0.18619791666666666,60,-0.00010241568088531494
msmarco-passage-trec-dl-2019,87452,0.5,pressure-per-cost,10000,7500.0,7500.0,5000,5000,0.3333333333333333,60,-0.00010241568088531494
msmarco-passage-trec-dl-2019,87452,0.5,candidate-per-cost,128,96.0,96.0,64,64,0.3333333333333333,14,-0.00047872215509414673
msmarco-passage-trec-dl-2019,87452,0.5,candidate-per-cost,256,192.0,192.0,128,128,0.3333333333333333,24,-0.0020242221653461456
msmarco-passage-trec-dl-2019,87452,0.5,candidate-per-cost,512,384.0,384.0,256,256,0.3333333333333333,26,-6.794929504394531e-06
msmarco-passage-trec-dl-2019,87452,0.5,candidate-per-cost,1024,768.0,768.0,640,448,0.4166666666666667,35,-0.00015939772129058838
msmarco-passage-trec-dl-2019,87452,0.5,candidate-per-cost,2048,1536.0,1536.0,832,1120,0.2708333333333333,45,-9.69134271144867e-06
msmarco-passage-trec-dl-2019,87452,0.5,candidate-per-cost,4096,3072.0,3072.0,832,2656,0.13541666666666666,59,-6.037019193172455e-05
msmarco-passage-trec-dl-2019,87452,0.5,candidate-per-cost,8192,6144.0,6144.0,2288,5000,0.18619791666666666,60,-0.00010241568088531494
msmarco-passage-trec-dl-2019,87452,0.5,candidate-per-cost,10000,7500.0,7500.0,5000,5000,0.3333333333333333,60,-0.00010241568088531494
msmarco-passage-trec-dl-2019,87452,2.0,cost-balanced,128,192.0,192.0,64,64,0.6666666666666666,14,-0.00047872215509414673
msmarco-passage-trec-dl-2019,87452,2.0,cost-balanced,256,384.0,384.0,128,128,0.6666666666666666,24,-0.0020242221653461456
msmarco-passage-trec-dl-2019,87452,2.0,cost-balanced,512,768.0,768.0,192,384,0.5,25,-0.00019984319806098938
msmarco-passage-trec-dl-2019,87452,2.0,cost-balanced,1024,1536.0,1536.0,384,768,0.5,30,-0.00014186277985572815
msmarco-passage-trec-dl-2019,87452,2.0,cost-balanced,2048,3072.0,3072.0,768,1536,0.5,37,-0.00011493079364299774
msmarco-passage-trec-dl-2019,87452,2.0,cost-balanced,4096,6144.0,6144.0,1536,3072,0.5,59,-1.1466443538665771e-05
msmarco-passage-trec-dl-2019,87452,2.0,cost-balanced,8192,12288.0,12288.0,3644,5000,0.5930989583333334,60,-0.00010241568088531494
msmarco-passage-trec-dl-2019,87452,2.0,cost-balanced,10000,15000.0,15000.0,5000,5000,0.6666666666666666,60,-0.00010241568088531494
msmarco-passage-trec-dl-2019,87452,2.0,upper-per-cost,128,192.0,192.0,64,64,0.6666666666666666,14,-0.00047872215509414673
msmarco-passage-trec-dl-2019,87452,2.0,upper-per-cost,256,384.0,384.0,128,128,0.6666666666666666,24,-0.0020242221653461456
msmarco-passage-trec-dl-2019,87452,2.0,upper-per-cost,512,768.0,768.0,224,320,0.5833333333333334,26,-0.00036336295306682587
msmarco-passage-trec-dl-2019,87452,2.0,upper-per-cost,1024,1536.0,1536.0,448,640,0.5833333333333334,32,-7.456354796886444e-05
msmarco-passage-trec-dl-2019,87452,2.0,upper-per-cost,2048,3072.0,3072.0,896,1280,0.5833333333333334,47,-4.106573760509491e-05
msmarco-passage-trec-dl-2019,87452,2.0,upper-per-cost,4096,6144.0,6144.0,1792,2560,0.5833333333333334,59,-7.386133074760437e-05
msmarco-passage-trec-dl-2019,87452,2.0,upper-per-cost,8192,12288.0,12288.0,3648,4992,0.59375,60,-0.00010272860527038574
msmarco-passage-trec-dl-2019,87452,2.0,upper-per-cost,10000,15000.0,15000.0,5000,5000,0.6666666666666666,60,-0.00010241568088531494
msmarco-passage-trec-dl-2019,87452,2.0,blocker-per-cost,128,192.0,192.0,64,64,0.6666666666666666,14,-0.00047872215509414673
msmarco-passage-trec-dl-2019,87452,2.0,blocker-per-cost,256,384.0,384.0,128,128,0.6666666666666666,24,-0.0020242221653461456
msmarco-passage-trec-dl-2019,87452,2.0,blocker-per-cost,512,768.0,768.0,256,256,0.6666666666666666,26,-6.794929504394531e-06
msmarco-passage-trec-dl-2019,87452,2.0,blocker-per-cost,1024,1536.0,1536.0,576,384,0.75,33,-3.359653055667877e-05
msmarco-passage-trec-dl-2019,87452,2.0,blocker-per-cost,2048,3072.0,3072.0,832,1408,0.5416666666666666,48,-0.00010433793067932129
msmarco-passage-trec-dl-2019,87452,2.0,blocker-per-cost,4096,6144.0,6144.0,832,4480,0.2708333333333333,60,-0.00012505147606134415
msmarco-passage-trec-dl-2019,87452,2.0,blocker-per-cost,8192,12288.0,12288.0,3644,5000,0.5930989583333334,60,-0.00010241568088531494
msmarco-passage-trec-dl-2019,87452,2.0,blocker-per-cost,10000,15000.0,15000.0,5000,5000,0.6666666666666666,60,-0.00010241568088531494
msmarco-passage-trec-dl-2019,87452,2.0,pressure-per-cost,128,192.0,192.0,64,64,0.6666666666666666,14,-0.00047872215509414673
msmarco-passage-trec-dl-2019,87452,2.0,pressure-per-cost,256,384.0,384.0,128,128,0.6666666666666666,24,-0.0020242221653461456
msmarco-passage-trec-dl-2019,87452,2.0,pressure-per-cost,512,768.0,768.0,256,256,0.6666666666666666,26,-6.794929504394531e-06
msmarco-passage-trec-dl-2019,87452,2.0,pressure-per-cost,1024,1536.0,1536.0,544,448,0.7083333333333334,33,-9.57343727350235e-05
msmarco-passage-trec-dl-2019,87452,2.0,pressure-per-cost,2048,3072.0,3072.0,800,1472,0.5208333333333334,48,-7.588043808937073e-05
msmarco-passage-trec-dl-2019,87452,2.0,pressure-per-cost,4096,6144.0,6144.0,800,4544,0.2604166666666667,60,-0.00012198928743600845
msmarco-passage-trec-dl-2019,87452,2.0,pressure-per-cost,8192,12288.0,12288.0,3644,5000,0.5930989583333334,60,-0.00010241568088531494
msmarco-passage-trec-dl-2019,87452,2.0,pressure-per-cost,10000,15000.0,15000.0,5000,5000,0.6666666666666666,60,-0.00010241568088531494
msmarco-passage-trec-dl-2019,87452,2.0,candidate-per-cost,128,192.0,192.0,64,64,0.6666666666666666,14,-0.00047872215509414673
msmarco-passage-trec-dl-2019,87452,2.0,candidate-per-cost,256,384.0,384.0,128,128,0.6666666666666666,24,-0.0020242221653461456
msmarco-passage-trec-dl-2019,87452,2.0,candidate-per-cost,512,768.0,768.0,256,256,0.6666666666666666,26,-6.794929504394531e-06
msmarco-passage-trec-dl-2019,87452,2.0,candidate-per-cost,1024,1536.0,1536.0,576,384,0.75,33,-3.359653055667877e-05
msmarco-passage-trec-dl-2019,87452,2.0,candidate-per-cost,2048,3072.0,3072.0,832,1408,0.5416666666666666,48,-0.00010433793067932129
msmarco-passage-trec-dl-2019,87452,2.0,candidate-per-cost,4096,6144.0,6144.0,832,4480,0.2708333333333333,60,-0.00012505147606134415
msmarco-passage-trec-dl-2019,87452,2.0,candidate-per-cost,8192,12288.0,12288.0,3644,5000,0.5930989583333334,60,-0.00010241568088531494
msmarco-passage-trec-dl-2019,87452,2.0,candidate-per-cost,10000,15000.0,15000.0,5000,5000,0.6666666666666666,60,-0.00010241568088531494
msmarco-passage-trec-dl-2019,855410,0.5,cost-balanced,128,96.0,96.0,64,64,0.3333333333333333,5,-0.007824130356311798
msmarco-passage-trec-dl-2019,855410,0.5,cost-balanced,256,192.0,192.0,192,96,0.5,5,-0.006169872358441353
msmarco-passage-trec-dl-2019,855410,0.5,cost-balanced,512,384.0,384.0,384,192,0.5,5,-0.003727870061993599
msmarco-passage-trec-dl-2019,855410,0.5,cost-balanced,1024,768.0,768.0,768,384,0.5,5,-0.0020118672400712967
msmarco-passage-trec-dl-2019,855410,0.5,cost-balanced,2048,1536.0,1536.0,1536,768,0.5,5,-0.000967344269156456
msmarco-passage-trec-dl-2019,855410,0.5,cost-balanced,4096,3072.0,3072.0,3072,1536,0.5,5,-0.0003861822187900543
msmarco-passage-trec-dl-2019,855410,0.5,cost-balanced,8192,6144.0,6144.0,5000,3644,0.4069010416666667,5,-2.9593706130981445e-05
msmarco-passage-trec-dl-2019,855410,0.5,cost-balanced,10000,7500.0,7500.0,5000,5000,0.3333333333333333,6,-0.00019762851297855377
msmarco-passage-trec-dl-2019,855410,0.5,upper-per-cost,128,96.0,96.0,64,64,0.3333333333333333,5,-0.007824130356311798
msmarco-passage-trec-dl-2019,855410,0.5,upper-per-cost,256,192.0,192.0,128,128,0.3333333333333333,5,-0.005078764632344246
msmarco-passage-trec-dl-2019,855410,0.5,upper-per-cost,512,384.0,384.0,320,224,0.4166666666666667,5,-0.0032807420939207077
msmarco-passage-trec-dl-2019,855410,0.5,upper-per-cost,1024,768.0,768.0,640,448,0.4166666666666667,5,-0.0017281193286180496
msmarco-passage-trec-dl-2019,855410,0.5,upper-per-cost,2048,1536.0,1536.0,1280,896,0.4166666666666667,5,-0.0008056405931711197
msmarco-passage-trec-dl-2019,855410,0.5,upper-per-cost,4096,3072.0,3072.0,2560,1792,0.4166666666666667,5,-0.0002995729446411133
msmarco-passage-trec-dl-2019,855410,0.5,upper-per-cost,8192,6144.0,6144.0,4992,3648,0.40625,5,-2.9303133487701416e-05
msmarco-passage-trec-dl-2019,855410,0.5,upper-per-cost,10000,7500.0,7500.0,5000,5000,0.3333333333333333,6,-0.00019762851297855377
msmarco-passage-trec-dl-2019,855410,0.5,blocker-per-cost,128,96.0,96.0,64,64,0.3333333333333333,5,-0.007824130356311798
msmarco-passage-trec-dl-2019,855410,0.5,blocker-per-cost,256,192.0,192.0,128,128,0.3333333333333333,5,-0.005078764632344246
msmarco-passage-trec-dl-2019,855410,0.5,blocker-per-cost,512,384.0,384.0,256,256,0.3333333333333333,5,-0.002924172207713127
msmarco-passage-trec-dl-2019,855410,0.5,blocker-per-cost,1024,768.0,768.0,512,512,0.3333333333333333,5,-0.0015078671276569366
msmarco-passage-trec-dl-2019,855410,0.5,blocker-per-cost,2048,1536.0,1536.0,1024,1024,0.3333333333333333,5,-0.0006821248680353165
msmarco-passage-trec-dl-2019,855410,0.5,blocker-per-cost,4096,3072.0,3072.0,2048,2048,0.3333333333333333,5,-0.00023399852216243744
msmarco-passage-trec-dl-2019,855410,0.5,blocker-per-cost,8192,6144.0,6144.0,4096,4096,0.3333333333333333,5,-2.3096799850463867e-07
msmarco-passage-trec-dl-2019,855410,0.5,blocker-per-cost,10000,7500.0,7500.0,5000,5000,0.3333333333333333,6,-0.00019762851297855377
msmarco-passage-trec-dl-2019,855410,0.5,pressure-per-cost,128,96.0,96.0,64,64,0.3333333333333333,5,-0.007824130356311798
msmarco-passage-trec-dl-2019,855410,0.5,pressure-per-cost,256,192.0,192.0,128,128,0.3333333333333333,5,-0.005078764632344246
msmarco-passage-trec-dl-2019,855410,0.5,pressure-per-cost,512,384.0,384.0,320,224,0.4166666666666667,5,-0.0032807420939207077
msmarco-passage-trec-dl-2019,855410,0.5,pressure-per-cost,1024,768.0,768.0,640,448,0.4166666666666667,5,-0.0017281193286180496
msmarco-passage-trec-dl-2019,855410,0.5,pressure-per-cost,2048,1536.0,1536.0,1280,896,0.4166666666666667,5,-0.0008056405931711197
msmarco-passage-trec-dl-2019,855410,0.5,pressure-per-cost,4096,3072.0,3072.0,2112,2016,0.34375,5,-0.00024131126701831818
msmarco-passage-trec-dl-2019,855410,0.5,pressure-per-cost,8192,6144.0,6144.0,4160,4064,0.3385416666666667,5,-2.0992010831832886e-06
msmarco-passage-trec-dl-2019,855410,0.5,pressure-per-cost,10000,7500.0,7500.0,5000,5000,0.3333333333333333,6,-0.00019762851297855377
msmarco-passage-trec-dl-2019,855410,0.5,candidate-per-cost,128,96.0,96.0,64,64,0.3333333333333333,5,-0.007824130356311798
msmarco-passage-trec-dl-2019,855410,0.5,candidate-per-cost,256,192.0,192.0,64,160,0.16666666666666666,5,-0.007824130356311798
msmarco-passage-trec-dl-2019,855410,0.5,candidate-per-cost,512,384.0,384.0,64,352,0.08333333333333333,5,-0.007824130356311798
msmarco-passage-trec-dl-2019,855410,0.5,candidate-per-cost,1024,768.0,768.0,64,736,0.041666666666666664,5,-0.007824130356311798
msmarco-passage-trec-dl-2019,855410,0.5,candidate-per-cost,2048,1536.0,1536.0,64,1504,0.020833333333333332,5,-0.007824130356311798
msmarco-passage-trec-dl-2019,855410,0.5,candidate-per-cost,4096,3072.0,3072.0,64,3040,0.010416666666666666,5,-0.007824130356311798
msmarco-passage-trec-dl-2019,855410,0.5,candidate-per-cost,8192,6144.0,6144.0,2288,5000,0.18619791666666666,5,-0.00018551014363765717
msmarco-passage-trec-dl-2019,855410,0.5,candidate-per-cost,10000,7500.0,7500.0,5000,5000,0.3333333333333333,6,-0.00019762851297855377
msmarco-passage-trec-dl-2019,855410,2.0,cost-balanced,128,192.0,192.0,64,64,0.6666666666666666,5,-0.007824130356311798
msmarco-passage-trec-dl-2019,855410,2.0,cost-balanced,256,384.0,384.0,128,128,0.6666666666666666,5,-0.005078764632344246
msmarco-passage-trec-dl-2019,855410,2.0,cost-balanced,512,768.0,768.0,192,384,0.5,5,-0.003727870061993599
msmarco-passage-trec-dl-2019,855410,2.0,cost-balanced,1024,1536.0,1536.0,384,768,0.5,5,-0.0020118672400712967
msmarco-passage-trec-dl-2019,855410,2.0,cost-balanced,2048,3072.0,3072.0,768,1536,0.5,5,-0.000967344269156456
msmarco-passage-trec-dl-2019,855410,2.0,cost-balanced,4096,6144.0,6144.0,1536,3072,0.5,5,-0.0003861822187900543
msmarco-passage-trec-dl-2019,855410,2.0,cost-balanced,8192,12288.0,12288.0,3644,5000,0.5930989583333334,5,-2.9593706130981445e-05
msmarco-passage-trec-dl-2019,855410,2.0,cost-balanced,10000,15000.0,15000.0,5000,5000,0.6666666666666666,6,-0.00019762851297855377
msmarco-passage-trec-dl-2019,855410,2.0,upper-per-cost,128,192.0,192.0,64,64,0.6666666666666666,5,-0.007824130356311798
msmarco-passage-trec-dl-2019,855410,2.0,upper-per-cost,256,384.0,384.0,128,128,0.6666666666666666,5,-0.005078764632344246
msmarco-passage-trec-dl-2019,855410,2.0,upper-per-cost,512,768.0,768.0,224,320,0.5833333333333334,5,-0.0032807420939207077
msmarco-passage-trec-dl-2019,855410,2.0,upper-per-cost,1024,1536.0,1536.0,448,640,0.5833333333333334,5,-0.0017281193286180496
msmarco-passage-trec-dl-2019,855410,2.0,upper-per-cost,2048,3072.0,3072.0,896,1280,0.5833333333333334,5,-0.0008056405931711197
msmarco-passage-trec-dl-2019,855410,2.0,upper-per-cost,4096,6144.0,6144.0,1792,2560,0.5833333333333334,5,-0.0002995729446411133
msmarco-passage-trec-dl-2019,855410,2.0,upper-per-cost,8192,12288.0,12288.0,3648,4992,0.59375,5,-2.9303133487701416e-05
msmarco-passage-trec-dl-2019,855410,2.0,upper-per-cost,10000,15000.0,15000.0,5000,5000,0.6666666666666666,6,-0.00019762851297855377
msmarco-passage-trec-dl-2019,855410,2.0,blocker-per-cost,128,192.0,192.0,64,64,0.6666666666666666,5,-0.007824130356311798
msmarco-passage-trec-dl-2019,855410,2.0,blocker-per-cost,256,384.0,384.0,128,128,0.6666666666666666,5,-0.005078764632344246
msmarco-passage-trec-dl-2019,855410,2.0,blocker-per-cost,512,768.0,768.0,256,256,0.6666666666666666,5,-0.002924172207713127
msmarco-passage-trec-dl-2019,855410,2.0,blocker-per-cost,1024,1536.0,1536.0,512,512,0.6666666666666666,5,-0.0015078671276569366
msmarco-passage-trec-dl-2019,855410,2.0,blocker-per-cost,2048,3072.0,3072.0,1024,1024,0.6666666666666666,5,-0.0006821248680353165
msmarco-passage-trec-dl-2019,855410,2.0,blocker-per-cost,4096,6144.0,6144.0,2048,2048,0.6666666666666666,5,-0.00023399852216243744
msmarco-passage-trec-dl-2019,855410,2.0,blocker-per-cost,8192,12288.0,12288.0,4096,4096,0.6666666666666666,5,-2.3096799850463867e-07
msmarco-passage-trec-dl-2019,855410,2.0,blocker-per-cost,10000,15000.0,15000.0,5000,5000,0.6666666666666666,6,-0.00019762851297855377
msmarco-passage-trec-dl-2019,855410,2.0,pressure-per-cost,128,192.0,192.0,64,64,0.6666666666666666,5,-0.007824130356311798
msmarco-passage-trec-dl-2019,855410,2.0,pressure-per-cost,256,384.0,384.0,128,128,0.6666666666666666,5,-0.005078764632344246
msmarco-passage-trec-dl-2019,855410,2.0,pressure-per-cost,512,768.0,768.0,256,256,0.6666666666666666,5,-0.002924172207713127
msmarco-passage-trec-dl-2019,855410,2.0,pressure-per-cost,1024,1536.0,1536.0,480,576,0.625,5,-0.0016114674508571625
msmarco-passage-trec-dl-2019,855410,2.0,pressure-per-cost,2048,3072.0,3072.0,992,1088,0.6458333333333334,5,-0.0007101856172084808
msmarco-passage-trec-dl-2019,855410,2.0,pressure-per-cost,4096,6144.0,6144.0,2016,2112,0.65625,5,-0.00024131126701831818
msmarco-passage-trec-dl-2019,855410,2.0,pressure-per-cost,8192,12288.0,12288.0,4064,4160,0.6614583333333334,5,-2.0992010831832886e-06
msmarco-passage-trec-dl-2019,855410,2.0,pressure-per-cost,10000,15000.0,15000.0,5000,5000,0.6666666666666666,6,-0.00019762851297855377
msmarco-passage-trec-dl-2019,855410,2.0,candidate-per-cost,128,192.0,192.0,64,64,0.6666666666666666,5,-0.007824130356311798
msmarco-passage-trec-dl-2019,855410,2.0,candidate-per-cost,256,384.0,384.0,64,256,0.3333333333333333,5,-0.007824130356311798
msmarco-passage-trec-dl-2019,855410,2.0,candidate-per-cost,512,768.0,768.0,64,640,0.16666666666666666,5,-0.007824130356311798
msmarco-passage-trec-dl-2019,855410,2.0,candidate-per-cost,1024,1536.0,1536.0,64,1408,0.08333333333333333,5,-0.007824130356311798
msmarco-passage-trec-dl-2019,855410,2.0,candidate-per-cost,2048,3072.0,3072.0,64,2944,0.041666666666666664,5,-0.007824130356311798
msmarco-passage-trec-dl-2019,855410,2.0,candidate-per-cost,4096,6144.0,6144.0,572,5000,0.18619791666666666,5,-0.001341894268989563
msmarco-passage-trec-dl-2019,855410,2.0,candidate-per-cost,8192,12288.0,12288.0,3644,5000,0.5930989583333334,5,-2.9593706130981445e-05
msmarco-passage-trec-dl-2019,855410,2.0,candidate-per-cost,10000,15000.0,15000.0,5000,5000,0.6666666666666666,6,-0.00019762851297855377
msmarco-passage-trec-dl-2019,1114646,0.5,cost-balanced,128,96.0,96.0,64,64,0.3333333333333333,12,-0.00013561174273490906
msmarco-passage-trec-dl-2019,1114646,0.5,cost-balanced,256,192.0,192.0,192,96,0.5,23,-0.0003363676369190216
msmarco-passage-trec-dl-2019,1114646,0.5,cost-balanced,512,384.0,384.0,384,192,0.5,27,-0.0002691298723220825
msmarco-passage-trec-dl-2019,1114646,0.5,cost-balanced,1024,768.0,768.0,768,384,0.5,30,-0.00011113472282886505
msmarco-passage-trec-dl-2019,1114646,0.5,cost-balanced,2048,1536.0,1536.0,1536,768,0.5,32,-0.0002886112779378891
msmarco-passage-trec-dl-2019,1114646,0.5,cost-balanced,4096,3072.0,3072.0,3072,1536,0.5,33,-0.00020639877766370773
msmarco-passage-trec-dl-2019,1114646,0.5,cost-balanced,8192,6144.0,6144.0,5000,3644,0.4069010416666667,35,-0.00014307815581560135
msmarco-passage-trec-dl-2019,1114646,0.5,cost-balanced,10000,7500.0,7500.0,5000,5000,0.3333333333333333,35,-7.07283616065979e-05
msmarco-passage-trec-dl-2019,1114646,0.5,upper-per-cost,128,96.0,96.0,64,64,0.3333333333333333,12,-0.00013561174273490906
msmarco-passage-trec-dl-2019,1114646,0.5,upper-per-cost,256,192.0,192.0,128,128,0.3333333333333333,23,-1.370161771774292e-05
msmarco-passage-trec-dl-2019,1114646,0.5,upper-per-cost,512,384.0,384.0,320,224,0.4166666666666667,28,-0.00023612752556800842
msmarco-passage-trec-dl-2019,1114646,0.5,upper-per-cost,1024,768.0,768.0,640,448,0.4166666666666667,31,-0.0005726143717765808
msmarco-passage-trec-dl-2019,1114646,0.5,upper-per-cost,2048,1536.0,1536.0,1280,896,0.4166666666666667,32,-0.0001269076019525528
msmarco-passage-trec-dl-2019,1114646,0.5,upper-per-cost,4096,3072.0,3072.0,2560,1792,0.4166666666666667,33,-0.00011978857219219208
msmarco-passage-trec-dl-2019,1114646,0.5,upper-per-cost,8192,6144.0,6144.0,4992,3648,0.40625,35,-0.0001427866518497467
msmarco-passage-trec-dl-2019,1114646,0.5,upper-per-cost,10000,7500.0,7500.0,5000,5000,0.3333333333333333,35,-7.07283616065979e-05
msmarco-passage-trec-dl-2019,1114646,0.5,blocker-per-cost,128,96.0,96.0,64,64,0.3333333333333333,12,-0.00013561174273490906
msmarco-passage-trec-dl-2019,1114646,0.5,blocker-per-cost,256,192.0,192.0,128,128,0.3333333333333333,23,-1.370161771774292e-05
msmarco-passage-trec-dl-2019,1114646,0.5,blocker-per-cost,512,384.0,384.0,256,256,0.3333333333333333,29,-0.0006453488022089005
msmarco-passage-trec-dl-2019,1114646,0.5,blocker-per-cost,1024,768.0,768.0,256,640,0.16666666666666666,31,-3.268197178840637e-05
msmarco-passage-trec-dl-2019,1114646,0.5,blocker-per-cost,2048,1536.0,1536.0,640,1216,0.20833333333333334,33,-0.00036353059113025665
msmarco-passage-trec-dl-2019,1114646,0.5,blocker-per-cost,4096,3072.0,3072.0,832,2656,0.13541666666666666,35,-0.0002412879839539528
msmarco-passage-trec-dl-2019,1114646,0.5,blocker-per-cost,8192,6144.0,6144.0,2288,5000,0.18619791666666666,35,-7.07283616065979e-05
msmarco-passage-trec-dl-2019,1114646,0.5,blocker-per-cost,10000,7500.0,7500.0,5000,5000,0.3333333333333333,35,-7.07283616065979e-05
msmarco-passage-trec-dl-2019,1114646,0.5,pressure-per-cost,128,96.0,96.0,64,64,0.3333333333333333,12,-0.00013561174273490906
msmarco-passage-trec-dl-2019,1114646,0.5,pressure-per-cost,256,192.0,192.0,128,128,0.3333333333333333,23,-1.370161771774292e-05
msmarco-passage-trec-dl-2019,1114646,0.5,pressure-per-cost,512,384.0,384.0,256,256,0.3333333333333333,29,-0.0006453488022089005
msmarco-passage-trec-dl-2019,1114646,0.5,pressure-per-cost,1024,768.0,768.0,256,640,0.16666666666666666,31,-3.268197178840637e-05
msmarco-passage-trec-dl-2019,1114646,0.5,pressure-per-cost,2048,1536.0,1536.0,832,1120,0.2708333333333333,33,-0.00042728986591100693
msmarco-passage-trec-dl-2019,1114646,0.5,pressure-per-cost,4096,3072.0,3072.0,1088,2528,0.17708333333333334,35,-0.00025949906557798386
msmarco-passage-trec-dl-2019,1114646,0.5,pressure-per-cost,8192,6144.0,6144.0,2288,5000,0.18619791666666666,35,-7.07283616065979e-05
msmarco-passage-trec-dl-2019,1114646,0.5,pressure-per-cost,10000,7500.0,7500.0,5000,5000,0.3333333333333333,35,-7.07283616065979e-05
msmarco-passage-trec-dl-2019,1114646,0.5,candidate-per-cost,128,96.0,96.0,64,64,0.3333333333333333,12,-0.00013561174273490906
msmarco-passage-trec-dl-2019,1114646,0.5,candidate-per-cost,256,192.0,192.0,128,128,0.3333333333333333,23,-1.370161771774292e-05
msmarco-passage-trec-dl-2019,1114646,0.5,candidate-per-cost,512,384.0,384.0,256,256,0.3333333333333333,29,-0.0006453488022089005
msmarco-passage-trec-dl-2019,1114646,0.5,candidate-per-cost,1024,768.0,768.0,256,640,0.16666666666666666,31,-3.268197178840637e-05
msmarco-passage-trec-dl-2019,1114646,0.5,candidate-per-cost,2048,1536.0,1536.0,256,1408,0.08333333333333333,32,-0.0010530706495046616
msmarco-passage-trec-dl-2019,1114646,0.5,candidate-per-cost,4096,3072.0,3072.0,256,2944,0.041666666666666664,32,-0.0010530706495046616
msmarco-passage-trec-dl-2019,1114646,0.5,candidate-per-cost,8192,6144.0,6144.0,2288,5000,0.18619791666666666,35,-7.07283616065979e-05
msmarco-passage-trec-dl-2019,1114646,0.5,candidate-per-cost,10000,7500.0,7500.0,5000,5000,0.3333333333333333,35,-7.07283616065979e-05
msmarco-passage-trec-dl-2019,1114646,2.0,cost-balanced,128,192.0,192.0,64,64,0.6666666666666666,12,-0.00013561174273490906
msmarco-passage-trec-dl-2019,1114646,2.0,cost-balanced,256,384.0,384.0,128,128,0.6666666666666666,23,-1.370161771774292e-05
msmarco-passage-trec-dl-2019,1114646,2.0,cost-balanced,512,768.0,768.0,192,384,0.5,25,-0.0005234815180301666
msmarco-passage-trec-dl-2019,1114646,2.0,cost-balanced,1024,1536.0,1536.0,384,768,0.5,32,-0.0002886112779378891
msmarco-passage-trec-dl-2019,1114646,2.0,cost-balanced,2048,3072.0,3072.0,768,1536,0.5,33,-0.00020639877766370773
msmarco-passage-trec-dl-2019,1114646,2.0,cost-balanced,4096,6144.0,6144.0,1536,3072,0.5,35,-0.000192384235560894
msmarco-passage-trec-dl-2019,1114646,2.0,cost-balanced,8192,12288.0,12288.0,3644,5000,0.5930989583333334,35,-7.07283616065979e-05
msmarco-passage-trec-dl-2019,1114646,2.0,cost-balanced,10000,15000.0,15000.0,5000,5000,0.6666666666666666,35,-7.07283616065979e-05
msmarco-passage-trec-dl-2019,1114646,2.0,upper-per-cost,128,192.0,192.0,64,64,0.6666666666666666,12,-0.00013561174273490906
msmarco-passage-trec-dl-2019,1114646,2.0,upper-per-cost,256,384.0,384.0,128,128,0.6666666666666666,23,-1.370161771774292e-05
msmarco-passage-trec-dl-2019,1114646,2.0,upper-per-cost,512,768.0,768.0,224,320,0.5833333333333334,25,-7.635354995727539e-05
msmarco-passage-trec-dl-2019,1114646,2.0,upper-per-cost,1024,1536.0,1536.0,448,640,0.5833333333333334,31,-3.268197178840637e-05
msmarco-passage-trec-dl-2019,1114646,2.0,upper-per-cost,2048,3072.0,3072.0,896,1280,0.5833333333333334,33,-0.00032610073685646057
msmarco-passage-trec-dl-2019,1114646,2.0,upper-per-cost,4096,6144.0,6144.0,1792,2560,0.5833333333333334,35,-0.0002547791227698326
msmarco-passage-trec-dl-2019,1114646,2.0,upper-per-cost,8192,12288.0,12288.0,3648,4992,0.59375,35,-7.10412859916687e-05
msmarco-passage-trec-dl-2019,1114646,2.0,upper-per-cost,10000,15000.0,15000.0,5000,5000,0.6666666666666666,35,-7.07283616065979e-05
msmarco-passage-trec-dl-2019,1114646,2.0,blocker-per-cost,128,192.0,192.0,64,64,0.6666666666666666,12,-0.00013561174273490906
msmarco-passage-trec-dl-2019,1114646,2.0,blocker-per-cost,256,384.0,384.0,128,128,0.6666666666666666,23,-1.370161771774292e-05
msmarco-passage-trec-dl-2019,1114646,2.0,blocker-per-cost,512,768.0,768.0,256,256,0.6666666666666666,29,-0.0006453488022089005
msmarco-passage-trec-dl-2019,1114646,2.0,blocker-per-cost,1024,1536.0,1536.0,384,768,0.5,32,-0.0002886112779378891
msmarco-passage-trec-dl-2019,1114646,2.0,blocker-per-cost,2048,3072.0,3072.0,704,1664,0.4583333333333333,33,-0.00015987828373908997
msmarco-passage-trec-dl-2019,1114646,2.0,blocker-per-cost,4096,6144.0,6144.0,960,4224,0.3125,35,-0.00010652653872966766
msmarco-passage-trec-dl-2019,1114646,2.0,blocker-per-cost,8192,12288.0,12288.0,3644,5000,0.5930989583333334,35,-7.07283616065979e-05
msmarco-passage-trec-dl-2019,1114646,2.0,blocker-per-cost,10000,15000.0,15000.0,5000,5000,0.6666666666666666,35,-7.07283616065979e-05
msmarco-passage-trec-dl-2019,1114646,2.0,pressure-per-cost,128,192.0,192.0,64,64,0.6666666666666666,12,-0.00013561174273490906
msmarco-passage-trec-dl-2019,1114646,2.0,pressure-per-cost,256,384.0,384.0,128,128,0.6666666666666666,23,-1.370161771774292e-05
msmarco-passage-trec-dl-2019,1114646,2.0,pressure-per-cost,512,768.0,768.0,256,256,0.6666666666666666,29,-0.0006453488022089005
msmarco-passage-trec-dl-2019,1114646,2.0,pressure-per-cost,1024,1536.0,1536.0,416,704,0.5416666666666666,32,-0.00038978271186351776
msmarco-passage-trec-dl-2019,1114646,2.0,pressure-per-cost,2048,3072.0,3072.0,800,1472,0.5208333333333334,33,-0.00023257359862327576
msmarco-passage-trec-dl-2019,1114646,2.0,pressure-per-cost,4096,6144.0,6144.0,1056,4032,0.34375,35,-0.00011747889220714569
msmarco-passage-trec-dl-2019,1114646,2.0,pressure-per-cost,8192,12288.0,12288.0,3644,5000,0.5930989583333334,35,-7.07283616065979e-05
msmarco-passage-trec-dl-2019,1114646,2.0,pressure-per-cost,10000,15000.0,15000.0,5000,5000,0.6666666666666666,35,-7.07283616065979e-05
msmarco-passage-trec-dl-2019,1114646,2.0,candidate-per-cost,128,192.0,192.0,64,64,0.6666666666666666,12,-0.00013561174273490906
msmarco-passage-trec-dl-2019,1114646,2.0,candidate-per-cost,256,384.0,384.0,128,128,0.6666666666666666,23,-1.370161771774292e-05
msmarco-passage-trec-dl-2019,1114646,2.0,candidate-per-cost,512,768.0,768.0,256,256,0.6666666666666666,29,-0.0006453488022089005
msmarco-passage-trec-dl-2019,1114646,2.0,candidate-per-cost,1024,1536.0,1536.0,256,1024,0.3333333333333333,32,-0.0010530706495046616
msmarco-passage-trec-dl-2019,1114646,2.0,candidate-per-cost,2048,3072.0,3072.0,256,2560,0.16666666666666666,32,-0.0010530706495046616
msmarco-passage-trec-dl-2019,1114646,2.0,candidate-per-cost,4096,6144.0,6144.0,572,5000,0.18619791666666666,33,-0.0003899103030562401
msmarco-passage-trec-dl-2019,1114646,2.0,candidate-per-cost,8192,12288.0,12288.0,3644,5000,0.5930989583333334,35,-7.07283616065979e-05
msmarco-passage-trec-dl-2019,1114646,2.0,candidate-per-cost,10000,15000.0,15000.0,5000,5000,0.6666666666666666,35,-7.07283616065979e-05
msmarco-passage-trec-dl-2019,19335,0.5,cost-balanced,128,96.0,96.0,64,64,0.3333333333333333,4,-0.0004345085471868515
msmarco-passage-trec-dl-2019,19335,0.5,cost-balanced,256,192.0,192.0,192,96,0.5,8,-0.001095341518521309
msmarco-passage-trec-dl-2019,19335,0.5,cost-balanced,512,384.0,384.0,384,192,0.5,12,-0.00019967183470726013
msmarco-passage-trec-dl-2019,19335,0.5,cost-balanced,1024,768.0,768.0,768,384,0.5,18,-0.0006150100380182266
msmarco-passage-trec-dl-2019,19335,0.5,cost-balanced,2048,1536.0,1536.0,1536,768,0.5,19,-0.00010073371231555939
msmarco-passage-trec-dl-2019,19335,0.5,cost-balanced,4096,3072.0,3072.0,3072,1536,0.5,21,-9.973905980587006e-05
msmarco-passage-trec-dl-2019,19335,0.5,cost-balanced,8192,6144.0,6144.0,5000,3644,0.4069010416666667,22,-0.0001940317451953888
msmarco-passage-trec-dl-2019,19335,0.5,cost-balanced,10000,7500.0,7500.0,5000,5000,0.3333333333333333,22,-0.00012168101966381073
msmarco-passage-trec-dl-2019,19335,0.5,upper-per-cost,128,96.0,96.0,64,64,0.3333333333333333,4,-0.0004345085471868515
msmarco-passage-trec-dl-2019,19335,0.5,upper-per-cost,256,192.0,192.0,128,128,0.3333333333333333,8,-0.0006225686520338058
msmarco-passage-trec-dl-2019,19335,0.5,upper-per-cost,512,384.0,384.0,320,224,0.4166666666666667,14,-0.0011366438120603561
msmarco-passage-trec-dl-2019,19335,0.5,upper-per-cost,1024,768.0,768.0,640,448,0.4166666666666667,18,-0.00033126212656497955
msmarco-passage-trec-dl-2019,19335,0.5,upper-per-cost,2048,1536.0,1536.0,1280,896,0.4166666666666667,20,-1.689605414867401e-05
msmarco-passage-trec-dl-2019,19335,0.5,upper-per-cost,4096,3072.0,3072.0,2560,1792,0.4166666666666667,21,-1.3129785656929016e-05
msmarco-passage-trec-dl-2019,19335,0.5,upper-per-cost,8192,6144.0,6144.0,4992,3648,0.40625,22,-0.00019373930990695953
msmarco-passage-trec-dl-2019,19335,0.5,upper-per-cost,10000,7500.0,7500.0,5000,5000,0.3333333333333333,22,-0.00012168101966381073
msmarco-passage-trec-dl-2019,19335,0.5,blocker-per-cost,128,96.0,96.0,64,64,0.3333333333333333,4,-0.0004345085471868515
msmarco-passage-trec-dl-2019,19335,0.5,blocker-per-cost,256,192.0,192.0,128,128,0.3333333333333333,8,-0.0006225686520338058
msmarco-passage-trec-dl-2019,19335,0.5,blocker-per-cost,512,384.0,384.0,256,256,0.3333333333333333,14,-0.0007800757884979248
msmarco-passage-trec-dl-2019,19335,0.5,blocker-per-cost,1024,768.0,768.0,448,544,0.2916666666666667,18,-8.32434743642807e-05
msmarco-passage-trec-dl-2019,19335,0.5,blocker-per-cost,2048,1536.0,1536.0,832,1120,0.2708333333333333,21,-0.000632675364613533
msmarco-passage-trec-dl-2019,19335,0.5,blocker-per-cost,4096,3072.0,3072.0,1152,2496,0.1875,22,-0.00014321878552436829
msmarco-passage-trec-dl-2019,19335,0.5,blocker-per-cost,8192,6144.0,6144.0,2288,5000,0.18619791666666666,22,-0.00012168101966381073
msmarco-passage-trec-dl-2019,19335,0.5,blocker-per-cost,10000,7500.0,7500.0,5000,5000,0.3333333333333333,22,-0.00012168101966381073
msmarco-passage-trec-dl-2019,19335,0.5,pressure-per-cost,128,96.0,96.0,64,64,0.3333333333333333,4,-0.0004345085471868515
msmarco-passage-trec-dl-2019,19335,0.5,pressure-per-cost,256,192.0,192.0,128,128,0.3333333333333333,8,-0.0006225686520338058
msmarco-passage-trec-dl-2019,19335,0.5,pressure-per-cost,512,384.0,384.0,256,256,0.3333333333333333,14,-0.0007800757884979248
msmarco-passage-trec-dl-2019,19335,0.5,pressure-per-cost,1024,768.0,768.0,512,512,0.3333333333333333,18,-0.00011100806295871735
msmarco-passage-trec-dl-2019,19335,0.5,pressure-per-cost,2048,1536.0,1536.0,960,1056,0.3125,21,-0.0003692302852869034
msmarco-passage-trec-dl-2019,19335,0.5,pressure-per-cost,4096,3072.0,3072.0,1216,2464,0.19791666666666666,22,-0.0003202483057975769
msmarco-passage-trec-dl-2019,19335,0.5,pressure-per-cost,8192,6144.0,6144.0,2288,5000,0.18619791666666666,22,-0.00012168101966381073
msmarco-passage-trec-dl-2019,19335,0.5,pressure-per-cost,10000,7500.0,7500.0,5000,5000,0.3333333333333333,22,-0.00012168101966381073
msmarco-passage-trec-dl-2019,19335,0.5,candidate-per-cost,128,96.0,96.0,64,64,0.3333333333333333,4,-0.0004345085471868515
msmarco-passage-trec-dl-2019,19335,0.5,candidate-per-cost,256,192.0,192.0,128,128,0.3333333333333333,8,-0.0006225686520338058
msmarco-passage-trec-dl-2019,19335,0.5,candidate-per-cost,512,384.0,384.0,256,256,0.3333333333333333,14,-0.0007800757884979248
msmarco-passage-trec-dl-2019,19335,0.5,candidate-per-cost,1024,768.0,768.0,448,544,0.2916666666666667,18,-8.32434743642807e-05
msmarco-passage-trec-dl-2019,19335,0.5,candidate-per-cost,2048,1536.0,1536.0,704,1184,0.22916666666666666,21,-0.000820498913526535
msmarco-passage-trec-dl-2019,19335,0.5,candidate-per-cost,4096,3072.0,3072.0,704,2720,0.11458333333333333,21,-0.000820498913526535
msmarco-passage-trec-dl-2019,19335,0.5,candidate-per-cost,8192,6144.0,6144.0,2288,5000,0.18619791666666666,22,-0.00012168101966381073
msmarco-passage-trec-dl-2019,19335,0.5,candidate-per-cost,10000,7500.0,7500.0,5000,5000,0.3333333333333333,22,-0.00012168101966381073
msmarco-passage-trec-dl-2019,19335,2.0,cost-balanced,128,192.0,192.0,64,64,0.6666666666666666,4,-0.0004345085471868515
msmarco-passage-trec-dl-2019,19335,2.0,cost-balanced,256,384.0,384.0,128,128,0.6666666666666666,8,-0.0006225686520338058
msmarco-passage-trec-dl-2019,19335,2.0,cost-balanced,512,768.0,768.0,192,384,0.5,14,-0.0010797400027513504
msmarco-passage-trec-dl-2019,19335,2.0,cost-balanced,1024,1536.0,1536.0,384,768,0.5,18,-0.000366993248462677
msmarco-passage-trec-dl-2019,19335,2.0,cost-balanced,2048,3072.0,3072.0,768,1536,0.5,21,-0.0007193274796009064
msmarco-passage-trec-dl-2019,19335,2.0,cost-balanced,4096,6144.0,6144.0,1536,3072,0.5,22,-0.00024333782494068146
msmarco-passage-trec-dl-2019,19335,2.0,cost-balanced,8192,12288.0,12288.0,3644,5000,0.5930989583333334,22,-0.00012168101966381073
msmarco-passage-trec-dl-2019,19335,2.0,cost-balanced,10000,15000.0,15000.0,5000,5000,0.6666666666666666,22,-0.00012168101966381073
msmarco-passage-trec-dl-2019,19335,2.0,upper-per-cost,128,192.0,192.0,64,64,0.6666666666666666,4,-0.0004345085471868515
msmarco-passage-trec-dl-2019,19335,2.0,upper-per-cost,256,384.0,384.0,128,128,0.6666666666666666,8,-0.0006225686520338058
msmarco-passage-trec-dl-2019,19335,2.0,upper-per-cost,512,768.0,768.0,224,320,0.5833333333333334,14,-0.0006326120346784592
msmarco-passage-trec-dl-2019,19335,2.0,upper-per-cost,1024,1536.0,1536.0,448,640,0.5833333333333334,18,-8.32434743642807e-05
msmarco-passage-trec-dl-2019,19335,2.0,upper-per-cost,2048,3072.0,3072.0,896,1280,0.5833333333333334,21,-0.0005576238036155701
msmarco-passage-trec-dl-2019,19335,2.0,upper-per-cost,4096,6144.0,6144.0,1792,2560,0.5833333333333334,22,-0.00030573271214962006
msmarco-passage-trec-dl-2019,19335,2.0,upper-per-cost,8192,12288.0,12288.0,3648,4992,0.59375,22,-0.00012199394404888153
msmarco-passage-trec-dl-2019,19335,2.0,upper-per-cost,10000,15000.0,15000.0,5000,5000,0.6666666666666666,22,-0.00012168101966381073
msmarco-passage-trec-dl-2019,19335,2.0,blocker-per-cost,128,192.0,192.0,64,64,0.6666666666666666,4,-0.0004345085471868515
msmarco-passage-trec-dl-2019,19335,2.0,blocker-per-cost,256,384.0,384.0,128,128,0.6666666666666666,8,-0.0006225686520338058
msmarco-passage-trec-dl-2019,19335,2.0,blocker-per-cost,512,768.0,768.0,256,256,0.6666666666666666,14,-0.0007800757884979248
msmarco-passage-trec-dl-2019,19335,2.0,blocker-per-cost,1024,1536.0,1536.0,480,576,0.625,19,-0.0005747061222791672
msmarco-passage-trec-dl-2019,19335,2.0,blocker-per-cost,2048,3072.0,3072.0,928,1216,0.6041666666666666,21,-0.0002568718045949936
msmarco-passage-trec-dl-2019,19335,2.0,blocker-per-cost,4096,6144.0,6144.0,1248,3648,0.40625,22,-0.00019373930990695953
msmarco-passage-trec-dl-2019,19335,2.0,blocker-per-cost,8192,12288.0,12288.0,3644,5000,0.5930989583333334,22,-0.00012168101966381073
msmarco-passage-trec-dl-2019,19335,2.0,blocker-per-cost,10000,15000.0,15000.0,5000,5000,0.6666666666666666,22,-0.00012168101966381073
msmarco-passage-trec-dl-2019,19335,2.0,pressure-per-cost,128,192.0,192.0,64,64,0.6666666666666666,4,-0.0004345085471868515
msmarco-passage-trec-dl-2019,19335,2.0,pressure-per-cost,256,384.0,384.0,128,128,0.6666666666666666,8,-0.0006225686520338058
msmarco-passage-trec-dl-2019,19335,2.0,pressure-per-cost,512,768.0,768.0,224,320,0.5833333333333334,14,-0.0006326120346784592
msmarco-passage-trec-dl-2019,19335,2.0,pressure-per-cost,1024,1536.0,1536.0,480,576,0.625,19,-0.0005747061222791672
msmarco-passage-trec-dl-2019,19335,2.0,pressure-per-cost,2048,3072.0,3072.0,928,1216,0.6041666666666666,21,-0.0002568718045949936
msmarco-passage-trec-dl-2019,19335,2.0,pressure-per-cost,4096,6144.0,6144.0,1248,3648,0.40625,22,-0.00019373930990695953
msmarco-passage-trec-dl-2019,19335,2.0,pressure-per-cost,8192,12288.0,12288.0,3644,5000,0.5930989583333334,22,-0.00012168101966381073
msmarco-passage-trec-dl-2019,19335,2.0,pressure-per-cost,10000,15000.0,15000.0,5000,5000,0.6666666666666666,22,-0.00012168101966381073
msmarco-passage-trec-dl-2019,19335,2.0,candidate-per-cost,128,192.0,192.0,64,64,0.6666666666666666,4,-0.0004345085471868515
msmarco-passage-trec-dl-2019,19335,2.0,candidate-per-cost,256,384.0,384.0,128,128,0.6666666666666666,8,-0.0006225686520338058
msmarco-passage-trec-dl-2019,19335,2.0,candidate-per-cost,512,768.0,768.0,256,256,0.6666666666666666,14,-0.0007800757884979248
msmarco-passage-trec-dl-2019,19335,2.0,candidate-per-cost,1024,1536.0,1536.0,480,576,0.625,19,-0.0005747061222791672
msmarco-passage-trec-dl-2019,19335,2.0,candidate-per-cost,2048,3072.0,3072.0,736,1600,0.4791666666666667,21,-0.0007678791880607605
msmarco-passage-trec-dl-2019,19335,2.0,candidate-per-cost,4096,6144.0,6144.0,736,4672,0.23958333333333334,21,-0.0007678791880607605
msmarco-passage-trec-dl-2019,19335,2.0,candidate-per-cost,8192,12288.0,12288.0,3644,5000,0.5930989583333334,22,-0.00012168101966381073
msmarco-passage-trec-dl-2019,19335,2.0,candidate-per-cost,10000,15000.0,15000.0,5000,5000,0.6666666666666666,22,-0.00012168101966381073
msmarco-passage-trec-dl-2019,47923,0.5,cost-balanced,128,96.0,96.0,64,64,0.3333333333333333,18,-7.250718772411346e-05
msmarco-passage-trec-dl-2019,47923,0.5,cost-balanced,256,192.0,192.0,192,96,0.5,26,-5.875900387763977e-05
msmarco-passage-trec-dl-2019,47923,0.5,cost-balanced,512,384.0,384.0,384,192,0.5,33,-7.133930921554565e-07
msmarco-passage-trec-dl-2019,47923,0.5,cost-balanced,1024,768.0,768.0,768,384,0.5,44,-0.000713985413312912
msmarco-passage-trec-dl-2019,47923,0.5,cost-balanced,2048,1536.0,1536.0,1536,768,0.5,75,-0.00012717582285404205
msmarco-passage-trec-dl-2019,47923,0.5,cost-balanced,4096,3072.0,3072.0,3072,1536,0.5,99,-9.490177035331726e-05
msmarco-passage-trec-dl-2019,47923,0.5,cost-balanced,8192,6144.0,6144.0,5000,3644,0.4069010416666667,100,-inf
msmarco-passage-trec-dl-2019,47923,0.5,cost-balanced,10000,7500.0,7500.0,5000,5000,0.3333333333333333,100,-inf
msmarco-passage-trec-dl-2019,47923,0.5,upper-per-cost,128,96.0,96.0,64,64,0.3333333333333333,18,-7.250718772411346e-05
msmarco-passage-trec-dl-2019,47923,0.5,upper-per-cost,256,192.0,192.0,128,128,0.3333333333333333,25,-0.0005721356719732285
msmarco-passage-trec-dl-2019,47923,0.5,upper-per-cost,512,384.0,384.0,320,224,0.4166666666666667,34,-7.555633783340454e-05
msmarco-passage-trec-dl-2019,47923,0.5,upper-per-cost,1024,768.0,768.0,640,448,0.4166666666666667,44,-0.0004302356392145157
msmarco-passage-trec-dl-2019,47923,0.5,upper-per-cost,2048,1536.0,1536.0,1280,896,0.4166666666666667,92,-1.5053898096084595e-05
msmarco-passage-trec-dl-2019,47923,0.5,upper-per-cost,4096,3072.0,3072.0,2560,1792,0.4166666666666667,99,-0.00015729665756225586
msmarco-passage-trec-dl-2019,47923,0.5,upper-per-cost,8192,6144.0,6144.0,4992,3648,0.40625,100,-inf
msmarco-passage-trec-dl-2019,47923,0.5,upper-per-cost,10000,7500.0,7500.0,5000,5000,0.3333333333333333,100,-inf
msmarco-passage-trec-dl-2019,47923,0.5,blocker-per-cost,128,96.0,96.0,64,64,0.3333333333333333,18,-7.250718772411346e-05
msmarco-passage-trec-dl-2019,47923,0.5,blocker-per-cost,256,192.0,192.0,128,128,0.3333333333333333,25,-0.0005721356719732285
msmarco-passage-trec-dl-2019,47923,0.5,blocker-per-cost,512,384.0,384.0,320,224,0.4166666666666667,34,-7.555633783340454e-05
msmarco-passage-trec-dl-2019,47923,0.5,blocker-per-cost,1024,768.0,768.0,512,512,0.3333333333333333,44,-0.00020998436957597733
msmarco-passage-trec-dl-2019,47923,0.5,blocker-per-cost,2048,1536.0,1536.0,1280,896,0.4166666666666667,92,-1.5053898096084595e-05
msmarco-passage-trec-dl-2019,47923,0.5,blocker-per-cost,4096,3072.0,3072.0,4352,896,0.7083333333333334,99,-2.2724270820617676e-06
msmarco-passage-trec-dl-2019,47923,0.5,blocker-per-cost,8192,6144.0,6144.0,4992,3648,0.40625,100,-inf
msmarco-passage-trec-dl-2019,47923,0.5,blocker-per-cost,10000,7500.0,7500.0,5000,5000,0.3333333333333333,100,-inf
msmarco-passage-trec-dl-2019,47923,0.5,pressure-per-cost,128,96.0,96.0,64,64,0.3333333333333333,18,-7.250718772411346e-05
msmarco-passage-trec-dl-2019,47923,0.5,pressure-per-cost,256,192.0,192.0,128,128,0.3333333333333333,25,-0.0005721356719732285
msmarco-passage-trec-dl-2019,47923,0.5,pressure-per-cost,512,384.0,384.0,320,224,0.4166666666666667,34,-7.555633783340454e-05
msmarco-passage-trec-dl-2019,47923,0.5,pressure-per-cost,1024,768.0,768.0,640,448,0.4166666666666667,44,-0.0004302356392145157
msmarco-passage-trec-dl-2019,47923,0.5,pressure-per-cost,2048,1536.0,1536.0,1280,896,0.4166666666666667,92,-1.5053898096084595e-05
msmarco-passage-trec-dl-2019,47923,0.5,pressure-per-cost,4096,3072.0,3072.0,4352,896,0.7083333333333334,99,-2.2724270820617676e-06
msmarco-passage-trec-dl-2019,47923,0.5,pressure-per-cost,8192,6144.0,6144.0,4608,3840,0.375,100,-inf
msmarco-passage-trec-dl-2019,47923,0.5,pressure-per-cost,10000,7500.0,7500.0,5000,5000,0.3333333333333333,100,-inf
msmarco-passage-trec-dl-2019,47923,0.5,candidate-per-cost,128,96.0,96.0,64,64,0.3333333333333333,18,-7.250718772411346e-05
msmarco-passage-trec-dl-2019,47923,0.5,candidate-per-cost,256,192.0,192.0,128,128,0.3333333333333333,25,-0.0005721356719732285
msmarco-passage-trec-dl-2019,47923,0.5,candidate-per-cost,512,384.0,384.0,320,224,0.4166666666666667,34,-7.555633783340454e-05
msmarco-passage-trec-dl-2019,47923,0.5,candidate-per-cost,1024,768.0,768.0,512,512,0.3333333333333333,44,-0.00020998436957597733
msmarco-passage-trec-dl-2019,47923,0.5,candidate-per-cost,2048,1536.0,1536.0,1280,896,0.4166666666666667,92,-1.5053898096084595e-05
msmarco-passage-trec-dl-2019,47923,0.5,candidate-per-cost,4096,3072.0,3072.0,4352,896,0.7083333333333334,99,-2.2724270820617676e-06
msmarco-passage-trec-dl-2019,47923,0.5,candidate-per-cost,8192,6144.0,6144.0,4992,3648,0.40625,100,-inf
msmarco-passage-trec-dl-2019,47923,0.5,candidate-per-cost,10000,7500.0,7500.0,5000,5000,0.3333333333333333,100,-inf
msmarco-passage-trec-dl-2019,47923,2.0,cost-balanced,128,192.0,192.0,64,64,0.6666666666666666,18,-7.250718772411346e-05
msmarco-passage-trec-dl-2019,47923,2.0,cost-balanced,256,384.0,384.0,128,128,0.6666666666666666,25,-0.0005721356719732285
msmarco-passage-trec-dl-2019,47923,2.0,cost-balanced,512,768.0,768.0,192,384,0.5,30,-0.00010033883154392242
msmarco-passage-trec-dl-2019,47923,2.0,cost-balanced,1024,1536.0,1536.0,384,768,0.5,36,-4.603154957294464e-05
msmarco-passage-trec-dl-2019,47923,2.0,cost-balanced,2048,3072.0,3072.0,768,1536,0.5,65,-9.820982813835144e-05
msmarco-passage-trec-dl-2019,47923,2.0,cost-balanced,4096,6144.0,6144.0,1536,3072,0.5,95,-2.0655803382396698e-05
msmarco-passage-trec-dl-2019,47923,2.0,cost-balanced,8192,12288.0,12288.0,3644,5000,0.5930989583333334,99,-4.55956906080246e-05
msmarco-passage-trec-dl-2019,47923,2.0,cost-balanced,10000,15000.0,15000.0,5000,5000,0.6666666666666666,100,-inf
msmarco-passage-trec-dl-2019,47923,2.0,upper-per-cost,128,192.0,192.0,64,64,0.6666666666666666,18,-7.250718772411346e-05
msmarco-passage-trec-dl-2019,47923,2.0,upper-per-cost,256,384.0,384.0,128,128,0.6666666666666666,25,-0.0005721356719732285
msmarco-passage-trec-dl-2019,47923,2.0,upper-per-cost,512,768.0,768.0,224,320,0.5833333333333334,31,-0.0003260187804698944
msmarco-passage-trec-dl-2019,47923,2.0,upper-per-cost,1024,1536.0,1536.0,448,640,0.5833333333333334,44,-0.0002620182931423187
msmarco-passage-trec-dl-2019,47923,2.0,upper-per-cost,2048,3072.0,3072.0,896,1280,0.5833333333333334,68,-0.00024720001965761185
msmarco-passage-trec-dl-2019,47923,2.0,upper-per-cost,4096,6144.0,6144.0,1792,2560,0.5833333333333334,96,-0.00011869706213474274
msmarco-passage-trec-dl-2019,47923,2.0,upper-per-cost,8192,12288.0,12288.0,3648,4992,0.59375,99,-4.530418664216995e-05
msmarco-passage-trec-dl-2019,47923,2.0,upper-per-cost,10000,15000.0,15000.0,5000,5000,0.6666666666666666,100,-inf
msmarco-passage-trec-dl-2019,47923,2.0,blocker-per-cost,128,192.0,192.0,64,64,0.6666666666666666,18,-7.250718772411346e-05
msmarco-passage-trec-dl-2019,47923,2.0,blocker-per-cost,256,384.0,384.0,128,128,0.6666666666666666,25,-0.0005721356719732285
msmarco-passage-trec-dl-2019,47923,2.0,blocker-per-cost,512,768.0,768.0,288,192,0.75,33,-7.133930921554565e-07
msmarco-passage-trec-dl-2019,47923,2.0,blocker-per-cost,1024,1536.0,1536.0,512,512,0.6666666666666666,44,-0.00020998436957597733
msmarco-passage-trec-dl-2019,47923,2.0,blocker-per-cost,2048,3072.0,3072.0,1088,896,0.7083333333333334,89,-7.15944916009903e-05
msmarco-passage-trec-dl-2019,47923,2.0,blocker-per-cost,4096,6144.0,6144.0,2624,896,0.8541666666666666,99,-0.0001481957733631134
msmarco-passage-trec-dl-2019,47923,2.0,blocker-per-cost,8192,12288.0,12288.0,4416,3456,0.71875,100,-inf
msmarco-passage-trec-dl-2019,47923,2.0,blocker-per-cost,10000,15000.0,15000.0,5000,5000,0.6666666666666666,100,-inf
msmarco-passage-trec-dl-2019,47923,2.0,pressure-per-cost,128,192.0,192.0,64,64,0.6666666666666666,18,-7.250718772411346e-05
msmarco-passage-trec-dl-2019,47923,2.0,pressure-per-cost,256,384.0,384.0,128,128,0.6666666666666666,25,-0.0005721356719732285
msmarco-passage-trec-dl-2019,47923,2.0,pressure-per-cost,512,768.0,768.0,288,192,0.75,33,-7.133930921554565e-07
msmarco-passage-trec-dl-2019,47923,2.0,pressure-per-cost,1024,1536.0,1536.0,480,576,0.625,44,-0.0001453673467040062
msmarco-passage-trec-dl-2019,47923,2.0,pressure-per-cost,2048,3072.0,3072.0,1120,832,0.7291666666666666,75,-4.052184522151947e-05
msmarco-passage-trec-dl-2019,47923,2.0,pressure-per-cost,4096,6144.0,6144.0,2624,896,0.8541666666666666,99,-0.0001481957733631134
msmarco-passage-trec-dl-2019,47923,2.0,pressure-per-cost,8192,12288.0,12288.0,4416,3456,0.71875,100,-inf
msmarco-passage-trec-dl-2019,47923,2.0,pressure-per-cost,10000,15000.0,15000.0,5000,5000,0.6666666666666666,100,-inf
msmarco-passage-trec-dl-2019,47923,2.0,candidate-per-cost,128,192.0,192.0,64,64,0.6666666666666666,18,-7.250718772411346e-05
msmarco-passage-trec-dl-2019,47923,2.0,candidate-per-cost,256,384.0,384.0,128,128,0.6666666666666666,25,-0.0005721356719732285
msmarco-passage-trec-dl-2019,47923,2.0,candidate-per-cost,512,768.0,768.0,288,192,0.75,33,-7.133930921554565e-07
msmarco-passage-trec-dl-2019,47923,2.0,candidate-per-cost,1024,1536.0,1536.0,512,512,0.6666666666666666,44,-0.00020998436957597733
msmarco-passage-trec-dl-2019,47923,2.0,candidate-per-cost,2048,3072.0,3072.0,1088,896,0.7083333333333334,89,-7.15944916009903e-05
msmarco-passage-trec-dl-2019,47923,2.0,candidate-per-cost,4096,6144.0,6144.0,2624,896,0.8541666666666666,99,-0.0001481957733631134
msmarco-passage-trec-dl-2019,47923,2.0,candidate-per-cost,8192,12288.0,12288.0,4416,3456,0.71875,100,-inf
msmarco-passage-trec-dl-2019,47923,2.0,candidate-per-cost,10000,15000.0,15000.0,5000,5000,0.6666666666666666,100,-inf
msmarco-passage-trec-dl-2019,405717,0.5,cost-balanced,128,96.0,96.0,64,64,0.3333333333333333,16,-0.0007093194872140884
msmarco-passage-trec-dl-2019,405717,0.5,cost-balanced,256,192.0,192.0,192,96,0.5,51,-1.3301149010658264e-05
msmarco-passage-trec-dl-2019,405717,0.5,cost-balanced,512,384.0,384.0,384,192,0.5,67,-0.00014917366206645966
msmarco-passage-trec-dl-2019,405717,0.5,cost-balanced,1024,768.0,768.0,768,384,0.5,76,-8.233822882175446e-06
msmarco-passage-trec-dl-2019,405717,0.5,cost-balanced,2048,1536.0,1536.0,1536,768,0.5,100,-inf
msmarco-passage-trec-dl-2019,405717,0.5,cost-balanced,4096,3072.0,3072.0,3072,1536,0.5,100,-inf
msmarco-passage-trec-dl-2019,405717,0.5,cost-balanced,8192,6144.0,6144.0,5000,3644,0.4069010416666667,100,-inf
msmarco-passage-trec-dl-2019,405717,0.5,cost-balanced,10000,7500.0,7500.0,5000,5000,0.3333333333333333,100,-inf
msmarco-passage-trec-dl-2019,405717,0.5,upper-per-cost,128,96.0,96.0,64,64,0.3333333333333333,16,-0.0007093194872140884
msmarco-passage-trec-dl-2019,405717,0.5,upper-per-cost,256,192.0,192.0,128,128,0.3333333333333333,49,-0.00014859624207019806
msmarco-passage-trec-dl-2019,405717,0.5,upper-per-cost,512,384.0,384.0,320,224,0.4166666666666667,64,-1.1585652828216553e-06
msmarco-passage-trec-dl-2019,405717,0.5,upper-per-cost,1024,768.0,768.0,640,448,0.4166666666666667,73,-5.327165126800537e-06
msmarco-passage-trec-dl-2019,405717,0.5,upper-per-cost,2048,1536.0,1536.0,1280,896,0.4166666666666667,100,-inf
msmarco-passage-trec-dl-2019,405717,0.5,upper-per-cost,4096,3072.0,3072.0,2560,1792,0.4166666666666667,100,-inf
msmarco-passage-trec-dl-2019,405717,0.5,upper-per-cost,8192,6144.0,6144.0,4992,3648,0.40625,100,-inf
msmarco-passage-trec-dl-2019,405717,0.5,upper-per-cost,10000,7500.0,7500.0,5000,5000,0.3333333333333333,100,-inf
msmarco-passage-trec-dl-2019,405717,0.5,blocker-per-cost,128,96.0,96.0,64,64,0.3333333333333333,16,-0.0007093194872140884
msmarco-passage-trec-dl-2019,405717,0.5,blocker-per-cost,256,192.0,192.0,128,128,0.3333333333333333,49,-0.00014859624207019806
msmarco-passage-trec-dl-2019,405717,0.5,blocker-per-cost,512,384.0,384.0,384,192,0.5,67,-0.00014917366206645966
msmarco-passage-trec-dl-2019,405717,0.5,blocker-per-cost,1024,768.0,768.0,1088,224,0.7083333333333334,83,-0.00017603766173124313
msmarco-passage-trec-dl-2019,405717,0.5,blocker-per-cost,2048,1536.0,1536.0,1280,896,0.4166666666666667,100,-inf
msmarco-passage-trec-dl-2019,405717,0.5,blocker-per-cost,4096,3072.0,3072.0,2560,1792,0.4166666666666667,100,-inf
msmarco-passage-trec-dl-2019,405717,0.5,blocker-per-cost,8192,6144.0,6144.0,4992,3648,0.40625,100,-inf
msmarco-passage-trec-dl-2019,405717,0.5,blocker-per-cost,10000,7500.0,7500.0,5000,5000,0.3333333333333333,100,-inf
msmarco-passage-trec-dl-2019,405717,0.5,pressure-per-cost,128,96.0,96.0,64,64,0.3333333333333333,16,-0.0007093194872140884
msmarco-passage-trec-dl-2019,405717,0.5,pressure-per-cost,256,192.0,192.0,128,128,0.3333333333333333,49,-0.00014859624207019806
msmarco-passage-trec-dl-2019,405717,0.5,pressure-per-cost,512,384.0,384.0,384,192,0.5,67,-0.00014917366206645966
msmarco-passage-trec-dl-2019,405717,0.5,pressure-per-cost,1024,768.0,768.0,1024,256,0.6666666666666666,83,-0.0002274671569466591
msmarco-passage-trec-dl-2019,405717,0.5,pressure-per-cost,2048,1536.0,1536.0,1280,896,0.4166666666666667,100,-inf
msmarco-passage-trec-dl-2019,405717,0.5,pressure-per-cost,4096,3072.0,3072.0,2304,1920,0.375,100,-inf
msmarco-passage-trec-dl-2019,405717,0.5,pressure-per-cost,8192,6144.0,6144.0,4736,3776,0.3854166666666667,100,-inf
msmarco-passage-trec-dl-2019,405717,0.5,pressure-per-cost,10000,7500.0,7500.0,5000,5000,0.3333333333333333,100,-inf
msmarco-passage-trec-dl-2019,405717,0.5,candidate-per-cost,128,96.0,96.0,64,64,0.3333333333333333,16,-0.0007093194872140884
msmarco-passage-trec-dl-2019,405717,0.5,candidate-per-cost,256,192.0,192.0,128,128,0.3333333333333333,49,-0.00014859624207019806
msmarco-passage-trec-dl-2019,405717,0.5,candidate-per-cost,512,384.0,384.0,384,192,0.5,67,-0.00014917366206645966
msmarco-passage-trec-dl-2019,405717,0.5,candidate-per-cost,1024,768.0,768.0,1088,224,0.7083333333333334,83,-0.00017603766173124313
msmarco-passage-trec-dl-2019,405717,0.5,candidate-per-cost,2048,1536.0,1536.0,1280,896,0.4166666666666667,100,-inf
msmarco-passage-trec-dl-2019,405717,0.5,candidate-per-cost,4096,3072.0,3072.0,2560,1792,0.4166666666666667,100,-inf
msmarco-passage-trec-dl-2019,405717,0.5,candidate-per-cost,8192,6144.0,6144.0,4992,3648,0.40625,100,-inf
msmarco-passage-trec-dl-2019,405717,0.5,candidate-per-cost,10000,7500.0,7500.0,5000,5000,0.3333333333333333,100,-inf
msmarco-passage-trec-dl-2019,405717,2.0,cost-balanced,128,192.0,192.0,64,64,0.6666666666666666,16,-0.0007093194872140884
msmarco-passage-trec-dl-2019,405717,2.0,cost-balanced,256,384.0,384.0,128,128,0.6666666666666666,49,-0.00014859624207019806
msmarco-passage-trec-dl-2019,405717,2.0,cost-balanced,512,768.0,768.0,192,384,0.5,56,-0.0002438575029373169
msmarco-passage-trec-dl-2019,405717,2.0,cost-balanced,1024,1536.0,1536.0,384,768,0.5,67,-0.00014917366206645966
msmarco-passage-trec-dl-2019,405717,2.0,cost-balanced,2048,3072.0,3072.0,768,1536,0.5,76,-8.233822882175446e-06
msmarco-passage-trec-dl-2019,405717,2.0,cost-balanced,4096,6144.0,6144.0,1536,3072,0.5,100,-inf
msmarco-passage-trec-dl-2019,405717,2.0,cost-balanced,8192,12288.0,12288.0,3644,5000,0.5930989583333334,100,-inf
msmarco-passage-trec-dl-2019,405717,2.0,cost-balanced,10000,15000.0,15000.0,5000,5000,0.6666666666666666,100,-inf
msmarco-passage-trec-dl-2019,405717,2.0,upper-per-cost,128,192.0,192.0,64,64,0.6666666666666666,16,-0.0007093194872140884
msmarco-passage-trec-dl-2019,405717,2.0,upper-per-cost,256,384.0,384.0,128,128,0.6666666666666666,49,-0.00014859624207019806
msmarco-passage-trec-dl-2019,405717,2.0,upper-per-cost,512,768.0,768.0,224,320,0.5833333333333334,58,-2.4994835257530212e-05
msmarco-passage-trec-dl-2019,405717,2.0,upper-per-cost,1024,1536.0,1536.0,448,640,0.5833333333333334,69,-4.551932215690613e-05
msmarco-passage-trec-dl-2019,405717,2.0,upper-per-cost,2048,3072.0,3072.0,896,1280,0.5833333333333334,81,-5.597062408924103e-05
msmarco-passage-trec-dl-2019,405717,2.0,upper-per-cost,4096,6144.0,6144.0,1792,2560,0.5833333333333334,100,-inf
msmarco-passage-trec-dl-2019,405717,2.0,upper-per-cost,8192,12288.0,12288.0,3648,4992,0.59375,100,-inf
msmarco-passage-trec-dl-2019,405717,2.0,upper-per-cost,10000,15000.0,15000.0,5000,5000,0.6666666666666666,100,-inf
msmarco-passage-trec-dl-2019,405717,2.0,blocker-per-cost,128,192.0,192.0,64,64,0.6666666666666666,16,-0.0007093194872140884
msmarco-passage-trec-dl-2019,405717,2.0,blocker-per-cost,256,384.0,384.0,128,128,0.6666666666666666,49,-0.00014859624207019806
msmarco-passage-trec-dl-2019,405717,2.0,blocker-per-cost,512,768.0,768.0,320,128,0.8333333333333334,63,-2.0341947674751282e-05
msmarco-passage-trec-dl-2019,405717,2.0,blocker-per-cost,1024,1536.0,1536.0,672,192,0.875,76,-0.00016662385314702988
msmarco-passage-trec-dl-2019,405717,2.0,blocker-per-cost,2048,3072.0,3072.0,1248,576,0.8125,99,-9.471550583839417e-06
msmarco-passage-trec-dl-2019,405717,2.0,blocker-per-cost,4096,6144.0,6144.0,1792,2560,0.5833333333333334,100,-inf
msmarco-passage-trec-dl-2019,405717,2.0,blocker-per-cost,8192,12288.0,12288.0,3648,4992,0.59375,100,-inf
msmarco-passage-trec-dl-2019,405717,2.0,blocker-per-cost,10000,15000.0,15000.0,5000,5000,0.6666666666666666,100,-inf
msmarco-passage-trec-dl-2019,405717,2.0,pressure-per-cost,128,192.0,192.0,64,64,0.6666666666666666,16,-0.0007093194872140884
msmarco-passage-trec-dl-2019,405717,2.0,pressure-per-cost,256,384.0,384.0,128,128,0.6666666666666666,49,-0.00014859624207019806
msmarco-passage-trec-dl-2019,405717,2.0,pressure-per-cost,512,768.0,768.0,320,128,0.8333333333333334,63,-2.0341947674751282e-05
msmarco-passage-trec-dl-2019,405717,2.0,pressure-per-cost,1024,1536.0,1536.0,672,192,0.875,76,-0.00016662385314702988
msmarco-passage-trec-dl-2019,405717,2.0,pressure-per-cost,2048,3072.0,3072.0,1248,576,0.8125,99,-9.471550583839417e-06
msmarco-passage-trec-dl-2019,405717,2.0,pressure-per-cost,4096,6144.0,6144.0,1888,2368,0.6145833333333334,100,-inf
msmarco-passage-trec-dl-2019,405717,2.0,pressure-per-cost,8192,12288.0,12288.0,3808,4672,0.6197916666666666,100,-inf
msmarco-passage-trec-dl-2019,405717,2.0,pressure-per-cost,10000,15000.0,15000.0,5000,5000,0.6666666666666666,100,-inf
msmarco-passage-trec-dl-2019,405717,2.0,candidate-per-cost,128,192.0,192.0,64,64,0.6666666666666666,16,-0.0007093194872140884
msmarco-passage-trec-dl-2019,405717,2.0,candidate-per-cost,256,384.0,384.0,128,128,0.6666666666666666,49,-0.00014859624207019806
msmarco-passage-trec-dl-2019,405717,2.0,candidate-per-cost,512,768.0,768.0,320,128,0.8333333333333334,63,-2.0341947674751282e-05
msmarco-passage-trec-dl-2019,405717,2.0,candidate-per-cost,1024,1536.0,1536.0,672,192,0.875,76,-0.00016662385314702988
msmarco-passage-trec-dl-2019,405717,2.0,candidate-per-cost,2048,3072.0,3072.0,1248,576,0.8125,99,-9.471550583839417e-06
msmarco-passage-trec-dl-2019,405717,2.0,candidate-per-cost,4096,6144.0,6144.0,1792,2560,0.5833333333333334,100,-inf
msmarco-passage-trec-dl-2019,405717,2.0,candidate-per-cost,8192,12288.0,12288.0,3648,4992,0.59375,100,-inf
msmarco-passage-trec-dl-2019,405717,2.0,candidate-per-cost,10000,15000.0,15000.0,5000,5000,0.6666666666666666,100,-inf
msmarco-passage-trec-dl-2019,182539,0.5,cost-balanced,128,96.0,96.0,64,64,0.3333333333333333,28,-0.0013151057064533234
msmarco-passage-trec-dl-2019,182539,0.5,cost-balanced,256,192.0,192.0,192,96,0.5,31,-0.00045787543058395386
msmarco-passage-trec-dl-2019,182539,0.5,cost-balanced,512,384.0,384.0,384,192,0.5,39,-0.0017114970833063126
msmarco-passage-trec-dl-2019,182539,0.5,cost-balanced,1024,768.0,768.0,768,384,0.5,40,-0.0002502063289284706
msmarco-passage-trec-dl-2019,182539,0.5,cost-balanced,2048,1536.0,1536.0,1536,768,0.5,42,-0.0004399055615067482
msmarco-passage-trec-dl-2019,182539,0.5,cost-balanced,4096,3072.0,3072.0,3072,1536,0.5,42,-0.000132623128592968
msmarco-passage-trec-dl-2019,182539,0.5,cost-balanced,8192,6144.0,6144.0,5000,3644,0.4069010416666667,42,-1.0967254638671875e-05
msmarco-passage-trec-dl-2019,182539,0.5,cost-balanced,10000,7500.0,7500.0,5000,5000,0.3333333333333333,42,-1.0967254638671875e-05
msmarco-passage-trec-dl-2019,182539,0.5,upper-per-cost,128,96.0,96.0,64,64,0.3333333333333333,28,-0.0013151057064533234
msmarco-passage-trec-dl-2019,182539,0.5,upper-per-cost,256,192.0,192.0,128,128,0.3333333333333333,30,-1.3044103980064392e-05
msmarco-passage-trec-dl-2019,182539,0.5,upper-per-cost,512,384.0,384.0,320,224,0.4166666666666667,39,-0.00018905103206634521
msmarco-passage-trec-dl-2019,182539,0.5,upper-per-cost,1024,768.0,768.0,640,448,0.4166666666666667,40,-0.0004710480570793152
msmarco-passage-trec-dl-2019,182539,0.5,upper-per-cost,2048,1536.0,1536.0,1280,896,0.4166666666666667,42,-0.000559607520699501
msmarco-passage-trec-dl-2019,182539,0.5,upper-per-cost,4096,3072.0,3072.0,2560,1792,0.4166666666666667,42,-0.00019501801580190659
msmarco-passage-trec-dl-2019,182539,0.5,upper-per-cost,8192,6144.0,6144.0,4992,3648,0.40625,42,-1.1280179023742676e-05
msmarco-passage-trec-dl-2019,182539,0.5,upper-per-cost,10000,7500.0,7500.0,5000,5000,0.3333333333333333,42,-1.0967254638671875e-05
msmarco-passage-trec-dl-2019,182539,0.5,blocker-per-cost,128,96.0,96.0,64,64,0.3333333333333333,28,-0.0013151057064533234
msmarco-passage-trec-dl-2019,182539,0.5,blocker-per-cost,256,192.0,192.0,128,128,0.3333333333333333,30,-1.3044103980064392e-05
msmarco-passage-trec-dl-2019,182539,0.5,blocker-per-cost,512,384.0,384.0,384,192,0.5,39,-0.0017114970833063126
msmarco-passage-trec-dl-2019,182539,0.5,blocker-per-cost,1024,768.0,768.0,896,320,0.5833333333333334,40,-8.850172162055969e-05
msmarco-passage-trec-dl-2019,182539,0.5,blocker-per-cost,2048,1536.0,1536.0,2176,448,0.7083333333333334,42,-0.0002605663612484932
msmarco-passage-trec-dl-2019,182539,0.5,blocker-per-cost,4096,3072.0,3072.0,5000,572,0.8138020833333334,42,-1.0967254638671875e-05
msmarco-passage-trec-dl-2019,182539,0.5,blocker-per-cost,8192,6144.0,6144.0,5000,3644,0.4069010416666667,42,-1.0967254638671875e-05
msmarco-passage-trec-dl-2019,182539,0.5,blocker-per-cost,10000,7500.0,7500.0,5000,5000,0.3333333333333333,42,-1.0967254638671875e-05
msmarco-passage-trec-dl-2019,182539,0.5,pressure-per-cost,128,96.0,96.0,64,64,0.3333333333333333,28,-0.0013151057064533234
msmarco-passage-trec-dl-2019,182539,0.5,pressure-per-cost,256,192.0,192.0,128,128,0.3333333333333333,30,-1.3044103980064392e-05
msmarco-passage-trec-dl-2019,182539,0.5,pressure-per-cost,512,384.0,384.0,320,224,0.4166666666666667,39,-0.00018905103206634521
msmarco-passage-trec-dl-2019,182539,0.5,pressure-per-cost,1024,768.0,768.0,832,352,0.5416666666666666,40,-0.00016355328261852264
msmarco-passage-trec-dl-2019,182539,0.5,pressure-per-cost,2048,1536.0,1536.0,2112,480,0.6875,42,-0.0002737436443567276
msmarco-passage-trec-dl-2019,182539,0.5,pressure-per-cost,4096,3072.0,3072.0,5000,572,0.8138020833333334,42,-1.0967254638671875e-05
msmarco-passage-trec-dl-2019,182539,0.5,pressure-per-cost,8192,6144.0,6144.0,5000,3644,0.4069010416666667,42,-1.0967254638671875e-05
msmarco-passage-trec-dl-2019,182539,0.5,pressure-per-cost,10000,7500.0,7500.0,5000,5000,0.3333333333333333,42,-1.0967254638671875e-05
msmarco-passage-trec-dl-2019,182539,0.5,candidate-per-cost,128,96.0,96.0,64,64,0.3333333333333333,28,-0.0013151057064533234
msmarco-passage-trec-dl-2019,182539,0.5,candidate-per-cost,256,192.0,192.0,128,128,0.3333333333333333,30,-1.3044103980064392e-05
msmarco-passage-trec-dl-2019,182539,0.5,candidate-per-cost,512,384.0,384.0,384,192,0.5,39,-0.0017114970833063126
msmarco-passage-trec-dl-2019,182539,0.5,candidate-per-cost,1024,768.0,768.0,896,320,0.5833333333333334,40,-8.850172162055969e-05
msmarco-passage-trec-dl-2019,182539,0.5,candidate-per-cost,2048,1536.0,1536.0,2176,448,0.7083333333333334,42,-0.0002605663612484932
msmarco-passage-trec-dl-2019,182539,0.5,candidate-per-cost,4096,3072.0,3072.0,5000,572,0.8138020833333334,42,-1.0967254638671875e-05
msmarco-passage-trec-dl-2019,182539,0.5,candidate-per-cost,8192,6144.0,6144.0,5000,3644,0.4069010416666667,42,-1.0967254638671875e-05
msmarco-passage-trec-dl-2019,182539,0.5,candidate-per-cost,10000,7500.0,7500.0,5000,5000,0.3333333333333333,42,-1.0967254638671875e-05
msmarco-passage-trec-dl-2019,182539,2.0,cost-balanced,128,192.0,192.0,64,64,0.6666666666666666,28,-0.0013151057064533234
msmarco-passage-trec-dl-2019,182539,2.0,cost-balanced,256,384.0,384.0,128,128,0.6666666666666666,30,-1.3044103980064392e-05
msmarco-passage-trec-dl-2019,182539,2.0,cost-balanced,512,768.0,768.0,192,384,0.5,35,-0.0002638455480337143
msmarco-passage-trec-dl-2019,182539,2.0,cost-balanced,1024,1536.0,1536.0,384,768,0.5,40,-0.0013843830674886703
msmarco-passage-trec-dl-2019,182539,2.0,cost-balanced,2048,3072.0,3072.0,768,1536,0.5,40,-0.0002502063289284706
msmarco-passage-trec-dl-2019,182539,2.0,cost-balanced,4096,6144.0,6144.0,1536,3072,0.5,42,-0.0004399055615067482
msmarco-passage-trec-dl-2019,182539,2.0,cost-balanced,8192,12288.0,12288.0,3644,5000,0.5930989583333334,42,-8.331704884767532e-05
msmarco-passage-trec-dl-2019,182539,2.0,cost-balanced,10000,15000.0,15000.0,5000,5000,0.6666666666666666,42,-1.0967254638671875e-05
msmarco-passage-trec-dl-2019,182539,2.0,upper-per-cost,128,192.0,192.0,64,64,0.6666666666666666,28,-0.0013151057064533234
msmarco-passage-trec-dl-2019,182539,2.0,upper-per-cost,256,384.0,384.0,128,128,0.6666666666666666,30,-1.3044103980064392e-05
msmarco-passage-trec-dl-2019,182539,2.0,upper-per-cost,512,768.0,768.0,224,320,0.5833333333333334,38,-0.0006498489528894424
msmarco-passage-trec-dl-2019,182539,2.0,upper-per-cost,1024,1536.0,1536.0,448,640,0.5833333333333334,40,-0.0010109804570674896
msmarco-passage-trec-dl-2019,182539,2.0,upper-per-cost,2048,3072.0,3072.0,896,1280,0.5833333333333334,40,-8.850172162055969e-05
msmarco-passage-trec-dl-2019,182539,2.0,upper-per-cost,4096,6144.0,6144.0,1792,2560,0.5833333333333334,42,-0.00035329535603523254
msmarco-passage-trec-dl-2019,182539,2.0,upper-per-cost,8192,12288.0,12288.0,3648,4992,0.59375,42,-8.302554488182068e-05
msmarco-passage-trec-dl-2019,182539,2.0,upper-per-cost,10000,15000.0,15000.0,5000,5000,0.6666666666666666,42,-1.0967254638671875e-05
msmarco-passage-trec-dl-2019,182539,2.0,blocker-per-cost,128,192.0,192.0,64,64,0.6666666666666666,28,-0.0013151057064533234
msmarco-passage-trec-dl-2019,182539,2.0,blocker-per-cost,256,384.0,384.0,128,128,0.6666666666666666,30,-1.3044103980064392e-05
msmarco-passage-trec-dl-2019,182539,2.0,blocker-per-cost,512,768.0,768.0,288,192,0.75,38,-2.2854655981063843e-06
msmarco-passage-trec-dl-2019,182539,2.0,blocker-per-cost,1024,1536.0,1536.0,640,256,0.8333333333333334,40,-0.0005132658407092094
msmarco-passage-trec-dl-2019,182539,2.0,blocker-per-cost,2048,3072.0,3072.0,1344,384,0.875,42,-0.0005255891010165215
msmarco-passage-trec-dl-2019,182539,2.0,blocker-per-cost,4096,6144.0,6144.0,2848,448,0.9270833333333334,42,-0.00015721749514341354
msmarco-passage-trec-dl-2019,182539,2.0,blocker-per-cost,8192,12288.0,12288.0,5000,2288,0.8138020833333334,42,-1.0967254638671875e-05
msmarco-passage-trec-dl-2019,182539,2.0,blocker-per-cost,10000,15000.0,15000.0,5000,5000,0.6666666666666666,42,-1.0967254638671875e-05
msmarco-passage-trec-dl-2019,182539,2.0,pressure-per-cost,128,192.0,192.0,64,64,0.6666666666666666,28,-0.0013151057064533234
msmarco-passage-trec-dl-2019,182539,2.0,pressure-per-cost,256,384.0,384.0,128,128,0.6666666666666666,30,-1.3044103980064392e-05
msmarco-passage-trec-dl-2019,182539,2.0,pressure-per-cost,512,768.0,768.0,288,192,0.75,38,-2.2854655981063843e-06
msmarco-passage-trec-dl-2019,182539,2.0,pressure-per-cost,1024,1536.0,1536.0,608,320,0.7916666666666666,40,-0.0005394825711846352
msmarco-passage-trec-dl-2019,182539,2.0,pressure-per-cost,2048,3072.0,3072.0,1280,512,0.8333333333333334,42,-0.000559607520699501
msmarco-passage-trec-dl-2019,182539,2.0,pressure-per-cost,4096,6144.0,6144.0,2816,512,0.9166666666666666,42,-0.00016104429960250854
msmarco-passage-trec-dl-2019,182539,2.0,pressure-per-cost,8192,12288.0,12288.0,5000,2288,0.8138020833333334,42,-1.0967254638671875e-05
msmarco-passage-trec-dl-2019,182539,2.0,pressure-per-cost,10000,15000.0,15000.0,5000,5000,0.6666666666666666,42,-1.0967254638671875e-05
msmarco-passage-trec-dl-2019,182539,2.0,candidate-per-cost,128,192.0,192.0,64,64,0.6666666666666666,28,-0.0013151057064533234
msmarco-passage-trec-dl-2019,182539,2.0,candidate-per-cost,256,384.0,384.0,128,128,0.6666666666666666,30,-1.3044103980064392e-05
msmarco-passage-trec-dl-2019,182539,2.0,candidate-per-cost,512,768.0,768.0,288,192,0.75,38,-2.2854655981063843e-06
msmarco-passage-trec-dl-2019,182539,2.0,candidate-per-cost,1024,1536.0,1536.0,640,256,0.8333333333333334,40,-0.0005132658407092094
msmarco-passage-trec-dl-2019,182539,2.0,candidate-per-cost,2048,3072.0,3072.0,1344,384,0.875,42,-0.0005255891010165215
msmarco-passage-trec-dl-2019,182539,2.0,candidate-per-cost,4096,6144.0,6144.0,2848,448,0.9270833333333334,42,-0.00015721749514341354
msmarco-passage-trec-dl-2019,182539,2.0,candidate-per-cost,8192,12288.0,12288.0,5000,2288,0.8138020833333334,42,-1.0967254638671875e-05
msmarco-passage-trec-dl-2019,182539,2.0,candidate-per-cost,10000,15000.0,15000.0,5000,5000,0.6666666666666666,42,-1.0967254638671875e-05
msmarco-passage-trec-dl-2019,1113437,0.5,cost-balanced,128,96.0,96.0,64,64,0.3333333333333333,1,-7.327832281589508e-05
msmarco-passage-trec-dl-2019,1113437,0.5,cost-balanced,256,192.0,192.0,192,96,0.5,3,-0.0007441435009241104
msmarco-passage-trec-dl-2019,1113437,0.5,cost-balanced,512,384.0,384.0,384,192,0.5,9,-0.000665644183754921
msmarco-passage-trec-dl-2019,1113437,0.5,cost-balanced,1024,768.0,768.0,768,384,0.5,13,-0.0006836261600255966
msmarco-passage-trec-dl-2019,1113437,0.5,cost-balanced,2048,1536.0,1536.0,1536,768,0.5,28,-0.00019906647503376007
msmarco-passage-trec-dl-2019,1113437,0.5,cost-balanced,4096,3072.0,3072.0,3072,1536,0.5,30,-2.294406294822693e-05
msmarco-passage-trec-dl-2019,1113437,0.5,cost-balanced,8192,6144.0,6144.0,5000,3644,0.4069010416666667,35,-3.388803452253342e-05
msmarco-passage-trec-dl-2019,1113437,0.5,cost-balanced,10000,7500.0,7500.0,5000,5000,0.3333333333333333,40,-1.2514181435108185e-05
msmarco-passage-trec-dl-2019,1113437,0.5,upper-per-cost,128,96.0,96.0,64,64,0.3333333333333333,1,-7.327832281589508e-05
msmarco-passage-trec-dl-2019,1113437,0.5,upper-per-cost,256,192.0,192.0,128,128,0.3333333333333333,7,-0.0006437469273805618
msmarco-passage-trec-dl-2019,1113437,0.5,upper-per-cost,512,384.0,384.0,320,224,0.4166666666666667,9,-0.00021851807832717896
msmarco-passage-trec-dl-2019,1113437,0.5,upper-per-cost,1024,768.0,768.0,640,448,0.4166666666666667,13,-0.00039987824857234955
msmarco-passage-trec-dl-2019,1113437,0.5,upper-per-cost,2048,1536.0,1536.0,1280,896,0.4166666666666667,28,-0.000196848064661026
msmarco-passage-trec-dl-2019,1113437,0.5,upper-per-cost,4096,3072.0,3072.0,2560,1792,0.4166666666666667,29,-9.547919034957886e-06
msmarco-passage-trec-dl-2019,1113437,0.5,upper-per-cost,8192,6144.0,6144.0,4992,3648,0.40625,35,-3.359653055667877e-05
msmarco-passage-trec-dl-2019,1113437,0.5,upper-per-cost,10000,7500.0,7500.0,5000,5000,0.3333333333333333,40,-1.2514181435108185e-05
msmarco-passage-trec-dl-2019,1113437,0.5,blocker-per-cost,128,96.0,96.0,64,64,0.3333333333333333,1,-7.327832281589508e-05
msmarco-passage-trec-dl-2019,1113437,0.5,blocker-per-cost,256,192.0,192.0,128,128,0.3333333333333333,7,-0.0006437469273805618
msmarco-passage-trec-dl-2019,1113437,0.5,blocker-per-cost,512,384.0,384.0,256,256,0.3333333333333333,11,-0.0007609892636537552
msmarco-passage-trec-dl-2019,1113437,0.5,blocker-per-cost,1024,768.0,768.0,512,512,0.3333333333333333,13,-0.00017962418496608734
msmarco-passage-trec-dl-2019,1113437,0.5,blocker-per-cost,2048,1536.0,1536.0,1408,832,0.4583333333333333,28,-0.00013177841901779175
msmarco-passage-trec-dl-2019,1113437,0.5,blocker-per-cost,4096,3072.0,3072.0,3456,1344,0.5625,31,-4.710908979177475e-05
msmarco-passage-trec-dl-2019,1113437,0.5,blocker-per-cost,8192,6144.0,6144.0,4160,4064,0.3385416666666667,35,-6.3925981521606445e-06
msmarco-passage-trec-dl-2019,1113437,0.5,blocker-per-cost,10000,7500.0,7500.0,5000,5000,0.3333333333333333,40,-1.2514181435108185e-05
msmarco-passage-trec-dl-2019,1113437,0.5,pressure-per-cost,128,96.0,96.0,64,64,0.3333333333333333,1,-7.327832281589508e-05
msmarco-passage-trec-dl-2019,1113437,0.5,pressure-per-cost,256,192.0,192.0,128,128,0.3333333333333333,7,-0.0006437469273805618
msmarco-passage-trec-dl-2019,1113437,0.5,pressure-per-cost,512,384.0,384.0,256,256,0.3333333333333333,11,-0.0007609892636537552
msmarco-passage-trec-dl-2019,1113437,0.5,pressure-per-cost,1024,768.0,768.0,512,512,0.3333333333333333,13,-0.00017962418496608734
msmarco-passage-trec-dl-2019,1113437,0.5,pressure-per-cost,2048,1536.0,1536.0,1280,896,0.4166666666666667,28,-0.000196848064661026
msmarco-passage-trec-dl-2019,1113437,0.5,pressure-per-cost,4096,3072.0,3072.0,3328,1408,0.5416666666666666,31,-5.785468965768814e-05
msmarco-passage-trec-dl-2019,1113437,0.5,pressure-per-cost,8192,6144.0,6144.0,4160,4064,0.3385416666666667,35,-6.3925981521606445e-06
msmarco-passage-trec-dl-2019,1113437,0.5,pressure-per-cost,10000,7500.0,7500.0,5000,5000,0.3333333333333333,40,-1.2514181435108185e-05
msmarco-passage-trec-dl-2019,1113437,0.5,candidate-per-cost,128,96.0,96.0,64,64,0.3333333333333333,1,-7.327832281589508e-05
msmarco-passage-trec-dl-2019,1113437,0.5,candidate-per-cost,256,192.0,192.0,128,128,0.3333333333333333,7,-0.0006437469273805618
msmarco-passage-trec-dl-2019,1113437,0.5,candidate-per-cost,512,384.0,384.0,256,256,0.3333333333333333,11,-0.0007609892636537552
msmarco-passage-trec-dl-2019,1113437,0.5,candidate-per-cost,1024,768.0,768.0,512,512,0.3333333333333333,13,-0.00017962418496608734
msmarco-passage-trec-dl-2019,1113437,0.5,candidate-per-cost,2048,1536.0,1536.0,1408,832,0.4583333333333333,28,-0.00013177841901779175
msmarco-passage-trec-dl-2019,1113437,0.5,candidate-per-cost,4096,3072.0,3072.0,3456,1344,0.5625,31,-4.710908979177475e-05
msmarco-passage-trec-dl-2019,1113437,0.5,candidate-per-cost,8192,6144.0,6144.0,5000,3644,0.4069010416666667,35,-3.388803452253342e-05
msmarco-passage-trec-dl-2019,1113437,0.5,candidate-per-cost,10000,7500.0,7500.0,5000,5000,0.3333333333333333,40,-1.2514181435108185e-05
msmarco-passage-trec-dl-2019,1113437,2.0,cost-balanced,128,192.0,192.0,64,64,0.6666666666666666,1,-7.327832281589508e-05
msmarco-passage-trec-dl-2019,1113437,2.0,cost-balanced,256,384.0,384.0,128,128,0.6666666666666666,7,-0.0006437469273805618
msmarco-passage-trec-dl-2019,1113437,2.0,cost-balanced,512,768.0,768.0,192,384,0.5,9,-0.000665644183754921
msmarco-passage-trec-dl-2019,1113437,2.0,cost-balanced,1024,1536.0,1536.0,384,768,0.5,13,-0.0006836261600255966
msmarco-passage-trec-dl-2019,1113437,2.0,cost-balanced,2048,3072.0,3072.0,768,1536,0.5,15,-9.399279952049255e-05
msmarco-passage-trec-dl-2019,1113437,2.0,cost-balanced,4096,6144.0,6144.0,1536,3072,0.5,28,-7.714703679084778e-05
msmarco-passage-trec-dl-2019,1113437,2.0,cost-balanced,8192,12288.0,12288.0,3644,5000,0.5930989583333334,31,-3.267358988523483e-05
msmarco-passage-trec-dl-2019,1113437,2.0,cost-balanced,10000,15000.0,15000.0,5000,5000,0.6666666666666666,40,-1.2514181435108185e-05
msmarco-passage-trec-dl-2019,1113437,2.0,upper-per-cost,128,192.0,192.0,64,64,0.6666666666666666,1,-7.327832281589508e-05
msmarco-passage-trec-dl-2019,1113437,2.0,upper-per-cost,256,384.0,384.0,128,128,0.6666666666666666,7,-0.0006437469273805618
msmarco-passage-trec-dl-2019,1113437,2.0,upper-per-cost,512,768.0,768.0,224,320,0.5833333333333334,9,-0.00021851807832717896
msmarco-passage-trec-dl-2019,1113437,2.0,upper-per-cost,1024,1536.0,1536.0,448,640,0.5833333333333334,13,-0.00039987824857234955
msmarco-passage-trec-dl-2019,1113437,2.0,upper-per-cost,2048,3072.0,3072.0,896,1280,0.5833333333333334,16,-0.00018505938351154327
msmarco-passage-trec-dl-2019,1113437,2.0,upper-per-cost,4096,6144.0,6144.0,1792,2560,0.5833333333333334,29,-0.00016782619059085846
msmarco-passage-trec-dl-2019,1113437,2.0,upper-per-cost,8192,12288.0,12288.0,3648,4992,0.59375,31,-3.2383017241954803e-05
msmarco-passage-trec-dl-2019,1113437,2.0,upper-per-cost,10000,15000.0,15000.0,5000,5000,0.6666666666666666,40,-1.2514181435108185e-05
msmarco-passage-trec-dl-2019,1113437,2.0,blocker-per-cost,128,192.0,192.0,64,64,0.6666666666666666,1,-7.327832281589508e-05
msmarco-passage-trec-dl-2019,1113437,2.0,blocker-per-cost,256,384.0,384.0,128,128,0.6666666666666666,7,-0.0006437469273805618
msmarco-passage-trec-dl-2019,1113437,2.0,blocker-per-cost,512,768.0,768.0,256,256,0.6666666666666666,11,-0.0007609892636537552
msmarco-passage-trec-dl-2019,1113437,2.0,blocker-per-cost,1024,1536.0,1536.0,512,512,0.6666666666666666,13,-0.00017962418496608734
msmarco-passage-trec-dl-2019,1113437,2.0,blocker-per-cost,2048,3072.0,3072.0,1152,768,0.75,27,-0.0005160477012395859
msmarco-passage-trec-dl-2019,1113437,2.0,blocker-per-cost,4096,6144.0,6144.0,2496,1152,0.8125,29,-1.9105151295661926e-05
msmarco-passage-trec-dl-2019,1113437,2.0,blocker-per-cost,8192,12288.0,12288.0,4160,3968,0.6770833333333334,35,-1.2171454727649689e-05
msmarco-passage-trec-dl-2019,1113437,2.0,blocker-per-cost,10000,15000.0,15000.0,5000,5000,0.6666666666666666,40,-1.2514181435108185e-05
msmarco-passage-trec-dl-2019,1113437,2.0,pressure-per-cost,128,192.0,192.0,64,64,0.6666666666666666,1,-7.327832281589508e-05
msmarco-passage-trec-dl-2019,1113437,2.0,pressure-per-cost,256,384.0,384.0,128,128,0.6666666666666666,7,-0.0006437469273805618
msmarco-passage-trec-dl-2019,1113437,2.0,pressure-per-cost,512,768.0,768.0,256,256,0.6666666666666666,11,-0.0007609892636537552
msmarco-passage-trec-dl-2019,1113437,2.0,pressure-per-cost,1024,1536.0,1536.0,448,640,0.5833333333333334,13,-0.00039987824857234955
msmarco-passage-trec-dl-2019,1113437,2.0,pressure-per-cost,2048,3072.0,3072.0,1088,896,0.7083333333333334,27,-0.0005620457231998444
msmarco-passage-trec-dl-2019,1113437,2.0,pressure-per-cost,4096,6144.0,6144.0,2496,1152,0.8125,29,-1.9105151295661926e-05
msmarco-passage-trec-dl-2019,1113437,2.0,pressure-per-cost,8192,12288.0,12288.0,4160,3968,0.6770833333333334,35,-1.2171454727649689e-05
msmarco-passage-trec-dl-2019,1113437,2.0,pressure-per-cost,10000,15000.0,15000.0,5000,5000,0.6666666666666666,40,-1.2514181435108185e-05
msmarco-passage-trec-dl-2019,1113437,2.0,candidate-per-cost,128,192.0,192.0,64,64,0.6666666666666666,1,-7.327832281589508e-05
msmarco-passage-trec-dl-2019,1113437,2.0,candidate-per-cost,256,384.0,384.0,128,128,0.6666666666666666,7,-0.0006437469273805618
msmarco-passage-trec-dl-2019,1113437,2.0,candidate-per-cost,512,768.0,768.0,256,256,0.6666666666666666,11,-0.0007609892636537552
msmarco-passage-trec-dl-2019,1113437,2.0,candidate-per-cost,1024,1536.0,1536.0,512,512,0.6666666666666666,13,-0.00017962418496608734
msmarco-passage-trec-dl-2019,1113437,2.0,candidate-per-cost,2048,3072.0,3072.0,1152,768,0.75,27,-0.0005160477012395859
msmarco-passage-trec-dl-2019,1113437,2.0,candidate-per-cost,4096,6144.0,6144.0,2496,1152,0.8125,29,-1.9105151295661926e-05
msmarco-passage-trec-dl-2019,1113437,2.0,candidate-per-cost,8192,12288.0,12288.0,5000,2288,0.8138020833333334,33,-4.1989609599113464e-05
msmarco-passage-trec-dl-2019,1113437,2.0,candidate-per-cost,10000,15000.0,15000.0,5000,5000,0.6666666666666666,40,-1.2514181435108185e-05
msmarco-passage-trec-dl-2019,1129237,0.5,cost-balanced,128,96.0,96.0,64,64,0.3333333333333333,10,-6.638467311859131e-06
msmarco-passage-trec-dl-2019,1129237,0.5,cost-balanced,256,192.0,192.0,192,96,0.5,14,-0.0005814749747514725
msmarco-passage-trec-dl-2019,1129237,0.5,cost-balanced,512,384.0,384.0,384,192,0.5,19,-0.0005519464612007141
msmarco-passage-trec-dl-2019,1129237,0.5,cost-balanced,1024,768.0,768.0,768,384,0.5,24,-0.000758906826376915
msmarco-passage-trec-dl-2019,1129237,0.5,cost-balanced,2048,1536.0,1536.0,1536,768,0.5,25,-4.093348979949951e-05
msmarco-passage-trec-dl-2019,1129237,0.5,cost-balanced,4096,3072.0,3072.0,3072,1536,0.5,27,-0.0002668071538209915
msmarco-passage-trec-dl-2019,1129237,0.5,cost-balanced,8192,6144.0,6144.0,5000,3644,0.4069010416666667,38,-0.00025155022740364075
msmarco-passage-trec-dl-2019,1129237,0.5,cost-balanced,10000,7500.0,7500.0,5000,5000,0.3333333333333333,44,-1.725275069475174e-05
msmarco-passage-trec-dl-2019,1129237,0.5,upper-per-cost,128,96.0,96.0,64,64,0.3333333333333333,10,-6.638467311859131e-06
msmarco-passage-trec-dl-2019,1129237,0.5,upper-per-cost,256,192.0,192.0,128,128,0.3333333333333333,16,-0.0006838887929916382
msmarco-passage-trec-dl-2019,1129237,0.5,upper-per-cost,512,384.0,384.0,320,224,0.4166666666666667,19,-0.00010481849312782288
msmarco-passage-trec-dl-2019,1129237,0.5,upper-per-cost,1024,768.0,768.0,640,448,0.4166666666666667,24,-0.0004751570522785187
msmarco-passage-trec-dl-2019,1129237,0.5,upper-per-cost,2048,1536.0,1536.0,1280,896,0.4166666666666667,26,-0.00015466660261154175
msmarco-passage-trec-dl-2019,1129237,0.5,upper-per-cost,4096,3072.0,3072.0,2560,1792,0.4166666666666667,27,-0.00018019787967205048
msmarco-passage-trec-dl-2019,1129237,0.5,upper-per-cost,8192,6144.0,6144.0,4992,3648,0.40625,38,-0.0002512587234377861
msmarco-passage-trec-dl-2019,1129237,0.5,upper-per-cost,10000,7500.0,7500.0,5000,5000,0.3333333333333333,44,-1.725275069475174e-05
msmarco-passage-trec-dl-2019,1129237,0.5,blocker-per-cost,128,96.0,96.0,64,64,0.3333333333333333,10,-6.638467311859131e-06
msmarco-passage-trec-dl-2019,1129237,0.5,blocker-per-cost,256,192.0,192.0,128,128,0.3333333333333333,16,-0.0006838887929916382
msmarco-passage-trec-dl-2019,1129237,0.5,blocker-per-cost,512,384.0,384.0,192,288,0.25,21,-0.00011860392987728119
msmarco-passage-trec-dl-2019,1129237,0.5,blocker-per-cost,1024,768.0,768.0,320,608,0.20833333333333334,24,-3.6600977182388306e-06
msmarco-passage-trec-dl-2019,1129237,0.5,blocker-per-cost,2048,1536.0,1536.0,448,1312,0.14583333333333334,27,-0.0003691036254167557
msmarco-passage-trec-dl-2019,1129237,0.5,blocker-per-cost,4096,3072.0,3072.0,704,2720,0.11458333333333333,37,-0.00010318122804164886
msmarco-passage-trec-dl-2019,1129237,0.5,blocker-per-cost,8192,6144.0,6144.0,4800,3744,0.390625,44,-2.5385990738868713e-05
msmarco-passage-trec-dl-2019,1129237,0.5,blocker-per-cost,10000,7500.0,7500.0,5000,5000,0.3333333333333333,44,-1.725275069475174e-05
msmarco-passage-trec-dl-2019,1129237,0.5,pressure-per-cost,128,96.0,96.0,64,64,0.3333333333333333,10,-6.638467311859131e-06
msmarco-passage-trec-dl-2019,1129237,0.5,pressure-per-cost,256,192.0,192.0,128,128,0.3333333333333333,16,-0.0006838887929916382
msmarco-passage-trec-dl-2019,1129237,0.5,pressure-per-cost,512,384.0,384.0,192,288,0.25,21,-0.00011860392987728119
msmarco-passage-trec-dl-2019,1129237,0.5,pressure-per-cost,1024,768.0,768.0,320,608,0.20833333333333334,24,-3.6600977182388306e-06
msmarco-passage-trec-dl-2019,1129237,0.5,pressure-per-cost,2048,1536.0,1536.0,512,1280,0.16666666666666666,27,-0.00038651004433631897
msmarco-passage-trec-dl-2019,1129237,0.5,pressure-per-cost,4096,3072.0,3072.0,640,2752,0.10416666666666667,37,-0.0002228524535894394
msmarco-passage-trec-dl-2019,1129237,0.5,pressure-per-cost,8192,6144.0,6144.0,4864,3712,0.3958333333333333,44,-2.271123230457306e-05
msmarco-passage-trec-dl-2019,1129237,0.5,pressure-per-cost,10000,7500.0,7500.0,5000,5000,0.3333333333333333,44,-1.725275069475174e-05
msmarco-passage-trec-dl-2019,1129237,0.5,candidate-per-cost,128,96.0,96.0,64,64,0.3333333333333333,10,-6.638467311859131e-06
msmarco-passage-trec-dl-2019,1129237,0.5,candidate-per-cost,256,192.0,192.0,128,128,0.3333333333333333,16,-0.0006838887929916382
msmarco-passage-trec-dl-2019,1129237,0.5,candidate-per-cost,512,384.0,384.0,192,288,0.25,21,-0.00011860392987728119
msmarco-passage-trec-dl-2019,1129237,0.5,candidate-per-cost,1024,768.0,768.0,320,608,0.20833333333333334,24,-3.6600977182388306e-06
msmarco-passage-trec-dl-2019,1129237,0.5,candidate-per-cost,2048,1536.0,1536.0,448,1312,0.14583333333333334,27,-0.0003691036254167557
msmarco-passage-trec-dl-2019,1129237,0.5,candidate-per-cost,4096,3072.0,3072.0,576,2784,0.09375,29,-0.00020982138812541962
msmarco-passage-trec-dl-2019,1129237,0.5,candidate-per-cost,8192,6144.0,6144.0,4800,3744,0.390625,44,-2.5385990738868713e-05
msmarco-passage-trec-dl-2019,1129237,0.5,candidate-per-cost,10000,7500.0,7500.0,5000,5000,0.3333333333333333,44,-1.725275069475174e-05
msmarco-passage-trec-dl-2019,1129237,2.0,cost-balanced,128,192.0,192.0,64,64,0.6666666666666666,10,-6.638467311859131e-06
msmarco-passage-trec-dl-2019,1129237,2.0,cost-balanced,256,384.0,384.0,128,128,0.6666666666666666,16,-0.0006838887929916382
msmarco-passage-trec-dl-2019,1129237,2.0,cost-balanced,512,768.0,768.0,192,384,0.5,23,-9.231455624103546e-05
msmarco-passage-trec-dl-2019,1129237,2.0,cost-balanced,1024,1536.0,1536.0,384,768,0.5,25,-4.093348979949951e-05
msmarco-passage-trec-dl-2019,1129237,2.0,cost-balanced,2048,3072.0,3072.0,768,1536,0.5,27,-0.0002668071538209915
msmarco-passage-trec-dl-2019,1129237,2.0,cost-balanced,4096,6144.0,6144.0,1536,3072,0.5,38,-0.0003008563071489334
msmarco-passage-trec-dl-2019,1129237,2.0,cost-balanced,8192,12288.0,12288.0,3644,5000,0.5930989583333334,43,-2.514757215976715e-05
msmarco-passage-trec-dl-2019,1129237,2.0,cost-balanced,10000,15000.0,15000.0,5000,5000,0.6666666666666666,44,-1.725275069475174e-05
msmarco-passage-trec-dl-2019,1129237,2.0,upper-per-cost,128,192.0,192.0,64,64,0.6666666666666666,10,-6.638467311859131e-06
msmarco-passage-trec-dl-2019,1129237,2.0,upper-per-cost,256,384.0,384.0,128,128,0.6666666666666666,16,-0.0006838887929916382
msmarco-passage-trec-dl-2019,1129237,2.0,upper-per-cost,512,768.0,768.0,224,320,0.5833333333333334,22,-3.312155604362488e-05
msmarco-passage-trec-dl-2019,1129237,2.0,upper-per-cost,1024,1536.0,1536.0,448,640,0.5833333333333334,25,-0.00026177428662776947
msmarco-passage-trec-dl-2019,1129237,2.0,upper-per-cost,2048,3072.0,3072.0,896,1280,0.5833333333333334,27,-0.00038651004433631897
msmarco-passage-trec-dl-2019,1129237,2.0,upper-per-cost,4096,6144.0,6144.0,1792,2560,0.5833333333333334,27,-2.1921470761299133e-05
msmarco-passage-trec-dl-2019,1129237,2.0,upper-per-cost,8192,12288.0,12288.0,3648,4992,0.59375,43,-2.4856068193912506e-05
msmarco-passage-trec-dl-2019,1129237,2.0,upper-per-cost,10000,15000.0,15000.0,5000,5000,0.6666666666666666,44,-1.725275069475174e-05
msmarco-passage-trec-dl-2019,1129237,2.0,blocker-per-cost,128,192.0,192.0,64,64,0.6666666666666666,10,-6.638467311859131e-06
msmarco-passage-trec-dl-2019,1129237,2.0,blocker-per-cost,256,384.0,384.0,128,128,0.6666666666666666,16,-0.0006838887929916382
msmarco-passage-trec-dl-2019,1129237,2.0,blocker-per-cost,512,768.0,768.0,192,384,0.5,23,-9.231455624103546e-05
msmarco-passage-trec-dl-2019,1129237,2.0,blocker-per-cost,1024,1536.0,1536.0,352,832,0.4583333333333333,26,-0.0002297181636095047
msmarco-passage-trec-dl-2019,1129237,2.0,blocker-per-cost,2048,3072.0,3072.0,480,2112,0.3125,27,-0.00010064616799354553
msmarco-passage-trec-dl-2019,1129237,2.0,blocker-per-cost,4096,6144.0,6144.0,1216,3712,0.3958333333333333,40,-0.0003868723288178444
msmarco-passage-trec-dl-2019,1129237,2.0,blocker-per-cost,8192,12288.0,12288.0,4288,3712,0.6979166666666666,44,-4.9615278840065e-05
msmarco-passage-trec-dl-2019,1129237,2.0,blocker-per-cost,10000,15000.0,15000.0,5000,5000,0.6666666666666666,44,-1.725275069475174e-05
msmarco-passage-trec-dl-2019,1129237,2.0,pressure-per-cost,128,192.0,192.0,64,64,0.6666666666666666,10,-6.638467311859131e-06
msmarco-passage-trec-dl-2019,1129237,2.0,pressure-per-cost,256,384.0,384.0,128,128,0.6666666666666666,16,-0.0006838887929916382
msmarco-passage-trec-dl-2019,1129237,2.0,pressure-per-cost,512,768.0,768.0,192,384,0.5,23,-9.231455624103546e-05
msmarco-passage-trec-dl-2019,1129237,2.0,pressure-per-cost,1024,1536.0,1536.0,352,832,0.4583333333333333,26,-0.0002297181636095047
msmarco-passage-trec-dl-2019,1129237,2.0,pressure-per-cost,2048,3072.0,3072.0,544,1984,0.3541666666666667,27,-0.00012947805225849152
msmarco-passage-trec-dl-2019,1129237,2.0,pressure-per-cost,4096,6144.0,6144.0,1216,3712,0.3958333333333333,40,-0.0003868723288178444
msmarco-passage-trec-dl-2019,1129237,2.0,pressure-per-cost,8192,12288.0,12288.0,4288,3712,0.6979166666666666,44,-4.9615278840065e-05
msmarco-passage-trec-dl-2019,1129237,2.0,pressure-per-cost,10000,15000.0,15000.0,5000,5000,0.6666666666666666,44,-1.725275069475174e-05
msmarco-passage-trec-dl-2019,1129237,2.0,candidate-per-cost,128,192.0,192.0,64,64,0.6666666666666666,10,-6.638467311859131e-06
msmarco-passage-trec-dl-2019,1129237,2.0,candidate-per-cost,256,384.0,384.0,128,128,0.6666666666666666,16,-0.0006838887929916382
msmarco-passage-trec-dl-2019,1129237,2.0,candidate-per-cost,512,768.0,768.0,192,384,0.5,23,-9.231455624103546e-05
msmarco-passage-trec-dl-2019,1129237,2.0,candidate-per-cost,1024,1536.0,1536.0,352,832,0.4583333333333333,26,-0.0002297181636095047
msmarco-passage-trec-dl-2019,1129237,2.0,candidate-per-cost,2048,3072.0,3072.0,480,2112,0.3125,27,-0.00010064616799354553
msmarco-passage-trec-dl-2019,1129237,2.0,candidate-per-cost,4096,6144.0,6144.0,1216,3712,0.3958333333333333,40,-0.0003868723288178444
msmarco-passage-trec-dl-2019,1129237,2.0,candidate-per-cost,8192,12288.0,12288.0,4288,3712,0.6979166666666666,44,-4.9615278840065e-05
msmarco-passage-trec-dl-2019,1129237,2.0,candidate-per-cost,10000,15000.0,15000.0,5000,5000,0.6666666666666666,44,-1.725275069475174e-05
msmarco-passage-trec-dl-2019,146187,0.5,cost-balanced,128,96.0,96.0,64,64,0.3333333333333333,16,-0.0006090737879276276
msmarco-passage-trec-dl-2019,146187,0.5,cost-balanced,256,192.0,192.0,192,96,0.5,19,-0.00029286742210388184
msmarco-passage-trec-dl-2019,146187,0.5,cost-balanced,512,384.0,384.0,384,192,0.5,31,-1.1205673217773438e-05
msmarco-passage-trec-dl-2019,146187,0.5,cost-balanced,1024,768.0,768.0,768,384,0.5,47,-2.7624890208244324e-05
msmarco-passage-trec-dl-2019,146187,0.5,cost-balanced,2048,1536.0,1536.0,1536,768,0.5,57,-6.708316504955292e-06
msmarco-passage-trec-dl-2019,146187,0.5,cost-balanced,4096,3072.0,3072.0,3072,1536,0.5,65,-0.00016547366976737976
msmarco-passage-trec-dl-2019,146187,0.5,cost-balanced,8192,6144.0,6144.0,5000,3644,0.4069010416666667,69,-2.6579946279525757e-06
msmarco-passage-trec-dl-2019,146187,0.5,cost-balanced,10000,7500.0,7500.0,5000,5000,0.3333333333333333,70,-0.0001165829598903656
msmarco-passage-trec-dl-2019,146187,0.5,upper-per-cost,128,96.0,96.0,64,64,0.3333333333333333,16,-0.0006090737879276276
msmarco-passage-trec-dl-2019,146187,0.5,upper-per-cost,256,192.0,192.0,128,128,0.3333333333333333,22,-0.0002004038542509079
msmarco-passage-trec-dl-2019,146187,0.5,upper-per-cost,512,384.0,384.0,320,224,0.4166666666666667,35,-7.664784789085388e-05
msmarco-passage-trec-dl-2019,146187,0.5,upper-per-cost,1024,768.0,768.0,640,448,0.4166666666666667,48,-8.959323167800903e-06
msmarco-passage-trec-dl-2019,146187,0.5,upper-per-cost,2048,1536.0,1536.0,1280,896,0.4166666666666667,59,-4.501640796661377e-05
msmarco-passage-trec-dl-2019,146187,0.5,upper-per-cost,4096,3072.0,3072.0,2560,1792,0.4166666666666667,65,-7.88634642958641e-05
msmarco-passage-trec-dl-2019,146187,0.5,upper-per-cost,8192,6144.0,6144.0,4992,3648,0.40625,69,-2.366490662097931e-06
msmarco-passage-trec-dl-2019,146187,0.5,upper-per-cost,10000,7500.0,7500.0,5000,5000,0.3333333333333333,70,-0.0001165829598903656
msmarco-passage-trec-dl-2019,146187,0.5,blocker-per-cost,128,96.0,96.0,64,64,0.3333333333333333,16,-0.0006090737879276276
msmarco-passage-trec-dl-2019,146187,0.5,blocker-per-cost,256,192.0,192.0,128,128,0.3333333333333333,22,-0.0002004038542509079
msmarco-passage-trec-dl-2019,146187,0.5,blocker-per-cost,512,384.0,384.0,320,224,0.4166666666666667,35,-7.664784789085388e-05
msmarco-passage-trec-dl-2019,146187,0.5,blocker-per-cost,1024,768.0,768.0,384,576,0.25,53,-7.063150405883789e-06
msmarco-passage-trec-dl-2019,146187,0.5,blocker-per-cost,2048,1536.0,1536.0,448,1312,0.14583333333333334,65,-0.0002677701413631439
msmarco-passage-trec-dl-2019,146187,0.5,blocker-per-cost,4096,3072.0,3072.0,512,2816,0.08333333333333333,67,-4.4957734644412994e-05
msmarco-passage-trec-dl-2019,146187,0.5,blocker-per-cost,8192,6144.0,6144.0,2288,5000,0.18619791666666666,70,-0.0001165829598903656
msmarco-passage-trec-dl-2019,146187,0.5,blocker-per-cost,10000,7500.0,7500.0,5000,5000,0.3333333333333333,70,-0.0001165829598903656
msmarco-passage-trec-dl-2019,146187,0.5,pressure-per-cost,128,96.0,96.0,64,64,0.3333333333333333,16,-0.0006090737879276276
msmarco-passage-trec-dl-2019,146187,0.5,pressure-per-cost,256,192.0,192.0,128,128,0.3333333333333333,22,-0.0002004038542509079
msmarco-passage-trec-dl-2019,146187,0.5,pressure-per-cost,512,384.0,384.0,320,224,0.4166666666666667,35,-7.664784789085388e-05
msmarco-passage-trec-dl-2019,146187,0.5,pressure-per-cost,1024,768.0,768.0,384,576,0.25,53,-7.063150405883789e-06
msmarco-passage-trec-dl-2019,146187,0.5,pressure-per-cost,2048,1536.0,1536.0,512,1280,0.16666666666666666,65,-0.0002851756289601326
msmarco-passage-trec-dl-2019,146187,0.5,pressure-per-cost,4096,3072.0,3072.0,512,2816,0.08333333333333333,67,-4.4957734644412994e-05
msmarco-passage-trec-dl-2019,146187,0.5,pressure-per-cost,8192,6144.0,6144.0,2288,5000,0.18619791666666666,70,-0.0001165829598903656
msmarco-passage-trec-dl-2019,146187,0.5,pressure-per-cost,10000,7500.0,7500.0,5000,5000,0.3333333333333333,70,-0.0001165829598903656
msmarco-passage-trec-dl-2019,146187,0.5,candidate-per-cost,128,96.0,96.0,64,64,0.3333333333333333,16,-0.0006090737879276276
msmarco-passage-trec-dl-2019,146187,0.5,candidate-per-cost,256,192.0,192.0,128,128,0.3333333333333333,22,-0.0002004038542509079
msmarco-passage-trec-dl-2019,146187,0.5,candidate-per-cost,512,384.0,384.0,320,224,0.4166666666666667,35,-7.664784789085388e-05
msmarco-passage-trec-dl-2019,146187,0.5,candidate-per-cost,1024,768.0,768.0,384,576,0.25,53,-7.063150405883789e-06
msmarco-passage-trec-dl-2019,146187,0.5,candidate-per-cost,2048,1536.0,1536.0,448,1312,0.14583333333333334,65,-0.0002677701413631439
msmarco-passage-trec-dl-2019,146187,0.5,candidate-per-cost,4096,3072.0,3072.0,512,2816,0.08333333333333333,67,-4.4957734644412994e-05
msmarco-passage-trec-dl-2019,146187,0.5,candidate-per-cost,8192,6144.0,6144.0,2288,5000,0.18619791666666666,70,-0.0001165829598903656
msmarco-passage-trec-dl-2019,146187,0.5,candidate-per-cost,10000,7500.0,7500.0,5000,5000,0.3333333333333333,70,-0.0001165829598903656
msmarco-passage-trec-dl-2019,146187,2.0,cost-balanced,128,192.0,192.0,64,64,0.6666666666666666,16,-0.0006090737879276276
msmarco-passage-trec-dl-2019,146187,2.0,cost-balanced,256,384.0,384.0,128,128,0.6666666666666666,22,-0.0002004038542509079
msmarco-passage-trec-dl-2019,146187,2.0,cost-balanced,512,768.0,768.0,192,384,0.5,27,-0.00022901594638824463
msmarco-passage-trec-dl-2019,146187,2.0,cost-balanced,1024,1536.0,1536.0,384,768,0.5,57,-6.708316504955292e-06
msmarco-passage-trec-dl-2019,146187,2.0,cost-balanced,2048,3072.0,3072.0,768,1536,0.5,65,-0.00016547366976737976
msmarco-passage-trec-dl-2019,146187,2.0,cost-balanced,4096,6144.0,6144.0,1536,3072,0.5,67,-1.6536563634872437e-05
msmarco-passage-trec-dl-2019,146187,2.0,cost-balanced,8192,12288.0,12288.0,3644,5000,0.5930989583333334,70,-0.0001165829598903656
msmarco-passage-trec-dl-2019,146187,2.0,cost-balanced,10000,15000.0,15000.0,5000,5000,0.6666666666666666,70,-0.0001165829598903656
msmarco-passage-trec-dl-2019,146187,2.0,upper-per-cost,128,192.0,192.0,64,64,0.6666666666666666,16,-0.0006090737879276276
msmarco-passage-trec-dl-2019,146187,2.0,upper-per-cost,256,384.0,384.0,128,128,0.6666666666666666,22,-0.0002004038542509079
msmarco-passage-trec-dl-2019,146187,2.0,upper-per-cost,512,768.0,768.0,224,320,0.5833333333333334,29,-0.00010430067777633667
msmarco-passage-trec-dl-2019,146187,2.0,upper-per-cost,1024,1536.0,1536.0,448,640,0.5833333333333334,55,-1.169741153717041e-06
msmarco-passage-trec-dl-2019,146187,2.0,upper-per-cost,2048,3072.0,3072.0,896,1280,0.5833333333333334,65,-0.0002851756289601326
msmarco-passage-trec-dl-2019,146187,2.0,upper-per-cost,4096,6144.0,6144.0,1792,2560,0.5833333333333334,66,-2.7727335691452026e-05
msmarco-passage-trec-dl-2019,146187,2.0,upper-per-cost,8192,12288.0,12288.0,3648,4992,0.59375,70,-0.0001168958842754364
msmarco-passage-trec-dl-2019,146187,2.0,upper-per-cost,10000,15000.0,15000.0,5000,5000,0.6666666666666666,70,-0.0001165829598903656
msmarco-passage-trec-dl-2019,146187,2.0,blocker-per-cost,128,192.0,192.0,64,64,0.6666666666666666,16,-0.0006090737879276276
msmarco-passage-trec-dl-2019,146187,2.0,blocker-per-cost,256,384.0,384.0,128,128,0.6666666666666666,22,-0.0002004038542509079
msmarco-passage-trec-dl-2019,146187,2.0,blocker-per-cost,512,768.0,768.0,288,192,0.75,31,-1.1205673217773438e-05
msmarco-passage-trec-dl-2019,146187,2.0,blocker-per-cost,1024,1536.0,1536.0,416,704,0.5416666666666666,56,-3.1577423214912415e-05
msmarco-passage-trec-dl-2019,146187,2.0,blocker-per-cost,2048,3072.0,3072.0,480,2112,0.3125,66,-0.00010645296424627304
msmarco-passage-trec-dl-2019,146187,2.0,blocker-per-cost,4096,6144.0,6144.0,572,5000,0.18619791666666666,70,-0.0001165829598903656
msmarco-passage-trec-dl-2019,146187,2.0,blocker-per-cost,8192,12288.0,12288.0,3644,5000,0.5930989583333334,70,-0.0001165829598903656
msmarco-passage-trec-dl-2019,146187,2.0,blocker-per-cost,10000,15000.0,15000.0,5000,5000,0.6666666666666666,70,-0.0001165829598903656
msmarco-passage-trec-dl-2019,146187,2.0,pressure-per-cost,128,192.0,192.0,64,64,0.6666666666666666,16,-0.0006090737879276276
msmarco-passage-trec-dl-2019,146187,2.0,pressure-per-cost,256,384.0,384.0,128,128,0.6666666666666666,22,-0.0002004038542509079
msmarco-passage-trec-dl-2019,146187,2.0,pressure-per-cost,512,768.0,768.0,288,192,0.75,31,-1.1205673217773438e-05
msmarco-passage-trec-dl-2019,146187,2.0,pressure-per-cost,1024,1536.0,1536.0,416,704,0.5416666666666666,56,-3.1577423214912415e-05
msmarco-passage-trec-dl-2019,146187,2.0,pressure-per-cost,2048,3072.0,3072.0,480,2112,0.3125,66,-0.00010645296424627304
msmarco-passage-trec-dl-2019,146187,2.0,pressure-per-cost,4096,6144.0,6144.0,608,4928,0.19791666666666666,70,-0.00011943560093641281
msmarco-passage-trec-dl-2019,146187,2.0,pressure-per-cost,8192,12288.0,12288.0,3644,5000,0.5930989583333334,70,-0.0001165829598903656
msmarco-passage-trec-dl-2019,146187,2.0,pressure-per-cost,10000,15000.0,15000.0,5000,5000,0.6666666666666666,70,-0.0001165829598903656
msmarco-passage-trec-dl-2019,146187,2.0,candidate-per-cost,128,192.0,192.0,64,64,0.6666666666666666,16,-0.0006090737879276276
msmarco-passage-trec-dl-2019,146187,2.0,candidate-per-cost,256,384.0,384.0,128,128,0.6666666666666666,22,-0.0002004038542509079
msmarco-passage-trec-dl-2019,146187,2.0,candidate-per-cost,512,768.0,768.0,288,192,0.75,31,-1.1205673217773438e-05
msmarco-passage-trec-dl-2019,146187,2.0,candidate-per-cost,1024,1536.0,1536.0,416,704,0.5416666666666666,56,-3.1577423214912415e-05
msmarco-passage-trec-dl-2019,146187,2.0,candidate-per-cost,2048,3072.0,3072.0,480,2112,0.3125,66,-0.00010645296424627304
msmarco-passage-trec-dl-2019,146187,2.0,candidate-per-cost,4096,6144.0,6144.0,572,5000,0.18619791666666666,70,-0.0001165829598903656
msmarco-passage-trec-dl-2019,146187,2.0,candidate-per-cost,8192,12288.0,12288.0,3644,5000,0.5930989583333334,70,-0.0001165829598903656
msmarco-passage-trec-dl-2019,146187,2.0,candidate-per-cost,10000,15000.0,15000.0,5000,5000,0.6666666666666666,70,-0.0001165829598903656
