dataset,query_id,policy,work_budget,dense_depth,sparse_depth,actual_work,dense_work_share,absolute_depth_gap,certified_k_cap100,certified_at_least_100,next_certificate_gap,seen_candidates,returned_ndcg_at10,full_ndcg_at10,ndcg_retention,returned_recall_at100,full_recall_at100,recall_retention
trec-covid-chrono-r1,1,balanced,128,64,64,128,0.5,0,2,0,-0.0015985909849405289,123,0.22009176629808017,0.4402090130594238,0.4999710586760976,0.003289473684210526,0.05263157894736842,0.0625
trec-covid-chrono-r1,1,balanced,256,128,128,256,0.5,0,4,0,-0.0023831427097320557,240,0.2516878877545971,0.4402090130594238,0.5717463302384083,0.006578947368421052,0.05263157894736842,0.125
trec-covid-chrono-r1,1,balanced,512,256,256,512,0.5,0,7,0,-0.00022855214774608612,471,0.3045235676682574,0.4402090130594238,0.6917704059529326,0.013157894736842105,0.05263157894736842,0.25
trec-covid-chrono-r1,1,balanced,1024,512,512,1024,0.5,0,12,0,-3.610551357269287e-05,916,0.4402090130594238,0.4402090130594238,1.0,0.019736842105263157,0.05263157894736842,0.375
trec-covid-chrono-r1,1,balanced,2048,1024,1024,2048,0.5,0,17,0,-1.5147030353546143e-05,1691,0.4402090130594238,0.4402090130594238,1.0,0.029605263157894735,0.05263157894736842,0.5625
trec-covid-chrono-r1,1,balanced,4096,2048,2048,4096,0.5,0,25,0,-1.4191493391990662e-05,2815,0.4402090130594238,0.4402090130594238,1.0,0.03618421052631579,0.05263157894736842,0.6875000000000001
trec-covid-chrono-r1,1,balanced,8192,4096,4096,8192,0.5,0,100,1,-inf,5513,0.4402090130594238,0.4402090130594238,1.0,0.05263157894736842,0.05263157894736842,1.0
trec-covid-chrono-r1,1,balanced,10000,5000,5000,10000,0.5,0,100,1,-inf,7069,0.4402090130594238,0.4402090130594238,1.0,0.05263157894736842,0.05263157894736842,1.0
trec-covid-chrono-r1,1,blocker,128,64,64,128,0.5,0,2,0,-0.0015985909849405289,123,0.22009176629808017,0.4402090130594238,0.4999710586760976,0.003289473684210526,0.05263157894736842,0.0625
trec-covid-chrono-r1,1,blocker,256,128,128,256,0.5,0,4,0,-0.0023831427097320557,240,0.2516878877545971,0.4402090130594238,0.5717463302384083,0.006578947368421052,0.05263157894736842,0.125
trec-covid-chrono-r1,1,blocker,512,256,256,512,0.5,0,7,0,-0.00022855214774608612,471,0.3045235676682574,0.4402090130594238,0.6917704059529326,0.013157894736842105,0.05263157894736842,0.25
trec-covid-chrono-r1,1,blocker,1024,576,448,1024,0.5625,128,13,0,-0.00065632164478302,913,0.4402090130594238,0.4402090130594238,1.0,0.023026315789473683,0.05263157894736842,0.4375
trec-covid-chrono-r1,1,blocker,2048,1024,1024,2048,0.5,0,17,0,-1.5147030353546143e-05,1691,0.4402090130594238,0.4402090130594238,1.0,0.029605263157894735,0.05263157894736842,0.5625
trec-covid-chrono-r1,1,blocker,4096,1856,2240,4096,0.453125,384,27,0,-3.3000484108924866e-05,2767,0.4402090130594238,0.4402090130594238,1.0,0.03618421052631579,0.05263157894736842,0.6875000000000001
trec-covid-chrono-r1,1,blocker,8192,4096,4096,8192,0.5,0,100,1,-inf,5513,0.4402090130594238,0.4402090130594238,1.0,0.05263157894736842,0.05263157894736842,1.0
trec-covid-chrono-r1,1,blocker,10000,5000,5000,10000,0.5,0,100,1,-inf,7069,0.4402090130594238,0.4402090130594238,1.0,0.05263157894736842,0.05263157894736842,1.0
trec-covid-chrono-r1,2,balanced,128,64,64,128,0.5,0,2,0,-0.001867322251200676,125,0.3589542101716347,0.6312726719634206,0.5686199104028924,0.022727272727272728,0.3181818181818182,0.07142857142857144
trec-covid-chrono-r1,2,balanced,256,128,128,256,0.5,0,3,0,-0.003041071817278862,248,0.3589542101716347,0.6312726719634206,0.5686199104028924,0.022727272727272728,0.3181818181818182,0.07142857142857144
trec-covid-chrono-r1,2,balanced,512,256,256,512,0.5,0,4,0,-0.0004183463752269745,483,0.4537425745411855,0.6312726719634206,0.718774302600379,0.03409090909090909,0.3181818181818182,0.10714285714285714
trec-covid-chrono-r1,2,balanced,1024,512,512,1024,0.5,0,8,0,-0.0004615131765604019,982,0.5650184485090316,0.6312726719634206,0.8950465838346505,0.056818181818181816,0.3181818181818182,0.17857142857142858
trec-covid-chrono-r1,2,balanced,2048,1024,1024,2048,0.5,0,9,0,-0.0006119012832641602,1928,0.6312726719634206,0.6312726719634206,1.0,0.06818181818181818,0.3181818181818182,0.21428571428571427
trec-covid-chrono-r1,2,balanced,4096,2048,2048,4096,0.5,0,9,0,-0.00016377680003643036,3751,0.6312726719634206,0.6312726719634206,1.0,0.06818181818181818,0.3181818181818182,0.21428571428571427
trec-covid-chrono-r1,2,balanced,8192,4096,4096,8192,0.5,0,10,0,-8.801184594631195e-05,7370,0.6312726719634206,0.6312726719634206,1.0,0.06818181818181818,0.3181818181818182,0.21428571428571427
trec-covid-chrono-r1,2,balanced,10000,5000,5000,10000,0.5,0,10,0,-4.502385854721069e-05,8983,0.6312726719634206,0.6312726719634206,1.0,0.06818181818181818,0.3181818181818182,0.21428571428571427
trec-covid-chrono-r1,2,blocker,128,64,64,128,0.5,0,2,0,-0.001867322251200676,125,0.3589542101716347,0.6312726719634206,0.5686199104028924,0.022727272727272728,0.3181818181818182,0.07142857142857144
trec-covid-chrono-r1,2,blocker,256,128,128,256,0.5,0,3,0,-0.003041071817278862,248,0.3589542101716347,0.6312726719634206,0.5686199104028924,0.022727272727272728,0.3181818181818182,0.07142857142857144
trec-covid-chrono-r1,2,blocker,512,256,256,512,0.5,0,4,0,-0.0004183463752269745,483,0.4537425745411855,0.6312726719634206,0.718774302600379,0.03409090909090909,0.3181818181818182,0.10714285714285714
trec-covid-chrono-r1,2,blocker,1024,576,448,1024,0.5625,128,8,0,-0.0004173535853624344,980,0.5650184485090316,0.6312726719634206,0.8950465838346505,0.056818181818181816,0.3181818181818182,0.17857142857142858
trec-covid-chrono-r1,2,blocker,2048,1152,896,2048,0.5625,256,9,0,-0.000514475628733635,1931,0.6312726719634206,0.6312726719634206,1.0,0.06818181818181818,0.3181818181818182,0.21428571428571427
trec-covid-chrono-r1,2,blocker,4096,2560,1536,4096,0.625,1024,9,0,-7.107295095920563e-05,3791,0.6312726719634206,0.6312726719634206,1.0,0.06818181818181818,0.3181818181818182,0.21428571428571427
trec-covid-chrono-r1,2,blocker,8192,5000,3192,8192,0.6103515625,1808,10,0,-4.502385854721069e-05,7313,0.6312726719634206,0.6312726719634206,1.0,0.06818181818181818,0.3181818181818182,0.21428571428571427
trec-covid-chrono-r1,2,blocker,10000,5000,5000,10000,0.5,0,10,0,-4.502385854721069e-05,8983,0.6312726719634206,0.6312726719634206,1.0,0.06818181818181818,0.3181818181818182,0.21428571428571427
trec-covid-chrono-r1,3,balanced,128,64,64,128,0.5,0,2,0,-0.002044694498181343,120,0.3589542101716347,0.7333241361089944,0.4894891528816162,0.007633587786259542,0.17557251908396945,0.043478260869565216
trec-covid-chrono-r1,3,balanced,256,128,128,256,0.5,0,9,0,-0.0008279215544462204,235,0.6697033479100428,0.7333241361089944,0.9132432916547348,0.026717557251908396,0.17557251908396945,0.15217391304347827
trec-covid-chrono-r1,3,balanced,512,256,256,512,0.5,0,14,0,-0.00021026656031608582,465,0.7333241361089944,0.7333241361089944,1.0,0.04580152671755725,0.17557251908396945,0.2608695652173913
trec-covid-chrono-r1,3,balanced,1024,512,512,1024,0.5,0,20,0,-1.1045485734939575e-06,908,0.7333241361089944,0.7333241361089944,1.0,0.061068702290076333,0.17557251908396945,0.34782608695652173
trec-covid-chrono-r1,3,balanced,2048,1024,1024,2048,0.5,0,24,0,-2.0716339349746704e-05,1778,0.7333241361089944,0.7333241361089944,1.0,0.07251908396946564,0.17557251908396945,0.41304347826086957
trec-covid-chrono-r1,3,balanced,4096,2048,2048,4096,0.5,0,30,0,-0.00036604516208171844,3473,0.7333241361089944,0.7333241361089944,1.0,0.0916030534351145,0.17557251908396945,0.5217391304347826
trec-covid-chrono-r1,3,balanced,8192,4096,4096,8192,0.5,0,34,0,-0.00013451464474201202,6750,0.7333241361089944,0.7333241361089944,1.0,0.09923664122137404,0.17557251908396945,0.5652173913043479
trec-covid-chrono-r1,3,balanced,10000,5000,5000,10000,0.5,0,34,0,-9.152665734291077e-05,8166,0.7333241361089944,0.7333241361089944,1.0,0.09923664122137404,0.17557251908396945,0.5652173913043479
trec-covid-chrono-r1,3,blocker,128,64,64,128,0.5,0,2,0,-0.002044694498181343,120,0.3589542101716347,0.7333241361089944,0.4894891528816162,0.007633587786259542,0.17557251908396945,0.043478260869565216
trec-covid-chrono-r1,3,blocker,256,128,128,256,0.5,0,9,0,-0.0008279215544462204,235,0.6697033479100428,0.7333241361089944,0.9132432916547348,0.026717557251908396,0.17557251908396945,0.15217391304347827
trec-covid-chrono-r1,3,blocker,512,320,192,512,0.625,128,15,0,-0.0005987938493490219,468,0.7333241361089944,0.7333241361089944,1.0,0.04961832061068702,0.17557251908396945,0.28260869565217395
trec-covid-chrono-r1,3,blocker,1024,640,384,1024,0.625,256,21,0,-0.00046243704855442047,910,0.7333241361089944,0.7333241361089944,1.0,0.061068702290076333,0.17557251908396945,0.34782608695652173
trec-covid-chrono-r1,3,blocker,2048,1408,640,2048,0.6875,768,28,0,-0.00010478496551513672,1800,0.7333241361089944,0.7333241361089944,1.0,0.08396946564885496,0.17557251908396945,0.4782608695652174
trec-covid-chrono-r1,3,blocker,4096,2944,1152,4096,0.71875,1792,32,0,-1.9399449229240417e-05,3590,0.7333241361089944,0.7333241361089944,1.0,0.0916030534351145,0.17557251908396945,0.5217391304347826
trec-covid-chrono-r1,3,blocker,8192,5000,3192,8192,0.6103515625,1808,34,0,-9.152665734291077e-05,6827,0.7333241361089944,0.7333241361089944,1.0,0.09923664122137404,0.17557251908396945,0.5652173913043479
trec-covid-chrono-r1,3,blocker,10000,5000,5000,10000,0.5,0,34,0,-9.152665734291077e-05,8166,0.7333241361089944,0.7333241361089944,1.0,0.09923664122137404,0.17557251908396945,0.5652173913043479
trec-covid-chrono-r1,4,balanced,128,64,64,128,0.5,0,3,0,-0.00023000873625278473,111,0.37642513073830514,0.6168647000880483,0.6102231667407392,0.024793388429752067,0.2809917355371901,0.08823529411764706
trec-covid-chrono-r1,4,balanced,256,128,128,256,0.5,0,12,0,-0.0005899351090192795,224,0.6168647000880483,0.6168647000880483,1.0,0.09090909090909091,0.2809917355371901,0.3235294117647059
trec-covid-chrono-r1,4,balanced,512,256,256,512,0.5,0,17,0,-0.0005233921110630035,441,0.6168647000880483,0.6168647000880483,1.0,0.11570247933884298,0.2809917355371901,0.4117647058823529
trec-covid-chrono-r1,4,balanced,1024,512,512,1024,0.5,0,19,0,-0.00026537105441093445,856,0.6168647000880483,0.6168647000880483,1.0,0.11570247933884298,0.2809917355371901,0.4117647058823529
trec-covid-chrono-r1,4,balanced,2048,1024,1024,2048,0.5,0,24,0,-1.4858320355415344e-05,1611,0.6168647000880483,0.6168647000880483,1.0,0.12396694214876033,0.2809917355371901,0.4411764705882353
trec-covid-chrono-r1,4,balanced,4096,2048,2048,4096,0.5,0,35,0,-0.00042368192225694656,2899,0.6168647000880483,0.6168647000880483,1.0,0.12396694214876033,0.2809917355371901,0.4411764705882353
trec-covid-chrono-r1,4,balanced,8192,4096,4096,8192,0.5,0,56,0,-4.579219967126846e-05,5464,0.6168647000880483,0.6168647000880483,1.0,0.19008264462809918,0.2809917355371901,0.6764705882352942
trec-covid-chrono-r1,4,balanced,10000,5000,5000,10000,0.5,0,56,0,-2.8051435947418213e-06,6998,0.6168647000880483,0.6168647000880483,1.0,0.19008264462809918,0.2809917355371901,0.6764705882352942
trec-covid-chrono-r1,4,blocker,128,64,64,128,0.5,0,3,0,-0.00023000873625278473,111,0.37642513073830514,0.6168647000880483,0.6102231667407392,0.024793388429752067,0.2809917355371901,0.08823529411764706
trec-covid-chrono-r1,4,blocker,256,128,128,256,0.5,0,12,0,-0.0005899351090192795,224,0.6168647000880483,0.6168647000880483,1.0,0.09090909090909091,0.2809917355371901,0.3235294117647059
trec-covid-chrono-r1,4,blocker,512,256,256,512,0.5,0,17,0,-0.0005233921110630035,441,0.6168647000880483,0.6168647000880483,1.0,0.11570247933884298,0.2809917355371901,0.4117647058823529
trec-covid-chrono-r1,4,blocker,1024,448,576,1024,0.4375,128,19,0,-0.00021239742636680603,860,0.6168647000880483,0.6168647000880483,1.0,0.11570247933884298,0.2809917355371901,0.4117647058823529
trec-covid-chrono-r1,4,blocker,2048,768,1280,2048,0.375,512,26,0,-0.00032041966915130615,1688,0.6168647000880483,0.6168647000880483,1.0,0.12396694214876033,0.2809917355371901,0.4411764705882353
trec-covid-chrono-r1,4,blocker,4096,1408,2688,4096,0.34375,1280,35,0,-0.00031319912523031235,2893,0.6168647000880483,0.6168647000880483,1.0,0.12396694214876033,0.2809917355371901,0.4411764705882353
trec-covid-chrono-r1,4,blocker,8192,5000,3192,8192,0.6103515625,1808,56,0,-2.8051435947418213e-06,5512,0.6168647000880483,0.6168647000880483,1.0,0.19008264462809918,0.2809917355371901,0.6764705882352942
trec-covid-chrono-r1,4,blocker,10000,5000,5000,10000,0.5,0,56,0,-2.8051435947418213e-06,6998,0.6168647000880483,0.6168647000880483,1.0,0.19008264462809918,0.2809917355371901,0.6764705882352942
trec-covid-chrono-r1,5,balanced,128,64,64,128,0.5,0,13,0,-0.0013575851917266846,105,0.9510907186004267,0.9510907186004267,1.0,0.05263157894736842,0.29959514170040485,0.17567567567567566
trec-covid-chrono-r1,5,balanced,256,128,128,256,0.5,0,18,0,-0.0002048872411251068,213,0.9510907186004267,0.9510907186004267,1.0,0.0728744939271255,0.29959514170040485,0.24324324324324323
trec-covid-chrono-r1,5,balanced,512,256,256,512,0.5,0,25,0,-0.0005315765738487244,419,0.9510907186004267,0.9510907186004267,1.0,0.09716599190283401,0.29959514170040485,0.32432432432432434
trec-covid-chrono-r1,5,balanced,1024,512,512,1024,0.5,0,33,0,-0.0002628304064273834,833,0.9510907186004267,0.9510907186004267,1.0,0.12550607287449392,0.29959514170040485,0.4189189189189189
trec-covid-chrono-r1,5,balanced,2048,1024,1024,2048,0.5,0,36,0,-4.5435503125190735e-05,1628,0.9510907186004267,0.9510907186004267,1.0,0.13765182186234817,0.29959514170040485,0.45945945945945943
trec-covid-chrono-r1,5,balanced,4096,2048,2048,4096,0.5,0,39,0,-8.638948202133179e-06,3088,0.9510907186004267,0.9510907186004267,1.0,0.1417004048582996,0.29959514170040485,0.47297297297297297
trec-covid-chrono-r1,5,balanced,8192,4096,4096,8192,0.5,0,59,0,-0.0001746341586112976,6009,0.9510907186004267,0.9510907186004267,1.0,0.1862348178137652,0.29959514170040485,0.6216216216216217
trec-covid-chrono-r1,5,balanced,10000,5000,5000,10000,0.5,0,59,0,-0.00013164710253477097,7305,0.9510907186004267,0.9510907186004267,1.0,0.1862348178137652,0.29959514170040485,0.6216216216216217
trec-covid-chrono-r1,5,blocker,128,64,64,128,0.5,0,13,0,-0.0013575851917266846,105,0.9510907186004267,0.9510907186004267,1.0,0.05263157894736842,0.29959514170040485,0.17567567567567566
trec-covid-chrono-r1,5,blocker,256,128,128,256,0.5,0,18,0,-0.0002048872411251068,213,0.9510907186004267,0.9510907186004267,1.0,0.0728744939271255,0.29959514170040485,0.24324324324324323
trec-covid-chrono-r1,5,blocker,512,256,256,512,0.5,0,25,0,-0.0005315765738487244,419,0.9510907186004267,0.9510907186004267,1.0,0.09716599190283401,0.29959514170040485,0.32432432432432434
trec-covid-chrono-r1,5,blocker,1024,448,576,1024,0.4375,128,33,0,-8.690729737281799e-05,834,0.9510907186004267,0.9510907186004267,1.0,0.12550607287449392,0.29959514170040485,0.4189189189189189
trec-covid-chrono-r1,5,blocker,2048,768,1280,2048,0.375,512,38,0,-3.948807716369629e-05,1646,0.9510907186004267,0.9510907186004267,1.0,0.13765182186234817,0.29959514170040485,0.45945945945945943
trec-covid-chrono-r1,5,blocker,4096,1152,2944,4096,0.28125,1792,41,0,-8.309073746204376e-05,3317,0.9510907186004267,0.9510907186004267,1.0,0.145748987854251,0.29959514170040485,0.48648648648648646
trec-covid-chrono-r1,5,blocker,8192,4544,3648,8192,0.5546875,896,59,0,-0.00015122070908546448,6025,0.9510907186004267,0.9510907186004267,1.0,0.1862348178137652,0.29959514170040485,0.6216216216216217
trec-covid-chrono-r1,5,blocker,10000,5000,5000,10000,0.5,0,59,0,-0.00013164710253477097,7305,0.9510907186004267,0.9510907186004267,1.0,0.1862348178137652,0.29959514170040485,0.6216216216216217
trec-covid-chrono-r1,6,balanced,128,64,64,128,0.5,0,3,0,-0.0001987908035516739,121,0.46900009332067477,0.8926382747840401,0.5254088991805129,0.007832898172323759,0.1462140992167102,0.05357142857142856
trec-covid-chrono-r1,6,balanced,256,128,128,256,0.5,0,7,0,-0.00015759095549583435,234,0.737501523496848,0.8926382747840401,0.8262042356129923,0.018276762402088774,0.1462140992167102,0.125
trec-covid-chrono-r1,6,balanced,512,256,256,512,0.5,0,10,0,-0.0006794910877943039,452,0.8926382747840401,0.8926382747840401,1.0,0.02610966057441253,0.1462140992167102,0.17857142857142855
trec-covid-chrono-r1,6,balanced,1024,512,512,1024,0.5,0,14,0,-5.854293704032898e-05,893,0.8926382747840401,0.8926382747840401,1.0,0.033942558746736295,0.1462140992167102,0.23214285714285715
trec-covid-chrono-r1,6,balanced,2048,1024,1024,2048,0.5,0,17,0,-9.576603770256042e-05,1702,0.8926382747840401,0.8926382747840401,1.0,0.0391644908616188,0.1462140992167102,0.26785714285714285
trec-covid-chrono-r1,6,balanced,4096,2048,2048,4096,0.5,0,31,0,-0.00012168101966381073,3164,0.8926382747840401,0.8926382747840401,1.0,0.06266318537859007,0.1462140992167102,0.4285714285714285
trec-covid-chrono-r1,6,balanced,8192,4096,4096,8192,0.5,0,52,0,-0.00011290889233350754,5942,0.8926382747840401,0.8926382747840401,1.0,0.09399477806788512,0.1462140992167102,0.6428571428571428
trec-covid-chrono-r1,6,balanced,10000,5000,5000,10000,0.5,0,52,0,-6.99218362569809e-05,7119,0.8926382747840401,0.8926382747840401,1.0,0.09399477806788512,0.1462140992167102,0.6428571428571428
trec-covid-chrono-r1,6,blocker,128,64,64,128,0.5,0,3,0,-0.0001987908035516739,121,0.46900009332067477,0.8926382747840401,0.5254088991805129,0.007832898172323759,0.1462140992167102,0.05357142857142856
trec-covid-chrono-r1,6,blocker,256,128,128,256,0.5,0,7,0,-0.00015759095549583435,234,0.737501523496848,0.8926382747840401,0.8262042356129923,0.018276762402088774,0.1462140992167102,0.125
trec-covid-chrono-r1,6,blocker,512,256,256,512,0.5,0,10,0,-0.0006794910877943039,452,0.8926382747840401,0.8926382747840401,1.0,0.02610966057441253,0.1462140992167102,0.17857142857142855
trec-covid-chrono-r1,6,blocker,1024,512,512,1024,0.5,0,14,0,-5.854293704032898e-05,893,0.8926382747840401,0.8926382747840401,1.0,0.033942558746736295,0.1462140992167102,0.23214285714285715
trec-covid-chrono-r1,6,blocker,2048,1024,1024,2048,0.5,0,17,0,-9.576603770256042e-05,1702,0.8926382747840401,0.8926382747840401,1.0,0.0391644908616188,0.1462140992167102,0.26785714285714285
trec-covid-chrono-r1,6,blocker,4096,1600,2496,4096,0.390625,896,31,0,-3.853440284729004e-05,3263,0.8926382747840401,0.8926382747840401,1.0,0.06266318537859007,0.1462140992167102,0.4285714285714285
trec-covid-chrono-r1,6,blocker,8192,3192,5000,8192,0.3896484375,1808,52,0,-6.99218362569809e-05,5944,0.8926382747840401,0.8926382747840401,1.0,0.09399477806788512,0.1462140992167102,0.6428571428571428
trec-covid-chrono-r1,6,blocker,10000,5000,5000,10000,0.5,0,52,0,-6.99218362569809e-05,7119,0.8926382747840401,0.8926382747840401,1.0,0.09399477806788512,0.1462140992167102,0.6428571428571428
trec-covid-chrono-r1,7,balanced,128,64,64,128,0.5,0,9,0,-0.00041812658309936523,110,0.8701249883466592,0.8701249883466592,1.0,0.0784313725490196,0.4215686274509804,0.18604651162790697
trec-covid-chrono-r1,7,balanced,256,128,128,256,0.5,0,19,0,-0.0007421281188726425,216,0.8701249883466592,0.8701249883466592,1.0,0.14705882352941177,0.4215686274509804,0.3488372093023256
trec-covid-chrono-r1,7,balanced,512,256,256,512,0.5,0,29,0,-8.639879524707794e-05,414,0.8701249883466592,0.8701249883466592,1.0,0.20588235294117646,0.4215686274509804,0.4883720930232558
trec-covid-chrono-r1,7,balanced,1024,512,512,1024,0.5,0,37,0,-0.00013390742242336273,821,0.8701249883466592,0.8701249883466592,1.0,0.23529411764705882,0.4215686274509804,0.5581395348837209
trec-covid-chrono-r1,7,balanced,2048,1024,1024,2048,0.5,0,45,0,-8.853152394294739e-06,1648,0.8701249883466592,0.8701249883466592,1.0,0.28431372549019607,0.4215686274509804,0.6744186046511628
trec-covid-chrono-r1,7,balanced,4096,2048,2048,4096,0.5,0,62,0,-7.812213152647018e-05,3256,0.8701249883466592,0.8701249883466592,1.0,0.3137254901960784,0.4215686274509804,0.7441860465116279
trec-covid-chrono-r1,7,balanced,8192,4096,4096,8192,0.5,0,100,1,-inf,6403,0.8701249883466592,0.8701249883466592,1.0,0.4215686274509804,0.4215686274509804,1.0
trec-covid-chrono-r1,7,balanced,10000,5000,5000,10000,0.5,0,100,1,-inf,7708,0.8701249883466592,0.8701249883466592,1.0,0.4215686274509804,0.4215686274509804,1.0
trec-covid-chrono-r1,7,blocker,128,64,64,128,0.5,0,9,0,-0.00041812658309936523,110,0.8701249883466592,0.8701249883466592,1.0,0.0784313725490196,0.4215686274509804,0.18604651162790697
trec-covid-chrono-r1,7,blocker,256,128,128,256,0.5,0,19,0,-0.0007421281188726425,216,0.8701249883466592,0.8701249883466592,1.0,0.14705882352941177,0.4215686274509804,0.3488372093023256
trec-covid-chrono-r1,7,blocker,512,256,256,512,0.5,0,29,0,-8.639879524707794e-05,414,0.8701249883466592,0.8701249883466592,1.0,0.20588235294117646,0.4215686274509804,0.4883720930232558
trec-covid-chrono-r1,7,blocker,1024,576,448,1024,0.5625,128,39,0,-5.165673792362213e-05,821,0.8701249883466592,0.8701249883466592,1.0,0.2549019607843137,0.4215686274509804,0.6046511627906976
trec-covid-chrono-r1,7,blocker,2048,1280,768,2048,0.625,512,46,0,-1.986883580684662e-05,1694,0.8701249883466592,0.8701249883466592,1.0,0.28431372549019607,0.4215686274509804,0.6744186046511628
trec-covid-chrono-r1,7,blocker,4096,2048,2048,4096,0.5,0,62,0,-7.812213152647018e-05,3256,0.8701249883466592,0.8701249883466592,1.0,0.3137254901960784,0.4215686274509804,0.7441860465116279
trec-covid-chrono-r1,7,blocker,8192,4096,4096,8192,0.5,0,100,1,-inf,6403,0.8701249883466592,0.8701249883466592,1.0,0.4215686274509804,0.4215686274509804,1.0
trec-covid-chrono-r1,7,blocker,10000,5000,5000,10000,0.5,0,100,1,-inf,7708,0.8701249883466592,0.8701249883466592,1.0,0.4215686274509804,0.4215686274509804,1.0
trec-covid-chrono-r1,8,balanced,128,64,64,128,0.5,0,2,0,-0.0011757444590330124,121,0.266379247589265,0.5867044890476375,0.45402626460496764,0.012269938650306749,0.17177914110429449,0.07142857142857142
trec-covid-chrono-r1,8,balanced,256,128,128,256,0.5,0,5,0,-0.00015327520668506622,237,0.35152236523088604,0.5867044890476375,0.5991472228233525,0.018404907975460124,0.17177914110429449,0.10714285714285715
trec-covid-chrono-r1,8,balanced,512,256,256,512,0.5,0,11,0,-0.0003308076411485672,464,0.5867044890476375,0.5867044890476375,1.0,0.04294478527607362,0.17177914110429449,0.25
trec-covid-chrono-r1,8,balanced,1024,512,512,1024,0.5,0,13,0,-0.0005009714514017105,895,0.5867044890476375,0.5867044890476375,1.0,0.049079754601226995,0.17177914110429449,0.2857142857142857
trec-covid-chrono-r1,8,balanced,2048,1024,1024,2048,0.5,0,17,0,-0.00037687458097934723,1662,0.5867044890476375,0.5867044890476375,1.0,0.06748466257668712,0.17177914110429449,0.39285714285714285
trec-covid-chrono-r1,8,balanced,4096,2048,2048,4096,0.5,0,32,0,-7.721595466136932e-06,3016,0.5867044890476375,0.5867044890476375,1.0,0.09202453987730061,0.17177914110429449,0.5357142857142857
trec-covid-chrono-r1,8,balanced,8192,4096,4096,8192,0.5,0,87,0,-6.332993507385254e-08,5806,0.5867044890476375,0.5867044890476375,1.0,0.1656441717791411,0.17177914110429449,0.9642857142857142
trec-covid-chrono-r1,8,balanced,10000,5000,5000,10000,0.5,0,88,0,-1.2108124792575836e-05,7305,0.5867044890476375,0.5867044890476375,1.0,0.1656441717791411,0.17177914110429449,0.9642857142857142
trec-covid-chrono-r1,8,blocker,128,64,64,128,0.5,0,2,0,-0.0011757444590330124,121,0.266379247589265,0.5867044890476375,0.45402626460496764,0.012269938650306749,0.17177914110429449,0.07142857142857142
trec-covid-chrono-r1,8,blocker,256,128,128,256,0.5,0,5,0,-0.00015327520668506622,237,0.35152236523088604,0.5867044890476375,0.5991472228233525,0.018404907975460124,0.17177914110429449,0.10714285714285715
trec-covid-chrono-r1,8,blocker,512,256,256,512,0.5,0,11,0,-0.0003308076411485672,464,0.5867044890476375,0.5867044890476375,1.0,0.04294478527607362,0.17177914110429449,0.25
trec-covid-chrono-r1,8,blocker,1024,512,512,1024,0.5,0,13,0,-0.0005009714514017105,895,0.5867044890476375,0.5867044890476375,1.0,0.049079754601226995,0.17177914110429449,0.2857142857142857
trec-covid-chrono-r1,8,blocker,2048,832,1216,2048,0.40625,384,17,0,-0.00023806467652320862,1681,0.5867044890476375,0.5867044890476375,1.0,0.06748466257668712,0.17177914110429449,0.39285714285714285
trec-covid-chrono-r1,8,blocker,4096,2048,2048,4096,0.5,0,32,0,-7.721595466136932e-06,3016,0.5867044890476375,0.5867044890476375,1.0,0.09202453987730061,0.17177914110429449,0.5357142857142857
trec-covid-chrono-r1,8,blocker,8192,3584,4608,8192,0.4375,1024,88,0,-2.8704293072223663e-05,5845,0.5867044890476375,0.5867044890476375,1.0,0.1656441717791411,0.17177914110429449,0.9642857142857142
trec-covid-chrono-r1,8,blocker,10000,5000,5000,10000,0.5,0,88,0,-1.2108124792575836e-05,7305,0.5867044890476375,0.5867044890476375,1.0,0.1656441717791411,0.17177914110429449,0.9642857142857142
trec-covid-chrono-r1,9,balanced,128,64,64,128,0.5,0,5,0,-0.0005706585943698883,118,0.6489315753318465,0.7846170207230129,0.8270679302035352,0.07936507936507936,0.2698412698412698,0.29411764705882354
trec-covid-chrono-r1,9,balanced,256,128,128,256,0.5,0,10,0,-0.0025537535548210144,236,0.7846170207230129,0.7846170207230129,1.0,0.1111111111111111,0.2698412698412698,0.4117647058823529
trec-covid-chrono-r1,9,balanced,512,256,256,512,0.5,0,10,0,-0.00039916299283504486,456,0.7846170207230129,0.7846170207230129,1.0,0.1111111111111111,0.2698412698412698,0.4117647058823529
trec-covid-chrono-r1,9,balanced,1024,512,512,1024,0.5,0,11,0,-0.00023674219846725464,896,0.7846170207230129,0.7846170207230129,1.0,0.1111111111111111,0.2698412698412698,0.4117647058823529
trec-covid-chrono-r1,9,balanced,2048,1024,1024,2048,0.5,0,19,0,-7.835589349269867e-05,1695,0.7846170207230129,0.7846170207230129,1.0,0.12698412698412698,0.2698412698412698,0.47058823529411764
trec-covid-chrono-r1,9,balanced,4096,2048,2048,4096,0.5,0,21,0,-0.00015680305659770966,2953,0.7846170207230129,0.7846170207230129,1.0,0.12698412698412698,0.2698412698412698,0.47058823529411764
trec-covid-chrono-r1,9,balanced,8192,4096,4096,8192,0.5,0,29,0,-5.599670112133026e-05,5570,0.7846170207230129,0.7846170207230129,1.0,0.15873015873015872,0.2698412698412698,0.5882352941176471
trec-covid-chrono-r1,9,balanced,10000,5000,5000,10000,0.5,0,29,0,-1.300964504480362e-05,7132,0.7846170207230129,0.7846170207230129,1.0,0.15873015873015872,0.2698412698412698,0.5882352941176471
trec-covid-chrono-r1,9,blocker,128,64,64,128,0.5,0,5,0,-0.0005706585943698883,118,0.6489315753318465,0.7846170207230129,0.8270679302035352,0.07936507936507936,0.2698412698412698,0.29411764705882354
trec-covid-chrono-r1,9,blocker,256,128,128,256,0.5,0,10,0,-0.0025537535548210144,236,0.7846170207230129,0.7846170207230129,1.0,0.1111111111111111,0.2698412698412698,0.4117647058823529
trec-covid-chrono-r1,9,blocker,512,256,256,512,0.5,0,10,0,-0.00039916299283504486,456,0.7846170207230129,0.7846170207230129,1.0,0.1111111111111111,0.2698412698412698,0.4117647058823529
trec-covid-chrono-r1,9,blocker,1024,448,576,1024,0.4375,128,16,0,-0.000149555504322052,902,0.7846170207230129,0.7846170207230129,1.0,0.12698412698412698,0.2698412698412698,0.47058823529411764
trec-covid-chrono-r1,9,blocker,2048,1024,1024,2048,0.5,0,19,0,-7.835589349269867e-05,1695,0.7846170207230129,0.7846170207230129,1.0,0.12698412698412698,0.2698412698412698,0.47058823529411764
trec-covid-chrono-r1,9,blocker,4096,2048,2048,4096,0.5,0,21,0,-0.00015680305659770966,2953,0.7846170207230129,0.7846170207230129,1.0,0.12698412698412698,0.2698412698412698,0.47058823529411764
trec-covid-chrono-r1,9,blocker,8192,4096,4096,8192,0.5,0,29,0,-5.599670112133026e-05,5570,0.7846170207230129,0.7846170207230129,1.0,0.15873015873015872,0.2698412698412698,0.5882352941176471
trec-covid-chrono-r1,9,blocker,10000,5000,5000,10000,0.5,0,29,0,-1.300964504480362e-05,7132,0.7846170207230129,0.7846170207230129,1.0,0.15873015873015872,0.2698412698412698,0.5882352941176471
trec-covid-chrono-r1,10,balanced,128,64,64,128,0.5,0,15,0,-0.0006909966468811035,97,1.0,1.0,1.0,0.11538461538461539,0.5307692307692308,0.2173913043478261
trec-covid-chrono-r1,10,balanced,256,128,128,256,0.5,0,34,0,-0.0006635654717683792,197,1.0,1.0,1.0,0.23846153846153847,0.5307692307692308,0.4492753623188406
trec-covid-chrono-r1,10,balanced,512,256,256,512,0.5,0,41,0,-0.00015450268983840942,394,1.0,1.0,1.0,0.2846153846153846,0.5307692307692308,0.536231884057971
trec-covid-chrono-r1,10,balanced,1024,512,512,1024,0.5,0,63,0,-0.0001216493546962738,793,1.0,1.0,1.0,0.4076923076923077,0.5307692307692308,0.7681159420289855
trec-covid-chrono-r1,10,balanced,2048,1024,1024,2048,0.5,0,81,0,-1.9379891455173492e-05,1552,1.0,1.0,1.0,0.47692307692307695,0.5307692307692308,0.8985507246376812
trec-covid-chrono-r1,10,balanced,4096,2048,2048,4096,0.5,0,100,1,-inf,2972,1.0,1.0,1.0,0.5307692307692308,0.5307692307692308,1.0
trec-covid-chrono-r1,10,balanced,8192,4096,4096,8192,0.5,0,100,1,-inf,5638,1.0,1.0,1.0,0.5307692307692308,0.5307692307692308,1.0
trec-covid-chrono-r1,10,balanced,10000,5000,5000,10000,0.5,0,100,1,-inf,7023,1.0,1.0,1.0,0.5307692307692308,0.5307692307692308,1.0
trec-covid-chrono-r1,10,blocker,128,64,64,128,0.5,0,15,0,-0.0006909966468811035,97,1.0,1.0,1.0,0.11538461538461539,0.5307692307692308,0.2173913043478261
trec-covid-chrono-r1,10,blocker,256,128,128,256,0.5,0,34,0,-0.0006635654717683792,197,1.0,1.0,1.0,0.23846153846153847,0.5307692307692308,0.4492753623188406
trec-covid-chrono-r1,10,blocker,512,256,256,512,0.5,0,41,0,-0.00015450268983840942,394,1.0,1.0,1.0,0.2846153846153846,0.5307692307692308,0.536231884057971
trec-covid-chrono-r1,10,blocker,1024,640,384,1024,0.625,256,71,0,-9.340234100818634e-06,806,1.0,1.0,1.0,0.4230769230769231,0.5307692307692308,0.7971014492753623
trec-covid-chrono-r1,10,blocker,2048,1408,640,2048,0.6875,768,100,1,-inf,1619,1.0,1.0,1.0,0.5307692307692308,0.5307692307692308,1.0
trec-covid-chrono-r1,10,blocker,4096,2048,2048,4096,0.5,0,100,1,-inf,2972,1.0,1.0,1.0,0.5307692307692308,0.5307692307692308,1.0
trec-covid-chrono-r1,10,blocker,8192,4096,4096,8192,0.5,0,100,1,-inf,5638,1.0,1.0,1.0,0.5307692307692308,0.5307692307692308,1.0
trec-covid-chrono-r1,10,blocker,10000,5000,5000,10000,0.5,0,100,1,-inf,7023,1.0,1.0,1.0,0.5307692307692308,0.5307692307692308,1.0
trec-covid-chrono-r1,11,balanced,128,64,64,128,0.5,0,4,0,-0.0004970114678144455,118,0.18792948589674185,0.18792948589674185,1.0,0.03571428571428571,0.20535714285714285,0.17391304347826086
trec-covid-chrono-r1,11,balanced,256,128,128,256,0.5,0,8,0,-0.00024911947548389435,238,0.18792948589674185,0.18792948589674185,1.0,0.03571428571428571,0.20535714285714285,0.17391304347826086
trec-covid-chrono-r1,11,balanced,512,256,256,512,0.5,0,10,0,-0.0005250405520200729,470,0.18792948589674185,0.18792948589674185,1.0,0.03571428571428571,0.20535714285714285,0.17391304347826086
trec-covid-chrono-r1,11,balanced,1024,512,512,1024,0.5,0,12,0,-0.0004510246217250824,946,0.18792948589674185,0.18792948589674185,1.0,0.044642857142857144,0.20535714285714285,0.2173913043478261
trec-covid-chrono-r1,11,balanced,2048,1024,1024,2048,0.5,0,14,0,-0.00031864456832408905,1791,0.18792948589674185,0.18792948589674185,1.0,0.05357142857142857,0.20535714285714285,0.2608695652173913
trec-covid-chrono-r1,11,balanced,4096,2048,2048,4096,0.5,0,22,0,-0.00012162141501903534,3396,0.18792948589674185,0.18792948589674185,1.0,0.07142857142857142,0.20535714285714285,0.34782608695652173
trec-covid-chrono-r1,11,balanced,8192,4096,4096,8192,0.5,0,23,0,-0.0001492425799369812,6630,0.18792948589674185,0.18792948589674185,1.0,0.08035714285714286,0.20535714285714285,0.391304347826087
trec-covid-chrono-r1,11,balanced,10000,5000,5000,10000,0.5,0,27,0,-0.00016914866864681244,7968,0.18792948589674185,0.18792948589674185,1.0,0.08928571428571429,0.20535714285714285,0.4347826086956522
trec-covid-chrono-r1,11,blocker,128,64,64,128,0.5,0,4,0,-0.0004970114678144455,118,0.18792948589674185,0.18792948589674185,1.0,0.03571428571428571,0.20535714285714285,0.17391304347826086
trec-covid-chrono-r1,11,blocker,256,128,128,256,0.5,0,8,0,-0.00024911947548389435,238,0.18792948589674185,0.18792948589674185,1.0,0.03571428571428571,0.20535714285714285,0.17391304347826086
trec-covid-chrono-r1,11,blocker,512,256,256,512,0.5,0,10,0,-0.0005250405520200729,470,0.18792948589674185,0.18792948589674185,1.0,0.03571428571428571,0.20535714285714285,0.17391304347826086
trec-covid-chrono-r1,11,blocker,1024,576,448,1024,0.5625,128,12,0,-0.000562228262424469,942,0.18792948589674185,0.18792948589674185,1.0,0.044642857142857144,0.20535714285714285,0.2173913043478261
trec-covid-chrono-r1,11,blocker,2048,1344,704,2048,0.65625,640,21,0,-1.0456889867782593e-05,1832,0.18792948589674185,0.18792948589674185,1.0,0.0625,0.20535714285714285,0.30434782608695654
trec-covid-chrono-r1,11,blocker,4096,3136,960,4096,0.765625,2176,23,0,-0.0002215169370174408,3657,0.18792948589674185,0.18792948589674185,1.0,0.08035714285714286,0.20535714285714285,0.391304347826087
trec-covid-chrono-r1,11,blocker,8192,5000,3192,8192,0.6103515625,1808,27,0,-0.00016914866864681244,6642,0.18792948589674185,0.18792948589674185,1.0,0.08928571428571429,0.20535714285714285,0.4347826086956522
trec-covid-chrono-r1,11,blocker,10000,5000,5000,10000,0.5,0,27,0,-0.00016914866864681244,7968,0.18792948589674185,0.18792948589674185,1.0,0.08928571428571429,0.20535714285714285,0.4347826086956522
trec-covid-chrono-r1,12,balanced,128,64,64,128,0.5,0,3,0,-0.0010469723492860794,119,0.46900009332067477,0.7485367737101725,0.6265558484134914,0.008310249307479225,0.16897506925207756,0.049180327868852465
trec-covid-chrono-r1,12,balanced,256,128,128,256,0.5,0,6,0,-0.0026102419942617416,237,0.7273298443105218,0.7485367737101725,0.9716688208990226,0.01662049861495845,0.16897506925207756,0.09836065573770493
trec-covid-chrono-r1,12,balanced,512,256,256,512,0.5,0,9,0,-2.8546899557113647e-05,470,0.7273298443105218,0.7485367737101725,0.9716688208990226,0.01662049861495845,0.16897506925207756,0.09836065573770493
trec-covid-chrono-r1,12,balanced,1024,512,512,1024,0.5,0,12,0,-0.0003910493105649948,934,0.7485367737101725,0.7485367737101725,1.0,0.0221606648199446,0.16897506925207756,0.13114754098360656
trec-covid-chrono-r1,12,balanced,2048,1024,1024,2048,0.5,0,17,0,-9.833276271820068e-05,1804,0.7485367737101725,0.7485367737101725,1.0,0.027700831024930747,0.16897506925207756,0.16393442622950818
trec-covid-chrono-r1,12,balanced,4096,2048,2048,4096,0.5,0,21,0,-3.275647759437561e-05,3571,0.7485367737101725,0.7485367737101725,1.0,0.036011080332409975,0.16897506925207756,0.21311475409836067
trec-covid-chrono-r1,12,balanced,8192,4096,4096,8192,0.5,0,23,0,-1.8985942006111145e-05,6959,0.7485367737101725,0.7485367737101725,1.0,0.038781163434903045,0.16897506925207756,0.22950819672131145
trec-covid-chrono-r1,12,balanced,10000,5000,5000,10000,0.5,0,26,0,-0.00010082684457302094,8447,0.7485367737101725,0.7485367737101725,1.0,0.0443213296398892,0.16897506925207756,0.26229508196721313
trec-covid-chrono-r1,12,blocker,128,64,64,128,0.5,0,3,0,-0.0010469723492860794,119,0.46900009332067477,0.7485367737101725,0.6265558484134914,0.008310249307479225,0.16897506925207756,0.049180327868852465
trec-covid-chrono-r1,12,blocker,256,128,128,256,0.5,0,6,0,-0.0026102419942617416,237,0.7273298443105218,0.7485367737101725,0.9716688208990226,0.01662049861495845,0.16897506925207756,0.09836065573770493
trec-covid-chrono-r1,12,blocker,512,256,256,512,0.5,0,9,0,-2.8546899557113647e-05,470,0.7273298443105218,0.7485367737101725,0.9716688208990226,0.01662049861495845,0.16897506925207756,0.09836065573770493
trec-covid-chrono-r1,12,blocker,1024,576,448,1024,0.5625,128,12,0,-0.0003380756825208664,934,0.7485367737101725,0.7485367737101725,1.0,0.0221606648199446,0.16897506925207756,0.13114754098360656
trec-covid-chrono-r1,12,blocker,2048,1152,896,2048,0.5625,256,17,0,-9.071081876754761e-07,1808,0.7485367737101725,0.7485367737101725,1.0,0.027700831024930747,0.16897506925207756,0.16393442622950818
trec-covid-chrono-r1,12,blocker,4096,2816,1280,4096,0.6875,1536,23,0,-0.00012607499957084656,3597,0.7485367737101725,0.7485367737101725,1.0,0.038781163434903045,0.16897506925207756,0.22950819672131145
trec-covid-chrono-r1,12,blocker,8192,4224,3968,8192,0.515625,256,26,0,-0.00015146099030971527,6958,0.7485367737101725,0.7485367737101725,1.0,0.0443213296398892,0.16897506925207756,0.26229508196721313
trec-covid-chrono-r1,12,blocker,10000,5000,5000,10000,0.5,0,26,0,-0.00010082684457302094,8447,0.7485367737101725,0.7485367737101725,1.0,0.0443213296398892,0.16897506925207756,0.26229508196721313
trec-covid-chrono-r1,13,balanced,128,64,64,128,0.5,0,4,0,-0.001571880653500557,121,0.42723229267783164,0.644507974417272,0.662881313554128,0.011019283746556474,0.14600550964187328,0.07547169811320754
trec-covid-chrono-r1,13,balanced,256,128,128,256,0.5,0,6,0,-0.00014958716928958893,237,0.48174608821793047,0.644507974417272,0.7474633477630719,0.01652892561983471,0.14600550964187328,0.11320754716981132
trec-covid-chrono-r1,13,balanced,512,256,256,512,0.5,0,9,0,-3.9558857679367065e-05,475,0.644507974417272,0.644507974417272,1.0,0.024793388429752067,0.14600550964187328,0.16981132075471697
trec-covid-chrono-r1,13,balanced,1024,512,512,1024,0.5,0,13,0,-0.0005758311599493027,945,0.644507974417272,0.644507974417272,1.0,0.03305785123966942,0.14600550964187328,0.22641509433962265
trec-covid-chrono-r1,13,balanced,2048,1024,1024,2048,0.5,0,15,0,-3.0504539608955383e-05,1780,0.644507974417272,0.644507974417272,1.0,0.03856749311294766,0.14600550964187328,0.2641509433962264
trec-covid-chrono-r1,13,balanced,4096,2048,2048,4096,0.5,0,18,0,-0.0003046207129955292,3452,0.644507974417272,0.644507974417272,1.0,0.046831955922865015,0.14600550964187328,0.32075471698113206
trec-covid-chrono-r1,13,balanced,8192,4096,4096,8192,0.5,0,18,0,-7.085315883159637e-05,6909,0.644507974417272,0.644507974417272,1.0,0.046831955922865015,0.14600550964187328,0.32075471698113206
trec-covid-chrono-r1,13,balanced,10000,5000,5000,10000,0.5,0,18,0,-2.7865171432495117e-05,8189,0.644507974417272,0.644507974417272,1.0,0.046831955922865015,0.14600550964187328,0.32075471698113206
trec-covid-chrono-r1,13,blocker,128,64,64,128,0.5,0,4,0,-0.001571880653500557,121,0.42723229267783164,0.644507974417272,0.662881313554128,0.011019283746556474,0.14600550964187328,0.07547169811320754
trec-covid-chrono-r1,13,blocker,256,128,128,256,0.5,0,6,0,-0.00014958716928958893,237,0.48174608821793047,0.644507974417272,0.7474633477630719,0.01652892561983471,0.14600550964187328,0.11320754716981132
trec-covid-chrono-r1,13,blocker,512,256,256,512,0.5,0,9,0,-3.9558857679367065e-05,475,0.644507974417272,0.644507974417272,1.0,0.024793388429752067,0.14600550964187328,0.16981132075471697
trec-covid-chrono-r1,13,blocker,1024,640,384,1024,0.625,256,13,0,-0.00028618238866329193,948,0.644507974417272,0.644507974417272,1.0,0.03305785123966942,0.14600550964187328,0.22641509433962265
trec-covid-chrono-r1,13,blocker,2048,1344,704,2048,0.65625,640,16,0,-0.0003698337823152542,1844,0.644507974417272,0.644507974417272,1.0,0.04132231404958678,0.14600550964187328,0.2830188679245283
trec-covid-chrono-r1,13,blocker,4096,3136,960,4096,0.765625,2176,18,0,-0.00014312751591205597,3670,0.644507974417272,0.644507974417272,1.0,0.046831955922865015,0.14600550964187328,0.32075471698113206
trec-covid-chrono-r1,13,blocker,8192,5000,3192,8192,0.6103515625,1808,18,0,-2.7865171432495117e-05,6880,0.644507974417272,0.644507974417272,1.0,0.046831955922865015,0.14600550964187328,0.32075471698113206
trec-covid-chrono-r1,13,blocker,10000,5000,5000,10000,0.5,0,18,0,-2.7865171432495117e-05,8189,0.644507974417272,0.644507974417272,1.0,0.046831955922865015,0.14600550964187328,0.32075471698113206
trec-covid-chrono-r1,14,balanced,128,64,64,128,0.5,0,7,0,-0.00010057725012302399,116,0.38820432628056606,0.4314959968316796,0.8996707481205185,0.043010752688172046,0.1827956989247312,0.23529411764705885
trec-covid-chrono-r1,14,balanced,256,128,128,256,0.5,0,12,0,-0.0005690585821866989,238,0.4314959968316796,0.4314959968316796,1.0,0.07526881720430108,0.1827956989247312,0.4117647058823529
trec-covid-chrono-r1,14,balanced,512,256,256,512,0.5,0,15,0,-0.0016666501760482788,471,0.4314959968316796,0.4314959968316796,1.0,0.10752688172043011,0.1827956989247312,0.5882352941176471
trec-covid-chrono-r1,14,balanced,1024,512,512,1024,0.5,0,16,0,-0.0002503432333469391,900,0.4314959968316796,0.4314959968316796,1.0,0.10752688172043011,0.1827956989247312,0.5882352941176471
trec-covid-chrono-r1,14,balanced,2048,1024,1024,2048,0.5,0,17,0,-6.555207073688507e-05,1709,0.4314959968316796,0.4314959968316796,1.0,0.10752688172043011,0.1827956989247312,0.5882352941176471
trec-covid-chrono-r1,14,balanced,4096,2048,2048,4096,0.5,0,19,0,-0.00026441365480422974,2995,0.4314959968316796,0.4314959968316796,1.0,0.11827956989247312,0.1827956989247312,0.6470588235294118
trec-covid-chrono-r1,14,balanced,8192,4096,4096,8192,0.5,0,20,0,-3.0646100640296936e-05,5803,0.4314959968316796,0.4314959968316796,1.0,0.11827956989247312,0.1827956989247312,0.6470588235294118
trec-covid-chrono-r1,14,balanced,10000,5000,5000,10000,0.5,0,24,0,-2.99159437417984e-05,7331,0.4314959968316796,0.4314959968316796,1.0,0.12903225806451613,0.1827956989247312,0.7058823529411764
trec-covid-chrono-r1,14,blocker,128,64,64,128,0.5,0,7,0,-0.00010057725012302399,116,0.38820432628056606,0.4314959968316796,0.8996707481205185,0.043010752688172046,0.1827956989247312,0.23529411764705885
trec-covid-chrono-r1,14,blocker,256,128,128,256,0.5,0,12,0,-0.0005690585821866989,238,0.4314959968316796,0.4314959968316796,1.0,0.07526881720430108,0.1827956989247312,0.4117647058823529
trec-covid-chrono-r1,14,blocker,512,256,256,512,0.5,0,15,0,-0.0016666501760482788,471,0.4314959968316796,0.4314959968316796,1.0,0.10752688172043011,0.1827956989247312,0.5882352941176471
trec-covid-chrono-r1,14,blocker,1024,512,512,1024,0.5,0,16,0,-0.0002503432333469391,900,0.4314959968316796,0.4314959968316796,1.0,0.10752688172043011,0.1827956989247312,0.5882352941176471
trec-covid-chrono-r1,14,blocker,2048,1024,1024,2048,0.5,0,17,0,-6.555207073688507e-05,1709,0.4314959968316796,0.4314959968316796,1.0,0.10752688172043011,0.1827956989247312,0.5882352941176471
trec-covid-chrono-r1,14,blocker,4096,2048,2048,4096,0.5,0,19,0,-0.00026441365480422974,2995,0.4314959968316796,0.4314959968316796,1.0,0.11827956989247312,0.1827956989247312,0.6470588235294118
trec-covid-chrono-r1,14,blocker,8192,4736,3456,8192,0.578125,1280,24,0,-0.00011670123785734177,5731,0.4314959968316796,0.4314959968316796,1.0,0.12903225806451613,0.1827956989247312,0.7058823529411764
trec-covid-chrono-r1,14,blocker,10000,5000,5000,10000,0.5,0,24,0,-2.99159437417984e-05,7331,0.4314959968316796,0.4314959968316796,1.0,0.12903225806451613,0.1827956989247312,0.7058823529411764
trec-covid-chrono-r1,15,balanced,128,64,64,128,0.5,0,1,0,-0.008064515888690948,127,0.0,0.19360230597566389,0.0,0.0,0.11188811188811189,0.0
trec-covid-chrono-r1,15,balanced,256,128,128,256,0.5,0,1,0,-0.00125865638256073,249,0.0,0.19360230597566389,0.0,0.0,0.11188811188811189,0.0
trec-covid-chrono-r1,15,balanced,512,256,256,512,0.5,0,2,0,-0.0018997713923454285,498,0.13886244387355454,0.19360230597566389,0.7172561461690945,0.006993006993006993,0.11188811188811189,0.0625
trec-covid-chrono-r1,15,balanced,1024,512,512,1024,0.5,0,2,0,-0.000483466312289238,981,0.13886244387355454,0.19360230597566389,0.7172561461690945,0.006993006993006993,0.11188811188811189,0.0625
trec-covid-chrono-r1,15,balanced,2048,1024,1024,2048,0.5,0,4,0,-0.0001927744597196579,1937,0.17045856533007145,0.19360230597566389,0.8804573089718175,0.013986013986013986,0.11188811188811189,0.125
trec-covid-chrono-r1,15,balanced,4096,2048,2048,4096,0.5,0,6,0,-5.220063030719757e-05,3802,0.17045856533007145,0.19360230597566389,0.8804573089718175,0.013986013986013986,0.11188811188811189,0.125
trec-covid-chrono-r1,15,balanced,8192,4096,4096,8192,0.5,0,9,0,-7.009878754615784e-05,7472,0.19360230597566389,0.19360230597566389,1.0,0.02097902097902098,0.11188811188811189,0.1875
trec-covid-chrono-r1,15,balanced,10000,5000,5000,10000,0.5,0,9,0,-2.711080014705658e-05,9002,0.19360230597566389,0.19360230597566389,1.0,0.02097902097902098,0.11188811188811189,0.1875
trec-covid-chrono-r1,15,blocker,128,64,64,128,0.5,0,1,0,-0.008064515888690948,127,0.0,0.19360230597566389,0.0,0.0,0.11188811188811189,0.0
trec-covid-chrono-r1,15,blocker,256,128,128,256,0.5,0,1,0,-0.00125865638256073,249,0.0,0.19360230597566389,0.0,0.0,0.11188811188811189,0.0
trec-covid-chrono-r1,15,blocker,512,256,256,512,0.5,0,2,0,-0.0018997713923454285,498,0.13886244387355454,0.19360230597566389,0.7172561461690945,0.006993006993006993,0.11188811188811189,0.0625
trec-covid-chrono-r1,15,blocker,1024,512,512,1024,0.5,0,2,0,-0.000483466312289238,981,0.13886244387355454,0.19360230597566389,0.7172561461690945,0.006993006993006993,0.11188811188811189,0.0625
trec-covid-chrono-r1,15,blocker,2048,1024,1024,2048,0.5,0,4,0,-0.0001927744597196579,1937,0.17045856533007145,0.19360230597566389,0.8804573089718175,0.013986013986013986,0.11188811188811189,0.125
trec-covid-chrono-r1,15,blocker,4096,2048,2048,4096,0.5,0,6,0,-5.220063030719757e-05,3802,0.17045856533007145,0.19360230597566389,0.8804573089718175,0.013986013986013986,0.11188811188811189,0.125
trec-covid-chrono-r1,15,blocker,8192,4096,4096,8192,0.5,0,9,0,-7.009878754615784e-05,7472,0.19360230597566389,0.19360230597566389,1.0,0.02097902097902098,0.11188811188811189,0.1875
trec-covid-chrono-r1,15,blocker,10000,5000,5000,10000,0.5,0,9,0,-2.711080014705658e-05,9002,0.19360230597566389,0.19360230597566389,1.0,0.02097902097902098,0.11188811188811189,0.1875
trec-covid-chrono-r1,16,balanced,128,64,64,128,0.5,0,2,0,-0.001011507585644722,123,0.1196514033905449,0.36598391126751567,0.3269307740227023,0.016,0.224,0.07142857142857142
trec-covid-chrono-r1,16,balanced,256,128,128,256,0.5,0,3,0,-0.00040461868047714233,248,0.15633336444022494,0.36598391126751567,0.4271591171830315,0.024,0.224,0.10714285714285714
trec-covid-chrono-r1,16,balanced,512,256,256,512,0.5,0,6,0,-9.942427277565002e-05,497,0.21084715998032372,0.36598391126751567,0.576110461386389,0.04,0.224,0.17857142857142858
trec-covid-chrono-r1,16,balanced,1024,512,512,1024,0.5,0,7,0,-0.00016449391841888428,992,0.21084715998032372,0.36598391126751567,0.576110461386389,0.04,0.224,0.17857142857142858
trec-covid-chrono-r1,16,balanced,2048,1024,1024,2048,0.5,0,11,0,-0.000293755903840065,1966,0.36598391126751567,0.36598391126751567,1.0,0.072,0.224,0.3214285714285714
trec-covid-chrono-r1,16,balanced,4096,2048,2048,4096,0.5,0,12,0,-0.00034676864743232727,3854,0.36598391126751567,0.36598391126751567,1.0,0.072,0.224,0.3214285714285714
trec-covid-chrono-r1,16,balanced,8192,4096,4096,8192,0.5,0,12,0,-0.00011300109326839447,7375,0.36598391126751567,0.36598391126751567,1.0,0.072,0.224,0.3214285714285714
trec-covid-chrono-r1,16,balanced,10000,5000,5000,10000,0.5,0,12,0,-7.001310586929321e-05,8955,0.36598391126751567,0.36598391126751567,1.0,0.072,0.224,0.3214285714285714
trec-covid-chrono-r1,16,blocker,128,64,64,128,0.5,0,2,0,-0.001011507585644722,123,0.1196514033905449,0.36598391126751567,0.3269307740227023,0.016,0.224,0.07142857142857142
trec-covid-chrono-r1,16,blocker,256,128,128,256,0.5,0,3,0,-0.00040461868047714233,248,0.15633336444022494,0.36598391126751567,0.4271591171830315,0.024,0.224,0.10714285714285714
trec-covid-chrono-r1,16,blocker,512,256,256,512,0.5,0,6,0,-9.942427277565002e-05,497,0.21084715998032372,0.36598391126751567,0.576110461386389,0.04,0.224,0.17857142857142858
trec-covid-chrono-r1,16,blocker,1024,448,576,1024,0.4375,128,7,0,-6.92605972290039e-05,991,0.21084715998032372,0.36598391126751567,0.576110461386389,0.04,0.224,0.17857142857142858
trec-covid-chrono-r1,16,blocker,2048,1280,768,2048,0.625,512,11,0,-0.00011751614511013031,1977,0.36598391126751567,0.36598391126751567,1.0,0.072,0.224,0.3214285714285714
trec-covid-chrono-r1,16,blocker,4096,2944,1152,4096,0.71875,1792,12,0,-0.00020527467131614685,3917,0.36598391126751567,0.36598391126751567,1.0,0.072,0.224,0.3214285714285714
trec-covid-chrono-r1,16,blocker,8192,5000,3192,8192,0.6103515625,1808,12,0,-7.001310586929321e-05,7408,0.36598391126751567,0.36598391126751567,1.0,0.072,0.224,0.3214285714285714
trec-covid-chrono-r1,16,blocker,10000,5000,5000,10000,0.5,0,12,0,-7.001310586929321e-05,8955,0.36598391126751567,0.36598391126751567,1.0,0.072,0.224,0.3214285714285714
trec-covid-chrono-r1,17,balanced,128,64,64,128,0.5,0,8,0,-0.0005282852798700333,111,0.7484282537574317,0.8783032654107725,0.8521296495549294,0.05343511450381679,0.3511450381679389,0.15217391304347827
trec-covid-chrono-r1,17,balanced,256,128,128,256,0.5,0,12,0,-5.185417830944061e-05,227,0.8783032654107725,0.8783032654107725,1.0,0.07633587786259542,0.3511450381679389,0.2173913043478261
trec-covid-chrono-r1,17,balanced,512,256,256,512,0.5,0,21,0,-0.0005955081433057785,467,0.8783032654107725,0.8783032654107725,1.0,0.09923664122137404,0.3511450381679389,0.28260869565217395
trec-covid-chrono-r1,17,balanced,1024,512,512,1024,0.5,0,23,0,-0.0007712244987487793,948,0.8783032654107725,0.8783032654107725,1.0,0.10687022900763359,0.3511450381679389,0.30434782608695654
trec-covid-chrono-r1,17,balanced,2048,1024,1024,2048,0.5,0,24,0,-0.0002943649888038635,1876,0.8783032654107725,0.8783032654107725,1.0,0.10687022900763359,0.3511450381679389,0.30434782608695654
trec-covid-chrono-r1,17,balanced,4096,2048,2048,4096,0.5,0,25,0,-0.0002762340009212494,3746,0.8783032654107725,0.8783032654107725,1.0,0.11450381679389313,0.3511450381679389,0.32608695652173914
trec-covid-chrono-r1,17,balanced,8192,4096,4096,8192,0.5,0,25,0,-4.246644675731659e-05,7023,0.8783032654107725,0.8783032654107725,1.0,0.11450381679389313,0.3511450381679389,0.32608695652173914
trec-covid-chrono-r1,17,balanced,10000,5000,5000,10000,0.5,0,26,0,-5.103088915348053e-05,8373,0.8783032654107725,0.8783032654107725,1.0,0.11450381679389313,0.3511450381679389,0.32608695652173914
trec-covid-chrono-r1,17,blocker,128,64,64,128,0.5,0,8,0,-0.0005282852798700333,111,0.7484282537574317,0.8783032654107725,0.8521296495549294,0.05343511450381679,0.3511450381679389,0.15217391304347827
trec-covid-chrono-r1,17,blocker,256,128,128,256,0.5,0,12,0,-5.185417830944061e-05,227,0.8783032654107725,0.8783032654107725,1.0,0.07633587786259542,0.3511450381679389,0.2173913043478261
trec-covid-chrono-r1,17,blocker,512,256,256,512,0.5,0,21,0,-0.0005955081433057785,467,0.8783032654107725,0.8783032654107725,1.0,0.09923664122137404,0.3511450381679389,0.28260869565217395
trec-covid-chrono-r1,17,blocker,1024,640,384,1024,0.625,256,23,0,-0.0004515424370765686,951,0.8783032654107725,0.8783032654107725,1.0,0.10687022900763359,0.3511450381679389,0.30434782608695654
trec-covid-chrono-r1,17,blocker,2048,1472,576,2048,0.71875,896,24,0,-2.459809184074402e-05,1905,0.8783032654107725,0.8783032654107725,1.0,0.10687022900763359,0.3511450381679389,0.30434782608695654
trec-covid-chrono-r1,17,blocker,4096,3328,768,4096,0.8125,2560,25,0,-9.700842201709747e-05,3825,0.8783032654107725,0.8783032654107725,1.0,0.11450381679389313,0.3511450381679389,0.32608695652173914
trec-covid-chrono-r1,17,blocker,8192,5000,3192,8192,0.6103515625,1808,26,0,-5.103088915348053e-05,7152,0.8783032654107725,0.8783032654107725,1.0,0.11450381679389313,0.3511450381679389,0.32608695652173914
trec-covid-chrono-r1,17,blocker,10000,5000,5000,10000,0.5,0,26,0,-5.103088915348053e-05,8373,0.8783032654107725,0.8783032654107725,1.0,0.11450381679389313,0.3511450381679389,0.32608695652173914
trec-covid-chrono-r1,18,balanced,128,64,64,128,0.5,0,3,0,-0.00033768825232982635,118,0.37642513073830514,0.742629455166655,0.5068814980599319,0.015306122448979591,0.22448979591836735,0.06818181818181818
trec-covid-chrono-r1,18,balanced,256,128,128,256,0.5,0,8,0,-0.0001779068261384964,237,0.676375231712266,0.742629455166655,0.9107842774166279,0.04081632653061224,0.22448979591836735,0.1818181818181818
trec-covid-chrono-r1,18,balanced,512,256,256,512,0.5,0,14,0,-0.00023643113672733307,456,0.742629455166655,0.742629455166655,1.0,0.061224489795918366,0.22448979591836735,0.2727272727272727
trec-covid-chrono-r1,18,balanced,1024,512,512,1024,0.5,0,19,0,-2.492964267730713e-05,897,0.742629455166655,0.742629455166655,1.0,0.07142857142857142,0.22448979591836735,0.3181818181818182
trec-covid-chrono-r1,18,balanced,2048,1024,1024,2048,0.5,0,23,0,-0.00047162920236587524,1713,0.742629455166655,0.742629455166655,1.0,0.07653061224489796,0.22448979591836735,0.34090909090909094
trec-covid-chrono-r1,18,balanced,4096,2048,2048,4096,0.5,0,23,0,-2.3504719138145447e-05,3138,0.742629455166655,0.742629455166655,1.0,0.07653061224489796,0.22448979591836735,0.34090909090909094
trec-covid-chrono-r1,18,balanced,8192,4096,4096,8192,0.5,0,83,0,-1.2209638953208923e-06,5722,0.742629455166655,0.742629455166655,1.0,0.19387755102040816,0.22448979591836735,0.8636363636363636
trec-covid-chrono-r1,18,balanced,10000,5000,5000,10000,0.5,0,85,0,-0.0001498507335782051,7197,0.742629455166655,0.742629455166655,1.0,0.19387755102040816,0.22448979591836735,0.8636363636363636
trec-covid-chrono-r1,18,blocker,128,64,64,128,0.5,0,3,0,-0.00033768825232982635,118,0.37642513073830514,0.742629455166655,0.5068814980599319,0.015306122448979591,0.22448979591836735,0.06818181818181818
trec-covid-chrono-r1,18,blocker,256,128,128,256,0.5,0,8,0,-0.0001779068261384964,237,0.676375231712266,0.742629455166655,0.9107842774166279,0.04081632653061224,0.22448979591836735,0.1818181818181818
trec-covid-chrono-r1,18,blocker,512,256,256,512,0.5,0,14,0,-0.00023643113672733307,456,0.742629455166655,0.742629455166655,1.0,0.061224489795918366,0.22448979591836735,0.2727272727272727
trec-covid-chrono-r1,18,blocker,1024,320,704,1024,0.3125,384,21,0,-0.00048512592911720276,927,0.742629455166655,0.742629455166655,1.0,0.07653061224489796,0.22448979591836735,0.34090909090909094
trec-covid-chrono-r1,18,blocker,2048,448,1600,2048,0.21875,1152,23,0,-0.00015152990818023682,1858,0.742629455166655,0.742629455166655,1.0,0.07653061224489796,0.22448979591836735,0.34090909090909094
trec-covid-chrono-r1,18,blocker,4096,960,3136,4096,0.234375,2176,29,0,-8.553639054298401e-05,3302,0.742629455166655,0.742629455166655,1.0,0.08673469387755102,0.22448979591836735,0.38636363636363635
trec-covid-chrono-r1,18,blocker,8192,3192,5000,8192,0.3896484375,1808,85,0,-0.0001498507335782051,5965,0.742629455166655,0.742629455166655,1.0,0.19387755102040816,0.22448979591836735,0.8636363636363636
trec-covid-chrono-r1,18,blocker,10000,5000,5000,10000,0.5,0,85,0,-0.0001498507335782051,7197,0.742629455166655,0.742629455166655,1.0,0.19387755102040816,0.22448979591836735,0.8636363636363636
trec-covid-chrono-r1,19,balanced,128,64,64,128,0.5,0,5,0,-0.0008315704762935638,121,0.15633336444022494,0.2714261564764395,0.5759701514021001,0.02531645569620253,0.24050632911392406,0.10526315789473684
trec-covid-chrono-r1,19,balanced,256,128,128,256,0.5,0,9,0,-0.0024098046123981476,241,0.2502192270767889,0.2714261564764395,0.9218685123241194,0.05063291139240506,0.24050632911392406,0.21052631578947367
trec-covid-chrono-r1,19,balanced,512,256,256,512,0.5,0,11,0,-0.00025521405041217804,472,0.2714261564764395,0.2714261564764395,1.0,0.0759493670886076,0.24050632911392406,0.3157894736842105
trec-covid-chrono-r1,19,balanced,1024,512,512,1024,0.5,0,14,0,-0.0009037479758262634,928,0.2714261564764395,0.2714261564764395,1.0,0.10126582278481013,0.24050632911392406,0.42105263157894735
trec-covid-chrono-r1,19,balanced,2048,1024,1024,2048,0.5,0,14,0,-7.800571620464325e-05,1770,0.2714261564764395,0.2714261564764395,1.0,0.10126582278481013,0.24050632911392406,0.42105263157894735
trec-covid-chrono-r1,19,balanced,4096,2048,2048,4096,0.5,0,18,0,-0.00041694939136505127,3304,0.2714261564764395,0.2714261564764395,1.0,0.11392405063291139,0.24050632911392406,0.47368421052631576
trec-covid-chrono-r1,19,balanced,8192,4096,4096,8192,0.5,0,21,0,-0.00012550875544548035,6062,0.2714261564764395,0.2714261564764395,1.0,0.12658227848101267,0.24050632911392406,0.5263157894736842
trec-covid-chrono-r1,19,balanced,10000,5000,5000,10000,0.5,0,21,0,-8.252076804637909e-05,7573,0.2714261564764395,0.2714261564764395,1.0,0.12658227848101267,0.24050632911392406,0.5263157894736842
trec-covid-chrono-r1,19,blocker,128,64,64,128,0.5,0,5,0,-0.0008315704762935638,121,0.15633336444022494,0.2714261564764395,0.5759701514021001,0.02531645569620253,0.24050632911392406,0.10526315789473684
trec-covid-chrono-r1,19,blocker,256,128,128,256,0.5,0,9,0,-0.0024098046123981476,241,0.2502192270767889,0.2714261564764395,0.9218685123241194,0.05063291139240506,0.24050632911392406,0.21052631578947367
trec-covid-chrono-r1,19,blocker,512,256,256,512,0.5,0,11,0,-0.00025521405041217804,472,0.2714261564764395,0.2714261564764395,1.0,0.0759493670886076,0.24050632911392406,0.3157894736842105
trec-covid-chrono-r1,19,blocker,1024,512,512,1024,0.5,0,14,0,-0.0009037479758262634,928,0.2714261564764395,0.2714261564764395,1.0,0.10126582278481013,0.24050632911392406,0.42105263157894735
trec-covid-chrono-r1,19,blocker,2048,1024,1024,2048,0.5,0,14,0,-7.800571620464325e-05,1770,0.2714261564764395,0.2714261564764395,1.0,0.10126582278481013,0.24050632911392406,0.42105263157894735
trec-covid-chrono-r1,19,blocker,4096,1152,2944,4096,0.28125,1792,18,0,-0.00027545541524887085,3264,0.2714261564764395,0.2714261564764395,1.0,0.11392405063291139,0.24050632911392406,0.47368421052631576
trec-covid-chrono-r1,19,blocker,8192,3192,5000,8192,0.3896484375,1808,21,0,-8.252076804637909e-05,6289,0.2714261564764395,0.2714261564764395,1.0,0.12658227848101267,0.24050632911392406,0.5263157894736842
trec-covid-chrono-r1,19,blocker,10000,5000,5000,10000,0.5,0,21,0,-8.252076804637909e-05,7573,0.2714261564764395,0.2714261564764395,1.0,0.12658227848101267,0.24050632911392406,0.5263157894736842
trec-covid-chrono-r1,20,balanced,128,64,64,128,0.5,0,9,0,-0.00019909441471099854,112,0.7273298443105218,0.7273298443105218,1.0,0.03508771929824561,0.2222222222222222,0.15789473684210525
trec-covid-chrono-r1,20,balanced,256,128,128,256,0.5,0,15,0,-0.00016020424664020538,219,0.7273298443105218,0.7273298443105218,1.0,0.04678362573099415,0.2222222222222222,0.21052631578947367
trec-covid-chrono-r1,20,balanced,512,256,256,512,0.5,0,22,0,-6.269663572311401e-06,416,0.7273298443105218,0.7273298443105218,1.0,0.08187134502923976,0.2222222222222222,0.3684210526315789
trec-covid-chrono-r1,20,balanced,1024,512,512,1024,0.5,0,28,0,-1.4711171388626099e-05,795,0.7273298443105218,0.7273298443105218,1.0,0.0935672514619883,0.2222222222222222,0.42105263157894735
trec-covid-chrono-r1,20,balanced,2048,1024,1024,2048,0.5,0,33,0,-8.514337241649628e-05,1540,0.7273298443105218,0.7273298443105218,1.0,0.10526315789473684,0.2222222222222222,0.47368421052631576
trec-covid-chrono-r1,20,balanced,4096,2048,2048,4096,0.5,0,48,0,-6.641261279582977e-05,2968,0.7273298443105218,0.7273298443105218,1.0,0.1286549707602339,0.2222222222222222,0.5789473684210527
trec-covid-chrono-r1,20,balanced,8192,4096,4096,8192,0.5,0,58,0,-0.00013893935829401016,5674,0.7273298443105218,0.7273298443105218,1.0,0.15204678362573099,0.2222222222222222,0.6842105263157895
trec-covid-chrono-r1,20,balanced,10000,5000,5000,10000,0.5,0,87,0,-5.922839045524597e-05,6996,0.7273298443105218,0.7273298443105218,1.0,0.19883040935672514,0.2222222222222222,0.8947368421052632
trec-covid-chrono-r1,20,blocker,128,64,64,128,0.5,0,9,0,-0.00019909441471099854,112,0.7273298443105218,0.7273298443105218,1.0,0.03508771929824561,0.2222222222222222,0.15789473684210525
trec-covid-chrono-r1,20,blocker,256,128,128,256,0.5,0,15,0,-0.00016020424664020538,219,0.7273298443105218,0.7273298443105218,1.0,0.04678362573099415,0.2222222222222222,0.21052631578947367
trec-covid-chrono-r1,20,blocker,512,192,320,512,0.375,128,23,0,-0.0001220405101776123,422,0.7273298443105218,0.7273298443105218,1.0,0.08771929824561403,0.2222222222222222,0.39473684210526316
trec-covid-chrono-r1,20,blocker,1024,384,640,1024,0.375,256,31,0,-0.0001597777009010315,819,0.7273298443105218,0.7273298443105218,1.0,0.0935672514619883,0.2222222222222222,0.42105263157894735
trec-covid-chrono-r1,20,blocker,2048,512,1536,2048,0.25,1024,34,0,-0.00047558173537254333,1684,0.7273298443105218,0.7273298443105218,1.0,0.10526315789473684,0.2222222222222222,0.47368421052631576
trec-covid-chrono-r1,20,blocker,4096,2240,1856,4096,0.546875,384,52,0,-3.400072455406189e-05,2974,0.7273298443105218,0.7273298443105218,1.0,0.1286549707602339,0.2222222222222222,0.5789473684210527
trec-covid-chrono-r1,20,blocker,8192,3520,4672,8192,0.4296875,1152,86,0,-6.930902600288391e-06,5749,0.7273298443105218,0.7273298443105218,1.0,0.19883040935672514,0.2222222222222222,0.8947368421052632
trec-covid-chrono-r1,20,blocker,10000,5000,5000,10000,0.5,0,87,0,-5.922839045524597e-05,6996,0.7273298443105218,0.7273298443105218,1.0,0.19883040935672514,0.2222222222222222,0.8947368421052632
trec-covid-chrono-r1,21,balanced,128,64,64,128,0.5,0,8,0,-0.0001829918473958969,112,0.32730659600126993,0.32730659600126993,1.0,0.017964071856287425,0.15568862275449102,0.11538461538461538
trec-covid-chrono-r1,21,balanced,256,128,128,256,0.5,0,13,0,-0.0001272391527891159,223,0.32730659600126993,0.32730659600126993,1.0,0.017964071856287425,0.15568862275449102,0.11538461538461538
trec-covid-chrono-r1,21,balanced,512,256,256,512,0.5,0,19,0,-0.0005807317793369293,448,0.32730659600126993,0.32730659600126993,1.0,0.023952095808383235,0.15568862275449102,0.15384615384615385
trec-covid-chrono-r1,21,balanced,1024,512,512,1024,0.5,0,26,0,-9.041279554367065e-05,905,0.32730659600126993,0.32730659600126993,1.0,0.05389221556886228,0.15568862275449102,0.34615384615384615
trec-covid-chrono-r1,21,balanced,2048,1024,1024,2048,0.5,0,28,0,-0.00018267519772052765,1817,0.32730659600126993,0.32730659600126993,1.0,0.059880239520958084,0.15568862275449102,0.3846153846153846
trec-covid-chrono-r1,21,balanced,4096,2048,2048,4096,0.5,0,37,0,-5.686655640602112e-06,3587,0.32730659600126993,0.32730659600126993,1.0,0.0718562874251497,0.15568862275449102,0.4615384615384615
trec-covid-chrono-r1,21,balanced,8192,4096,4096,8192,0.5,0,42,0,-6.027147173881531e-05,7083,0.32730659600126993,0.32730659600126993,1.0,0.07784431137724551,0.15568862275449102,0.5
trec-covid-chrono-r1,21,balanced,10000,5000,5000,10000,0.5,0,42,0,-1.7284415662288666e-05,8603,0.32730659600126993,0.32730659600126993,1.0,0.07784431137724551,0.15568862275449102,0.5
trec-covid-chrono-r1,21,blocker,128,64,64,128,0.5,0,8,0,-0.0001829918473958969,112,0.32730659600126993,0.32730659600126993,1.0,0.017964071856287425,0.15568862275449102,0.11538461538461538
trec-covid-chrono-r1,21,blocker,256,128,128,256,0.5,0,13,0,-0.0001272391527891159,223,0.32730659600126993,0.32730659600126993,1.0,0.017964071856287425,0.15568862275449102,0.11538461538461538
trec-covid-chrono-r1,21,blocker,512,192,320,512,0.375,128,20,0,-0.00010237656533718109,450,0.32730659600126993,0.32730659600126993,1.0,0.029940119760479042,0.15568862275449102,0.1923076923076923
trec-covid-chrono-r1,21,blocker,1024,384,640,1024,0.375,256,28,0,-0.0006887372583150864,919,0.32730659600126993,0.32730659600126993,1.0,0.059880239520958084,0.15568862275449102,0.3846153846153846
trec-covid-chrono-r1,21,blocker,2048,768,1280,2048,0.375,512,33,0,-0.00011278130114078522,1809,0.32730659600126993,0.32730659600126993,1.0,0.0718562874251497,0.15568862275449102,0.4615384615384615
trec-covid-chrono-r1,21,blocker,4096,2816,1280,4096,0.6875,1536,41,0,-8.005090057849884e-05,3667,0.32730659600126993,0.32730659600126993,1.0,0.0718562874251497,0.15568862275449102,0.4615384615384615
trec-covid-chrono-r1,21,blocker,8192,5000,3192,8192,0.6103515625,1808,42,0,-1.7284415662288666e-05,7117,0.32730659600126993,0.32730659600126993,1.0,0.07784431137724551,0.15568862275449102,0.5
trec-covid-chrono-r1,21,blocker,10000,5000,5000,10000,0.5,0,42,0,-1.7284415662288666e-05,8603,0.32730659600126993,0.32730659600126993,1.0,0.07784431137724551,0.15568862275449102,0.5
trec-covid-chrono-r1,22,balanced,128,64,64,128,0.5,0,12,0,-0.0006800331175327301,110,0.92663607790064,0.92663607790064,1.0,0.10465116279069768,0.4418604651162791,0.2368421052631579
trec-covid-chrono-r1,22,balanced,256,128,128,256,0.5,0,17,0,-0.00010611116886138916,220,0.92663607790064,0.92663607790064,1.0,0.16279069767441862,0.4418604651162791,0.368421052631579
trec-covid-chrono-r1,22,balanced,512,256,256,512,0.5,0,25,0,-0.0008286479860544205,428,0.92663607790064,0.92663607790064,1.0,0.19767441860465115,0.4418604651162791,0.4473684210526315
trec-covid-chrono-r1,22,balanced,1024,512,512,1024,0.5,0,28,0,-0.00021424144506454468,821,0.92663607790064,0.92663607790064,1.0,0.20930232558139536,0.4418604651162791,0.4736842105263158
trec-covid-chrono-r1,22,balanced,2048,1024,1024,2048,0.5,0,31,0,-0.00018855929374694824,1547,0.92663607790064,0.92663607790064,1.0,0.23255813953488372,0.4418604651162791,0.5263157894736842
trec-covid-chrono-r1,22,balanced,4096,2048,2048,4096,0.5,0,49,0,-0.0001234607771039009,2928,0.92663607790064,0.92663607790064,1.0,0.29069767441860467,0.4418604651162791,0.6578947368421053
trec-covid-chrono-r1,22,balanced,8192,4096,4096,8192,0.5,0,94,0,-4.55416738986969e-06,5532,0.92663607790064,0.92663607790064,1.0,0.43023255813953487,0.4418604651162791,0.9736842105263157
trec-covid-chrono-r1,22,balanced,10000,5000,5000,10000,0.5,0,95,0,-4.41819429397583e-05,7032,0.92663607790064,0.92663607790064,1.0,0.43023255813953487,0.4418604651162791,0.9736842105263157
trec-covid-chrono-r1,22,blocker,128,64,64,128,0.5,0,12,0,-0.0006800331175327301,110,0.92663607790064,0.92663607790064,1.0,0.10465116279069768,0.4418604651162791,0.2368421052631579
trec-covid-chrono-r1,22,blocker,256,128,128,256,0.5,0,17,0,-0.00010611116886138916,220,0.92663607790064,0.92663607790064,1.0,0.16279069767441862,0.4418604651162791,0.368421052631579
trec-covid-chrono-r1,22,blocker,512,192,320,512,0.375,128,25,0,-0.0002956688404083252,438,0.92663607790064,0.92663607790064,1.0,0.19767441860465115,0.4418604651162791,0.4473684210526315
trec-covid-chrono-r1,22,blocker,1024,256,768,1024,0.25,512,31,0,-0.000473780557513237,895,0.92663607790064,0.92663607790064,1.0,0.23255813953488372,0.4418604651162791,0.5263157894736842
trec-covid-chrono-r1,22,blocker,2048,704,1344,2048,0.34375,640,39,0,-5.9091486036777496e-05,1607,0.92663607790064,0.92663607790064,1.0,0.27906976744186046,0.4418604651162791,0.631578947368421
trec-covid-chrono-r1,22,blocker,4096,896,3200,4096,0.21875,2304,83,0,-4.123523831367493e-05,3234,0.92663607790064,0.92663607790064,1.0,0.3953488372093023,0.4418604651162791,0.894736842105263
trec-covid-chrono-r1,22,blocker,8192,3192,5000,8192,0.3896484375,1808,95,0,-4.41819429397583e-05,5813,0.92663607790064,0.92663607790064,1.0,0.43023255813953487,0.4418604651162791,0.9736842105263157
trec-covid-chrono-r1,22,blocker,10000,5000,5000,10000,0.5,0,95,0,-4.41819429397583e-05,7032,0.92663607790064,0.92663607790064,1.0,0.43023255813953487,0.4418604651162791,0.9736842105263157
trec-covid-chrono-r1,23,balanced,128,64,64,128,0.5,0,12,0,-0.0016938596963882446,109,0.7421246259355073,0.7421246259355073,1.0,0.17307692307692307,0.5192307692307693,0.3333333333333333
trec-covid-chrono-r1,23,balanced,256,128,128,256,0.5,0,14,0,-0.00024911947548389435,220,0.7421246259355073,0.7421246259355073,1.0,0.21153846153846154,0.5192307692307693,0.4074074074074074
trec-covid-chrono-r1,23,balanced,512,256,256,512,0.5,0,21,0,-0.0003649778664112091,432,0.7421246259355073,0.7421246259355073,1.0,0.25,0.5192307692307693,0.48148148148148145
trec-covid-chrono-r1,23,balanced,1024,512,512,1024,0.5,0,37,0,-0.00018939096480607986,828,0.7421246259355073,0.7421246259355073,1.0,0.36538461538461536,0.5192307692307693,0.7037037037037036
trec-covid-chrono-r1,23,balanced,2048,1024,1024,2048,0.5,0,44,0,-0.000443875789642334,1621,0.7421246259355073,0.7421246259355073,1.0,0.38461538461538464,0.5192307692307693,0.7407407407407407
trec-covid-chrono-r1,23,balanced,4096,2048,2048,4096,0.5,0,45,0,-5.728006362915039e-05,3001,0.7421246259355073,0.7421246259355073,1.0,0.38461538461538464,0.5192307692307693,0.7407407407407407
trec-covid-chrono-r1,23,balanced,8192,4096,4096,8192,0.5,0,63,0,-0.00014603417366743088,5610,0.7421246259355073,0.7421246259355073,1.0,0.4230769230769231,0.5192307692307693,0.8148148148148148
trec-covid-chrono-r1,23,balanced,10000,5000,5000,10000,0.5,0,63,0,-0.00010304711759090424,7114,0.7421246259355073,0.7421246259355073,1.0,0.4230769230769231,0.5192307692307693,0.8148148148148148
trec-covid-chrono-r1,23,blocker,128,64,64,128,0.5,0,12,0,-0.0016938596963882446,109,0.7421246259355073,0.7421246259355073,1.0,0.17307692307692307,0.5192307692307693,0.3333333333333333
trec-covid-chrono-r1,23,blocker,256,128,128,256,0.5,0,14,0,-0.00024911947548389435,220,0.7421246259355073,0.7421246259355073,1.0,0.21153846153846154,0.5192307692307693,0.4074074074074074
trec-covid-chrono-r1,23,blocker,512,192,320,512,0.375,128,31,0,-0.00018006376922130585,438,0.7421246259355073,0.7421246259355073,1.0,0.3076923076923077,0.5192307692307693,0.5925925925925926
trec-covid-chrono-r1,23,blocker,1024,384,640,1024,0.375,256,38,0,-0.00010327622294425964,861,0.7421246259355073,0.7421246259355073,1.0,0.36538461538461536,0.5192307692307693,0.7037037037037036
trec-covid-chrono-r1,23,blocker,2048,576,1472,2048,0.28125,896,44,0,-0.00019181706011295319,1725,0.7421246259355073,0.7421246259355073,1.0,0.38461538461538464,0.5192307692307693,0.7407407407407407
trec-covid-chrono-r1,23,blocker,4096,1664,2432,4096,0.40625,768,58,0,-4.52948734164238e-05,3013,0.7421246259355073,0.7421246259355073,1.0,0.4230769230769231,0.5192307692307693,0.8148148148148148
trec-covid-chrono-r1,23,blocker,8192,5000,3192,8192,0.6103515625,1808,63,0,-0.00010304711759090424,5658,0.7421246259355073,0.7421246259355073,1.0,0.4230769230769231,0.5192307692307693,0.8148148148148148
trec-covid-chrono-r1,23,blocker,10000,5000,5000,10000,0.5,0,63,0,-0.00010304711759090424,7114,0.7421246259355073,0.7421246259355073,1.0,0.4230769230769231,0.5192307692307693,0.8148148148148148
trec-covid-chrono-r1,24,balanced,128,64,64,128,0.5,0,10,0,-8.380040526390076e-06,109,0.842063127520229,0.842063127520229,1.0,0.1724137931034483,0.6379310344827587,0.2702702702702703
trec-covid-chrono-r1,24,balanced,256,128,128,256,0.5,0,13,0,-0.00030315108597278595,225,0.842063127520229,0.842063127520229,1.0,0.20689655172413793,0.6379310344827587,0.3243243243243243
trec-covid-chrono-r1,24,balanced,512,256,256,512,0.5,0,27,0,-0.00028702616691589355,435,0.842063127520229,0.842063127520229,1.0,0.3620689655172414,0.6379310344827587,0.5675675675675675
trec-covid-chrono-r1,24,balanced,1024,512,512,1024,0.5,0,37,0,-8.503533899784088e-05,849,0.842063127520229,0.842063127520229,1.0,0.4482758620689655,0.6379310344827587,0.7027027027027026
trec-covid-chrono-r1,24,balanced,2048,1024,1024,2048,0.5,0,40,0,-3.4578144550323486e-05,1629,0.842063127520229,0.842063127520229,1.0,0.4482758620689655,0.6379310344827587,0.7027027027027026
trec-covid-chrono-r1,24,balanced,4096,2048,2048,4096,0.5,0,41,0,-0.00023913197219371796,3053,0.842063127520229,0.842063127520229,1.0,0.4482758620689655,0.6379310344827587,0.7027027027027026
trec-covid-chrono-r1,24,balanced,8192,4096,4096,8192,0.5,0,65,0,-3.900565207004547e-05,5763,0.842063127520229,0.842063127520229,1.0,0.5344827586206896,0.6379310344827587,0.8378378378378377
trec-covid-chrono-r1,24,balanced,10000,5000,5000,10000,0.5,0,66,0,-8.880440145730972e-05,7220,0.842063127520229,0.842063127520229,1.0,0.5517241379310345,0.6379310344827587,0.8648648648648648
trec-covid-chrono-r1,24,blocker,128,64,64,128,0.5,0,10,0,-8.380040526390076e-06,109,0.842063127520229,0.842063127520229,1.0,0.1724137931034483,0.6379310344827587,0.2702702702702703
trec-covid-chrono-r1,24,blocker,256,128,128,256,0.5,0,13,0,-0.00030315108597278595,225,0.842063127520229,0.842063127520229,1.0,0.20689655172413793,0.6379310344827587,0.3243243243243243
trec-covid-chrono-r1,24,blocker,512,256,256,512,0.5,0,27,0,-0.00028702616691589355,435,0.842063127520229,0.842063127520229,1.0,0.3620689655172414,0.6379310344827587,0.5675675675675675
trec-covid-chrono-r1,24,blocker,1024,320,704,1024,0.3125,384,39,0,-2.6494264602661133e-05,889,0.842063127520229,0.842063127520229,1.0,0.4482758620689655,0.6379310344827587,0.7027027027027026
trec-covid-chrono-r1,24,blocker,2048,384,1664,2048,0.1875,1280,41,0,-0.00034479424357414246,1837,0.842063127520229,0.842063127520229,1.0,0.4482758620689655,0.6379310344827587,0.7027027027027026
trec-covid-chrono-r1,24,blocker,4096,1152,2944,4096,0.28125,1792,63,0,-4.24310564994812e-06,3094,0.842063127520229,0.842063127520229,1.0,0.5344827586206896,0.6379310344827587,0.8378378378378377
trec-covid-chrono-r1,24,blocker,8192,3192,5000,8192,0.3896484375,1808,66,0,-8.880440145730972e-05,5931,0.842063127520229,0.842063127520229,1.0,0.5517241379310345,0.6379310344827587,0.8648648648648648
trec-covid-chrono-r1,24,blocker,10000,5000,5000,10000,0.5,0,66,0,-8.880440145730972e-05,7220,0.842063127520229,0.842063127520229,1.0,0.5517241379310345,0.6379310344827587,0.8648648648648648
trec-covid-chrono-r1,25,balanced,128,64,64,128,0.5,0,4,0,-0.00014319270849227905,118,0.46900009332067477,0.5352543167750639,0.8762191702561609,0.022556390977443608,0.19548872180451127,0.11538461538461539
trec-covid-chrono-r1,25,balanced,256,128,128,256,0.5,0,10,0,-0.00027600303292274475,224,0.5352543167750639,0.5352543167750639,1.0,0.03007518796992481,0.19548872180451127,0.15384615384615385
trec-covid-chrono-r1,25,balanced,512,256,256,512,0.5,0,16,0,-0.00014301389455795288,420,0.5352543167750639,0.5352543167750639,1.0,0.03007518796992481,0.19548872180451127,0.15384615384615385
trec-covid-chrono-r1,25,balanced,1024,512,512,1024,0.5,0,23,0,-0.0008024964481592178,829,0.5352543167750639,0.5352543167750639,1.0,0.06015037593984962,0.19548872180451127,0.3076923076923077
trec-covid-chrono-r1,25,balanced,2048,1024,1024,2048,0.5,0,40,0,-1.095794141292572e-05,1613,0.5352543167750639,0.5352543167750639,1.0,0.08270676691729323,0.19548872180451127,0.4230769230769231
trec-covid-chrono-r1,25,balanced,4096,2048,2048,4096,0.5,0,59,0,-3.176555037498474e-05,3360,0.5352543167750639,0.5352543167750639,1.0,0.12030075187969924,0.19548872180451127,0.6153846153846154
trec-covid-chrono-r1,25,balanced,8192,4096,4096,8192,0.5,0,67,0,-1.619197428226471e-05,6869,0.5352543167750639,0.5352543167750639,1.0,0.15037593984962405,0.19548872180451127,0.7692307692307693
trec-covid-chrono-r1,25,balanced,10000,5000,5000,10000,0.5,0,100,1,-inf,8342,0.5352543167750639,0.5352543167750639,1.0,0.19548872180451127,0.19548872180451127,1.0
trec-covid-chrono-r1,25,blocker,128,64,64,128,0.5,0,4,0,-0.00014319270849227905,118,0.46900009332067477,0.5352543167750639,0.8762191702561609,0.022556390977443608,0.19548872180451127,0.11538461538461539
trec-covid-chrono-r1,25,blocker,256,128,128,256,0.5,0,10,0,-0.00027600303292274475,224,0.5352543167750639,0.5352543167750639,1.0,0.03007518796992481,0.19548872180451127,0.15384615384615385
trec-covid-chrono-r1,25,blocker,512,256,256,512,0.5,0,16,0,-0.00014301389455795288,420,0.5352543167750639,0.5352543167750639,1.0,0.03007518796992481,0.19548872180451127,0.15384615384615385
trec-covid-chrono-r1,25,blocker,1024,448,576,1024,0.4375,128,23,0,-0.0006265714764595032,831,0.5352543167750639,0.5352543167750639,1.0,0.06015037593984962,0.19548872180451127,0.3076923076923077
trec-covid-chrono-r1,25,blocker,2048,1024,1024,2048,0.5,0,40,0,-1.095794141292572e-05,1613,0.5352543167750639,0.5352543167750639,1.0,0.08270676691729323,0.19548872180451127,0.4230769230769231
trec-covid-chrono-r1,25,blocker,4096,2944,1152,4096,0.71875,1792,65,0,-1.1939555406570435e-05,3420,0.5352543167750639,0.5352543167750639,1.0,0.14285714285714285,0.19548872180451127,0.7307692307692307
trec-covid-chrono-r1,25,blocker,8192,4928,3264,8192,0.6015625,1664,100,1,-inf,6884,0.5352543167750639,0.5352543167750639,1.0,0.19548872180451127,0.19548872180451127,1.0
trec-covid-chrono-r1,25,blocker,10000,5000,5000,10000,0.5,0,100,1,-inf,8342,0.5352543167750639,0.5352543167750639,1.0,0.19548872180451127,0.19548872180451127,1.0
trec-covid-chrono-r1,26,balanced,128,64,64,128,0.5,0,4,0,-0.0005787033587694168,117,0.3956361712213147,0.7534494445524138,0.5250998246555775,0.013513513513513514,0.21171171171171171,0.06382978723404256
trec-covid-chrono-r1,26,balanced,256,128,128,256,0.5,0,12,0,-0.0008069723844528198,228,0.7534494445524138,0.7534494445524138,1.0,0.04504504504504504,0.21171171171171171,0.21276595744680848
trec-covid-chrono-r1,26,balanced,512,256,256,512,0.5,0,15,0,-0.0007562506943941116,460,0.7534494445524138,0.7534494445524138,1.0,0.05855855855855856,0.21171171171171171,0.2765957446808511
trec-covid-chrono-r1,26,balanced,1024,512,512,1024,0.5,0,17,0,-6.05117529630661e-05,859,0.7534494445524138,0.7534494445524138,1.0,0.06306306306306306,0.21171171171171171,0.2978723404255319
trec-covid-chrono-r1,26,balanced,2048,1024,1024,2048,0.5,0,21,0,-0.0003778468817472458,1626,0.7534494445524138,0.7534494445524138,1.0,0.07207207207207207,0.21171171171171171,0.3404255319148936
trec-covid-chrono-r1,26,balanced,4096,2048,2048,4096,0.5,0,25,0,-2.2130087018013e-05,2889,0.7534494445524138,0.7534494445524138,1.0,0.08108108108108109,0.21171171171171171,0.3829787234042553
trec-covid-chrono-r1,26,balanced,8192,4096,4096,8192,0.5,0,100,1,-inf,5510,0.7534494445524138,0.7534494445524138,1.0,0.21171171171171171,0.21171171171171171,1.0
trec-covid-chrono-r1,26,balanced,10000,5000,5000,10000,0.5,0,100,1,-inf,7029,0.7534494445524138,0.7534494445524138,1.0,0.21171171171171171,0.21171171171171171,1.0
trec-covid-chrono-r1,26,blocker,128,64,64,128,0.5,0,4,0,-0.0005787033587694168,117,0.3956361712213147,0.7534494445524138,0.5250998246555775,0.013513513513513514,0.21171171171171171,0.06382978723404256
trec-covid-chrono-r1,26,blocker,256,128,128,256,0.5,0,12,0,-0.0008069723844528198,228,0.7534494445524138,0.7534494445524138,1.0,0.04504504504504504,0.21171171171171171,0.21276595744680848
trec-covid-chrono-r1,26,blocker,512,256,256,512,0.5,0,15,0,-0.0007562506943941116,460,0.7534494445524138,0.7534494445524138,1.0,0.05855855855855856,0.21171171171171171,0.2765957446808511
trec-covid-chrono-r1,26,blocker,1024,448,576,1024,0.4375,128,18,0,-5.612894892692566e-05,864,0.7534494445524138,0.7534494445524138,1.0,0.06306306306306306,0.21171171171171171,0.2978723404255319
trec-covid-chrono-r1,26,blocker,2048,512,1536,2048,0.25,1024,21,0,-8.190423250198364e-05,1811,0.7534494445524138,0.7534494445524138,1.0,0.07207207207207207,0.21171171171171171,0.3404255319148936
trec-covid-chrono-r1,26,blocker,4096,1600,2496,4096,0.390625,896,35,0,-0.00010770745575428009,2799,0.7534494445524138,0.7534494445524138,1.0,0.1036036036036036,0.21171171171171171,0.48936170212765956
trec-covid-chrono-r1,26,blocker,8192,4096,4096,8192,0.5,0,100,1,-inf,5510,0.7534494445524138,0.7534494445524138,1.0,0.21171171171171171,0.21171171171171171,1.0
trec-covid-chrono-r1,26,blocker,10000,5000,5000,10000,0.5,0,100,1,-inf,7029,0.7534494445524138,0.7534494445524138,1.0,0.21171171171171171,0.21171171171171171,1.0
trec-covid-chrono-r1,27,balanced,128,64,64,128,0.5,0,8,0,-0.0008010026067495346,111,0.7233971441479391,0.8532721558012799,0.847791808545095,0.0380952380952381,0.23809523809523808,0.16000000000000003
trec-covid-chrono-r1,27,balanced,256,128,128,256,0.5,0,14,0,-0.00014924444258213043,219,0.8532721558012799,0.8532721558012799,1.0,0.06190476190476191,0.23809523809523808,0.26
trec-covid-chrono-r1,27,balanced,512,256,256,512,0.5,0,20,0,-0.0002407357096672058,433,0.8532721558012799,0.8532721558012799,1.0,0.0761904761904762,0.23809523809523808,0.32000000000000006
trec-covid-chrono-r1,27,balanced,1024,512,512,1024,0.5,0,26,0,-8.633360266685486e-06,856,0.8532721558012799,0.8532721558012799,1.0,0.09523809523809523,0.23809523809523808,0.4
trec-covid-chrono-r1,27,balanced,2048,1024,1024,2048,0.5,0,30,0,-4.5316293835639954e-05,1625,0.8532721558012799,0.8532721558012799,1.0,0.10476190476190476,0.23809523809523808,0.44000000000000006
trec-covid-chrono-r1,27,balanced,4096,2048,2048,4096,0.5,0,37,0,-1.1244788765907288e-05,2967,0.8532721558012799,0.8532721558012799,1.0,0.12857142857142856,0.23809523809523808,0.5399999999999999
trec-covid-chrono-r1,27,balanced,8192,4096,4096,8192,0.5,0,100,1,-inf,5609,0.8532721558012799,0.8532721558012799,1.0,0.23809523809523808,0.23809523809523808,1.0
trec-covid-chrono-r1,27,balanced,10000,5000,5000,10000,0.5,0,100,1,-inf,7144,0.8532721558012799,0.8532721558012799,1.0,0.23809523809523808,0.23809523809523808,1.0
trec-covid-chrono-r1,27,blocker,128,64,64,128,0.5,0,8,0,-0.0008010026067495346,111,0.7233971441479391,0.8532721558012799,0.847791808545095,0.0380952380952381,0.23809523809523808,0.16000000000000003
trec-covid-chrono-r1,27,blocker,256,128,128,256,0.5,0,14,0,-0.00014924444258213043,219,0.8532721558012799,0.8532721558012799,1.0,0.06190476190476191,0.23809523809523808,0.26
trec-covid-chrono-r1,27,blocker,512,256,256,512,0.5,0,20,0,-0.0002407357096672058,433,0.8532721558012799,0.8532721558012799,1.0,0.0761904761904762,0.23809523809523808,0.32000000000000006
trec-covid-chrono-r1,27,blocker,1024,576,448,1024,0.5625,128,27,0,-0.0002443268895149231,859,0.8532721558012799,0.8532721558012799,1.0,0.1,0.23809523809523808,0.42000000000000004
trec-covid-chrono-r1,27,blocker,2048,1088,960,2048,0.53125,128,34,0,-0.00011633709073066711,1616,0.8532721558012799,0.8532721558012799,1.0,0.11904761904761904,0.23809523809523808,0.5
trec-covid-chrono-r1,27,blocker,4096,1088,3008,4096,0.265625,1920,38,0,-7.646903395652771e-05,3246,0.8532721558012799,0.8532721558012799,1.0,0.12857142857142856,0.23809523809523808,0.5399999999999999
trec-covid-chrono-r1,27,blocker,8192,4096,4096,8192,0.5,0,100,1,-inf,5609,0.8532721558012799,0.8532721558012799,1.0,0.23809523809523808,0.23809523809523808,1.0
trec-covid-chrono-r1,27,blocker,10000,5000,5000,10000,0.5,0,100,1,-inf,7144,0.8532721558012799,0.8532721558012799,1.0,0.23809523809523808,0.23809523809523808,1.0
trec-covid-chrono-r1,28,balanced,128,64,64,128,0.5,0,19,0,-0.0013177301734685898,100,0.9052116356304492,0.9052116356304492,1.0,0.2982456140350877,0.6666666666666666,0.4473684210526316
trec-covid-chrono-r1,28,balanced,256,128,128,256,0.5,0,23,0,-1.1593103408813477e-05,212,0.9052116356304492,0.9052116356304492,1.0,0.3157894736842105,0.6666666666666666,0.47368421052631576
trec-covid-chrono-r1,28,balanced,512,256,256,512,0.5,0,28,0,-0.00020191632211208344,448,0.9052116356304492,0.9052116356304492,1.0,0.3684210526315789,0.6666666666666666,0.5526315789473685
trec-covid-chrono-r1,28,balanced,1024,512,512,1024,0.5,0,33,0,-0.0002582371234893799,876,0.9052116356304492,0.9052116356304492,1.0,0.40350877192982454,0.6666666666666666,0.6052631578947368
trec-covid-chrono-r1,28,balanced,2048,1024,1024,2048,0.5,0,35,0,-0.00015579722821712494,1678,0.9052116356304492,0.9052116356304492,1.0,0.40350877192982454,0.6666666666666666,0.6052631578947368
trec-covid-chrono-r1,28,balanced,4096,2048,2048,4096,0.5,0,36,0,-0.00021147355437278748,3175,0.9052116356304492,0.9052116356304492,1.0,0.42105263157894735,0.6666666666666666,0.631578947368421
trec-covid-chrono-r1,28,balanced,8192,4096,4096,8192,0.5,0,67,0,-5.008559674024582e-05,5988,0.9052116356304492,0.9052116356304492,1.0,0.5614035087719298,0.6666666666666666,0.8421052631578947
trec-covid-chrono-r1,28,balanced,10000,5000,5000,10000,0.5,0,67,0,-7.098540663719177e-06,7433,0.9052116356304492,0.9052116356304492,1.0,0.5614035087719298,0.6666666666666666,0.8421052631578947
trec-covid-chrono-r1,28,blocker,128,64,64,128,0.5,0,19,0,-0.0013177301734685898,100,0.9052116356304492,0.9052116356304492,1.0,0.2982456140350877,0.6666666666666666,0.4473684210526316
trec-covid-chrono-r1,28,blocker,256,128,128,256,0.5,0,23,0,-1.1593103408813477e-05,212,0.9052116356304492,0.9052116356304492,1.0,0.3157894736842105,0.6666666666666666,0.47368421052631576
trec-covid-chrono-r1,28,blocker,512,192,320,512,0.375,128,29,0,-0.00013969652354717255,450,0.9052116356304492,0.9052116356304492,1.0,0.3684210526315789,0.6666666666666666,0.5526315789473685
trec-covid-chrono-r1,28,blocker,1024,256,768,1024,0.25,512,34,0,-4.812516272068024e-05,919,0.9052116356304492,0.9052116356304492,1.0,0.40350877192982454,0.6666666666666666,0.6052631578947368
trec-covid-chrono-r1,28,blocker,2048,320,1728,2048,0.15625,1408,36,0,-0.0002963729202747345,1884,0.9052116356304492,0.9052116356304492,1.0,0.42105263157894735,0.6666666666666666,0.631578947368421
trec-covid-chrono-r1,28,blocker,4096,1408,2688,4096,0.34375,1280,45,0,-0.00015401281416416168,3085,0.9052116356304492,0.9052116356304492,1.0,0.49122807017543857,0.6666666666666666,0.7368421052631579
trec-covid-chrono-r1,28,blocker,8192,3328,4864,8192,0.40625,1536,67,0,-1.2557022273540497e-05,6152,0.9052116356304492,0.9052116356304492,1.0,0.5614035087719298,0.6666666666666666,0.8421052631578947
trec-covid-chrono-r1,28,blocker,10000,5000,5000,10000,0.5,0,67,0,-7.098540663719177e-06,7433,0.9052116356304492,0.9052116356304492,1.0,0.5614035087719298,0.6666666666666666,0.8421052631578947
trec-covid-chrono-r1,29,balanced,128,64,64,128,0.5,0,14,0,-7.351860404014587e-06,102,0.9575861412006988,0.9575861412006988,1.0,0.06074766355140187,0.2523364485981308,0.24074074074074076
trec-covid-chrono-r1,29,balanced,256,128,128,256,0.5,0,25,0,-0.00138021819293499,213,0.9575861412006988,0.9575861412006988,1.0,0.08411214953271028,0.2523364485981308,0.33333333333333337
trec-covid-chrono-r1,29,balanced,512,256,256,512,0.5,0,30,0,-0.0002567749470472336,420,0.9575861412006988,0.9575861412006988,1.0,0.102803738317757,0.2523364485981308,0.40740740740740744
trec-covid-chrono-r1,29,balanced,1024,512,512,1024,0.5,0,40,0,-0.00025326386094093323,824,0.9575861412006988,0.9575861412006988,1.0,0.1308411214953271,0.2523364485981308,0.5185185185185185
trec-covid-chrono-r1,29,balanced,2048,1024,1024,2048,0.5,0,49,0,-0.0005532680079340935,1567,0.9575861412006988,0.9575861412006988,1.0,0.14953271028037382,0.2523364485981308,0.5925925925925926
trec-covid-chrono-r1,29,balanced,4096,2048,2048,4096,0.5,0,68,0,-0.00036608800292015076,3046,0.9575861412006988,0.9575861412006988,1.0,0.19626168224299065,0.2523364485981308,0.7777777777777778
trec-covid-chrono-r1,29,balanced,8192,4096,4096,8192,0.5,0,69,0,-0.00013232044875621796,6035,0.9575861412006988,0.9575861412006988,1.0,0.19626168224299065,0.2523364485981308,0.7777777777777778
trec-covid-chrono-r1,29,balanced,10000,5000,5000,10000,0.5,0,69,0,-8.933339267969131e-05,7379,0.9575861412006988,0.9575861412006988,1.0,0.19626168224299065,0.2523364485981308,0.7777777777777778
trec-covid-chrono-r1,29,blocker,128,64,64,128,0.5,0,14,0,-7.351860404014587e-06,102,0.9575861412006988,0.9575861412006988,1.0,0.06074766355140187,0.2523364485981308,0.24074074074074076
trec-covid-chrono-r1,29,blocker,256,128,128,256,0.5,0,25,0,-0.00138021819293499,213,0.9575861412006988,0.9575861412006988,1.0,0.08411214953271028,0.2523364485981308,0.33333333333333337
trec-covid-chrono-r1,29,blocker,512,256,256,512,0.5,0,30,0,-0.0002567749470472336,420,0.9575861412006988,0.9575861412006988,1.0,0.102803738317757,0.2523364485981308,0.40740740740740744
trec-covid-chrono-r1,29,blocker,1024,704,320,1024,0.6875,384,41,0,-0.0001256987452507019,853,0.9575861412006988,0.9575861412006988,1.0,0.13551401869158877,0.2523364485981308,0.5370370370370371
trec-covid-chrono-r1,29,blocker,2048,1088,960,2048,0.53125,128,52,0,-0.0001664385199546814,1576,0.9575861412006988,0.9575861412006988,1.0,0.1542056074766355,0.2523364485981308,0.6111111111111112
trec-covid-chrono-r1,29,blocker,4096,2048,2048,4096,0.5,0,68,0,-0.00036608800292015076,3046,0.9575861412006988,0.9575861412006988,1.0,0.19626168224299065,0.2523364485981308,0.7777777777777778
trec-covid-chrono-r1,29,blocker,8192,3192,5000,8192,0.3896484375,1808,69,0,-8.933339267969131e-05,6133,0.9575861412006988,0.9575861412006988,1.0,0.19626168224299065,0.2523364485981308,0.7777777777777778
trec-covid-chrono-r1,29,blocker,10000,5000,5000,10000,0.5,0,69,0,-8.933339267969131e-05,7379,0.9575861412006988,0.9575861412006988,1.0,0.19626168224299065,0.2523364485981308,0.7777777777777778
trec-covid-chrono-r1,30,balanced,128,64,64,128,0.5,0,12,0,-0.0005552470684051514,112,0.7490496219327154,0.7490496219327154,1.0,0.11494252873563218,0.3333333333333333,0.3448275862068966
trec-covid-chrono-r1,30,balanced,256,128,128,256,0.5,0,16,0,-0.00022682920098304749,219,0.7490496219327154,0.7490496219327154,1.0,0.14942528735632185,0.3333333333333333,0.4482758620689656
trec-covid-chrono-r1,30,balanced,512,256,256,512,0.5,0,18,0,-0.00021753646433353424,429,0.7490496219327154,0.7490496219327154,1.0,0.16091954022988506,0.3333333333333333,0.4827586206896552
trec-covid-chrono-r1,30,balanced,1024,512,512,1024,0.5,0,24,0,-0.0002624373883008957,870,0.7490496219327154,0.7490496219327154,1.0,0.1839080459770115,0.3333333333333333,0.5517241379310345
trec-covid-chrono-r1,30,balanced,2048,1024,1024,2048,0.5,0,29,0,-4.5608729124069214e-05,1699,0.7490496219327154,0.7490496219327154,1.0,0.1839080459770115,0.3333333333333333,0.5517241379310345
trec-covid-chrono-r1,30,balanced,4096,2048,2048,4096,0.5,0,42,0,-0.00022054463624954224,3052,0.7490496219327154,0.7490496219327154,1.0,0.25287356321839083,0.3333333333333333,0.7586206896551725
trec-covid-chrono-r1,30,balanced,8192,4096,4096,8192,0.5,0,99,0,-4.53190878033638e-05,5712,0.7490496219327154,0.7490496219327154,1.0,0.3333333333333333,0.3333333333333333,1.0
trec-covid-chrono-r1,30,balanced,10000,5000,5000,10000,0.5,0,99,0,-2.332031726837158e-06,7149,0.7490496219327154,0.7490496219327154,1.0,0.3333333333333333,0.3333333333333333,1.0
trec-covid-chrono-r1,30,blocker,128,64,64,128,0.5,0,12,0,-0.0005552470684051514,112,0.7490496219327154,0.7490496219327154,1.0,0.11494252873563218,0.3333333333333333,0.3448275862068966
trec-covid-chrono-r1,30,blocker,256,128,128,256,0.5,0,16,0,-0.00022682920098304749,219,0.7490496219327154,0.7490496219327154,1.0,0.14942528735632185,0.3333333333333333,0.4482758620689656
trec-covid-chrono-r1,30,blocker,512,192,320,512,0.375,128,19,0,-9.093806147575378e-05,440,0.7490496219327154,0.7490496219327154,1.0,0.16091954022988506,0.3333333333333333,0.4827586206896552
trec-covid-chrono-r1,30,blocker,1024,320,704,1024,0.3125,384,25,0,-0.0002546235918998718,901,0.7490496219327154,0.7490496219327154,1.0,0.1839080459770115,0.3333333333333333,0.5517241379310345
trec-covid-chrono-r1,30,blocker,2048,832,1216,2048,0.40625,384,36,0,-6.0055404901504517e-05,1716,0.7490496219327154,0.7490496219327154,1.0,0.2413793103448276,0.3333333333333333,0.7241379310344829
trec-covid-chrono-r1,30,blocker,4096,2240,1856,4096,0.546875,384,47,0,-0.00013112369924783707,3118,0.7490496219327154,0.7490496219327154,1.0,0.26436781609195403,0.3333333333333333,0.7931034482758621
trec-covid-chrono-r1,30,blocker,8192,3968,4224,8192,0.484375,256,99,0,-3.813020884990692e-05,5731,0.7490496219327154,0.7490496219327154,1.0,0.3333333333333333,0.3333333333333333,1.0
trec-covid-chrono-r1,30,blocker,10000,5000,5000,10000,0.5,0,99,0,-2.332031726837158e-06,7149,0.7490496219327154,0.7490496219327154,1.0,0.3333333333333333,0.3333333333333333,1.0
trec-covid-chrono-r2,1,balanced,128,64,64,128,0.5,0,2,0,-0.008064515888690948,126,0.21222636597291458,0.26696622807502396,0.7949558545407992,0.005390835579514825,0.0431266846361186,0.125
trec-covid-chrono-r2,1,balanced,256,128,128,256,0.5,0,3,0,-0.003725627437233925,250,0.21222636597291458,0.26696622807502396,0.7949558545407992,0.005390835579514825,0.0431266846361186,0.125
trec-covid-chrono-r2,1,balanced,512,256,256,512,0.5,0,3,0,-0.0015710368752479553,482,0.21222636597291458,0.26696622807502396,0.7949558545407992,0.005390835579514825,0.0431266846361186,0.125
trec-covid-chrono-r2,1,balanced,1024,512,512,1024,0.5,0,5,0,-0.0001547299325466156,953,0.2438224874294315,0.26696622807502396,0.9133083580928127,0.008086253369272238,0.0431266846361186,0.1875
trec-covid-chrono-r2,1,balanced,2048,1024,1024,2048,0.5,0,6,0,-0.0003326497972011566,1847,0.2438224874294315,0.26696622807502396,0.9133083580928127,0.008086253369272238,0.0431266846361186,0.1875
trec-covid-chrono-r2,1,balanced,4096,2048,2048,4096,0.5,0,7,0,-0.0002678185701370239,3431,0.2438224874294315,0.26696622807502396,0.9133083580928127,0.008086253369272238,0.0431266846361186,0.1875
trec-covid-chrono-r2,1,balanced,8192,4096,4096,8192,0.5,0,13,0,-1.3163313269615173e-05,5859,0.26696622807502396,0.26696622807502396,1.0,0.013477088948787063,0.0431266846361186,0.3125
trec-covid-chrono-r2,1,balanced,10000,5000,5000,10000,0.5,0,17,0,-5.2276067435741425e-05,6407,0.26696622807502396,0.26696622807502396,1.0,0.013477088948787063,0.0431266846361186,0.3125
trec-covid-chrono-r2,1,blocker,128,64,64,128,0.5,0,2,0,-0.008064515888690948,126,0.21222636597291458,0.26696622807502396,0.7949558545407992,0.005390835579514825,0.0431266846361186,0.125
trec-covid-chrono-r2,1,blocker,256,128,128,256,0.5,0,3,0,-0.003725627437233925,250,0.21222636597291458,0.26696622807502396,0.7949558545407992,0.005390835579514825,0.0431266846361186,0.125
trec-covid-chrono-r2,1,blocker,512,256,256,512,0.5,0,3,0,-0.0015710368752479553,482,0.21222636597291458,0.26696622807502396,0.7949558545407992,0.005390835579514825,0.0431266846361186,0.125
trec-covid-chrono-r2,1,blocker,1024,576,448,1024,0.5625,128,5,0,-0.00010175630450248718,954,0.2438224874294315,0.26696622807502396,0.9133083580928127,0.008086253369272238,0.0431266846361186,0.1875
trec-covid-chrono-r2,1,blocker,2048,1152,896,2048,0.5625,256,6,0,-0.0002352241426706314,1844,0.2438224874294315,0.26696622807502396,0.9133083580928127,0.008086253369272238,0.0431266846361186,0.1875
trec-covid-chrono-r2,1,blocker,4096,2240,1856,4096,0.546875,384,8,0,-4.2129307985305786e-05,3430,0.26696622807502396,0.26696622807502396,1.0,0.01078167115902965,0.0431266846361186,0.25
trec-covid-chrono-r2,1,blocker,8192,3840,4352,8192,0.46875,512,16,0,-0.00011105835437774658,5794,0.26696622807502396,0.26696622807502396,1.0,0.013477088948787063,0.0431266846361186,0.3125
trec-covid-chrono-r2,1,blocker,10000,5000,5000,10000,0.5,0,17,0,-5.2276067435741425e-05,6407,0.26696622807502396,0.26696622807502396,1.0,0.013477088948787063,0.0431266846361186,0.3125
trec-covid-chrono-r2,2,balanced,128,64,64,128,0.5,0,3,0,-0.0050019770860672,124,0.46900009332067477,0.711400435735138,0.6592631516116874,0.022900763358778626,0.2366412213740458,0.0967741935483871
trec-covid-chrono-r2,2,balanced,256,128,128,256,0.5,0,3,0,-0.0017127152532339096,243,0.46900009332067477,0.711400435735138,0.6592631516116874,0.022900763358778626,0.2366412213740458,0.0967741935483871
trec-covid-chrono-r2,2,balanced,512,256,256,512,0.5,0,4,0,-0.00010201893746852875,484,0.46900009332067477,0.711400435735138,0.6592631516116874,0.022900763358778626,0.2366412213740458,0.0967741935483871
trec-covid-chrono-r2,2,balanced,1024,512,512,1024,0.5,0,6,0,-7.487088441848755e-05,969,0.5473983622993501,0.711400435735138,0.7694658799775496,0.030534351145038167,0.2366412213740458,0.12903225806451613
trec-covid-chrono-r2,2,balanced,2048,1024,1024,2048,0.5,0,10,0,-6.975606083869934e-05,1927,0.711400435735138,0.711400435735138,1.0,0.05343511450381679,0.2366412213740458,0.22580645161290322
trec-covid-chrono-r2,2,balanced,4096,2048,2048,4096,0.5,0,11,0,-0.00020997412502765656,3754,0.711400435735138,0.711400435735138,1.0,0.05343511450381679,0.2366412213740458,0.22580645161290322
trec-covid-chrono-r2,2,balanced,8192,4096,4096,8192,0.5,0,11,0,-0.00021767057478427887,7318,0.711400435735138,0.711400435735138,1.0,0.05343511450381679,0.2366412213740458,0.22580645161290322
trec-covid-chrono-r2,2,balanced,10000,5000,5000,10000,0.5,0,11,0,-0.0001746825873851776,8946,0.711400435735138,0.711400435735138,1.0,0.05343511450381679,0.2366412213740458,0.22580645161290322
trec-covid-chrono-r2,2,blocker,128,64,64,128,0.5,0,3,0,-0.0050019770860672,124,0.46900009332067477,0.711400435735138,0.6592631516116874,0.022900763358778626,0.2366412213740458,0.0967741935483871
trec-covid-chrono-r2,2,blocker,256,128,128,256,0.5,0,3,0,-0.0017127152532339096,243,0.46900009332067477,0.711400435735138,0.6592631516116874,0.022900763358778626,0.2366412213740458,0.0967741935483871
trec-covid-chrono-r2,2,blocker,512,256,256,512,0.5,0,4,0,-0.00010201893746852875,484,0.46900009332067477,0.711400435735138,0.6592631516116874,0.022900763358778626,0.2366412213740458,0.0967741935483871
trec-covid-chrono-r2,2,blocker,1024,640,384,1024,0.625,256,7,0,-3.721565008163452e-05,963,0.6207622843987102,0.711400435735138,0.8725919372782428,0.03816793893129771,0.2366412213740458,0.16129032258064516
trec-covid-chrono-r2,2,blocker,2048,1152,896,2048,0.5625,256,11,0,-0.0005606729537248611,1930,0.711400435735138,0.711400435735138,1.0,0.05343511450381679,0.2366412213740458,0.22580645161290322
trec-covid-chrono-r2,2,blocker,4096,2560,1536,4096,0.625,1024,11,0,-0.00011727027595043182,3801,0.711400435735138,0.711400435735138,1.0,0.05343511450381679,0.2366412213740458,0.22580645161290322
trec-covid-chrono-r2,2,blocker,8192,5000,3192,8192,0.6103515625,1808,11,0,-0.0001746825873851776,7282,0.711400435735138,0.711400435735138,1.0,0.05343511450381679,0.2366412213740458,0.22580645161290322
trec-covid-chrono-r2,2,blocker,10000,5000,5000,10000,0.5,0,11,0,-0.0001746825873851776,8946,0.711400435735138,0.711400435735138,1.0,0.05343511450381679,0.2366412213740458,0.22580645161290322
trec-covid-chrono-r2,3,balanced,128,64,64,128,0.5,0,4,0,-0.00026881881058216095,120,0.3617337709036372,0.6987693759863631,0.5176726160802683,0.009708737864077669,0.15857605177993528,0.06122448979591836
trec-covid-chrono-r2,3,balanced,256,128,128,256,0.5,0,9,0,-0.0011243540793657303,234,0.6775624465867125,0.6987693759863631,0.9696510320451357,0.025889967637540454,0.15857605177993528,0.163265306122449
trec-covid-chrono-r2,3,balanced,512,256,256,512,0.5,0,12,0,-0.0005829613655805588,471,0.6987693759863631,0.6987693759863631,1.0,0.032362459546925564,0.15857605177993528,0.2040816326530612
trec-covid-chrono-r2,3,balanced,1024,512,512,1024,0.5,0,13,0,-2.9593706130981445e-05,919,0.6987693759863631,0.6987693759863631,1.0,0.03559870550161812,0.15857605177993528,0.22448979591836735
trec-covid-chrono-r2,3,balanced,2048,1024,1024,2048,0.5,0,19,0,-0.00010727718472480774,1790,0.6987693759863631,0.6987693759863631,1.0,0.04854368932038835,0.15857605177993528,0.30612244897959184
trec-covid-chrono-r2,3,balanced,4096,2048,2048,4096,0.5,0,24,0,-0.00011248700320720673,3529,0.6987693759863631,0.6987693759863631,1.0,0.05501618122977346,0.15857605177993528,0.3469387755102041
trec-covid-chrono-r2,3,balanced,8192,4096,4096,8192,0.5,0,29,0,-7.462501525878906e-05,6807,0.6987693759863631,0.6987693759863631,1.0,0.06472491909385113,0.15857605177993528,0.4081632653061224
trec-covid-chrono-r2,3,balanced,10000,5000,5000,10000,0.5,0,29,0,-3.1637027859687805e-05,8230,0.6987693759863631,0.6987693759863631,1.0,0.06472491909385113,0.15857605177993528,0.4081632653061224
trec-covid-chrono-r2,3,blocker,128,64,64,128,0.5,0,4,0,-0.00026881881058216095,120,0.3617337709036372,0.6987693759863631,0.5176726160802683,0.009708737864077669,0.15857605177993528,0.06122448979591836
trec-covid-chrono-r2,3,blocker,256,128,128,256,0.5,0,9,0,-0.0011243540793657303,234,0.6775624465867125,0.6987693759863631,0.9696510320451357,0.025889967637540454,0.15857605177993528,0.163265306122449
trec-covid-chrono-r2,3,blocker,512,256,256,512,0.5,0,12,0,-0.0005829613655805588,471,0.6987693759863631,0.6987693759863631,1.0,0.032362459546925564,0.15857605177993528,0.2040816326530612
trec-covid-chrono-r2,3,blocker,1024,704,320,1024,0.6875,384,17,0,-0.0003227759152650833,931,0.6987693759863631,0.6987693759863631,1.0,0.045307443365695796,0.15857605177993528,0.28571428571428575
trec-covid-chrono-r2,3,blocker,2048,1536,512,2048,0.75,1024,20,0,-0.00022414140403270721,1853,0.6987693759863631,0.6987693759863631,1.0,0.05177993527508091,0.15857605177993528,0.326530612244898
trec-covid-chrono-r2,3,blocker,4096,2880,1216,4096,0.703125,1664,29,0,-0.00017414428293704987,3592,0.6987693759863631,0.6987693759863631,1.0,0.06472491909385113,0.15857605177993528,0.4081632653061224
trec-covid-chrono-r2,3,blocker,8192,5000,3192,8192,0.6103515625,1808,29,0,-3.1637027859687805e-05,6917,0.6987693759863631,0.6987693759863631,1.0,0.06472491909385113,0.15857605177993528,0.4081632653061224
trec-covid-chrono-r2,3,blocker,10000,5000,5000,10000,0.5,0,29,0,-3.1637027859687805e-05,8230,0.6987693759863631,0.6987693759863631,1.0,0.06472491909385113,0.15857605177993528,0.4081632653061224
trec-covid-chrono-r2,4,balanced,128,64,64,128,0.5,0,4,0,-0.0040344614535570145,120,0.09478836436955079,0.40369235630107647,0.23480346578288194,0.005714285714285714,0.15428571428571428,0.03703703703703704
trec-covid-chrono-r2,4,balanced,256,128,128,256,0.5,0,4,0,-0.0002376791089773178,222,0.09478836436955079,0.40369235630107647,0.23480346578288194,0.005714285714285714,0.15428571428571428,0.03703703703703704
trec-covid-chrono-r2,4,balanced,512,256,256,512,0.5,0,10,0,-0.00033697113394737244,451,0.40369235630107647,0.40369235630107647,1.0,0.03428571428571429,0.15428571428571428,0.22222222222222224
trec-covid-chrono-r2,4,balanced,1024,512,512,1024,0.5,0,15,0,-0.0003222264349460602,904,0.40369235630107647,0.40369235630107647,1.0,0.045714285714285714,0.15428571428571428,0.29629629629629634
trec-covid-chrono-r2,4,balanced,2048,1024,1024,2048,0.5,0,21,0,-0.00021414272487163544,1739,0.40369235630107647,0.40369235630107647,1.0,0.05714285714285714,0.15428571428571428,0.3703703703703704
trec-covid-chrono-r2,4,balanced,4096,2048,2048,4096,0.5,0,23,0,-5.219876766204834e-05,3311,0.40369235630107647,0.40369235630107647,1.0,0.05714285714285714,0.15428571428571428,0.3703703703703704
trec-covid-chrono-r2,4,balanced,8192,4096,4096,8192,0.5,0,24,0,-0.00013987161219120026,5937,0.40369235630107647,0.40369235630107647,1.0,0.05714285714285714,0.15428571428571428,0.3703703703703704
trec-covid-chrono-r2,4,balanced,10000,5000,5000,10000,0.5,0,24,0,-9.6883624792099e-05,7051,0.40369235630107647,0.40369235630107647,1.0,0.05714285714285714,0.15428571428571428,0.3703703703703704
trec-covid-chrono-r2,4,blocker,128,64,64,128,0.5,0,4,0,-0.0040344614535570145,120,0.09478836436955079,0.40369235630107647,0.23480346578288194,0.005714285714285714,0.15428571428571428,0.03703703703703704
trec-covid-chrono-r2,4,blocker,256,128,128,256,0.5,0,4,0,-0.0002376791089773178,222,0.09478836436955079,0.40369235630107647,0.23480346578288194,0.005714285714285714,0.15428571428571428,0.03703703703703704
trec-covid-chrono-r2,4,blocker,512,256,256,512,0.5,0,10,0,-0.00033697113394737244,451,0.40369235630107647,0.40369235630107647,1.0,0.03428571428571429,0.15428571428571428,0.22222222222222224
trec-covid-chrono-r2,4,blocker,1024,448,576,1024,0.4375,128,15,0,-0.00026925280690193176,909,0.40369235630107647,0.40369235630107647,1.0,0.045714285714285714,0.15428571428571428,0.29629629629629634
trec-covid-chrono-r2,4,blocker,2048,896,1152,2048,0.4375,256,21,0,-0.00011671707034111023,1742,0.40369235630107647,0.40369235630107647,1.0,0.05714285714285714,0.15428571428571428,0.3703703703703704
trec-covid-chrono-r2,4,blocker,4096,1408,2688,4096,0.34375,1280,24,0,-0.00026315636932849884,3457,0.40369235630107647,0.40369235630107647,1.0,0.05714285714285714,0.15428571428571428,0.3703703703703704
trec-covid-chrono-r2,4,blocker,8192,3192,5000,8192,0.3896484375,1808,24,0,-9.6883624792099e-05,6260,0.40369235630107647,0.40369235630107647,1.0,0.05714285714285714,0.15428571428571428,0.3703703703703704
trec-covid-chrono-r2,4,blocker,10000,5000,5000,10000,0.5,0,24,0,-9.6883624792099e-05,7051,0.40369235630107647,0.40369235630107647,1.0,0.05714285714285714,0.15428571428571428,0.3703703703703704
trec-covid-chrono-r2,5,balanced,128,64,64,128,0.5,0,7,0,-4.2751431465148926e-05,111,0.510069131458292,0.5975302843123316,0.8536289203237718,0.01592356687898089,0.2197452229299363,0.07246376811594203
trec-covid-chrono-r2,5,balanced,256,128,128,256,0.5,0,18,0,-0.00015739351511001587,206,0.5975302843123316,0.5975302843123316,1.0,0.044585987261146494,0.2197452229299363,0.20289855072463767
trec-covid-chrono-r2,5,balanced,512,256,256,512,0.5,0,28,0,-0.0005117747932672501,412,0.5975302843123316,0.5975302843123316,1.0,0.07006369426751592,0.2197452229299363,0.3188405797101449
trec-covid-chrono-r2,5,balanced,1024,512,512,1024,0.5,0,36,0,-5.045346915721893e-05,818,0.5975302843123316,0.5975302843123316,1.0,0.09235668789808917,0.2197452229299363,0.42028985507246375
trec-covid-chrono-r2,5,balanced,2048,1024,1024,2048,0.5,0,42,0,-3.0331313610076904e-05,1627,0.5975302843123316,0.5975302843123316,1.0,0.11146496815286625,0.2197452229299363,0.5072463768115942
trec-covid-chrono-r2,5,balanced,4096,2048,2048,4096,0.5,0,46,0,-0.0002932865172624588,3148,0.5975302843123316,0.5975302843123316,1.0,0.12420382165605096,0.2197452229299363,0.5652173913043478
trec-covid-chrono-r2,5,balanced,8192,4096,4096,8192,0.5,0,46,0,-5.9518963098526e-05,5968,0.5975302843123316,0.5975302843123316,1.0,0.12420382165605096,0.2197452229299363,0.5652173913043478
trec-covid-chrono-r2,5,balanced,10000,5000,5000,10000,0.5,0,83,0,-6.577372550964355e-05,7259,0.5975302843123316,0.5975302843123316,1.0,0.18789808917197454,0.2197452229299363,0.855072463768116
trec-covid-chrono-r2,5,blocker,128,64,64,128,0.5,0,7,0,-4.2751431465148926e-05,111,0.510069131458292,0.5975302843123316,0.8536289203237718,0.01592356687898089,0.2197452229299363,0.07246376811594203
trec-covid-chrono-r2,5,blocker,256,128,128,256,0.5,0,18,0,-0.00015739351511001587,206,0.5975302843123316,0.5975302843123316,1.0,0.044585987261146494,0.2197452229299363,0.20289855072463767
trec-covid-chrono-r2,5,blocker,512,320,192,512,0.625,128,28,0,-7.354468107223511e-05,419,0.5975302843123316,0.5975302843123316,1.0,0.07006369426751592,0.2197452229299363,0.3188405797101449
trec-covid-chrono-r2,5,blocker,1024,384,640,1024,0.375,256,37,0,-0.00015364773571491241,831,0.5975302843123316,0.5975302843123316,1.0,0.09554140127388536,0.2197452229299363,0.4347826086956522
trec-covid-chrono-r2,5,blocker,2048,640,1408,2048,0.3125,768,43,0,-2.8116628527641296e-05,1683,0.5975302843123316,0.5975302843123316,1.0,0.11464968152866242,0.2197452229299363,0.5217391304347826
trec-covid-chrono-r2,5,blocker,4096,1280,2816,4096,0.3125,1536,46,0,-0.00016660895198583603,3306,0.5975302843123316,0.5975302843123316,1.0,0.12420382165605096,0.2197452229299363,0.5652173913043478
trec-covid-chrono-r2,5,blocker,8192,3200,4992,8192,0.390625,1792,81,0,-2.1682120859622955e-05,6130,0.5975302843123316,0.5975302843123316,1.0,0.18471337579617833,0.2197452229299363,0.8405797101449275
trec-covid-chrono-r2,5,blocker,10000,5000,5000,10000,0.5,0,83,0,-6.577372550964355e-05,7259,0.5975302843123316,0.5975302843123316,1.0,0.18789808917197454,0.2197452229299363,0.855072463768116
trec-covid-chrono-r2,6,balanced,128,64,64,128,0.5,0,3,0,-0.0024401601403951645,123,0.46900009332067477,0.9510907186004267,0.49311814756307343,0.005494505494505495,0.11721611721611722,0.04687500000000001
trec-covid-chrono-r2,6,balanced,256,128,128,256,0.5,0,4,0,-0.0010334346443414688,236,0.5637884576902256,0.9510907186004267,0.5927809478783117,0.007326007326007326,0.11721611721611722,0.0625
trec-covid-chrono-r2,6,balanced,512,256,256,512,0.5,0,11,0,-0.000642627477645874,463,0.9510907186004267,0.9510907186004267,1.0,0.020146520146520148,0.11721611721611722,0.171875
trec-covid-chrono-r2,6,balanced,1024,512,512,1024,0.5,0,16,0,-0.0004271510988473892,902,0.9510907186004267,0.9510907186004267,1.0,0.029304029304029304,0.11721611721611722,0.25
trec-covid-chrono-r2,6,balanced,2048,1024,1024,2048,0.5,0,19,0,-5.0652772188186646e-05,1768,0.9510907186004267,0.9510907186004267,1.0,0.0347985347985348,0.11721611721611722,0.296875
trec-covid-chrono-r2,6,balanced,4096,2048,2048,4096,0.5,0,21,0,-0.0001364387571811676,3405,0.9510907186004267,0.9510907186004267,1.0,0.038461538461538464,0.11721611721611722,0.328125
trec-covid-chrono-r2,6,balanced,8192,4096,4096,8192,0.5,0,34,0,-5.184486508369446e-05,6401,0.9510907186004267,0.9510907186004267,1.0,0.056776556776556776,0.11721611721611722,0.484375
trec-covid-chrono-r2,6,balanced,10000,5000,5000,10000,0.5,0,34,0,-8.857809007167816e-06,7631,0.9510907186004267,0.9510907186004267,1.0,0.056776556776556776,0.11721611721611722,0.484375
trec-covid-chrono-r2,6,blocker,128,64,64,128,0.5,0,3,0,-0.0024401601403951645,123,0.46900009332067477,0.9510907186004267,0.49311814756307343,0.005494505494505495,0.11721611721611722,0.04687500000000001
trec-covid-chrono-r2,6,blocker,256,128,128,256,0.5,0,4,0,-0.0010334346443414688,236,0.5637884576902256,0.9510907186004267,0.5927809478783117,0.007326007326007326,0.11721611721611722,0.0625
trec-covid-chrono-r2,6,blocker,512,256,256,512,0.5,0,11,0,-0.000642627477645874,463,0.9510907186004267,0.9510907186004267,1.0,0.020146520146520148,0.11721611721611722,0.171875
trec-covid-chrono-r2,6,blocker,1024,512,512,1024,0.5,0,16,0,-0.0004271510988473892,902,0.9510907186004267,0.9510907186004267,1.0,0.029304029304029304,0.11721611721611722,0.25
trec-covid-chrono-r2,6,blocker,2048,1024,1024,2048,0.5,0,19,0,-5.0652772188186646e-05,1768,0.9510907186004267,0.9510907186004267,1.0,0.0347985347985348,0.11721611721611722,0.296875
trec-covid-chrono-r2,6,blocker,4096,2048,2048,4096,0.5,0,21,0,-0.0001364387571811676,3405,0.9510907186004267,0.9510907186004267,1.0,0.038461538461538464,0.11721611721611722,0.328125
trec-covid-chrono-r2,6,blocker,8192,3192,5000,8192,0.3896484375,1808,34,0,-8.857809007167816e-06,6566,0.9510907186004267,0.9510907186004267,1.0,0.056776556776556776,0.11721611721611722,0.484375
trec-covid-chrono-r2,6,blocker,10000,5000,5000,10000,0.5,0,34,0,-8.857809007167816e-06,7631,0.9510907186004267,0.9510907186004267,1.0,0.056776556776556776,0.11721611721611722,0.484375
trec-covid-chrono-r2,7,balanced,128,64,64,128,0.5,0,8,0,-0.0005637742578983307,107,0.650033222048579,0.7162874455029681,0.9075033021025991,0.05511811023622047,0.3779527559055118,0.14583333333333334
trec-covid-chrono-r2,7,balanced,256,128,128,256,0.5,0,17,0,-0.0002180207520723343,217,0.7162874455029681,0.7162874455029681,1.0,0.10236220472440945,0.3779527559055118,0.2708333333333333
trec-covid-chrono-r2,7,balanced,512,256,256,512,0.5,0,21,0,-0.00016093626618385315,420,0.7162874455029681,0.7162874455029681,1.0,0.12598425196850394,0.3779527559055118,0.3333333333333333
trec-covid-chrono-r2,7,balanced,1024,512,512,1024,0.5,0,33,0,-6.238184869289398e-05,827,0.7162874455029681,0.7162874455029681,1.0,0.1889763779527559,0.3779527559055118,0.5
trec-covid-chrono-r2,7,balanced,2048,1024,1024,2048,0.5,0,43,0,-0.00020201876759529114,1648,0.7162874455029681,0.7162874455029681,1.0,0.2283464566929134,0.3779527559055118,0.6041666666666667
trec-covid-chrono-r2,7,balanced,4096,2048,2048,4096,0.5,0,47,0,-3.506150096654892e-05,3272,0.7162874455029681,0.7162874455029681,1.0,0.2440944881889764,0.3779527559055118,0.6458333333333334
trec-covid-chrono-r2,7,balanced,8192,4096,4096,8192,0.5,0,100,1,-inf,6443,0.7162874455029681,0.7162874455029681,1.0,0.3779527559055118,0.3779527559055118,1.0
trec-covid-chrono-r2,7,balanced,10000,5000,5000,10000,0.5,0,100,1,-inf,7805,0.7162874455029681,0.7162874455029681,1.0,0.3779527559055118,0.3779527559055118,1.0
trec-covid-chrono-r2,7,blocker,128,64,64,128,0.5,0,8,0,-0.0005637742578983307,107,0.650033222048579,0.7162874455029681,0.9075033021025991,0.05511811023622047,0.3779527559055118,0.14583333333333334
trec-covid-chrono-r2,7,blocker,256,128,128,256,0.5,0,17,0,-0.0002180207520723343,217,0.7162874455029681,0.7162874455029681,1.0,0.10236220472440945,0.3779527559055118,0.2708333333333333
trec-covid-chrono-r2,7,blocker,512,256,256,512,0.5,0,21,0,-0.00016093626618385315,420,0.7162874455029681,0.7162874455029681,1.0,0.12598425196850394,0.3779527559055118,0.3333333333333333
trec-covid-chrono-r2,7,blocker,1024,448,576,1024,0.4375,128,38,0,-0.0005237255245447159,817,0.7162874455029681,0.7162874455029681,1.0,0.2204724409448819,0.3779527559055118,0.5833333333333334
trec-covid-chrono-r2,7,blocker,2048,1344,704,2048,0.65625,640,44,0,-4.1989609599113464e-05,1707,0.7162874455029681,0.7162874455029681,1.0,0.23622047244094488,0.3779527559055118,0.625
trec-covid-chrono-r2,7,blocker,4096,2432,1664,4096,0.59375,768,66,0,-3.179442137479782e-05,3299,0.7162874455029681,0.7162874455029681,1.0,0.28346456692913385,0.3779527559055118,0.75
trec-covid-chrono-r2,7,blocker,8192,4096,4096,8192,0.5,0,100,1,-inf,6443,0.7162874455029681,0.7162874455029681,1.0,0.3779527559055118,0.3779527559055118,1.0
trec-covid-chrono-r2,7,blocker,10000,5000,5000,10000,0.5,0,100,1,-inf,7805,0.7162874455029681,0.7162874455029681,1.0,0.3779527559055118,0.3779527559055118,1.0
trec-covid-chrono-r2,8,balanced,128,64,64,128,0.5,0,1,0,-0.000943206250667572,122,0.22009176629808017,0.810014872939691,0.27171324089312976,0.003367003367003367,0.16161616161616163,0.020833333333333332
trec-covid-chrono-r2,8,balanced,256,128,128,256,0.5,0,3,0,-0.0010121148079633713,240,0.46900009332067477,0.810014872939691,0.5790018294584991,0.010101010101010102,0.16161616161616163,0.0625
trec-covid-chrono-r2,8,balanced,512,256,256,512,0.5,0,7,0,-0.0006454922258853912,478,0.6569961206407577,0.810014872939691,0.8110914287985844,0.020202020202020204,0.16161616161616163,0.125
trec-covid-chrono-r2,8,balanced,1024,512,512,1024,0.5,0,9,0,-1.831352710723877e-05,934,0.7463940847407393,0.810014872939691,0.9214572592129571,0.026936026936026935,0.16161616161616163,0.16666666666666666
trec-covid-chrono-r2,8,balanced,2048,1024,1024,2048,0.5,0,17,0,-4.579126834869385e-05,1767,0.810014872939691,0.810014872939691,1.0,0.050505050505050504,0.16161616161616163,0.31249999999999994
trec-covid-chrono-r2,8,balanced,4096,2048,2048,4096,0.5,0,20,0,-2.6455149054527283e-05,3374,0.810014872939691,0.810014872939691,1.0,0.05723905723905724,0.16161616161616163,0.35416666666666663
trec-covid-chrono-r2,8,balanced,8192,4096,4096,8192,0.5,0,31,0,-6.290897727012634e-05,6216,0.810014872939691,0.810014872939691,1.0,0.08080808080808081,0.16161616161616163,0.5
trec-covid-chrono-r2,8,balanced,10000,5000,5000,10000,0.5,0,31,0,-1.9920989871025085e-05,7387,0.810014872939691,0.810014872939691,1.0,0.08080808080808081,0.16161616161616163,0.5
trec-covid-chrono-r2,8,blocker,128,64,64,128,0.5,0,1,0,-0.000943206250667572,122,0.22009176629808017,0.810014872939691,0.27171324089312976,0.003367003367003367,0.16161616161616163,0.020833333333333332
trec-covid-chrono-r2,8,blocker,256,128,128,256,0.5,0,3,0,-0.0010121148079633713,240,0.46900009332067477,0.810014872939691,0.5790018294584991,0.010101010101010102,0.16161616161616163,0.0625
trec-covid-chrono-r2,8,blocker,512,256,256,512,0.5,0,7,0,-0.0006454922258853912,478,0.6569961206407577,0.810014872939691,0.8110914287985844,0.020202020202020204,0.16161616161616163,0.125
trec-covid-chrono-r2,8,blocker,1024,448,576,1024,0.4375,128,10,0,-0.00020184926688671112,933,0.810014872939691,0.810014872939691,1.0,0.030303030303030304,0.16161616161616163,0.1875
trec-covid-chrono-r2,8,blocker,2048,1024,1024,2048,0.5,0,17,0,-4.579126834869385e-05,1767,0.810014872939691,0.810014872939691,1.0,0.050505050505050504,0.16161616161616163,0.31249999999999994
trec-covid-chrono-r2,8,blocker,4096,2048,2048,4096,0.5,0,20,0,-2.6455149054527283e-05,3374,0.810014872939691,0.810014872939691,1.0,0.05723905723905724,0.16161616161616163,0.35416666666666663
trec-covid-chrono-r2,8,blocker,8192,5000,3192,8192,0.6103515625,1808,31,0,-1.9920989871025085e-05,6296,0.810014872939691,0.810014872939691,1.0,0.08080808080808081,0.16161616161616163,0.5
trec-covid-chrono-r2,8,blocker,10000,5000,5000,10000,0.5,0,31,0,-1.9920989871025085e-05,7387,0.810014872939691,0.810014872939691,1.0,0.08080808080808081,0.16161616161616163,0.5
trec-covid-chrono-r2,9,balanced,128,64,64,128,0.5,0,7,0,-6.446242332458496e-05,118,0.5613909596287923,0.6912659712821329,0.8121200564632836,0.07608695652173914,0.2608695652173913,0.2916666666666667
trec-covid-chrono-r2,9,balanced,256,128,128,256,0.5,0,9,0,-0.0011081937700510025,241,0.6276451830831813,0.6912659712821329,0.9079648198493696,0.08695652173913043,0.2608695652173913,0.3333333333333333
trec-covid-chrono-r2,9,balanced,512,256,256,512,0.5,0,13,0,-1.3841316103935242e-05,473,0.6912659712821329,0.6912659712821329,1.0,0.13043478260869565,0.2608695652173913,0.5
trec-covid-chrono-r2,9,balanced,1024,512,512,1024,0.5,0,15,0,-0.00021930597722530365,939,0.6912659712821329,0.6912659712821329,1.0,0.15217391304347827,0.2608695652173913,0.5833333333333334
trec-covid-chrono-r2,9,balanced,2048,1024,1024,2048,0.5,0,21,0,-3.0376017093658447e-05,1805,0.6912659712821329,0.6912659712821329,1.0,0.1956521739130435,0.2608695652173913,0.75
trec-covid-chrono-r2,9,balanced,4096,2048,2048,4096,0.5,0,25,0,-0.0004511140286922455,3422,0.6912659712821329,0.6912659712821329,1.0,0.20652173913043478,0.2608695652173913,0.7916666666666667
trec-covid-chrono-r2,9,balanced,8192,4096,4096,8192,0.5,0,25,0,-0.00014828797429800034,6039,0.6912659712821329,0.6912659712821329,1.0,0.20652173913043478,0.2608695652173913,0.7916666666666667
trec-covid-chrono-r2,9,balanced,10000,5000,5000,10000,0.5,0,25,0,-0.0001053009182214737,7095,0.6912659712821329,0.6912659712821329,1.0,0.20652173913043478,0.2608695652173913,0.7916666666666667
trec-covid-chrono-r2,9,blocker,128,64,64,128,0.5,0,7,0,-6.446242332458496e-05,118,0.5613909596287923,0.6912659712821329,0.8121200564632836,0.07608695652173914,0.2608695652173913,0.2916666666666667
trec-covid-chrono-r2,9,blocker,256,128,128,256,0.5,0,9,0,-0.0011081937700510025,241,0.6276451830831813,0.6912659712821329,0.9079648198493696,0.08695652173913043,0.2608695652173913,0.3333333333333333
trec-covid-chrono-r2,9,blocker,512,256,256,512,0.5,0,13,0,-1.3841316103935242e-05,473,0.6912659712821329,0.6912659712821329,1.0,0.13043478260869565,0.2608695652173913,0.5
trec-covid-chrono-r2,9,blocker,1024,512,512,1024,0.5,0,15,0,-0.00021930597722530365,939,0.6912659712821329,0.6912659712821329,1.0,0.15217391304347827,0.2608695652173913,0.5833333333333334
trec-covid-chrono-r2,9,blocker,2048,896,1152,2048,0.4375,256,23,0,-0.00018297601491212845,1818,0.6912659712821329,0.6912659712821329,1.0,0.20652173913043478,0.2608695652173913,0.7916666666666667
trec-covid-chrono-r2,9,blocker,4096,1600,2496,4096,0.390625,896,25,0,-0.0003679674118757248,3494,0.6912659712821329,0.6912659712821329,1.0,0.20652173913043478,0.2608695652173913,0.7916666666666667
trec-covid-chrono-r2,9,blocker,8192,3192,5000,8192,0.3896484375,1808,25,0,-0.0001053009182214737,6334,0.6912659712821329,0.6912659712821329,1.0,0.20652173913043478,0.2608695652173913,0.7916666666666667
trec-covid-chrono-r2,9,blocker,10000,5000,5000,10000,0.5,0,25,0,-0.0001053009182214737,7095,0.6912659712821329,0.6912659712821329,1.0,0.20652173913043478,0.2608695652173913,0.7916666666666667
trec-covid-chrono-r2,10,balanced,128,64,64,128,0.5,0,12,0,-0.00044139474630355835,102,0.8442327945045964,0.8442327945045964,1.0,0.04633204633204633,0.3204633204633205,0.14457831325301204
trec-covid-chrono-r2,10,balanced,256,128,128,256,0.5,0,22,0,-0.00018481165170669556,196,0.8442327945045964,0.8442327945045964,1.0,0.08494208494208494,0.3204633204633205,0.2650602409638554
trec-covid-chrono-r2,10,balanced,512,256,256,512,0.5,0,32,0,-0.0005329493433237076,382,0.8442327945045964,0.8442327945045964,1.0,0.11583011583011583,0.3204633204633205,0.3614457831325301
trec-covid-chrono-r2,10,balanced,1024,512,512,1024,0.5,0,40,0,-7.625296711921692e-05,756,0.8442327945045964,0.8442327945045964,1.0,0.14285714285714285,0.3204633204633205,0.4457831325301204
trec-covid-chrono-r2,10,balanced,2048,1024,1024,2048,0.5,0,100,1,-inf,1531,0.8442327945045964,0.8442327945045964,1.0,0.3204633204633205,0.3204633204633205,1.0
trec-covid-chrono-r2,10,balanced,4096,2048,2048,4096,0.5,0,100,1,-inf,3010,0.8442327945045964,0.8442327945045964,1.0,0.3204633204633205,0.3204633204633205,1.0
trec-covid-chrono-r2,10,balanced,8192,4096,4096,8192,0.5,0,100,1,-inf,5836,0.8442327945045964,0.8442327945045964,1.0,0.3204633204633205,0.3204633204633205,1.0
trec-covid-chrono-r2,10,balanced,10000,5000,5000,10000,0.5,0,100,1,-inf,7045,0.8442327945045964,0.8442327945045964,1.0,0.3204633204633205,0.3204633204633205,1.0
trec-covid-chrono-r2,10,blocker,128,64,64,128,0.5,0,12,0,-0.00044139474630355835,102,0.8442327945045964,0.8442327945045964,1.0,0.04633204633204633,0.3204633204633205,0.14457831325301204
trec-covid-chrono-r2,10,blocker,256,128,128,256,0.5,0,22,0,-0.00018481165170669556,196,0.8442327945045964,0.8442327945045964,1.0,0.08494208494208494,0.3204633204633205,0.2650602409638554
trec-covid-chrono-r2,10,blocker,512,320,192,512,0.625,128,33,0,-6.606988608837128e-05,386,0.8442327945045964,0.8442327945045964,1.0,0.11969111969111969,0.3204633204633205,0.37349397590361444
trec-covid-chrono-r2,10,blocker,1024,704,320,1024,0.6875,384,43,0,-2.7460977435112e-05,793,0.8442327945045964,0.8442327945045964,1.0,0.15444015444015444,0.3204633204633205,0.48192771084337344
trec-covid-chrono-r2,10,blocker,2048,1024,1024,2048,0.5,0,100,1,-inf,1531,0.8442327945045964,0.8442327945045964,1.0,0.3204633204633205,0.3204633204633205,1.0
trec-covid-chrono-r2,10,blocker,4096,2048,2048,4096,0.5,0,100,1,-inf,3010,0.8442327945045964,0.8442327945045964,1.0,0.3204633204633205,0.3204633204633205,1.0
trec-covid-chrono-r2,10,blocker,8192,4096,4096,8192,0.5,0,100,1,-inf,5836,0.8442327945045964,0.8442327945045964,1.0,0.3204633204633205,0.3204633204633205,1.0
trec-covid-chrono-r2,10,blocker,10000,5000,5000,10000,0.5,0,100,1,-inf,7045,0.8442327945045964,0.8442327945045964,1.0,0.3204633204633205,0.3204633204633205,1.0
trec-covid-chrono-r2,11,balanced,128,64,64,128,0.5,0,4,0,-3.434903919696808e-05,121,0.18792948589674185,0.21631052511061552,0.8687949224876582,0.024242424242424242,0.1696969696969697,0.14285714285714285
trec-covid-chrono-r2,11,balanced,256,128,128,256,0.5,0,6,0,-0.00024911947548389435,233,0.21631052511061552,0.21631052511061552,1.0,0.030303030303030304,0.1696969696969697,0.17857142857142858
trec-covid-chrono-r2,11,balanced,512,256,256,512,0.5,0,7,0,-8.079782128334045e-05,472,0.21631052511061552,0.21631052511061552,1.0,0.030303030303030304,0.1696969696969697,0.17857142857142858
trec-covid-chrono-r2,11,balanced,1024,512,512,1024,0.5,0,11,0,-0.0003147292882204056,934,0.21631052511061552,0.21631052511061552,1.0,0.03636363636363636,0.1696969696969697,0.21428571428571427
trec-covid-chrono-r2,11,balanced,2048,1024,1024,2048,0.5,0,12,0,-2.4177134037017822e-06,1830,0.21631052511061552,0.21631052511061552,1.0,0.03636363636363636,0.1696969696969697,0.21428571428571427
trec-covid-chrono-r2,11,balanced,4096,2048,2048,4096,0.5,0,19,0,-7.285736501216888e-05,3479,0.21631052511061552,0.21631052511061552,1.0,0.048484848484848485,0.1696969696969697,0.2857142857142857
trec-covid-chrono-r2,11,balanced,8192,4096,4096,8192,0.5,0,21,0,-6.01448118686676e-05,6717,0.21631052511061552,0.21631052511061552,1.0,0.05454545454545454,0.1696969696969697,0.3214285714285714
trec-covid-chrono-r2,11,balanced,10000,5000,5000,10000,0.5,0,21,0,-1.7156824469566345e-05,8129,0.21631052511061552,0.21631052511061552,1.0,0.05454545454545454,0.1696969696969697,0.3214285714285714
trec-covid-chrono-r2,11,blocker,128,64,64,128,0.5,0,4,0,-3.434903919696808e-05,121,0.18792948589674185,0.21631052511061552,0.8687949224876582,0.024242424242424242,0.1696969696969697,0.14285714285714285
trec-covid-chrono-r2,11,blocker,256,128,128,256,0.5,0,6,0,-0.00024911947548389435,233,0.21631052511061552,0.21631052511061552,1.0,0.030303030303030304,0.1696969696969697,0.17857142857142858
trec-covid-chrono-r2,11,blocker,512,256,256,512,0.5,0,7,0,-8.079782128334045e-05,472,0.21631052511061552,0.21631052511061552,1.0,0.030303030303030304,0.1696969696969697,0.17857142857142858
trec-covid-chrono-r2,11,blocker,1024,576,448,1024,0.5625,128,11,0,-0.00013880617916584015,931,0.21631052511061552,0.21631052511061552,1.0,0.03636363636363636,0.1696969696969697,0.21428571428571427
trec-covid-chrono-r2,11,blocker,2048,1408,640,2048,0.6875,768,14,0,-0.00039479322731494904,1877,0.21631052511061552,0.21631052511061552,1.0,0.03636363636363636,0.1696969696969697,0.21428571428571427
trec-covid-chrono-r2,11,blocker,4096,3136,960,4096,0.765625,2176,20,0,-1.2803822755813599e-05,3698,0.21631052511061552,0.21631052511061552,1.0,0.05454545454545454,0.1696969696969697,0.3214285714285714
trec-covid-chrono-r2,11,blocker,8192,5000,3192,8192,0.6103515625,1808,21,0,-1.7156824469566345e-05,6737,0.21631052511061552,0.21631052511061552,1.0,0.05454545454545454,0.1696969696969697,0.3214285714285714
trec-covid-chrono-r2,11,blocker,10000,5000,5000,10000,0.5,0,21,0,-1.7156824469566345e-05,8129,0.21631052511061552,0.21631052511061552,1.0,0.05454545454545454,0.1696969696969697,0.3214285714285714
trec-covid-chrono-r2,12,balanced,128,64,64,128,0.5,0,3,0,-0.0002827625721693039,122,0.33013764944712026,0.6839160636877905,0.48271661827470835,0.0041841004184100415,0.13179916317991633,0.03174603174603174
trec-covid-chrono-r2,12,balanced,256,128,128,256,0.5,0,4,0,-0.0004517938941717148,241,0.42492601381667106,0.6839160636877905,0.6213131060636279,0.006276150627615063,0.13179916317991633,0.047619047619047616
trec-covid-chrono-r2,12,balanced,512,256,256,512,0.5,0,8,0,-0.0008700229227542877,472,0.6618313225363275,0.6839160636877905,0.9677084041097407,0.012552301255230125,0.13179916317991633,0.09523809523809523
trec-covid-chrono-r2,12,balanced,1024,512,512,1024,0.5,0,11,0,-0.0011320598423480988,951,0.6839160636877905,0.6839160636877905,1.0,0.014644351464435146,0.13179916317991633,0.1111111111111111
trec-covid-chrono-r2,12,balanced,2048,1024,1024,2048,0.5,0,12,0,-0.0003063175827264786,1824,0.6839160636877905,0.6839160636877905,1.0,0.016736401673640166,0.13179916317991633,0.12698412698412695
trec-covid-chrono-r2,12,balanced,4096,2048,2048,4096,0.5,0,17,0,-0.00015841051936149597,3571,0.6839160636877905,0.6839160636877905,1.0,0.02301255230125523,0.13179916317991633,0.1746031746031746
trec-covid-chrono-r2,12,balanced,8192,4096,4096,8192,0.5,0,18,0,-6.816163659095764e-05,6978,0.6839160636877905,0.6839160636877905,1.0,0.02510460251046025,0.13179916317991633,0.19047619047619047
trec-covid-chrono-r2,12,balanced,10000,5000,5000,10000,0.5,0,23,0,-0.00011540576815605164,8489,0.6839160636877905,0.6839160636877905,1.0,0.03138075313807531,0.13179916317991633,0.23809523809523805
trec-covid-chrono-r2,12,blocker,128,64,64,128,0.5,0,3,0,-0.0002827625721693039,122,0.33013764944712026,0.6839160636877905,0.48271661827470835,0.0041841004184100415,0.13179916317991633,0.03174603174603174
trec-covid-chrono-r2,12,blocker,256,128,128,256,0.5,0,4,0,-0.0004517938941717148,241,0.42492601381667106,0.6839160636877905,0.6213131060636279,0.006276150627615063,0.13179916317991633,0.047619047619047616
trec-covid-chrono-r2,12,blocker,512,256,256,512,0.5,0,8,0,-0.0008700229227542877,472,0.6618313225363275,0.6839160636877905,0.9677084041097407,0.012552301255230125,0.13179916317991633,0.09523809523809523
trec-covid-chrono-r2,12,blocker,1024,512,512,1024,0.5,0,11,0,-0.0011320598423480988,951,0.6839160636877905,0.6839160636877905,1.0,0.014644351464435146,0.13179916317991633,0.1111111111111111
trec-covid-chrono-r2,12,blocker,2048,896,1152,2048,0.4375,256,12,0,-0.00020889192819595337,1827,0.6839160636877905,0.6839160636877905,1.0,0.016736401673640166,0.13179916317991633,0.12698412698412695
trec-covid-chrono-r2,12,blocker,4096,2432,1664,4096,0.59375,768,17,0,-8.531101047992706e-05,3590,0.6839160636877905,0.6839160636877905,1.0,0.02301255230125523,0.13179916317991633,0.1746031746031746
trec-covid-chrono-r2,12,blocker,8192,4992,3200,8192,0.609375,1792,22,0,-5.073286592960358e-05,7049,0.6839160636877905,0.6839160636877905,1.0,0.029288702928870293,0.13179916317991633,0.2222222222222222
trec-covid-chrono-r2,12,blocker,10000,5000,5000,10000,0.5,0,23,0,-0.00011540576815605164,8489,0.6839160636877905,0.6839160636877905,1.0,0.03138075313807531,0.13179916317991633,0.23809523809523805
trec-covid-chrono-r2,13,balanced,128,64,64,128,0.5,0,6,0,-0.0032233204692602158,120,0.38786652722986226,0.5700797193252295,0.6803724357866257,0.008316008316008316,0.11642411642411643,0.07142857142857142
trec-covid-chrono-r2,13,balanced,256,128,128,256,0.5,0,6,0,-0.00016389228403568268,237,0.38786652722986226,0.5700797193252295,0.6803724357866257,0.008316008316008316,0.11642411642411643,0.07142857142857142
trec-covid-chrono-r2,13,balanced,512,256,256,512,0.5,0,10,0,-0.0007995329797267914,469,0.5700797193252295,0.5700797193252295,1.0,0.016632016632016633,0.11642411642411643,0.14285714285714285
trec-covid-chrono-r2,13,balanced,1024,512,512,1024,0.5,0,14,0,-0.00043034739792346954,941,0.5700797193252295,0.5700797193252295,1.0,0.02286902286902287,0.11642411642411643,0.19642857142857142
trec-covid-chrono-r2,13,balanced,2048,1024,1024,2048,0.5,0,15,0,-2.954155206680298e-05,1794,0.5700797193252295,0.5700797193252295,1.0,0.02494802494802495,0.11642411642411643,0.21428571428571427
trec-covid-chrono-r2,13,balanced,4096,2048,2048,4096,0.5,0,23,0,-1.7512589693069458e-05,3453,0.5700797193252295,0.5700797193252295,1.0,0.04158004158004158,0.11642411642411643,0.35714285714285715
trec-covid-chrono-r2,13,balanced,8192,4096,4096,8192,0.5,0,33,0,-0.00011572055518627167,6909,0.5700797193252295,0.5700797193252295,1.0,0.05197505197505198,0.11642411642411643,0.44642857142857145
trec-covid-chrono-r2,13,balanced,10000,5000,5000,10000,0.5,0,33,0,-7.273349910974503e-05,8429,0.5700797193252295,0.5700797193252295,1.0,0.05197505197505198,0.11642411642411643,0.44642857142857145
trec-covid-chrono-r2,13,blocker,128,64,64,128,0.5,0,6,0,-0.0032233204692602158,120,0.38786652722986226,0.5700797193252295,0.6803724357866257,0.008316008316008316,0.11642411642411643,0.07142857142857142
trec-covid-chrono-r2,13,blocker,256,128,128,256,0.5,0,6,0,-0.00016389228403568268,237,0.38786652722986226,0.5700797193252295,0.6803724357866257,0.008316008316008316,0.11642411642411643,0.07142857142857142
trec-covid-chrono-r2,13,blocker,512,320,192,512,0.625,128,10,0,-0.0005615614354610443,471,0.5700797193252295,0.5700797193252295,1.0,0.016632016632016633,0.11642411642411643,0.14285714285714285
trec-covid-chrono-r2,13,blocker,1024,704,320,1024,0.6875,384,14,0,-3.162398934364319e-05,939,0.5700797193252295,0.5700797193252295,1.0,0.02286902286902287,0.11642411642411643,0.19642857142857142
trec-covid-chrono-r2,13,blocker,2048,1472,576,2048,0.71875,896,19,0,-8.037127554416656e-05,1895,0.5700797193252295,0.5700797193252295,1.0,0.033264033264033266,0.11642411642411643,0.2857142857142857
trec-covid-chrono-r2,13,blocker,4096,2816,1280,4096,0.6875,1536,30,0,-2.3730099201202393e-06,3598,0.5700797193252295,0.5700797193252295,1.0,0.05197505197505198,0.11642411642411643,0.44642857142857145
trec-covid-chrono-r2,13,blocker,8192,5000,3192,8192,0.6103515625,1808,33,0,-7.273349910974503e-05,6903,0.5700797193252295,0.5700797193252295,1.0,0.05197505197505198,0.11642411642411643,0.44642857142857145
trec-covid-chrono-r2,13,blocker,10000,5000,5000,10000,0.5,0,33,0,-7.273349910974503e-05,8429,0.5700797193252295,0.5700797193252295,1.0,0.05197505197505198,0.11642411642411643,0.44642857142857145
trec-covid-chrono-r2,14,balanced,128,64,64,128,0.5,0,6,0,-0.0033107940107584,119,0.4864195211734974,0.6292146652096346,0.7730581438553051,0.03759398496240601,0.19548872180451127,0.19230769230769232
trec-covid-chrono-r2,14,balanced,256,128,128,256,0.5,0,9,0,-2.779066562652588e-05,237,0.6292146652096346,0.6292146652096346,1.0,0.05263157894736842,0.19548872180451127,0.2692307692307692
trec-covid-chrono-r2,14,balanced,512,256,256,512,0.5,0,14,0,-0.000315595418214798,484,0.6292146652096346,0.6292146652096346,1.0,0.06766917293233082,0.19548872180451127,0.34615384615384615
trec-covid-chrono-r2,14,balanced,1024,512,512,1024,0.5,0,19,0,-0.00017616525292396545,948,0.6292146652096346,0.6292146652096346,1.0,0.09022556390977443,0.19548872180451127,0.46153846153846156
trec-covid-chrono-r2,14,balanced,2048,1024,1024,2048,0.5,0,22,0,-0.0003601443022489548,1806,0.6292146652096346,0.6292146652096346,1.0,0.10526315789473684,0.19548872180451127,0.5384615384615384
trec-covid-chrono-r2,14,balanced,4096,2048,2048,4096,0.5,0,25,0,-0.0002238452434539795,3409,0.6292146652096346,0.6292146652096346,1.0,0.11278195488721804,0.19548872180451127,0.5769230769230769
trec-covid-chrono-r2,14,balanced,8192,4096,4096,8192,0.5,0,26,0,-0.00011973269283771515,5995,0.6292146652096346,0.6292146652096346,1.0,0.11278195488721804,0.19548872180451127,0.5769230769230769
trec-covid-chrono-r2,14,balanced,10000,5000,5000,10000,0.5,0,26,0,-7.674563676118851e-05,7041,0.6292146652096346,0.6292146652096346,1.0,0.11278195488721804,0.19548872180451127,0.5769230769230769
trec-covid-chrono-r2,14,blocker,128,64,64,128,0.5,0,6,0,-0.0033107940107584,119,0.4864195211734974,0.6292146652096346,0.7730581438553051,0.03759398496240601,0.19548872180451127,0.19230769230769232
trec-covid-chrono-r2,14,blocker,256,128,128,256,0.5,0,9,0,-2.779066562652588e-05,237,0.6292146652096346,0.6292146652096346,1.0,0.05263157894736842,0.19548872180451127,0.2692307692307692
trec-covid-chrono-r2,14,blocker,512,256,256,512,0.5,0,14,0,-0.000315595418214798,484,0.6292146652096346,0.6292146652096346,1.0,0.06766917293233082,0.19548872180451127,0.34615384615384615
trec-covid-chrono-r2,14,blocker,1024,512,512,1024,0.5,0,19,0,-0.00017616525292396545,948,0.6292146652096346,0.6292146652096346,1.0,0.09022556390977443,0.19548872180451127,0.46153846153846156
trec-covid-chrono-r2,14,blocker,2048,1024,1024,2048,0.5,0,22,0,-0.0003601443022489548,1806,0.6292146652096346,0.6292146652096346,1.0,0.10526315789473684,0.19548872180451127,0.5384615384615384
trec-covid-chrono-r2,14,blocker,4096,1856,2240,4096,0.453125,384,25,0,-0.00018424540758132935,3404,0.6292146652096346,0.6292146652096346,1.0,0.11278195488721804,0.19548872180451127,0.5769230769230769
trec-covid-chrono-r2,14,blocker,8192,3192,5000,8192,0.3896484375,1808,26,0,-7.674563676118851e-05,6135,0.6292146652096346,0.6292146652096346,1.0,0.11278195488721804,0.19548872180451127,0.5769230769230769
trec-covid-chrono-r2,14,blocker,10000,5000,5000,10000,0.5,0,26,0,-7.674563676118851e-05,7041,0.6292146652096346,0.6292146652096346,1.0,0.11278195488721804,0.19548872180451127,0.5769230769230769
trec-covid-chrono-r2,15,balanced,128,64,64,128,0.5,0,1,0,-0.008064515888690948,127,0.0,0.21699794718132115,0.0,0.0,0.08947368421052632,0.0
trec-covid-chrono-r2,15,balanced,256,128,128,256,0.5,0,1,0,-0.0020615793764591217,252,0.0,0.21699794718132115,0.0,0.0,0.08947368421052632,0.0
trec-covid-chrono-r2,15,balanced,512,256,256,512,0.5,0,2,0,-0.003071032464504242,500,0.13886244387355454,0.21699794718132115,0.6399251498795174,0.005263157894736842,0.08947368421052632,0.058823529411764705
trec-covid-chrono-r2,15,balanced,1024,512,512,1024,0.5,0,2,0,-0.0015303976833820343,988,0.13886244387355454,0.21699794718132115,0.6399251498795174,0.005263157894736842,0.08947368421052632,0.058823529411764705
trec-covid-chrono-r2,15,balanced,2048,1024,1024,2048,0.5,0,3,0,-9.162724018096924e-05,1954,0.13886244387355454,0.21699794718132115,0.6399251498795174,0.005263157894736842,0.08947368421052632,0.058823529411764705
trec-covid-chrono-r2,15,balanced,4096,2048,2048,4096,0.5,0,4,0,-0.0002565290778875351,3833,0.17045856533007145,0.21699794718132115,0.7855307736512277,0.010526315789473684,0.08947368421052632,0.11764705882352941
trec-covid-chrono-r2,15,balanced,8192,4096,4096,8192,0.5,0,4,0,-2.2761523723602295e-05,7507,0.17045856533007145,0.21699794718132115,0.7855307736512277,0.010526315789473684,0.08947368421052632,0.11764705882352941
trec-covid-chrono-r2,15,balanced,10000,5000,5000,10000,0.5,0,5,0,-0.00010410323739051819,9075,0.17045856533007145,0.21699794718132115,0.7855307736512277,0.010526315789473684,0.08947368421052632,0.11764705882352941
trec-covid-chrono-r2,15,blocker,128,64,64,128,0.5,0,1,0,-0.008064515888690948,127,0.0,0.21699794718132115,0.0,0.0,0.08947368421052632,0.0
trec-covid-chrono-r2,15,blocker,256,128,128,256,0.5,0,1,0,-0.0020615793764591217,252,0.0,0.21699794718132115,0.0,0.0,0.08947368421052632,0.0
trec-covid-chrono-r2,15,blocker,512,256,256,512,0.5,0,2,0,-0.003071032464504242,500,0.13886244387355454,0.21699794718132115,0.6399251498795174,0.005263157894736842,0.08947368421052632,0.058823529411764705
trec-covid-chrono-r2,15,blocker,1024,512,512,1024,0.5,0,2,0,-0.0015303976833820343,988,0.13886244387355454,0.21699794718132115,0.6399251498795174,0.005263157894736842,0.08947368421052632,0.058823529411764705
trec-covid-chrono-r2,15,blocker,2048,960,1088,2048,0.46875,128,3,0,-4.0199607610702515e-05,1950,0.13886244387355454,0.21699794718132115,0.6399251498795174,0.005263157894736842,0.08947368421052632,0.058823529411764705
trec-covid-chrono-r2,15,blocker,4096,1536,2560,4096,0.375,1024,4,0,-0.00016382522881031036,3835,0.17045856533007145,0.21699794718132115,0.7855307736512277,0.010526315789473684,0.08947368421052632,0.11764705882352941
trec-covid-chrono-r2,15,blocker,8192,3192,5000,8192,0.3896484375,1808,5,0,-0.00010410323739051819,7525,0.17045856533007145,0.21699794718132115,0.7855307736512277,0.010526315789473684,0.08947368421052632,0.11764705882352941
trec-covid-chrono-r2,15,blocker,10000,5000,5000,10000,0.5,0,5,0,-0.00010410323739051819,9075,0.17045856533007145,0.21699794718132115,0.7855307736512277,0.010526315789473684,0.08947368421052632,0.11764705882352941
trec-covid-chrono-r2,16,balanced,128,64,64,128,0.5,0,2,0,-0.0014964994043111801,124,0.1196514033905449,0.34485448974505156,0.34696199976692293,0.011904761904761904,0.16666666666666666,0.07142857142857142
trec-covid-chrono-r2,16,balanced,256,128,128,256,0.5,0,3,0,-0.0013294443488121033,248,0.15633336444022494,0.34485448974505156,0.45333138784361215,0.017857142857142856,0.16666666666666666,0.10714285714285714
trec-covid-chrono-r2,16,balanced,512,256,256,512,0.5,0,5,0,-0.0010473709553480148,496,0.1847144036540986,0.34485448974505156,0.5356299806061874,0.023809523809523808,0.16666666666666666,0.14285714285714285
trec-covid-chrono-r2,16,balanced,1024,512,512,1024,0.5,0,7,0,-0.001645561307668686,997,0.20916904435388528,0.34485448974505156,0.6065429059906468,0.02976190476190476,0.16666666666666666,0.17857142857142858
trec-covid-chrono-r2,16,balanced,2048,1024,1024,2048,0.5,0,9,0,-0.0005127005279064178,1974,0.34485448974505156,0.34485448974505156,1.0,0.041666666666666664,0.16666666666666666,0.25
trec-covid-chrono-r2,16,balanced,4096,2048,2048,4096,0.5,0,9,0,-6.457604467868805e-05,3895,0.34485448974505156,0.34485448974505156,1.0,0.041666666666666664,0.16666666666666666,0.25
trec-covid-chrono-r2,16,balanced,8192,4096,4096,8192,0.5,0,14,0,-7.499568164348602e-05,7473,0.34485448974505156,0.34485448974505156,1.0,0.05357142857142857,0.16666666666666666,0.32142857142857145
trec-covid-chrono-r2,16,balanced,10000,5000,5000,10000,0.5,0,14,0,-3.2007694244384766e-05,9011,0.34485448974505156,0.34485448974505156,1.0,0.05357142857142857,0.16666666666666666,0.32142857142857145
trec-covid-chrono-r2,16,blocker,128,64,64,128,0.5,0,2,0,-0.0014964994043111801,124,0.1196514033905449,0.34485448974505156,0.34696199976692293,0.011904761904761904,0.16666666666666666,0.07142857142857142
trec-covid-chrono-r2,16,blocker,256,128,128,256,0.5,0,3,0,-0.0013294443488121033,248,0.15633336444022494,0.34485448974505156,0.45333138784361215,0.017857142857142856,0.16666666666666666,0.10714285714285714
trec-covid-chrono-r2,16,blocker,512,256,256,512,0.5,0,5,0,-0.0010473709553480148,496,0.1847144036540986,0.34485448974505156,0.5356299806061874,0.023809523809523808,0.16666666666666666,0.14285714285714285
trec-covid-chrono-r2,16,blocker,1024,448,576,1024,0.4375,128,7,0,-0.0005881767719984055,993,0.20916904435388528,0.34485448974505156,0.6065429059906468,0.02976190476190476,0.16666666666666666,0.17857142857142858
trec-covid-chrono-r2,16,blocker,2048,1280,768,2048,0.625,512,9,0,-0.00033646076917648315,1975,0.34485448974505156,0.34485448974505156,1.0,0.041666666666666664,0.16666666666666666,0.25
trec-covid-chrono-r2,16,blocker,4096,2944,1152,4096,0.71875,1792,11,0,-5.9664249420166016e-05,3926,0.34485448974505156,0.34485448974505156,1.0,0.047619047619047616,0.16666666666666666,0.2857142857142857
trec-covid-chrono-r2,16,blocker,8192,3776,4416,8192,0.4609375,640,14,0,-5.7792291045188904e-05,7470,0.34485448974505156,0.34485448974505156,1.0,0.05357142857142857,0.16666666666666666,0.32142857142857145
trec-covid-chrono-r2,16,blocker,10000,5000,5000,10000,0.5,0,14,0,-3.2007694244384766e-05,9011,0.34485448974505156,0.34485448974505156,1.0,0.05357142857142857,0.16666666666666666,0.32142857142857145
trec-covid-chrono-r2,17,balanced,128,64,64,128,0.5,0,6,0,-0.0020354334264993668,116,0.7273298443105218,0.8922097294981223,0.8152005299467568,0.028985507246376812,0.2560386473429952,0.11320754716981131
trec-covid-chrono-r2,17,balanced,256,128,128,256,0.5,0,11,0,-0.00025535188615322113,223,0.8922097294981223,0.8922097294981223,1.0,0.043478260869565216,0.2560386473429952,0.16981132075471697
trec-covid-chrono-r2,17,balanced,512,256,256,512,0.5,0,15,0,-6.0345977544784546e-05,454,0.8922097294981223,0.8922097294981223,1.0,0.06280193236714976,0.2560386473429952,0.2452830188679245
trec-covid-chrono-r2,17,balanced,1024,512,512,1024,0.5,0,24,0,-0.0001041758805513382,936,0.8922097294981223,0.8922097294981223,1.0,0.0821256038647343,0.2560386473429952,0.32075471698113206
trec-covid-chrono-r2,17,balanced,2048,1024,1024,2048,0.5,0,28,0,-1.36643648147583e-05,1864,0.8922097294981223,0.8922097294981223,1.0,0.08695652173913043,0.2560386473429952,0.33962264150943394
trec-covid-chrono-r2,17,balanced,4096,2048,2048,4096,0.5,0,32,0,-0.00014789961278438568,3746,0.8922097294981223,0.8922097294981223,1.0,0.0966183574879227,0.2560386473429952,0.3773584905660377
trec-covid-chrono-r2,17,balanced,8192,4096,4096,8192,0.5,0,36,0,-6.821006536483765e-05,7184,0.8922097294981223,0.8922097294981223,1.0,0.1111111111111111,0.2560386473429952,0.4339622641509433
trec-covid-chrono-r2,17,balanced,10000,5000,5000,10000,0.5,0,36,0,-2.522207796573639e-05,8560,0.8922097294981223,0.8922097294981223,1.0,0.1111111111111111,0.2560386473429952,0.4339622641509433
trec-covid-chrono-r2,17,blocker,128,64,64,128,0.5,0,6,0,-0.0020354334264993668,116,0.7273298443105218,0.8922097294981223,0.8152005299467568,0.028985507246376812,0.2560386473429952,0.11320754716981131
trec-covid-chrono-r2,17,blocker,256,128,128,256,0.5,0,11,0,-0.00025535188615322113,223,0.8922097294981223,0.8922097294981223,1.0,0.043478260869565216,0.2560386473429952,0.16981132075471697
trec-covid-chrono-r2,17,blocker,512,256,256,512,0.5,0,15,0,-6.0345977544784546e-05,454,0.8922097294981223,0.8922097294981223,1.0,0.06280193236714976,0.2560386473429952,0.2452830188679245
trec-covid-chrono-r2,17,blocker,1024,640,384,1024,0.625,256,27,0,-0.0002704150974750519,939,0.8922097294981223,0.8922097294981223,1.0,0.08695652173913043,0.2560386473429952,0.33962264150943394
trec-covid-chrono-r2,17,blocker,2048,1408,640,2048,0.6875,768,32,0,-0.00035471469163894653,1886,0.8922097294981223,0.8922097294981223,1.0,0.0966183574879227,0.2560386473429952,0.3773584905660377
trec-covid-chrono-r2,17,blocker,4096,3136,960,4096,0.765625,2176,33,0,-3.74913215637207e-05,3777,0.8922097294981223,0.8922097294981223,1.0,0.10144927536231885,0.2560386473429952,0.3962264150943396
trec-covid-chrono-r2,17,blocker,8192,5000,3192,8192,0.6103515625,1808,36,0,-2.522207796573639e-05,7301,0.8922097294981223,0.8922097294981223,1.0,0.1111111111111111,0.2560386473429952,0.4339622641509433
trec-covid-chrono-r2,17,blocker,10000,5000,5000,10000,0.5,0,36,0,-2.522207796573639e-05,8560,0.8922097294981223,0.8922097294981223,1.0,0.1111111111111111,0.2560386473429952,0.4339622641509433
trec-covid-chrono-r2,18,balanced,128,64,64,128,0.5,0,6,0,-0.00012036040425300598,116,0.6705677658827746,0.9432379215722527,0.7109211266283981,0.019736842105263157,0.17105263157894737,0.11538461538461538
trec-covid-chrono-r2,18,balanced,256,128,128,256,0.5,0,9,0,-0.0016681589186191559,237,0.8796171333733009,0.9432379215722527,0.932550646296213,0.029605263157894735,0.17105263157894737,0.17307692307692307
trec-covid-chrono-r2,18,balanced,512,256,256,512,0.5,0,11,0,-7.141381502151489e-05,464,0.9432379215722527,0.9432379215722527,1.0,0.03618421052631579,0.17105263157894737,0.21153846153846154
trec-covid-chrono-r2,18,balanced,1024,512,512,1024,0.5,0,14,0,-0.0001995433121919632,912,0.9432379215722527,0.9432379215722527,1.0,0.046052631578947366,0.17105263157894737,0.2692307692307692
trec-covid-chrono-r2,18,balanced,2048,1024,1024,2048,0.5,0,18,0,-7.91698694229126e-05,1798,0.9432379215722527,0.9432379215722527,1.0,0.05263157894736842,0.17105263157894737,0.30769230769230765
trec-covid-chrono-r2,18,balanced,4096,2048,2048,4096,0.5,0,26,0,-0.00012479722499847412,3431,0.9432379215722527,0.9432379215722527,1.0,0.06907894736842106,0.17105263157894737,0.40384615384615385
trec-covid-chrono-r2,18,balanced,8192,4096,4096,8192,0.5,0,27,0,-0.00012236647307872772,6269,0.9432379215722527,0.9432379215722527,1.0,0.07236842105263158,0.17105263157894737,0.4230769230769231
trec-covid-chrono-r2,18,balanced,10000,5000,5000,10000,0.5,0,35,0,-6.151571869850159e-05,7302,0.9432379215722527,0.9432379215722527,1.0,0.08881578947368421,0.17105263157894737,0.5192307692307692
trec-covid-chrono-r2,18,blocker,128,64,64,128,0.5,0,6,0,-0.00012036040425300598,116,0.6705677658827746,0.9432379215722527,0.7109211266283981,0.019736842105263157,0.17105263157894737,0.11538461538461538
trec-covid-chrono-r2,18,blocker,256,128,128,256,0.5,0,9,0,-0.0016681589186191559,237,0.8796171333733009,0.9432379215722527,0.932550646296213,0.029605263157894735,0.17105263157894737,0.17307692307692307
trec-covid-chrono-r2,18,blocker,512,256,256,512,0.5,0,11,0,-7.141381502151489e-05,464,0.9432379215722527,0.9432379215722527,1.0,0.03618421052631579,0.17105263157894737,0.21153846153846154
trec-covid-chrono-r2,18,blocker,1024,576,448,1024,0.5625,128,14,0,-0.00014656968414783478,909,0.9432379215722527,0.9432379215722527,1.0,0.046052631578947366,0.17105263157894737,0.2692307692307692
trec-covid-chrono-r2,18,blocker,2048,1152,896,2048,0.5625,256,19,0,-1.101568341255188e-05,1797,0.9432379215722527,0.9432379215722527,1.0,0.05592105263157895,0.17105263157894737,0.3269230769230769
trec-covid-chrono-r2,18,blocker,4096,1920,2176,4096,0.46875,256,26,0,-9.763985872268677e-05,3443,0.9432379215722527,0.9432379215722527,1.0,0.06907894736842106,0.17105263157894737,0.40384615384615385
trec-covid-chrono-r2,18,blocker,8192,3192,5000,8192,0.3896484375,1808,35,0,-6.151571869850159e-05,6475,0.9432379215722527,0.9432379215722527,1.0,0.08881578947368421,0.17105263157894737,0.5192307692307692
trec-covid-chrono-r2,18,blocker,10000,5000,5000,10000,0.5,0,35,0,-6.151571869850159e-05,7302,0.9432379215722527,0.9432379215722527,1.0,0.08881578947368421,0.17105263157894737,0.5192307692307692
trec-covid-chrono-r2,19,balanced,128,64,64,128,0.5,0,1,0,-0.003056870773434639,124,0.0,0.2146853666716647,0.0,0.0,0.16666666666666666,0.0
trec-covid-chrono-r2,19,balanced,256,128,128,256,0.5,0,6,0,-0.00031150318682193756,243,0.12316940358342446,0.2146853666716647,0.5737205357447448,0.022222222222222223,0.16666666666666666,0.13333333333333336
trec-covid-chrono-r2,19,balanced,512,256,256,512,0.5,0,10,0,-0.0002455376088619232,485,0.2146853666716647,0.2146853666716647,1.0,0.044444444444444446,0.16666666666666666,0.2666666666666667
trec-covid-chrono-r2,19,balanced,1024,512,512,1024,0.5,0,16,0,-0.0009158961474895477,955,0.2146853666716647,0.2146853666716647,1.0,0.06666666666666667,0.16666666666666666,0.4
trec-covid-chrono-r2,19,balanced,2048,1024,1024,2048,0.5,0,16,0,-9.015202522277832e-05,1861,0.2146853666716647,0.2146853666716647,1.0,0.06666666666666667,0.16666666666666666,0.4
trec-covid-chrono-r2,19,balanced,4096,2048,2048,4096,0.5,0,18,0,-0.00012144632637500763,3547,0.2146853666716647,0.2146853666716647,1.0,0.07777777777777778,0.16666666666666666,0.4666666666666667
trec-covid-chrono-r2,19,balanced,8192,4096,4096,8192,0.5,0,23,0,-7.741153240203857e-06,6502,0.2146853666716647,0.2146853666716647,1.0,0.08888888888888889,0.16666666666666666,0.5333333333333334
trec-covid-chrono-r2,19,balanced,10000,5000,5000,10000,0.5,0,24,0,-0.0001658070832490921,7707,0.2146853666716647,0.2146853666716647,1.0,0.08888888888888889,0.16666666666666666,0.5333333333333334
trec-covid-chrono-r2,19,blocker,128,64,64,128,0.5,0,1,0,-0.003056870773434639,124,0.0,0.2146853666716647,0.0,0.0,0.16666666666666666,0.0
trec-covid-chrono-r2,19,blocker,256,128,128,256,0.5,0,6,0,-0.00031150318682193756,243,0.12316940358342446,0.2146853666716647,0.5737205357447448,0.022222222222222223,0.16666666666666666,0.13333333333333336
trec-covid-chrono-r2,19,blocker,512,256,256,512,0.5,0,10,0,-0.0002455376088619232,485,0.2146853666716647,0.2146853666716647,1.0,0.044444444444444446,0.16666666666666666,0.2666666666666667
trec-covid-chrono-r2,19,blocker,1024,640,384,1024,0.625,256,16,0,-0.000596214085817337,958,0.2146853666716647,0.2146853666716647,1.0,0.06666666666666667,0.16666666666666666,0.4
trec-covid-chrono-r2,19,blocker,2048,1536,512,2048,0.75,1024,17,0,-2.4393200874328613e-05,1901,0.2146853666716647,0.2146853666716647,1.0,0.07777777777777778,0.16666666666666666,0.4666666666666667
trec-covid-chrono-r2,19,blocker,4096,2880,1216,4096,0.703125,1664,23,0,-0.00010726042091846466,3603,0.2146853666716647,0.2146853666716647,1.0,0.08888888888888889,0.16666666666666666,0.5333333333333334
trec-covid-chrono-r2,19,blocker,8192,5000,3192,8192,0.6103515625,1808,24,0,-0.0001658070832490921,6568,0.2146853666716647,0.2146853666716647,1.0,0.08888888888888889,0.16666666666666666,0.5333333333333334
trec-covid-chrono-r2,19,blocker,10000,5000,5000,10000,0.5,0,24,0,-0.0001658070832490921,7707,0.2146853666716647,0.2146853666716647,1.0,0.08888888888888889,0.16666666666666666,0.5333333333333334
trec-covid-chrono-r2,20,balanced,128,64,64,128,0.5,0,11,0,-0.0003705192357301712,108,1.0,1.0,1.0,0.03873239436619718,0.22183098591549297,0.1746031746031746
trec-covid-chrono-r2,20,balanced,256,128,128,256,0.5,0,19,0,-0.001184161752462387,221,1.0,1.0,1.0,0.05985915492957746,0.22183098591549297,0.2698412698412698
trec-covid-chrono-r2,20,balanced,512,256,256,512,0.5,0,28,0,-0.000595511868596077,431,1.0,1.0,1.0,0.08098591549295775,0.22183098591549297,0.36507936507936506
trec-covid-chrono-r2,20,balanced,1024,512,512,1024,0.5,0,39,0,-0.00016389600932598114,835,1.0,1.0,1.0,0.10211267605633803,0.22183098591549297,0.4603174603174603
trec-covid-chrono-r2,20,balanced,2048,1024,1024,2048,0.5,0,49,0,-0.0002574911341071129,1620,1.0,1.0,1.0,0.1267605633802817,0.22183098591549297,0.5714285714285714
trec-covid-chrono-r2,20,balanced,4096,2048,2048,4096,0.5,0,65,0,-6.635952740907669e-05,3123,1.0,1.0,1.0,0.1619718309859155,0.22183098591549297,0.7301587301587301
trec-covid-chrono-r2,20,balanced,8192,4096,4096,8192,0.5,0,66,0,-0.00022549927234649658,5965,1.0,1.0,1.0,0.1619718309859155,0.22183098591549297,0.7301587301587301
trec-covid-chrono-r2,20,balanced,10000,5000,5000,10000,0.5,0,82,0,-2.462230622768402e-05,7151,1.0,1.0,1.0,0.18309859154929578,0.22183098591549297,0.8253968253968254
trec-covid-chrono-r2,20,blocker,128,64,64,128,0.5,0,11,0,-0.0003705192357301712,108,1.0,1.0,1.0,0.03873239436619718,0.22183098591549297,0.1746031746031746
trec-covid-chrono-r2,20,blocker,256,128,128,256,0.5,0,19,0,-0.001184161752462387,221,1.0,1.0,1.0,0.05985915492957746,0.22183098591549297,0.2698412698412698
trec-covid-chrono-r2,20,blocker,512,256,256,512,0.5,0,28,0,-0.000595511868596077,431,1.0,1.0,1.0,0.08098591549295775,0.22183098591549297,0.36507936507936506
trec-covid-chrono-r2,20,blocker,1024,704,320,1024,0.6875,384,43,0,-0.0002071913331747055,857,1.0,1.0,1.0,0.11619718309859155,0.22183098591549297,0.5238095238095237
trec-covid-chrono-r2,20,blocker,2048,1216,832,2048,0.59375,384,54,0,-0.00015713181346654892,1631,1.0,1.0,1.0,0.13732394366197184,0.22183098591549297,0.6190476190476191
trec-covid-chrono-r2,20,blocker,4096,2368,1728,4096,0.578125,640,65,0,-3.837980329990387e-06,3153,1.0,1.0,1.0,0.1619718309859155,0.22183098591549297,0.7301587301587301
trec-covid-chrono-r2,20,blocker,8192,5000,3192,8192,0.6103515625,1808,82,0,-2.462230622768402e-05,6044,1.0,1.0,1.0,0.18309859154929578,0.22183098591549297,0.8253968253968254
trec-covid-chrono-r2,20,blocker,10000,5000,5000,10000,0.5,0,82,0,-2.462230622768402e-05,7151,1.0,1.0,1.0,0.18309859154929578,0.22183098591549297,0.8253968253968254
trec-covid-chrono-r2,21,balanced,128,64,64,128,0.5,0,7,0,-0.00046217627823352814,111,0.4655217700834465,0.5317759935378354,0.8754095253273688,0.019230769230769232,0.1346153846153846,0.14285714285714288
trec-covid-chrono-r2,21,balanced,256,128,128,256,0.5,0,12,0,-7.023103535175323e-05,227,0.5317759935378354,0.5317759935378354,1.0,0.026923076923076925,0.1346153846153846,0.2
trec-covid-chrono-r2,21,balanced,512,256,256,512,0.5,0,18,0,-7.099099457263947e-05,445,0.5317759935378354,0.5317759935378354,1.0,0.03461538461538462,0.1346153846153846,0.2571428571428572
trec-covid-chrono-r2,21,balanced,1024,512,512,1024,0.5,0,25,0,-0.00020411238074302673,896,0.5317759935378354,0.5317759935378354,1.0,0.038461538461538464,0.1346153846153846,0.28571428571428575
trec-covid-chrono-r2,21,balanced,2048,1024,1024,2048,0.5,0,28,0,-0.0002207346260547638,1796,0.5317759935378354,0.5317759935378354,1.0,0.04230769230769231,0.1346153846153846,0.31428571428571433
trec-covid-chrono-r2,21,balanced,4096,2048,2048,4096,0.5,0,34,0,-2.5978311896324158e-05,3552,0.5317759935378354,0.5317759935378354,1.0,0.05384615384615385,0.1346153846153846,0.4
trec-covid-chrono-r2,21,balanced,8192,4096,4096,8192,0.5,0,36,0,-0.00010573305189609528,7033,0.5317759935378354,0.5317759935378354,1.0,0.05384615384615385,0.1346153846153846,0.4
trec-covid-chrono-r2,21,balanced,10000,5000,5000,10000,0.5,0,36,0,-6.274506449699402e-05,8553,0.5317759935378354,0.5317759935378354,1.0,0.05384615384615385,0.1346153846153846,0.4
trec-covid-chrono-r2,21,blocker,128,64,64,128,0.5,0,7,0,-0.00046217627823352814,111,0.4655217700834465,0.5317759935378354,0.8754095253273688,0.019230769230769232,0.1346153846153846,0.14285714285714288
trec-covid-chrono-r2,21,blocker,256,128,128,256,0.5,0,12,0,-7.023103535175323e-05,227,0.5317759935378354,0.5317759935378354,1.0,0.026923076923076925,0.1346153846153846,0.2
trec-covid-chrono-r2,21,blocker,512,256,256,512,0.5,0,18,0,-7.099099457263947e-05,445,0.5317759935378354,0.5317759935378354,1.0,0.03461538461538462,0.1346153846153846,0.2571428571428572
trec-covid-chrono-r2,21,blocker,1024,448,576,1024,0.4375,128,25,0,-0.0001599527895450592,900,0.5317759935378354,0.5317759935378354,1.0,0.038461538461538464,0.1346153846153846,0.28571428571428575
trec-covid-chrono-r2,21,blocker,2048,896,1152,2048,0.4375,256,28,0,-0.00015782751142978668,1793,0.5317759935378354,0.5317759935378354,1.0,0.04230769230769231,0.1346153846153846,0.31428571428571433
trec-covid-chrono-r2,21,blocker,4096,1024,3072,4096,0.25,2048,35,0,-4.215352237224579e-05,3641,0.5317759935378354,0.5317759935378354,1.0,0.05384615384615385,0.1346153846153846,0.4
trec-covid-chrono-r2,21,blocker,8192,3192,5000,8192,0.3896484375,1808,36,0,-6.274506449699402e-05,7098,0.5317759935378354,0.5317759935378354,1.0,0.05384615384615385,0.1346153846153846,0.4
trec-covid-chrono-r2,21,blocker,10000,5000,5000,10000,0.5,0,36,0,-6.274506449699402e-05,8553,0.5317759935378354,0.5317759935378354,1.0,0.05384615384615385,0.1346153846153846,0.4
trec-covid-chrono-r2,22,balanced,128,64,64,128,0.5,0,8,0,-0.001830756664276123,113,0.8212157069470859,0.8874699304014749,0.9253448244444554,0.045454545454545456,0.38636363636363635,0.11764705882352942
trec-covid-chrono-r2,22,balanced,256,128,128,256,0.5,0,11,0,-0.00015309080481529236,219,0.8874699304014749,0.8874699304014749,1.0,0.056818181818181816,0.38636363636363635,0.14705882352941177
trec-covid-chrono-r2,22,balanced,512,256,256,512,0.5,0,20,0,-2.0662322640419006e-05,435,0.8874699304014749,0.8874699304014749,1.0,0.09659090909090909,0.38636363636363635,0.25
trec-covid-chrono-r2,22,balanced,1024,512,512,1024,0.5,0,33,0,-0.00019489042460918427,873,0.8874699304014749,0.8874699304014749,1.0,0.17045454545454544,0.38636363636363635,0.4411764705882353
trec-covid-chrono-r2,22,balanced,2048,1024,1024,2048,0.5,0,36,0,-3.359466791152954e-05,1662,0.8874699304014749,0.8874699304014749,1.0,0.1875,0.38636363636363635,0.4852941176470588
trec-covid-chrono-r2,22,balanced,4096,2048,2048,4096,0.5,0,38,0,-0.00018035247921943665,3209,0.8874699304014749,0.8874699304014749,1.0,0.19886363636363635,0.38636363636363635,0.5147058823529411
trec-covid-chrono-r2,22,balanced,8192,4096,4096,8192,0.5,0,64,0,-3.1361356377601624e-05,5908,0.8874699304014749,0.8874699304014749,1.0,0.2897727272727273,0.38636363636363635,0.7500000000000001
trec-covid-chrono-r2,22,balanced,10000,5000,5000,10000,0.5,0,65,0,-7.795635610818863e-05,7081,0.8874699304014749,0.8874699304014749,1.0,0.2897727272727273,0.38636363636363635,0.7500000000000001
trec-covid-chrono-r2,22,blocker,128,64,64,128,0.5,0,8,0,-0.001830756664276123,113,0.8212157069470859,0.8874699304014749,0.9253448244444554,0.045454545454545456,0.38636363636363635,0.11764705882352942
trec-covid-chrono-r2,22,blocker,256,128,128,256,0.5,0,11,0,-0.00015309080481529236,219,0.8874699304014749,0.8874699304014749,1.0,0.056818181818181816,0.38636363636363635,0.14705882352941177
trec-covid-chrono-r2,22,blocker,512,256,256,512,0.5,0,20,0,-2.0662322640419006e-05,435,0.8874699304014749,0.8874699304014749,1.0,0.09659090909090909,0.38636363636363635,0.25
trec-covid-chrono-r2,22,blocker,1024,448,576,1024,0.4375,128,33,0,-1.8965452909469604e-05,872,0.8874699304014749,0.8874699304014749,1.0,0.17045454545454544,0.38636363636363635,0.4411764705882353
trec-covid-chrono-r2,22,blocker,2048,704,1344,2048,0.34375,640,37,0,-1.0719522833824158e-05,1731,0.8874699304014749,0.8874699304014749,1.0,0.19318181818181818,0.38636363636363635,0.5
trec-covid-chrono-r2,22,blocker,4096,1408,2688,4096,0.34375,1280,58,0,-6.305985152721405e-05,3258,0.8874699304014749,0.8874699304014749,1.0,0.26704545454545453,0.38636363636363635,0.6911764705882353
trec-covid-chrono-r2,22,blocker,8192,3192,5000,8192,0.3896484375,1808,65,0,-7.795635610818863e-05,6282,0.8874699304014749,0.8874699304014749,1.0,0.2897727272727273,0.38636363636363635,0.7500000000000001
trec-covid-chrono-r2,22,blocker,10000,5000,5000,10000,0.5,0,65,0,-7.795635610818863e-05,7081,0.8874699304014749,0.8874699304014749,1.0,0.2897727272727273,0.38636363636363635,0.7500000000000001
trec-covid-chrono-r2,23,balanced,128,64,64,128,0.5,0,7,0,-0.0003718491643667221,111,0.6421867266689009,0.841492960259019,0.7631516328683606,0.036231884057971016,0.38405797101449274,0.09433962264150944
trec-covid-chrono-r2,23,balanced,256,128,128,256,0.5,0,14,0,-1.702830195426941e-05,222,0.841492960259019,0.841492960259019,1.0,0.07971014492753623,0.38405797101449274,0.20754716981132074
trec-covid-chrono-r2,23,balanced,512,256,256,512,0.5,0,23,0,-0.0005075540393590927,439,0.841492960259019,0.841492960259019,1.0,0.14492753623188406,0.38405797101449274,0.37735849056603776
trec-covid-chrono-r2,23,balanced,1024,512,512,1024,0.5,0,31,0,-0.00011699646711349487,877,0.841492960259019,0.841492960259019,1.0,0.18840579710144928,0.38405797101449274,0.4905660377358491
trec-covid-chrono-r2,23,balanced,2048,1024,1024,2048,0.5,0,37,0,-0.000321071594953537,1708,0.841492960259019,0.841492960259019,1.0,0.2246376811594203,0.38405797101449274,0.5849056603773585
trec-covid-chrono-r2,23,balanced,4096,2048,2048,4096,0.5,0,38,0,-5.066767334938049e-05,3334,0.841492960259019,0.841492960259019,1.0,0.2246376811594203,0.38405797101449274,0.5849056603773585
trec-covid-chrono-r2,23,balanced,8192,4096,4096,8192,0.5,0,49,0,-1.7285346984863281e-06,6076,0.841492960259019,0.841492960259019,1.0,0.2536231884057971,0.38405797101449274,0.6603773584905661
trec-covid-chrono-r2,23,balanced,10000,5000,5000,10000,0.5,0,50,0,-2.4967826902866364e-05,7245,0.841492960259019,0.841492960259019,1.0,0.2608695652173913,0.38405797101449274,0.6792452830188679
trec-covid-chrono-r2,23,blocker,128,64,64,128,0.5,0,7,0,-0.0003718491643667221,111,0.6421867266689009,0.841492960259019,0.7631516328683606,0.036231884057971016,0.38405797101449274,0.09433962264150944
trec-covid-chrono-r2,23,blocker,256,128,128,256,0.5,0,14,0,-1.702830195426941e-05,222,0.841492960259019,0.841492960259019,1.0,0.07971014492753623,0.38405797101449274,0.20754716981132074
trec-covid-chrono-r2,23,blocker,512,256,256,512,0.5,0,23,0,-0.0005075540393590927,439,0.841492960259019,0.841492960259019,1.0,0.14492753623188406,0.38405797101449274,0.37735849056603776
trec-covid-chrono-r2,23,blocker,1024,512,512,1024,0.5,0,31,0,-0.00011699646711349487,877,0.841492960259019,0.841492960259019,1.0,0.18840579710144928,0.38405797101449274,0.4905660377358491
trec-covid-chrono-r2,23,blocker,2048,1472,576,2048,0.71875,896,37,0,-5.177222192287445e-05,1768,0.841492960259019,0.841492960259019,1.0,0.2246376811594203,0.38405797101449274,0.5849056603773585
trec-covid-chrono-r2,23,blocker,4096,3328,768,4096,0.8125,2560,40,0,-3.3039599657058716e-05,3583,0.841492960259019,0.841492960259019,1.0,0.2318840579710145,0.38405797101449274,0.6037735849056604
trec-covid-chrono-r2,23,blocker,8192,3776,4416,8192,0.4609375,640,50,0,-5.075335502624512e-05,6140,0.841492960259019,0.841492960259019,1.0,0.2608695652173913,0.38405797101449274,0.6792452830188679
trec-covid-chrono-r2,23,blocker,10000,5000,5000,10000,0.5,0,50,0,-2.4967826902866364e-05,7245,0.841492960259019,0.841492960259019,1.0,0.2608695652173913,0.38405797101449274,0.6792452830188679
trec-covid-chrono-r2,24,balanced,128,64,64,128,0.5,0,10,0,-7.729977369308472e-07,107,1.0,1.0,1.0,0.08771929824561403,0.5350877192982456,0.16393442622950818
trec-covid-chrono-r2,24,balanced,256,128,128,256,0.5,0,15,0,-9.046494960784912e-05,222,1.0,1.0,1.0,0.12280701754385964,0.5350877192982456,0.22950819672131145
trec-covid-chrono-r2,24,balanced,512,256,256,512,0.5,0,19,0,-0.00033750757575035095,440,1.0,1.0,1.0,0.15789473684210525,0.5350877192982456,0.29508196721311475
trec-covid-chrono-r2,24,balanced,1024,512,512,1024,0.5,0,32,0,-0.00032824277877807617,881,1.0,1.0,1.0,0.23684210526315788,0.5350877192982456,0.4426229508196721
trec-covid-chrono-r2,24,balanced,2048,1024,1024,2048,0.5,0,35,0,-1.9855797290802e-06,1732,1.0,1.0,1.0,0.2543859649122807,0.5350877192982456,0.4754098360655738
trec-covid-chrono-r2,24,balanced,4096,2048,2048,4096,0.5,0,41,0,-9.242445230484009e-06,3348,1.0,1.0,1.0,0.2982456140350877,0.5350877192982456,0.5573770491803278
trec-covid-chrono-r2,24,balanced,8192,4096,4096,8192,0.5,0,45,0,-2.0485371351242065e-05,6153,1.0,1.0,1.0,0.3157894736842105,0.5350877192982456,0.5901639344262295
trec-covid-chrono-r2,24,balanced,10000,5000,5000,10000,0.5,0,92,0,-4.7206878662109375e-05,7372,1.0,1.0,1.0,0.5350877192982456,0.5350877192982456,1.0
trec-covid-chrono-r2,24,blocker,128,64,64,128,0.5,0,10,0,-7.729977369308472e-07,107,1.0,1.0,1.0,0.08771929824561403,0.5350877192982456,0.16393442622950818
trec-covid-chrono-r2,24,blocker,256,128,128,256,0.5,0,15,0,-9.046494960784912e-05,222,1.0,1.0,1.0,0.12280701754385964,0.5350877192982456,0.22950819672131145
trec-covid-chrono-r2,24,blocker,512,256,256,512,0.5,0,19,0,-0.00033750757575035095,440,1.0,1.0,1.0,0.15789473684210525,0.5350877192982456,0.29508196721311475
trec-covid-chrono-r2,24,blocker,1024,512,512,1024,0.5,0,32,0,-0.00032824277877807617,881,1.0,1.0,1.0,0.23684210526315788,0.5350877192982456,0.4426229508196721
trec-covid-chrono-r2,24,blocker,2048,1024,1024,2048,0.5,0,35,0,-1.9855797290802e-06,1732,1.0,1.0,1.0,0.2543859649122807,0.5350877192982456,0.4754098360655738
trec-covid-chrono-r2,24,blocker,4096,2048,2048,4096,0.5,0,41,0,-9.242445230484009e-06,3348,1.0,1.0,1.0,0.2982456140350877,0.5350877192982456,0.5573770491803278
trec-covid-chrono-r2,24,blocker,8192,4096,4096,8192,0.5,0,45,0,-2.0485371351242065e-05,6153,1.0,1.0,1.0,0.3157894736842105,0.5350877192982456,0.5901639344262295
trec-covid-chrono-r2,24,blocker,10000,5000,5000,10000,0.5,0,92,0,-4.7206878662109375e-05,7372,1.0,1.0,1.0,0.5350877192982456,0.5350877192982456,1.0
trec-covid-chrono-r2,25,balanced,128,64,64,128,0.5,0,4,0,-0.0006583184003829956,116,0.5637884576902256,0.6274092458891772,0.8985976240933667,0.01951219512195122,0.14634146341463414,0.13333333333333333
trec-covid-chrono-r2,25,balanced,256,128,128,256,0.5,0,9,0,-3.9674341678619385e-05,225,0.5637884576902256,0.6274092458891772,0.8985976240933667,0.01951219512195122,0.14634146341463414,0.13333333333333333
trec-covid-chrono-r2,25,balanced,512,256,256,512,0.5,0,14,0,-0.00011355429887771606,424,0.6274092458891772,0.6274092458891772,1.0,0.02926829268292683,0.14634146341463414,0.2
trec-covid-chrono-r2,25,balanced,1024,512,512,1024,0.5,0,22,0,-0.0001340322196483612,833,0.6274092458891772,0.6274092458891772,1.0,0.03414634146341464,0.14634146341463414,0.23333333333333336
trec-covid-chrono-r2,25,balanced,2048,1024,1024,2048,0.5,0,26,0,-2.4493783712387085e-05,1654,0.6274092458891772,0.6274092458891772,1.0,0.04878048780487805,0.14634146341463414,0.33333333333333337
trec-covid-chrono-r2,25,balanced,4096,2048,2048,4096,0.5,0,48,0,-5.24129718542099e-05,3341,0.6274092458891772,0.6274092458891772,1.0,0.07317073170731707,0.14634146341463414,0.5
trec-covid-chrono-r2,25,balanced,8192,4096,4096,8192,0.5,0,71,0,-6.313435733318329e-06,6850,0.6274092458891772,0.6274092458891772,1.0,0.1024390243902439,0.14634146341463414,0.7
trec-covid-chrono-r2,25,balanced,10000,5000,5000,10000,0.5,0,73,0,-0.00010233744978904724,8352,0.6274092458891772,0.6274092458891772,1.0,0.11219512195121951,0.14634146341463414,0.7666666666666667
trec-covid-chrono-r2,25,blocker,128,64,64,128,0.5,0,4,0,-0.0006583184003829956,116,0.5637884576902256,0.6274092458891772,0.8985976240933667,0.01951219512195122,0.14634146341463414,0.13333333333333333
trec-covid-chrono-r2,25,blocker,256,128,128,256,0.5,0,9,0,-3.9674341678619385e-05,225,0.5637884576902256,0.6274092458891772,0.8985976240933667,0.01951219512195122,0.14634146341463414,0.13333333333333333
trec-covid-chrono-r2,25,blocker,512,256,256,512,0.5,0,14,0,-0.00011355429887771606,424,0.6274092458891772,0.6274092458891772,1.0,0.02926829268292683,0.14634146341463414,0.2
trec-covid-chrono-r2,25,blocker,1024,448,576,1024,0.4375,128,23,0,-9.463727474212646e-05,835,0.6274092458891772,0.6274092458891772,1.0,0.03902439024390244,0.14634146341463414,0.26666666666666666
trec-covid-chrono-r2,25,blocker,2048,704,1344,2048,0.34375,640,41,0,-2.0992010831832886e-06,1652,0.6274092458891772,0.6274092458891772,1.0,0.06829268292682927,0.14634146341463414,0.46666666666666673
trec-covid-chrono-r2,25,blocker,4096,2304,1792,4096,0.5625,512,70,0,-3.122258931398392e-05,3326,0.6274092458891772,0.6274092458891772,1.0,0.1024390243902439,0.14634146341463414,0.7
trec-covid-chrono-r2,25,blocker,8192,5000,3192,8192,0.6103515625,1808,73,0,-0.00010233744978904724,6881,0.6274092458891772,0.6274092458891772,1.0,0.11219512195121951,0.14634146341463414,0.7666666666666667
trec-covid-chrono-r2,25,blocker,10000,5000,5000,10000,0.5,0,73,0,-0.00010233744978904724,8352,0.6274092458891772,0.6274092458891772,1.0,0.11219512195121951,0.14634146341463414,0.7666666666666667
trec-covid-chrono-r2,26,balanced,128,64,64,128,0.5,0,3,0,-0.002072954550385475,121,0.3589542101716347,0.7381919257729245,0.4862613605476535,0.0058997050147492625,0.14454277286135694,0.04081632653061224
trec-covid-chrono-r2,26,balanced,256,128,128,256,0.5,0,5,0,-0.0008963346481323242,235,0.5388856921828065,0.7381919257729245,0.7300075676370555,0.011799410029498525,0.14454277286135694,0.08163265306122448
trec-covid-chrono-r2,26,balanced,512,256,256,512,0.5,0,9,0,-0.0006077326834201813,464,0.6745711375739728,0.7381919257729245,0.9138153832658933,0.017699115044247787,0.14454277286135694,0.12244897959183672
trec-covid-chrono-r2,26,balanced,1024,512,512,1024,0.5,0,14,0,-0.00020763464272022247,920,0.7381919257729245,0.7381919257729245,1.0,0.032448377581120944,0.14454277286135694,0.22448979591836732
trec-covid-chrono-r2,26,balanced,2048,1024,1024,2048,0.5,0,21,0,-8.194521069526672e-05,1763,0.7381919257729245,0.7381919257729245,1.0,0.0471976401179941,0.14454277286135694,0.32653061224489793
trec-covid-chrono-r2,26,balanced,4096,2048,2048,4096,0.5,0,23,0,-2.0150095224380493e-05,3368,0.7381919257729245,0.7381919257729245,1.0,0.05014749262536873,0.14454277286135694,0.346938775510204
trec-covid-chrono-r2,26,balanced,8192,4096,4096,8192,0.5,0,25,0,-4.287436604499817e-05,6073,0.7381919257729245,0.7381919257729245,1.0,0.05604719764011799,0.14454277286135694,0.3877551020408163
trec-covid-chrono-r2,26,balanced,10000,5000,5000,10000,0.5,0,29,0,-0.00014341622591018677,6728,0.7381919257729245,0.7381919257729245,1.0,0.06489675516224189,0.14454277286135694,0.44897959183673464
trec-covid-chrono-r2,26,blocker,128,64,64,128,0.5,0,3,0,-0.002072954550385475,121,0.3589542101716347,0.7381919257729245,0.4862613605476535,0.0058997050147492625,0.14454277286135694,0.04081632653061224
trec-covid-chrono-r2,26,blocker,256,128,128,256,0.5,0,5,0,-0.0008963346481323242,235,0.5388856921828065,0.7381919257729245,0.7300075676370555,0.011799410029498525,0.14454277286135694,0.08163265306122448
trec-covid-chrono-r2,26,blocker,512,256,256,512,0.5,0,9,0,-0.0006077326834201813,464,0.6745711375739728,0.7381919257729245,0.9138153832658933,0.017699115044247787,0.14454277286135694,0.12244897959183672
trec-covid-chrono-r2,26,blocker,1024,448,576,1024,0.4375,128,14,0,-0.00015466101467609406,921,0.7381919257729245,0.7381919257729245,1.0,0.032448377581120944,0.14454277286135694,0.22448979591836732
trec-covid-chrono-r2,26,blocker,2048,896,1152,2048,0.4375,256,22,0,-0.00015752576291561127,1781,0.7381919257729245,0.7381919257729245,1.0,0.05014749262536873,0.14454277286135694,0.346938775510204
trec-covid-chrono-r2,26,blocker,4096,1024,3072,4096,0.25,2048,24,0,-4.4638291001319885e-05,3681,0.7381919257729245,0.7381919257729245,1.0,0.05309734513274336,0.14454277286135694,0.36734693877551017
trec-covid-chrono-r2,26,blocker,8192,3192,5000,8192,0.3896484375,1808,29,0,-0.00014341622591018677,6033,0.7381919257729245,0.7381919257729245,1.0,0.06489675516224189,0.14454277286135694,0.44897959183673464
trec-covid-chrono-r2,26,blocker,10000,5000,5000,10000,0.5,0,29,0,-0.00014341622591018677,6728,0.7381919257729245,0.7381919257729245,1.0,0.06489675516224189,0.14454277286135694,0.44897959183673464
trec-covid-chrono-r2,27,balanced,128,64,64,128,0.5,0,5,0,-0.0005937051028013229,113,0.5755676532324865,0.92663607790064,0.6211366759391411,0.014204545454545454,0.1846590909090909,0.07692307692307691
trec-covid-chrono-r2,27,balanced,256,128,128,256,0.5,0,9,0,-8.10530036687851e-05,223,0.8630152897016882,0.92663607790064,0.9313422068099386,0.02556818181818182,0.1846590909090909,0.13846153846153847
trec-covid-chrono-r2,27,balanced,512,256,256,512,0.5,0,17,0,-0.00041191838681697845,446,0.92663607790064,0.92663607790064,1.0,0.048295454545454544,0.1846590909090909,0.26153846153846155
trec-covid-chrono-r2,27,balanced,1024,512,512,1024,0.5,0,24,0,-9.825453162193298e-06,885,0.92663607790064,0.92663607790064,1.0,0.06818181818181818,0.1846590909090909,0.3692307692307692
trec-covid-chrono-r2,27,balanced,2048,1024,1024,2048,0.5,0,28,0,-0.00011784955859184265,1757,0.92663607790064,0.92663607790064,1.0,0.07386363636363637,0.1846590909090909,0.4
trec-covid-chrono-r2,27,balanced,4096,2048,2048,4096,0.5,0,31,0,-5.220063030719757e-05,3343,0.92663607790064,0.92663607790064,1.0,0.07954545454545454,0.1846590909090909,0.43076923076923074
trec-covid-chrono-r2,27,balanced,8192,4096,4096,8192,0.5,0,40,0,-6.45071268081665e-05,6061,0.92663607790064,0.92663607790064,1.0,0.09375,0.1846590909090909,0.5076923076923077
trec-covid-chrono-r2,27,balanced,10000,5000,5000,10000,0.5,0,60,0,-5.709007382392883e-05,7139,0.92663607790064,0.92663607790064,1.0,0.13068181818181818,0.1846590909090909,0.7076923076923076
trec-covid-chrono-r2,27,blocker,128,64,64,128,0.5,0,5,0,-0.0005937051028013229,113,0.5755676532324865,0.92663607790064,0.6211366759391411,0.014204545454545454,0.1846590909090909,0.07692307692307691
trec-covid-chrono-r2,27,blocker,256,128,128,256,0.5,0,9,0,-8.10530036687851e-05,223,0.8630152897016882,0.92663607790064,0.9313422068099386,0.02556818181818182,0.1846590909090909,0.13846153846153847
trec-covid-chrono-r2,27,blocker,512,256,256,512,0.5,0,17,0,-0.00041191838681697845,446,0.92663607790064,0.92663607790064,1.0,0.048295454545454544,0.1846590909090909,0.26153846153846155
trec-covid-chrono-r2,27,blocker,1024,576,448,1024,0.5625,128,26,0,-0.0003830157220363617,887,0.92663607790064,0.92663607790064,1.0,0.07102272727272728,0.1846590909090909,0.38461538461538464
trec-covid-chrono-r2,27,blocker,2048,1408,640,2048,0.6875,768,29,0,-8.782930672168732e-05,1785,0.92663607790064,0.92663607790064,1.0,0.07670454545454546,0.1846590909090909,0.4153846153846154
trec-covid-chrono-r2,27,blocker,4096,2176,1920,4096,0.53125,256,37,0,-0.00010352395474910736,3340,0.92663607790064,0.92663607790064,1.0,0.08806818181818182,0.1846590909090909,0.47692307692307695
trec-covid-chrono-r2,27,blocker,8192,3200,4992,8192,0.390625,1792,48,0,-5.202740430831909e-05,6201,0.92663607790064,0.92663607790064,1.0,0.11079545454545454,0.1846590909090909,0.6
trec-covid-chrono-r2,27,blocker,10000,5000,5000,10000,0.5,0,60,0,-5.709007382392883e-05,7139,0.92663607790064,0.92663607790064,1.0,0.13068181818181818,0.1846590909090909,0.7076923076923076
trec-covid-chrono-r2,28,balanced,128,64,64,128,0.5,0,14,0,-0.00019042566418647766,92,0.933745776545611,0.933745776545611,1.0,0.10569105691056911,0.5772357723577236,0.18309859154929578
trec-covid-chrono-r2,28,balanced,256,128,128,256,0.5,0,25,0,-3.241188824176788e-05,197,0.933745776545611,0.933745776545611,1.0,0.18699186991869918,0.5772357723577236,0.32394366197183094
trec-covid-chrono-r2,28,balanced,512,256,256,512,0.5,0,44,0,-3.6869198083877563e-05,413,0.933745776545611,0.933745776545611,1.0,0.3333333333333333,0.5772357723577236,0.5774647887323943
trec-covid-chrono-r2,28,balanced,1024,512,512,1024,0.5,0,51,0,-0.0001529734581708908,872,0.933745776545611,0.933745776545611,1.0,0.3902439024390244,0.5772357723577236,0.676056338028169
trec-covid-chrono-r2,28,balanced,2048,1024,1024,2048,0.5,0,56,0,-3.7359073758125305e-05,1730,0.933745776545611,0.933745776545611,1.0,0.4146341463414634,0.5772357723577236,0.7183098591549295
trec-covid-chrono-r2,28,balanced,4096,2048,2048,4096,0.5,0,58,0,-0.00021242909133434296,3336,0.933745776545611,0.933745776545611,1.0,0.4146341463414634,0.5772357723577236,0.7183098591549295
trec-covid-chrono-r2,28,balanced,8192,4096,4096,8192,0.5,0,59,0,-0.00017769820988178253,6203,0.933745776545611,0.933745776545611,1.0,0.42276422764227645,0.5772357723577236,0.7323943661971831
trec-covid-chrono-r2,28,balanced,10000,5000,5000,10000,0.5,0,59,0,-0.0001347111538052559,7260,0.933745776545611,0.933745776545611,1.0,0.42276422764227645,0.5772357723577236,0.7323943661971831
trec-covid-chrono-r2,28,blocker,128,64,64,128,0.5,0,14,0,-0.00019042566418647766,92,0.933745776545611,0.933745776545611,1.0,0.10569105691056911,0.5772357723577236,0.18309859154929578
trec-covid-chrono-r2,28,blocker,256,128,128,256,0.5,0,25,0,-3.241188824176788e-05,197,0.933745776545611,0.933745776545611,1.0,0.18699186991869918,0.5772357723577236,0.32394366197183094
trec-covid-chrono-r2,28,blocker,512,192,320,512,0.375,128,48,0,-5.7112425565719604e-05,417,0.933745776545611,0.933745776545611,1.0,0.36585365853658536,0.5772357723577236,0.6338028169014084
trec-covid-chrono-r2,28,blocker,1024,256,768,1024,0.25,512,54,0,-7.58972018957138e-05,897,0.933745776545611,0.933745776545611,1.0,0.4065040650406504,0.5772357723577236,0.704225352112676
trec-covid-chrono-r2,28,blocker,2048,256,1792,2048,0.125,1536,57,0,-4.707835614681244e-06,1890,0.933745776545611,0.933745776545611,1.0,0.4146341463414634,0.5772357723577236,0.7183098591549295
trec-covid-chrono-r2,28,blocker,4096,256,3840,4096,0.0625,3584,59,0,-0.00019349250942468643,3923,0.933745776545611,0.933745776545611,1.0,0.42276422764227645,0.5772357723577236,0.7323943661971831
trec-covid-chrono-r2,28,blocker,8192,3192,5000,8192,0.3896484375,1808,59,0,-0.0001347111538052559,6357,0.933745776545611,0.933745776545611,1.0,0.42276422764227645,0.5772357723577236,0.7323943661971831
trec-covid-chrono-r2,28,blocker,10000,5000,5000,10000,0.5,0,59,0,-0.0001347111538052559,7260,0.933745776545611,0.933745776545611,1.0,0.42276422764227645,0.5772357723577236,0.7323943661971831
trec-covid-chrono-r2,29,balanced,128,64,64,128,0.5,0,11,0,-0.0005552470684051514,104,0.9305687780632227,0.9305687780632227,1.0,0.03322259136212625,0.2159468438538206,0.15384615384615385
trec-covid-chrono-r2,29,balanced,256,128,128,256,0.5,0,25,0,-0.00043218396604061127,204,0.9305687780632227,0.9305687780632227,1.0,0.06976744186046512,0.2159468438538206,0.3230769230769231
trec-covid-chrono-r2,29,balanced,512,256,256,512,0.5,0,38,0,-2.8090551495552063e-05,408,0.9305687780632227,0.9305687780632227,1.0,0.08970099667774087,0.2159468438538206,0.4153846153846154
trec-covid-chrono-r2,29,balanced,1024,512,512,1024,0.5,0,43,0,-2.514570951461792e-05,800,0.9305687780632227,0.9305687780632227,1.0,0.10299003322259136,0.2159468438538206,0.4769230769230769
trec-covid-chrono-r2,29,balanced,2048,1024,1024,2048,0.5,0,55,0,-8.586794137954712e-06,1569,0.9305687780632227,0.9305687780632227,1.0,0.12292358803986711,0.2159468438538206,0.5692307692307692
trec-covid-chrono-r2,29,balanced,4096,2048,2048,4096,0.5,0,79,0,-2.4135224521160126e-05,3033,0.9305687780632227,0.9305687780632227,1.0,0.18604651162790697,0.2159468438538206,0.8615384615384615
trec-covid-chrono-r2,29,balanced,8192,4096,4096,8192,0.5,0,91,0,-1.347903162240982e-05,5945,0.9305687780632227,0.9305687780632227,1.0,0.2059800664451827,0.2159468438538206,0.9538461538461538
trec-covid-chrono-r2,29,balanced,10000,5000,5000,10000,0.5,0,92,0,-0.00018773414194583893,7273,0.9305687780632227,0.9305687780632227,1.0,0.20930232558139536,0.2159468438538206,0.9692307692307693
trec-covid-chrono-r2,29,blocker,128,64,64,128,0.5,0,11,0,-0.0005552470684051514,104,0.9305687780632227,0.9305687780632227,1.0,0.03322259136212625,0.2159468438538206,0.15384615384615385
trec-covid-chrono-r2,29,blocker,256,128,128,256,0.5,0,25,0,-0.00043218396604061127,204,0.9305687780632227,0.9305687780632227,1.0,0.06976744186046512,0.2159468438538206,0.3230769230769231
trec-covid-chrono-r2,29,blocker,512,320,192,512,0.625,128,39,0,-0.0005362499505281448,412,0.9305687780632227,0.9305687780632227,1.0,0.09302325581395349,0.2159468438538206,0.43076923076923074
trec-covid-chrono-r2,29,blocker,1024,640,384,1024,0.625,256,48,0,-7.761642336845398e-05,818,0.9305687780632227,0.9305687780632227,1.0,0.10963455149501661,0.2159468438538206,0.5076923076923077
trec-covid-chrono-r2,29,blocker,2048,1216,832,2048,0.59375,384,64,0,-6.804708391427994e-05,1599,0.9305687780632227,0.9305687780632227,1.0,0.15282392026578073,0.2159468438538206,0.7076923076923077
trec-covid-chrono-r2,29,blocker,4096,2688,1408,4096,0.65625,1280,90,0,-4.369020462036133e-05,3166,0.9305687780632227,0.9305687780632227,1.0,0.2026578073089701,0.2159468438538206,0.9384615384615385
trec-covid-chrono-r2,29,blocker,8192,5000,3192,8192,0.6103515625,1808,92,0,-0.00018773414194583893,6071,0.9305687780632227,0.9305687780632227,1.0,0.20930232558139536,0.2159468438538206,0.9692307692307693
trec-covid-chrono-r2,29,blocker,10000,5000,5000,10000,0.5,0,92,0,-0.00018773414194583893,7273,0.9305687780632227,0.9305687780632227,1.0,0.20930232558139536,0.2159468438538206,0.9692307692307693
trec-covid-chrono-r2,30,balanced,128,64,64,128,0.5,0,17,0,-8.316338062286377e-05,103,0.6405419887082356,0.6405419887082356,1.0,0.1297709923664122,0.3893129770992366,0.3333333333333333
trec-covid-chrono-r2,30,balanced,256,128,128,256,0.5,0,19,0,-5.29363751411438e-05,221,0.6405419887082356,0.6405419887082356,1.0,0.1450381679389313,0.3893129770992366,0.37254901960784315
trec-covid-chrono-r2,30,balanced,512,256,256,512,0.5,0,22,0,-6.619654595851898e-05,431,0.6405419887082356,0.6405419887082356,1.0,0.16793893129770993,0.3893129770992366,0.43137254901960786
trec-covid-chrono-r2,30,balanced,1024,512,512,1024,0.5,0,29,0,-0.0005678944289684296,856,0.6405419887082356,0.6405419887082356,1.0,0.19083969465648856,0.3893129770992366,0.4901960784313726
trec-covid-chrono-r2,30,balanced,2048,1024,1024,2048,0.5,0,34,0,-0.0001897774636745453,1724,0.6405419887082356,0.6405419887082356,1.0,0.22900763358778625,0.3893129770992366,0.5882352941176471
trec-covid-chrono-r2,30,balanced,4096,2048,2048,4096,0.5,0,51,0,-6.000977009534836e-05,3379,0.6405419887082356,0.6405419887082356,1.0,0.26717557251908397,0.3893129770992366,0.6862745098039216
trec-covid-chrono-r2,30,balanced,8192,4096,4096,8192,0.5,0,52,0,-0.0001422753557562828,6169,0.6405419887082356,0.6405419887082356,1.0,0.26717557251908397,0.3893129770992366,0.6862745098039216
trec-covid-chrono-r2,30,balanced,10000,5000,5000,10000,0.5,0,60,0,-0.00010699592530727386,6962,0.6405419887082356,0.6405419887082356,1.0,0.3053435114503817,0.3893129770992366,0.7843137254901962
trec-covid-chrono-r2,30,blocker,128,64,64,128,0.5,0,17,0,-8.316338062286377e-05,103,0.6405419887082356,0.6405419887082356,1.0,0.1297709923664122,0.3893129770992366,0.3333333333333333
trec-covid-chrono-r2,30,blocker,256,128,128,256,0.5,0,19,0,-5.29363751411438e-05,221,0.6405419887082356,0.6405419887082356,1.0,0.1450381679389313,0.3893129770992366,0.37254901960784315
trec-covid-chrono-r2,30,blocker,512,256,256,512,0.5,0,22,0,-6.619654595851898e-05,431,0.6405419887082356,0.6405419887082356,1.0,0.16793893129770993,0.3893129770992366,0.43137254901960786
trec-covid-chrono-r2,30,blocker,1024,320,704,1024,0.3125,384,29,0,-0.00012854300439357758,885,0.6405419887082356,0.6405419887082356,1.0,0.19083969465648856,0.3893129770992366,0.4901960784313726
trec-covid-chrono-r2,30,blocker,2048,832,1216,2048,0.40625,384,48,0,-0.0003248751163482666,1754,0.6405419887082356,0.6405419887082356,1.0,0.2595419847328244,0.3893129770992366,0.6666666666666666
trec-covid-chrono-r2,30,blocker,4096,2240,1856,4096,0.546875,384,51,0,-2.0409002900123596e-05,3369,0.6405419887082356,0.6405419887082356,1.0,0.26717557251908397,0.3893129770992366,0.6862745098039216
trec-covid-chrono-r2,30,blocker,8192,4480,3712,8192,0.546875,768,60,0,-0.00017447862774133682,6100,0.6405419887082356,0.6405419887082356,1.0,0.3053435114503817,0.3893129770992366,0.7843137254901962
trec-covid-chrono-r2,30,blocker,10000,5000,5000,10000,0.5,0,60,0,-0.00010699592530727386,6962,0.6405419887082356,0.6405419887082356,1.0,0.3053435114503817,0.3893129770992366,0.7843137254901962
trec-covid-chrono-r3,1,balanced,128,64,64,128,0.5,0,3,0,-0.007791290059685707,125,0.2489083270225946,0.3441252366780633,0.723307390720239,0.005802707930367505,0.03868471953578337,0.15
trec-covid-chrono-r3,1,balanced,256,128,128,256,0.5,0,4,0,-0.005045922473073006,249,0.28050444847911155,0.3441252366780633,0.8151231545436746,0.007736943907156673,0.03868471953578337,0.19999999999999998
trec-covid-chrono-r3,1,balanced,512,256,256,512,0.5,0,6,0,-0.0003482494503259659,494,0.28050444847911155,0.3441252366780633,0.8151231545436746,0.007736943907156673,0.03868471953578337,0.19999999999999998
trec-covid-chrono-r3,1,balanced,1024,512,512,1024,0.5,0,9,0,-0.0007335711270570755,988,0.28050444847911155,0.3441252366780633,0.8151231545436746,0.007736943907156673,0.03868471953578337,0.19999999999999998
trec-covid-chrono-r3,1,balanced,2048,1024,1024,2048,0.5,0,14,0,-0.00015406683087348938,1945,0.3441252366780633,0.3441252366780633,1.0,0.013539651837524178,0.03868471953578337,0.35
trec-covid-chrono-r3,1,balanced,4096,2048,2048,4096,0.5,0,15,0,-0.0003847014158964157,3865,0.3441252366780633,0.3441252366780633,1.0,0.015473887814313346,0.03868471953578337,0.39999999999999997
trec-covid-chrono-r3,1,balanced,8192,4096,4096,8192,0.5,0,16,0,-0.0001509338617324829,7473,0.3441252366780633,0.3441252366780633,1.0,0.015473887814313346,0.03868471953578337,0.39999999999999997
trec-covid-chrono-r3,1,balanced,10000,5000,5000,10000,0.5,0,16,0,-0.00010794587433338165,8985,0.3441252366780633,0.3441252366780633,1.0,0.015473887814313346,0.03868471953578337,0.39999999999999997
trec-covid-chrono-r3,1,blocker,128,64,64,128,0.5,0,3,0,-0.007791290059685707,125,0.2489083270225946,0.3441252366780633,0.723307390720239,0.005802707930367505,0.03868471953578337,0.15
trec-covid-chrono-r3,1,blocker,256,128,128,256,0.5,0,4,0,-0.005045922473073006,249,0.28050444847911155,0.3441252366780633,0.8151231545436746,0.007736943907156673,0.03868471953578337,0.19999999999999998
trec-covid-chrono-r3,1,blocker,512,256,256,512,0.5,0,6,0,-0.0003482494503259659,494,0.28050444847911155,0.3441252366780633,0.8151231545436746,0.007736943907156673,0.03868471953578337,0.19999999999999998
trec-covid-chrono-r3,1,blocker,1024,448,576,1024,0.4375,128,9,0,-0.0006805974990129471,991,0.28050444847911155,0.3441252366780633,0.8151231545436746,0.007736943907156673,0.03868471953578337,0.19999999999999998
trec-covid-chrono-r3,1,blocker,2048,1024,1024,2048,0.5,0,14,0,-0.00015406683087348938,1945,0.3441252366780633,0.3441252366780633,1.0,0.013539651837524178,0.03868471953578337,0.35
trec-covid-chrono-r3,1,blocker,4096,2048,2048,4096,0.5,0,15,0,-0.0003847014158964157,3865,0.3441252366780633,0.3441252366780633,1.0,0.015473887814313346,0.03868471953578337,0.39999999999999997
trec-covid-chrono-r3,1,blocker,8192,3192,5000,8192,0.3896484375,1808,16,0,-0.00010794587433338165,7565,0.3441252366780633,0.3441252366780633,1.0,0.015473887814313346,0.03868471953578337,0.39999999999999997
trec-covid-chrono-r3,1,blocker,10000,5000,5000,10000,0.5,0,16,0,-0.00010794587433338165,8985,0.3441252366780633,0.3441252366780633,1.0,0.015473887814313346,0.03868471953578337,0.39999999999999997
trec-covid-chrono-r3,2,balanced,128,64,64,128,0.5,0,4,0,-0.0005913395434617996,121,0.47121349510785593,0.7678068918638812,0.613713552328199,0.02040816326530612,0.1989795918367347,0.10256410256410256
trec-covid-chrono-r3,2,balanced,256,128,128,256,0.5,0,6,0,-0.003802495077252388,242,0.6347548817281523,0.7678068918638812,0.8267116230062224,0.030612244897959183,0.1989795918367347,0.15384615384615385
trec-covid-chrono-r3,2,balanced,512,256,256,512,0.5,0,6,0,-0.0016479045152664185,487,0.6347548817281523,0.7678068918638812,0.8267116230062224,0.030612244897959183,0.1989795918367347,0.15384615384615385
trec-covid-chrono-r3,2,balanced,1024,512,512,1024,0.5,0,6,0,-5.37429004907608e-05,962,0.6347548817281523,0.7678068918638812,0.8267116230062224,0.030612244897959183,0.1989795918367347,0.15384615384615385
trec-covid-chrono-r3,2,balanced,2048,1024,1024,2048,0.5,0,11,0,-0.0002728346735239029,1938,0.7678068918638812,0.7678068918638812,1.0,0.04591836734693878,0.1989795918367347,0.23076923076923078
trec-covid-chrono-r3,2,balanced,4096,2048,2048,4096,0.5,0,14,0,-9.720399975776672e-05,3844,0.7678068918638812,0.7678068918638812,1.0,0.05102040816326531,0.1989795918367347,0.25641025641025644
trec-covid-chrono-r3,2,balanced,8192,4096,4096,8192,0.5,0,22,0,-0.00016848556697368622,7465,0.7678068918638812,0.7678068918638812,1.0,0.07142857142857142,0.1989795918367347,0.358974358974359
trec-covid-chrono-r3,2,balanced,10000,5000,5000,10000,0.5,0,22,0,-0.00012549851089715958,9044,0.7678068918638812,0.7678068918638812,1.0,0.07142857142857142,0.1989795918367347,0.358974358974359
trec-covid-chrono-r3,2,blocker,128,64,64,128,0.5,0,4,0,-0.0005913395434617996,121,0.47121349510785593,0.7678068918638812,0.613713552328199,0.02040816326530612,0.1989795918367347,0.10256410256410256
trec-covid-chrono-r3,2,blocker,256,128,128,256,0.5,0,6,0,-0.003802495077252388,242,0.6347548817281523,0.7678068918638812,0.8267116230062224,0.030612244897959183,0.1989795918367347,0.15384615384615385
trec-covid-chrono-r3,2,blocker,512,256,256,512,0.5,0,6,0,-0.0016479045152664185,487,0.6347548817281523,0.7678068918638812,0.8267116230062224,0.030612244897959183,0.1989795918367347,0.15384615384615385
trec-covid-chrono-r3,2,blocker,1024,448,576,1024,0.4375,128,7,0,-5.5674463510513306e-05,961,0.6347548817281523,0.7678068918638812,0.8267116230062224,0.030612244897959183,0.1989795918367347,0.15384615384615385
trec-covid-chrono-r3,2,blocker,2048,768,1280,2048,0.375,512,11,0,-9.65949147939682e-05,1939,0.7678068918638812,0.7678068918638812,1.0,0.04591836734693878,0.1989795918367347,0.23076923076923078
trec-covid-chrono-r3,2,blocker,4096,1152,2944,4096,0.28125,1792,15,0,-4.6797096729278564e-05,3855,0.7678068918638812,0.7678068918638812,1.0,0.05612244897959184,0.1989795918367347,0.28205128205128205
trec-covid-chrono-r3,2,blocker,8192,4224,3968,8192,0.515625,256,22,0,-0.00016129668802022934,7479,0.7678068918638812,0.7678068918638812,1.0,0.07142857142857142,0.1989795918367347,0.358974358974359
trec-covid-chrono-r3,2,blocker,10000,5000,5000,10000,0.5,0,22,0,-0.00012549851089715958,9044,0.7678068918638812,0.7678068918638812,1.0,0.07142857142857142,0.1989795918367347,0.358974358974359
trec-covid-chrono-r3,3,balanced,128,64,64,128,0.5,0,3,0,-0.0007595513015985489,124,0.46900009332067477,0.7963371462515397,0.5889466484494889,0.006711409395973154,0.11185682326621924,0.06
trec-covid-chrono-r3,3,balanced,256,128,128,256,0.5,0,6,0,-0.00046487338840961456,244,0.5899212140164507,0.7963371462515397,0.7407932893665515,0.011185682326621925,0.11185682326621924,0.1
trec-covid-chrono-r3,3,balanced,512,256,256,512,0.5,0,9,0,-0.0006505325436592102,483,0.7327163580525881,0.7963371462515397,0.9201082248914008,0.015659955257270694,0.11185682326621924,0.14
trec-covid-chrono-r3,3,balanced,1024,512,512,1024,0.5,0,15,0,-0.00047492608428001404,955,0.7963371462515397,0.7963371462515397,1.0,0.029082774049217,0.11185682326621924,0.26
trec-covid-chrono-r3,3,balanced,2048,1024,1024,2048,0.5,0,16,0,-0.0001719798892736435,1862,0.7963371462515397,0.7963371462515397,1.0,0.03131991051454139,0.11185682326621924,0.28
trec-covid-chrono-r3,3,balanced,4096,2048,2048,4096,0.5,0,17,0,-0.00031034648418426514,3657,0.7963371462515397,0.7963371462515397,1.0,0.03355704697986577,0.11185682326621924,0.3
trec-covid-chrono-r3,3,balanced,8192,4096,4096,8192,0.5,0,17,0,-7.657893002033234e-05,7078,0.7963371462515397,0.7963371462515397,1.0,0.03355704697986577,0.11185682326621924,0.3
trec-covid-chrono-r3,3,balanced,10000,5000,5000,10000,0.5,0,17,0,-3.359094262123108e-05,8548,0.7963371462515397,0.7963371462515397,1.0,0.03355704697986577,0.11185682326621924,0.3
trec-covid-chrono-r3,3,blocker,128,64,64,128,0.5,0,3,0,-0.0007595513015985489,124,0.46900009332067477,0.7963371462515397,0.5889466484494889,0.006711409395973154,0.11185682326621924,0.06
trec-covid-chrono-r3,3,blocker,256,128,128,256,0.5,0,6,0,-0.00046487338840961456,244,0.5899212140164507,0.7963371462515397,0.7407932893665515,0.011185682326621925,0.11185682326621924,0.1
trec-covid-chrono-r3,3,blocker,512,256,256,512,0.5,0,9,0,-0.0006505325436592102,483,0.7327163580525881,0.7963371462515397,0.9201082248914008,0.015659955257270694,0.11185682326621924,0.14
trec-covid-chrono-r3,3,blocker,1024,448,576,1024,0.4375,128,15,0,-0.0002990011125802994,954,0.7963371462515397,0.7963371462515397,1.0,0.029082774049217,0.11185682326621924,0.26
trec-covid-chrono-r3,3,blocker,2048,768,1280,2048,0.375,512,17,0,-0.00043928809463977814,1883,0.7963371462515397,0.7963371462515397,1.0,0.03355704697986577,0.11185682326621924,0.3
trec-covid-chrono-r3,3,blocker,4096,1024,3072,4096,0.25,2048,17,0,-0.0001552477478981018,3755,0.7963371462515397,0.7963371462515397,1.0,0.03355704697986577,0.11185682326621924,0.3
trec-covid-chrono-r3,3,blocker,8192,3192,5000,8192,0.3896484375,1808,17,0,-3.359094262123108e-05,7120,0.7963371462515397,0.7963371462515397,1.0,0.03355704697986577,0.11185682326621924,0.3
trec-covid-chrono-r3,3,blocker,10000,5000,5000,10000,0.5,0,17,0,-3.359094262123108e-05,8548,0.7963371462515397,0.7963371462515397,1.0,0.03355704697986577,0.11185682326621924,0.3
trec-covid-chrono-r3,4,balanced,128,64,64,128,0.5,0,2,0,-0.002243315801024437,124,0.3589542101716347,0.4691143802218361,0.7651741777813151,0.005747126436781609,0.09770114942528736,0.058823529411764705
trec-covid-chrono-r3,4,balanced,256,128,128,256,0.5,0,3,0,-5.1390379667282104e-06,247,0.3589542101716347,0.4691143802218361,0.7651741777813151,0.005747126436781609,0.09770114942528736,0.058823529411764705
trec-covid-chrono-r3,4,balanced,512,256,256,512,0.5,0,4,0,-0.00010849907994270325,482,0.3589542101716347,0.4691143802218361,0.7651741777813151,0.005747126436781609,0.09770114942528736,0.058823529411764705
trec-covid-chrono-r3,4,balanced,1024,512,512,1024,0.5,0,6,0,-0.00010124966502189636,937,0.3589542101716347,0.4691143802218361,0.7651741777813151,0.005747126436781609,0.09770114942528736,0.058823529411764705
trec-covid-chrono-r3,4,balanced,2048,1024,1024,2048,0.5,0,8,0,-2.5995075702667236e-05,1842,0.38340885087142135,0.4691143802218361,0.8173035554572297,0.008620689655172414,0.09770114942528736,0.08823529411764705
trec-covid-chrono-r3,4,balanced,4096,2048,2048,4096,0.5,0,14,0,-0.000312047079205513,3636,0.4691143802218361,0.4691143802218361,1.0,0.022988505747126436,0.09770114942528736,0.23529411764705882
trec-covid-chrono-r3,4,balanced,8192,4096,4096,8192,0.5,0,14,0,-7.82795250415802e-05,7001,0.4691143802218361,0.4691143802218361,1.0,0.022988505747126436,0.09770114942528736,0.23529411764705882
trec-covid-chrono-r3,4,balanced,10000,5000,5000,10000,0.5,0,14,0,-3.529153764247894e-05,8446,0.4691143802218361,0.4691143802218361,1.0,0.022988505747126436,0.09770114942528736,0.23529411764705882
trec-covid-chrono-r3,4,blocker,128,64,64,128,0.5,0,2,0,-0.002243315801024437,124,0.3589542101716347,0.4691143802218361,0.7651741777813151,0.005747126436781609,0.09770114942528736,0.058823529411764705
trec-covid-chrono-r3,4,blocker,256,128,128,256,0.5,0,3,0,-5.1390379667282104e-06,247,0.3589542101716347,0.4691143802218361,0.7651741777813151,0.005747126436781609,0.09770114942528736,0.058823529411764705
trec-covid-chrono-r3,4,blocker,512,256,256,512,0.5,0,4,0,-0.00010849907994270325,482,0.3589542101716347,0.4691143802218361,0.7651741777813151,0.005747126436781609,0.09770114942528736,0.058823529411764705
trec-covid-chrono-r3,4,blocker,1024,448,576,1024,0.4375,128,6,0,-4.8276036977767944e-05,940,0.3589542101716347,0.4691143802218361,0.7651741777813151,0.005747126436781609,0.09770114942528736,0.058823529411764705
trec-covid-chrono-r3,4,blocker,2048,768,1280,2048,0.375,512,10,0,-3.4943222999572754e-06,1862,0.4691143802218361,0.4691143802218361,1.0,0.014367816091954023,0.09770114942528736,0.14705882352941174
trec-covid-chrono-r3,4,blocker,4096,768,3328,4096,0.1875,2560,14,0,-0.00013282150030136108,3801,0.4691143802218361,0.4691143802218361,1.0,0.022988505747126436,0.09770114942528736,0.23529411764705882
trec-covid-chrono-r3,4,blocker,8192,3192,5000,8192,0.3896484375,1808,14,0,-3.529153764247894e-05,7068,0.4691143802218361,0.4691143802218361,1.0,0.022988505747126436,0.09770114942528736,0.23529411764705882
trec-covid-chrono-r3,4,blocker,10000,5000,5000,10000,0.5,0,14,0,-3.529153764247894e-05,8446,0.4691143802218361,0.4691143802218361,1.0,0.022988505747126436,0.09770114942528736,0.23529411764705882
trec-covid-chrono-r3,5,balanced,128,64,64,128,0.5,0,7,0,-0.0010418090969324112,118,0.4695187678680371,0.5801236613676691,0.8093425576904143,0.012345679012345678,0.12962962962962962,0.09523809523809523
trec-covid-chrono-r3,5,balanced,256,128,128,256,0.5,0,10,0,-0.00043227337300777435,227,0.5801236613676691,0.5801236613676691,1.0,0.018518518518518517,0.12962962962962962,0.14285714285714285
trec-covid-chrono-r3,5,balanced,512,256,256,512,0.5,0,14,0,-0.0003849845379590988,423,0.5801236613676691,0.5801236613676691,1.0,0.024691358024691357,0.12962962962962962,0.19047619047619047
trec-covid-chrono-r3,5,balanced,1024,512,512,1024,0.5,0,22,0,-0.00012699700891971588,821,0.5801236613676691,0.5801236613676691,1.0,0.03497942386831276,0.12962962962962962,0.2698412698412699
trec-covid-chrono-r3,5,balanced,2048,1024,1024,2048,0.5,0,43,0,-3.4011900424957275e-06,1621,0.5801236613676691,0.5801236613676691,1.0,0.06584362139917696,0.12962962962962962,0.507936507936508
trec-covid-chrono-r3,5,balanced,4096,2048,2048,4096,0.5,0,49,0,-0.00038081221282482147,3216,0.5801236613676691,0.5801236613676691,1.0,0.0720164609053498,0.12962962962962962,0.5555555555555556
trec-covid-chrono-r3,5,balanced,8192,4096,4096,8192,0.5,0,49,0,-0.00014704465866088867,6343,0.5801236613676691,0.5801236613676691,1.0,0.0720164609053498,0.12962962962962962,0.5555555555555556
trec-covid-chrono-r3,5,balanced,10000,5000,5000,10000,0.5,0,49,0,-0.00010405760258436203,7641,0.5801236613676691,0.5801236613676691,1.0,0.0720164609053498,0.12962962962962962,0.5555555555555556
trec-covid-chrono-r3,5,blocker,128,64,64,128,0.5,0,7,0,-0.0010418090969324112,118,0.4695187678680371,0.5801236613676691,0.8093425576904143,0.012345679012345678,0.12962962962962962,0.09523809523809523
trec-covid-chrono-r3,5,blocker,256,128,128,256,0.5,0,10,0,-0.00043227337300777435,227,0.5801236613676691,0.5801236613676691,1.0,0.018518518518518517,0.12962962962962962,0.14285714285714285
trec-covid-chrono-r3,5,blocker,512,256,256,512,0.5,0,14,0,-0.0003849845379590988,423,0.5801236613676691,0.5801236613676691,1.0,0.024691358024691357,0.12962962962962962,0.19047619047619047
trec-covid-chrono-r3,5,blocker,1024,640,384,1024,0.625,256,23,0,-4.851445555686951e-05,832,0.5801236613676691,0.5801236613676691,1.0,0.037037037037037035,0.12962962962962962,0.2857142857142857
trec-covid-chrono-r3,5,blocker,2048,960,1088,2048,0.46875,128,44,0,-0.00015635602176189423,1625,0.5801236613676691,0.5801236613676691,1.0,0.06584362139917696,0.12962962962962962,0.507936507936508
trec-covid-chrono-r3,5,blocker,4096,960,3136,4096,0.234375,2176,49,0,-0.00021931994706392288,3453,0.5801236613676691,0.5801236613676691,1.0,0.0720164609053498,0.12962962962962962,0.5555555555555556
trec-covid-chrono-r3,5,blocker,8192,3192,5000,8192,0.3896484375,1808,49,0,-0.00010405760258436203,6436,0.5801236613676691,0.5801236613676691,1.0,0.0720164609053498,0.12962962962962962,0.5555555555555556
trec-covid-chrono-r3,5,blocker,10000,5000,5000,10000,0.5,0,49,0,-0.00010405760258436203,7641,0.5801236613676691,0.5801236613676691,1.0,0.0720164609053498,0.12962962962962962,0.5555555555555556
trec-covid-chrono-r3,6,balanced,128,64,64,128,0.5,0,4,0,-0.0002076607197523117,119,0.5637884576902256,0.841492960259019,0.6699859467828304,0.005383580080753701,0.08209959623149395,0.06557377049180328
trec-covid-chrono-r3,6,balanced,256,128,128,256,0.5,0,8,0,-0.0015243906527757645,241,0.7116179486056782,0.841492960259019,0.845661202426026,0.008075370121130552,0.08209959623149395,0.09836065573770492
trec-covid-chrono-r3,6,balanced,512,256,256,512,0.5,0,9,0,-0.0003243591636419296,478,0.7778721720600672,0.841492960259019,0.9243953411334912,0.009421265141318977,0.08209959623149395,0.11475409836065574
trec-covid-chrono-r3,6,balanced,1024,512,512,1024,0.5,0,10,0,-7.487088441848755e-05,943,0.841492960259019,0.841492960259019,1.0,0.010767160161507403,0.08209959623149395,0.13114754098360656
trec-covid-chrono-r3,6,balanced,2048,1024,1024,2048,0.5,0,11,0,-0.0002473406493663788,1864,0.841492960259019,0.841492960259019,1.0,0.012113055181695828,0.08209959623149395,0.14754098360655737
trec-covid-chrono-r3,6,balanced,4096,2048,2048,4096,0.5,0,13,0,-0.0001744478940963745,3684,0.841492960259019,0.841492960259019,1.0,0.014804845222072678,0.08209959623149395,0.18032786885245902
trec-covid-chrono-r3,6,balanced,8192,4096,4096,8192,0.5,0,17,0,-5.956925451755524e-05,7218,0.841492960259019,0.841492960259019,1.0,0.018842530282637954,0.08209959623149395,0.22950819672131148
trec-covid-chrono-r3,6,balanced,10000,5000,5000,10000,0.5,0,17,0,-1.658126711845398e-05,8749,0.841492960259019,0.841492960259019,1.0,0.018842530282637954,0.08209959623149395,0.22950819672131148
trec-covid-chrono-r3,6,blocker,128,64,64,128,0.5,0,4,0,-0.0002076607197523117,119,0.5637884576902256,0.841492960259019,0.6699859467828304,0.005383580080753701,0.08209959623149395,0.06557377049180328
trec-covid-chrono-r3,6,blocker,256,128,128,256,0.5,0,8,0,-0.0015243906527757645,241,0.7116179486056782,0.841492960259019,0.845661202426026,0.008075370121130552,0.08209959623149395,0.09836065573770492
trec-covid-chrono-r3,6,blocker,512,256,256,512,0.5,0,9,0,-0.0003243591636419296,478,0.7778721720600672,0.841492960259019,0.9243953411334912,0.009421265141318977,0.08209959623149395,0.11475409836065574
trec-covid-chrono-r3,6,blocker,1024,576,448,1024,0.5625,128,11,0,-0.0008971597999334335,942,0.841492960259019,0.841492960259019,1.0,0.012113055181695828,0.08209959623149395,0.14754098360655737
trec-covid-chrono-r3,6,blocker,2048,1280,768,2048,0.625,512,11,0,-7.110089063644409e-05,1873,0.841492960259019,0.841492960259019,1.0,0.012113055181695828,0.08209959623149395,0.14754098360655737
trec-covid-chrono-r3,6,blocker,4096,2944,1152,4096,0.71875,1792,13,0,-3.295391798019409e-05,3748,0.841492960259019,0.841492960259019,1.0,0.014804845222072678,0.08209959623149395,0.18032786885245902
trec-covid-chrono-r3,6,blocker,8192,3328,4864,8192,0.40625,1536,17,0,-2.2038817405700684e-05,7285,0.841492960259019,0.841492960259019,1.0,0.018842530282637954,0.08209959623149395,0.22950819672131148
trec-covid-chrono-r3,6,blocker,10000,5000,5000,10000,0.5,0,17,0,-1.658126711845398e-05,8749,0.841492960259019,0.841492960259019,1.0,0.018842530282637954,0.08209959623149395,0.22950819672131148
trec-covid-chrono-r3,7,balanced,128,64,64,128,0.5,0,7,0,-0.0001987908035516739,118,0.6906478832608418,0.8899541168509599,0.776048866097334,0.022304832713754646,0.2342007434944238,0.09523809523809523
trec-covid-chrono-r3,7,balanced,256,128,128,256,0.5,0,11,0,-0.0004723016172647476,221,0.8899541168509599,0.8899541168509599,1.0,0.03717472118959108,0.2342007434944238,0.15873015873015872
trec-covid-chrono-r3,7,balanced,512,256,256,512,0.5,0,15,0,-0.0007213838398456573,428,0.8899541168509599,0.8899541168509599,1.0,0.05204460966542751,0.2342007434944238,0.2222222222222222
trec-covid-chrono-r3,7,balanced,1024,512,512,1024,0.5,0,18,0,-0.00015547685325145721,837,0.8899541168509599,0.8899541168509599,1.0,0.05947955390334572,0.2342007434944238,0.25396825396825395
trec-covid-chrono-r3,7,balanced,2048,1024,1024,2048,0.5,0,23,0,-5.4327771067619324e-05,1623,0.8899541168509599,0.8899541168509599,1.0,0.06691449814126393,0.2342007434944238,0.2857142857142857
trec-covid-chrono-r3,7,balanced,4096,2048,2048,4096,0.5,0,24,0,-0.00014796480536460876,3243,0.8899541168509599,0.8899541168509599,1.0,0.07063197026022305,0.2342007434944238,0.3015873015873016
trec-covid-chrono-r3,7,balanced,8192,4096,4096,8192,0.5,0,100,1,-inf,6458,0.8899541168509599,0.8899541168509599,1.0,0.2342007434944238,0.2342007434944238,1.0
trec-covid-chrono-r3,7,balanced,10000,5000,5000,10000,0.5,0,100,1,-inf,7899,0.8899541168509599,0.8899541168509599,1.0,0.2342007434944238,0.2342007434944238,1.0
trec-covid-chrono-r3,7,blocker,128,64,64,128,0.5,0,7,0,-0.0001987908035516739,118,0.6906478832608418,0.8899541168509599,0.776048866097334,0.022304832713754646,0.2342007434944238,0.09523809523809523
trec-covid-chrono-r3,7,blocker,256,128,128,256,0.5,0,11,0,-0.0004723016172647476,221,0.8899541168509599,0.8899541168509599,1.0,0.03717472118959108,0.2342007434944238,0.15873015873015872
trec-covid-chrono-r3,7,blocker,512,256,256,512,0.5,0,15,0,-0.0007213838398456573,428,0.8899541168509599,0.8899541168509599,1.0,0.05204460966542751,0.2342007434944238,0.2222222222222222
trec-covid-chrono-r3,7,blocker,1024,384,640,1024,0.375,256,19,0,-8.319690823554993e-05,857,0.8899541168509599,0.8899541168509599,1.0,0.05947955390334572,0.2342007434944238,0.25396825396825395
trec-covid-chrono-r3,7,blocker,2048,640,1408,2048,0.3125,768,24,0,-0.0003547798842191696,1670,0.8899541168509599,0.8899541168509599,1.0,0.07063197026022305,0.2342007434944238,0.3015873015873016
trec-covid-chrono-r3,7,blocker,4096,1856,2240,4096,0.453125,384,34,0,-8.534081280231476e-05,3246,0.8899541168509599,0.8899541168509599,1.0,0.09293680297397769,0.2342007434944238,0.3968253968253968
trec-covid-chrono-r3,7,blocker,8192,4096,4096,8192,0.5,0,100,1,-inf,6458,0.8899541168509599,0.8899541168509599,1.0,0.2342007434944238,0.2342007434944238,1.0
trec-covid-chrono-r3,7,blocker,10000,5000,5000,10000,0.5,0,100,1,-inf,7899,0.8899541168509599,0.8899541168509599,1.0,0.2342007434944238,0.2342007434944238,1.0
trec-covid-chrono-r3,8,balanced,128,64,64,128,0.5,0,1,0,-0.002435052767395973,126,0.22009176629808017,0.8610421533275232,0.25561090760484717,0.002150537634408602,0.12258064516129032,0.01754385964912281
trec-covid-chrono-r3,8,balanced,256,128,128,256,0.5,0,3,0,-0.0011200141161680222,251,0.46900009332067477,0.8610421533275232,0.5446888883525736,0.0064516129032258064,0.12258064516129032,0.052631578947368425
trec-covid-chrono-r3,8,balanced,512,256,256,512,0.5,0,5,0,-0.002017369493842125,492,0.5541432109622958,0.8610421533275232,0.6435726855192777,0.008602150537634409,0.12258064516129032,0.07017543859649124
trec-covid-chrono-r3,8,balanced,1024,512,512,1024,0.5,0,6,0,-0.0003636367619037628,974,0.6325414799409712,0.8610421533275232,0.734623127911329,0.010752688172043012,0.12258064516129032,0.08771929824561404
trec-covid-chrono-r3,8,balanced,2048,1024,1024,2048,0.5,0,10,0,-5.8434903621673584e-05,1915,0.8610421533275232,0.8610421533275232,1.0,0.01935483870967742,0.12258064516129032,0.15789473684210528
trec-covid-chrono-r3,8,balanced,4096,2048,2048,4096,0.5,0,13,0,-0.00036782585084438324,3759,0.8610421533275232,0.8610421533275232,1.0,0.023655913978494623,0.12258064516129032,0.19298245614035087
trec-covid-chrono-r3,8,balanced,8192,4096,4096,8192,0.5,0,13,0,-0.00013405829668045044,7248,0.8610421533275232,0.8610421533275232,1.0,0.023655913978494623,0.12258064516129032,0.19298245614035087
trec-covid-chrono-r3,8,balanced,10000,5000,5000,10000,0.5,0,13,0,-9.107030928134918e-05,8749,0.8610421533275232,0.8610421533275232,1.0,0.023655913978494623,0.12258064516129032,0.19298245614035087
trec-covid-chrono-r3,8,blocker,128,64,64,128,0.5,0,1,0,-0.002435052767395973,126,0.22009176629808017,0.8610421533275232,0.25561090760484717,0.002150537634408602,0.12258064516129032,0.01754385964912281
trec-covid-chrono-r3,8,blocker,256,128,128,256,0.5,0,3,0,-0.0011200141161680222,251,0.46900009332067477,0.8610421533275232,0.5446888883525736,0.0064516129032258064,0.12258064516129032,0.052631578947368425
trec-covid-chrono-r3,8,blocker,512,256,256,512,0.5,0,5,0,-0.002017369493842125,492,0.5541432109622958,0.8610421533275232,0.6435726855192777,0.008602150537634409,0.12258064516129032,0.07017543859649124
trec-covid-chrono-r3,8,blocker,1024,448,576,1024,0.4375,128,6,0,-0.0003106631338596344,970,0.6325414799409712,0.8610421533275232,0.734623127911329,0.010752688172043012,0.12258064516129032,0.08771929824561404
trec-covid-chrono-r3,8,blocker,2048,896,1152,2048,0.4375,256,11,0,-0.0007727984338998795,1929,0.8610421533275232,0.8610421533275232,1.0,0.01935483870967742,0.12258064516129032,0.15789473684210528
trec-covid-chrono-r3,8,blocker,4096,1536,2560,4096,0.375,1024,13,0,-0.0002751220017671585,3782,0.8610421533275232,0.8610421533275232,1.0,0.023655913978494623,0.12258064516129032,0.19298245614035087
trec-covid-chrono-r3,8,blocker,8192,3192,5000,8192,0.3896484375,1808,13,0,-9.107030928134918e-05,7299,0.8610421533275232,0.8610421533275232,1.0,0.023655913978494623,0.12258064516129032,0.19298245614035087
trec-covid-chrono-r3,8,blocker,10000,5000,5000,10000,0.5,0,13,0,-9.107030928134918e-05,8749,0.8610421533275232,0.8610421533275232,1.0,0.023655913978494623,0.12258064516129032,0.19298245614035087
trec-covid-chrono-r3,9,balanced,128,64,64,128,0.5,0,5,0,-0.0007595513015985489,115,0.24060740518678825,0.5183119077555816,0.4642135393506155,0.024,0.232,0.10344827586206896
trec-covid-chrono-r3,9,balanced,256,128,128,256,0.5,0,9,0,-5.219317972660065e-05,239,0.4546911195566299,0.5183119077555816,0.8772538557440338,0.048,0.232,0.20689655172413793
trec-covid-chrono-r3,9,balanced,512,256,256,512,0.5,0,14,0,-0.00041271932423114777,486,0.5183119077555816,0.5183119077555816,1.0,0.08,0.232,0.3448275862068965
trec-covid-chrono-r3,9,balanced,1024,512,512,1024,0.5,0,16,0,-7.59512186050415e-05,962,0.5183119077555816,0.5183119077555816,1.0,0.08,0.232,0.3448275862068965
trec-covid-chrono-r3,9,balanced,2048,1024,1024,2048,0.5,0,19,0,-0.00010227598249912262,1907,0.5183119077555816,0.5183119077555816,1.0,0.08,0.232,0.3448275862068965
trec-covid-chrono-r3,9,balanced,4096,2048,2048,4096,0.5,0,28,0,-0.0001994892954826355,3784,0.5183119077555816,0.5183119077555816,1.0,0.112,0.232,0.48275862068965514
trec-covid-chrono-r3,9,balanced,8192,4096,4096,8192,0.5,0,29,0,-0.00020861439406871796,7283,0.5183119077555816,0.5183119077555816,1.0,0.112,0.232,0.48275862068965514
trec-covid-chrono-r3,9,balanced,10000,5000,5000,10000,0.5,0,29,0,-0.0001656264066696167,8775,0.5183119077555816,0.5183119077555816,1.0,0.112,0.232,0.48275862068965514
trec-covid-chrono-r3,9,blocker,128,64,64,128,0.5,0,5,0,-0.0007595513015985489,115,0.24060740518678825,0.5183119077555816,0.4642135393506155,0.024,0.232,0.10344827586206896
trec-covid-chrono-r3,9,blocker,256,128,128,256,0.5,0,9,0,-5.219317972660065e-05,239,0.4546911195566299,0.5183119077555816,0.8772538557440338,0.048,0.232,0.20689655172413793
trec-covid-chrono-r3,9,blocker,512,256,256,512,0.5,0,14,0,-0.00041271932423114777,486,0.5183119077555816,0.5183119077555816,1.0,0.08,0.232,0.3448275862068965
trec-covid-chrono-r3,9,blocker,1024,512,512,1024,0.5,0,16,0,-7.59512186050415e-05,962,0.5183119077555816,0.5183119077555816,1.0,0.08,0.232,0.3448275862068965
trec-covid-chrono-r3,9,blocker,2048,1408,640,2048,0.6875,768,20,0,-0.00012761913239955902,1923,0.5183119077555816,0.5183119077555816,1.0,0.088,0.232,0.3793103448275862
trec-covid-chrono-r3,9,blocker,4096,1664,2432,4096,0.40625,768,28,0,-0.0001263897866010666,3803,0.5183119077555816,0.5183119077555816,1.0,0.112,0.232,0.48275862068965514
trec-covid-chrono-r3,9,blocker,8192,3192,5000,8192,0.3896484375,1808,29,0,-0.0001656264066696167,7360,0.5183119077555816,0.5183119077555816,1.0,0.112,0.232,0.48275862068965514
trec-covid-chrono-r3,9,blocker,10000,5000,5000,10000,0.5,0,29,0,-0.0001656264066696167,8775,0.5183119077555816,0.5183119077555816,1.0,0.112,0.232,0.48275862068965514
trec-covid-chrono-r3,10,balanced,128,64,64,128,0.5,0,5,0,-3.982521593570709e-05,113,0.5563566127494769,0.8551595247651801,0.650588102731181,0.013966480446927373,0.21787709497206703,0.0641025641025641
trec-covid-chrono-r3,10,balanced,256,128,128,256,0.5,0,13,0,-0.00012055039405822754,205,0.8551595247651801,0.8551595247651801,1.0,0.036312849162011177,0.21787709497206703,0.16666666666666669
trec-covid-chrono-r3,10,balanced,512,256,256,512,0.5,0,29,0,-0.00020801275968551636,400,0.8551595247651801,0.8551595247651801,1.0,0.0782122905027933,0.21787709497206703,0.358974358974359
trec-covid-chrono-r3,10,balanced,1024,512,512,1024,0.5,0,38,0,-0.0001056864857673645,792,0.8551595247651801,0.8551595247651801,1.0,0.1005586592178771,0.21787709497206703,0.46153846153846156
trec-covid-chrono-r3,10,balanced,2048,1024,1024,2048,0.5,0,42,0,-3.8003548979759216e-05,1590,0.8551595247651801,0.8551595247651801,1.0,0.11173184357541899,0.21787709497206703,0.5128205128205128
trec-covid-chrono-r3,10,balanced,4096,2048,2048,4096,0.5,0,45,0,-0.0004515312612056732,3125,0.8551595247651801,0.8551595247651801,1.0,0.12011173184357542,0.21787709497206703,0.5512820512820513
trec-covid-chrono-r3,10,balanced,8192,4096,4096,8192,0.5,0,100,1,-inf,6307,0.8551595247651801,0.8551595247651801,1.0,0.21787709497206703,0.21787709497206703,1.0
trec-covid-chrono-r3,10,balanced,10000,5000,5000,10000,0.5,0,100,1,-inf,7657,0.8551595247651801,0.8551595247651801,1.0,0.21787709497206703,0.21787709497206703,1.0
trec-covid-chrono-r3,10,blocker,128,64,64,128,0.5,0,5,0,-3.982521593570709e-05,113,0.5563566127494769,0.8551595247651801,0.650588102731181,0.013966480446927373,0.21787709497206703,0.0641025641025641
trec-covid-chrono-r3,10,blocker,256,128,128,256,0.5,0,13,0,-0.00012055039405822754,205,0.8551595247651801,0.8551595247651801,1.0,0.036312849162011177,0.21787709497206703,0.16666666666666669
trec-covid-chrono-r3,10,blocker,512,256,256,512,0.5,0,29,0,-0.00020801275968551636,400,0.8551595247651801,0.8551595247651801,1.0,0.0782122905027933,0.21787709497206703,0.358974358974359
trec-covid-chrono-r3,10,blocker,1024,704,320,1024,0.6875,384,41,0,-0.00018323026597499847,815,0.8551595247651801,0.8551595247651801,1.0,0.10893854748603352,0.21787709497206703,0.5
trec-covid-chrono-r3,10,blocker,2048,1600,448,2048,0.78125,1152,44,0,-0.0005795564502477646,1720,0.8551595247651801,0.8551595247651801,1.0,0.11731843575418995,0.21787709497206703,0.5384615384615384
trec-covid-chrono-r3,10,blocker,4096,2560,1536,4096,0.625,1024,100,1,-inf,3163,0.8551595247651801,0.8551595247651801,1.0,0.21787709497206703,0.21787709497206703,1.0
trec-covid-chrono-r3,10,blocker,8192,4096,4096,8192,0.5,0,100,1,-inf,6307,0.8551595247651801,0.8551595247651801,1.0,0.21787709497206703,0.21787709497206703,1.0
trec-covid-chrono-r3,10,blocker,10000,5000,5000,10000,0.5,0,100,1,-inf,7657,0.8551595247651801,0.8551595247651801,1.0,0.21787709497206703,0.21787709497206703,1.0
trec-covid-chrono-r3,11,balanced,128,64,64,128,0.5,0,9,0,-0.0035073086619377136,118,0.6079393885824551,0.6079393885824551,1.0,0.021739130434782608,0.07763975155279502,0.28
trec-covid-chrono-r3,11,balanced,256,128,128,256,0.5,0,9,0,-0.0007619410753250122,240,0.6079393885824551,0.6079393885824551,1.0,0.021739130434782608,0.07763975155279502,0.28
trec-covid-chrono-r3,11,balanced,512,256,256,512,0.5,0,15,0,-1.9391998648643494e-05,475,0.6079393885824551,0.6079393885824551,1.0,0.027950310559006212,0.07763975155279502,0.36000000000000004
trec-covid-chrono-r3,11,balanced,1024,512,512,1024,0.5,0,17,0,-0.0009218845516443253,928,0.6079393885824551,0.6079393885824551,1.0,0.031055900621118012,0.07763975155279502,0.4
trec-covid-chrono-r3,11,balanced,2048,1024,1024,2048,0.5,0,17,0,-9.614042937755585e-05,1822,0.6079393885824551,0.6079393885824551,1.0,0.031055900621118012,0.07763975155279502,0.4
trec-covid-chrono-r3,11,balanced,4096,2048,2048,4096,0.5,0,21,0,-0.00023652799427509308,3647,0.6079393885824551,0.6079393885824551,1.0,0.034161490683229816,0.07763975155279502,0.44000000000000006
trec-covid-chrono-r3,11,balanced,8192,4096,4096,8192,0.5,0,21,0,-2.7604401111602783e-06,7113,0.6079393885824551,0.6079393885824551,1.0,0.034161490683229816,0.07763975155279502,0.44000000000000006
trec-covid-chrono-r3,11,balanced,10000,5000,5000,10000,0.5,0,23,0,-0.00018753763288259506,8613,0.6079393885824551,0.6079393885824551,1.0,0.034161490683229816,0.07763975155279502,0.44000000000000006
trec-covid-chrono-r3,11,blocker,128,64,64,128,0.5,0,9,0,-0.0035073086619377136,118,0.6079393885824551,0.6079393885824551,1.0,0.021739130434782608,0.07763975155279502,0.28
trec-covid-chrono-r3,11,blocker,256,128,128,256,0.5,0,9,0,-0.0007619410753250122,240,0.6079393885824551,0.6079393885824551,1.0,0.021739130434782608,0.07763975155279502,0.28
trec-covid-chrono-r3,11,blocker,512,256,256,512,0.5,0,15,0,-1.9391998648643494e-05,475,0.6079393885824551,0.6079393885824551,1.0,0.027950310559006212,0.07763975155279502,0.36000000000000004
trec-covid-chrono-r3,11,blocker,1024,640,384,1024,0.625,256,17,0,-0.0006574429571628571,930,0.6079393885824551,0.6079393885824551,1.0,0.031055900621118012,0.07763975155279502,0.4
trec-covid-chrono-r3,11,blocker,2048,1408,640,2048,0.6875,768,18,0,-0.0001895427703857422,1850,0.6079393885824551,0.6079393885824551,1.0,0.031055900621118012,0.07763975155279502,0.4
trec-covid-chrono-r3,11,blocker,4096,1984,2112,4096,0.484375,128,21,0,-0.00022254884243011475,3644,0.6079393885824551,0.6079393885824551,1.0,0.034161490683229816,0.07763975155279502,0.44000000000000006
trec-covid-chrono-r3,11,blocker,8192,4032,4160,8192,0.4921875,128,22,0,-3.995373845100403e-06,7114,0.6079393885824551,0.6079393885824551,1.0,0.034161490683229816,0.07763975155279502,0.44000000000000006
trec-covid-chrono-r3,11,blocker,10000,5000,5000,10000,0.5,0,23,0,-0.00018753763288259506,8613,0.6079393885824551,0.6079393885824551,1.0,0.034161490683229816,0.07763975155279502,0.44000000000000006
trec-covid-chrono-r3,12,balanced,128,64,64,128,0.5,0,2,0,-0.003487890586256981,124,0.3589542101716347,0.3589542101716347,1.0,0.003484320557491289,0.05400696864111498,0.06451612903225806
trec-covid-chrono-r3,12,balanced,256,128,128,256,0.5,0,2,0,-0.000720364972949028,248,0.3589542101716347,0.3589542101716347,1.0,0.003484320557491289,0.05400696864111498,0.06451612903225806
trec-covid-chrono-r3,12,balanced,512,256,256,512,0.5,0,6,0,-0.0003860071301460266,481,0.3589542101716347,0.3589542101716347,1.0,0.003484320557491289,0.05400696864111498,0.06451612903225806
trec-covid-chrono-r3,12,balanced,1024,512,512,1024,0.5,0,12,0,-0.0009186882525682449,952,0.3589542101716347,0.3589542101716347,1.0,0.005226480836236934,0.05400696864111498,0.09677419354838711
trec-covid-chrono-r3,12,balanced,2048,1024,1024,2048,0.5,0,12,0,-9.294599294662476e-05,1902,0.3589542101716347,0.3589542101716347,1.0,0.005226480836236934,0.05400696864111498,0.09677419354838711
trec-covid-chrono-r3,12,balanced,4096,2048,2048,4096,0.5,0,13,0,-0.00020115822553634644,3735,0.3589542101716347,0.3589542101716347,1.0,0.006968641114982578,0.05400696864111498,0.12903225806451613
trec-covid-chrono-r3,12,balanced,8192,4096,4096,8192,0.5,0,15,0,-0.00021401606500148773,7232,0.3589542101716347,0.3589542101716347,1.0,0.008710801393728223,0.05400696864111498,0.16129032258064516
trec-covid-chrono-r3,12,balanced,10000,5000,5000,10000,0.5,0,19,0,-0.00010799616575241089,8716,0.3589542101716347,0.3589542101716347,1.0,0.012195121951219513,0.05400696864111498,0.22580645161290322
trec-covid-chrono-r3,12,blocker,128,64,64,128,0.5,0,2,0,-0.003487890586256981,124,0.3589542101716347,0.3589542101716347,1.0,0.003484320557491289,0.05400696864111498,0.06451612903225806
trec-covid-chrono-r3,12,blocker,256,128,128,256,0.5,0,2,0,-0.000720364972949028,248,0.3589542101716347,0.3589542101716347,1.0,0.003484320557491289,0.05400696864111498,0.06451612903225806
trec-covid-chrono-r3,12,blocker,512,256,256,512,0.5,0,6,0,-0.0003860071301460266,481,0.3589542101716347,0.3589542101716347,1.0,0.003484320557491289,0.05400696864111498,0.06451612903225806
trec-covid-chrono-r3,12,blocker,1024,384,640,1024,0.375,256,12,0,-0.0006290394812822342,954,0.3589542101716347,0.3589542101716347,1.0,0.005226480836236934,0.05400696864111498,0.09677419354838711
trec-covid-chrono-r3,12,blocker,2048,768,1280,2048,0.375,512,13,0,-0.00047304295003414154,1909,0.3589542101716347,0.3589542101716347,1.0,0.006968641114982578,0.05400696864111498,0.12903225806451613
trec-covid-chrono-r3,12,blocker,4096,1152,2944,4096,0.28125,1792,13,0,-5.9664249420166016e-05,3790,0.3589542101716347,0.3589542101716347,1.0,0.006968641114982578,0.05400696864111498,0.12903225806451613
trec-covid-chrono-r3,12,blocker,8192,4032,4160,8192,0.4921875,128,18,0,-0.00015474669635295868,7235,0.3589542101716347,0.3589542101716347,1.0,0.012195121951219513,0.05400696864111498,0.22580645161290322
trec-covid-chrono-r3,12,blocker,10000,5000,5000,10000,0.5,0,19,0,-0.00010799616575241089,8716,0.3589542101716347,0.3589542101716347,1.0,0.012195121951219513,0.05400696864111498,0.22580645161290322
trec-covid-chrono-r3,13,balanced,128,64,64,128,0.5,0,10,0,-0.00010655820369720459,110,0.7581573304569279,0.7581573304569279,1.0,0.011527377521613832,0.09510086455331412,0.1212121212121212
trec-covid-chrono-r3,13,balanced,256,128,128,256,0.5,0,14,0,-0.000557243824005127,230,0.7581573304569279,0.7581573304569279,1.0,0.01729106628242075,0.09510086455331412,0.18181818181818182
trec-covid-chrono-r3,13,balanced,512,256,256,512,0.5,0,17,0,-1.8615275621414185e-05,466,0.7581573304569279,0.7581573304569279,1.0,0.021613832853025938,0.09510086455331412,0.22727272727272727
trec-covid-chrono-r3,13,balanced,1024,512,512,1024,0.5,0,19,0,-0.0006239134818315506,931,0.7581573304569279,0.7581573304569279,1.0,0.024495677233429394,0.09510086455331412,0.25757575757575757
trec-covid-chrono-r3,13,balanced,2048,1024,1024,2048,0.5,0,21,0,-0.00019135139882564545,1866,0.7581573304569279,0.7581573304569279,1.0,0.025936599423631124,0.09510086455331412,0.2727272727272727
trec-covid-chrono-r3,13,balanced,4096,2048,2048,4096,0.5,0,22,0,-0.00043973512947559357,3539,0.7581573304569279,0.7581573304569279,1.0,0.027377521613832854,0.09510086455331412,0.2878787878787879
trec-covid-chrono-r3,13,balanced,8192,4096,4096,8192,0.5,0,24,0,-0.00018244609236717224,6821,0.7581573304569279,0.7581573304569279,1.0,0.03025936599423631,0.09510086455331412,0.3181818181818182
trec-covid-chrono-r3,13,balanced,10000,5000,5000,10000,0.5,0,24,0,-0.00013945810496807098,8358,0.7581573304569279,0.7581573304569279,1.0,0.03025936599423631,0.09510086455331412,0.3181818181818182
trec-covid-chrono-r3,13,blocker,128,64,64,128,0.5,0,10,0,-0.00010655820369720459,110,0.7581573304569279,0.7581573304569279,1.0,0.011527377521613832,0.09510086455331412,0.1212121212121212
trec-covid-chrono-r3,13,blocker,256,128,128,256,0.5,0,14,0,-0.000557243824005127,230,0.7581573304569279,0.7581573304569279,1.0,0.01729106628242075,0.09510086455331412,0.18181818181818182
trec-covid-chrono-r3,13,blocker,512,256,256,512,0.5,0,17,0,-1.8615275621414185e-05,466,0.7581573304569279,0.7581573304569279,1.0,0.021613832853025938,0.09510086455331412,0.22727272727272727
trec-covid-chrono-r3,13,blocker,1024,576,448,1024,0.5625,128,19,0,-0.00044799037277698517,930,0.7581573304569279,0.7581573304569279,1.0,0.024495677233429394,0.09510086455331412,0.25757575757575757
trec-covid-chrono-r3,13,blocker,2048,1536,512,2048,0.75,1024,22,0,-0.0005919169634580612,1877,0.7581573304569279,0.7581573304569279,1.0,0.027377521613832854,0.09510086455331412,0.2878787878787879
trec-covid-chrono-r3,13,blocker,4096,3328,768,4096,0.8125,2560,24,0,-0.00023698806762695312,3815,0.7581573304569279,0.7581573304569279,1.0,0.03025936599423631,0.09510086455331412,0.3181818181818182
trec-covid-chrono-r3,13,blocker,8192,5000,3192,8192,0.6103515625,1808,24,0,-0.00013945810496807098,6955,0.7581573304569279,0.7581573304569279,1.0,0.03025936599423631,0.09510086455331412,0.3181818181818182
trec-covid-chrono-r3,13,blocker,10000,5000,5000,10000,0.5,0,24,0,-0.00013945810496807098,8358,0.7581573304569279,0.7581573304569279,1.0,0.03025936599423631,0.09510086455331412,0.3181818181818182
trec-covid-chrono-r3,14,balanced,128,64,64,128,0.5,0,5,0,-0.0006415471434593201,119,0.4756934492697726,0.6608956570457726,0.7197708809226246,0.020618556701030927,0.20103092783505155,0.10256410256410256
trec-covid-chrono-r3,14,balanced,256,128,128,256,0.5,0,9,0,-0.004781512543559074,245,0.5972748688468208,0.6608956570457726,0.9037355026913946,0.03608247422680412,0.20103092783505155,0.17948717948717946
trec-covid-chrono-r3,14,balanced,512,256,256,512,0.5,0,15,0,-0.0016711093485355377,482,0.6608956570457726,0.6608956570457726,1.0,0.06701030927835051,0.20103092783505155,0.3333333333333333
trec-covid-chrono-r3,14,balanced,1024,512,512,1024,0.5,0,15,0,-0.00025480426847934723,976,0.6608956570457726,0.6608956570457726,1.0,0.06701030927835051,0.20103092783505155,0.3333333333333333
trec-covid-chrono-r3,14,balanced,2048,1024,1024,2048,0.5,0,16,0,-2.4899840354919434e-05,1953,0.6608956570457726,0.6608956570457726,1.0,0.07216494845360824,0.20103092783505155,0.3589743589743589
trec-covid-chrono-r3,14,balanced,4096,2048,2048,4096,0.5,0,21,0,-0.00020265672355890274,3818,0.6608956570457726,0.6608956570457726,1.0,0.09278350515463918,0.20103092783505155,0.46153846153846156
trec-covid-chrono-r3,14,balanced,8192,4096,4096,8192,0.5,0,23,0,-1.4472752809524536e-05,7262,0.6608956570457726,0.6608956570457726,1.0,0.10309278350515463,0.20103092783505155,0.5128205128205128
trec-covid-chrono-r3,14,balanced,10000,5000,5000,10000,0.5,0,24,0,-0.0001074494794011116,8827,0.6608956570457726,0.6608956570457726,1.0,0.10824742268041238,0.20103092783505155,0.5384615384615384
trec-covid-chrono-r3,14,blocker,128,64,64,128,0.5,0,5,0,-0.0006415471434593201,119,0.4756934492697726,0.6608956570457726,0.7197708809226246,0.020618556701030927,0.20103092783505155,0.10256410256410256
trec-covid-chrono-r3,14,blocker,256,128,128,256,0.5,0,9,0,-0.004781512543559074,245,0.5972748688468208,0.6608956570457726,0.9037355026913946,0.03608247422680412,0.20103092783505155,0.17948717948717946
trec-covid-chrono-r3,14,blocker,512,256,256,512,0.5,0,15,0,-0.0016711093485355377,482,0.6608956570457726,0.6608956570457726,1.0,0.06701030927835051,0.20103092783505155,0.3333333333333333
trec-covid-chrono-r3,14,blocker,1024,576,448,1024,0.5625,128,15,0,-0.0002419557422399521,974,0.6608956570457726,0.6608956570457726,1.0,0.06701030927835051,0.20103092783505155,0.3333333333333333
trec-covid-chrono-r3,14,blocker,2048,1152,896,2048,0.5625,256,18,0,-1.2287870049476624e-05,1958,0.6608956570457726,0.6608956570457726,1.0,0.08247422680412371,0.20103092783505155,0.41025641025641024
trec-covid-chrono-r3,14,blocker,4096,2048,2048,4096,0.5,0,21,0,-0.00020265672355890274,3818,0.6608956570457726,0.6608956570457726,1.0,0.09278350515463918,0.20103092783505155,0.46153846153846156
trec-covid-chrono-r3,14,blocker,8192,3840,4352,8192,0.46875,512,23,0,-5.122274160385132e-07,7251,0.6608956570457726,0.6608956570457726,1.0,0.10309278350515463,0.20103092783505155,0.5128205128205128
trec-covid-chrono-r3,14,blocker,10000,5000,5000,10000,0.5,0,24,0,-0.0001074494794011116,8827,0.6608956570457726,0.6608956570457726,1.0,0.10824742268041238,0.20103092783505155,0.5384615384615384
trec-covid-chrono-r3,15,balanced,128,64,64,128,0.5,0,1,0,-0.007791290059685707,127,0.0,0.32157313544055566,0.0,0.0,0.08666666666666667,0.0
trec-covid-chrono-r3,15,balanced,256,128,128,256,0.5,0,1,0,-0.005045922473073006,254,0.0,0.32157313544055566,0.0,0.0,0.08666666666666667,0.0
trec-covid-chrono-r3,15,balanced,512,256,256,512,0.5,0,1,0,-0.002891331911087036,500,0.0,0.32157313544055566,0.0,0.0,0.08666666666666667,0.0
trec-covid-chrono-r3,15,balanced,1024,512,512,1024,0.5,0,1,0,-0.0014750268310308456,995,0.0,0.32157313544055566,0.0,0.0,0.08666666666666667,0.0
trec-covid-chrono-r3,15,balanced,2048,1024,1024,2048,0.5,0,1,0,-0.0006492827087640762,1968,0.0,0.32157313544055566,0.0,0.0,0.08666666666666667,0.0
trec-covid-chrono-r3,15,balanced,4096,2048,2048,4096,0.5,0,2,0,-0.00020115822553634644,3901,0.13886244387355454,0.32157313544055566,0.4318222779502796,0.0033333333333333335,0.08666666666666667,0.038461538461538464
trec-covid-chrono-r3,15,balanced,8192,4096,4096,8192,0.5,0,5,0,-0.00010432116687297821,7657,0.1672434830874282,0.32157313544055566,0.5200791504498794,0.006666666666666667,0.08666666666666667,0.07692307692307693
trec-covid-chrono-r3,15,balanced,10000,5000,5000,10000,0.5,0,5,0,-6.133317947387695e-05,9281,0.1672434830874282,0.32157313544055566,0.5200791504498794,0.006666666666666667,0.08666666666666667,0.07692307692307693
trec-covid-chrono-r3,15,blocker,128,64,64,128,0.5,0,1,0,-0.007791290059685707,127,0.0,0.32157313544055566,0.0,0.0,0.08666666666666667,0.0
trec-covid-chrono-r3,15,blocker,256,128,128,256,0.5,0,1,0,-0.005045922473073006,254,0.0,0.32157313544055566,0.0,0.0,0.08666666666666667,0.0
trec-covid-chrono-r3,15,blocker,512,256,256,512,0.5,0,1,0,-0.002891331911087036,500,0.0,0.32157313544055566,0.0,0.0,0.08666666666666667,0.0
trec-covid-chrono-r3,15,blocker,1024,512,512,1024,0.5,0,1,0,-0.0014750268310308456,995,0.0,0.32157313544055566,0.0,0.0,0.08666666666666667,0.0
trec-covid-chrono-r3,15,blocker,2048,1024,1024,2048,0.5,0,1,0,-0.0006492827087640762,1968,0.0,0.32157313544055566,0.0,0.0,0.08666666666666667,0.0
trec-covid-chrono-r3,15,blocker,4096,2560,1536,4096,0.625,1024,2,0,-0.0001084543764591217,3927,0.13886244387355454,0.32157313544055566,0.4318222779502796,0.0033333333333333335,0.08666666666666667,0.038461538461538464
trec-covid-chrono-r3,15,blocker,8192,3648,4544,8192,0.4453125,896,5,0,-8.090771734714508e-05,7659,0.1672434830874282,0.32157313544055566,0.5200791504498794,0.006666666666666667,0.08666666666666667,0.07692307692307693
trec-covid-chrono-r3,15,blocker,10000,5000,5000,10000,0.5,0,5,0,-6.133317947387695e-05,9281,0.1672434830874282,0.32157313544055566,0.5200791504498794,0.006666666666666667,0.08666666666666667,0.07692307692307693
trec-covid-chrono-r3,16,balanced,128,64,64,128,0.5,0,5,0,-0.007526880130171776,123,0.44544165270537917,0.6119153505827929,0.727946524435344,0.018656716417910446,0.1417910447761194,0.13157894736842105
trec-covid-chrono-r3,16,balanced,256,128,128,256,0.5,0,6,0,-0.003373134881258011,244,0.5238399216840545,0.6119153505827929,0.8560659921100938,0.022388059701492536,0.1417910447761194,0.15789473684210525
trec-covid-chrono-r3,16,balanced,512,256,256,512,0.5,0,6,0,-0.0012185443192720413,495,0.5238399216840545,0.6119153505827929,0.8560659921100938,0.022388059701492536,0.1417910447761194,0.15789473684210525
trec-covid-chrono-r3,16,balanced,1024,512,512,1024,0.5,0,7,0,-0.00019738450646400452,997,0.5482945623838411,0.6119153505827929,0.8960300830198836,0.026119402985074626,0.1417910447761194,0.18421052631578946
trec-covid-chrono-r3,16,balanced,2048,1024,1024,2048,0.5,0,10,0,-0.00020279549062252045,1986,0.6119153505827929,0.6119153505827929,1.0,0.029850746268656716,0.1417910447761194,0.2105263157894737
trec-covid-chrono-r3,16,balanced,4096,2048,2048,4096,0.5,0,13,0,-8.808448910713196e-05,3957,0.6119153505827929,0.6119153505827929,1.0,0.03731343283582089,0.1417910447761194,0.2631578947368421
trec-covid-chrono-r3,16,balanced,8192,4096,4096,8192,0.5,0,14,0,-0.00019540637731552124,7808,0.6119153505827929,0.6119153505827929,1.0,0.041044776119402986,0.1417910447761194,0.2894736842105263
trec-covid-chrono-r3,16,balanced,10000,5000,5000,10000,0.5,0,14,0,-0.00015241838991641998,9422,0.6119153505827929,0.6119153505827929,1.0,0.041044776119402986,0.1417910447761194,0.2894736842105263
trec-covid-chrono-r3,16,blocker,128,64,64,128,0.5,0,5,0,-0.007526880130171776,123,0.44544165270537917,0.6119153505827929,0.727946524435344,0.018656716417910446,0.1417910447761194,0.13157894736842105
trec-covid-chrono-r3,16,blocker,256,128,128,256,0.5,0,6,0,-0.003373134881258011,244,0.5238399216840545,0.6119153505827929,0.8560659921100938,0.022388059701492536,0.1417910447761194,0.15789473684210525
trec-covid-chrono-r3,16,blocker,512,256,256,512,0.5,0,6,0,-0.0012185443192720413,495,0.5238399216840545,0.6119153505827929,0.8560659921100938,0.022388059701492536,0.1417910447761194,0.15789473684210525
trec-covid-chrono-r3,16,blocker,1024,512,512,1024,0.5,0,7,0,-0.00019738450646400452,997,0.5482945623838411,0.6119153505827929,0.8960300830198836,0.026119402985074626,0.1417910447761194,0.18421052631578946
trec-covid-chrono-r3,16,blocker,2048,1024,1024,2048,0.5,0,10,0,-0.00020279549062252045,1986,0.6119153505827929,0.6119153505827929,1.0,0.029850746268656716,0.1417910447761194,0.2105263157894737
trec-covid-chrono-r3,16,blocker,4096,3072,1024,4096,0.75,2048,14,0,-0.0002740751951932907,3979,0.6119153505827929,0.6119153505827929,1.0,0.041044776119402986,0.1417910447761194,0.2894736842105263
trec-covid-chrono-r3,16,blocker,8192,5000,3192,8192,0.6103515625,1808,14,0,-0.00015241838991641998,7834,0.6119153505827929,0.6119153505827929,1.0,0.041044776119402986,0.1417910447761194,0.2894736842105263
trec-covid-chrono-r3,16,blocker,10000,5000,5000,10000,0.5,0,14,0,-0.00015241838991641998,9422,0.6119153505827929,0.6119153505827929,1.0,0.041044776119402986,0.1417910447761194,0.2894736842105263
trec-covid-chrono-r3,17,balanced,128,64,64,128,0.5,0,2,0,-0.0007280856370925903,123,0.3589542101716347,0.7853663072074675,0.4570532334751802,0.0047169811320754715,0.14858490566037735,0.031746031746031744
trec-covid-chrono-r3,17,balanced,256,128,128,256,0.5,0,6,0,-0.0005036611109972,242,0.5551100103172906,0.7853663072074675,0.706816685695493,0.014150943396226415,0.14858490566037735,0.09523809523809525
trec-covid-chrono-r3,17,balanced,512,256,256,512,0.5,0,8,0,-0.0002545062452554703,471,0.6979051543534279,0.7853663072074675,0.8886364845914695,0.018867924528301886,0.14858490566037735,0.12698412698412698
trec-covid-chrono-r3,17,balanced,1024,512,512,1024,0.5,0,11,0,-7.65770673751831e-05,932,0.7853663072074675,0.7853663072074675,1.0,0.02358490566037736,0.14858490566037735,0.15873015873015875
trec-covid-chrono-r3,17,balanced,2048,1024,1024,2048,0.5,0,16,0,-0.00012673065066337585,1854,0.7853663072074675,0.7853663072074675,1.0,0.0330188679245283,0.14858490566037735,0.22222222222222224
trec-covid-chrono-r3,17,balanced,4096,2048,2048,4096,0.5,0,18,0,-0.00028588809072971344,3744,0.7853663072074675,0.7853663072074675,1.0,0.03773584905660377,0.14858490566037735,0.25396825396825395
trec-covid-chrono-r3,17,balanced,8192,4096,4096,8192,0.5,0,18,0,-5.212053656578064e-05,7458,0.7853663072074675,0.7853663072074675,1.0,0.03773584905660377,0.14858490566037735,0.25396825396825395
trec-covid-chrono-r3,17,balanced,10000,5000,5000,10000,0.5,0,18,0,-9.132549166679382e-06,9099,0.7853663072074675,0.7853663072074675,1.0,0.03773584905660377,0.14858490566037735,0.25396825396825395
trec-covid-chrono-r3,17,blocker,128,64,64,128,0.5,0,2,0,-0.0007280856370925903,123,0.3589542101716347,0.7853663072074675,0.4570532334751802,0.0047169811320754715,0.14858490566037735,0.031746031746031744
trec-covid-chrono-r3,17,blocker,256,128,128,256,0.5,0,6,0,-0.0005036611109972,242,0.5551100103172906,0.7853663072074675,0.706816685695493,0.014150943396226415,0.14858490566037735,0.09523809523809525
trec-covid-chrono-r3,17,blocker,512,256,256,512,0.5,0,8,0,-0.0002545062452554703,471,0.6979051543534279,0.7853663072074675,0.8886364845914695,0.018867924528301886,0.14858490566037735,0.12698412698412698
trec-covid-chrono-r3,17,blocker,1024,448,576,1024,0.4375,128,11,0,-2.3603439331054688e-05,926,0.7853663072074675,0.7853663072074675,1.0,0.02358490566037736,0.14858490566037735,0.15873015873015875
trec-covid-chrono-r3,17,blocker,2048,1024,1024,2048,0.5,0,16,0,-0.00012673065066337585,1854,0.7853663072074675,0.7853663072074675,1.0,0.0330188679245283,0.14858490566037735,0.22222222222222224
trec-covid-chrono-r3,17,blocker,4096,3072,1024,4096,0.75,2048,18,0,-0.0001307893544435501,3825,0.7853663072074675,0.7853663072074675,1.0,0.03773584905660377,0.14858490566037735,0.25396825396825395
trec-covid-chrono-r3,17,blocker,8192,5000,3192,8192,0.6103515625,1808,18,0,-9.132549166679382e-06,7496,0.7853663072074675,0.7853663072074675,1.0,0.03773584905660377,0.14858490566037735,0.25396825396825395
trec-covid-chrono-r3,17,blocker,10000,5000,5000,10000,0.5,0,18,0,-9.132549166679382e-06,9099,0.7853663072074675,0.7853663072074675,1.0,0.03773584905660377,0.14858490566037735,0.25396825396825395
trec-covid-chrono-r3,18,balanced,128,64,64,128,0.5,0,2,0,-0.0002566259354352951,122,0.3589542101716347,0.92663607790064,0.38737344544675084,0.004106776180698152,0.13347022587268995,0.030769230769230767
trec-covid-chrono-r3,18,balanced,256,128,128,256,0.5,0,7,0,-0.001132117584347725,232,0.7273298443105218,0.92663607790064,0.7849142307931064,0.014373716632443531,0.13347022587268995,0.10769230769230768
trec-covid-chrono-r3,18,balanced,512,256,256,512,0.5,0,10,0,-0.00010653212666511536,468,0.92663607790064,0.92663607790064,1.0,0.02053388090349076,0.13347022587268995,0.15384615384615383
trec-covid-chrono-r3,18,balanced,1024,512,512,1024,0.5,0,16,0,-0.00020196661353111267,926,0.92663607790064,0.92663607790064,1.0,0.03285420944558522,0.13347022587268995,0.24615384615384614
trec-covid-chrono-r3,18,balanced,2048,1024,1024,2048,0.5,0,20,0,-1.3418495655059814e-05,1868,0.92663607790064,0.92663607790064,1.0,0.04106776180698152,0.13347022587268995,0.30769230769230765
trec-covid-chrono-r3,18,balanced,4096,2048,2048,4096,0.5,0,21,0,-6.7882239818573e-05,3659,0.92663607790064,0.92663607790064,1.0,0.043121149897330596,0.13347022587268995,0.32307692307692304
trec-covid-chrono-r3,18,balanced,8192,4096,4096,8192,0.5,0,36,0,-2.911686897277832e-05,7228,0.92663607790064,0.92663607790064,1.0,0.06776180698151951,0.13347022587268995,0.5076923076923077
trec-covid-chrono-r3,18,balanced,10000,5000,5000,10000,0.5,0,37,0,-5.5553391575813293e-05,8791,0.92663607790064,0.92663607790064,1.0,0.06776180698151951,0.13347022587268995,0.5076923076923077
trec-covid-chrono-r3,18,blocker,128,64,64,128,0.5,0,2,0,-0.0002566259354352951,122,0.3589542101716347,0.92663607790064,0.38737344544675084,0.004106776180698152,0.13347022587268995,0.030769230769230767
trec-covid-chrono-r3,18,blocker,256,128,128,256,0.5,0,7,0,-0.001132117584347725,232,0.7273298443105218,0.92663607790064,0.7849142307931064,0.014373716632443531,0.13347022587268995,0.10769230769230768
trec-covid-chrono-r3,18,blocker,512,256,256,512,0.5,0,10,0,-0.00010653212666511536,468,0.92663607790064,0.92663607790064,1.0,0.02053388090349076,0.13347022587268995,0.15384615384615383
trec-covid-chrono-r3,18,blocker,1024,512,512,1024,0.5,0,16,0,-0.00020196661353111267,926,0.92663607790064,0.92663607790064,1.0,0.03285420944558522,0.13347022587268995,0.24615384615384614
trec-covid-chrono-r3,18,blocker,2048,1408,640,2048,0.6875,768,21,0,-0.00027469731867313385,1856,0.92663607790064,0.92663607790064,1.0,0.043121149897330596,0.13347022587268995,0.32307692307692304
trec-covid-chrono-r3,18,blocker,4096,2816,1280,4096,0.6875,1536,24,0,-2.93683260679245e-05,3684,0.92663607790064,0.92663607790064,1.0,0.045174537987679675,0.13347022587268995,0.3384615384615385
trec-covid-chrono-r3,18,blocker,8192,3192,5000,8192,0.3896484375,1808,37,0,-5.5553391575813293e-05,7314,0.92663607790064,0.92663607790064,1.0,0.06776180698151951,0.13347022587268995,0.5076923076923077
trec-covid-chrono-r3,18,blocker,10000,5000,5000,10000,0.5,0,37,0,-5.5553391575813293e-05,8791,0.92663607790064,0.92663607790064,1.0,0.06776180698151951,0.13347022587268995,0.5076923076923077
trec-covid-chrono-r3,19,balanced,128,64,64,128,0.5,0,8,0,-0.0013193544000387192,118,0.38820432628056606,0.38820432628056606,1.0,0.04040404040404041,0.15151515151515152,0.26666666666666666
trec-covid-chrono-r3,19,balanced,256,128,128,256,0.5,0,11,0,-0.0013786237686872482,233,0.38820432628056606,0.38820432628056606,1.0,0.04040404040404041,0.15151515151515152,0.26666666666666666
trec-covid-chrono-r3,19,balanced,512,256,256,512,0.5,0,14,0,-0.00020799040794372559,474,0.38820432628056606,0.38820432628056606,1.0,0.0707070707070707,0.15151515151515152,0.4666666666666666
trec-covid-chrono-r3,19,balanced,1024,512,512,1024,0.5,0,17,0,-0.0002848375588655472,960,0.38820432628056606,0.38820432628056606,1.0,0.0707070707070707,0.15151515151515152,0.4666666666666666
trec-covid-chrono-r3,19,balanced,2048,1024,1024,2048,0.5,0,21,0,-0.0001376662403345108,1932,0.38820432628056606,0.38820432628056606,1.0,0.08080808080808081,0.15151515151515152,0.5333333333333333
trec-covid-chrono-r3,19,balanced,4096,2048,2048,4096,0.5,0,40,0,-0.00015263259410858154,3820,0.38820432628056606,0.38820432628056606,1.0,0.10101010101010101,0.15151515151515152,0.6666666666666666
trec-covid-chrono-r3,19,balanced,8192,4096,4096,8192,0.5,0,42,0,-0.00016306526958942413,7432,0.38820432628056606,0.38820432628056606,1.0,0.10101010101010101,0.15151515151515152,0.6666666666666666
trec-covid-chrono-r3,19,balanced,10000,5000,5000,10000,0.5,0,42,0,-0.00012007821351289749,8938,0.38820432628056606,0.38820432628056606,1.0,0.10101010101010101,0.15151515151515152,0.6666666666666666
trec-covid-chrono-r3,19,blocker,128,64,64,128,0.5,0,8,0,-0.0013193544000387192,118,0.38820432628056606,0.38820432628056606,1.0,0.04040404040404041,0.15151515151515152,0.26666666666666666
trec-covid-chrono-r3,19,blocker,256,128,128,256,0.5,0,11,0,-0.0013786237686872482,233,0.38820432628056606,0.38820432628056606,1.0,0.04040404040404041,0.15151515151515152,0.26666666666666666
trec-covid-chrono-r3,19,blocker,512,192,320,512,0.375,128,16,0,-0.00013537146151065826,474,0.38820432628056606,0.38820432628056606,1.0,0.0707070707070707,0.15151515151515152,0.4666666666666666
trec-covid-chrono-r3,19,blocker,1024,320,704,1024,0.3125,384,19,0,-5.0688162446022034e-05,963,0.38820432628056606,0.38820432628056606,1.0,0.0707070707070707,0.15151515151515152,0.4666666666666666
trec-covid-chrono-r3,19,blocker,2048,896,1152,2048,0.4375,256,36,0,-0.0004744306206703186,1918,0.38820432628056606,0.38820432628056606,1.0,0.08080808080808081,0.15151515151515152,0.5333333333333333
trec-covid-chrono-r3,19,blocker,4096,2944,1152,4096,0.71875,1792,40,0,-1.1138617992401123e-05,3858,0.38820432628056606,0.38820432628056606,1.0,0.10101010101010101,0.15151515151515152,0.6666666666666666
trec-covid-chrono-r3,19,blocker,8192,5000,3192,8192,0.6103515625,1808,42,0,-0.00012007821351289749,7456,0.38820432628056606,0.38820432628056606,1.0,0.10101010101010101,0.15151515151515152,0.6666666666666666
trec-covid-chrono-r3,19,blocker,10000,5000,5000,10000,0.5,0,42,0,-0.00012007821351289749,8938,0.38820432628056606,0.38820432628056606,1.0,0.10101010101010101,0.15151515151515152,0.6666666666666666
trec-covid-chrono-r3,20,balanced,128,64,64,128,0.5,0,12,0,-0.000902518630027771,102,1.0,1.0,1.0,0.02390438247011952,0.1752988047808765,0.13636363636363635
trec-covid-chrono-r3,20,balanced,256,128,128,256,0.5,0,29,0,-0.00019632838666439056,203,1.0,1.0,1.0,0.05776892430278884,0.1752988047808765,0.32954545454545453
trec-covid-chrono-r3,20,balanced,512,256,256,512,0.5,0,38,0,-5.09507954120636e-05,407,1.0,1.0,1.0,0.07569721115537849,0.1752988047808765,0.4318181818181818
trec-covid-chrono-r3,20,balanced,1024,512,512,1024,0.5,0,51,0,-0.00043510738760232925,819,1.0,1.0,1.0,0.099601593625498,0.1752988047808765,0.5681818181818181
trec-covid-chrono-r3,20,balanced,2048,1024,1024,2048,0.5,0,65,0,-0.00017682835459709167,1655,1.0,1.0,1.0,0.11752988047808766,0.1752988047808765,0.6704545454545454
trec-covid-chrono-r3,20,balanced,4096,2048,2048,4096,0.5,0,68,0,-2.576783299446106e-05,3330,1.0,1.0,1.0,0.12350597609561753,0.1752988047808765,0.7045454545454545
trec-covid-chrono-r3,20,balanced,8192,4096,4096,8192,0.5,0,72,0,-0.00015547405928373337,6541,1.0,1.0,1.0,0.1294820717131474,0.1752988047808765,0.7386363636363635
trec-covid-chrono-r3,20,balanced,10000,5000,5000,10000,0.5,0,72,0,-0.00011248700320720673,7936,1.0,1.0,1.0,0.1294820717131474,0.1752988047808765,0.7386363636363635
trec-covid-chrono-r3,20,blocker,128,64,64,128,0.5,0,12,0,-0.000902518630027771,102,1.0,1.0,1.0,0.02390438247011952,0.1752988047808765,0.13636363636363635
trec-covid-chrono-r3,20,blocker,256,128,128,256,0.5,0,29,0,-0.00019632838666439056,203,1.0,1.0,1.0,0.05776892430278884,0.1752988047808765,0.32954545454545453
trec-covid-chrono-r3,20,blocker,512,192,320,512,0.375,128,40,0,-5.031190812587738e-05,420,1.0,1.0,1.0,0.0796812749003984,0.1752988047808765,0.45454545454545453
trec-covid-chrono-r3,20,blocker,1024,512,512,1024,0.5,0,51,0,-0.00043510738760232925,819,1.0,1.0,1.0,0.099601593625498,0.1752988047808765,0.5681818181818181
trec-covid-chrono-r3,20,blocker,2048,640,1408,2048,0.3125,768,67,0,-0.0001392783597111702,1694,1.0,1.0,1.0,0.12151394422310757,0.1752988047808765,0.6931818181818181
trec-covid-chrono-r3,20,blocker,4096,640,3456,4096,0.15625,2816,70,0,-1.2897886335849762e-05,3651,1.0,1.0,1.0,0.1254980079681275,0.1752988047808765,0.7159090909090908
trec-covid-chrono-r3,20,blocker,8192,3192,5000,8192,0.3896484375,1808,72,0,-0.00011248700320720673,6636,1.0,1.0,1.0,0.1294820717131474,0.1752988047808765,0.7386363636363635
trec-covid-chrono-r3,20,blocker,10000,5000,5000,10000,0.5,0,72,0,-0.00011248700320720673,7936,1.0,1.0,1.0,0.1294820717131474,0.1752988047808765,0.7386363636363635
trec-covid-chrono-r3,21,balanced,128,64,64,128,0.5,0,4,0,-6.410852074623108e-05,114,0.4904245355908655,0.7233971441479391,0.6779464635135064,0.009685230024213076,0.09200968523002422,0.10526315789473685
trec-covid-chrono-r3,21,balanced,256,128,128,256,0.5,0,10,0,-0.00016735680401325226,231,0.7233971441479391,0.7233971441479391,1.0,0.01694915254237288,0.09200968523002422,0.18421052631578946
trec-covid-chrono-r3,21,balanced,512,256,256,512,0.5,0,14,0,-0.001089455559849739,463,0.7233971441479391,0.7233971441479391,1.0,0.026634382566585957,0.09200968523002422,0.2894736842105263
trec-covid-chrono-r3,21,balanced,1024,512,512,1024,0.5,0,19,0,-0.0004583410918712616,913,0.7233971441479391,0.7233971441479391,1.0,0.029055690072639227,0.09200968523002422,0.3157894736842105
trec-covid-chrono-r3,21,balanced,2048,1024,1024,2048,0.5,0,20,0,-0.0001906566321849823,1842,0.7233971441479391,0.7233971441479391,1.0,0.029055690072639227,0.09200968523002422,0.3157894736842105
trec-covid-chrono-r3,21,balanced,4096,2048,2048,4096,0.5,0,21,0,-4.0901824831962585e-05,3651,0.7233971441479391,0.7233971441479391,1.0,0.031476997578692496,0.09200968523002422,0.34210526315789475
trec-covid-chrono-r3,21,balanced,8192,4096,4096,8192,0.5,0,26,0,-0.0001904815435409546,7249,0.7233971441479391,0.7233971441479391,1.0,0.03389830508474576,0.09200968523002422,0.3684210526315789
trec-covid-chrono-r3,21,balanced,10000,5000,5000,10000,0.5,0,26,0,-0.00014749355614185333,8800,0.7233971441479391,0.7233971441479391,1.0,0.03389830508474576,0.09200968523002422,0.3684210526315789
trec-covid-chrono-r3,21,blocker,128,64,64,128,0.5,0,4,0,-6.410852074623108e-05,114,0.4904245355908655,0.7233971441479391,0.6779464635135064,0.009685230024213076,0.09200968523002422,0.10526315789473685
trec-covid-chrono-r3,21,blocker,256,128,128,256,0.5,0,10,0,-0.00016735680401325226,231,0.7233971441479391,0.7233971441479391,1.0,0.01694915254237288,0.09200968523002422,0.18421052631578946
trec-covid-chrono-r3,21,blocker,512,256,256,512,0.5,0,14,0,-0.001089455559849739,463,0.7233971441479391,0.7233971441479391,1.0,0.026634382566585957,0.09200968523002422,0.2894736842105263
trec-covid-chrono-r3,21,blocker,1024,448,576,1024,0.4375,128,19,0,-0.00028241612017154694,920,0.7233971441479391,0.7233971441479391,1.0,0.029055690072639227,0.09200968523002422,0.3157894736842105
trec-covid-chrono-r3,21,blocker,2048,768,1280,2048,0.375,512,20,0,-1.4416873455047607e-05,1854,0.7233971441479391,0.7233971441479391,1.0,0.029055690072639227,0.09200968523002422,0.3157894736842105
trec-covid-chrono-r3,21,blocker,4096,1216,2880,4096,0.296875,1664,23,0,-0.0002632737159729004,3702,0.7233971441479391,0.7233971441479391,1.0,0.031476997578692496,0.09200968523002422,0.34210526315789475
trec-covid-chrono-r3,21,blocker,8192,4096,4096,8192,0.5,0,26,0,-0.0001904815435409546,7249,0.7233971441479391,0.7233971441479391,1.0,0.03389830508474576,0.09200968523002422,0.3684210526315789
trec-covid-chrono-r3,21,blocker,10000,5000,5000,10000,0.5,0,26,0,-0.00014749355614185333,8800,0.7233971441479391,0.7233971441479391,1.0,0.03389830508474576,0.09200968523002422,0.3684210526315789
trec-covid-chrono-r3,22,balanced,128,64,64,128,0.5,0,10,0,-0.0003264211118221283,109,0.9305687780632227,0.9305687780632227,1.0,0.02535211267605634,0.2084507042253521,0.12162162162162163
trec-covid-chrono-r3,22,balanced,256,128,128,256,0.5,0,14,0,-2.2722408175468445e-05,223,0.9305687780632227,0.9305687780632227,1.0,0.036619718309859155,0.2084507042253521,0.17567567567567569
trec-covid-chrono-r3,22,balanced,512,256,256,512,0.5,0,19,0,-0.00022855214774608612,452,0.9305687780632227,0.9305687780632227,1.0,0.05070422535211268,0.2084507042253521,0.24324324324324326
trec-covid-chrono-r3,22,balanced,1024,512,512,1024,0.5,0,31,0,-0.00011203251779079437,892,0.9305687780632227,0.9305687780632227,1.0,0.08169014084507042,0.2084507042253521,0.3918918918918919
trec-covid-chrono-r3,22,balanced,2048,1024,1024,2048,0.5,0,35,0,-0.00021699443459510803,1761,0.9305687780632227,0.9305687780632227,1.0,0.09295774647887324,0.2084507042253521,0.44594594594594594
trec-covid-chrono-r3,22,balanced,4096,2048,2048,4096,0.5,0,59,0,-0.0003795204684138298,3518,0.9305687780632227,0.9305687780632227,1.0,0.14084507042253522,0.2084507042253521,0.6756756756756757
trec-covid-chrono-r3,22,balanced,8192,4096,4096,8192,0.5,0,59,0,-0.000145752914249897,6905,0.9305687780632227,0.9305687780632227,1.0,0.14084507042253522,0.2084507042253521,0.6756756756756757
trec-covid-chrono-r3,22,balanced,10000,5000,5000,10000,0.5,0,59,0,-0.00010276585817337036,8308,0.9305687780632227,0.9305687780632227,1.0,0.14084507042253522,0.2084507042253521,0.6756756756756757
trec-covid-chrono-r3,22,blocker,128,64,64,128,0.5,0,10,0,-0.0003264211118221283,109,0.9305687780632227,0.9305687780632227,1.0,0.02535211267605634,0.2084507042253521,0.12162162162162163
trec-covid-chrono-r3,22,blocker,256,128,128,256,0.5,0,14,0,-2.2722408175468445e-05,223,0.9305687780632227,0.9305687780632227,1.0,0.036619718309859155,0.2084507042253521,0.17567567567567569
trec-covid-chrono-r3,22,blocker,512,192,320,512,0.375,128,20,0,-0.00018535926938056946,455,0.9305687780632227,0.9305687780632227,1.0,0.05352112676056338,0.2084507042253521,0.25675675675675674
trec-covid-chrono-r3,22,blocker,1024,512,512,1024,0.5,0,31,0,-0.00011203251779079437,892,0.9305687780632227,0.9305687780632227,1.0,0.08169014084507042,0.2084507042253521,0.3918918918918919
trec-covid-chrono-r3,22,blocker,2048,1536,512,2048,0.75,1024,37,0,-0.0004049353301525116,1816,0.9305687780632227,0.9305687780632227,1.0,0.09859154929577464,0.2084507042253521,0.4729729729729729
trec-covid-chrono-r3,22,blocker,4096,1792,2304,4096,0.4375,512,59,0,-0.0003281496465206146,3550,0.9305687780632227,0.9305687780632227,1.0,0.14084507042253522,0.2084507042253521,0.6756756756756757
trec-covid-chrono-r3,22,blocker,8192,3192,5000,8192,0.3896484375,1808,59,0,-0.00010276585817337036,6960,0.9305687780632227,0.9305687780632227,1.0,0.14084507042253522,0.2084507042253521,0.6756756756756757
trec-covid-chrono-r3,22,blocker,10000,5000,5000,10000,0.5,0,59,0,-0.00010276585817337036,8308,0.9305687780632227,0.9305687780632227,1.0,0.14084507042253522,0.2084507042253521,0.6756756756756757
trec-covid-chrono-r3,23,balanced,128,64,64,128,0.5,0,4,0,-0.0005591753870248795,118,0.5637884576902256,0.8726924496217513,0.6460333854550785,0.01568627450980392,0.21568627450980393,0.07272727272727272
trec-covid-chrono-r3,23,balanced,256,128,128,256,0.5,0,9,0,-0.00034838728606700897,233,0.8090716614227996,0.8726924496217513,0.9270982713021906,0.03137254901960784,0.21568627450980393,0.14545454545454545
trec-covid-chrono-r3,23,balanced,512,256,256,512,0.5,0,13,0,-0.0001839175820350647,449,0.8726924496217513,0.8726924496217513,1.0,0.043137254901960784,0.21568627450980393,0.19999999999999998
trec-covid-chrono-r3,23,balanced,1024,512,512,1024,0.5,0,17,0,-0.00026015564799308777,902,0.8726924496217513,0.8726924496217513,1.0,0.058823529411764705,0.21568627450980393,0.2727272727272727
trec-covid-chrono-r3,23,balanced,2048,1024,1024,2048,0.5,0,22,0,-0.00017697736620903015,1804,0.8726924496217513,0.8726924496217513,1.0,0.07450980392156863,0.21568627450980393,0.34545454545454546
trec-covid-chrono-r3,23,balanced,4096,2048,2048,4096,0.5,0,25,0,-0.00010906904935836792,3571,0.8726924496217513,0.8726924496217513,1.0,0.08235294117647059,0.21568627450980393,0.3818181818181818
trec-covid-chrono-r3,23,balanced,8192,4096,4096,8192,0.5,0,41,0,-6.988737732172012e-05,7022,0.8726924496217513,0.8726924496217513,1.0,0.11764705882352941,0.21568627450980393,0.5454545454545454
trec-covid-chrono-r3,23,balanced,10000,5000,5000,10000,0.5,0,41,0,-2.690032124519348e-05,8443,0.8726924496217513,0.8726924496217513,1.0,0.11764705882352941,0.21568627450980393,0.5454545454545454
trec-covid-chrono-r3,23,blocker,128,64,64,128,0.5,0,4,0,-0.0005591753870248795,118,0.5637884576902256,0.8726924496217513,0.6460333854550785,0.01568627450980392,0.21568627450980393,0.07272727272727272
trec-covid-chrono-r3,23,blocker,256,128,128,256,0.5,0,9,0,-0.00034838728606700897,233,0.8090716614227996,0.8726924496217513,0.9270982713021906,0.03137254901960784,0.21568627450980393,0.14545454545454545
trec-covid-chrono-r3,23,blocker,512,256,256,512,0.5,0,13,0,-0.0001839175820350647,449,0.8726924496217513,0.8726924496217513,1.0,0.043137254901960784,0.21568627450980393,0.19999999999999998
trec-covid-chrono-r3,23,blocker,1024,512,512,1024,0.5,0,17,0,-0.00026015564799308777,902,0.8726924496217513,0.8726924496217513,1.0,0.058823529411764705,0.21568627450980393,0.2727272727272727
trec-covid-chrono-r3,23,blocker,2048,1024,1024,2048,0.5,0,22,0,-0.00017697736620903015,1804,0.8726924496217513,0.8726924496217513,1.0,0.07450980392156863,0.21568627450980393,0.34545454545454546
trec-covid-chrono-r3,23,blocker,4096,3008,1088,4096,0.734375,1920,40,0,-6.579235196113586e-05,3658,0.8726924496217513,0.8726924496217513,1.0,0.11372549019607843,0.21568627450980393,0.5272727272727272
trec-covid-chrono-r3,23,blocker,8192,5000,3192,8192,0.6103515625,1808,41,0,-2.690032124519348e-05,7071,0.8726924496217513,0.8726924496217513,1.0,0.11764705882352941,0.21568627450980393,0.5454545454545454
trec-covid-chrono-r3,23,blocker,10000,5000,5000,10000,0.5,0,41,0,-2.690032124519348e-05,8443,0.8726924496217513,0.8726924496217513,1.0,0.11764705882352941,0.21568627450980393,0.5454545454545454
trec-covid-chrono-r3,24,balanced,128,64,64,128,0.5,0,8,0,-0.0006510969251394272,112,0.8212157069470859,0.9086768598011254,0.9037488938882173,0.03619909502262444,0.31221719457013575,0.11594202898550726
trec-covid-chrono-r3,24,balanced,256,128,128,256,0.5,0,16,0,-0.00046965107321739197,218,0.9086768598011254,0.9086768598011254,1.0,0.07239819004524888,0.31221719457013575,0.23188405797101452
trec-covid-chrono-r3,24,balanced,512,256,256,512,0.5,0,22,0,-0.0018434654921293259,445,0.9086768598011254,0.9086768598011254,1.0,0.09954751131221719,0.31221719457013575,0.3188405797101449
trec-covid-chrono-r3,24,balanced,1024,512,512,1024,0.5,0,22,0,-0.00042715854942798615,870,0.9086768598011254,0.9086768598011254,1.0,0.09954751131221719,0.31221719457013575,0.3188405797101449
trec-covid-chrono-r3,24,balanced,2048,1024,1024,2048,0.5,0,25,0,-0.00032256729900836945,1776,0.9086768598011254,0.9086768598011254,1.0,0.11312217194570136,0.31221719457013575,0.36231884057971014
trec-covid-chrono-r3,24,balanced,4096,2048,2048,4096,0.5,0,58,0,-0.00011248886585235596,3532,0.9086768598011254,0.9086768598011254,1.0,0.19909502262443438,0.31221719457013575,0.6376811594202898
trec-covid-chrono-r3,24,balanced,8192,4096,4096,8192,0.5,0,61,0,-3.2490119338035583e-05,7035,0.9086768598011254,0.9086768598011254,1.0,0.20361990950226244,0.31221719457013575,0.6521739130434783
trec-covid-chrono-r3,24,balanced,10000,5000,5000,10000,0.5,0,62,0,-0.00013050436973571777,8543,0.9086768598011254,0.9086768598011254,1.0,0.20361990950226244,0.31221719457013575,0.6521739130434783
trec-covid-chrono-r3,24,blocker,128,64,64,128,0.5,0,8,0,-0.0006510969251394272,112,0.8212157069470859,0.9086768598011254,0.9037488938882173,0.03619909502262444,0.31221719457013575,0.11594202898550726
trec-covid-chrono-r3,24,blocker,256,128,128,256,0.5,0,16,0,-0.00046965107321739197,218,0.9086768598011254,0.9086768598011254,1.0,0.07239819004524888,0.31221719457013575,0.23188405797101452
trec-covid-chrono-r3,24,blocker,512,256,256,512,0.5,0,22,0,-0.0018434654921293259,445,0.9086768598011254,0.9086768598011254,1.0,0.09954751131221719,0.31221719457013575,0.3188405797101449
trec-covid-chrono-r3,24,blocker,1024,448,576,1024,0.4375,128,22,0,-0.0002512354403734207,878,0.9086768598011254,0.9086768598011254,1.0,0.09954751131221719,0.31221719457013575,0.3188405797101449
trec-covid-chrono-r3,24,blocker,2048,768,1280,2048,0.375,512,25,0,-0.00014632754027843475,1786,0.9086768598011254,0.9086768598011254,1.0,0.11312217194570136,0.31221719457013575,0.36231884057971014
trec-covid-chrono-r3,24,blocker,4096,2688,1408,4096,0.65625,1280,58,0,-2.007000148296356e-06,3573,0.9086768598011254,0.9086768598011254,1.0,0.19909502262443438,0.31221719457013575,0.6376811594202898
trec-covid-chrono-r3,24,blocker,8192,5000,3192,8192,0.6103515625,1808,62,0,-0.00013050436973571777,7097,0.9086768598011254,0.9086768598011254,1.0,0.20361990950226244,0.31221719457013575,0.6521739130434783
trec-covid-chrono-r3,24,blocker,10000,5000,5000,10000,0.5,0,62,0,-0.00013050436973571777,8543,0.9086768598011254,0.9086768598011254,1.0,0.20361990950226244,0.31221719457013575,0.6521739130434783
trec-covid-chrono-r3,25,balanced,128,64,64,128,0.5,0,8,0,-0.0005824360996484756,112,0.8701249883466592,1.0,0.8701249883466592,0.02197802197802198,0.10714285714285714,0.20512820512820515
trec-covid-chrono-r3,25,balanced,256,128,128,256,0.5,0,15,0,-0.0025863908231258392,227,1.0,1.0,1.0,0.038461538461538464,0.10714285714285714,0.35897435897435903
trec-covid-chrono-r3,25,balanced,512,256,256,512,0.5,0,17,0,-0.0004318002611398697,458,1.0,1.0,1.0,0.038461538461538464,0.10714285714285714,0.35897435897435903
trec-covid-chrono-r3,25,balanced,1024,512,512,1024,0.5,0,22,0,-8.901208639144897e-05,883,1.0,1.0,1.0,0.038461538461538464,0.10714285714285714,0.35897435897435903
trec-covid-chrono-r3,25,balanced,2048,1024,1024,2048,0.5,0,24,0,-8.288957178592682e-05,1708,1.0,1.0,1.0,0.038461538461538464,0.10714285714285714,0.35897435897435903
trec-covid-chrono-r3,25,balanced,4096,2048,2048,4096,0.5,0,26,0,-6.567128002643585e-05,3402,1.0,1.0,1.0,0.04120879120879121,0.10714285714285714,0.38461538461538464
trec-covid-chrono-r3,25,balanced,8192,4096,4096,8192,0.5,0,52,0,-6.148871034383774e-05,6765,1.0,1.0,1.0,0.06868131868131869,0.10714285714285714,0.6410256410256411
trec-covid-chrono-r3,25,balanced,10000,5000,5000,10000,0.5,0,93,0,-4.277285188436508e-05,8320,1.0,1.0,1.0,0.1043956043956044,0.10714285714285714,0.9743589743589745
trec-covid-chrono-r3,25,blocker,128,64,64,128,0.5,0,8,0,-0.0005824360996484756,112,0.8701249883466592,1.0,0.8701249883466592,0.02197802197802198,0.10714285714285714,0.20512820512820515
trec-covid-chrono-r3,25,blocker,256,128,128,256,0.5,0,15,0,-0.0025863908231258392,227,1.0,1.0,1.0,0.038461538461538464,0.10714285714285714,0.35897435897435903
trec-covid-chrono-r3,25,blocker,512,256,256,512,0.5,0,17,0,-0.0004318002611398697,458,1.0,1.0,1.0,0.038461538461538464,0.10714285714285714,0.35897435897435903
trec-covid-chrono-r3,25,blocker,1024,384,640,1024,0.375,256,23,0,-7.282383739948273e-05,898,1.0,1.0,1.0,0.038461538461538464,0.10714285714285714,0.35897435897435903
trec-covid-chrono-r3,25,blocker,2048,640,1408,2048,0.3125,768,25,0,-0.00027544237673282623,1752,1.0,1.0,1.0,0.038461538461538464,0.10714285714285714,0.35897435897435903
trec-covid-chrono-r3,25,blocker,4096,1280,2816,4096,0.3125,1536,47,0,-0.0001286286860704422,3424,1.0,1.0,1.0,0.06593406593406594,0.10714285714285714,0.6153846153846154
trec-covid-chrono-r3,25,blocker,8192,4160,4032,8192,0.5078125,128,68,0,-4.298985004425049e-05,6774,1.0,1.0,1.0,0.08241758241758242,0.10714285714285714,0.7692307692307693
trec-covid-chrono-r3,25,blocker,10000,5000,5000,10000,0.5,0,93,0,-4.277285188436508e-05,8320,1.0,1.0,1.0,0.1043956043956044,0.10714285714285714,0.9743589743589745
trec-covid-chrono-r3,26,balanced,128,64,64,128,0.5,0,0,0,-0.000918285921216011,126,0.0,0.7183424120903081,0.0,0.0,0.060810810810810814,0.0
trec-covid-chrono-r3,26,balanced,256,128,128,256,0.5,0,2,0,-0.0021143462508916855,244,0.22009176629808017,0.7183424120903081,0.3063883777342814,0.0016891891891891893,0.060810810810810814,0.027777777777777776
trec-covid-chrono-r3,26,balanced,512,256,256,512,0.5,0,3,0,-0.00018274225294589996,492,0.33013764944712026,0.7183424120903081,0.45958256660142216,0.0033783783783783786,0.060810810810810814,0.05555555555555555
trec-covid-chrono-r3,26,balanced,1024,512,512,1024,0.5,0,6,0,-0.0012580547481775284,959,0.5884674004369674,0.7183424120903081,0.8192018047835756,0.008445945945945946,0.060810810810810814,0.1388888888888889
trec-covid-chrono-r3,26,balanced,2048,1024,1024,2048,0.5,0,6,0,-0.0004323124885559082,1885,0.5884674004369674,0.7183424120903081,0.8192018047835756,0.008445945945945946,0.060810810810810814,0.1388888888888889
trec-covid-chrono-r3,26,balanced,4096,2048,2048,4096,0.5,0,7,0,-0.00027401186525821686,3689,0.5884674004369674,0.7183424120903081,0.8192018047835756,0.008445945945945946,0.060810810810810814,0.1388888888888889
trec-covid-chrono-r3,26,balanced,8192,4096,4096,8192,0.5,0,8,0,-4.024431109428406e-05,7162,0.5884674004369674,0.7183424120903081,0.8192018047835756,0.008445945945945946,0.060810810810810814,0.1388888888888889
trec-covid-chrono-r3,26,balanced,10000,5000,5000,10000,0.5,0,9,0,-0.0001706443727016449,8739,0.6547216238913565,0.7183424120903081,0.9114338968044206,0.010135135135135136,0.060810810810810814,0.16666666666666666
trec-covid-chrono-r3,26,blocker,128,64,64,128,0.5,0,0,0,-0.000918285921216011,126,0.0,0.7183424120903081,0.0,0.0,0.060810810810810814,0.0
trec-covid-chrono-r3,26,blocker,256,128,128,256,0.5,0,2,0,-0.0021143462508916855,244,0.22009176629808017,0.7183424120903081,0.3063883777342814,0.0016891891891891893,0.060810810810810814,0.027777777777777776
trec-covid-chrono-r3,26,blocker,512,256,256,512,0.5,0,3,0,-0.00018274225294589996,492,0.33013764944712026,0.7183424120903081,0.45958256660142216,0.0033783783783783786,0.060810810810810814,0.05555555555555555
trec-covid-chrono-r3,26,blocker,1024,512,512,1024,0.5,0,6,0,-0.0012580547481775284,959,0.5884674004369674,0.7183424120903081,0.8192018047835756,0.008445945945945946,0.060810810810810814,0.1388888888888889
trec-covid-chrono-r3,26,blocker,2048,1024,1024,2048,0.5,0,6,0,-0.0004323124885559082,1885,0.5884674004369674,0.7183424120903081,0.8192018047835756,0.008445945945945946,0.060810810810810814,0.1388888888888889
trec-covid-chrono-r3,26,blocker,4096,2048,2048,4096,0.5,0,7,0,-0.00027401186525821686,3689,0.5884674004369674,0.7183424120903081,0.8192018047835756,0.008445945945945946,0.060810810810810814,0.1388888888888889
trec-covid-chrono-r3,26,blocker,8192,4736,3456,8192,0.578125,1280,8,0,-8.13417136669159e-06,7098,0.5884674004369674,0.7183424120903081,0.8192018047835756,0.008445945945945946,0.060810810810810814,0.1388888888888889
trec-covid-chrono-r3,26,blocker,10000,5000,5000,10000,0.5,0,9,0,-0.0001706443727016449,8739,0.6547216238913565,0.7183424120903081,0.9114338968044206,0.010135135135135136,0.060810810810810814,0.16666666666666666
trec-covid-chrono-r3,27,balanced,128,64,64,128,0.5,0,2,0,-0.001540089026093483,124,0.3589542101716347,0.9368077570869662,0.3831674187752398,0.0031645569620253164,0.11867088607594936,0.02666666666666667
trec-covid-chrono-r3,27,balanced,256,128,128,256,0.5,0,3,0,-0.0002160295844078064,234,0.46900009332067477,0.9368077570869662,0.5006364323658523,0.004746835443037975,0.11867088607594936,0.04
trec-covid-chrono-r3,27,balanced,512,256,256,512,0.5,0,5,0,-0.0003649778664112091,462,0.5857393324188127,0.9368077570869662,0.6252503013427088,0.007911392405063292,0.11867088607594936,0.06666666666666668
trec-covid-chrono-r3,27,balanced,1024,512,512,1024,0.5,0,12,0,-0.0002532992511987686,905,0.9368077570869662,0.9368077570869662,1.0,0.0189873417721519,0.11867088607594936,0.16
trec-covid-chrono-r3,27,balanced,2048,1024,1024,2048,0.5,0,14,0,-0.00030522607266902924,1805,0.9368077570869662,0.9368077570869662,1.0,0.020569620253164556,0.11867088607594936,0.17333333333333334
trec-covid-chrono-r3,27,balanced,4096,2048,2048,4096,0.5,0,16,0,-1.707114279270172e-05,3569,0.9368077570869662,0.9368077570869662,1.0,0.023734177215189875,0.11867088607594936,0.2
trec-covid-chrono-r3,27,balanced,8192,4096,4096,8192,0.5,0,38,0,-1.4525838196277618e-05,7033,0.9368077570869662,0.9368077570869662,1.0,0.05221518987341772,0.11867088607594936,0.44
trec-covid-chrono-r3,27,balanced,10000,5000,5000,10000,0.5,0,39,0,-1.3033859431743622e-05,8539,0.9368077570869662,0.9368077570869662,1.0,0.05379746835443038,0.11867088607594936,0.45333333333333337
trec-covid-chrono-r3,27,blocker,128,64,64,128,0.5,0,2,0,-0.001540089026093483,124,0.3589542101716347,0.9368077570869662,0.3831674187752398,0.0031645569620253164,0.11867088607594936,0.02666666666666667
trec-covid-chrono-r3,27,blocker,256,128,128,256,0.5,0,3,0,-0.0002160295844078064,234,0.46900009332067477,0.9368077570869662,0.5006364323658523,0.004746835443037975,0.11867088607594936,0.04
trec-covid-chrono-r3,27,blocker,512,256,256,512,0.5,0,5,0,-0.0003649778664112091,462,0.5857393324188127,0.9368077570869662,0.6252503013427088,0.007911392405063292,0.11867088607594936,0.06666666666666668
trec-covid-chrono-r3,27,blocker,1024,320,704,1024,0.3125,384,13,0,-0.0001430269330739975,910,0.9368077570869662,0.9368077570869662,1.0,0.0189873417721519,0.11867088607594936,0.16
trec-covid-chrono-r3,27,blocker,2048,448,1600,2048,0.21875,1152,15,0,-8.07400792837143e-05,1855,0.9368077570869662,0.9368077570869662,1.0,0.022151898734177215,0.11867088607594936,0.18666666666666668
trec-covid-chrono-r3,27,blocker,4096,1472,2624,4096,0.359375,1152,26,0,-0.00013483688235282898,3602,0.9368077570869662,0.9368077570869662,1.0,0.0379746835443038,0.11867088607594936,0.32
trec-covid-chrono-r3,27,blocker,8192,5000,3192,8192,0.6103515625,1808,39,0,-1.3033859431743622e-05,7069,0.9368077570869662,0.9368077570869662,1.0,0.05379746835443038,0.11867088607594936,0.45333333333333337
trec-covid-chrono-r3,27,blocker,10000,5000,5000,10000,0.5,0,39,0,-1.3033859431743622e-05,8539,0.9368077570869662,0.9368077570869662,1.0,0.05379746835443038,0.11867088607594936,0.45333333333333337
trec-covid-chrono-r3,28,balanced,128,64,64,128,0.5,0,3,0,-0.0006158854812383652,115,0.46900009332067477,1.0,0.46900009332067477,0.009230769230769232,0.24307692307692308,0.0379746835443038
trec-covid-chrono-r3,28,balanced,256,128,128,256,0.5,0,10,0,-0.0002376791089773178,217,1.0,1.0,1.0,0.03076923076923077,0.24307692307692308,0.12658227848101267
trec-covid-chrono-r3,28,balanced,512,256,256,512,0.5,0,17,0,-7.078051567077637e-05,394,1.0,1.0,1.0,0.052307692307692305,0.24307692307692308,0.2151898734177215
trec-covid-chrono-r3,28,balanced,1024,512,512,1024,0.5,0,25,0,-3.108009696006775e-05,788,1.0,1.0,1.0,0.07384615384615385,0.24307692307692308,0.3037974683544304
trec-covid-chrono-r3,28,balanced,2048,1024,1024,2048,0.5,0,77,0,-7.24010169506073e-06,1625,1.0,1.0,1.0,0.19692307692307692,0.24307692307692308,0.810126582278481
trec-covid-chrono-r3,28,balanced,4096,2048,2048,4096,0.5,0,83,0,-3.857724368572235e-05,3487,1.0,1.0,1.0,0.2123076923076923,0.24307692307692308,0.8734177215189873
trec-covid-chrono-r3,28,balanced,8192,4096,4096,8192,0.5,0,100,1,-inf,6953,1.0,1.0,1.0,0.24307692307692308,0.24307692307692308,1.0
trec-covid-chrono-r3,28,balanced,10000,5000,5000,10000,0.5,0,100,1,-inf,8406,1.0,1.0,1.0,0.24307692307692308,0.24307692307692308,1.0
trec-covid-chrono-r3,28,blocker,128,64,64,128,0.5,0,3,0,-0.0006158854812383652,115,0.46900009332067477,1.0,0.46900009332067477,0.009230769230769232,0.24307692307692308,0.0379746835443038
trec-covid-chrono-r3,28,blocker,256,128,128,256,0.5,0,10,0,-0.0002376791089773178,217,1.0,1.0,1.0,0.03076923076923077,0.24307692307692308,0.12658227848101267
trec-covid-chrono-r3,28,blocker,512,256,256,512,0.5,0,17,0,-7.078051567077637e-05,394,1.0,1.0,1.0,0.052307692307692305,0.24307692307692308,0.2151898734177215
trec-covid-chrono-r3,28,blocker,1024,448,576,1024,0.4375,128,28,0,-5.5905431509017944e-05,776,1.0,1.0,1.0,0.08,0.24307692307692308,0.3291139240506329
trec-covid-chrono-r3,28,blocker,2048,768,1280,2048,0.375,512,80,0,-8.186791092157364e-05,1656,1.0,1.0,1.0,0.20615384615384616,0.24307692307692308,0.8481012658227848
trec-covid-chrono-r3,28,blocker,4096,768,3328,4096,0.1875,2560,84,0,-3.986526280641556e-05,3653,1.0,1.0,1.0,0.2123076923076923,0.24307692307692308,0.8734177215189873
trec-covid-chrono-r3,28,blocker,8192,4096,4096,8192,0.5,0,100,1,-inf,6953,1.0,1.0,1.0,0.24307692307692308,0.24307692307692308,1.0
trec-covid-chrono-r3,28,blocker,10000,5000,5000,10000,0.5,0,100,1,-inf,8406,1.0,1.0,1.0,0.24307692307692308,0.24307692307692308,1.0
trec-covid-chrono-r3,29,balanced,128,64,64,128,0.5,0,10,0,-0.0006657540798187256,107,0.7262708448163925,0.7262708448163925,1.0,0.018306636155606407,0.12585812356979406,0.14545454545454545
trec-covid-chrono-r3,29,balanced,256,128,128,256,0.5,0,21,0,-0.0005448181182146072,205,0.7262708448163925,0.7262708448163925,1.0,0.02745995423340961,0.12585812356979406,0.21818181818181814
trec-covid-chrono-r3,29,balanced,512,256,256,512,0.5,0,31,0,-3.54815274477005e-05,401,0.7262708448163925,0.7262708448163925,1.0,0.04576659038901602,0.12585812356979406,0.3636363636363636
trec-covid-chrono-r3,29,balanced,1024,512,512,1024,0.5,0,40,0,-1.0615214705467224e-05,795,0.7262708448163925,0.7262708448163925,1.0,0.059496567505720827,0.12585812356979406,0.4727272727272727
trec-covid-chrono-r3,29,balanced,2048,1024,1024,2048,0.5,0,52,0,-7.272697985172272e-06,1567,0.7262708448163925,0.7262708448163925,1.0,0.07093821510297482,0.12585812356979406,0.5636363636363635
trec-covid-chrono-r3,29,balanced,4096,2048,2048,4096,0.5,0,55,0,-5.537550896406174e-05,3119,0.7262708448163925,0.7262708448163925,1.0,0.07322654462242563,0.12585812356979406,0.5818181818181818
trec-covid-chrono-r3,29,balanced,8192,4096,4096,8192,0.5,0,100,1,-inf,6143,0.7262708448163925,0.7262708448163925,1.0,0.12585812356979406,0.12585812356979406,1.0
trec-covid-chrono-r3,29,balanced,10000,5000,5000,10000,0.5,0,100,1,-inf,7448,0.7262708448163925,0.7262708448163925,1.0,0.12585812356979406,0.12585812356979406,1.0
trec-covid-chrono-r3,29,blocker,128,64,64,128,0.5,0,10,0,-0.0006657540798187256,107,0.7262708448163925,0.7262708448163925,1.0,0.018306636155606407,0.12585812356979406,0.14545454545454545
trec-covid-chrono-r3,29,blocker,256,128,128,256,0.5,0,21,0,-0.0005448181182146072,205,0.7262708448163925,0.7262708448163925,1.0,0.02745995423340961,0.12585812356979406,0.21818181818181814
trec-covid-chrono-r3,29,blocker,512,192,320,512,0.375,128,34,0,-0.0002637207508087158,414,0.7262708448163925,0.7262708448163925,1.0,0.05263157894736842,0.12585812356979406,0.4181818181818181
trec-covid-chrono-r3,29,blocker,1024,320,704,1024,0.3125,384,43,0,-0.0005617588758468628,812,0.7262708448163925,0.7262708448163925,1.0,0.06178489702517163,0.12585812356979406,0.4909090909090909
trec-covid-chrono-r3,29,blocker,2048,1024,1024,2048,0.5,0,52,0,-7.272697985172272e-06,1567,0.7262708448163925,0.7262708448163925,1.0,0.07093821510297482,0.12585812356979406,0.5636363636363635
trec-covid-chrono-r3,29,blocker,4096,2752,1344,4096,0.671875,1408,95,0,-6.28037378191948e-05,3240,0.7262708448163925,0.7262708448163925,1.0,0.11899313501144165,0.12585812356979406,0.9454545454545454
trec-covid-chrono-r3,29,blocker,8192,4096,4096,8192,0.5,0,100,1,-inf,6143,0.7262708448163925,0.7262708448163925,1.0,0.12585812356979406,0.12585812356979406,1.0
trec-covid-chrono-r3,29,blocker,10000,5000,5000,10000,0.5,0,100,1,-inf,7448,0.7262708448163925,0.7262708448163925,1.0,0.12585812356979406,0.12585812356979406,1.0
trec-covid-chrono-r3,30,balanced,128,64,64,128,0.5,0,13,0,-0.00017225556075572968,93,0.8353129377017654,0.8353129377017654,1.0,0.05603448275862069,0.34051724137931033,0.16455696202531647
trec-covid-chrono-r3,30,balanced,256,128,128,256,0.5,0,25,0,-0.0001220162957906723,201,0.8353129377017654,0.8353129377017654,1.0,0.10775862068965517,0.34051724137931033,0.3164556962025316
trec-covid-chrono-r3,30,balanced,512,256,256,512,0.5,0,42,0,-0.00021591410040855408,417,0.8353129377017654,0.8353129377017654,1.0,0.17672413793103448,0.34051724137931033,0.5189873417721519
trec-covid-chrono-r3,30,balanced,1024,512,512,1024,0.5,0,50,0,-0.00029935501515865326,871,0.8353129377017654,0.8353129377017654,1.0,0.20689655172413793,0.34051724137931033,0.6075949367088608
trec-covid-chrono-r3,30,balanced,2048,1024,1024,2048,0.5,0,54,0,-0.00022102519869804382,1752,0.8353129377017654,0.8353129377017654,1.0,0.22413793103448276,0.34051724137931033,0.6582278481012659
trec-covid-chrono-r3,30,balanced,4096,2048,2048,4096,0.5,0,92,0,-3.981590270996094e-05,3475,0.8353129377017654,0.8353129377017654,1.0,0.3275862068965517,0.34051724137931033,0.9620253164556962
trec-covid-chrono-r3,30,balanced,8192,4096,4096,8192,0.5,0,97,0,-4.036910831928253e-05,6933,0.8353129377017654,0.8353129377017654,1.0,0.34051724137931033,0.34051724137931033,1.0
trec-covid-chrono-r3,30,balanced,10000,5000,5000,10000,0.5,0,98,0,-0.0001631537452340126,8277,0.8353129377017654,0.8353129377017654,1.0,0.34051724137931033,0.34051724137931033,1.0
trec-covid-chrono-r3,30,blocker,128,64,64,128,0.5,0,13,0,-0.00017225556075572968,93,0.8353129377017654,0.8353129377017654,1.0,0.05603448275862069,0.34051724137931033,0.16455696202531647
trec-covid-chrono-r3,30,blocker,256,128,128,256,0.5,0,25,0,-0.0001220162957906723,201,0.8353129377017654,0.8353129377017654,1.0,0.10775862068965517,0.34051724137931033,0.3164556962025316
trec-covid-chrono-r3,30,blocker,512,256,256,512,0.5,0,42,0,-0.00021591410040855408,417,0.8353129377017654,0.8353129377017654,1.0,0.17672413793103448,0.34051724137931033,0.5189873417721519
trec-covid-chrono-r3,30,blocker,1024,384,640,1024,0.375,256,51,0,-0.00026362016797065735,885,0.8353129377017654,0.8353129377017654,1.0,0.21120689655172414,0.34051724137931033,0.6202531645569621
trec-covid-chrono-r3,30,blocker,2048,640,1408,2048,0.3125,768,59,0,-8.754618465900421e-05,1811,0.8353129377017654,0.8353129377017654,1.0,0.23706896551724138,0.34051724137931033,0.6962025316455697
trec-covid-chrono-r3,30,blocker,4096,1216,2880,4096,0.296875,1664,96,0,-3.569852560758591e-05,3621,0.8353129377017654,0.8353129377017654,1.0,0.33620689655172414,0.34051724137931033,0.9873417721518988
trec-covid-chrono-r3,30,blocker,8192,3192,5000,8192,0.3896484375,1808,98,0,-0.0001631537452340126,6916,0.8353129377017654,0.8353129377017654,1.0,0.34051724137931033,0.34051724137931033,1.0
trec-covid-chrono-r3,30,blocker,10000,5000,5000,10000,0.5,0,98,0,-0.0001631537452340126,8277,0.8353129377017654,0.8353129377017654,1.0,0.34051724137931033,0.34051724137931033,1.0
trec-covid-chrono-r4,1,balanced,128,64,64,128,0.5,0,2,0,-0.0008427556604146957,124,0.21222636597291458,0.3165541966885482,0.670426638449277,0.003205128205128205,0.028846153846153848,0.1111111111111111
trec-covid-chrono-r4,1,balanced,256,128,128,256,0.5,0,4,0,-0.005045922473073006,252,0.2438224874294315,0.3165541966885482,0.7702393144050589,0.004807692307692308,0.028846153846153848,0.16666666666666666
trec-covid-chrono-r4,1,balanced,512,256,256,512,0.5,0,4,0,-0.00031289830803871155,498,0.2438224874294315,0.3165541966885482,0.7702393144050589,0.004807692307692308,0.028846153846153848,0.16666666666666666
trec-covid-chrono-r4,1,balanced,1024,512,512,1024,0.5,0,6,0,-6.859190762042999e-05,997,0.27220352664330516,0.3165541966885482,0.8598954918014282,0.00641025641025641,0.028846153846153848,0.2222222222222222
trec-covid-chrono-r4,1,balanced,2048,1024,1024,2048,0.5,0,7,0,-0.00041155144572257996,1989,0.27220352664330516,0.3165541966885482,0.8598954918014282,0.00641025641025641,0.028846153846153848,0.2222222222222222
trec-covid-chrono-r4,1,balanced,4096,2048,2048,4096,0.5,0,14,0,-0.0002263672649860382,3930,0.3165541966885482,0.3165541966885482,1.0,0.009615384615384616,0.028846153846153848,0.3333333333333333
trec-covid-chrono-r4,1,balanced,8192,4096,4096,8192,0.5,0,15,0,-2.3096799850463867e-07,7833,0.3165541966885482,0.3165541966885482,1.0,0.009615384615384616,0.028846153846153848,0.3333333333333333
trec-covid-chrono-r4,1,balanced,10000,5000,5000,10000,0.5,0,16,0,-0.00019762851297855377,9527,0.3165541966885482,0.3165541966885482,1.0,0.009615384615384616,0.028846153846153848,0.3333333333333333
trec-covid-chrono-r4,1,blocker,128,64,64,128,0.5,0,2,0,-0.0008427556604146957,124,0.21222636597291458,0.3165541966885482,0.670426638449277,0.003205128205128205,0.028846153846153848,0.1111111111111111
trec-covid-chrono-r4,1,blocker,256,128,128,256,0.5,0,4,0,-0.005045922473073006,252,0.2438224874294315,0.3165541966885482,0.7702393144050589,0.004807692307692308,0.028846153846153848,0.16666666666666666
trec-covid-chrono-r4,1,blocker,512,256,256,512,0.5,0,4,0,-0.00031289830803871155,498,0.2438224874294315,0.3165541966885482,0.7702393144050589,0.004807692307692308,0.028846153846153848,0.16666666666666666
trec-covid-chrono-r4,1,blocker,1024,448,576,1024,0.4375,128,7,0,-0.0010613705962896347,997,0.27220352664330516,0.3165541966885482,0.8598954918014282,0.00641025641025641,0.028846153846153848,0.2222222222222222
trec-covid-chrono-r4,1,blocker,2048,640,1408,2048,0.3125,768,7,0,-0.000170242041349411,1990,0.27220352664330516,0.3165541966885482,0.8598954918014282,0.00641025641025641,0.028846153846153848,0.2222222222222222
trec-covid-chrono-r4,1,blocker,4096,1536,2560,4096,0.375,1024,14,0,-0.0001381654292345047,3954,0.3165541966885482,0.3165541966885482,1.0,0.009615384615384616,0.028846153846153848,0.3333333333333333
trec-covid-chrono-r4,1,blocker,8192,4096,4096,8192,0.5,0,15,0,-2.3096799850463867e-07,7833,0.3165541966885482,0.3165541966885482,1.0,0.009615384615384616,0.028846153846153848,0.3333333333333333
trec-covid-chrono-r4,1,blocker,10000,5000,5000,10000,0.5,0,16,0,-0.00019762851297855377,9527,0.3165541966885482,0.3165541966885482,1.0,0.009615384615384616,0.028846153846153848,0.3333333333333333
trec-covid-chrono-r4,2,balanced,128,64,64,128,0.5,0,5,0,-0.0012033898383378983,122,0.5563566127494769,0.9074250374176303,0.6131157834621453,0.017985611510791366,0.15467625899280577,0.11627906976744184
trec-covid-chrono-r4,2,balanced,256,128,128,256,0.5,0,9,0,-0.002393759787082672,238,0.8438042492186786,0.9074250374176303,0.9298886568305355,0.03237410071942446,0.15467625899280577,0.20930232558139533
trec-covid-chrono-r4,2,balanced,512,256,256,512,0.5,0,10,0,-0.00023916922509670258,483,0.9074250374176303,0.9074250374176303,1.0,0.03597122302158273,0.15467625899280577,0.2325581395348837
trec-covid-chrono-r4,2,balanced,1024,512,512,1024,0.5,0,12,0,-0.0014750268310308456,968,0.9074250374176303,0.9074250374176303,1.0,0.04316546762589928,0.15467625899280577,0.27906976744186046
trec-covid-chrono-r4,2,balanced,2048,1024,1024,2048,0.5,0,12,0,-0.0001110229641199112,1909,0.9074250374176303,0.9074250374176303,1.0,0.04316546762589928,0.15467625899280577,0.27906976744186046
trec-covid-chrono-r4,2,balanced,4096,2048,2048,4096,0.5,0,14,0,-0.00020115822553634644,3821,0.9074250374176303,0.9074250374176303,1.0,0.04316546762589928,0.15467625899280577,0.27906976744186046
trec-covid-chrono-r4,2,balanced,8192,4096,4096,8192,0.5,0,15,0,-0.00022724829614162445,7492,0.9074250374176303,0.9074250374176303,1.0,0.046762589928057555,0.15467625899280577,0.3023255813953488
trec-covid-chrono-r4,2,balanced,10000,5000,5000,10000,0.5,0,15,0,-0.0001842603087425232,9061,0.9074250374176303,0.9074250374176303,1.0,0.046762589928057555,0.15467625899280577,0.3023255813953488
trec-covid-chrono-r4,2,blocker,128,64,64,128,0.5,0,5,0,-0.0012033898383378983,122,0.5563566127494769,0.9074250374176303,0.6131157834621453,0.017985611510791366,0.15467625899280577,0.11627906976744184
trec-covid-chrono-r4,2,blocker,256,128,128,256,0.5,0,9,0,-0.002393759787082672,238,0.8438042492186786,0.9074250374176303,0.9298886568305355,0.03237410071942446,0.15467625899280577,0.20930232558139533
trec-covid-chrono-r4,2,blocker,512,256,256,512,0.5,0,10,0,-0.00023916922509670258,483,0.9074250374176303,0.9074250374176303,1.0,0.03597122302158273,0.15467625899280577,0.2325581395348837
trec-covid-chrono-r4,2,blocker,1024,448,576,1024,0.4375,128,12,0,-0.0007608421146869659,960,0.9074250374176303,0.9074250374176303,1.0,0.04316546762589928,0.15467625899280577,0.27906976744186046
trec-covid-chrono-r4,2,blocker,2048,768,1280,2048,0.375,512,13,0,-0.00018537230789661407,1918,0.9074250374176303,0.9074250374176303,1.0,0.04316546762589928,0.15467625899280577,0.27906976744186046
trec-covid-chrono-r4,2,blocker,4096,1536,2560,4096,0.375,1024,14,0,-0.0001084543764591217,3840,0.9074250374176303,0.9074250374176303,1.0,0.04316546762589928,0.15467625899280577,0.27906976744186046
trec-covid-chrono-r4,2,blocker,8192,3584,4608,8192,0.4375,1024,15,0,-0.00020085647702217102,7498,0.9074250374176303,0.9074250374176303,1.0,0.046762589928057555,0.15467625899280577,0.3023255813953488
trec-covid-chrono-r4,2,blocker,10000,5000,5000,10000,0.5,0,15,0,-0.0001842603087425232,9061,0.9074250374176303,0.9074250374176303,1.0,0.046762589928057555,0.15467625899280577,0.3023255813953488
trec-covid-chrono-r4,3,balanced,128,64,64,128,0.5,0,3,0,-8.623674511909485e-05,118,0.46900009332067477,0.9537125187088151,0.4917625428212174,0.005119453924914676,0.09897610921501707,0.05172413793103448
trec-covid-chrono-r4,3,balanced,256,128,128,256,0.5,0,6,0,-2.2722408175468445e-05,239,0.7273298443105218,0.9537125187088151,0.7626300693789971,0.010238907849829351,0.09897610921501707,0.10344827586206896
trec-covid-chrono-r4,3,balanced,512,256,256,512,0.5,0,9,0,-0.00015529990196228027,474,0.8900917305098635,0.9537125187088151,0.9332914406061433,0.015358361774744027,0.09897610921501707,0.15517241379310345
trec-covid-chrono-r4,3,balanced,1024,512,512,1024,0.5,0,14,0,-0.0005846712738275528,936,0.9537125187088151,0.9537125187088151,1.0,0.020477815699658702,0.09897610921501707,0.20689655172413793
trec-covid-chrono-r4,3,balanced,2048,1024,1024,2048,0.5,0,15,0,-0.0004928708076477051,1869,0.9537125187088151,0.9537125187088151,1.0,0.02218430034129693,0.09897610921501707,0.22413793103448276
trec-covid-chrono-r4,3,balanced,4096,2048,2048,4096,0.5,0,15,0,-4.474632441997528e-05,3681,0.9537125187088151,0.9537125187088151,1.0,0.02218430034129693,0.09897610921501707,0.22413793103448276
trec-covid-chrono-r4,3,balanced,8192,4096,4096,8192,0.5,0,16,0,-0.00024061650037765503,7138,0.9537125187088151,0.9537125187088151,1.0,0.023890784982935155,0.09897610921501707,0.2413793103448276
trec-covid-chrono-r4,3,balanced,10000,5000,5000,10000,0.5,0,16,0,-0.00019762851297855377,8651,0.9537125187088151,0.9537125187088151,1.0,0.023890784982935155,0.09897610921501707,0.2413793103448276
trec-covid-chrono-r4,3,blocker,128,64,64,128,0.5,0,3,0,-8.623674511909485e-05,118,0.46900009332067477,0.9537125187088151,0.4917625428212174,0.005119453924914676,0.09897610921501707,0.05172413793103448
trec-covid-chrono-r4,3,blocker,256,128,128,256,0.5,0,6,0,-2.2722408175468445e-05,239,0.7273298443105218,0.9537125187088151,0.7626300693789971,0.010238907849829351,0.09897610921501707,0.10344827586206896
trec-covid-chrono-r4,3,blocker,512,256,256,512,0.5,0,9,0,-0.00015529990196228027,474,0.8900917305098635,0.9537125187088151,0.9332914406061433,0.015358361774744027,0.09897610921501707,0.15517241379310345
trec-covid-chrono-r4,3,blocker,1024,512,512,1024,0.5,0,14,0,-0.0005846712738275528,936,0.9537125187088151,0.9537125187088151,1.0,0.020477815699658702,0.09897610921501707,0.20689655172413793
trec-covid-chrono-r4,3,blocker,2048,1024,1024,2048,0.5,0,15,0,-0.0004928708076477051,1869,0.9537125187088151,0.9537125187088151,1.0,0.02218430034129693,0.09897610921501707,0.22413793103448276
trec-covid-chrono-r4,3,blocker,4096,2048,2048,4096,0.5,0,15,0,-4.474632441997528e-05,3681,0.9537125187088151,0.9537125187088151,1.0,0.02218430034129693,0.09897610921501707,0.22413793103448276
trec-covid-chrono-r4,3,blocker,8192,3192,5000,8192,0.3896484375,1808,16,0,-0.00019762851297855377,7185,0.9537125187088151,0.9537125187088151,1.0,0.023890784982935155,0.09897610921501707,0.2413793103448276
trec-covid-chrono-r4,3,blocker,10000,5000,5000,10000,0.5,0,16,0,-0.00019762851297855377,8651,0.9537125187088151,0.9537125187088151,1.0,0.023890784982935155,0.09897610921501707,0.2413793103448276
trec-covid-chrono-r4,4,balanced,128,64,64,128,0.5,0,0,0,-0.0005082152783870697,127,0.0,0.4904245355908655,0.0,0.0,0.06854838709677419,0.0
trec-covid-chrono-r4,4,balanced,256,128,128,256,0.5,0,2,0,-0.0017550718039274216,247,0.3589542101716347,0.4904245355908655,0.7319254729765206,0.004032258064516129,0.06854838709677419,0.05882352941176471
trec-covid-chrono-r4,4,balanced,512,256,256,512,0.5,0,3,0,-0.0005703866481781006,490,0.3956361712213147,0.4904245355908655,0.8067218144880346,0.006048387096774193,0.06854838709677419,0.08823529411764706
trec-covid-chrono-r4,4,balanced,1024,512,512,1024,0.5,0,6,0,-0.000637957826256752,967,0.4904245355908655,0.4904245355908655,1.0,0.008064516129032258,0.06854838709677419,0.11764705882352942
trec-covid-chrono-r4,4,balanced,2048,1024,1024,2048,0.5,0,8,0,-2.1295621991157532e-05,1900,0.4904245355908655,0.4904245355908655,1.0,0.008064516129032258,0.06854838709677419,0.11764705882352942
trec-covid-chrono-r4,4,balanced,4096,2048,2048,4096,0.5,0,11,0,-0.0002759713679552078,3714,0.4904245355908655,0.4904245355908655,1.0,0.010080645161290322,0.06854838709677419,0.14705882352941177
trec-covid-chrono-r4,4,balanced,8192,4096,4096,8192,0.5,0,18,0,-2.707540988922119e-05,7331,0.4904245355908655,0.4904245355908655,1.0,0.018145161290322582,0.06854838709677419,0.26470588235294124
trec-covid-chrono-r4,4,balanced,10000,5000,5000,10000,0.5,0,19,0,-8.717179298400879e-07,8898,0.4904245355908655,0.4904245355908655,1.0,0.018145161290322582,0.06854838709677419,0.26470588235294124
trec-covid-chrono-r4,4,blocker,128,64,64,128,0.5,0,0,0,-0.0005082152783870697,127,0.0,0.4904245355908655,0.0,0.0,0.06854838709677419,0.0
trec-covid-chrono-r4,4,blocker,256,128,128,256,0.5,0,2,0,-0.0017550718039274216,247,0.3589542101716347,0.4904245355908655,0.7319254729765206,0.004032258064516129,0.06854838709677419,0.05882352941176471
trec-covid-chrono-r4,4,blocker,512,256,256,512,0.5,0,3,0,-0.0005703866481781006,490,0.3956361712213147,0.4904245355908655,0.8067218144880346,0.006048387096774193,0.06854838709677419,0.08823529411764706
trec-covid-chrono-r4,4,blocker,1024,448,576,1024,0.4375,128,6,0,-0.0004620347172021866,964,0.4904245355908655,0.4904245355908655,1.0,0.008064516129032258,0.06854838709677419,0.11764705882352942
trec-covid-chrono-r4,4,blocker,2048,640,1408,2048,0.3125,768,11,0,-0.0004827864468097687,1922,0.4904245355908655,0.4904245355908655,1.0,0.010080645161290322,0.06854838709677419,0.14705882352941177
trec-covid-chrono-r4,4,blocker,4096,896,3200,4096,0.21875,2304,11,0,-0.00010833516716957092,3843,0.4904245355908655,0.4904245355908655,1.0,0.010080645161290322,0.06854838709677419,0.14705882352941177
trec-covid-chrono-r4,4,blocker,8192,3192,5000,8192,0.3896484375,1808,19,0,-8.717179298400879e-07,7373,0.4904245355908655,0.4904245355908655,1.0,0.018145161290322582,0.06854838709677419,0.26470588235294124
trec-covid-chrono-r4,4,blocker,10000,5000,5000,10000,0.5,0,19,0,-8.717179298400879e-07,8898,0.4904245355908655,0.4904245355908655,1.0,0.018145161290322582,0.06854838709677419,0.26470588235294124
trec-covid-chrono-r4,5,balanced,128,64,64,128,0.5,0,7,0,-0.0011335555464029312,112,0.6118720887450378,0.6551637592961513,0.9339223668329546,0.010186757215619695,0.11544991511035653,0.08823529411764706
trec-covid-chrono-r4,5,balanced,256,128,128,256,0.5,0,11,0,-7.489509880542755e-05,226,0.6551637592961513,0.6551637592961513,1.0,0.015280135823429542,0.11544991511035653,0.1323529411764706
trec-covid-chrono-r4,5,balanced,512,256,256,512,0.5,0,18,0,-0.0015930887311697006,432,0.6551637592961513,0.6551637592961513,1.0,0.023769100169779286,0.11544991511035653,0.20588235294117646
trec-covid-chrono-r4,5,balanced,1024,512,512,1024,0.5,0,18,0,-0.00017678365111351013,836,0.6551637592961513,0.6551637592961513,1.0,0.023769100169779286,0.11544991511035653,0.20588235294117646
trec-covid-chrono-r4,5,balanced,2048,1024,1024,2048,0.5,0,25,0,-0.00012032315135002136,1644,0.6551637592961513,0.6551637592961513,1.0,0.03395585738539898,0.11544991511035653,0.29411764705882354
trec-covid-chrono-r4,5,balanced,4096,2048,2048,4096,0.5,0,41,0,-0.00011567585170269012,3219,0.6551637592961513,0.6551637592961513,1.0,0.050933786078098474,0.11544991511035653,0.44117647058823534
trec-covid-chrono-r4,5,balanced,8192,4096,4096,8192,0.5,0,42,0,-9.290874004364014e-05,6392,0.6551637592961513,0.6551637592961513,1.0,0.05263157894736842,0.11544991511035653,0.45588235294117646
trec-covid-chrono-r4,5,balanced,10000,5000,5000,10000,0.5,0,42,0,-4.9921683967113495e-05,7781,0.6551637592961513,0.6551637592961513,1.0,0.05263157894736842,0.11544991511035653,0.45588235294117646
trec-covid-chrono-r4,5,blocker,128,64,64,128,0.5,0,7,0,-0.0011335555464029312,112,0.6118720887450378,0.6551637592961513,0.9339223668329546,0.010186757215619695,0.11544991511035653,0.08823529411764706
trec-covid-chrono-r4,5,blocker,256,128,128,256,0.5,0,11,0,-7.489509880542755e-05,226,0.6551637592961513,0.6551637592961513,1.0,0.015280135823429542,0.11544991511035653,0.1323529411764706
trec-covid-chrono-r4,5,blocker,512,256,256,512,0.5,0,18,0,-0.0015930887311697006,432,0.6551637592961513,0.6551637592961513,1.0,0.023769100169779286,0.11544991511035653,0.20588235294117646
trec-covid-chrono-r4,5,blocker,1024,576,448,1024,0.5625,128,18,0,-8.586794137954712e-07,846,0.6551637592961513,0.6551637592961513,1.0,0.023769100169779286,0.11544991511035653,0.20588235294117646
trec-covid-chrono-r4,5,blocker,2048,1408,640,2048,0.6875,768,27,0,-0.0002334117889404297,1698,0.6551637592961513,0.6551637592961513,1.0,0.03735144312393888,0.11544991511035653,0.3235294117647059
trec-covid-chrono-r4,5,blocker,4096,1536,2560,4096,0.375,1024,41,0,-2.2971071302890778e-05,3287,0.6551637592961513,0.6551637592961513,1.0,0.050933786078098474,0.11544991511035653,0.44117647058823534
trec-covid-chrono-r4,5,blocker,8192,3192,5000,8192,0.3896484375,1808,42,0,-4.9921683967113495e-05,6509,0.6551637592961513,0.6551637592961513,1.0,0.05263157894736842,0.11544991511035653,0.45588235294117646
trec-covid-chrono-r4,5,blocker,10000,5000,5000,10000,0.5,0,42,0,-4.9921683967113495e-05,7781,0.6551637592961513,0.6551637592961513,1.0,0.05263157894736842,0.11544991511035653,0.45588235294117646
trec-covid-chrono-r4,6,balanced,128,64,64,128,0.5,0,5,0,-0.000472070649266243,119,0.6489315753318465,1.0,0.6489315753318465,0.00547645125958379,0.06352683461117196,0.08620689655172413
trec-covid-chrono-r4,6,balanced,256,128,128,256,0.5,0,8,0,-0.000809110701084137,238,0.8701249883466592,1.0,0.8701249883466592,0.008762322015334063,0.06352683461117196,0.13793103448275862
trec-covid-chrono-r4,6,balanced,512,256,256,512,0.5,0,12,0,-8.079782128334045e-05,477,1.0,1.0,1.0,0.013143483023001095,0.06352683461117196,0.2068965517241379
trec-covid-chrono-r4,6,balanced,1024,512,512,1024,0.5,0,14,0,-0.0010632574558258057,947,1.0,1.0,1.0,0.01533406352683461,0.06352683461117196,0.24137931034482757
trec-covid-chrono-r4,6,balanced,2048,1024,1024,2048,0.5,0,14,0,-0.00023751519620418549,1879,1.0,1.0,1.0,0.01533406352683461,0.06352683461117196,0.24137931034482757
trec-covid-chrono-r4,6,balanced,4096,2048,2048,4096,0.5,0,15,0,-6.4043328166008e-05,3749,1.0,1.0,1.0,0.01642935377875137,0.06352683461117196,0.25862068965517243
trec-covid-chrono-r4,6,balanced,8192,4096,4096,8192,0.5,0,17,0,-0.00019329413771629333,7429,1.0,1.0,1.0,0.017524644030668127,0.06352683461117196,0.27586206896551724
trec-covid-chrono-r4,6,balanced,10000,5000,5000,10000,0.5,0,17,0,-0.00015030615031719208,9058,1.0,1.0,1.0,0.017524644030668127,0.06352683461117196,0.27586206896551724
trec-covid-chrono-r4,6,blocker,128,64,64,128,0.5,0,5,0,-0.000472070649266243,119,0.6489315753318465,1.0,0.6489315753318465,0.00547645125958379,0.06352683461117196,0.08620689655172413
trec-covid-chrono-r4,6,blocker,256,128,128,256,0.5,0,8,0,-0.000809110701084137,238,0.8701249883466592,1.0,0.8701249883466592,0.008762322015334063,0.06352683461117196,0.13793103448275862
trec-covid-chrono-r4,6,blocker,512,320,192,512,0.625,128,13,0,-0.0009504090994596481,479,1.0,1.0,1.0,0.014238773274917854,0.06352683461117196,0.22413793103448276
trec-covid-chrono-r4,6,blocker,1024,640,384,1024,0.625,256,14,0,-0.0007435772567987442,954,1.0,1.0,1.0,0.01533406352683461,0.06352683461117196,0.24137931034482757
trec-covid-chrono-r4,6,blocker,2048,1472,576,2048,0.71875,896,15,0,-0.00024240091443061829,1907,1.0,1.0,1.0,0.01642935377875137,0.06352683461117196,0.25862068965517243
trec-covid-chrono-r4,6,blocker,4096,3200,896,4096,0.78125,2304,16,0,-3.3522024750709534e-05,3828,1.0,1.0,1.0,0.017524644030668127,0.06352683461117196,0.27586206896551724
trec-covid-chrono-r4,6,blocker,8192,5000,3192,8192,0.6103515625,1808,17,0,-0.00015030615031719208,7472,1.0,1.0,1.0,0.017524644030668127,0.06352683461117196,0.27586206896551724
trec-covid-chrono-r4,6,blocker,10000,5000,5000,10000,0.5,0,17,0,-0.00015030615031719208,9058,1.0,1.0,1.0,0.017524644030668127,0.06352683461117196,0.27586206896551724
trec-covid-chrono-r4,7,balanced,128,64,64,128,0.5,0,10,0,-0.0003373976796865463,112,0.9052116356304492,0.9052116356304492,1.0,0.021634615384615384,0.1875,0.11538461538461538
trec-covid-chrono-r4,7,balanced,256,128,128,256,0.5,0,16,0,-0.0009863469749689102,219,0.9052116356304492,0.9052116356304492,1.0,0.036057692307692304,0.1875,0.1923076923076923
trec-covid-chrono-r4,7,balanced,512,256,256,512,0.5,0,19,0,-0.0007213838398456573,428,0.9052116356304492,0.9052116356304492,1.0,0.04326923076923077,0.1875,0.23076923076923075
trec-covid-chrono-r4,7,balanced,1024,512,512,1024,0.5,0,23,0,-0.0004108026623725891,819,0.9052116356304492,0.9052116356304492,1.0,0.052884615384615384,0.1875,0.28205128205128205
trec-covid-chrono-r4,7,balanced,2048,1024,1024,2048,0.5,0,25,0,-0.0005256831645965576,1583,0.9052116356304492,0.9052116356304492,1.0,0.057692307692307696,0.1875,0.3076923076923077
trec-covid-chrono-r4,7,balanced,4096,2048,2048,4096,0.5,0,25,0,-7.755868136882782e-05,3226,0.9052116356304492,0.9052116356304492,1.0,0.057692307692307696,0.1875,0.3076923076923077
trec-covid-chrono-r4,7,balanced,8192,4096,4096,8192,0.5,0,39,0,-1.4472752809524536e-05,6491,0.9052116356304492,0.9052116356304492,1.0,0.07692307692307693,0.1875,0.4102564102564103
trec-covid-chrono-r4,7,balanced,10000,5000,5000,10000,0.5,0,40,0,-0.0001367330551147461,7931,0.9052116356304492,0.9052116356304492,1.0,0.07932692307692307,0.1875,0.4230769230769231
trec-covid-chrono-r4,7,blocker,128,64,64,128,0.5,0,10,0,-0.0003373976796865463,112,0.9052116356304492,0.9052116356304492,1.0,0.021634615384615384,0.1875,0.11538461538461538
trec-covid-chrono-r4,7,blocker,256,128,128,256,0.5,0,16,0,-0.0009863469749689102,219,0.9052116356304492,0.9052116356304492,1.0,0.036057692307692304,0.1875,0.1923076923076923
trec-covid-chrono-r4,7,blocker,512,192,320,512,0.375,128,19,0,-0.00018840469419956207,427,0.9052116356304492,0.9052116356304492,1.0,0.04326923076923077,0.1875,0.23076923076923075
trec-covid-chrono-r4,7,blocker,1024,320,704,1024,0.3125,384,24,0,-0.0003093983978033066,856,0.9052116356304492,0.9052116356304492,1.0,0.055288461538461536,0.1875,0.2948717948717949
trec-covid-chrono-r4,7,blocker,2048,384,1664,2048,0.1875,1280,25,0,-0.00018322095274925232,1767,0.9052116356304492,0.9052116356304492,1.0,0.057692307692307696,0.1875,0.3076923076923077
trec-covid-chrono-r4,7,blocker,4096,1344,2752,4096,0.328125,1408,36,0,-0.00023145973682403564,3268,0.9052116356304492,0.9052116356304492,1.0,0.06971153846153846,0.1875,0.3717948717948718
trec-covid-chrono-r4,7,blocker,8192,5000,3192,8192,0.6103515625,1808,40,0,-0.0001367330551147461,6595,0.9052116356304492,0.9052116356304492,1.0,0.07932692307692307,0.1875,0.4230769230769231
trec-covid-chrono-r4,7,blocker,10000,5000,5000,10000,0.5,0,40,0,-0.0001367330551147461,7931,0.9052116356304492,0.9052116356304492,1.0,0.07932692307692307,0.1875,0.4230769230769231
trec-covid-chrono-r4,8,balanced,128,64,64,128,0.5,0,1,0,-0.00229528546333313,125,0.22009176629808017,0.6553044207784658,0.3358618671252411,0.0016835016835016834,0.08080808080808081,0.020833333333333332
trec-covid-chrono-r4,8,balanced,256,128,128,256,0.5,0,2,0,-0.0006783641874790192,249,0.3589542101716347,0.6553044207784658,0.547767112184619,0.003367003367003367,0.08080808080808081,0.041666666666666664
trec-covid-chrono-r4,8,balanced,512,256,256,512,0.5,0,6,0,-0.001171804964542389,497,0.5637884576902256,0.6553044207784658,0.8603458786688417,0.006734006734006734,0.08080808080808081,0.08333333333333333
trec-covid-chrono-r4,8,balanced,1024,512,512,1024,0.5,0,7,0,-0.0008373204618692398,977,0.5637884576902256,0.6553044207784658,0.8603458786688417,0.006734006734006734,0.08080808080808081,0.08333333333333333
trec-covid-chrono-r4,8,balanced,2048,1024,1024,2048,0.5,0,8,0,-1.1578202247619629e-05,1957,0.6332196796270029,0.6553044207784658,0.9662985011985308,0.008417508417508417,0.08080808080808081,0.10416666666666666
trec-covid-chrono-r4,8,balanced,4096,2048,2048,4096,0.5,0,10,0,-1.7875805497169495e-05,3845,0.6553044207784658,0.6553044207784658,1.0,0.010101010101010102,0.08080808080808081,0.125
trec-covid-chrono-r4,8,balanced,8192,4096,4096,8192,0.5,0,16,0,-4.100613296031952e-05,7566,0.6553044207784658,0.6553044207784658,1.0,0.016835016835016835,0.08080808080808081,0.20833333333333331
trec-covid-chrono-r4,8,balanced,10000,5000,5000,10000,0.5,0,17,0,-3.279373049736023e-05,9155,0.6553044207784658,0.6553044207784658,1.0,0.018518518518518517,0.08080808080808081,0.22916666666666663
trec-covid-chrono-r4,8,blocker,128,64,64,128,0.5,0,1,0,-0.00229528546333313,125,0.22009176629808017,0.6553044207784658,0.3358618671252411,0.0016835016835016834,0.08080808080808081,0.020833333333333332
trec-covid-chrono-r4,8,blocker,256,128,128,256,0.5,0,2,0,-0.0006783641874790192,249,0.3589542101716347,0.6553044207784658,0.547767112184619,0.003367003367003367,0.08080808080808081,0.041666666666666664
trec-covid-chrono-r4,8,blocker,512,256,256,512,0.5,0,6,0,-0.001171804964542389,497,0.5637884576902256,0.6553044207784658,0.8603458786688417,0.006734006734006734,0.08080808080808081,0.08333333333333333
trec-covid-chrono-r4,8,blocker,1024,448,576,1024,0.4375,128,7,0,-0.0007843468338251114,981,0.5637884576902256,0.6553044207784658,0.8603458786688417,0.006734006734006734,0.08080808080808081,0.08333333333333333
trec-covid-chrono-r4,8,blocker,2048,704,1344,2048,0.34375,640,9,0,-7.164664566516876e-05,1953,0.6553044207784658,0.6553044207784658,1.0,0.010101010101010102,0.08080808080808081,0.125
trec-covid-chrono-r4,8,blocker,4096,1536,2560,4096,0.375,1024,14,0,-0.0001297350972890854,3874,0.6553044207784658,0.6553044207784658,1.0,0.013468013468013467,0.08080808080808081,0.16666666666666666
trec-covid-chrono-r4,8,blocker,8192,4224,3968,8192,0.515625,256,16,0,-3.3816322684288025e-05,7568,0.6553044207784658,0.6553044207784658,1.0,0.016835016835016835,0.08080808080808081,0.20833333333333331
trec-covid-chrono-r4,8,blocker,10000,5000,5000,10000,0.5,0,17,0,-3.279373049736023e-05,9155,0.6553044207784658,0.6553044207784658,1.0,0.018518518518518517,0.08080808080808081,0.22916666666666663
trec-covid-chrono-r4,9,balanced,128,64,64,128,0.5,0,1,0,-0.00022865831851959229,120,0.0,0.2386981842123148,0.0,0.0,0.1686746987951807,0.0
trec-covid-chrono-r4,9,balanced,256,128,128,256,0.5,0,6,0,-0.0004008319228887558,237,0.21661344306085184,0.2386981842123148,0.90747838646389,0.018072289156626505,0.1686746987951807,0.10714285714285715
trec-covid-chrono-r4,9,balanced,512,256,256,512,0.5,0,11,0,-0.0007183514535427094,481,0.2386981842123148,0.2386981842123148,1.0,0.024096385542168676,0.1686746987951807,0.14285714285714288
trec-covid-chrono-r4,9,balanced,1024,512,512,1024,0.5,0,13,0,-0.00020806491374969482,969,0.2386981842123148,0.2386981842123148,1.0,0.024096385542168676,0.1686746987951807,0.14285714285714288
trec-covid-chrono-r4,9,balanced,2048,1024,1024,2048,0.5,0,16,0,-0.00024063140153884888,1901,0.2386981842123148,0.2386981842123148,1.0,0.03614457831325301,0.1686746987951807,0.2142857142857143
trec-covid-chrono-r4,9,balanced,4096,2048,2048,4096,0.5,0,18,0,-2.7768313884735107e-05,3770,0.2386981842123148,0.2386981842123148,1.0,0.03614457831325301,0.1686746987951807,0.2142857142857143
trec-covid-chrono-r4,9,balanced,8192,4096,4096,8192,0.5,0,23,0,-2.757832407951355e-05,7548,0.2386981842123148,0.2386981842123148,1.0,0.04216867469879518,0.1686746987951807,0.25
trec-covid-chrono-r4,9,balanced,10000,5000,5000,10000,0.5,0,32,0,-5.6255608797073364e-05,9172,0.2386981842123148,0.2386981842123148,1.0,0.05421686746987952,0.1686746987951807,0.32142857142857145
trec-covid-chrono-r4,9,blocker,128,64,64,128,0.5,0,1,0,-0.00022865831851959229,120,0.0,0.2386981842123148,0.0,0.0,0.1686746987951807,0.0
trec-covid-chrono-r4,9,blocker,256,128,128,256,0.5,0,6,0,-0.0004008319228887558,237,0.21661344306085184,0.2386981842123148,0.90747838646389,0.018072289156626505,0.1686746987951807,0.10714285714285715
trec-covid-chrono-r4,9,blocker,512,256,256,512,0.5,0,11,0,-0.0007183514535427094,481,0.2386981842123148,0.2386981842123148,1.0,0.024096385542168676,0.1686746987951807,0.14285714285714288
trec-covid-chrono-r4,9,blocker,1024,448,576,1024,0.4375,128,13,0,-0.0001550912857055664,964,0.2386981842123148,0.2386981842123148,1.0,0.024096385542168676,0.1686746987951807,0.14285714285714288
trec-covid-chrono-r4,9,blocker,2048,896,1152,2048,0.4375,256,16,0,-0.00014320574700832367,1903,0.2386981842123148,0.2386981842123148,1.0,0.03614457831325301,0.1686746987951807,0.2142857142857143
trec-covid-chrono-r4,9,blocker,4096,1472,2624,4096,0.359375,1152,20,0,-8.924119174480438e-05,3814,0.2386981842123148,0.2386981842123148,1.0,0.03614457831325301,0.1686746987951807,0.2142857142857143
trec-covid-chrono-r4,9,blocker,8192,3520,4672,8192,0.4296875,1152,24,0,-6.103888154029846e-06,7578,0.2386981842123148,0.2386981842123148,1.0,0.04216867469879518,0.1686746987951807,0.25
trec-covid-chrono-r4,9,blocker,10000,5000,5000,10000,0.5,0,32,0,-5.6255608797073364e-05,9172,0.2386981842123148,0.2386981842123148,1.0,0.05421686746987952,0.1686746987951807,0.32142857142857145
trec-covid-chrono-r4,10,balanced,128,64,64,128,0.5,0,7,0,-0.0005062371492385864,114,0.6885922420972748,0.8454846168880916,0.814434974147397,0.01569506726457399,0.17488789237668162,0.08974358974358974
trec-covid-chrono-r4,10,balanced,256,128,128,256,0.5,0,10,0,-0.00022584758698940277,221,0.8454846168880916,0.8454846168880916,1.0,0.02242152466367713,0.17488789237668162,0.1282051282051282
trec-covid-chrono-r4,10,balanced,512,256,256,512,0.5,0,18,0,-6.499327719211578e-05,425,0.8454846168880916,0.8454846168880916,1.0,0.03587443946188341,0.17488789237668162,0.20512820512820512
trec-covid-chrono-r4,10,balanced,1024,512,512,1024,0.5,0,31,0,-4.8683956265449524e-05,814,0.8454846168880916,0.8454846168880916,1.0,0.06502242152466367,0.17488789237668162,0.37179487179487175
trec-covid-chrono-r4,10,balanced,2048,1024,1024,2048,0.5,0,33,0,-6.076507270336151e-05,1608,0.8454846168880916,0.8454846168880916,1.0,0.06950672645739911,0.17488789237668162,0.39743589743589747
trec-covid-chrono-r4,10,balanced,4096,2048,2048,4096,0.5,0,37,0,-4.307366907596588e-05,3179,0.8454846168880916,0.8454846168880916,1.0,0.07623318385650224,0.17488789237668162,0.43589743589743585
trec-covid-chrono-r4,10,balanced,8192,4096,4096,8192,0.5,0,38,0,-0.00016856379806995392,6263,0.8454846168880916,0.8454846168880916,1.0,0.07847533632286996,0.17488789237668162,0.44871794871794873
trec-covid-chrono-r4,10,balanced,10000,5000,5000,10000,0.5,0,38,0,-0.00012557581067085266,7692,0.8454846168880916,0.8454846168880916,1.0,0.07847533632286996,0.17488789237668162,0.44871794871794873
trec-covid-chrono-r4,10,blocker,128,64,64,128,0.5,0,7,0,-0.0005062371492385864,114,0.6885922420972748,0.8454846168880916,0.814434974147397,0.01569506726457399,0.17488789237668162,0.08974358974358974
trec-covid-chrono-r4,10,blocker,256,128,128,256,0.5,0,10,0,-0.00022584758698940277,221,0.8454846168880916,0.8454846168880916,1.0,0.02242152466367713,0.17488789237668162,0.1282051282051282
trec-covid-chrono-r4,10,blocker,512,256,256,512,0.5,0,18,0,-6.499327719211578e-05,425,0.8454846168880916,0.8454846168880916,1.0,0.03587443946188341,0.17488789237668162,0.20512820512820512
trec-covid-chrono-r4,10,blocker,1024,640,384,1024,0.625,256,33,0,-0.0005668271332979202,828,0.8454846168880916,0.8454846168880916,1.0,0.06950672645739911,0.17488789237668162,0.39743589743589747
trec-covid-chrono-r4,10,blocker,2048,1664,384,2048,0.8125,1280,36,0,-4.065409302711487e-05,1780,0.8454846168880916,0.8454846168880916,1.0,0.07399103139013453,0.17488789237668162,0.4230769230769231
trec-covid-chrono-r4,10,blocker,4096,3712,384,4096,0.90625,3328,38,0,-0.00019305944442749023,3771,0.8454846168880916,0.8454846168880916,1.0,0.07847533632286996,0.17488789237668162,0.44871794871794873
trec-covid-chrono-r4,10,blocker,8192,5000,3192,8192,0.6103515625,1808,38,0,-0.00012557581067085266,6371,0.8454846168880916,0.8454846168880916,1.0,0.07847533632286996,0.17488789237668162,0.44871794871794873
trec-covid-chrono-r4,10,blocker,10000,5000,5000,10000,0.5,0,38,0,-0.00012557581067085266,7692,0.8454846168880916,0.8454846168880916,1.0,0.07847533632286996,0.17488789237668162,0.44871794871794873
trec-covid-chrono-r4,11,balanced,128,64,64,128,0.5,0,7,0,-7.729977369308472e-07,112,0.42031511396805654,0.4867505251647625,0.8635123995516637,0.00980392156862745,0.061274509803921566,0.16
trec-covid-chrono-r4,11,balanced,256,128,128,256,0.5,0,19,0,-0.00011153519153594971,225,0.4867505251647625,0.4867505251647625,1.0,0.031862745098039214,0.061274509803921566,0.52
trec-covid-chrono-r4,11,balanced,512,256,256,512,0.5,0,23,0,-0.00010254047811031342,463,0.4867505251647625,0.4867505251647625,1.0,0.031862745098039214,0.061274509803921566,0.52
trec-covid-chrono-r4,11,balanced,1024,512,512,1024,0.5,0,24,0,-1.198798418045044e-05,917,0.4867505251647625,0.4867505251647625,1.0,0.03431372549019608,0.061274509803921566,0.56
trec-covid-chrono-r4,11,balanced,2048,1024,1024,2048,0.5,0,26,0,-0.0004155673086643219,1810,0.4867505251647625,0.4867505251647625,1.0,0.03431372549019608,0.061274509803921566,0.56
trec-covid-chrono-r4,11,balanced,4096,2048,2048,4096,0.5,0,27,0,-2.635456621646881e-05,3597,0.4867505251647625,0.4867505251647625,1.0,0.03676470588235294,0.061274509803921566,0.6000000000000001
trec-covid-chrono-r4,11,balanced,8192,4096,4096,8192,0.5,0,38,0,-2.11251899600029e-05,7146,0.4867505251647625,0.4867505251647625,1.0,0.04656862745098039,0.061274509803921566,0.76
trec-covid-chrono-r4,11,balanced,10000,5000,5000,10000,0.5,0,39,0,-0.00013833679258823395,8646,0.4867505251647625,0.4867505251647625,1.0,0.04656862745098039,0.061274509803921566,0.76
trec-covid-chrono-r4,11,blocker,128,64,64,128,0.5,0,7,0,-7.729977369308472e-07,112,0.42031511396805654,0.4867505251647625,0.8635123995516637,0.00980392156862745,0.061274509803921566,0.16
trec-covid-chrono-r4,11,blocker,256,128,128,256,0.5,0,19,0,-0.00011153519153594971,225,0.4867505251647625,0.4867505251647625,1.0,0.031862745098039214,0.061274509803921566,0.52
trec-covid-chrono-r4,11,blocker,512,320,192,512,0.625,128,24,0,-0.001028330996632576,462,0.4867505251647625,0.4867505251647625,1.0,0.03431372549019608,0.061274509803921566,0.56
trec-covid-chrono-r4,11,blocker,1024,704,320,1024,0.6875,384,26,0,-0.000920979306101799,937,0.4867505251647625,0.4867505251647625,1.0,0.03431372549019608,0.061274509803921566,0.56
trec-covid-chrono-r4,11,blocker,2048,1536,512,2048,0.75,1024,26,0,-0.00011962465941905975,1859,0.4867505251647625,0.4867505251647625,1.0,0.03431372549019608,0.061274509803921566,0.56
trec-covid-chrono-r4,11,blocker,4096,2816,1280,4096,0.6875,1536,36,0,-9.014084935188293e-05,3638,0.4867505251647625,0.4867505251647625,1.0,0.04411764705882353,0.061274509803921566,0.7200000000000001
trec-covid-chrono-r4,11,blocker,8192,3192,5000,8192,0.3896484375,1808,39,0,-0.00013833679258823395,7224,0.4867505251647625,0.4867505251647625,1.0,0.04656862745098039,0.061274509803921566,0.76
trec-covid-chrono-r4,11,blocker,10000,5000,5000,10000,0.5,0,39,0,-0.00013833679258823395,8646,0.4867505251647625,0.4867505251647625,1.0,0.04656862745098039,0.061274509803921566,0.76
trec-covid-chrono-r4,12,balanced,128,64,64,128,0.5,0,2,0,-0.0004807431250810623,125,0.21222636597291458,0.3222722491219547,0.658531308702921,0.003246753246753247,0.05194805194805195,0.0625
trec-covid-chrono-r4,12,balanced,256,128,128,256,0.5,0,3,0,-0.0021571069955825806,247,0.3222722491219547,0.3222722491219547,1.0,0.00487012987012987,0.05194805194805195,0.09374999999999999
trec-covid-chrono-r4,12,balanced,512,256,256,512,0.5,0,3,0,-2.516433596611023e-06,497,0.3222722491219547,0.3222722491219547,1.0,0.00487012987012987,0.05194805194805195,0.09374999999999999
trec-covid-chrono-r4,12,balanced,1024,512,512,1024,0.5,0,9,0,-0.00016724318265914917,969,0.3222722491219547,0.3222722491219547,1.0,0.00487012987012987,0.05194805194805195,0.09374999999999999
trec-covid-chrono-r4,12,balanced,2048,1024,1024,2048,0.5,0,13,0,-0.0005935616791248322,1910,0.3222722491219547,0.3222722491219547,1.0,0.00487012987012987,0.05194805194805195,0.09374999999999999
trec-covid-chrono-r4,12,balanced,4096,2048,2048,4096,0.5,0,13,0,-0.00014543719589710236,3769,0.3222722491219547,0.3222722491219547,1.0,0.00487012987012987,0.05194805194805195,0.09374999999999999
trec-covid-chrono-r4,12,balanced,8192,4096,4096,8192,0.5,0,17,0,-1.266971230506897e-05,7365,0.3222722491219547,0.3222722491219547,1.0,0.008116883116883116,0.05194805194805195,0.15624999999999997
trec-covid-chrono-r4,12,balanced,10000,5000,5000,10000,0.5,0,18,0,-0.00019535236060619354,8894,0.3222722491219547,0.3222722491219547,1.0,0.00974025974025974,0.05194805194805195,0.18749999999999997
trec-covid-chrono-r4,12,blocker,128,64,64,128,0.5,0,2,0,-0.0004807431250810623,125,0.21222636597291458,0.3222722491219547,0.658531308702921,0.003246753246753247,0.05194805194805195,0.0625
trec-covid-chrono-r4,12,blocker,256,128,128,256,0.5,0,3,0,-0.0021571069955825806,247,0.3222722491219547,0.3222722491219547,1.0,0.00487012987012987,0.05194805194805195,0.09374999999999999
trec-covid-chrono-r4,12,blocker,512,256,256,512,0.5,0,3,0,-2.516433596611023e-06,497,0.3222722491219547,0.3222722491219547,1.0,0.00487012987012987,0.05194805194805195,0.09374999999999999
trec-covid-chrono-r4,12,blocker,1024,448,576,1024,0.4375,128,10,0,-7.80746340751648e-05,969,0.3222722491219547,0.3222722491219547,1.0,0.00487012987012987,0.05194805194805195,0.09374999999999999
trec-covid-chrono-r4,12,blocker,2048,640,1408,2048,0.3125,768,13,0,-0.0003522522747516632,1937,0.3222722491219547,0.3222722491219547,1.0,0.00487012987012987,0.05194805194805195,0.09374999999999999
trec-covid-chrono-r4,12,blocker,4096,1088,3008,4096,0.265625,1920,14,0,-7.743015885353088e-05,3837,0.3222722491219547,0.3222722491219547,1.0,0.006493506493506494,0.05194805194805195,0.125
trec-covid-chrono-r4,12,blocker,8192,4096,4096,8192,0.5,0,17,0,-1.266971230506897e-05,7365,0.3222722491219547,0.3222722491219547,1.0,0.008116883116883116,0.05194805194805195,0.15624999999999997
trec-covid-chrono-r4,12,blocker,10000,5000,5000,10000,0.5,0,18,0,-0.00019535236060619354,8894,0.3222722491219547,0.3222722491219547,1.0,0.00974025974025974,0.05194805194805195,0.18749999999999997
trec-covid-chrono-r4,13,balanced,128,64,64,128,0.5,0,10,0,-0.0003409404307603836,107,0.8033707757487327,0.8033707757487327,1.0,0.010638297872340425,0.08865248226950355,0.12
trec-covid-chrono-r4,13,balanced,256,128,128,256,0.5,0,18,0,-0.002172296866774559,219,0.8033707757487327,0.8033707757487327,1.0,0.018912529550827423,0.08865248226950355,0.21333333333333332
trec-covid-chrono-r4,13,balanced,512,256,256,512,0.5,0,19,0,-1.7706304788589478e-05,454,0.8033707757487327,0.8033707757487327,1.0,0.02009456264775414,0.08865248226950355,0.22666666666666668
trec-covid-chrono-r4,13,balanced,1024,512,512,1024,0.5,0,27,0,-0.00023315474390983582,922,0.8033707757487327,0.8033707757487327,1.0,0.02955082742316785,0.08865248226950355,0.3333333333333333
trec-covid-chrono-r4,13,balanced,2048,1024,1024,2048,0.5,0,29,0,-0.00013004988431930542,1854,0.8033707757487327,0.8033707757487327,1.0,0.031914893617021274,0.08865248226950355,0.36
trec-covid-chrono-r4,13,balanced,4096,2048,2048,4096,0.5,0,32,0,-8.176080882549286e-05,3535,0.8033707757487327,0.8033707757487327,1.0,0.03546099290780142,0.08865248226950355,0.4
trec-covid-chrono-r4,13,balanced,8192,4096,4096,8192,0.5,0,35,0,-2.3309141397476196e-05,6820,0.8033707757487327,0.8033707757487327,1.0,0.037825059101654845,0.08865248226950355,0.42666666666666664
trec-covid-chrono-r4,13,balanced,10000,5000,5000,10000,0.5,0,40,0,-2.739671617746353e-05,8274,0.8033707757487327,0.8033707757487327,1.0,0.041371158392434985,0.08865248226950355,0.4666666666666666
trec-covid-chrono-r4,13,blocker,128,64,64,128,0.5,0,10,0,-0.0003409404307603836,107,0.8033707757487327,0.8033707757487327,1.0,0.010638297872340425,0.08865248226950355,0.12
trec-covid-chrono-r4,13,blocker,256,128,128,256,0.5,0,18,0,-0.002172296866774559,219,0.8033707757487327,0.8033707757487327,1.0,0.018912529550827423,0.08865248226950355,0.21333333333333332
trec-covid-chrono-r4,13,blocker,512,256,256,512,0.5,0,19,0,-1.7706304788589478e-05,454,0.8033707757487327,0.8033707757487327,1.0,0.02009456264775414,0.08865248226950355,0.22666666666666668
trec-covid-chrono-r4,13,blocker,1024,512,512,1024,0.5,0,27,0,-0.00023315474390983582,922,0.8033707757487327,0.8033707757487327,1.0,0.02955082742316785,0.08865248226950355,0.3333333333333333
trec-covid-chrono-r4,13,blocker,2048,1536,512,2048,0.75,1024,31,0,-9.143538773059845e-05,1863,0.8033707757487327,0.8033707757487327,1.0,0.034278959810874705,0.08865248226950355,0.38666666666666666
trec-covid-chrono-r4,13,blocker,4096,3456,640,4096,0.84375,2816,33,0,-2.000480890274048e-05,3809,0.8033707757487327,0.8033707757487327,1.0,0.03664302600472813,0.08865248226950355,0.4133333333333333
trec-covid-chrono-r4,13,blocker,8192,5000,3192,8192,0.6103515625,1808,40,0,-2.739671617746353e-05,7006,0.8033707757487327,0.8033707757487327,1.0,0.041371158392434985,0.08865248226950355,0.4666666666666666
trec-covid-chrono-r4,13,blocker,10000,5000,5000,10000,0.5,0,40,0,-2.739671617746353e-05,8274,0.8033707757487327,0.8033707757487327,1.0,0.041371158392434985,0.08865248226950355,0.4666666666666666
trec-covid-chrono-r4,14,balanced,128,64,64,128,0.5,0,12,0,-0.00014596432447433472,113,0.92663607790064,0.92663607790064,1.0,0.0423728813559322,0.25,0.1694915254237288
trec-covid-chrono-r4,14,balanced,256,128,128,256,0.5,0,17,0,-0.0009752623736858368,227,0.92663607790064,0.92663607790064,1.0,0.0635593220338983,0.25,0.2542372881355932
trec-covid-chrono-r4,14,balanced,512,256,256,512,0.5,0,21,0,-8.068419992923737e-05,471,0.92663607790064,0.92663607790064,1.0,0.08050847457627118,0.25,0.3220338983050847
trec-covid-chrono-r4,14,balanced,1024,512,512,1024,0.5,0,34,0,-0.0006224140524864197,963,0.92663607790064,0.92663607790064,1.0,0.11440677966101695,0.25,0.4576271186440678
trec-covid-chrono-r4,14,balanced,2048,1024,1024,2048,0.5,0,36,0,-3.7629157304763794e-05,1946,0.92663607790064,0.92663607790064,1.0,0.1228813559322034,0.25,0.4915254237288136
trec-covid-chrono-r4,14,balanced,4096,2048,2048,4096,0.5,0,38,0,-0.00016412418335676193,3912,0.92663607790064,0.92663607790064,1.0,0.13135593220338984,0.25,0.5254237288135594
trec-covid-chrono-r4,14,balanced,8192,4096,4096,8192,0.5,0,44,0,-9.872764348983765e-05,7667,0.92663607790064,0.92663607790064,1.0,0.15254237288135594,0.25,0.6101694915254238
trec-covid-chrono-r4,14,balanced,10000,5000,5000,10000,0.5,0,44,0,-5.5740587413311005e-05,9257,0.92663607790064,0.92663607790064,1.0,0.15254237288135594,0.25,0.6101694915254238
trec-covid-chrono-r4,14,blocker,128,64,64,128,0.5,0,12,0,-0.00014596432447433472,113,0.92663607790064,0.92663607790064,1.0,0.0423728813559322,0.25,0.1694915254237288
trec-covid-chrono-r4,14,blocker,256,128,128,256,0.5,0,17,0,-0.0009752623736858368,227,0.92663607790064,0.92663607790064,1.0,0.0635593220338983,0.25,0.2542372881355932
trec-covid-chrono-r4,14,blocker,512,256,256,512,0.5,0,21,0,-8.068419992923737e-05,471,0.92663607790064,0.92663607790064,1.0,0.08050847457627118,0.25,0.3220338983050847
trec-covid-chrono-r4,14,blocker,1024,640,384,1024,0.625,256,34,0,-0.000302731990814209,959,0.92663607790064,0.92663607790064,1.0,0.11440677966101695,0.25,0.4576271186440678
trec-covid-chrono-r4,14,blocker,2048,1536,512,2048,0.75,1024,37,0,-0.0001222873106598854,1951,0.92663607790064,0.92663607790064,1.0,0.1271186440677966,0.25,0.5084745762711864
trec-covid-chrono-r4,14,blocker,4096,3136,960,4096,0.765625,2176,42,0,-0.0002292189747095108,3924,0.92663607790064,0.92663607790064,1.0,0.1483050847457627,0.25,0.5932203389830508
trec-covid-chrono-r4,14,blocker,8192,3192,5000,8192,0.3896484375,1808,44,0,-5.5740587413311005e-05,7686,0.92663607790064,0.92663607790064,1.0,0.15254237288135594,0.25,0.6101694915254238
trec-covid-chrono-r4,14,blocker,10000,5000,5000,10000,0.5,0,44,0,-5.5740587413311005e-05,9257,0.92663607790064,0.92663607790064,1.0,0.15254237288135594,0.25,0.6101694915254238
trec-covid-chrono-r4,15,balanced,128,64,64,128,0.5,0,2,0,-0.008064515888690948,126,0.22009176629808017,0.44610825323514725,0.49335954827553485,0.0025575447570332483,0.08951406649616368,0.028571428571428574
trec-covid-chrono-r4,15,balanced,256,128,128,256,0.5,0,2,0,-0.005319148302078247,254,0.22009176629808017,0.44610825323514725,0.49335954827553485,0.0025575447570332483,0.08951406649616368,0.028571428571428574
trec-covid-chrono-r4,15,balanced,512,256,256,512,0.5,0,2,0,-0.0031645577400922775,506,0.22009176629808017,0.44610825323514725,0.49335954827553485,0.0025575447570332483,0.08951406649616368,0.028571428571428574
trec-covid-chrono-r4,15,balanced,1024,512,512,1024,0.5,0,2,0,-0.001748252660036087,998,0.22009176629808017,0.44610825323514725,0.49335954827553485,0.0025575447570332483,0.08951406649616368,0.028571428571428574
trec-covid-chrono-r4,15,balanced,2048,1024,1024,2048,0.5,0,2,0,-0.0009225085377693176,1986,0.22009176629808017,0.44610825323514725,0.49335954827553485,0.0025575447570332483,0.08951406649616368,0.028571428571428574
trec-covid-chrono-r4,15,balanced,4096,2048,2048,4096,0.5,0,3,0,-0.00021836906671524048,3926,0.33013764944712026,0.44610825323514725,0.7400393224133024,0.005115089514066497,0.08951406649616368,0.05714285714285715
trec-covid-chrono-r4,15,balanced,8192,4096,4096,8192,0.5,0,3,0,-0.00022008270025253296,7718,0.33013764944712026,0.44610825323514725,0.7400393224133024,0.005115089514066497,0.08951406649616368,0.05714285714285715
trec-covid-chrono-r4,15,balanced,10000,5000,5000,10000,0.5,0,3,0,-0.0001770947128534317,9357,0.33013764944712026,0.44610825323514725,0.7400393224133024,0.005115089514066497,0.08951406649616368,0.05714285714285715
trec-covid-chrono-r4,15,blocker,128,64,64,128,0.5,0,2,0,-0.008064515888690948,126,0.22009176629808017,0.44610825323514725,0.49335954827553485,0.0025575447570332483,0.08951406649616368,0.028571428571428574
trec-covid-chrono-r4,15,blocker,256,128,128,256,0.5,0,2,0,-0.005319148302078247,254,0.22009176629808017,0.44610825323514725,0.49335954827553485,0.0025575447570332483,0.08951406649616368,0.028571428571428574
trec-covid-chrono-r4,15,blocker,512,256,256,512,0.5,0,2,0,-0.0031645577400922775,506,0.22009176629808017,0.44610825323514725,0.49335954827553485,0.0025575447570332483,0.08951406649616368,0.028571428571428574
trec-covid-chrono-r4,15,blocker,1024,448,576,1024,0.4375,128,2,0,-0.0017124898731708527,1000,0.22009176629808017,0.44610825323514725,0.49335954827553485,0.0025575447570332483,0.08951406649616368,0.028571428571428574
trec-covid-chrono-r4,15,blocker,2048,896,1152,2048,0.4375,256,2,0,-0.0008250828832387924,1984,0.22009176629808017,0.44610825323514725,0.49335954827553485,0.0025575447570332483,0.08951406649616368,0.028571428571428574
trec-covid-chrono-r4,15,blocker,4096,2048,2048,4096,0.5,0,3,0,-0.00021836906671524048,3926,0.33013764944712026,0.44610825323514725,0.7400393224133024,0.005115089514066497,0.08951406649616368,0.05714285714285715
trec-covid-chrono-r4,15,blocker,8192,4608,3584,8192,0.5625,1024,3,0,-0.00019369088113307953,7725,0.33013764944712026,0.44610825323514725,0.7400393224133024,0.005115089514066497,0.08951406649616368,0.05714285714285715
trec-covid-chrono-r4,15,blocker,10000,5000,5000,10000,0.5,0,3,0,-0.0001770947128534317,9357,0.33013764944712026,0.44610825323514725,0.7400393224133024,0.005115089514066497,0.08951406649616368,0.05714285714285715
trec-covid-chrono-r4,16,balanced,128,64,64,128,0.5,0,6,0,-0.007791290059685707,122,0.5283364874593516,0.7547191618576449,0.70004382313405,0.01791044776119403,0.11940298507462686,0.15000000000000002
trec-covid-chrono-r4,16,balanced,256,128,128,256,0.5,0,7,0,-0.003982093185186386,246,0.6017004095587116,0.7547191618576449,0.7972507390400727,0.020895522388059702,0.11940298507462686,0.17500000000000002
trec-covid-chrono-r4,16,balanced,512,256,256,512,0.5,0,7,0,-0.0018275026232004166,496,0.6017004095587116,0.7547191618576449,0.7972507390400727,0.020895522388059702,0.11940298507462686,0.17500000000000002
trec-covid-chrono-r4,16,balanced,1024,512,512,1024,0.5,0,7,0,-0.0004111975431442261,997,0.6017004095587116,0.7547191618576449,0.7972507390400727,0.020895522388059702,0.11940298507462686,0.17500000000000002
trec-covid-chrono-r4,16,balanced,2048,1024,1024,2048,0.5,0,8,0,-0.0006580986082553864,1984,0.6248441502043041,0.7547191618576449,0.8279161067890869,0.023880597014925373,0.11940298507462686,0.2
trec-covid-chrono-r4,16,balanced,4096,2048,2048,4096,0.5,0,9,0,-0.00010591931641101837,3946,0.6910983736586931,0.7547191618576449,0.9157026992101839,0.026865671641791045,0.11940298507462686,0.225
trec-covid-chrono-r4,16,balanced,8192,4096,4096,8192,0.5,0,10,0,-0.00011937879025936127,7829,0.7547191618576449,0.7547191618576449,1.0,0.029850746268656716,0.11940298507462686,0.25
trec-covid-chrono-r4,16,balanced,10000,5000,5000,10000,0.5,0,10,0,-7.639080286026001e-05,9499,0.7547191618576449,0.7547191618576449,1.0,0.029850746268656716,0.11940298507462686,0.25
trec-covid-chrono-r4,16,blocker,128,64,64,128,0.5,0,6,0,-0.007791290059685707,122,0.5283364874593516,0.7547191618576449,0.70004382313405,0.01791044776119403,0.11940298507462686,0.15000000000000002
trec-covid-chrono-r4,16,blocker,256,128,128,256,0.5,0,7,0,-0.003982093185186386,246,0.6017004095587116,0.7547191618576449,0.7972507390400727,0.020895522388059702,0.11940298507462686,0.17500000000000002
trec-covid-chrono-r4,16,blocker,512,256,256,512,0.5,0,7,0,-0.0018275026232004166,496,0.6017004095587116,0.7547191618576449,0.7972507390400727,0.020895522388059702,0.11940298507462686,0.17500000000000002
trec-covid-chrono-r4,16,blocker,1024,576,448,1024,0.5625,128,7,0,-0.00036703795194625854,996,0.6017004095587116,0.7547191618576449,0.7972507390400727,0.020895522388059702,0.11940298507462686,0.17500000000000002
trec-covid-chrono-r4,16,blocker,2048,960,1088,2048,0.46875,128,8,0,-0.00035433098673820496,1974,0.6248441502043041,0.7547191618576449,0.8279161067890869,0.023880597014925373,0.11940298507462686,0.2
trec-covid-chrono-r4,16,blocker,4096,3008,1088,4096,0.734375,1920,10,0,-0.00020470842719078064,3984,0.7547191618576449,0.7547191618576449,1.0,0.029850746268656716,0.11940298507462686,0.25
trec-covid-chrono-r4,16,blocker,8192,5000,3192,8192,0.6103515625,1808,10,0,-7.639080286026001e-05,7859,0.7547191618576449,0.7547191618576449,1.0,0.029850746268656716,0.11940298507462686,0.25
trec-covid-chrono-r4,16,blocker,10000,5000,5000,10000,0.5,0,10,0,-7.639080286026001e-05,9499,0.7547191618576449,0.7547191618576449,1.0,0.029850746268656716,0.11940298507462686,0.25
trec-covid-chrono-r4,17,balanced,128,64,64,128,0.5,0,0,0,-0.0003264211118221283,124,0.0,0.7719324149158298,0.0,0.0,0.09791332263242375,0.0
trec-covid-chrono-r4,17,balanced,256,128,128,256,0.5,0,2,0,-0.0002568978816270828,247,0.266379247589265,0.7719324149158298,0.34508104912048626,0.0032102728731942215,0.09791332263242375,0.03278688524590164
trec-covid-chrono-r4,17,balanced,512,256,256,512,0.5,0,7,0,-6.0345977544784546e-05,479,0.6592095224279388,0.7719324149158298,0.8539731065702403,0.011235955056179775,0.09791332263242375,0.11475409836065574
trec-covid-chrono-r4,17,balanced,1024,512,512,1024,0.5,0,10,0,-0.0003055073320865631,927,0.7719324149158298,0.7719324149158298,1.0,0.016051364365971106,0.09791332263242375,0.16393442622950818
trec-covid-chrono-r4,17,balanced,2048,1024,1024,2048,0.5,0,13,0,-0.00025184638798236847,1834,0.7719324149158298,0.7719324149158298,1.0,0.02086677367576244,0.09791332263242375,0.21311475409836067
trec-covid-chrono-r4,17,balanced,4096,2048,2048,4096,0.5,0,16,0,-3.949366509914398e-05,3653,0.7719324149158298,0.7719324149158298,1.0,0.025682182985553772,0.09791332263242375,0.26229508196721313
trec-covid-chrono-r4,17,balanced,8192,4096,4096,8192,0.5,0,20,0,-2.253800630569458e-05,7345,0.7719324149158298,0.7719324149158298,1.0,0.03210272873194221,0.09791332263242375,0.32786885245901637
trec-covid-chrono-r4,17,balanced,10000,5000,5000,10000,0.5,0,21,0,-0.00010210461914539337,8926,0.7719324149158298,0.7719324149158298,1.0,0.033707865168539325,0.09791332263242375,0.3442622950819672
trec-covid-chrono-r4,17,blocker,128,64,64,128,0.5,0,0,0,-0.0003264211118221283,124,0.0,0.7719324149158298,0.0,0.0,0.09791332263242375,0.0
trec-covid-chrono-r4,17,blocker,256,128,128,256,0.5,0,2,0,-0.0002568978816270828,247,0.266379247589265,0.7719324149158298,0.34508104912048626,0.0032102728731942215,0.09791332263242375,0.03278688524590164
trec-covid-chrono-r4,17,blocker,512,256,256,512,0.5,0,7,0,-6.0345977544784546e-05,479,0.6592095224279388,0.7719324149158298,0.8539731065702403,0.011235955056179775,0.09791332263242375,0.11475409836065574
trec-covid-chrono-r4,17,blocker,1024,448,576,1024,0.4375,128,10,0,-0.0002525337040424347,927,0.7719324149158298,0.7719324149158298,1.0,0.016051364365971106,0.09791332263242375,0.16393442622950818
trec-covid-chrono-r4,17,blocker,2048,896,1152,2048,0.4375,256,13,0,-0.00015442073345184326,1846,0.7719324149158298,0.7719324149158298,1.0,0.02086677367576244,0.09791332263242375,0.21311475409836067
trec-covid-chrono-r4,17,blocker,4096,2624,1472,4096,0.640625,1152,17,0,-0.00019516609609127045,3681,0.7719324149158298,0.7719324149158298,1.0,0.027287319422150885,0.09791332263242375,0.27868852459016397
trec-covid-chrono-r4,17,blocker,8192,5000,3192,8192,0.6103515625,1808,21,0,-0.00010210461914539337,7337,0.7719324149158298,0.7719324149158298,1.0,0.033707865168539325,0.09791332263242375,0.3442622950819672
trec-covid-chrono-r4,17,blocker,10000,5000,5000,10000,0.5,0,21,0,-0.00010210461914539337,8926,0.7719324149158298,0.7719324149158298,1.0,0.033707865168539325,0.09791332263242375,0.3442622950819672
trec-covid-chrono-r4,18,balanced,128,64,64,128,0.5,0,0,0,-0.0018688738346099854,125,0.0,0.7843480151386248,0.0,0.0,0.11940298507462686,0.0
trec-covid-chrono-r4,18,balanced,256,128,128,256,0.5,0,2,0,-0.0004508085548877716,247,0.3589542101716347,0.7843480151386248,0.45764660997859924,0.003316749585406302,0.11940298507462686,0.02777777777777778
trec-covid-chrono-r4,18,balanced,512,256,256,512,0.5,0,8,0,-3.9558857679367065e-05,471,0.6968868622845853,0.7843480151386248,0.8884919051671448,0.011608623548922056,0.11940298507462686,0.09722222222222222
trec-covid-chrono-r4,18,balanced,1024,512,512,1024,0.5,0,10,0,-0.00019665993750095367,943,0.7843480151386248,0.7843480151386248,1.0,0.014925373134328358,0.11940298507462686,0.125
trec-covid-chrono-r4,18,balanced,2048,1024,1024,2048,0.5,0,14,0,-0.00024300627410411835,1852,0.7843480151386248,0.7843480151386248,1.0,0.02155887230514096,0.11940298507462686,0.18055555555555555
trec-covid-chrono-r4,18,balanced,4096,2048,2048,4096,0.5,0,15,0,-9.21059399843216e-05,3723,0.7843480151386248,0.7843480151386248,1.0,0.02321724709784411,0.11940298507462686,0.19444444444444445
trec-covid-chrono-r4,18,balanced,8192,4096,4096,8192,0.5,0,19,0,-1.7995014786720276e-05,7306,0.7843480151386248,0.7843480151386248,1.0,0.029850746268656716,0.11940298507462686,0.25
trec-covid-chrono-r4,18,balanced,10000,5000,5000,10000,0.5,0,20,0,-0.00015725009143352509,8912,0.7843480151386248,0.7843480151386248,1.0,0.03150912106135987,0.11940298507462686,0.2638888888888889
trec-covid-chrono-r4,18,blocker,128,64,64,128,0.5,0,0,0,-0.0018688738346099854,125,0.0,0.7843480151386248,0.0,0.0,0.11940298507462686,0.0
trec-covid-chrono-r4,18,blocker,256,128,128,256,0.5,0,2,0,-0.0004508085548877716,247,0.3589542101716347,0.7843480151386248,0.45764660997859924,0.003316749585406302,0.11940298507462686,0.02777777777777778
trec-covid-chrono-r4,18,blocker,512,256,256,512,0.5,0,8,0,-3.9558857679367065e-05,471,0.6968868622845853,0.7843480151386248,0.8884919051671448,0.011608623548922056,0.11940298507462686,0.09722222222222222
trec-covid-chrono-r4,18,blocker,1024,512,512,1024,0.5,0,10,0,-0.00019665993750095367,943,0.7843480151386248,0.7843480151386248,1.0,0.014925373134328358,0.11940298507462686,0.125
trec-covid-chrono-r4,18,blocker,2048,1408,640,2048,0.6875,768,14,0,-1.6968697309494019e-06,1875,0.7843480151386248,0.7843480151386248,1.0,0.02155887230514096,0.11940298507462686,0.18055555555555555
trec-covid-chrono-r4,18,blocker,4096,3200,896,4096,0.78125,2304,19,0,-8.412636816501617e-05,3790,0.7843480151386248,0.7843480151386248,1.0,0.029850746268656716,0.11940298507462686,0.25
trec-covid-chrono-r4,18,blocker,8192,5000,3192,8192,0.6103515625,1808,20,0,-0.00015725009143352509,7295,0.7843480151386248,0.7843480151386248,1.0,0.03150912106135987,0.11940298507462686,0.2638888888888889
trec-covid-chrono-r4,18,blocker,10000,5000,5000,10000,0.5,0,20,0,-0.00015725009143352509,8912,0.7843480151386248,0.7843480151386248,1.0,0.03150912106135987,0.11940298507462686,0.2638888888888889
trec-covid-chrono-r4,19,balanced,128,64,64,128,0.5,0,12,0,-0.005170825868844986,112,0.6250117478277439,0.6250117478277439,1.0,0.08256880733944955,0.2018348623853211,0.4090909090909091
trec-covid-chrono-r4,19,balanced,256,128,128,256,0.5,0,12,0,-0.0014729946851730347,229,0.6250117478277439,0.6250117478277439,1.0,0.08256880733944955,0.2018348623853211,0.4090909090909091
trec-covid-chrono-r4,19,balanced,512,256,256,512,0.5,0,18,0,-7.875263690948486e-06,468,0.6250117478277439,0.6250117478277439,1.0,0.09174311926605505,0.2018348623853211,0.45454545454545453
trec-covid-chrono-r4,19,balanced,1024,512,512,1024,0.5,0,24,0,-9.245797991752625e-05,948,0.6250117478277439,0.6250117478277439,1.0,0.09174311926605505,0.2018348623853211,0.45454545454545453
trec-covid-chrono-r4,19,balanced,2048,1024,1024,2048,0.5,0,27,0,-0.00011351518332958221,1927,0.6250117478277439,0.6250117478277439,1.0,0.10091743119266056,0.2018348623853211,0.5
trec-covid-chrono-r4,19,balanced,4096,2048,2048,4096,0.5,0,43,0,-0.00013372208923101425,3838,0.6250117478277439,0.6250117478277439,1.0,0.12844036697247707,0.2018348623853211,0.6363636363636364
trec-covid-chrono-r4,19,balanced,8192,4096,4096,8192,0.5,0,44,0,-4.583969712257385e-05,7688,0.6250117478277439,0.6250117478277439,1.0,0.12844036697247707,0.2018348623853211,0.6363636363636364
trec-covid-chrono-r4,19,balanced,10000,5000,5000,10000,0.5,0,44,0,-2.8526410460472107e-06,9334,0.6250117478277439,0.6250117478277439,1.0,0.12844036697247707,0.2018348623853211,0.6363636363636364
trec-covid-chrono-r4,19,blocker,128,64,64,128,0.5,0,12,0,-0.005170825868844986,112,0.6250117478277439,0.6250117478277439,1.0,0.08256880733944955,0.2018348623853211,0.4090909090909091
trec-covid-chrono-r4,19,blocker,256,128,128,256,0.5,0,12,0,-0.0014729946851730347,229,0.6250117478277439,0.6250117478277439,1.0,0.08256880733944955,0.2018348623853211,0.4090909090909091
trec-covid-chrono-r4,19,blocker,512,256,256,512,0.5,0,18,0,-7.875263690948486e-06,468,0.6250117478277439,0.6250117478277439,1.0,0.09174311926605505,0.2018348623853211,0.45454545454545453
trec-covid-chrono-r4,19,blocker,1024,256,768,1024,0.25,512,26,0,-0.000284707173705101,961,0.6250117478277439,0.6250117478277439,1.0,0.09174311926605505,0.2018348623853211,0.45454545454545453
trec-covid-chrono-r4,19,blocker,2048,384,1664,2048,0.1875,1280,28,0,-3.0055642127990723e-05,1959,0.6250117478277439,0.6250117478277439,1.0,0.10091743119266056,0.2018348623853211,0.5
trec-covid-chrono-r4,19,blocker,4096,1408,2688,4096,0.34375,1280,43,0,-2.324022352695465e-05,3874,0.6250117478277439,0.6250117478277439,1.0,0.12844036697247707,0.2018348623853211,0.6363636363636364
trec-covid-chrono-r4,19,blocker,8192,3192,5000,8192,0.3896484375,1808,44,0,-2.8526410460472107e-06,7712,0.6250117478277439,0.6250117478277439,1.0,0.12844036697247707,0.2018348623853211,0.6363636363636364
trec-covid-chrono-r4,19,blocker,10000,5000,5000,10000,0.5,0,44,0,-2.8526410460472107e-06,9334,0.6250117478277439,0.6250117478277439,1.0,0.12844036697247707,0.2018348623853211,0.6363636363636364
trec-covid-chrono-r4,20,balanced,128,64,64,128,0.5,0,10,0,-0.00041799619793891907,112,1.0,1.0,1.0,0.014992503748125937,0.1424287856071964,0.10526315789473684
trec-covid-chrono-r4,20,balanced,256,128,128,256,0.5,0,15,0,-8.195638656616211e-05,214,1.0,1.0,1.0,0.022488755622188907,0.1424287856071964,0.15789473684210528
trec-covid-chrono-r4,20,balanced,512,256,256,512,0.5,0,39,0,-0.0010526645928621292,409,1.0,1.0,1.0,0.05847076461769116,0.1424287856071964,0.4105263157894737
trec-covid-chrono-r4,20,balanced,1024,512,512,1024,0.5,0,50,0,-6.116926670074463e-06,785,1.0,1.0,1.0,0.07196401799100449,0.1424287856071964,0.5052631578947367
trec-covid-chrono-r4,20,balanced,2048,1024,1024,2048,0.5,0,58,0,-3.4042634069919586e-05,1600,1.0,1.0,1.0,0.08395802098950525,0.1424287856071964,0.5894736842105263
trec-covid-chrono-r4,20,balanced,4096,2048,2048,4096,0.5,0,100,1,-inf,3325,1.0,1.0,1.0,0.1424287856071964,0.1424287856071964,1.0
trec-covid-chrono-r4,20,balanced,8192,4096,4096,8192,0.5,0,100,1,-inf,6707,1.0,1.0,1.0,0.1424287856071964,0.1424287856071964,1.0
trec-covid-chrono-r4,20,balanced,10000,5000,5000,10000,0.5,0,100,1,-inf,8155,1.0,1.0,1.0,0.1424287856071964,0.1424287856071964,1.0
trec-covid-chrono-r4,20,blocker,128,64,64,128,0.5,0,10,0,-0.00041799619793891907,112,1.0,1.0,1.0,0.014992503748125937,0.1424287856071964,0.10526315789473684
trec-covid-chrono-r4,20,blocker,256,128,128,256,0.5,0,15,0,-8.195638656616211e-05,214,1.0,1.0,1.0,0.022488755622188907,0.1424287856071964,0.15789473684210528
trec-covid-chrono-r4,20,blocker,512,256,256,512,0.5,0,39,0,-0.0010526645928621292,409,1.0,1.0,1.0,0.05847076461769116,0.1424287856071964,0.4105263157894737
trec-covid-chrono-r4,20,blocker,1024,640,384,1024,0.625,256,54,0,-0.00028830114752054214,805,1.0,1.0,1.0,0.07796101949025487,0.1424287856071964,0.5473684210526315
trec-covid-chrono-r4,20,blocker,2048,1152,896,2048,0.5625,256,88,0,-0.00034731440246105194,1598,1.0,1.0,1.0,0.12743628185907047,0.1424287856071964,0.8947368421052632
trec-covid-chrono-r4,20,blocker,4096,2048,2048,4096,0.5,0,100,1,-inf,3325,1.0,1.0,1.0,0.1424287856071964,0.1424287856071964,1.0
trec-covid-chrono-r4,20,blocker,8192,4096,4096,8192,0.5,0,100,1,-inf,6707,1.0,1.0,1.0,0.1424287856071964,0.1424287856071964,1.0
trec-covid-chrono-r4,20,blocker,10000,5000,5000,10000,0.5,0,100,1,-inf,8155,1.0,1.0,1.0,0.1424287856071964,0.1424287856071964,1.0
trec-covid-chrono-r4,21,balanced,128,64,64,128,0.5,0,6,0,-0.001667022705078125,114,0.6705677658827746,0.9432379215722527,0.7109211266283981,0.010398613518197574,0.08492201039861352,0.12244897959183673
trec-covid-chrono-r4,21,balanced,256,128,128,256,0.5,0,8,0,-7.745251059532166e-05,226,0.8133629099189119,0.9432379215722527,0.8623093827304394,0.01386481802426343,0.08492201039861352,0.16326530612244897
trec-covid-chrono-r4,21,balanced,512,256,256,512,0.5,0,15,0,-0.00019436143338680267,460,0.9432379215722527,0.9432379215722527,1.0,0.024263431542461005,0.08492201039861352,0.2857142857142857
trec-covid-chrono-r4,21,balanced,1024,512,512,1024,0.5,0,18,0,-0.00016666948795318604,914,0.9432379215722527,0.9432379215722527,1.0,0.025996533795493933,0.08492201039861352,0.3061224489795918
trec-covid-chrono-r4,21,balanced,2048,1024,1024,2048,0.5,0,24,0,-8.038431406021118e-05,1821,0.9432379215722527,0.9432379215722527,1.0,0.03292894280762565,0.08492201039861352,0.3877551020408163
trec-covid-chrono-r4,21,balanced,4096,2048,2048,4096,0.5,0,27,0,-0.00018209032714366913,3621,0.9432379215722527,0.9432379215722527,1.0,0.036395147313691506,0.08492201039861352,0.42857142857142855
trec-covid-chrono-r4,21,balanced,8192,4096,4096,8192,0.5,0,30,0,-0.00011615268886089325,7200,0.9432379215722527,0.9432379215722527,1.0,0.036395147313691506,0.08492201039861352,0.42857142857142855
trec-covid-chrono-r4,21,balanced,10000,5000,5000,10000,0.5,0,30,0,-7.316470146179199e-05,8773,0.9432379215722527,0.9432379215722527,1.0,0.036395147313691506,0.08492201039861352,0.42857142857142855
trec-covid-chrono-r4,21,blocker,128,64,64,128,0.5,0,6,0,-0.001667022705078125,114,0.6705677658827746,0.9432379215722527,0.7109211266283981,0.010398613518197574,0.08492201039861352,0.12244897959183673
trec-covid-chrono-r4,21,blocker,256,128,128,256,0.5,0,8,0,-7.745251059532166e-05,226,0.8133629099189119,0.9432379215722527,0.8623093827304394,0.01386481802426343,0.08492201039861352,0.16326530612244897
trec-covid-chrono-r4,21,blocker,512,256,256,512,0.5,0,15,0,-0.00019436143338680267,460,0.9432379215722527,0.9432379215722527,1.0,0.024263431542461005,0.08492201039861352,0.2857142857142857
trec-covid-chrono-r4,21,blocker,1024,448,576,1024,0.4375,128,19,0,-0.00012431107461452484,918,0.9432379215722527,0.9432379215722527,1.0,0.02772963604852686,0.08492201039861352,0.32653061224489793
trec-covid-chrono-r4,21,blocker,2048,576,1472,2048,0.28125,896,25,0,-3.5762786865234375e-06,1861,0.9432379215722527,0.9432379215722527,1.0,0.03292894280762565,0.08492201039861352,0.3877551020408163
trec-covid-chrono-r4,21,blocker,4096,768,3328,4096,0.1875,2560,27,0,-2.864748239517212e-06,3774,0.9432379215722527,0.9432379215722527,1.0,0.036395147313691506,0.08492201039861352,0.42857142857142855
trec-covid-chrono-r4,21,blocker,8192,3192,5000,8192,0.3896484375,1808,30,0,-7.316470146179199e-05,7190,0.9432379215722527,0.9432379215722527,1.0,0.036395147313691506,0.08492201039861352,0.42857142857142855
trec-covid-chrono-r4,21,blocker,10000,5000,5000,10000,0.5,0,30,0,-7.316470146179199e-05,8773,0.9432379215722527,0.9432379215722527,1.0,0.036395147313691506,0.08492201039861352,0.42857142857142855
trec-covid-chrono-r4,22,balanced,128,64,64,128,0.5,0,6,0,-0.00014596432447433472,104,0.7273298443105218,1.0,0.7273298443105218,0.011881188118811881,0.1504950495049505,0.07894736842105264
trec-covid-chrono-r4,22,balanced,256,128,128,256,0.5,0,16,0,-2.7293339371681213e-05,217,1.0,1.0,1.0,0.0297029702970297,0.1504950495049505,0.19736842105263158
trec-covid-chrono-r4,22,balanced,512,256,256,512,0.5,0,22,0,-6.876513361930847e-05,450,1.0,1.0,1.0,0.039603960396039604,0.1504950495049505,0.2631578947368421
trec-covid-chrono-r4,22,balanced,1024,512,512,1024,0.5,0,25,0,-6.398744881153107e-05,913,1.0,1.0,1.0,0.04554455445544554,0.1504950495049505,0.3026315789473684
trec-covid-chrono-r4,22,balanced,2048,1024,1024,2048,0.5,0,33,0,-0.0003004148602485657,1790,1.0,1.0,1.0,0.061386138613861385,0.1504950495049505,0.40789473684210525
trec-covid-chrono-r4,22,balanced,4096,2048,2048,4096,0.5,0,38,0,-0.00016012601554393768,3529,1.0,1.0,1.0,0.07128712871287128,0.1504950495049505,0.47368421052631576
trec-covid-chrono-r4,22,balanced,8192,4096,4096,8192,0.5,0,50,0,-0.00019182637333869934,6990,1.0,1.0,1.0,0.08712871287128712,0.1504950495049505,0.5789473684210527
trec-covid-chrono-r4,22,balanced,10000,5000,5000,10000,0.5,0,50,0,-0.0001488393172621727,8615,1.0,1.0,1.0,0.08712871287128712,0.1504950495049505,0.5789473684210527
trec-covid-chrono-r4,22,blocker,128,64,64,128,0.5,0,6,0,-0.00014596432447433472,104,0.7273298443105218,1.0,0.7273298443105218,0.011881188118811881,0.1504950495049505,0.07894736842105264
trec-covid-chrono-r4,22,blocker,256,128,128,256,0.5,0,16,0,-2.7293339371681213e-05,217,1.0,1.0,1.0,0.0297029702970297,0.1504950495049505,0.19736842105263158
trec-covid-chrono-r4,22,blocker,512,256,256,512,0.5,0,22,0,-6.876513361930847e-05,450,1.0,1.0,1.0,0.039603960396039604,0.1504950495049505,0.2631578947368421
trec-covid-chrono-r4,22,blocker,1024,448,576,1024,0.4375,128,26,0,-0.00016579404473304749,917,1.0,1.0,1.0,0.047524752475247525,0.1504950495049505,0.31578947368421056
trec-covid-chrono-r4,22,blocker,2048,1024,1024,2048,0.5,0,33,0,-0.0003004148602485657,1790,1.0,1.0,1.0,0.061386138613861385,0.1504950495049505,0.40789473684210525
trec-covid-chrono-r4,22,blocker,4096,2560,1536,4096,0.625,1024,44,0,-1.843925565481186e-05,3556,1.0,1.0,1.0,0.07920792079207921,0.1504950495049505,0.5263157894736842
trec-covid-chrono-r4,22,blocker,8192,3776,4416,8192,0.4609375,640,50,0,-0.00017462484538555145,7044,1.0,1.0,1.0,0.08712871287128712,0.1504950495049505,0.5789473684210527
trec-covid-chrono-r4,22,blocker,10000,5000,5000,10000,0.5,0,50,0,-0.0001488393172621727,8615,1.0,1.0,1.0,0.08712871287128712,0.1504950495049505,0.5789473684210527
trec-covid-chrono-r4,23,balanced,128,64,64,128,0.5,0,2,0,-0.0031387414783239365,122,0.3589542101716347,0.7539876986214907,0.4760743588097095,0.005917159763313609,0.16272189349112426,0.03636363636363636
trec-covid-chrono-r4,23,balanced,256,128,128,256,0.5,0,2,0,-0.00039337389171123505,234,0.3589542101716347,0.7539876986214907,0.4760743588097095,0.005917159763313609,0.16272189349112426,0.03636363636363636
trec-covid-chrono-r4,23,balanced,512,256,256,512,0.5,0,9,0,-0.0009334571659564972,472,0.7539876986214907,0.7539876986214907,1.0,0.026627218934911243,0.16272189349112426,0.16363636363636364
trec-covid-chrono-r4,23,balanced,1024,512,512,1024,0.5,0,13,0,-0.0001266375184059143,925,0.7539876986214907,0.7539876986214907,1.0,0.03550295857988166,0.16272189349112426,0.2181818181818182
trec-covid-chrono-r4,23,balanced,2048,1024,1024,2048,0.5,0,16,0,-0.0001817699521780014,1814,0.7539876986214907,0.7539876986214907,1.0,0.04142011834319527,0.16272189349112426,0.2545454545454546
trec-covid-chrono-r4,23,balanced,4096,2048,2048,4096,0.5,0,17,0,-9.200349450111389e-05,3642,0.7539876986214907,0.7539876986214907,1.0,0.04142011834319527,0.16272189349112426,0.2545454545454546
trec-covid-chrono-r4,23,balanced,8192,4096,4096,8192,0.5,0,24,0,-5.317293107509613e-05,7139,0.7539876986214907,0.7539876986214907,1.0,0.05621301775147929,0.16272189349112426,0.34545454545454546
trec-covid-chrono-r4,23,balanced,10000,5000,5000,10000,0.5,0,30,0,-2.255849540233612e-05,8730,0.7539876986214907,0.7539876986214907,1.0,0.05621301775147929,0.16272189349112426,0.34545454545454546
trec-covid-chrono-r4,23,blocker,128,64,64,128,0.5,0,2,0,-0.0031387414783239365,122,0.3589542101716347,0.7539876986214907,0.4760743588097095,0.005917159763313609,0.16272189349112426,0.03636363636363636
trec-covid-chrono-r4,23,blocker,256,128,128,256,0.5,0,2,0,-0.00039337389171123505,234,0.3589542101716347,0.7539876986214907,0.4760743588097095,0.005917159763313609,0.16272189349112426,0.03636363636363636
trec-covid-chrono-r4,23,blocker,512,256,256,512,0.5,0,9,0,-0.0009334571659564972,472,0.7539876986214907,0.7539876986214907,1.0,0.026627218934911243,0.16272189349112426,0.16363636363636364
trec-covid-chrono-r4,23,blocker,1024,448,576,1024,0.4375,128,14,0,-0.00039415620267391205,933,0.7539876986214907,0.7539876986214907,1.0,0.038461538461538464,0.16272189349112426,0.2363636363636364
trec-covid-chrono-r4,23,blocker,2048,768,1280,2048,0.375,512,16,0,-5.5301934480667114e-06,1833,0.7539876986214907,0.7539876986214907,1.0,0.04142011834319527,0.16272189349112426,0.2545454545454546
trec-covid-chrono-r4,23,blocker,4096,1856,2240,4096,0.453125,384,22,0,-9.592622518539429e-06,3629,0.7539876986214907,0.7539876986214907,1.0,0.05029585798816568,0.16272189349112426,0.3090909090909091
trec-covid-chrono-r4,23,blocker,8192,5000,3192,8192,0.6103515625,1808,30,0,-2.255849540233612e-05,7165,0.7539876986214907,0.7539876986214907,1.0,0.05621301775147929,0.16272189349112426,0.34545454545454546
trec-covid-chrono-r4,23,blocker,10000,5000,5000,10000,0.5,0,30,0,-2.255849540233612e-05,8730,0.7539876986214907,0.7539876986214907,1.0,0.05621301775147929,0.16272189349112426,0.34545454545454546
trec-covid-chrono-r4,24,balanced,128,64,64,128,0.5,0,4,0,-0.002762395888566971,116,0.5637884576902256,1.0,0.5637884576902256,0.011695906432748537,0.19883040935672514,0.058823529411764705
trec-covid-chrono-r4,24,balanced,256,128,128,256,0.5,0,6,0,-0.00016735680401325226,231,0.7273298443105218,1.0,0.7273298443105218,0.017543859649122806,0.19883040935672514,0.08823529411764706
trec-covid-chrono-r4,24,balanced,512,256,256,512,0.5,0,12,0,-9.069032967090607e-05,450,1.0,1.0,1.0,0.03508771929824561,0.19883040935672514,0.17647058823529413
trec-covid-chrono-r4,24,balanced,1024,512,512,1024,0.5,0,17,0,-5.81350177526474e-05,880,1.0,1.0,1.0,0.049707602339181284,0.19883040935672514,0.25
trec-covid-chrono-r4,24,balanced,2048,1024,1024,2048,0.5,0,27,0,-4.912912845611572e-05,1758,1.0,1.0,1.0,0.07602339181286549,0.19883040935672514,0.38235294117647056
trec-covid-chrono-r4,24,balanced,4096,2048,2048,4096,0.5,0,32,0,-0.0001317206770181656,3542,1.0,1.0,1.0,0.09064327485380116,0.19883040935672514,0.45588235294117646
trec-covid-chrono-r4,24,balanced,8192,4096,4096,8192,0.5,0,62,0,-9.540468454360962e-06,6968,1.0,1.0,1.0,0.13742690058479531,0.19883040935672514,0.6911764705882353
trec-covid-chrono-r4,24,balanced,10000,5000,5000,10000,0.5,0,63,0,-5.463697016239166e-05,8568,1.0,1.0,1.0,0.13742690058479531,0.19883040935672514,0.6911764705882353
trec-covid-chrono-r4,24,blocker,128,64,64,128,0.5,0,4,0,-0.002762395888566971,116,0.5637884576902256,1.0,0.5637884576902256,0.011695906432748537,0.19883040935672514,0.058823529411764705
trec-covid-chrono-r4,24,blocker,256,128,128,256,0.5,0,6,0,-0.00016735680401325226,231,0.7273298443105218,1.0,0.7273298443105218,0.017543859649122806,0.19883040935672514,0.08823529411764706
trec-covid-chrono-r4,24,blocker,512,256,256,512,0.5,0,12,0,-9.069032967090607e-05,450,1.0,1.0,1.0,0.03508771929824561,0.19883040935672514,0.17647058823529413
trec-covid-chrono-r4,24,blocker,1024,512,512,1024,0.5,0,17,0,-5.81350177526474e-05,880,1.0,1.0,1.0,0.049707602339181284,0.19883040935672514,0.25
trec-covid-chrono-r4,24,blocker,2048,768,1280,2048,0.375,512,30,0,-8.488073945045471e-06,1782,1.0,1.0,1.0,0.0847953216374269,0.19883040935672514,0.4264705882352941
trec-covid-chrono-r4,24,blocker,4096,832,3264,4096,0.203125,2432,43,0,-8.06981697678566e-05,3615,1.0,1.0,1.0,0.1111111111111111,0.19883040935672514,0.5588235294117647
trec-covid-chrono-r4,24,blocker,8192,4928,3264,8192,0.6015625,1664,63,0,-5.748961120843887e-05,7040,1.0,1.0,1.0,0.13742690058479531,0.19883040935672514,0.6911764705882353
trec-covid-chrono-r4,24,blocker,10000,5000,5000,10000,0.5,0,63,0,-5.463697016239166e-05,8568,1.0,1.0,1.0,0.13742690058479531,0.19883040935672514,0.6911764705882353
trec-covid-chrono-r4,25,balanced,128,64,64,128,0.5,0,10,0,-0.00251714326441288,110,1.0,1.0,1.0,0.020366598778004074,0.09572301425661914,0.21276595744680854
trec-covid-chrono-r4,25,balanced,256,128,128,256,0.5,0,13,0,-0.0005186777561903,222,1.0,1.0,1.0,0.024439918533604887,0.09572301425661914,0.25531914893617025
trec-covid-chrono-r4,25,balanced,512,256,256,512,0.5,0,18,0,-0.00023792684078216553,467,1.0,1.0,1.0,0.028513238289205704,0.09572301425661914,0.29787234042553196
trec-covid-chrono-r4,25,balanced,1024,512,512,1024,0.5,0,22,0,-9.172782301902771e-05,919,1.0,1.0,1.0,0.032586558044806514,0.09572301425661914,0.3404255319148936
trec-covid-chrono-r4,25,balanced,2048,1024,1024,2048,0.5,0,26,0,-4.014000296592712e-06,1741,1.0,1.0,1.0,0.038696537678207736,0.09572301425661914,0.40425531914893614
trec-covid-chrono-r4,25,balanced,4096,2048,2048,4096,0.5,0,28,0,-0.00034785643219947815,3423,1.0,1.0,1.0,0.04073319755600815,0.09572301425661914,0.4255319148936171
trec-covid-chrono-r4,25,balanced,8192,4096,4096,8192,0.5,0,28,0,-0.00011408887803554535,6828,1.0,1.0,1.0,0.04073319755600815,0.09572301425661914,0.4255319148936171
trec-covid-chrono-r4,25,balanced,10000,5000,5000,10000,0.5,0,62,0,-0.0001354524865746498,8237,1.0,1.0,1.0,0.07128309572301425,0.09572301425661914,0.7446808510638298
trec-covid-chrono-r4,25,blocker,128,64,64,128,0.5,0,10,0,-0.00251714326441288,110,1.0,1.0,1.0,0.020366598778004074,0.09572301425661914,0.21276595744680854
trec-covid-chrono-r4,25,blocker,256,128,128,256,0.5,0,13,0,-0.0005186777561903,222,1.0,1.0,1.0,0.024439918533604887,0.09572301425661914,0.25531914893617025
trec-covid-chrono-r4,25,blocker,512,256,256,512,0.5,0,18,0,-0.00023792684078216553,467,1.0,1.0,1.0,0.028513238289205704,0.09572301425661914,0.29787234042553196
trec-covid-chrono-r4,25,blocker,1024,384,640,1024,0.375,256,25,0,-0.00022074207663536072,929,1.0,1.0,1.0,0.03665987780040733,0.09572301425661914,0.3829787234042553
trec-covid-chrono-r4,25,blocker,2048,768,1280,2048,0.375,512,28,0,-0.0006197411566972733,1772,1.0,1.0,1.0,0.04073319755600815,0.09572301425661914,0.4255319148936171
trec-covid-chrono-r4,25,blocker,4096,768,3328,4096,0.1875,2560,28,0,-0.00016863085329532623,3681,1.0,1.0,1.0,0.04073319755600815,0.09572301425661914,0.4255319148936171
trec-covid-chrono-r4,25,blocker,8192,3648,4544,8192,0.4453125,896,62,0,-0.00026142504066228867,6795,1.0,1.0,1.0,0.07128309572301425,0.09572301425661914,0.7446808510638298
trec-covid-chrono-r4,25,blocker,10000,5000,5000,10000,0.5,0,62,0,-0.0001354524865746498,8237,1.0,1.0,1.0,0.07128309572301425,0.09572301425661914,0.7446808510638298
trec-covid-chrono-r4,26,balanced,128,64,64,128,0.5,0,2,0,-0.0036200713366270065,124,0.3589542101716347,0.7965435533767591,0.450639778138851,0.002621231979030144,0.04325032765399738,0.0606060606060606
trec-covid-chrono-r4,26,balanced,256,128,128,256,0.5,0,2,0,-0.0008747037500143051,249,0.3589542101716347,0.7965435533767591,0.450639778138851,0.002621231979030144,0.04325032765399738,0.0606060606060606
trec-covid-chrono-r4,26,balanced,512,256,256,512,0.5,0,4,0,-0.0016120076179504395,491,0.46900009332067477,0.7965435533767591,0.5887940355959936,0.003931847968545216,0.04325032765399738,0.0909090909090909
trec-covid-chrono-r4,26,balanced,1024,512,512,1024,0.5,0,4,0,-0.00019570067524909973,985,0.46900009332067477,0.7965435533767591,0.5887940355959936,0.003931847968545216,0.04325032765399738,0.0909090909090909
trec-covid-chrono-r4,26,balanced,2048,1024,1024,2048,0.5,0,5,0,-7.375143468379974e-05,1951,0.5541432109622958,0.7965435533767591,0.6956847602533922,0.005242463958060288,0.04325032765399738,0.1212121212121212
trec-covid-chrono-r4,26,balanced,4096,2048,2048,4096,0.5,0,7,0,-1.4781951904296875e-05,3810,0.7059054020403313,0.7965435533767591,0.8862106774297668,0.007863695937090432,0.04325032765399738,0.1818181818181818
trec-covid-chrono-r4,26,balanced,8192,4096,4096,8192,0.5,0,8,0,-0.00011685863137245178,7420,0.7753366239771085,0.7965435533767591,0.9733763090420494,0.009174311926605505,0.04325032765399738,0.21212121212121213
trec-covid-chrono-r4,26,balanced,10000,5000,5000,10000,0.5,0,8,0,-7.387064397335052e-05,9001,0.7753366239771085,0.7965435533767591,0.9733763090420494,0.009174311926605505,0.04325032765399738,0.21212121212121213
trec-covid-chrono-r4,26,blocker,128,64,64,128,0.5,0,2,0,-0.0036200713366270065,124,0.3589542101716347,0.7965435533767591,0.450639778138851,0.002621231979030144,0.04325032765399738,0.0606060606060606
trec-covid-chrono-r4,26,blocker,256,128,128,256,0.5,0,2,0,-0.0008747037500143051,249,0.3589542101716347,0.7965435533767591,0.450639778138851,0.002621231979030144,0.04325032765399738,0.0606060606060606
trec-covid-chrono-r4,26,blocker,512,256,256,512,0.5,0,4,0,-0.0016120076179504395,491,0.46900009332067477,0.7965435533767591,0.5887940355959936,0.003931847968545216,0.04325032765399738,0.0909090909090909
trec-covid-chrono-r4,26,blocker,1024,448,576,1024,0.4375,128,4,0,-0.0001427270472049713,989,0.46900009332067477,0.7965435533767591,0.5887940355959936,0.003931847968545216,0.04325032765399738,0.0909090909090909
trec-covid-chrono-r4,26,blocker,2048,896,1152,2048,0.4375,256,6,0,-0.00017595477402210236,1949,0.6325414799409712,0.7965435533767591,0.7941078391250049,0.00655307994757536,0.04325032765399738,0.1515151515151515
trec-covid-chrono-r4,26,blocker,4096,1920,2176,4096,0.46875,256,8,0,-0.0002318248152732849,3793,0.7753366239771085,0.7965435533767591,0.9733763090420494,0.009174311926605505,0.04325032765399738,0.21212121212121213
trec-covid-chrono-r4,26,blocker,8192,3192,5000,8192,0.3896484375,1808,8,0,-7.387064397335052e-05,7528,0.7753366239771085,0.7965435533767591,0.9733763090420494,0.009174311926605505,0.04325032765399738,0.21212121212121213
trec-covid-chrono-r4,26,blocker,10000,5000,5000,10000,0.5,0,8,0,-7.387064397335052e-05,9001,0.7753366239771085,0.7965435533767591,0.9733763090420494,0.009174311926605505,0.04325032765399738,0.21212121212121213
trec-covid-chrono-r4,27,balanced,128,64,64,128,0.5,0,3,0,-0.007082296535372734,123,0.46900009332067477,0.8800456786592188,0.5329269885572454,0.0036991368680641184,0.09001233045622688,0.04109589041095891
trec-covid-chrono-r4,27,balanced,256,128,128,256,0.5,0,3,0,-0.004089426249265671,247,0.46900009332067477,0.8800456786592188,0.5329269885572454,0.0036991368680641184,0.09001233045622688,0.04109589041095891
trec-covid-chrono-r4,27,balanced,512,256,256,512,0.5,0,4,0,-0.00012652575969696045,465,0.5005962147771917,0.8800456786592188,0.568829808402523,0.004932182490752158,0.09001233045622688,0.05479452054794521
trec-covid-chrono-r4,27,balanced,1024,512,512,1024,0.5,0,5,0,-0.0005185287445783615,932,0.5289772539910653,0.8800456786592188,0.6010793153339281,0.006165228113440197,0.09001233045622688,0.06849315068493152
trec-covid-chrono-r4,27,balanced,2048,1024,1024,2048,0.5,0,8,0,-0.00016493350267410278,1842,0.7501706670058781,0.8800456786592188,0.8524224198780114,0.009864364981504316,0.09001233045622688,0.10958904109589042
trec-covid-chrono-r4,27,balanced,4096,2048,2048,4096,0.5,0,12,0,-1.3250857591629028e-05,3650,0.8800456786592188,0.8800456786592188,1.0,0.014796547472256474,0.09001233045622688,0.16438356164383564
trec-covid-chrono-r4,27,balanced,8192,4096,4096,8192,0.5,0,14,0,-7.732957601547241e-05,7202,0.8800456786592188,0.8800456786592188,1.0,0.016029593094944512,0.09001233045622688,0.1780821917808219
trec-covid-chrono-r4,27,balanced,10000,5000,5000,10000,0.5,0,27,0,-1.9785016775131226e-05,8724,0.8800456786592188,0.8800456786592188,1.0,0.025893958076448828,0.09001233045622688,0.2876712328767123
trec-covid-chrono-r4,27,blocker,128,64,64,128,0.5,0,3,0,-0.007082296535372734,123,0.46900009332067477,0.8800456786592188,0.5329269885572454,0.0036991368680641184,0.09001233045622688,0.04109589041095891
trec-covid-chrono-r4,27,blocker,256,128,128,256,0.5,0,3,0,-0.004089426249265671,247,0.46900009332067477,0.8800456786592188,0.5329269885572454,0.0036991368680641184,0.09001233045622688,0.04109589041095891
trec-covid-chrono-r4,27,blocker,512,256,256,512,0.5,0,4,0,-0.00012652575969696045,465,0.5005962147771917,0.8800456786592188,0.568829808402523,0.004932182490752158,0.09001233045622688,0.05479452054794521
trec-covid-chrono-r4,27,blocker,1024,320,704,1024,0.3125,384,5,0,-0.00011980533599853516,925,0.5289772539910653,0.8800456786592188,0.6010793153339281,0.006165228113440197,0.09001233045622688,0.06849315068493152
trec-covid-chrono-r4,27,blocker,2048,512,1536,2048,0.25,1024,11,0,-7.4766576290130615e-06,1856,0.8800456786592188,0.8800456786592188,1.0,0.013563501849568433,0.09001233045622688,0.1506849315068493
trec-covid-chrono-r4,27,blocker,4096,512,3584,4096,0.125,3072,14,0,-0.00011113658547401428,3830,0.8800456786592188,0.8800456786592188,1.0,0.016029593094944512,0.09001233045622688,0.1780821917808219
trec-covid-chrono-r4,27,blocker,8192,3328,4864,8192,0.40625,1536,26,0,-8.392147719860077e-05,7225,0.8800456786592188,0.8800456786592188,1.0,0.02466091245376079,0.09001233045622688,0.27397260273972607
trec-covid-chrono-r4,27,blocker,10000,5000,5000,10000,0.5,0,27,0,-1.9785016775131226e-05,8724,0.8800456786592188,0.8800456786592188,1.0,0.025893958076448828,0.09001233045622688,0.2876712328767123
trec-covid-chrono-r4,28,balanced,128,64,64,128,0.5,0,0,0,-0.002049477770924568,117,0.0,0.8899541168509599,0.0,0.0,0.14481409001956946,0.0
trec-covid-chrono-r4,28,balanced,256,128,128,256,0.5,0,6,0,-0.0011655595153570175,231,0.6172839611614818,0.8899541168509599,0.6936132430576283,0.009784735812133072,0.14481409001956946,0.06756756756756757
trec-covid-chrono-r4,28,balanced,512,256,256,512,0.5,0,9,0,-7.3237344622612e-05,431,0.8263333286520081,0.8899541168509599,0.9285122828308616,0.015655577299412915,0.14481409001956946,0.10810810810810811
trec-covid-chrono-r4,28,balanced,1024,512,512,1024,0.5,0,22,0,-0.0001045912504196167,804,0.8899541168509599,0.8899541168509599,1.0,0.03522504892367906,0.14481409001956946,0.24324324324324326
trec-covid-chrono-r4,28,balanced,2048,1024,1024,2048,0.5,0,33,0,-5.786307156085968e-05,1592,0.8899541168509599,0.8899541168509599,1.0,0.05283757338551859,0.14481409001956946,0.36486486486486486
trec-covid-chrono-r4,28,balanced,4096,2048,2048,4096,0.5,0,89,0,-1.8619932234287262e-05,3258,0.8899541168509599,0.8899541168509599,1.0,0.1350293542074364,0.14481409001956946,0.9324324324324325
trec-covid-chrono-r4,28,balanced,8192,4096,4096,8192,0.5,0,93,0,-0.0001685209572315216,6969,0.8899541168509599,0.8899541168509599,1.0,0.13894324853228962,0.14481409001956946,0.9594594594594594
trec-covid-chrono-r4,28,balanced,10000,5000,5000,10000,0.5,0,93,0,-0.00012553390115499496,8595,0.8899541168509599,0.8899541168509599,1.0,0.13894324853228962,0.14481409001956946,0.9594594594594594
trec-covid-chrono-r4,28,blocker,128,64,64,128,0.5,0,0,0,-0.002049477770924568,117,0.0,0.8899541168509599,0.0,0.0,0.14481409001956946,0.0
trec-covid-chrono-r4,28,blocker,256,128,128,256,0.5,0,6,0,-0.0011655595153570175,231,0.6172839611614818,0.8899541168509599,0.6936132430576283,0.009784735812133072,0.14481409001956946,0.06756756756756757
trec-covid-chrono-r4,28,blocker,512,256,256,512,0.5,0,9,0,-7.3237344622612e-05,431,0.8263333286520081,0.8899541168509599,0.9285122828308616,0.015655577299412915,0.14481409001956946,0.10810810810810811
trec-covid-chrono-r4,28,blocker,1024,576,448,1024,0.5625,128,23,0,-0.00013746507465839386,797,0.8899541168509599,0.8899541168509599,1.0,0.03718199608610567,0.14481409001956946,0.25675675675675674
trec-covid-chrono-r4,28,blocker,2048,768,1280,2048,0.375,512,34,0,-2.4555251002311707e-05,1587,0.8899541168509599,0.8899541168509599,1.0,0.0547945205479452,0.14481409001956946,0.3783783783783784
trec-covid-chrono-r4,28,blocker,4096,1408,2688,4096,0.34375,1280,91,0,-4.242733120918274e-05,3317,0.8899541168509599,0.8899541168509599,1.0,0.136986301369863,0.14481409001956946,0.9459459459459459
trec-covid-chrono-r4,28,blocker,8192,3192,5000,8192,0.3896484375,1808,93,0,-0.00012553390115499496,7011,0.8899541168509599,0.8899541168509599,1.0,0.13894324853228962,0.14481409001956946,0.9594594594594594
trec-covid-chrono-r4,28,blocker,10000,5000,5000,10000,0.5,0,93,0,-0.00012553390115499496,8595,0.8899541168509599,0.8899541168509599,1.0,0.13894324853228962,0.14481409001956946,0.9594594594594594
trec-covid-chrono-r4,29,balanced,128,64,64,128,0.5,0,11,0,-0.00197443924844265,106,0.8379938154808529,0.8379938154808529,1.0,0.017761989342806393,0.108348134991119,0.16393442622950818
trec-covid-chrono-r4,29,balanced,256,128,128,256,0.5,0,17,0,-0.00026864372193813324,212,0.8379938154808529,0.8379938154808529,1.0,0.02486678507992895,0.108348134991119,0.22950819672131148
trec-covid-chrono-r4,29,balanced,512,256,256,512,0.5,0,27,0,-0.00035525113344192505,400,0.8379938154808529,0.8379938154808529,1.0,0.037300177619893425,0.108348134991119,0.3442622950819672
trec-covid-chrono-r4,29,balanced,1024,512,512,1024,0.5,0,51,0,-3.0137598514556885e-06,798,0.8379938154808529,0.8379938154808529,1.0,0.06216696269982238,0.108348134991119,0.5737704918032787
trec-covid-chrono-r4,29,balanced,2048,1024,1024,2048,0.5,0,56,0,-1.9408762454986572e-06,1546,0.8379938154808529,0.8379938154808529,1.0,0.0674955595026643,0.108348134991119,0.6229508196721312
trec-covid-chrono-r4,29,balanced,4096,2048,2048,4096,0.5,0,78,0,-4.6191737055778503e-05,3045,0.8379938154808529,0.8379938154808529,1.0,0.09236234458259325,0.108348134991119,0.8524590163934426
trec-covid-chrono-r4,29,balanced,8192,4096,4096,8192,0.5,0,91,0,-3.0450522899627686e-05,6149,0.8379938154808529,0.8379938154808529,1.0,0.10479573712255773,0.108348134991119,0.9672131147540983
trec-covid-chrono-r4,29,balanced,10000,5000,5000,10000,0.5,0,92,0,-1.0192394256591797e-05,7484,0.8379938154808529,0.8379938154808529,1.0,0.10479573712255773,0.108348134991119,0.9672131147540983
trec-covid-chrono-r4,29,blocker,128,64,64,128,0.5,0,11,0,-0.00197443924844265,106,0.8379938154808529,0.8379938154808529,1.0,0.017761989342806393,0.108348134991119,0.16393442622950818
trec-covid-chrono-r4,29,blocker,256,128,128,256,0.5,0,17,0,-0.00026864372193813324,212,0.8379938154808529,0.8379938154808529,1.0,0.02486678507992895,0.108348134991119,0.22950819672131148
trec-covid-chrono-r4,29,blocker,512,320,192,512,0.625,128,29,0,-6.412342190742493e-05,408,0.8379938154808529,0.8379938154808529,1.0,0.03907637655417407,0.108348134991119,0.36065573770491804
trec-covid-chrono-r4,29,blocker,1024,512,512,1024,0.5,0,51,0,-3.0137598514556885e-06,798,0.8379938154808529,0.8379938154808529,1.0,0.06216696269982238,0.108348134991119,0.5737704918032787
trec-covid-chrono-r4,29,blocker,2048,640,1408,2048,0.3125,768,58,0,-8.673965930938721e-05,1611,0.8379938154808529,0.8379938154808529,1.0,0.07104795737122557,0.108348134991119,0.6557377049180327
trec-covid-chrono-r4,29,blocker,4096,2560,1536,4096,0.625,1024,80,0,-6.507895886898041e-05,3127,0.8379938154808529,0.8379938154808529,1.0,0.09591474245115453,0.108348134991119,0.8852459016393442
trec-covid-chrono-r4,29,blocker,8192,3840,4352,8192,0.46875,512,91,0,-1.6489997506141663e-05,6137,0.8379938154808529,0.8379938154808529,1.0,0.10479573712255773,0.108348134991119,0.9672131147540983
trec-covid-chrono-r4,29,blocker,10000,5000,5000,10000,0.5,0,92,0,-1.0192394256591797e-05,7484,0.8379938154808529,0.8379938154808529,1.0,0.10479573712255773,0.108348134991119,0.9672131147540983
trec-covid-chrono-r4,30,balanced,128,64,64,128,0.5,0,10,0,-0.001718105748295784,101,1.0,1.0,1.0,0.030303030303030304,0.2545454545454545,0.11904761904761907
trec-covid-chrono-r4,30,balanced,256,128,128,256,0.5,0,18,0,-4.863180220127106e-05,187,1.0,1.0,1.0,0.05454545454545454,0.2545454545454545,0.2142857142857143
trec-covid-chrono-r4,30,balanced,512,256,256,512,0.5,0,25,0,-2.446211874485016e-05,400,1.0,1.0,1.0,0.07575757575757576,0.2545454545454545,0.29761904761904767
trec-covid-chrono-r4,30,balanced,1024,512,512,1024,0.5,0,83,0,-0.0001953141763806343,826,1.0,1.0,1.0,0.22121212121212122,0.2545454545454545,0.8690476190476192
trec-covid-chrono-r4,30,balanced,2048,1024,1024,2048,0.5,0,96,0,-0.00015872810035943985,1733,1.0,1.0,1.0,0.24545454545454545,0.2545454545454545,0.9642857142857144
trec-covid-chrono-r4,30,balanced,4096,2048,2048,4096,0.5,0,100,1,-inf,3485,1.0,1.0,1.0,0.2545454545454545,0.2545454545454545,1.0
trec-covid-chrono-r4,30,balanced,8192,4096,4096,8192,0.5,0,100,1,-inf,6951,1.0,1.0,1.0,0.2545454545454545,0.2545454545454545,1.0
trec-covid-chrono-r4,30,balanced,10000,5000,5000,10000,0.5,0,100,1,-inf,8500,1.0,1.0,1.0,0.2545454545454545,0.2545454545454545,1.0
trec-covid-chrono-r4,30,blocker,128,64,64,128,0.5,0,10,0,-0.001718105748295784,101,1.0,1.0,1.0,0.030303030303030304,0.2545454545454545,0.11904761904761907
trec-covid-chrono-r4,30,blocker,256,128,128,256,0.5,0,18,0,-4.863180220127106e-05,187,1.0,1.0,1.0,0.05454545454545454,0.2545454545454545,0.2142857142857143
trec-covid-chrono-r4,30,blocker,512,192,320,512,0.375,128,61,0,-4.649907350540161e-05,379,1.0,1.0,1.0,0.16666666666666666,0.2545454545454545,0.6547619047619048
trec-covid-chrono-r4,30,blocker,1024,448,576,1024,0.4375,128,83,0,-1.9389204680919647e-05,839,1.0,1.0,1.0,0.22121212121212122,0.2545454545454545,0.8690476190476192
trec-covid-chrono-r4,30,blocker,2048,704,1344,2048,0.34375,640,97,0,-9.607058018445969e-05,1773,1.0,1.0,1.0,0.24545454545454545,0.2545454545454545,0.9642857142857144
trec-covid-chrono-r4,30,blocker,4096,2048,2048,4096,0.5,0,100,1,-inf,3485,1.0,1.0,1.0,0.2545454545454545,0.2545454545454545,1.0
trec-covid-chrono-r4,30,blocker,8192,4096,4096,8192,0.5,0,100,1,-inf,6951,1.0,1.0,1.0,0.2545454545454545,0.2545454545454545,1.0
trec-covid-chrono-r4,30,blocker,10000,5000,5000,10000,0.5,0,100,1,-inf,8500,1.0,1.0,1.0,0.2545454545454545,0.2545454545454545,1.0
trec-covid-chrono-r5,1,balanced,128,64,64,128,0.5,0,1,0,-0.0037139486521482468,125,0.07336392209936006,0.3416279535206439,0.2147480068399228,0.001430615164520744,0.02145922746781116,0.06666666666666667
trec-covid-chrono-r5,1,balanced,256,128,128,256,0.5,0,2,0,-0.0009685810655355453,252,0.21222636597291458,0.3416279535206439,0.6212207279463452,0.002861230329041488,0.02145922746781116,0.13333333333333333
trec-covid-chrono-r5,1,balanced,512,256,256,512,0.5,0,5,0,-0.0015160217881202698,499,0.27220352664330516,0.3416279535206439,0.7967835296793312,0.005722460658082976,0.02145922746781116,0.26666666666666666
trec-covid-chrono-r5,1,balanced,1024,512,512,1024,0.5,0,5,0,-9.971484541893005e-05,993,0.27220352664330516,0.3416279535206439,0.7967835296793312,0.005722460658082976,0.02145922746781116,0.26666666666666666
trec-covid-chrono-r5,1,balanced,2048,1024,1024,2048,0.5,0,7,0,-9.67457890510559e-06,1986,0.2983362829695303,0.3416279535206439,0.8732783131328345,0.00715307582260372,0.02145922746781116,0.3333333333333333
trec-covid-chrono-r5,1,balanced,4096,2048,2048,4096,0.5,0,15,0,-6.846897304058075e-05,3927,0.3416279535206439,0.3416279535206439,1.0,0.010014306151645207,0.02145922746781116,0.4666666666666667
trec-covid-chrono-r5,1,balanced,8192,4096,4096,8192,0.5,0,17,0,-0.00018496811389923096,7815,0.3416279535206439,0.3416279535206439,1.0,0.010014306151645207,0.02145922746781116,0.4666666666666667
trec-covid-chrono-r5,1,balanced,10000,5000,5000,10000,0.5,0,17,0,-0.0001419801265001297,9552,0.3416279535206439,0.3416279535206439,1.0,0.010014306151645207,0.02145922746781116,0.4666666666666667
trec-covid-chrono-r5,1,blocker,128,64,64,128,0.5,0,1,0,-0.0037139486521482468,125,0.07336392209936006,0.3416279535206439,0.2147480068399228,0.001430615164520744,0.02145922746781116,0.06666666666666667
trec-covid-chrono-r5,1,blocker,256,128,128,256,0.5,0,2,0,-0.0009685810655355453,252,0.21222636597291458,0.3416279535206439,0.6212207279463452,0.002861230329041488,0.02145922746781116,0.13333333333333333
trec-covid-chrono-r5,1,blocker,512,256,256,512,0.5,0,5,0,-0.0015160217881202698,499,0.27220352664330516,0.3416279535206439,0.7967835296793312,0.005722460658082976,0.02145922746781116,0.26666666666666666
trec-covid-chrono-r5,1,blocker,1024,448,576,1024,0.4375,128,6,0,-0.0014308672398328781,996,0.2983362829695303,0.3416279535206439,0.8732783131328345,0.00715307582260372,0.02145922746781116,0.3333333333333333
trec-covid-chrono-r5,1,blocker,2048,640,1408,2048,0.3125,768,8,0,-0.0004079733043909073,1989,0.2983362829695303,0.3416279535206439,0.8732783131328345,0.00715307582260372,0.02145922746781116,0.3333333333333333
trec-covid-chrono-r5,1,blocker,4096,2496,1600,4096,0.609375,896,16,0,-0.00014321878552436829,3958,0.3416279535206439,0.3416279535206439,1.0,0.010014306151645207,0.02145922746781116,0.4666666666666667
trec-covid-chrono-r5,1,blocker,8192,5000,3192,8192,0.6103515625,1808,17,0,-0.0001419801265001297,7779,0.3416279535206439,0.3416279535206439,1.0,0.010014306151645207,0.02145922746781116,0.4666666666666667
trec-covid-chrono-r5,1,blocker,10000,5000,5000,10000,0.5,0,17,0,-0.0001419801265001297,9552,0.3416279535206439,0.3416279535206439,1.0,0.010014306151645207,0.02145922746781116,0.4666666666666667
trec-covid-chrono-r5,2,balanced,128,64,64,128,0.5,0,4,0,-0.002044694498181343,121,0.4904245355908655,0.92663607790064,0.5292525806916101,0.011940298507462687,0.15223880597014924,0.07843137254901962
trec-covid-chrono-r5,2,balanced,256,128,128,256,0.5,0,7,0,-0.00016763247549533844,237,0.7273298443105218,0.92663607790064,0.7849142307931064,0.020895522388059702,0.15223880597014924,0.13725490196078433
trec-covid-chrono-r5,2,balanced,512,256,256,512,0.5,0,14,0,-0.002632545307278633,483,0.92663607790064,0.92663607790064,1.0,0.041791044776119404,0.15223880597014924,0.27450980392156865
trec-covid-chrono-r5,2,balanced,1024,512,512,1024,0.5,0,14,0,-0.0012162383645772934,971,0.92663607790064,0.92663607790064,1.0,0.041791044776119404,0.15223880597014924,0.27450980392156865
trec-covid-chrono-r5,2,balanced,2048,1024,1024,2048,0.5,0,14,0,-0.0003904961049556732,1915,0.92663607790064,0.92663607790064,1.0,0.041791044776119404,0.15223880597014924,0.27450980392156865
trec-covid-chrono-r5,2,balanced,4096,2048,2048,4096,0.5,0,15,0,-0.00017718225717544556,3834,0.92663607790064,0.92663607790064,1.0,0.04477611940298507,0.15223880597014924,0.29411764705882354
trec-covid-chrono-r5,2,balanced,8192,4096,4096,8192,0.5,0,18,0,-0.00023508630692958832,7585,0.92663607790064,0.92663607790064,1.0,0.050746268656716415,0.15223880597014924,0.3333333333333333
trec-covid-chrono-r5,2,balanced,10000,5000,5000,10000,0.5,0,19,0,-0.00019209831953048706,9166,0.92663607790064,0.92663607790064,1.0,0.050746268656716415,0.15223880597014924,0.3333333333333333
trec-covid-chrono-r5,2,blocker,128,64,64,128,0.5,0,4,0,-0.002044694498181343,121,0.4904245355908655,0.92663607790064,0.5292525806916101,0.011940298507462687,0.15223880597014924,0.07843137254901962
trec-covid-chrono-r5,2,blocker,256,128,128,256,0.5,0,7,0,-0.00016763247549533844,237,0.7273298443105218,0.92663607790064,0.7849142307931064,0.020895522388059702,0.15223880597014924,0.13725490196078433
trec-covid-chrono-r5,2,blocker,512,256,256,512,0.5,0,14,0,-0.002632545307278633,483,0.92663607790064,0.92663607790064,1.0,0.041791044776119404,0.15223880597014924,0.27450980392156865
trec-covid-chrono-r5,2,blocker,1024,448,576,1024,0.4375,128,14,0,-0.001040315255522728,969,0.92663607790064,0.92663607790064,1.0,0.041791044776119404,0.15223880597014924,0.27450980392156865
trec-covid-chrono-r5,2,blocker,2048,768,1280,2048,0.375,512,14,0,-0.00021425634622573853,1925,0.92663607790064,0.92663607790064,1.0,0.041791044776119404,0.15223880597014924,0.27450980392156865
trec-covid-chrono-r5,2,blocker,4096,1152,2944,4096,0.28125,1792,15,0,-3.568828105926514e-05,3878,0.92663607790064,0.92663607790064,1.0,0.04477611940298507,0.15223880597014924,0.29411764705882354
trec-covid-chrono-r5,2,blocker,8192,4096,4096,8192,0.5,0,18,0,-0.00023508630692958832,7585,0.92663607790064,0.92663607790064,1.0,0.050746268656716415,0.15223880597014924,0.3333333333333333
trec-covid-chrono-r5,2,blocker,10000,5000,5000,10000,0.5,0,19,0,-0.00019209831953048706,9166,0.92663607790064,0.92663607790064,1.0,0.050746268656716415,0.15223880597014924,0.3333333333333333
trec-covid-chrono-r5,3,balanced,128,64,64,128,0.5,0,5,0,-0.008064515888690948,123,0.6489315753318465,0.955830517697074,0.6789190796035127,0.007668711656441718,0.08742331288343558,0.08771929824561404
trec-covid-chrono-r5,3,balanced,256,128,128,256,0.5,0,5,0,-0.00047468580305576324,240,0.6489315753318465,0.955830517697074,0.6789190796035127,0.007668711656441718,0.08742331288343558,0.08771929824561404
trec-covid-chrono-r5,3,balanced,512,256,256,512,0.5,0,9,0,-0.0005735214799642563,479,0.8922097294981223,0.955830517697074,0.9334392582983894,0.013803680981595092,0.08742331288343558,0.15789473684210528
trec-covid-chrono-r5,3,balanced,1024,512,512,1024,0.5,0,11,0,-0.0010691247880458832,957,0.955830517697074,0.955830517697074,1.0,0.01687116564417178,0.08742331288343558,0.1929824561403509
trec-covid-chrono-r5,3,balanced,2048,1024,1024,2048,0.5,0,12,0,-0.000243382528424263,1885,0.955830517697074,0.955830517697074,1.0,0.01687116564417178,0.08742331288343558,0.1929824561403509
trec-covid-chrono-r5,3,balanced,4096,2048,2048,4096,0.5,0,13,0,-0.00023168697953224182,3723,0.955830517697074,0.955830517697074,1.0,0.018404907975460124,0.08742331288343558,0.2105263157894737
trec-covid-chrono-r5,3,balanced,8192,4096,4096,8192,0.5,0,15,0,-0.00015948154032230377,7212,0.955830517697074,0.955830517697074,1.0,0.019938650306748466,0.08742331288343558,0.2280701754385965
trec-covid-chrono-r5,3,balanced,10000,5000,5000,10000,0.5,0,15,0,-0.00011649355292320251,8726,0.955830517697074,0.955830517697074,1.0,0.019938650306748466,0.08742331288343558,0.2280701754385965
trec-covid-chrono-r5,3,blocker,128,64,64,128,0.5,0,5,0,-0.008064515888690948,123,0.6489315753318465,0.955830517697074,0.6789190796035127,0.007668711656441718,0.08742331288343558,0.08771929824561404
trec-covid-chrono-r5,3,blocker,256,128,128,256,0.5,0,5,0,-0.00047468580305576324,240,0.6489315753318465,0.955830517697074,0.6789190796035127,0.007668711656441718,0.08742331288343558,0.08771929824561404
trec-covid-chrono-r5,3,blocker,512,256,256,512,0.5,0,9,0,-0.0005735214799642563,479,0.8922097294981223,0.955830517697074,0.9334392582983894,0.013803680981595092,0.08742331288343558,0.15789473684210528
trec-covid-chrono-r5,3,blocker,1024,576,448,1024,0.5625,128,11,0,-0.0010161511600017548,956,0.955830517697074,0.955830517697074,1.0,0.01687116564417178,0.08742331288343558,0.1929824561403509
trec-covid-chrono-r5,3,blocker,2048,1152,896,2048,0.5625,256,12,0,-0.0001459568738937378,1888,0.955830517697074,0.955830517697074,1.0,0.01687116564417178,0.08742331288343558,0.1929824561403509
trec-covid-chrono-r5,3,blocker,4096,2304,1792,4096,0.5625,512,14,0,-2.403371036052704e-05,3733,0.955830517697074,0.955830517697074,1.0,0.019938650306748466,0.08742331288343558,0.2280701754385965
trec-covid-chrono-r5,3,blocker,8192,3192,5000,8192,0.3896484375,1808,15,0,-0.00011649355292320251,7234,0.955830517697074,0.955830517697074,1.0,0.019938650306748466,0.08742331288343558,0.2280701754385965
trec-covid-chrono-r5,3,blocker,10000,5000,5000,10000,0.5,0,15,0,-0.00011649355292320251,8726,0.955830517697074,0.955830517697074,1.0,0.019938650306748466,0.08742331288343558,0.2280701754385965
trec-covid-chrono-r5,4,balanced,128,64,64,128,0.5,0,0,0,-0.003058267757296562,127,0.0,0.48887725900977613,0.0,0.0,0.054673721340388004,0.0
trec-covid-chrono-r5,4,balanced,256,128,128,256,0.5,0,0,0,-0.0003129001706838608,251,0.0,0.48887725900977613,0.0,0.0,0.054673721340388004,0.0
trec-covid-chrono-r5,4,balanced,512,256,256,512,0.5,0,2,0,-0.0018407497555017471,495,0.3589542101716347,0.48887725900977613,0.7342419872396982,0.003527336860670194,0.054673721340388004,0.06451612903225806
trec-covid-chrono-r5,4,balanced,1024,512,512,1024,0.5,0,3,0,-0.0004244428128004074,969,0.3589542101716347,0.48887725900977613,0.7342419872396982,0.003527336860670194,0.054673721340388004,0.06451612903225806
trec-covid-chrono-r5,4,balanced,2048,1024,1024,2048,0.5,0,6,0,-0.000417390838265419,1925,0.4657335183641837,0.48887725900977613,0.9526594043411424,0.007054673721340388,0.054673721340388004,0.12903225806451613
trec-covid-chrono-r5,4,balanced,4096,2048,2048,4096,0.5,0,7,0,-0.00027689337730407715,3767,0.4657335183641837,0.48887725900977613,0.9526594043411424,0.007054673721340388,0.054673721340388004,0.12903225806451613
trec-covid-chrono-r5,4,balanced,8192,4096,4096,8192,0.5,0,7,0,-4.312582314014435e-05,7442,0.4657335183641837,0.48887725900977613,0.9526594043411424,0.007054673721340388,0.054673721340388004,0.12903225806451613
trec-covid-chrono-r5,4,balanced,10000,5000,5000,10000,0.5,0,23,0,-5.271937698125839e-05,9031,0.48887725900977613,0.48887725900977613,1.0,0.01763668430335097,0.054673721340388004,0.3225806451612903
trec-covid-chrono-r5,4,blocker,128,64,64,128,0.5,0,0,0,-0.003058267757296562,127,0.0,0.48887725900977613,0.0,0.0,0.054673721340388004,0.0
trec-covid-chrono-r5,4,blocker,256,128,128,256,0.5,0,0,0,-0.0003129001706838608,251,0.0,0.48887725900977613,0.0,0.0,0.054673721340388004,0.0
trec-covid-chrono-r5,4,blocker,512,256,256,512,0.5,0,2,0,-0.0018407497555017471,495,0.3589542101716347,0.48887725900977613,0.7342419872396982,0.003527336860670194,0.054673721340388004,0.06451612903225806
trec-covid-chrono-r5,4,blocker,1024,512,512,1024,0.5,0,3,0,-0.0004244428128004074,969,0.3589542101716347,0.48887725900977613,0.7342419872396982,0.003527336860670194,0.054673721340388004,0.06451612903225806
trec-covid-chrono-r5,4,blocker,2048,768,1280,2048,0.375,512,6,0,-0.0005487781018018723,1932,0.4657335183641837,0.48887725900977613,0.9526594043411424,0.007054673721340388,0.054673721340388004,0.12903225806451613
trec-covid-chrono-r5,4,blocker,4096,960,3136,4096,0.234375,2176,7,0,-0.00011540018022060394,3855,0.4657335183641837,0.48887725900977613,0.9526594043411424,0.007054673721340388,0.054673721340388004,0.12903225806451613
trec-covid-chrono-r5,4,blocker,8192,3200,4992,8192,0.390625,1792,23,0,-5.303230136632919e-05,7460,0.48887725900977613,0.48887725900977613,1.0,0.01763668430335097,0.054673721340388004,0.3225806451612903
trec-covid-chrono-r5,4,blocker,10000,5000,5000,10000,0.5,0,23,0,-5.271937698125839e-05,9031,0.48887725900977613,0.48887725900977613,1.0,0.01763668430335097,0.054673721340388004,0.3225806451612903
trec-covid-chrono-r5,5,balanced,128,64,64,128,0.5,0,4,0,-0.00017225556075572968,116,0.4904245355908655,0.6212292233319238,0.7894421530276771,0.006191950464396285,0.08668730650154799,0.07142857142857142
trec-covid-chrono-r5,5,balanced,256,128,128,256,0.5,0,8,0,-0.00041809864342212677,228,0.6000222939322732,0.6212292233319238,0.9658629558894405,0.009287925696594427,0.08668730650154799,0.10714285714285714
trec-covid-chrono-r5,5,balanced,512,256,256,512,0.5,0,15,0,-0.0004556514322757721,450,0.6212292233319238,0.6212292233319238,1.0,0.015479876160990712,0.08668730650154799,0.17857142857142858
trec-covid-chrono-r5,5,balanced,1024,512,512,1024,0.5,0,20,0,-0.0007451288402080536,857,0.6212292233319238,0.6212292233319238,1.0,0.021671826625386997,0.08668730650154799,0.25
trec-covid-chrono-r5,5,balanced,2048,1024,1024,2048,0.5,0,22,0,-2.730637788772583e-06,1655,0.6212292233319238,0.6212292233319238,1.0,0.02476780185758514,0.08668730650154799,0.2857142857142857
trec-covid-chrono-r5,5,balanced,4096,2048,2048,4096,0.5,0,27,0,-0.00016847066581249237,3218,0.6212292233319238,0.6212292233319238,1.0,0.02786377708978328,0.08668730650154799,0.3214285714285714
trec-covid-chrono-r5,5,balanced,8192,4096,4096,8192,0.5,0,44,0,-2.653803676366806e-05,6380,0.6212292233319238,0.6212292233319238,1.0,0.047987616099071206,0.08668730650154799,0.5535714285714286
trec-covid-chrono-r5,5,balanced,10000,5000,5000,10000,0.5,0,45,0,-6.133317947387695e-05,7755,0.6212292233319238,0.6212292233319238,1.0,0.04953560371517028,0.08668730650154799,0.5714285714285714
trec-covid-chrono-r5,5,blocker,128,64,64,128,0.5,0,4,0,-0.00017225556075572968,116,0.4904245355908655,0.6212292233319238,0.7894421530276771,0.006191950464396285,0.08668730650154799,0.07142857142857142
trec-covid-chrono-r5,5,blocker,256,128,128,256,0.5,0,8,0,-0.00041809864342212677,228,0.6000222939322732,0.6212292233319238,0.9658629558894405,0.009287925696594427,0.08668730650154799,0.10714285714285714
trec-covid-chrono-r5,5,blocker,512,256,256,512,0.5,0,15,0,-0.0004556514322757721,450,0.6212292233319238,0.6212292233319238,1.0,0.015479876160990712,0.08668730650154799,0.17857142857142858
trec-covid-chrono-r5,5,blocker,1024,576,448,1024,0.5625,128,20,0,-0.0005692038685083389,861,0.6212292233319238,0.6212292233319238,1.0,0.021671826625386997,0.08668730650154799,0.25
trec-covid-chrono-r5,5,blocker,2048,1472,576,2048,0.71875,896,25,0,-7.282942533493042e-07,1725,0.6212292233319238,0.6212292233319238,1.0,0.02476780185758514,0.08668730650154799,0.2857142857142857
trec-covid-chrono-r5,5,blocker,4096,2176,1920,4096,0.53125,256,44,0,-0.00029097311198711395,3224,0.6212292233319238,0.6212292233319238,1.0,0.047987616099071206,0.08668730650154799,0.5535714285714286
trec-covid-chrono-r5,5,blocker,8192,3192,5000,8192,0.3896484375,1808,45,0,-6.133317947387695e-05,6462,0.6212292233319238,0.6212292233319238,1.0,0.04953560371517028,0.08668730650154799,0.5714285714285714
trec-covid-chrono-r5,5,blocker,10000,5000,5000,10000,0.5,0,45,0,-6.133317947387695e-05,7755,0.6212292233319238,0.6212292233319238,1.0,0.04953560371517028,0.08668730650154799,0.5714285714285714
trec-covid-chrono-r5,6,balanced,128,64,64,128,0.5,0,5,0,-0.0006909966468811035,120,0.5637884576902256,0.914856882358379,0.6162586395337095,0.004024144869215292,0.05331991951710262,0.07547169811320754
trec-covid-chrono-r5,6,balanced,256,128,128,256,0.5,0,10,0,-0.002017505466938019,241,0.914856882358379,0.914856882358379,1.0,0.009054325955734407,0.05331991951710262,0.16981132075471697
trec-covid-chrono-r5,6,balanced,512,256,256,512,0.5,0,11,0,-7.875263690948486e-06,478,0.914856882358379,0.914856882358379,1.0,0.01006036217303823,0.05331991951710262,0.18867924528301885
trec-covid-chrono-r5,6,balanced,1024,512,512,1024,0.5,0,13,0,-0.0002895575016736984,943,0.914856882358379,0.914856882358379,1.0,0.012072434607645875,0.05331991951710262,0.22641509433962262
trec-covid-chrono-r5,6,balanced,2048,1024,1024,2048,0.5,0,16,0,-8.57282429933548e-05,1885,0.914856882358379,0.914856882358379,1.0,0.014084507042253521,0.05331991951710262,0.2641509433962264
trec-covid-chrono-r5,6,balanced,4096,2048,2048,4096,0.5,0,17,0,-0.00021836906671524048,3777,0.914856882358379,0.914856882358379,1.0,0.014084507042253521,0.05331991951710262,0.2641509433962264
trec-covid-chrono-r5,6,balanced,8192,4096,4096,8192,0.5,0,19,0,-1.339055597782135e-05,7504,0.914856882358379,0.914856882358379,1.0,0.014084507042253521,0.05331991951710262,0.2641509433962264
trec-covid-chrono-r5,6,balanced,10000,5000,5000,10000,0.5,0,20,0,-6.99404627084732e-05,9127,0.914856882358379,0.914856882358379,1.0,0.015090543259557344,0.05331991951710262,0.2830188679245283
trec-covid-chrono-r5,6,blocker,128,64,64,128,0.5,0,5,0,-0.0006909966468811035,120,0.5637884576902256,0.914856882358379,0.6162586395337095,0.004024144869215292,0.05331991951710262,0.07547169811320754
trec-covid-chrono-r5,6,blocker,256,128,128,256,0.5,0,10,0,-0.002017505466938019,241,0.914856882358379,0.914856882358379,1.0,0.009054325955734407,0.05331991951710262,0.16981132075471697
trec-covid-chrono-r5,6,blocker,512,256,256,512,0.5,0,11,0,-7.875263690948486e-06,478,0.914856882358379,0.914856882358379,1.0,0.01006036217303823,0.05331991951710262,0.18867924528301885
trec-covid-chrono-r5,6,blocker,1024,576,448,1024,0.5625,128,13,0,-0.00011363252997398376,946,0.914856882358379,0.914856882358379,1.0,0.012072434607645875,0.05331991951710262,0.22641509433962262
trec-covid-chrono-r5,6,blocker,2048,1152,896,2048,0.5625,256,17,0,-0.0005690678954124451,1891,0.914856882358379,0.914856882358379,1.0,0.014084507042253521,0.05331991951710262,0.2641509433962264
trec-covid-chrono-r5,6,blocker,4096,2560,1536,4096,0.625,1024,17,0,-0.00012566521763801575,3807,0.914856882358379,0.914856882358379,1.0,0.014084507042253521,0.05331991951710262,0.2641509433962264
trec-covid-chrono-r5,6,blocker,8192,4096,4096,8192,0.5,0,19,0,-1.339055597782135e-05,7504,0.914856882358379,0.914856882358379,1.0,0.014084507042253521,0.05331991951710262,0.2641509433962264
trec-covid-chrono-r5,6,blocker,10000,5000,5000,10000,0.5,0,20,0,-6.99404627084732e-05,9127,0.914856882358379,0.914856882358379,1.0,0.015090543259557344,0.05331991951710262,0.2830188679245283
trec-covid-chrono-r5,7,balanced,128,64,64,128,0.5,0,9,0,-0.001122867688536644,108,0.8579809428223729,0.9216017310213247,0.9309671563567412,0.015267175572519083,0.15458015267175573,0.09876543209876543
trec-covid-chrono-r5,7,balanced,256,128,128,256,0.5,0,16,0,-0.00038268789649009705,224,0.9216017310213247,0.9216017310213247,1.0,0.02862595419847328,0.15458015267175573,0.18518518518518517
trec-covid-chrono-r5,7,balanced,512,256,256,512,0.5,0,21,0,-0.00039087235927581787,419,0.9216017310213247,0.9216017310213247,1.0,0.03816793893129771,0.15458015267175573,0.24691358024691357
trec-covid-chrono-r5,7,balanced,1024,512,512,1024,0.5,0,22,0,-3.935210406780243e-05,821,0.9216017310213247,0.9216017310213247,1.0,0.04007633587786259,0.15458015267175573,0.25925925925925924
trec-covid-chrono-r5,7,balanced,2048,1024,1024,2048,0.5,0,25,0,-0.0002520103007555008,1587,0.9216017310213247,0.9216017310213247,1.0,0.04580152671755725,0.15458015267175573,0.2962962962962963
trec-covid-chrono-r5,7,balanced,4096,2048,2048,4096,0.5,0,28,0,-5.995854735374451e-06,3184,0.9216017310213247,0.9216017310213247,1.0,0.05152671755725191,0.15458015267175573,0.3333333333333333
trec-covid-chrono-r5,7,balanced,8192,4096,4096,8192,0.5,0,43,0,-1.1963769793510437e-05,6403,0.9216017310213247,0.9216017310213247,1.0,0.07061068702290077,0.15458015267175573,0.45679012345679015
trec-covid-chrono-r5,7,balanced,10000,5000,5000,10000,0.5,0,64,0,-6.234366446733475e-05,7871,0.9216017310213247,0.9216017310213247,1.0,0.09732824427480916,0.15458015267175573,0.6296296296296295
trec-covid-chrono-r5,7,blocker,128,64,64,128,0.5,0,9,0,-0.001122867688536644,108,0.8579809428223729,0.9216017310213247,0.9309671563567412,0.015267175572519083,0.15458015267175573,0.09876543209876543
trec-covid-chrono-r5,7,blocker,256,128,128,256,0.5,0,16,0,-0.00038268789649009705,224,0.9216017310213247,0.9216017310213247,1.0,0.02862595419847328,0.15458015267175573,0.18518518518518517
trec-covid-chrono-r5,7,blocker,512,192,320,512,0.375,128,22,0,-0.0009226799011230469,433,0.9216017310213247,0.9216017310213247,1.0,0.04007633587786259,0.15458015267175573,0.25925925925925924
trec-covid-chrono-r5,7,blocker,1024,256,768,1024,0.25,512,24,0,-0.00012777559459209442,881,0.9216017310213247,0.9216017310213247,1.0,0.04389312977099236,0.15458015267175573,0.2839506172839506
trec-covid-chrono-r5,7,blocker,2048,384,1664,2048,0.1875,1280,26,0,-7.879361510276794e-05,1767,0.9216017310213247,0.9216017310213247,1.0,0.04770992366412214,0.15458015267175573,0.30864197530864196
trec-covid-chrono-r5,7,blocker,4096,960,3136,4096,0.234375,2176,36,0,-2.428889274597168e-06,3388,0.9216017310213247,0.9216017310213247,1.0,0.061068702290076333,0.15458015267175573,0.3950617283950617
trec-covid-chrono-r5,7,blocker,8192,5000,3192,8192,0.6103515625,1808,64,0,-6.234366446733475e-05,6572,0.9216017310213247,0.9216017310213247,1.0,0.09732824427480916,0.15458015267175573,0.6296296296296295
trec-covid-chrono-r5,7,blocker,10000,5000,5000,10000,0.5,0,64,0,-6.234366446733475e-05,7871,0.9216017310213247,0.9216017310213247,1.0,0.09732824427480916,0.15458015267175573,0.6296296296296295
trec-covid-chrono-r5,8,balanced,128,64,64,128,0.5,0,2,0,-0.0058715324848890305,125,0.3589542101716347,0.841492960259019,0.4265682865144177,0.0030864197530864196,0.0787037037037037,0.0392156862745098
trec-covid-chrono-r5,8,balanced,256,128,128,256,0.5,0,2,0,-0.0017518308013677597,246,0.3589542101716347,0.841492960259019,0.4265682865144177,0.0030864197530864196,0.0787037037037037,0.0392156862745098
trec-covid-chrono-r5,8,balanced,512,256,256,512,0.5,0,3,0,-0.0005830377340316772,491,0.46900009332067477,0.841492960259019,0.5573428602139612,0.004629629629629629,0.0787037037037037,0.0588235294117647
trec-covid-chrono-r5,8,balanced,1024,512,512,1024,0.5,0,10,0,-0.00038859620690345764,978,0.841492960259019,0.841492960259019,1.0,0.012345679012345678,0.0787037037037037,0.1568627450980392
trec-covid-chrono-r5,8,balanced,2048,1024,1024,2048,0.5,0,11,0,-0.0001815352588891983,1961,0.841492960259019,0.841492960259019,1.0,0.012345679012345678,0.0787037037037037,0.1568627450980392
trec-covid-chrono-r5,8,balanced,4096,2048,2048,4096,0.5,0,12,0,-0.00020115822553634644,3891,0.841492960259019,0.841492960259019,1.0,0.013888888888888888,0.0787037037037037,0.1764705882352941
trec-covid-chrono-r5,8,balanced,8192,4096,4096,8192,0.5,0,14,0,-0.00016532093286514282,7646,0.841492960259019,0.841492960259019,1.0,0.013888888888888888,0.0787037037037037,0.1764705882352941
trec-covid-chrono-r5,8,balanced,10000,5000,5000,10000,0.5,0,14,0,-0.00012233294546604156,9286,0.841492960259019,0.841492960259019,1.0,0.013888888888888888,0.0787037037037037,0.1764705882352941
trec-covid-chrono-r5,8,blocker,128,64,64,128,0.5,0,2,0,-0.0058715324848890305,125,0.3589542101716347,0.841492960259019,0.4265682865144177,0.0030864197530864196,0.0787037037037037,0.0392156862745098
trec-covid-chrono-r5,8,blocker,256,128,128,256,0.5,0,2,0,-0.0017518308013677597,246,0.3589542101716347,0.841492960259019,0.4265682865144177,0.0030864197530864196,0.0787037037037037,0.0392156862745098
trec-covid-chrono-r5,8,blocker,512,256,256,512,0.5,0,3,0,-0.0005830377340316772,491,0.46900009332067477,0.841492960259019,0.5573428602139612,0.004629629629629629,0.0787037037037037,0.0588235294117647
trec-covid-chrono-r5,8,blocker,1024,448,576,1024,0.4375,128,10,0,-0.0003356225788593292,979,0.841492960259019,0.841492960259019,1.0,0.012345679012345678,0.0787037037037037,0.1568627450980392
trec-covid-chrono-r5,8,blocker,2048,960,1088,2048,0.46875,128,11,0,-0.00013010762631893158,1960,0.841492960259019,0.841492960259019,1.0,0.012345679012345678,0.0787037037037037,0.1568627450980392
trec-covid-chrono-r5,8,blocker,4096,960,3136,4096,0.234375,2176,12,0,-3.966502845287323e-05,3936,0.841492960259019,0.841492960259019,1.0,0.013888888888888888,0.0787037037037037,0.1764705882352941
trec-covid-chrono-r5,8,blocker,8192,3192,5000,8192,0.3896484375,1808,14,0,-0.00012233294546604156,7685,0.841492960259019,0.841492960259019,1.0,0.013888888888888888,0.0787037037037037,0.1764705882352941
trec-covid-chrono-r5,8,blocker,10000,5000,5000,10000,0.5,0,14,0,-0.00012233294546604156,9286,0.841492960259019,0.841492960259019,1.0,0.013888888888888888,0.0787037037037037,0.1764705882352941
trec-covid-chrono-r5,9,balanced,128,64,64,128,0.5,0,0,0,-0.0024789106100797653,125,0.0,0.33830338259064074,0.0,0.0,0.18181818181818182,0.0
trec-covid-chrono-r5,9,balanced,256,128,128,256,0.5,0,2,0,-3.1579285860061646e-05,237,0.0,0.33830338259064074,0.0,0.0,0.18181818181818182,0.0
trec-covid-chrono-r5,9,balanced,512,256,256,512,0.5,0,8,0,-3.19555401802063e-05,481,0.2950117120395272,0.33830338259064074,0.8720329952967156,0.019138755980861243,0.18181818181818182,0.10526315789473684
trec-covid-chrono-r5,9,balanced,1024,512,512,1024,0.5,0,16,0,-0.0007602795958518982,964,0.33830338259064074,0.33830338259064074,1.0,0.03349282296650718,0.18181818181818182,0.18421052631578946
trec-covid-chrono-r5,9,balanced,2048,1024,1024,2048,0.5,0,17,0,-0.00025233812630176544,1909,0.33830338259064074,0.33830338259064074,1.0,0.03827751196172249,0.18181818181818182,0.21052631578947367
trec-covid-chrono-r5,9,balanced,4096,2048,2048,4096,0.5,0,18,0,-7.656589150428772e-05,3806,0.33830338259064074,0.33830338259064074,1.0,0.03827751196172249,0.18181818181818182,0.21052631578947367
trec-covid-chrono-r5,9,balanced,8192,4096,4096,8192,0.5,0,19,0,-0.000101432204246521,7543,0.33830338259064074,0.33830338259064074,1.0,0.03827751196172249,0.18181818181818182,0.21052631578947367
trec-covid-chrono-r5,9,balanced,10000,5000,5000,10000,0.5,0,19,0,-5.844421684741974e-05,9202,0.33830338259064074,0.33830338259064074,1.0,0.03827751196172249,0.18181818181818182,0.21052631578947367
trec-covid-chrono-r5,9,blocker,128,64,64,128,0.5,0,0,0,-0.0024789106100797653,125,0.0,0.33830338259064074,0.0,0.0,0.18181818181818182,0.0
trec-covid-chrono-r5,9,blocker,256,128,128,256,0.5,0,2,0,-3.1579285860061646e-05,237,0.0,0.33830338259064074,0.0,0.0,0.18181818181818182,0.0
trec-covid-chrono-r5,9,blocker,512,256,256,512,0.5,0,8,0,-3.19555401802063e-05,481,0.2950117120395272,0.33830338259064074,0.8720329952967156,0.019138755980861243,0.18181818181818182,0.10526315789473684
trec-covid-chrono-r5,9,blocker,1024,448,576,1024,0.4375,128,16,0,-0.0005843564867973328,964,0.33830338259064074,0.33830338259064074,1.0,0.03349282296650718,0.18181818181818182,0.18421052631578946
trec-covid-chrono-r5,9,blocker,2048,768,1280,2048,0.375,512,17,0,-7.609836757183075e-05,1911,0.33830338259064074,0.33830338259064074,1.0,0.03827751196172249,0.18181818181818182,0.21052631578947367
trec-covid-chrono-r5,9,blocker,4096,1152,2944,4096,0.28125,1792,19,0,-0.00019370578229427338,3865,0.33830338259064074,0.33830338259064074,1.0,0.03827751196172249,0.18181818181818182,0.21052631578947367
trec-covid-chrono-r5,9,blocker,8192,3192,5000,8192,0.3896484375,1808,19,0,-5.844421684741974e-05,7570,0.33830338259064074,0.33830338259064074,1.0,0.03827751196172249,0.18181818181818182,0.21052631578947367
trec-covid-chrono-r5,9,blocker,10000,5000,5000,10000,0.5,0,19,0,-5.844421684741974e-05,9202,0.33830338259064074,0.33830338259064074,1.0,0.03827751196172249,0.18181818181818182,0.21052631578947367
trec-covid-chrono-r5,10,balanced,128,64,64,128,0.5,0,6,0,-0.0010338816791772842,111,0.6750643316580717,0.9477344873475498,0.7122926733914606,0.012072434607645875,0.15492957746478872,0.07792207792207792
trec-covid-chrono-r5,10,balanced,256,128,128,256,0.5,0,12,0,-0.001404067501425743,222,0.9477344873475498,0.9477344873475498,1.0,0.022132796780684104,0.15492957746478872,0.14285714285714288
trec-covid-chrono-r5,10,balanced,512,256,256,512,0.5,0,16,0,-0.0004874859005212784,427,0.9477344873475498,0.9477344873475498,1.0,0.030181086519114688,0.15492957746478872,0.19480519480519481
trec-covid-chrono-r5,10,balanced,1024,512,512,1024,0.5,0,21,0,-0.00019297562539577484,833,0.9477344873475498,0.9477344873475498,1.0,0.04024144869215292,0.15492957746478872,0.25974025974025977
trec-covid-chrono-r5,10,balanced,2048,1024,1024,2048,0.5,0,32,0,-4.4543296098709106e-05,1622,0.9477344873475498,0.9477344873475498,1.0,0.05432595573440644,0.15492957746478872,0.3506493506493507
trec-covid-chrono-r5,10,balanced,4096,2048,2048,4096,0.5,0,36,0,-7.631443440914154e-05,3214,0.9477344873475498,0.9477344873475498,1.0,0.06237424547283702,0.15492957746478872,0.4025974025974026
trec-covid-chrono-r5,10,balanced,8192,4096,4096,8192,0.5,0,37,0,-4.339590668678284e-05,6295,0.9477344873475498,0.9477344873475498,1.0,0.06438631790744467,0.15492957746478872,0.41558441558441567
trec-covid-chrono-r5,10,balanced,10000,5000,5000,10000,0.5,0,37,0,-4.079192876815796e-07,7684,0.9477344873475498,0.9477344873475498,1.0,0.06438631790744467,0.15492957746478872,0.41558441558441567
trec-covid-chrono-r5,10,blocker,128,64,64,128,0.5,0,6,0,-0.0010338816791772842,111,0.6750643316580717,0.9477344873475498,0.7122926733914606,0.012072434607645875,0.15492957746478872,0.07792207792207792
trec-covid-chrono-r5,10,blocker,256,128,128,256,0.5,0,12,0,-0.001404067501425743,222,0.9477344873475498,0.9477344873475498,1.0,0.022132796780684104,0.15492957746478872,0.14285714285714288
trec-covid-chrono-r5,10,blocker,512,256,256,512,0.5,0,16,0,-0.0004874859005212784,427,0.9477344873475498,0.9477344873475498,1.0,0.030181086519114688,0.15492957746478872,0.19480519480519481
trec-covid-chrono-r5,10,blocker,1024,576,448,1024,0.5625,128,21,0,-1.705065369606018e-05,836,0.9477344873475498,0.9477344873475498,1.0,0.04024144869215292,0.15492957746478872,0.25974025974025977
trec-covid-chrono-r5,10,blocker,2048,1536,512,2048,0.75,1024,35,0,-8.922070264816284e-07,1732,0.9477344873475498,0.9477344873475498,1.0,0.060362173038229376,0.15492957746478872,0.38961038961038963
trec-covid-chrono-r5,10,blocker,4096,3584,512,4096,0.875,3072,37,0,-7.720291614532471e-05,3704,0.9477344873475498,0.9477344873475498,1.0,0.06438631790744467,0.15492957746478872,0.41558441558441567
trec-covid-chrono-r5,10,blocker,8192,5000,3192,8192,0.6103515625,1808,37,0,-4.079192876815796e-07,6424,0.9477344873475498,0.9477344873475498,1.0,0.06438631790744467,0.15492957746478872,0.41558441558441567
trec-covid-chrono-r5,10,blocker,10000,5000,5000,10000,0.5,0,37,0,-4.079192876815796e-07,7684,0.9477344873475498,0.9477344873475498,1.0,0.06438631790744467,0.15492957746478872,0.41558441558441567
trec-covid-chrono-r5,11,balanced,128,64,64,128,0.5,0,6,0,-0.0013312343508005142,115,0.4299206342095614,0.5405255277091934,0.7953752638318717,0.00904977375565611,0.049773755656108594,0.18181818181818185
trec-covid-chrono-r5,11,balanced,256,128,128,256,0.5,0,8,0,-0.00034079328179359436,227,0.45306437485515383,0.5405255277091934,0.8381923732173955,0.011312217194570135,0.049773755656108594,0.2272727272727273
trec-covid-chrono-r5,11,balanced,512,256,256,512,0.5,0,22,0,-3.588572144508362e-05,459,0.5405255277091934,0.5405255277091934,1.0,0.03167420814479638,0.049773755656108594,0.6363636363636364
trec-covid-chrono-r5,11,balanced,1024,512,512,1024,0.5,0,25,0,-0.0006889477372169495,924,0.5405255277091934,0.5405255277091934,1.0,0.03167420814479638,0.049773755656108594,0.6363636363636364
trec-covid-chrono-r5,11,balanced,2048,1024,1024,2048,0.5,0,26,0,-2.3268163204193115e-05,1802,0.5405255277091934,0.5405255277091934,1.0,0.03167420814479638,0.049773755656108594,0.6363636363636364
trec-covid-chrono-r5,11,balanced,4096,2048,2048,4096,0.5,0,27,0,-0.00014251098036766052,3574,0.5405255277091934,0.5405255277091934,1.0,0.03167420814479638,0.049773755656108594,0.6363636363636364
trec-covid-chrono-r5,11,balanced,8192,4096,4096,8192,0.5,0,28,0,-3.715045750141144e-05,7171,0.5405255277091934,0.5405255277091934,1.0,0.03167420814479638,0.049773755656108594,0.6363636363636364
trec-covid-chrono-r5,11,balanced,10000,5000,5000,10000,0.5,0,29,0,-0.0001222863793373108,8680,0.5405255277091934,0.5405255277091934,1.0,0.03167420814479638,0.049773755656108594,0.6363636363636364
trec-covid-chrono-r5,11,blocker,128,64,64,128,0.5,0,6,0,-0.0013312343508005142,115,0.4299206342095614,0.5405255277091934,0.7953752638318717,0.00904977375565611,0.049773755656108594,0.18181818181818185
trec-covid-chrono-r5,11,blocker,256,128,128,256,0.5,0,8,0,-0.00034079328179359436,227,0.45306437485515383,0.5405255277091934,0.8381923732173955,0.011312217194570135,0.049773755656108594,0.2272727272727273
trec-covid-chrono-r5,11,blocker,512,256,256,512,0.5,0,22,0,-3.588572144508362e-05,459,0.5405255277091934,0.5405255277091934,1.0,0.03167420814479638,0.049773755656108594,0.6363636363636364
trec-covid-chrono-r5,11,blocker,1024,576,448,1024,0.5625,128,25,0,-0.0005130227655172348,926,0.5405255277091934,0.5405255277091934,1.0,0.03167420814479638,0.049773755656108594,0.6363636363636364
trec-covid-chrono-r5,11,blocker,2048,1280,768,2048,0.625,512,27,0,-0.00041439570486545563,1822,0.5405255277091934,0.5405255277091934,1.0,0.03167420814479638,0.049773755656108594,0.6363636363636364
trec-covid-chrono-r5,11,blocker,4096,2944,1152,4096,0.71875,1792,27,0,-1.0170042514801025e-06,3646,0.5405255277091934,0.5405255277091934,1.0,0.03167420814479638,0.049773755656108594,0.6363636363636364
trec-covid-chrono-r5,11,blocker,8192,5000,3192,8192,0.6103515625,1808,29,0,-0.0001222863793373108,7149,0.5405255277091934,0.5405255277091934,1.0,0.03167420814479638,0.049773755656108594,0.6363636363636364
trec-covid-chrono-r5,11,blocker,10000,5000,5000,10000,0.5,0,29,0,-0.0001222863793373108,8680,0.5405255277091934,0.5405255277091934,1.0,0.03167420814479638,0.049773755656108594,0.6363636363636364
trec-covid-chrono-r5,12,balanced,128,64,64,128,0.5,0,0,0,-0.000918285921216011,124,0.0,0.3222722491219547,0.0,0.0,0.05864197530864197,0.0
trec-covid-chrono-r5,12,balanced,256,128,128,256,0.5,0,3,0,-0.004101140424609184,246,0.3222722491219547,0.3222722491219547,1.0,0.004629629629629629,0.05864197530864197,0.07894736842105263
trec-covid-chrono-r5,12,balanced,512,256,256,512,0.5,0,3,0,-0.001009467989206314,494,0.3222722491219547,0.3222722491219547,1.0,0.004629629629629629,0.05864197530864197,0.07894736842105263
trec-covid-chrono-r5,12,balanced,1024,512,512,1024,0.5,0,5,0,-0.0002738144248723984,977,0.3222722491219547,0.3222722491219547,1.0,0.004629629629629629,0.05864197530864197,0.07894736842105263
trec-covid-chrono-r5,12,balanced,2048,1024,1024,2048,0.5,0,8,0,-4.4791027903556824e-05,1921,0.3222722491219547,0.3222722491219547,1.0,0.004629629629629629,0.05864197530864197,0.07894736842105263
trec-covid-chrono-r5,12,balanced,4096,2048,2048,4096,0.5,0,16,0,-8.325092494487762e-05,3787,0.3222722491219547,0.3222722491219547,1.0,0.012345679012345678,0.05864197530864197,0.21052631578947367
trec-covid-chrono-r5,12,balanced,8192,4096,4096,8192,0.5,0,18,0,-0.00024061650037765503,7474,0.3222722491219547,0.3222722491219547,1.0,0.013888888888888888,0.05864197530864197,0.23684210526315788
trec-covid-chrono-r5,12,balanced,10000,5000,5000,10000,0.5,0,18,0,-0.00019762851297855377,9022,0.3222722491219547,0.3222722491219547,1.0,0.013888888888888888,0.05864197530864197,0.23684210526315788
trec-covid-chrono-r5,12,blocker,128,64,64,128,0.5,0,0,0,-0.000918285921216011,124,0.0,0.3222722491219547,0.0,0.0,0.05864197530864197,0.0
trec-covid-chrono-r5,12,blocker,256,128,128,256,0.5,0,3,0,-0.004101140424609184,246,0.3222722491219547,0.3222722491219547,1.0,0.004629629629629629,0.05864197530864197,0.07894736842105263
trec-covid-chrono-r5,12,blocker,512,256,256,512,0.5,0,3,0,-0.001009467989206314,494,0.3222722491219547,0.3222722491219547,1.0,0.004629629629629629,0.05864197530864197,0.07894736842105263
trec-covid-chrono-r5,12,blocker,1024,512,512,1024,0.5,0,5,0,-0.0002738144248723984,977,0.3222722491219547,0.3222722491219547,1.0,0.004629629629629629,0.05864197530864197,0.07894736842105263
trec-covid-chrono-r5,12,blocker,2048,1024,1024,2048,0.5,0,8,0,-4.4791027903556824e-05,1921,0.3222722491219547,0.3222722491219547,1.0,0.004629629629629629,0.05864197530864197,0.07894736842105263
trec-covid-chrono-r5,12,blocker,4096,2048,2048,4096,0.5,0,16,0,-8.325092494487762e-05,3787,0.3222722491219547,0.3222722491219547,1.0,0.012345679012345678,0.05864197530864197,0.21052631578947367
trec-covid-chrono-r5,12,blocker,8192,3328,4864,8192,0.40625,1536,18,0,-0.00020308606326580048,7461,0.3222722491219547,0.3222722491219547,1.0,0.013888888888888888,0.05864197530864197,0.23684210526315788
trec-covid-chrono-r5,12,blocker,10000,5000,5000,10000,0.5,0,18,0,-0.00019762851297855377,9022,0.3222722491219547,0.3222722491219547,1.0,0.013888888888888888,0.05864197530864197,0.23684210526315788
trec-covid-chrono-r5,13,balanced,128,64,64,128,0.5,0,10,0,-0.0004425961524248123,108,0.914856882358379,0.914856882358379,1.0,0.009782608695652175,0.08043478260869565,0.12162162162162164
trec-covid-chrono-r5,13,balanced,256,128,128,256,0.5,0,17,0,-3.663264214992523e-05,208,0.914856882358379,0.914856882358379,1.0,0.016304347826086956,0.08043478260869565,0.20270270270270271
trec-covid-chrono-r5,13,balanced,512,256,256,512,0.5,0,24,0,-0.0009616203606128693,440,0.914856882358379,0.914856882358379,1.0,0.02282608695652174,0.08043478260869565,0.2837837837837838
trec-covid-chrono-r5,13,balanced,1024,512,512,1024,0.5,0,27,0,-0.0005564466118812561,906,0.914856882358379,0.914856882358379,1.0,0.02608695652173913,0.08043478260869565,0.32432432432432434
trec-covid-chrono-r5,13,balanced,2048,1024,1024,2048,0.5,0,32,0,-0.0008926950395107269,1832,0.914856882358379,0.914856882358379,1.0,0.030434782608695653,0.08043478260869565,0.3783783783783784
trec-covid-chrono-r5,13,balanced,4096,2048,2048,4096,0.5,0,32,0,-0.00044457055628299713,3586,0.914856882358379,0.914856882358379,1.0,0.030434782608695653,0.08043478260869565,0.3783783783783784
trec-covid-chrono-r5,13,balanced,8192,4096,4096,8192,0.5,0,32,0,-0.00021080300211906433,6896,0.914856882358379,0.914856882358379,1.0,0.030434782608695653,0.08043478260869565,0.3783783783783784
trec-covid-chrono-r5,13,balanced,10000,5000,5000,10000,0.5,0,32,0,-0.00016781501471996307,8334,0.914856882358379,0.914856882358379,1.0,0.030434782608695653,0.08043478260869565,0.3783783783783784
trec-covid-chrono-r5,13,blocker,128,64,64,128,0.5,0,10,0,-0.0004425961524248123,108,0.914856882358379,0.914856882358379,1.0,0.009782608695652175,0.08043478260869565,0.12162162162162164
trec-covid-chrono-r5,13,blocker,256,128,128,256,0.5,0,17,0,-3.663264214992523e-05,208,0.914856882358379,0.914856882358379,1.0,0.016304347826086956,0.08043478260869565,0.20270270270270271
trec-covid-chrono-r5,13,blocker,512,256,256,512,0.5,0,24,0,-0.0009616203606128693,440,0.914856882358379,0.914856882358379,1.0,0.02282608695652174,0.08043478260869565,0.2837837837837838
trec-covid-chrono-r5,13,blocker,1024,448,576,1024,0.4375,128,27,0,-0.00011049024760723114,907,0.914856882358379,0.914856882358379,1.0,0.02608695652173913,0.08043478260869565,0.32432432432432434
trec-covid-chrono-r5,13,blocker,2048,1472,576,2048,0.71875,896,32,0,-0.0006229281425476074,1835,0.914856882358379,0.914856882358379,1.0,0.030434782608695653,0.08043478260869565,0.3783783783783784
trec-covid-chrono-r5,13,blocker,4096,3520,576,4096,0.859375,2944,32,0,-0.00024951621890068054,3791,0.914856882358379,0.914856882358379,1.0,0.030434782608695653,0.08043478260869565,0.3783783783783784
trec-covid-chrono-r5,13,blocker,8192,5000,3192,8192,0.6103515625,1808,32,0,-0.00016781501471996307,7040,0.914856882358379,0.914856882358379,1.0,0.030434782608695653,0.08043478260869565,0.3783783783783784
trec-covid-chrono-r5,13,blocker,10000,5000,5000,10000,0.5,0,32,0,-0.00016781501471996307,8334,0.914856882358379,0.914856882358379,1.0,0.030434782608695653,0.08043478260869565,0.3783783783783784
trec-covid-chrono-r5,14,balanced,128,64,64,128,0.5,0,11,0,-0.00028673745691776276,109,0.933745776545611,0.933745776545611,1.0,0.03663003663003663,0.24175824175824176,0.15151515151515152
trec-covid-chrono-r5,14,balanced,256,128,128,256,0.5,0,18,0,-0.000230446457862854,225,0.933745776545611,0.933745776545611,1.0,0.05860805860805861,0.24175824175824176,0.24242424242424243
trec-covid-chrono-r5,14,balanced,512,256,256,512,0.5,0,23,0,-0.0017160065472126007,468,0.933745776545611,0.933745776545611,1.0,0.07692307692307693,0.24175824175824176,0.3181818181818182
trec-covid-chrono-r5,14,balanced,1024,512,512,1024,0.5,0,24,0,-0.000299699604511261,958,0.933745776545611,0.933745776545611,1.0,0.08058608058608059,0.24175824175824176,0.33333333333333337
trec-covid-chrono-r5,14,balanced,2048,1024,1024,2048,0.5,0,28,0,-0.0004131048917770386,1945,0.933745776545611,0.933745776545611,1.0,0.09523809523809523,0.24175824175824176,0.3939393939393939
trec-covid-chrono-r5,14,balanced,4096,2048,2048,4096,0.5,0,29,0,-0.00020115822553634644,3933,0.933745776545611,0.933745776545611,1.0,0.0989010989010989,0.24175824175824176,0.40909090909090906
trec-covid-chrono-r5,14,balanced,8192,4096,4096,8192,0.5,0,30,0,-8.589960634708405e-05,7784,0.933745776545611,0.933745776545611,1.0,0.10256410256410256,0.24175824175824176,0.4242424242424242
trec-covid-chrono-r5,14,balanced,10000,5000,5000,10000,0.5,0,30,0,-4.291161894798279e-05,9449,0.933745776545611,0.933745776545611,1.0,0.10256410256410256,0.24175824175824176,0.4242424242424242
trec-covid-chrono-r5,14,blocker,128,64,64,128,0.5,0,11,0,-0.00028673745691776276,109,0.933745776545611,0.933745776545611,1.0,0.03663003663003663,0.24175824175824176,0.15151515151515152
trec-covid-chrono-r5,14,blocker,256,128,128,256,0.5,0,18,0,-0.000230446457862854,225,0.933745776545611,0.933745776545611,1.0,0.05860805860805861,0.24175824175824176,0.24242424242424243
trec-covid-chrono-r5,14,blocker,512,192,320,512,0.375,128,23,0,-0.000567656010389328,468,0.933745776545611,0.933745776545611,1.0,0.07692307692307693,0.24175824175824176,0.3181818181818182
trec-covid-chrono-r5,14,blocker,1024,256,768,1024,0.25,512,25,0,-4.881061613559723e-05,973,0.933745776545611,0.933745776545611,1.0,0.08424908424908426,0.24175824175824176,0.3484848484848485
trec-covid-chrono-r5,14,blocker,2048,320,1728,2048,0.15625,1408,28,0,-4.98797744512558e-05,1986,0.933745776545611,0.933745776545611,1.0,0.09523809523809523,0.24175824175824176,0.3939393939393939
trec-covid-chrono-r5,14,blocker,4096,448,3648,4096,0.109375,3200,30,0,-0.00011496990919113159,4013,0.933745776545611,0.933745776545611,1.0,0.10256410256410256,0.24175824175824176,0.4242424242424242
trec-covid-chrono-r5,14,blocker,8192,3192,5000,8192,0.3896484375,1808,30,0,-4.291161894798279e-05,7804,0.933745776545611,0.933745776545611,1.0,0.10256410256410256,0.24175824175824176,0.4242424242424242
trec-covid-chrono-r5,14,blocker,10000,5000,5000,10000,0.5,0,30,0,-4.291161894798279e-05,9449,0.933745776545611,0.933745776545611,1.0,0.10256410256410256,0.24175824175824176,0.4242424242424242
trec-covid-chrono-r5,15,balanced,128,64,64,128,0.5,0,2,0,-0.007800105959177017,126,0.22009176629808017,0.4919558511645117,0.44738113344337627,0.002242152466367713,0.09417040358744394,0.02380952380952381
trec-covid-chrono-r5,15,balanced,256,128,128,256,0.5,0,2,0,-0.005054738372564316,254,0.22009176629808017,0.4919558511645117,0.44738113344337627,0.002242152466367713,0.09417040358744394,0.02380952380952381
trec-covid-chrono-r5,15,balanced,512,256,256,512,0.5,0,2,0,-0.0029001478105783463,508,0.22009176629808017,0.4919558511645117,0.44738113344337627,0.002242152466367713,0.09417040358744394,0.02380952380952381
trec-covid-chrono-r5,15,balanced,1024,512,512,1024,0.5,0,2,0,-0.0014838427305221558,1005,0.22009176629808017,0.4919558511645117,0.44738113344337627,0.002242152466367713,0.09417040358744394,0.02380952380952381
trec-covid-chrono-r5,15,balanced,2048,1024,1024,2048,0.5,0,2,0,-0.0006580986082553864,1998,0.22009176629808017,0.4919558511645117,0.44738113344337627,0.002242152466367713,0.09417040358744394,0.02380952380952381
trec-covid-chrono-r5,15,balanced,4096,2048,2048,4096,0.5,0,2,0,-0.00020997412502765656,3936,0.22009176629808017,0.4919558511645117,0.44738113344337627,0.002242152466367713,0.09417040358744394,0.02380952380952381
trec-covid-chrono-r5,15,balanced,8192,4096,4096,8192,0.5,0,2,0,-4.398450255393982e-05,7771,0.22009176629808017,0.4919558511645117,0.44738113344337627,0.002242152466367713,0.09417040358744394,0.02380952380952381
trec-covid-chrono-r5,15,balanced,10000,5000,5000,10000,0.5,0,2,0,-9.96515154838562e-07,9432,0.22009176629808017,0.4919558511645117,0.44738113344337627,0.002242152466367713,0.09417040358744394,0.02380952380952381
trec-covid-chrono-r5,15,blocker,128,64,64,128,0.5,0,2,0,-0.007800105959177017,126,0.22009176629808017,0.4919558511645117,0.44738113344337627,0.002242152466367713,0.09417040358744394,0.02380952380952381
trec-covid-chrono-r5,15,blocker,256,128,128,256,0.5,0,2,0,-0.005054738372564316,254,0.22009176629808017,0.4919558511645117,0.44738113344337627,0.002242152466367713,0.09417040358744394,0.02380952380952381
trec-covid-chrono-r5,15,blocker,512,256,256,512,0.5,0,2,0,-0.0029001478105783463,508,0.22009176629808017,0.4919558511645117,0.44738113344337627,0.002242152466367713,0.09417040358744394,0.02380952380952381
trec-covid-chrono-r5,15,blocker,1024,448,576,1024,0.4375,128,2,0,-0.0014480799436569214,1004,0.22009176629808017,0.4919558511645117,0.44738113344337627,0.002242152466367713,0.09417040358744394,0.02380952380952381
trec-covid-chrono-r5,15,blocker,2048,896,1152,2048,0.4375,256,2,0,-0.0005606729537248611,1995,0.22009176629808017,0.4919558511645117,0.44738113344337627,0.002242152466367713,0.09417040358744394,0.02380952380952381
trec-covid-chrono-r5,15,blocker,4096,1984,2112,4096,0.484375,128,2,0,-0.00029260478913784027,3935,0.22009176629808017,0.4919558511645117,0.44738113344337627,0.002242152466367713,0.09417040358744394,0.02380952380952381
trec-covid-chrono-r5,15,blocker,8192,5000,3192,8192,0.6103515625,1808,2,0,-9.96515154838562e-07,7811,0.22009176629808017,0.4919558511645117,0.44738113344337627,0.002242152466367713,0.09417040358744394,0.02380952380952381
trec-covid-chrono-r5,15,blocker,10000,5000,5000,10000,0.5,0,2,0,-9.96515154838562e-07,9432,0.22009176629808017,0.4919558511645117,0.44738113344337627,0.002242152466367713,0.09417040358744394,0.02380952380952381
trec-covid-chrono-r5,16,balanced,128,64,64,128,0.5,0,4,0,-0.0013275034725666046,122,0.41706061349150547,0.8043628744017065,0.5184980893128857,0.00975609756097561,0.1048780487804878,0.09302325581395349
trec-covid-chrono-r5,16,balanced,256,128,128,256,0.5,0,7,0,-0.005045922473073006,247,0.6050566408115885,0.8043628744017065,0.7522185074263105,0.01707317073170732,0.1048780487804878,0.16279069767441862
trec-covid-chrono-r5,16,balanced,512,256,256,512,0.5,0,8,0,-0.0029001478105783463,498,0.6744878627483658,0.8043628744017065,0.8385367900651269,0.01951219512195122,0.1048780487804878,0.18604651162790697
trec-covid-chrono-r5,16,balanced,1024,512,512,1024,0.5,0,8,0,-0.0014838427305221558,993,0.6744878627483658,0.8043628744017065,0.8385367900651269,0.01951219512195122,0.1048780487804878,0.18604651162790697
trec-covid-chrono-r5,16,balanced,2048,1024,1024,2048,0.5,0,8,0,-0.0006580986082553864,1980,0.6744878627483658,0.8043628744017065,0.8385367900651269,0.01951219512195122,0.1048780487804878,0.18604651162790697
trec-covid-chrono-r5,16,balanced,4096,2048,2048,4096,0.5,0,9,0,-0.00023203156888484955,3931,0.7407420862027548,0.8043628744017065,0.9209053647008839,0.02195121951219512,0.1048780487804878,0.20930232558139533
trec-covid-chrono-r5,16,balanced,8192,4096,4096,8192,0.5,0,15,0,-7.515773177146912e-06,7859,0.8043628744017065,0.8043628744017065,1.0,0.03170731707317073,0.1048780487804878,0.3023255813953489
trec-covid-chrono-r5,16,balanced,10000,5000,5000,10000,0.5,0,20,0,-0.00016024243086576462,9550,0.8043628744017065,0.8043628744017065,1.0,0.036585365853658534,0.1048780487804878,0.3488372093023256
trec-covid-chrono-r5,16,blocker,128,64,64,128,0.5,0,4,0,-0.0013275034725666046,122,0.41706061349150547,0.8043628744017065,0.5184980893128857,0.00975609756097561,0.1048780487804878,0.09302325581395349
trec-covid-chrono-r5,16,blocker,256,128,128,256,0.5,0,7,0,-0.005045922473073006,247,0.6050566408115885,0.8043628744017065,0.7522185074263105,0.01707317073170732,0.1048780487804878,0.16279069767441862
trec-covid-chrono-r5,16,blocker,512,256,256,512,0.5,0,8,0,-0.0029001478105783463,498,0.6744878627483658,0.8043628744017065,0.8385367900651269,0.01951219512195122,0.1048780487804878,0.18604651162790697
trec-covid-chrono-r5,16,blocker,1024,384,640,1024,0.375,256,8,0,-0.0012434255331754684,991,0.6744878627483658,0.8043628744017065,0.8385367900651269,0.01951219512195122,0.1048780487804878,0.18604651162790697
trec-covid-chrono-r5,16,blocker,2048,768,1280,2048,0.375,512,8,0,-0.0007087811827659607,1978,0.6744878627483658,0.8043628744017065,0.8385367900651269,0.01951219512195122,0.1048780487804878,0.18604651162790697
trec-covid-chrono-r5,16,blocker,4096,2816,1280,4096,0.6875,1536,9,0,-0.00010535307228565216,3974,0.7407420862027548,0.8043628744017065,0.9209053647008839,0.02195121951219512,0.1048780487804878,0.20930232558139533
trec-covid-chrono-r5,16,blocker,8192,5000,3192,8192,0.6103515625,1808,20,0,-0.00016024243086576462,7865,0.8043628744017065,0.8043628744017065,1.0,0.036585365853658534,0.1048780487804878,0.3488372093023256
trec-covid-chrono-r5,16,blocker,10000,5000,5000,10000,0.5,0,20,0,-0.00016024243086576462,9550,0.8043628744017065,0.8043628744017065,1.0,0.036585365853658534,0.1048780487804878,0.3488372093023256
trec-covid-chrono-r5,17,balanced,128,64,64,128,0.5,0,0,0,-0.002657199278473854,126,0.0,0.7832906583706655,0.0,0.0,0.09344490934449093,0.0
trec-covid-chrono-r5,17,balanced,256,128,128,256,0.5,0,1,0,-0.0002577211707830429,247,0.22009176629808017,0.7832906583706655,0.2809835199054925,0.001394700139470014,0.09344490934449093,0.014925373134328358
trec-covid-chrono-r5,17,balanced,512,256,256,512,0.5,0,4,0,-0.0008016433566808701,491,0.4904245355908655,0.7832906583706655,0.6261079847562652,0.005578800557880056,0.09344490934449093,0.05970149253731343
trec-covid-chrono-r5,17,balanced,1024,512,512,1024,0.5,0,8,0,-1.025572419166565e-05,950,0.7399989878195519,0.7832906583706655,0.9447310266138431,0.011157601115760111,0.09344490934449093,0.11940298507462686
trec-covid-chrono-r5,17,balanced,2048,1024,1024,2048,0.5,0,10,0,-1.1578202247619629e-05,1834,0.7832906583706655,0.7832906583706655,1.0,0.01394700139470014,0.09344490934449093,0.1492537313432836
trec-covid-chrono-r5,17,balanced,4096,2048,2048,4096,0.5,0,14,0,-9.104050695896149e-05,3606,0.7832906583706655,0.7832906583706655,1.0,0.019525801952580194,0.09344490934449093,0.208955223880597
trec-covid-chrono-r5,17,balanced,8192,4096,4096,8192,0.5,0,21,0,-0.00011721625924110413,7283,0.7832906583706655,0.7832906583706655,1.0,0.029288702928870293,0.09344490934449093,0.31343283582089554
trec-covid-chrono-r5,17,balanced,10000,5000,5000,10000,0.5,0,21,0,-7.422827184200287e-05,8910,0.7832906583706655,0.7832906583706655,1.0,0.029288702928870293,0.09344490934449093,0.31343283582089554
trec-covid-chrono-r5,17,blocker,128,64,64,128,0.5,0,0,0,-0.002657199278473854,126,0.0,0.7832906583706655,0.0,0.0,0.09344490934449093,0.0
trec-covid-chrono-r5,17,blocker,256,128,128,256,0.5,0,1,0,-0.0002577211707830429,247,0.22009176629808017,0.7832906583706655,0.2809835199054925,0.001394700139470014,0.09344490934449093,0.014925373134328358
trec-covid-chrono-r5,17,blocker,512,256,256,512,0.5,0,4,0,-0.0008016433566808701,491,0.4904245355908655,0.7832906583706655,0.6261079847562652,0.005578800557880056,0.09344490934449093,0.05970149253731343
trec-covid-chrono-r5,17,blocker,1024,448,576,1024,0.4375,128,9,0,-0.0003578290343284607,948,0.7620837289710148,0.7832906583706655,0.9729258492067766,0.012552301255230125,0.09344490934449093,0.13432835820895522
trec-covid-chrono-r5,17,blocker,2048,896,1152,2048,0.4375,256,11,0,-0.00047010183334350586,1827,0.7832906583706655,0.7832906583706655,1.0,0.015341701534170154,0.09344490934449093,0.16417910447761194
trec-covid-chrono-r5,17,blocker,4096,2240,1856,4096,0.546875,384,14,0,-5.143880844116211e-05,3634,0.7832906583706655,0.7832906583706655,1.0,0.019525801952580194,0.09344490934449093,0.208955223880597
trec-covid-chrono-r5,17,blocker,8192,5000,3192,8192,0.6103515625,1808,21,0,-7.422827184200287e-05,7293,0.7832906583706655,0.7832906583706655,1.0,0.029288702928870293,0.09344490934449093,0.31343283582089554
trec-covid-chrono-r5,17,blocker,10000,5000,5000,10000,0.5,0,21,0,-7.422827184200287e-05,8910,0.7832906583706655,0.7832906583706655,1.0,0.029288702928870293,0.09344490934449093,0.31343283582089554
trec-covid-chrono-r5,18,balanced,128,64,64,128,0.5,0,1,0,-0.005240928381681442,125,0.22009176629808017,0.7921552646539017,0.27783917638196826,0.0015015015015015015,0.09009009009009009,0.016666666666666666
trec-covid-chrono-r5,18,balanced,256,128,128,256,0.5,0,1,0,-0.002495560795068741,249,0.22009176629808017,0.7921552646539017,0.27783917638196826,0.0015015015015015015,0.09009009009009009,0.016666666666666666
trec-covid-chrono-r5,18,balanced,512,256,256,512,0.5,0,1,0,-0.0003409702330827713,481,0.22009176629808017,0.7921552646539017,0.27783917638196826,0.0015015015015015015,0.09009009009009009,0.016666666666666666
trec-covid-chrono-r5,18,balanced,1024,512,512,1024,0.5,0,7,0,-6.074085831642151e-06,943,0.6591032545181728,0.7921552646539017,0.8320379651912554,0.009009009009009009,0.09009009009009009,0.1
trec-covid-chrono-r5,18,balanced,2048,1024,1024,2048,0.5,0,14,0,-0.00055716373026371,1851,0.7921552646539017,0.7921552646539017,1.0,0.018018018018018018,0.09009009009009009,0.2
trec-covid-chrono-r5,18,balanced,4096,2048,2048,4096,0.5,0,18,0,-1.814216375350952e-05,3694,0.7921552646539017,0.7921552646539017,1.0,0.021021021021021023,0.09009009009009009,0.23333333333333336
trec-covid-chrono-r5,18,balanced,8192,4096,4096,8192,0.5,0,22,0,-0.0001258663833141327,7257,0.7921552646539017,0.7921552646539017,1.0,0.024024024024024024,0.09009009009009009,0.26666666666666666
trec-covid-chrono-r5,18,balanced,10000,5000,5000,10000,0.5,0,22,0,-8.287839591503143e-05,8919,0.7921552646539017,0.7921552646539017,1.0,0.024024024024024024,0.09009009009009009,0.26666666666666666
trec-covid-chrono-r5,18,blocker,128,64,64,128,0.5,0,1,0,-0.005240928381681442,125,0.22009176629808017,0.7921552646539017,0.27783917638196826,0.0015015015015015015,0.09009009009009009,0.016666666666666666
trec-covid-chrono-r5,18,blocker,256,128,128,256,0.5,0,1,0,-0.002495560795068741,249,0.22009176629808017,0.7921552646539017,0.27783917638196826,0.0015015015015015015,0.09009009009009009,0.016666666666666666
trec-covid-chrono-r5,18,blocker,512,256,256,512,0.5,0,1,0,-0.0003409702330827713,481,0.22009176629808017,0.7921552646539017,0.27783917638196826,0.0015015015015015015,0.09009009009009009,0.016666666666666666
trec-covid-chrono-r5,18,blocker,1024,448,576,1024,0.4375,128,8,0,-9.216740727424622e-05,951,0.7285344764549501,0.7921552646539017,0.9196864667348413,0.010510510510510511,0.09009009009009009,0.11666666666666668
trec-covid-chrono-r5,18,blocker,2048,1216,832,2048,0.59375,384,15,0,-5.46872615814209e-05,1858,0.7921552646539017,0.7921552646539017,1.0,0.018018018018018018,0.09009009009009009,0.2
trec-covid-chrono-r5,18,blocker,4096,2048,2048,4096,0.5,0,18,0,-1.814216375350952e-05,3694,0.7921552646539017,0.7921552646539017,1.0,0.021021021021021023,0.09009009009009009,0.23333333333333336
trec-covid-chrono-r5,18,blocker,8192,5000,3192,8192,0.6103515625,1808,20,0,-0.00019762851297855377,7403,0.7921552646539017,0.7921552646539017,1.0,0.024024024024024024,0.09009009009009009,0.26666666666666666
trec-covid-chrono-r5,18,blocker,10000,5000,5000,10000,0.5,0,22,0,-8.287839591503143e-05,8919,0.7921552646539017,0.7921552646539017,1.0,0.024024024024024024,0.09009009009009009,0.26666666666666666
trec-covid-chrono-r5,19,balanced,128,64,64,128,0.5,0,17,0,-0.0065628644078969955,109,0.7224117241296841,0.7224117241296841,1.0,0.11965811965811966,0.23076923076923078,0.5185185185185185
trec-covid-chrono-r5,19,balanced,256,128,128,256,0.5,0,17,0,-0.0024701859802007675,227,0.7224117241296841,0.7224117241296841,1.0,0.11965811965811966,0.23076923076923078,0.5185185185185185
trec-covid-chrono-r5,19,balanced,512,256,256,512,0.5,0,17,0,-0.00011369585990905762,455,0.7224117241296841,0.7224117241296841,1.0,0.11965811965811966,0.23076923076923078,0.5185185185185185
trec-covid-chrono-r5,19,balanced,1024,512,512,1024,0.5,0,25,0,-2.1591782569885254e-05,948,0.7224117241296841,0.7224117241296841,1.0,0.13675213675213677,0.23076923076923078,0.5925925925925927
trec-covid-chrono-r5,19,balanced,2048,1024,1024,2048,0.5,0,28,0,-1.156143844127655e-05,1914,0.7224117241296841,0.7224117241296841,1.0,0.13675213675213677,0.23076923076923078,0.5925925925925927
trec-covid-chrono-r5,19,balanced,4096,2048,2048,4096,0.5,0,36,0,-7.374212145805359e-05,3871,0.7224117241296841,0.7224117241296841,1.0,0.13675213675213677,0.23076923076923078,0.5925925925925927
trec-covid-chrono-r5,19,balanced,8192,4096,4096,8192,0.5,0,58,0,-5.920138210058212e-05,7708,0.7224117241296841,0.7224117241296841,1.0,0.1794871794871795,0.23076923076923078,0.7777777777777778
trec-covid-chrono-r5,19,balanced,10000,5000,5000,10000,0.5,0,58,0,-1.621432602405548e-05,9419,0.7224117241296841,0.7224117241296841,1.0,0.1794871794871795,0.23076923076923078,0.7777777777777778
trec-covid-chrono-r5,19,blocker,128,64,64,128,0.5,0,17,0,-0.0065628644078969955,109,0.7224117241296841,0.7224117241296841,1.0,0.11965811965811966,0.23076923076923078,0.5185185185185185
trec-covid-chrono-r5,19,blocker,256,128,128,256,0.5,0,17,0,-0.0024701859802007675,227,0.7224117241296841,0.7224117241296841,1.0,0.11965811965811966,0.23076923076923078,0.5185185185185185
trec-covid-chrono-r5,19,blocker,512,256,256,512,0.5,0,17,0,-0.00011369585990905762,455,0.7224117241296841,0.7224117241296841,1.0,0.11965811965811966,0.23076923076923078,0.5185185185185185
trec-covid-chrono-r5,19,blocker,1024,384,640,1024,0.375,256,28,0,-0.0005176234990358353,938,0.7224117241296841,0.7224117241296841,1.0,0.13675213675213677,0.23076923076923078,0.5925925925925927
trec-covid-chrono-r5,19,blocker,2048,384,1664,2048,0.1875,1280,35,0,-1.4569610357284546e-05,1941,0.7224117241296841,0.7224117241296841,1.0,0.13675213675213677,0.23076923076923078,0.5925925925925927
trec-covid-chrono-r5,19,blocker,4096,1600,2496,4096,0.390625,896,56,0,-0.00034484174102544785,3857,0.7224117241296841,0.7224117241296841,1.0,0.1794871794871795,0.23076923076923078,0.7777777777777778
trec-covid-chrono-r5,19,blocker,8192,5000,3192,8192,0.6103515625,1808,58,0,-1.621432602405548e-05,7711,0.7224117241296841,0.7224117241296841,1.0,0.1794871794871795,0.23076923076923078,0.7777777777777778
trec-covid-chrono-r5,19,blocker,10000,5000,5000,10000,0.5,0,58,0,-1.621432602405548e-05,9419,0.7224117241296841,0.7224117241296841,1.0,0.1794871794871795,0.23076923076923078,0.7777777777777778
trec-covid-chrono-r5,20,balanced,128,64,64,128,0.5,0,8,0,-0.0003082491457462311,116,0.8701249883466592,1.0,0.8701249883466592,0.010568031704095112,0.1215323645970938,0.08695652173913043
trec-covid-chrono-r5,20,balanced,256,128,128,256,0.5,0,12,0,-0.0002869274467229843,220,1.0,1.0,1.0,0.015852047556142668,0.1215323645970938,0.13043478260869565
trec-covid-chrono-r5,20,balanced,512,256,256,512,0.5,0,21,0,-0.0003008320927619934,414,1.0,1.0,1.0,0.026420079260237782,0.1215323645970938,0.21739130434782608
trec-covid-chrono-r5,20,balanced,1024,512,512,1024,0.5,0,50,0,-0.000408136285841465,804,1.0,1.0,1.0,0.062087186261558784,0.1215323645970938,0.5108695652173912
trec-covid-chrono-r5,20,balanced,2048,1024,1024,2048,0.5,0,53,0,-9.065493941307068e-06,1582,1.0,1.0,1.0,0.06605019815059446,0.1215323645970938,0.5434782608695653
trec-covid-chrono-r5,20,balanced,4096,2048,2048,4096,0.5,0,100,1,-inf,3274,1.0,1.0,1.0,0.1215323645970938,0.1215323645970938,1.0
trec-covid-chrono-r5,20,balanced,8192,4096,4096,8192,0.5,0,100,1,-inf,6702,1.0,1.0,1.0,0.1215323645970938,0.1215323645970938,1.0
trec-covid-chrono-r5,20,balanced,10000,5000,5000,10000,0.5,0,100,1,-inf,8185,1.0,1.0,1.0,0.1215323645970938,0.1215323645970938,1.0
trec-covid-chrono-r5,20,blocker,128,64,64,128,0.5,0,8,0,-0.0003082491457462311,116,0.8701249883466592,1.0,0.8701249883466592,0.010568031704095112,0.1215323645970938,0.08695652173913043
trec-covid-chrono-r5,20,blocker,256,128,128,256,0.5,0,12,0,-0.0002869274467229843,220,1.0,1.0,1.0,0.015852047556142668,0.1215323645970938,0.13043478260869565
trec-covid-chrono-r5,20,blocker,512,256,256,512,0.5,0,21,0,-0.0003008320927619934,414,1.0,1.0,1.0,0.026420079260237782,0.1215323645970938,0.21739130434782608
trec-covid-chrono-r5,20,blocker,1024,704,320,1024,0.6875,384,51,0,-9.05059278011322e-05,816,1.0,1.0,1.0,0.06340819022457067,0.1215323645970938,0.5217391304347826
trec-covid-chrono-r5,20,blocker,2048,1600,448,2048,0.78125,1152,55,0,-4.7528184950351715e-05,1728,1.0,1.0,1.0,0.06869220607661823,0.1215323645970938,0.5652173913043478
trec-covid-chrono-r5,20,blocker,4096,2048,2048,4096,0.5,0,100,1,-inf,3274,1.0,1.0,1.0,0.1215323645970938,0.1215323645970938,1.0
trec-covid-chrono-r5,20,blocker,8192,4096,4096,8192,0.5,0,100,1,-inf,6702,1.0,1.0,1.0,0.1215323645970938,0.1215323645970938,1.0
trec-covid-chrono-r5,20,blocker,10000,5000,5000,10000,0.5,0,100,1,-inf,8185,1.0,1.0,1.0,0.1215323645970938,0.1215323645970938,1.0
trec-covid-chrono-r5,21,balanced,128,64,64,128,0.5,0,11,0,-0.004003413021564484,113,0.8357804136936718,0.8357804136936718,1.0,0.0136986301369863,0.0791476407914764,0.17307692307692307
trec-covid-chrono-r5,21,balanced,256,128,128,256,0.5,0,11,0,-0.0005775615572929382,222,0.8357804136936718,0.8357804136936718,1.0,0.0136986301369863,0.0791476407914764,0.17307692307692307
trec-covid-chrono-r5,21,balanced,512,256,256,512,0.5,0,15,0,-0.0004082825034856796,456,0.8357804136936718,0.8357804136936718,1.0,0.0197869101978691,0.0791476407914764,0.25
trec-covid-chrono-r5,21,balanced,1024,512,512,1024,0.5,0,21,0,-2.5752931833267212e-05,911,0.8357804136936718,0.8357804136936718,1.0,0.0273972602739726,0.0791476407914764,0.34615384615384615
trec-covid-chrono-r5,21,balanced,2048,1024,1024,2048,0.5,0,24,0,-0.0001841466873884201,1816,0.8357804136936718,0.8357804136936718,1.0,0.0319634703196347,0.0791476407914764,0.40384615384615385
trec-covid-chrono-r5,21,balanced,4096,2048,2048,4096,0.5,0,25,0,-0.00022599659860134125,3631,0.8357804136936718,0.8357804136936718,1.0,0.0319634703196347,0.0791476407914764,0.40384615384615385
trec-covid-chrono-r5,21,balanced,8192,4096,4096,8192,0.5,0,26,0,-3.626197576522827e-05,7178,0.8357804136936718,0.8357804136936718,1.0,0.0319634703196347,0.0791476407914764,0.40384615384615385
trec-covid-chrono-r5,21,balanced,10000,5000,5000,10000,0.5,0,28,0,-9.492039680480957e-06,8750,0.8357804136936718,0.8357804136936718,1.0,0.0319634703196347,0.0791476407914764,0.40384615384615385
trec-covid-chrono-r5,21,blocker,128,64,64,128,0.5,0,11,0,-0.004003413021564484,113,0.8357804136936718,0.8357804136936718,1.0,0.0136986301369863,0.0791476407914764,0.17307692307692307
trec-covid-chrono-r5,21,blocker,256,128,128,256,0.5,0,11,0,-0.0005775615572929382,222,0.8357804136936718,0.8357804136936718,1.0,0.0136986301369863,0.0791476407914764,0.17307692307692307
trec-covid-chrono-r5,21,blocker,512,192,320,512,0.375,128,16,0,-6.780028343200684e-07,458,0.8357804136936718,0.8357804136936718,1.0,0.0213089802130898,0.0791476407914764,0.2692307692307692
trec-covid-chrono-r5,21,blocker,1024,320,704,1024,0.3125,384,23,0,-9.545311331748962e-05,921,0.8357804136936718,0.8357804136936718,1.0,0.030441400304414,0.0791476407914764,0.38461538461538464
trec-covid-chrono-r5,21,blocker,2048,512,1536,2048,0.25,1024,25,0,-0.0004222113639116287,1862,0.8357804136936718,0.8357804136936718,1.0,0.0319634703196347,0.0791476407914764,0.40384615384615385
trec-covid-chrono-r5,21,blocker,4096,640,3456,4096,0.15625,2816,25,0,-3.602728247642517e-05,3789,0.8357804136936718,0.8357804136936718,1.0,0.0319634703196347,0.0791476407914764,0.40384615384615385
trec-covid-chrono-r5,21,blocker,8192,3192,5000,8192,0.3896484375,1808,28,0,-9.492039680480957e-06,7193,0.8357804136936718,0.8357804136936718,1.0,0.0319634703196347,0.0791476407914764,0.40384615384615385
trec-covid-chrono-r5,21,blocker,10000,5000,5000,10000,0.5,0,28,0,-9.492039680480957e-06,8750,0.8357804136936718,0.8357804136936718,1.0,0.0319634703196347,0.0791476407914764,0.40384615384615385
trec-covid-chrono-r5,22,balanced,128,64,64,128,0.5,0,6,0,-0.002247920259833336,112,0.7273298443105218,1.0,0.7273298443105218,0.010084033613445379,0.1226890756302521,0.08219178082191782
trec-covid-chrono-r5,22,balanced,256,128,128,256,0.5,0,11,0,-0.00013370253145694733,224,1.0,1.0,1.0,0.018487394957983194,0.1226890756302521,0.15068493150684933
trec-covid-chrono-r5,22,balanced,512,256,256,512,0.5,0,16,0,-0.00047476403415203094,445,1.0,1.0,1.0,0.025210084033613446,0.1226890756302521,0.20547945205479454
trec-covid-chrono-r5,22,balanced,1024,512,512,1024,0.5,0,20,0,-6.629526615142822e-05,908,1.0,1.0,1.0,0.031932773109243695,0.1226890756302521,0.2602739726027397
trec-covid-chrono-r5,22,balanced,2048,1024,1024,2048,0.5,0,22,0,-0.0006968025118112564,1813,1.0,1.0,1.0,0.03361344537815126,0.1226890756302521,0.273972602739726
trec-covid-chrono-r5,22,balanced,4096,2048,2048,4096,0.5,0,30,0,-0.00024165399372577667,3531,1.0,1.0,1.0,0.047058823529411764,0.1226890756302521,0.3835616438356165
trec-covid-chrono-r5,22,balanced,8192,4096,4096,8192,0.5,0,30,0,-7.886439561843872e-06,6956,1.0,1.0,1.0,0.047058823529411764,0.1226890756302521,0.3835616438356165
trec-covid-chrono-r5,22,balanced,10000,5000,5000,10000,0.5,0,43,0,-0.00011583510786294937,8466,1.0,1.0,1.0,0.06554621848739496,0.1226890756302521,0.5342465753424658
trec-covid-chrono-r5,22,blocker,128,64,64,128,0.5,0,6,0,-0.002247920259833336,112,0.7273298443105218,1.0,0.7273298443105218,0.010084033613445379,0.1226890756302521,0.08219178082191782
trec-covid-chrono-r5,22,blocker,256,128,128,256,0.5,0,11,0,-0.00013370253145694733,224,1.0,1.0,1.0,0.018487394957983194,0.1226890756302521,0.15068493150684933
trec-covid-chrono-r5,22,blocker,512,256,256,512,0.5,0,16,0,-0.00047476403415203094,445,1.0,1.0,1.0,0.025210084033613446,0.1226890756302521,0.20547945205479454
trec-covid-chrono-r5,22,blocker,1024,512,512,1024,0.5,0,20,0,-6.629526615142822e-05,908,1.0,1.0,1.0,0.031932773109243695,0.1226890756302521,0.2602739726027397
trec-covid-chrono-r5,22,blocker,2048,1024,1024,2048,0.5,0,22,0,-0.0006968025118112564,1813,1.0,1.0,1.0,0.03361344537815126,0.1226890756302521,0.273972602739726
trec-covid-chrono-r5,22,blocker,4096,2560,1536,4096,0.625,1024,30,0,-0.00015345215797424316,3578,1.0,1.0,1.0,0.047058823529411764,0.1226890756302521,0.3835616438356165
trec-covid-chrono-r5,22,blocker,8192,4544,3648,8192,0.5546875,896,34,0,-0.00016227830201387405,7012,1.0,1.0,1.0,0.05378151260504202,0.1226890756302521,0.4383561643835617
trec-covid-chrono-r5,22,blocker,10000,5000,5000,10000,0.5,0,43,0,-0.00011583510786294937,8466,1.0,1.0,1.0,0.06554621848739496,0.1226890756302521,0.5342465753424658
trec-covid-chrono-r5,23,balanced,128,64,64,128,0.5,0,3,0,-0.00354745052754879,123,0.46900009332067477,0.8623893785099407,0.5438379750583496,0.007594936708860759,0.14177215189873418,0.05357142857142857
trec-covid-chrono-r5,23,balanced,256,128,128,256,0.5,0,5,0,-0.0008020829409360886,235,0.6489315753318465,0.8623893785099407,0.7524809459656006,0.012658227848101266,0.14177215189873418,0.08928571428571427
trec-covid-chrono-r5,23,balanced,512,256,256,512,0.5,0,6,0,-0.0010297149419784546,461,0.7273298443105218,0.8623893785099407,0.8433891493042525,0.015189873417721518,0.14177215189873418,0.10714285714285714
trec-covid-chrono-r5,23,balanced,1024,512,512,1024,0.5,0,8,0,-4.537403583526611e-06,935,0.774928225655901,0.8623893785099407,0.8985827573558972,0.020253164556962026,0.14177215189873418,0.14285714285714285
trec-covid-chrono-r5,23,balanced,2048,1024,1024,2048,0.5,0,13,0,-0.00010266713798046112,1802,0.8623893785099407,0.8623893785099407,1.0,0.03291139240506329,0.14177215189873418,0.23214285714285715
trec-covid-chrono-r5,23,balanced,4096,2048,2048,4096,0.5,0,16,0,-0.00018021278083324432,3630,0.8623893785099407,0.8623893785099407,1.0,0.04050632911392405,0.14177215189873418,0.2857142857142857
trec-covid-chrono-r5,23,balanced,8192,4096,4096,8192,0.5,0,23,0,-0.00020646676421165466,7136,0.8623893785099407,0.8623893785099407,1.0,0.053164556962025315,0.14177215189873418,0.375
trec-covid-chrono-r5,23,balanced,10000,5000,5000,10000,0.5,0,23,0,-0.0001634787768125534,8704,0.8623893785099407,0.8623893785099407,1.0,0.053164556962025315,0.14177215189873418,0.375
trec-covid-chrono-r5,23,blocker,128,64,64,128,0.5,0,3,0,-0.00354745052754879,123,0.46900009332067477,0.8623893785099407,0.5438379750583496,0.007594936708860759,0.14177215189873418,0.05357142857142857
trec-covid-chrono-r5,23,blocker,256,128,128,256,0.5,0,5,0,-0.0008020829409360886,235,0.6489315753318465,0.8623893785099407,0.7524809459656006,0.012658227848101266,0.14177215189873418,0.08928571428571427
trec-covid-chrono-r5,23,blocker,512,256,256,512,0.5,0,6,0,-0.0010297149419784546,461,0.7273298443105218,0.8623893785099407,0.8433891493042525,0.015189873417721518,0.14177215189873418,0.10714285714285714
trec-covid-chrono-r5,23,blocker,1024,384,640,1024,0.375,256,10,0,-2.561137080192566e-06,941,0.8623893785099407,0.8623893785099407,1.0,0.02531645569620253,0.14177215189873418,0.17857142857142855
trec-covid-chrono-r5,23,blocker,2048,640,1408,2048,0.3125,768,16,0,-0.0003870278596878052,1844,0.8623893785099407,0.8623893785099407,1.0,0.04050632911392405,0.14177215189873418,0.2857142857142857
trec-covid-chrono-r5,23,blocker,4096,896,3200,4096,0.21875,2304,16,0,-1.2576580047607422e-05,3746,0.8623893785099407,0.8623893785099407,1.0,0.04050632911392405,0.14177215189873418,0.2857142857142857
trec-covid-chrono-r5,23,blocker,8192,4672,3520,8192,0.5703125,1152,23,0,-0.00017717666923999786,7205,0.8623893785099407,0.8623893785099407,1.0,0.053164556962025315,0.14177215189873418,0.375
trec-covid-chrono-r5,23,blocker,10000,5000,5000,10000,0.5,0,23,0,-0.0001634787768125534,8704,0.8623893785099407,0.8623893785099407,1.0,0.053164556962025315,0.14177215189873418,0.375
trec-covid-chrono-r5,24,balanced,128,64,64,128,0.5,0,3,0,-0.001689111813902855,120,0.3956361712213147,0.92663607790064,0.4269596022180106,0.006666666666666667,0.1511111111111111,0.04411764705882353
trec-covid-chrono-r5,24,balanced,256,128,128,256,0.5,0,6,0,-0.002758551388978958,239,0.6539659222111618,0.92663607790064,0.7057419172505869,0.013333333333333334,0.1511111111111111,0.08823529411764706
trec-covid-chrono-r5,24,balanced,512,256,256,512,0.5,0,8,0,-6.632506847381592e-05,457,0.7967610662472991,0.92663607790064,0.8598424832027025,0.017777777777777778,0.1511111111111111,0.11764705882352941
trec-covid-chrono-r5,24,balanced,1024,512,512,1024,0.5,0,14,0,-0.0006801970303058624,877,0.92663607790064,0.92663607790064,1.0,0.03111111111111111,0.1511111111111111,0.20588235294117646
trec-covid-chrono-r5,24,balanced,2048,1024,1024,2048,0.5,0,15,0,-0.00020610541105270386,1758,0.92663607790064,0.92663607790064,1.0,0.03333333333333333,0.1511111111111111,0.22058823529411764
trec-covid-chrono-r5,24,balanced,4096,2048,2048,4096,0.5,0,19,0,-0.00011035986244678497,3485,0.92663607790064,0.92663607790064,1.0,0.042222222222222223,0.1511111111111111,0.27941176470588236
trec-covid-chrono-r5,24,balanced,8192,4096,4096,8192,0.5,0,22,0,-7.361546158790588e-05,7090,0.92663607790064,0.92663607790064,1.0,0.04888888888888889,0.1511111111111111,0.3235294117647059
trec-covid-chrono-r5,24,balanced,10000,5000,5000,10000,0.5,0,30,0,-3.7726014852523804e-05,8544,0.92663607790064,0.92663607790064,1.0,0.06,0.1511111111111111,0.39705882352941174
trec-covid-chrono-r5,24,blocker,128,64,64,128,0.5,0,3,0,-0.001689111813902855,120,0.3956361712213147,0.92663607790064,0.4269596022180106,0.006666666666666667,0.1511111111111111,0.04411764705882353
trec-covid-chrono-r5,24,blocker,256,128,128,256,0.5,0,6,0,-0.002758551388978958,239,0.6539659222111618,0.92663607790064,0.7057419172505869,0.013333333333333334,0.1511111111111111,0.08823529411764706
trec-covid-chrono-r5,24,blocker,512,256,256,512,0.5,0,8,0,-6.632506847381592e-05,457,0.7967610662472991,0.92663607790064,0.8598424832027025,0.017777777777777778,0.1511111111111111,0.11764705882352941
trec-covid-chrono-r5,24,blocker,1024,448,576,1024,0.4375,128,14,0,-0.0005042720586061478,883,0.92663607790064,0.92663607790064,1.0,0.03111111111111111,0.1511111111111111,0.20588235294117646
trec-covid-chrono-r5,24,blocker,2048,768,1280,2048,0.375,512,15,0,-2.9865652322769165e-05,1768,0.92663607790064,0.92663607790064,1.0,0.03333333333333333,0.1511111111111111,0.22058823529411764
trec-covid-chrono-r5,24,blocker,4096,896,3200,4096,0.21875,2304,21,0,-2.6922672986984253e-05,3684,0.92663607790064,0.92663607790064,1.0,0.04666666666666667,0.1511111111111111,0.3088235294117647
trec-covid-chrono-r5,24,blocker,8192,3192,5000,8192,0.3896484375,1808,30,0,-3.7726014852523804e-05,6977,0.92663607790064,0.92663607790064,1.0,0.06,0.1511111111111111,0.39705882352941174
trec-covid-chrono-r5,24,blocker,10000,5000,5000,10000,0.5,0,30,0,-3.7726014852523804e-05,8544,0.92663607790064,0.92663607790064,1.0,0.06,0.1511111111111111,0.39705882352941174
trec-covid-chrono-r5,25,balanced,128,64,64,128,0.5,0,11,0,-0.0010796431452035904,107,0.92663607790064,0.92663607790064,1.0,0.017391304347826087,0.08869565217391304,0.19607843137254904
trec-covid-chrono-r5,25,balanced,256,128,128,256,0.5,0,15,0,-0.0001692306250333786,219,0.92663607790064,0.92663607790064,1.0,0.02434782608695652,0.08869565217391304,0.27450980392156865
trec-covid-chrono-r5,25,balanced,512,256,256,512,0.5,0,17,0,-0.0001545250415802002,456,0.92663607790064,0.92663607790064,1.0,0.02608695652173913,0.08869565217391304,0.29411764705882354
trec-covid-chrono-r5,25,balanced,1024,512,512,1024,0.5,0,20,0,-2.8673559427261353e-05,909,0.92663607790064,0.92663607790064,1.0,0.02782608695652174,0.08869565217391304,0.3137254901960785
trec-covid-chrono-r5,25,balanced,2048,1024,1024,2048,0.5,0,28,0,-7.351301610469818e-05,1767,0.92663607790064,0.92663607790064,1.0,0.03304347826086956,0.08869565217391304,0.37254901960784315
trec-covid-chrono-r5,25,balanced,4096,2048,2048,4096,0.5,0,30,0,-0.0002263672649860382,3470,0.92663607790064,0.92663607790064,1.0,0.034782608695652174,0.08869565217391304,0.3921568627450981
trec-covid-chrono-r5,25,balanced,8192,4096,4096,8192,0.5,0,41,0,-9.971391409635544e-05,6855,0.92663607790064,0.92663607790064,1.0,0.04521739130434783,0.08869565217391304,0.5098039215686275
trec-covid-chrono-r5,25,balanced,10000,5000,5000,10000,0.5,0,41,0,-5.6726858019828796e-05,8364,0.92663607790064,0.92663607790064,1.0,0.04521739130434783,0.08869565217391304,0.5098039215686275
trec-covid-chrono-r5,25,blocker,128,64,64,128,0.5,0,11,0,-0.0010796431452035904,107,0.92663607790064,0.92663607790064,1.0,0.017391304347826087,0.08869565217391304,0.19607843137254904
trec-covid-chrono-r5,25,blocker,256,128,128,256,0.5,0,15,0,-0.0001692306250333786,219,0.92663607790064,0.92663607790064,1.0,0.02434782608695652,0.08869565217391304,0.27450980392156865
trec-covid-chrono-r5,25,blocker,512,256,256,512,0.5,0,17,0,-0.0001545250415802002,456,0.92663607790064,0.92663607790064,1.0,0.02608695652173913,0.08869565217391304,0.29411764705882354
trec-covid-chrono-r5,25,blocker,1024,448,576,1024,0.4375,128,22,0,-6.571412086486816e-06,912,0.92663607790064,0.92663607790064,1.0,0.029565217391304348,0.08869565217391304,0.33333333333333337
trec-covid-chrono-r5,25,blocker,2048,512,1536,2048,0.25,1024,30,0,-0.00037854909896850586,1843,0.92663607790064,0.92663607790064,1.0,0.034782608695652174,0.08869565217391304,0.3921568627450981
trec-covid-chrono-r5,25,blocker,4096,704,3392,4096,0.171875,2688,30,0,-4.167109727859497e-05,3734,0.92663607790064,0.92663607790064,1.0,0.034782608695652174,0.08869565217391304,0.3921568627450981
trec-covid-chrono-r5,25,blocker,8192,3192,5000,8192,0.3896484375,1808,41,0,-5.6726858019828796e-05,6894,0.92663607790064,0.92663607790064,1.0,0.04521739130434783,0.08869565217391304,0.5098039215686275
trec-covid-chrono-r5,25,blocker,10000,5000,5000,10000,0.5,0,41,0,-5.6726858019828796e-05,8364,0.92663607790064,0.92663607790064,1.0,0.04521739130434783,0.08869565217391304,0.5098039215686275
trec-covid-chrono-r5,26,balanced,128,64,64,128,0.5,0,1,0,-0.001930302008986473,122,0.22009176629808017,0.7059054020403313,0.3117864881922315,0.001201923076923077,0.038461538461538464,0.03125
trec-covid-chrono-r5,26,balanced,256,128,128,256,0.5,0,3,0,-0.002970663830637932,245,0.46900009332067477,0.7059054020403313,0.664395104450382,0.003605769230769231,0.038461538461538464,0.09375
trec-covid-chrono-r5,26,balanced,512,256,256,512,0.5,0,4,0,-0.0008160732686519623,494,0.46900009332067477,0.7059054020403313,0.664395104450382,0.003605769230769231,0.038461538461538464,0.09375
trec-covid-chrono-r5,26,balanced,1024,512,512,1024,0.5,0,6,0,-0.0008372440934181213,980,0.6325414799409712,0.7059054020403313,0.8960711706025896,0.006009615384615385,0.038461538461538464,0.15625
trec-covid-chrono-r5,26,balanced,2048,1024,1024,2048,0.5,0,6,0,-1.150183379650116e-05,1987,0.6325414799409712,0.7059054020403313,0.8960711706025896,0.006009615384615385,0.038461538461538464,0.15625
trec-covid-chrono-r5,26,balanced,4096,2048,2048,4096,0.5,0,9,0,-0.00020115822553634644,3862,0.7059054020403313,0.7059054020403313,1.0,0.007211538461538462,0.038461538461538464,0.1875
trec-covid-chrono-r5,26,balanced,8192,4096,4096,8192,0.5,0,10,0,-0.00024061650037765503,7509,0.7059054020403313,0.7059054020403313,1.0,0.007211538461538462,0.038461538461538464,0.1875
trec-covid-chrono-r5,26,balanced,10000,5000,5000,10000,0.5,0,10,0,-0.00019762851297855377,9111,0.7059054020403313,0.7059054020403313,1.0,0.007211538461538462,0.038461538461538464,0.1875
trec-covid-chrono-r5,26,blocker,128,64,64,128,0.5,0,1,0,-0.001930302008986473,122,0.22009176629808017,0.7059054020403313,0.3117864881922315,0.001201923076923077,0.038461538461538464,0.03125
trec-covid-chrono-r5,26,blocker,256,128,128,256,0.5,0,3,0,-0.002970663830637932,245,0.46900009332067477,0.7059054020403313,0.664395104450382,0.003605769230769231,0.038461538461538464,0.09375
trec-covid-chrono-r5,26,blocker,512,256,256,512,0.5,0,4,0,-0.0008160732686519623,494,0.46900009332067477,0.7059054020403313,0.664395104450382,0.003605769230769231,0.038461538461538464,0.09375
trec-covid-chrono-r5,26,blocker,1024,448,576,1024,0.4375,128,6,0,-0.0007842704653739929,986,0.6325414799409712,0.7059054020403313,0.8960711706025896,0.006009615384615385,0.038461538461538464,0.15625
trec-covid-chrono-r5,26,blocker,2048,896,1152,2048,0.4375,256,7,0,-6.750784814357758e-05,1982,0.7059054020403313,0.7059054020403313,1.0,0.007211538461538462,0.038461538461538464,0.1875
trec-covid-chrono-r5,26,blocker,4096,2048,2048,4096,0.5,0,9,0,-0.00020115822553634644,3862,0.7059054020403313,0.7059054020403313,1.0,0.007211538461538462,0.038461538461538464,0.1875
trec-covid-chrono-r5,26,blocker,8192,3648,4544,8192,0.4453125,896,10,0,-0.0002172030508518219,7522,0.7059054020403313,0.7059054020403313,1.0,0.007211538461538462,0.038461538461538464,0.1875
trec-covid-chrono-r5,26,blocker,10000,5000,5000,10000,0.5,0,10,0,-0.00019762851297855377,9111,0.7059054020403313,0.7059054020403313,1.0,0.007211538461538462,0.038461538461538464,0.1875
trec-covid-chrono-r5,27,balanced,128,64,64,128,0.5,0,4,0,-0.008064515888690948,124,0.5637884576902256,0.7552869635286361,0.7464559629842598,0.004439511653718091,0.06770255271920089,0.06557377049180328
trec-covid-chrono-r5,27,balanced,256,128,128,256,0.5,0,4,0,-0.0050680432468652725,247,0.5637884576902256,0.7552869635286361,0.7464559629842598,0.004439511653718091,0.06770255271920089,0.06557377049180328
trec-covid-chrono-r5,27,balanced,512,256,256,512,0.5,0,4,0,-0.002913452684879303,486,0.5637884576902256,0.7552869635286361,0.7464559629842598,0.004439511653718091,0.06770255271920089,0.06557377049180328
trec-covid-chrono-r5,27,balanced,1024,512,512,1024,0.5,0,6,0,-0.0014971457421779633,946,0.6183022532303244,0.7552869635286361,0.8186322326307197,0.006659267480577136,0.06770255271920089,0.0983606557377049
trec-covid-chrono-r5,27,balanced,2048,1024,1024,2048,0.5,0,6,0,-0.0005104765295982361,1842,0.6183022532303244,0.7552869635286361,0.8186322326307197,0.006659267480577136,0.06770255271920089,0.0983606557377049
trec-covid-chrono-r5,27,balanced,4096,2048,2048,4096,0.5,0,6,0,-6.235204637050629e-05,3683,0.6183022532303244,0.7552869635286361,0.8186322326307197,0.006659267480577136,0.06770255271920089,0.0983606557377049
trec-covid-chrono-r5,27,balanced,8192,4096,4096,8192,0.5,0,8,0,-8.550100028514862e-05,7260,0.6916661753296844,0.7552869635286361,0.9157660713462856,0.00776914539400666,0.06770255271920089,0.11475409836065574
trec-covid-chrono-r5,27,balanced,10000,5000,5000,10000,0.5,0,8,0,-4.251301288604736e-05,8857,0.6916661753296844,0.7552869635286361,0.9157660713462856,0.00776914539400666,0.06770255271920089,0.11475409836065574
trec-covid-chrono-r5,27,blocker,128,64,64,128,0.5,0,4,0,-0.008064515888690948,124,0.5637884576902256,0.7552869635286361,0.7464559629842598,0.004439511653718091,0.06770255271920089,0.06557377049180328
trec-covid-chrono-r5,27,blocker,256,128,128,256,0.5,0,4,0,-0.0050680432468652725,247,0.5637884576902256,0.7552869635286361,0.7464559629842598,0.004439511653718091,0.06770255271920089,0.06557377049180328
trec-covid-chrono-r5,27,blocker,512,256,256,512,0.5,0,4,0,-0.002913452684879303,486,0.5637884576902256,0.7552869635286361,0.7464559629842598,0.004439511653718091,0.06770255271920089,0.06557377049180328
trec-covid-chrono-r5,27,blocker,1024,384,640,1024,0.375,256,6,0,-0.0012074969708919525,949,0.6183022532303244,0.7552869635286361,0.8186322326307197,0.006659267480577136,0.06770255271920089,0.0983606557377049
trec-covid-chrono-r5,27,blocker,2048,640,1408,2048,0.3125,768,6,0,-0.00026916712522506714,1854,0.6183022532303244,0.7552869635286361,0.8186322326307197,0.006659267480577136,0.06770255271920089,0.0983606557377049
trec-covid-chrono-r5,27,blocker,4096,896,3200,4096,0.21875,2304,7,0,-5.564279854297638e-05,3730,0.6916661753296844,0.7552869635286361,0.9157660713462856,0.00776914539400666,0.06770255271920089,0.11475409836065574
trec-covid-chrono-r5,27,blocker,8192,3192,5000,8192,0.3896484375,1808,8,0,-4.251301288604736e-05,7301,0.6916661753296844,0.7552869635286361,0.9157660713462856,0.00776914539400666,0.06770255271920089,0.11475409836065574
trec-covid-chrono-r5,27,blocker,10000,5000,5000,10000,0.5,0,8,0,-4.251301288604736e-05,8857,0.6916661753296844,0.7552869635286361,0.9157660713462856,0.00776914539400666,0.06770255271920089,0.11475409836065574
trec-covid-chrono-r5,28,balanced,128,64,64,128,0.5,0,0,0,-0.005338810384273529,127,0.0,0.9052116356304492,0.0,0.0,0.12155591572123177,0.0
trec-covid-chrono-r5,28,balanced,256,128,128,256,0.5,0,2,0,-0.00016041845083236694,228,0.3589542101716347,0.9052116356304492,0.3965417544833428,0.0032414910858995136,0.12155591572123177,0.026666666666666665
trec-covid-chrono-r5,28,balanced,512,256,256,512,0.5,0,6,0,-6.0345977544784546e-05,443,0.6325414799409712,0.9052116356304492,0.6987774516402758,0.008103727714748784,0.12155591572123177,0.06666666666666667
trec-covid-chrono-r5,28,balanced,1024,512,512,1024,0.5,0,20,0,-2.745911478996277e-05,830,0.9052116356304492,0.9052116356304492,1.0,0.024311183144246355,0.12155591572123177,0.2
trec-covid-chrono-r5,28,balanced,2048,1024,1024,2048,0.5,0,23,0,-0.00020586885511875153,1607,0.9052116356304492,0.9052116356304492,1.0,0.029173419773095625,0.12155591572123177,0.24
trec-covid-chrono-r5,28,balanced,4096,2048,2048,4096,0.5,0,38,0,-6.739608943462372e-05,3247,0.9052116356304492,0.9052116356304492,1.0,0.050243111831442464,0.12155591572123177,0.41333333333333333
trec-covid-chrono-r5,28,balanced,8192,4096,4096,8192,0.5,0,100,1,-inf,6774,0.9052116356304492,0.9052116356304492,1.0,0.12155591572123177,0.12155591572123177,1.0
trec-covid-chrono-r5,28,balanced,10000,5000,5000,10000,0.5,0,100,1,-inf,8410,0.9052116356304492,0.9052116356304492,1.0,0.12155591572123177,0.12155591572123177,1.0
trec-covid-chrono-r5,28,blocker,128,64,64,128,0.5,0,0,0,-0.005338810384273529,127,0.0,0.9052116356304492,0.0,0.0,0.12155591572123177,0.0
trec-covid-chrono-r5,28,blocker,256,128,128,256,0.5,0,2,0,-0.00016041845083236694,228,0.3589542101716347,0.9052116356304492,0.3965417544833428,0.0032414910858995136,0.12155591572123177,0.026666666666666665
trec-covid-chrono-r5,28,blocker,512,192,320,512,0.375,128,7,0,-2.6263296604156494e-05,455,0.7059054020403313,0.9052116356304492,0.7798236061655263,0.009724473257698542,0.12155591572123177,0.08
trec-covid-chrono-r5,28,blocker,1024,576,448,1024,0.5625,128,21,0,-3.4382566809654236e-05,837,0.9052116356304492,0.9052116356304492,1.0,0.02593192868719611,0.12155591572123177,0.21333333333333332
trec-covid-chrono-r5,28,blocker,2048,1088,960,2048,0.53125,128,31,0,-6.327405571937561e-05,1592,0.9052116356304492,0.9052116356304492,1.0,0.04213938411669368,0.12155591572123177,0.3466666666666666
trec-covid-chrono-r5,28,blocker,4096,1984,2112,4096,0.484375,128,45,0,-4.2710453271865845e-06,3211,0.9052116356304492,0.9052116356304492,1.0,0.05834683954619125,0.12155591572123177,0.48
trec-covid-chrono-r5,28,blocker,8192,4096,4096,8192,0.5,0,100,1,-inf,6774,0.9052116356304492,0.9052116356304492,1.0,0.12155591572123177,0.12155591572123177,1.0
trec-covid-chrono-r5,28,blocker,10000,5000,5000,10000,0.5,0,100,1,-inf,8410,0.9052116356304492,0.9052116356304492,1.0,0.12155591572123177,0.12155591572123177,1.0
trec-covid-chrono-r5,29,balanced,128,64,64,128,0.5,0,10,0,-0.00016608834266662598,112,0.8532721558012799,0.8532721558012799,1.0,0.01386748844375963,0.09553158705701079,0.14516129032258066
trec-covid-chrono-r5,29,balanced,256,128,128,256,0.5,0,13,0,-0.0001518838107585907,204,0.8532721558012799,0.8532721558012799,1.0,0.01848998459167951,0.09553158705701079,0.19354838709677422
trec-covid-chrono-r5,29,balanced,512,256,256,512,0.5,0,26,0,-0.0003349781036376953,408,0.8532721558012799,0.8532721558012799,1.0,0.032357473035439135,0.09553158705701079,0.3387096774193548
trec-covid-chrono-r5,29,balanced,1024,512,512,1024,0.5,0,36,0,-0.00015235692262649536,794,0.8532721558012799,0.8532721558012799,1.0,0.040061633281972264,0.09553158705701079,0.41935483870967744
trec-covid-chrono-r5,29,balanced,2048,1024,1024,2048,0.5,0,50,0,-0.0002739066258072853,1539,0.8532721558012799,0.8532721558012799,1.0,0.05701078582434515,0.09553158705701079,0.5967741935483871
trec-covid-chrono-r5,29,balanced,4096,2048,2048,4096,0.5,0,85,0,-0.00021236762404441833,3048,0.8532721558012799,0.8532721558012799,1.0,0.0847457627118644,0.09553158705701079,0.8870967741935484
trec-covid-chrono-r5,29,balanced,8192,4096,4096,8192,0.5,0,100,1,-inf,6080,0.8532721558012799,0.8532721558012799,1.0,0.09553158705701079,0.09553158705701079,1.0
trec-covid-chrono-r5,29,balanced,10000,5000,5000,10000,0.5,0,100,1,-inf,7431,0.8532721558012799,0.8532721558012799,1.0,0.09553158705701079,0.09553158705701079,1.0
trec-covid-chrono-r5,29,blocker,128,64,64,128,0.5,0,10,0,-0.00016608834266662598,112,0.8532721558012799,0.8532721558012799,1.0,0.01386748844375963,0.09553158705701079,0.14516129032258066
trec-covid-chrono-r5,29,blocker,256,128,128,256,0.5,0,13,0,-0.0001518838107585907,204,0.8532721558012799,0.8532721558012799,1.0,0.01848998459167951,0.09553158705701079,0.19354838709677422
trec-covid-chrono-r5,29,blocker,512,320,192,512,0.625,128,28,0,-2.4940818548202515e-05,408,0.8532721558012799,0.8532721558012799,1.0,0.03543913713405239,0.09553158705701079,0.3709677419354839
trec-covid-chrono-r5,29,blocker,1024,576,448,1024,0.5625,128,37,0,-1.3953074812889099e-05,788,0.8532721558012799,0.8532721558012799,1.0,0.04160246533127889,0.09553158705701079,0.43548387096774194
trec-covid-chrono-r5,29,blocker,2048,768,1280,2048,0.375,512,50,0,-9.7665935754776e-05,1570,0.8532721558012799,0.8532721558012799,1.0,0.05701078582434515,0.09553158705701079,0.5967741935483871
trec-covid-chrono-r5,29,blocker,4096,1920,2176,4096,0.46875,256,96,0,-0.00010043755173683167,3053,0.8532721558012799,0.8532721558012799,1.0,0.09553158705701079,0.09553158705701079,1.0
trec-covid-chrono-r5,29,blocker,8192,4096,4096,8192,0.5,0,100,1,-inf,6080,0.8532721558012799,0.8532721558012799,1.0,0.09553158705701079,0.09553158705701079,1.0
trec-covid-chrono-r5,29,blocker,10000,5000,5000,10000,0.5,0,100,1,-inf,7431,0.8532721558012799,0.8532721558012799,1.0,0.09553158705701079,0.09553158705701079,1.0
trec-covid-chrono-r5,30,balanced,128,64,64,128,0.5,0,7,0,-0.00046498142182826996,112,0.8006937664098819,1.0,0.8006937664098819,0.017326732673267328,0.2103960396039604,0.0823529411764706
trec-covid-chrono-r5,30,balanced,256,128,128,256,0.5,0,15,0,-0.0017856676131486893,200,1.0,1.0,1.0,0.03712871287128713,0.2103960396039604,0.17647058823529413
trec-covid-chrono-r5,30,balanced,512,256,256,512,0.5,0,27,0,-2.8565526008605957e-05,402,1.0,1.0,1.0,0.06683168316831684,0.2103960396039604,0.31764705882352945
trec-covid-chrono-r5,30,balanced,1024,512,512,1024,0.5,0,78,0,-6.4801424741745e-05,789,1.0,1.0,1.0,0.16584158415841585,0.2103960396039604,0.7882352941176471
trec-covid-chrono-r5,30,balanced,2048,1024,1024,2048,0.5,0,92,0,-6.856117397546768e-05,1681,1.0,1.0,1.0,0.1905940594059406,0.2103960396039604,0.9058823529411765
trec-covid-chrono-r5,30,balanced,4096,2048,2048,4096,0.5,0,100,1,-inf,3470,1.0,1.0,1.0,0.2103960396039604,0.2103960396039604,1.0
trec-covid-chrono-r5,30,balanced,8192,4096,4096,8192,0.5,0,100,1,-inf,6974,1.0,1.0,1.0,0.2103960396039604,0.2103960396039604,1.0
trec-covid-chrono-r5,30,balanced,10000,5000,5000,10000,0.5,0,100,1,-inf,8484,1.0,1.0,1.0,0.2103960396039604,0.2103960396039604,1.0
trec-covid-chrono-r5,30,blocker,128,64,64,128,0.5,0,7,0,-0.00046498142182826996,112,0.8006937664098819,1.0,0.8006937664098819,0.017326732673267328,0.2103960396039604,0.0823529411764706
trec-covid-chrono-r5,30,blocker,256,128,128,256,0.5,0,15,0,-0.0017856676131486893,200,1.0,1.0,1.0,0.03712871287128713,0.2103960396039604,0.17647058823529413
trec-covid-chrono-r5,30,blocker,512,192,320,512,0.375,128,30,0,-0.0002139117568731308,403,1.0,1.0,1.0,0.07425742574257425,0.2103960396039604,0.35294117647058826
trec-covid-chrono-r5,30,blocker,1024,512,512,1024,0.5,0,78,0,-6.4801424741745e-05,789,1.0,1.0,1.0,0.16584158415841585,0.2103960396039604,0.7882352941176471
trec-covid-chrono-r5,30,blocker,2048,1472,576,2048,0.71875,896,99,0,-2.9908493161201477e-05,1709,1.0,1.0,1.0,0.2079207920792079,0.2103960396039604,0.9882352941176471
trec-covid-chrono-r5,30,blocker,4096,2048,2048,4096,0.5,0,100,1,-inf,3470,1.0,1.0,1.0,0.2103960396039604,0.2103960396039604,1.0
trec-covid-chrono-r5,30,blocker,8192,4096,4096,8192,0.5,0,100,1,-inf,6974,1.0,1.0,1.0,0.2103960396039604,0.2103960396039604,1.0
trec-covid-chrono-r5,30,blocker,10000,5000,5000,10000,0.5,0,100,1,-inf,8484,1.0,1.0,1.0,0.2103960396039604,0.2103960396039604,1.0
