dataset,query_id,policy,batch,lower,upper,complete
msmarco-passage-trec-dl-2019,1037798,balanced,1,0.11727677171427289,0.11727677171427289,1
msmarco-passage-trec-dl-2019,1037798,balanced,64,0.11727677171427289,0.11727677171427289,1
msmarco-passage-trec-dl-2019,1037798,dibud,1,0.11727677171427289,0.22626867987422106,0
msmarco-passage-trec-dl-2019,1037798,dibud,64,0.11727677171427289,0.22626867987422106,0
msmarco-passage-trec-dl-2019,104861,balanced,1,0.2559930130711628,0.2559930130711628,1
msmarco-passage-trec-dl-2019,104861,balanced,64,0.2559930130711628,0.2559930130711628,1
msmarco-passage-trec-dl-2019,104861,dibud,1,0.2964505918568674,0.3503201556600602,0
msmarco-passage-trec-dl-2019,104861,dibud,64,0.29326978478543564,0.3471393485886284,0
msmarco-passage-trec-dl-2019,1063750,balanced,1,0.09763663912492715,0.09763663912492715,1
msmarco-passage-trec-dl-2019,1063750,balanced,64,0.09763663912492715,0.09763663912492715,1
msmarco-passage-trec-dl-2019,1063750,dibud,1,0.10081744619635892,0.20479823214205656,0
msmarco-passage-trec-dl-2019,1063750,dibud,64,0.09922704266064303,0.2032078286063407,0
msmarco-passage-trec-dl-2019,1103812,balanced,1,0.1174412163748263,0.1174412163748263,1
msmarco-passage-trec-dl-2019,1103812,balanced,64,0.1174412163748263,0.1174412163748263,1
msmarco-passage-trec-dl-2019,1103812,dibud,1,0.12744121637482625,0.21513585512420985,0
msmarco-passage-trec-dl-2019,1103812,dibud,64,0.12426040930339449,0.21195504805277807,0
msmarco-passage-trec-dl-2019,1106007,balanced,1,0.22549094542845613,0.22549094542845613,1
msmarco-passage-trec-dl-2019,1106007,balanced,64,0.22549094542845613,0.22549094542845613,1
msmarco-passage-trec-dl-2019,1106007,dibud,1,0.23423816487489352,0.3169216814100266,0
msmarco-passage-trec-dl-2019,1106007,dibud,64,0.2302621560356038,0.31294567257073685,0
msmarco-passage-trec-dl-2019,1110199,balanced,1,0.11161264796421687,0.11161264796421687,1
msmarco-passage-trec-dl-2019,1110199,balanced,64,0.11161264796421687,0.11161264796421687,1
msmarco-passage-trec-dl-2019,1110199,dibud,1,0.11366063028563742,0.21513585512420985,0
msmarco-passage-trec-dl-2019,1110199,dibud,64,0.11366063028563742,0.21513585512420985,0
msmarco-passage-trec-dl-2019,1112341,balanced,1,0.19061090123200758,0.19061090123200758,1
msmarco-passage-trec-dl-2019,1112341,balanced,64,0.19061090123200758,0.19061090123200758,1
msmarco-passage-trec-dl-2019,1112341,dibud,1,0.2003821118391552,0.28431840892785093,0
msmarco-passage-trec-dl-2019,1112341,dibud,64,0.1964061029998655,0.2803424000885612,0
msmarco-passage-trec-dl-2019,1113437,balanced,1,0.16256117217837765,0.16256117217837765,1
msmarco-passage-trec-dl-2019,1113437,balanced,64,0.16256117217837765,0.16256117217837765,1
msmarco-passage-trec-dl-2019,1113437,dibud,1,0.18733238278552533,0.2010597463566657,0
msmarco-passage-trec-dl-2019,1113437,dibud,64,0.18733238278552533,0.2010597463566657,0
msmarco-passage-trec-dl-2019,1114646,balanced,1,0.28876946387493835,0.28876946387493835,1
msmarco-passage-trec-dl-2019,1114646,balanced,64,0.28876946387493835,0.28876946387493835,1
msmarco-passage-trec-dl-2019,1114646,dibud,1,0.2983118850892337,0.37974262107080414,0
msmarco-passage-trec-dl-2019,1114646,dibud,64,0.29513107801780186,0.3765618139993724,0
msmarco-passage-trec-dl-2019,1114819,balanced,1,0.71770337241043,0.71770337241043,1
msmarco-passage-trec-dl-2019,1114819,balanced,64,0.71770337241043,0.71770337241043,1
msmarco-passage-trec-dl-2019,1114819,dibud,1,0.7479210395890319,0.7479210395890319,1
msmarco-passage-trec-dl-2019,1114819,dibud,64,0.7367882148390207,0.7367882148390207,1
msmarco-passage-trec-dl-2019,1115776,balanced,1,0.2616571368212188,0.2616571368212188,1
msmarco-passage-trec-dl-2019,1115776,balanced,64,0.2616571368212188,0.2616571368212188,1
msmarco-passage-trec-dl-2019,1115776,dibud,1,0.2664283474283665,0.27855418524954045,0
msmarco-passage-trec-dl-2019,1115776,dibud,64,0.2632475403569347,0.2753733781781087,0
msmarco-passage-trec-dl-2019,1117099,balanced,1,0.28321417371418317,0.28321417371418317,1
msmarco-passage-trec-dl-2019,1117099,balanced,64,0.28321417371418317,0.28321417371418317,1
msmarco-passage-trec-dl-2019,1117099,dibud,1,0.3001422002320524,0.3765618139993724,0
msmarco-passage-trec-dl-2019,1117099,dibud,64,0.2985517966963365,0.37497141046365645,0
msmarco-passage-trec-dl-2019,1121402,balanced,1,0.36197251537487113,0.36197251537487113,1
msmarco-passage-trec-dl-2019,1121402,balanced,64,0.36197251537487113,0.36197251537487113,1
msmarco-passage-trec-dl-2019,1121402,dibud,1,0.3787917083034393,0.39000238855320396,0
msmarco-passage-trec-dl-2019,1121402,dibud,64,0.3772013047677234,0.3884119850174881,0
msmarco-passage-trec-dl-2019,1121709,balanced,1,0.0622878939285234,0.0622878939285234,1
msmarco-passage-trec-dl-2019,1121709,balanced,64,0.0622878939285234,0.0622878939285234,1
msmarco-passage-trec-dl-2019,1121709,dibud,1,0.0622878939285234,0.1737853631955968,0
msmarco-passage-trec-dl-2019,1121709,dibud,64,0.0622878939285234,0.1737853631955968,0
msmarco-passage-trec-dl-2019,1124210,balanced,1,0.04034874519640375,0.04034874519640375,1
msmarco-passage-trec-dl-2019,1124210,balanced,64,0.04034874519640375,0.04034874519640375,1
msmarco-passage-trec-dl-2019,1124210,dibud,1,0.04034874519640375,0.06162615873167133,0
msmarco-passage-trec-dl-2019,1124210,dibud,64,0.04034874519640375,0.06162615873167133,0
msmarco-passage-trec-dl-2019,1129237,balanced,1,0.24278996157123,0.24278996157123,1
msmarco-passage-trec-dl-2019,1129237,balanced,64,0.24278996157123,0.24278996157123,1
msmarco-passage-trec-dl-2019,1129237,dibud,1,0.2698268216784001,0.28263902767813115,0
msmarco-passage-trec-dl-2019,1129237,dibud,64,0.2666460146069683,0.2794582206066994,0
msmarco-passage-trec-dl-2019,1133167,balanced,1,0.46880521907089373,0.46880521907089373,1
msmarco-passage-trec-dl-2019,1133167,balanced,64,0.46880521907089373,0.46880521907089373,1
msmarco-passage-trec-dl-2019,1133167,dibud,1,0.5292405534280974,0.5292405534280974,1
msmarco-passage-trec-dl-2019,1133167,dibud,64,0.5276501498923815,0.5276501498923815,1
msmarco-passage-trec-dl-2019,130510,balanced,1,0.29580632398210843,0.29580632398210843,1
msmarco-passage-trec-dl-2019,130510,balanced,64,0.29580632398210843,0.29580632398210843,1
msmarco-passage-trec-dl-2019,130510,dibud,1,0.3037583416606878,0.38769463874938354,0
msmarco-passage-trec-dl-2019,130510,dibud,64,0.3005775345892561,0.3845138316779518,0
msmarco-passage-trec-dl-2019,131843,balanced,1,0.09704798232142056,0.09704798232142056,1
msmarco-passage-trec-dl-2019,131843,balanced,64,0.09704798232142056,0.09704798232142056,1
msmarco-passage-trec-dl-2019,131843,dibud,1,0.09704798232142056,0.09704798232142056,1
msmarco-passage-trec-dl-2019,131843,dibud,64,0.09704798232142056,0.09704798232142056,1
msmarco-passage-trec-dl-2019,146187,balanced,1,0.4678010837854805,0.4678010837854805,1
msmarco-passage-trec-dl-2019,146187,balanced,64,0.4678010837854805,0.4678010837854805,1
msmarco-passage-trec-dl-2019,146187,dibud,1,0.4932475403569347,0.5308309569638134,0
msmarco-passage-trec-dl-2019,146187,dibud,64,0.48529552267835524,0.522878939285234,0
msmarco-passage-trec-dl-2019,148538,balanced,1,0.4886852632673424,0.4886852632673424,1
msmarco-passage-trec-dl-2019,148538,balanced,64,0.4886852632673424,0.4886852632673424,1
msmarco-passage-trec-dl-2019,148538,dibud,1,0.5189029304459442,0.5189029304459442,1
msmarco-passage-trec-dl-2019,148538,dibud,64,0.5109509127673647,0.5109509127673647,1
msmarco-passage-trec-dl-2019,156493,balanced,1,0.7137273635711403,0.7137273635711403,1
msmarco-passage-trec-dl-2019,156493,balanced,64,0.7137273635711403,0.7137273635711403,1
msmarco-passage-trec-dl-2019,156493,dibud,1,0.743945030749742,0.743945030749742,1
msmarco-passage-trec-dl-2019,156493,dibud,64,0.7407642236783104,0.7407642236783104,1
msmarco-passage-trec-dl-2019,168216,balanced,1,0.7845003209104973,0.7845003209104973,1
msmarco-passage-trec-dl-2019,168216,balanced,64,0.7845003209104973,0.7845003209104973,1
msmarco-passage-trec-dl-2019,168216,dibud,1,0.7972235491962244,0.7972235491962244,1
msmarco-passage-trec-dl-2019,168216,dibud,64,0.7845003209104973,0.7845003209104973,1
msmarco-passage-trec-dl-2019,182539,balanced,1,0.378649508071387,0.378649508071387,1
msmarco-passage-trec-dl-2019,182539,balanced,64,0.378649508071387,0.378649508071387,1
msmarco-passage-trec-dl-2019,182539,dibud,1,0.3834207186785346,0.4560819907851667,0
msmarco-passage-trec-dl-2019,182539,dibud,64,0.3818303151428186,0.4544915872494508,0
msmarco-passage-trec-dl-2019,183378,balanced,1,0.3264283474283664,0.3264283474283664,1
msmarco-passage-trec-dl-2019,183378,balanced,64,0.3264283474283664,0.3264283474283664,1
msmarco-passage-trec-dl-2019,183378,dibud,1,0.3655354342854581,0.374229431213847,0
msmarco-passage-trec-dl-2019,183378,dibud,64,0.3623546272140263,0.37104862414241524,0
msmarco-passage-trec-dl-2019,19335,balanced,1,0.16274547271422807,0.16274547271422807,1
msmarco-passage-trec-dl-2019,19335,balanced,64,0.16274547271422807,0.16274547271422807,1
msmarco-passage-trec-dl-2019,19335,dibud,1,0.1651310780178019,0.2628479611956865,0
msmarco-passage-trec-dl-2019,19335,dibud,64,0.16274547271422807,0.26046235589211264,0
msmarco-passage-trec-dl-2019,207786,balanced,1,0.2825500499641272,0.2825500499641272,1
msmarco-passage-trec-dl-2019,207786,balanced,64,0.2825500499641272,0.2825500499641272,1
msmarco-passage-trec-dl-2019,207786,dibud,1,0.2984540853212861,0.2984540853212861,1
msmarco-passage-trec-dl-2019,207786,dibud,64,0.2936828747141384,0.2936828747141384,1
msmarco-passage-trec-dl-2019,264014,balanced,1,0.48906498655329367,0.48906498655329367,1
msmarco-passage-trec-dl-2019,264014,balanced,64,0.48906498655329367,0.48906498655329367,1
msmarco-passage-trec-dl-2019,264014,dibud,1,0.5271480822496749,0.5459397905531143,0
msmarco-passage-trec-dl-2019,264014,dibud,64,0.5191960645710956,0.5379877728745348,0
msmarco-passage-trec-dl-2019,359349,balanced,1,0.6970281264461234,0.6970281264461234,1
msmarco-passage-trec-dl-2019,359349,balanced,64,0.6970281264461234,0.6970281264461234,1
msmarco-passage-trec-dl-2019,359349,dibud,1,0.7002089335175553,0.7002089335175553,1
msmarco-passage-trec-dl-2019,359349,dibud,64,0.6970281264461234,0.6970281264461234,1
msmarco-passage-trec-dl-2019,405717,balanced,1,0.7169081706425721,0.7169081706425721,1
msmarco-passage-trec-dl-2019,405717,balanced,64,0.7169081706425721,0.7169081706425721,1
msmarco-passage-trec-dl-2019,405717,dibud,1,0.7773435049997758,0.7773435049997758,1
msmarco-passage-trec-dl-2019,405717,dibud,64,0.7630298731783328,0.7630298731783328,1
msmarco-passage-trec-dl-2019,443396,balanced,1,0.09251668332137573,0.09251668332137573,1
msmarco-passage-trec-dl-2019,443396,balanced,64,0.09251668332137573,0.09251668332137573,1
msmarco-passage-trec-dl-2019,443396,dibud,1,0.0956974903928075,0.11514458878525637,0
msmarco-passage-trec-dl-2019,443396,dibud,64,0.09410708685709161,0.11355418524954047,0
msmarco-passage-trec-dl-2019,451602,balanced,1,0.3850023885532039,0.3850023885532039,1
msmarco-passage-trec-dl-2019,451602,balanced,64,0.3850023885532039,0.3850023885532039,1
msmarco-passage-trec-dl-2019,451602,dibud,1,0.4382809069996861,0.4696004208387517,0
msmarco-passage-trec-dl-2019,451602,dibud,64,0.3897735991603516,0.42109311299941715,0
msmarco-passage-trec-dl-2019,47923,balanced,1,0.560024632981705,0.560024632981705,1
msmarco-passage-trec-dl-2019,47923,balanced,64,0.560024632981705,0.560024632981705,1
msmarco-passage-trec-dl-2019,47923,dibud,1,0.6063751249103179,0.6063751249103179,1
msmarco-passage-trec-dl-2019,47923,dibud,64,0.6008087125353122,0.6008087125353122,1
msmarco-passage-trec-dl-2019,489204,balanced,1,0.17821417371418322,0.17821417371418322,1
msmarco-passage-trec-dl-2019,489204,balanced,64,0.17821417371418322,0.17821417371418322,1
msmarco-passage-trec-dl-2019,489204,dibud,1,0.18934699846419445,0.2795471983207033,0
msmarco-passage-trec-dl-2019,489204,dibud,64,0.18616619139276266,0.2763663912492715,0
msmarco-passage-trec-dl-2019,490595,balanced,1,0.7033897405889871,0.7033897405889871,1
msmarco-passage-trec-dl-2019,490595,balanced,64,0.7033897405889871,0.7033897405889871,1
msmarco-passage-trec-dl-2019,490595,dibud,1,0.774162697928344,0.774162697928344,1
msmarco-passage-trec-dl-2019,490595,dibud,64,0.7495114431247478,0.7495114431247478,1
msmarco-passage-trec-dl-2019,527433,balanced,1,0.2554401114636117,0.2554401114636117,1
msmarco-passage-trec-dl-2019,527433,balanced,64,0.2554401114636117,0.2554401114636117,1
msmarco-passage-trec-dl-2019,527433,dibud,1,0.3654067448208601,0.3741762086957985,0
msmarco-passage-trec-dl-2019,527433,dibud,64,0.36143073598157044,0.3702001998565088,0
msmarco-passage-trec-dl-2019,573724,balanced,1,0.6728122059997309,0.6728122059997309,1
msmarco-passage-trec-dl-2019,573724,balanced,64,0.6728122059997309,0.6728122059997309,1
msmarco-passage-trec-dl-2019,573724,dibud,1,0.7093914873211963,0.716908170642572,0
msmarco-passage-trec-dl-2019,573724,dibud,64,0.701439469642617,0.7089561529639927,0
msmarco-passage-trec-dl-2019,833860,balanced,1,0.25140610299986543,0.25140610299986543,1
msmarco-passage-trec-dl-2019,833860,balanced,64,0.25140610299986543,0.25140610299986543,1
msmarco-passage-trec-dl-2019,833860,dibud,1,0.2572013047677234,0.33362091853504344,0
msmarco-passage-trec-dl-2019,833860,dibud,64,0.2556109012320075,0.3320305149993275,0
msmarco-passage-trec-dl-2019,855410,balanced,1,0.05022878939285234,0.05022878939285234,1
msmarco-passage-trec-dl-2019,855410,balanced,64,0.05022878939285234,0.05022878939285234,1
msmarco-passage-trec-dl-2019,855410,dibud,1,0.05022878939285234,0.07173499232097226,0
msmarco-passage-trec-dl-2019,855410,dibud,64,0.05022878939285234,0.07173499232097226,0
msmarco-passage-trec-dl-2019,87181,balanced,1,0.49817207341038516,0.49817207341038516,1
msmarco-passage-trec-dl-2019,87181,balanced,64,0.49817207341038516,0.49817207341038516,1
msmarco-passage-trec-dl-2019,87181,dibud,1,0.5520726153031255,0.5520726153031255,1
msmarco-passage-trec-dl-2019,87181,dibud,64,0.5504822117674097,0.5504822117674097,1
msmarco-passage-trec-dl-2019,87452,balanced,1,0.36621068024976455,0.36621068024976455,1
msmarco-passage-trec-dl-2019,87452,balanced,64,0.36621068024976455,0.36621068024976455,1
msmarco-passage-trec-dl-2019,87452,dibud,1,0.39483794389265053,0.44494916603515544,0
msmarco-passage-trec-dl-2019,87452,dibud,64,0.388476329749787,0.4385875518922919,0
msmarco-passage-trec-dl-2019,915593,balanced,1,0.71770337241043,0.71770337241043,1
msmarco-passage-trec-dl-2019,915593,balanced,64,0.71770337241043,0.71770337241043,1
msmarco-passage-trec-dl-2019,915593,dibud,1,0.747125837821174,0.747125837821174,1
msmarco-passage-trec-dl-2019,915593,dibud,64,0.71770337241043,0.71770337241043,1
msmarco-passage-trec-dl-2019,962179,balanced,1,0.220622023446258,0.220622023446258,1
msmarco-passage-trec-dl-2019,962179,balanced,64,0.220622023446258,0.220622023446258,1
msmarco-passage-trec-dl-2019,962179,dibud,1,0.23652605880341684,0.31294567257073685,0
msmarco-passage-trec-dl-2019,962179,dibud,64,0.23016444466055333,0.30658405842787334,0
msmarco-passage-trec-dl-2020,1030303,balanced,1,0.36255004996412715,0.36255004996412715,1
msmarco-passage-trec-dl-2020,1030303,balanced,64,0.36255004996412715,0.36255004996412715,1
msmarco-passage-trec-dl-2020,1030303,dibud,1,0.37845408532128605,0.4385875518922919,0
msmarco-passage-trec-dl-2020,1030303,dibud,64,0.37527327824985424,0.43540674482086017,0
msmarco-passage-trec-dl-2020,1037496,balanced,1,0.48298538432133087,0.48298538432133087,1
msmarco-passage-trec-dl-2020,1037496,balanced,64,0.48298538432133087,0.48298538432133087,1
msmarco-passage-trec-dl-2020,1037496,dibud,1,0.49252780553562625,0.5451445887852564,0
msmarco-passage-trec-dl-2020,1037496,dibud,64,0.48298538432133087,0.535602167570961,0
msmarco-passage-trec-dl-2020,1043135,balanced,1,0.45151493658916636,0.45151493658916636,1
msmarco-passage-trec-dl-2020,1043135,balanced,64,0.45151493658916636,0.45151493658916636,1
msmarco-passage-trec-dl-2020,1043135,dibud,1,0.472190182553473,0.5260597463566657,0
msmarco-passage-trec-dl-2020,1043135,dibud,64,0.4658285684106094,0.5196981322138021,0
msmarco-passage-trec-dl-2020,1051399,balanced,1,0.13390054189274025,0.13390054189274025,1
msmarco-passage-trec-dl-2020,1051399,balanced,64,0.13390054189274025,0.13390054189274025,1
msmarco-passage-trec-dl-2020,1051399,dibud,1,0.14344296310703558,0.1603733781781087,0
msmarco-passage-trec-dl-2020,1051399,dibud,64,0.14344296310703558,0.1603733781781087,0
msmarco-passage-trec-dl-2020,1064670,balanced,1,0.14468462144634772,0.14468462144634772,1
msmarco-passage-trec-dl-2020,1064670,balanced,64,0.14468462144634772,0.14468462144634772,1
msmarco-passage-trec-dl-2020,1064670,dibud,1,0.1524189719463253,0.16934938701739843,0
msmarco-passage-trec-dl-2020,1064670,dibud,64,0.1508285684106094,0.16775898348168253,0
msmarco-passage-trec-dl-2020,1071750,balanced,1,0.6047847213746022,0.6047847213746022,1
msmarco-passage-trec-dl-2020,1071750,balanced,64,0.6047847213746022,0.6047847213746022,1
msmarco-passage-trec-dl-2020,1071750,dibud,1,0.6405688009282096,0.6405688009282096,1
msmarco-passage-trec-dl-2020,1071750,dibud,64,0.6365927920889197,0.6365927920889197,1
msmarco-passage-trec-dl-2020,1105792,balanced,1,0.1283007628749832,0.1283007628749832,1
msmarco-passage-trec-dl-2020,1105792,balanced,64,0.1283007628749832,0.1283007628749832,1
msmarco-passage-trec-dl-2020,1105792,dibud,1,0.13091515757140937,0.15036225596385824,0
msmarco-passage-trec-dl-2020,1105792,dibud,64,0.13091515757140937,0.15036225596385824,0
msmarco-passage-trec-dl-2020,1106979,balanced,1,0.3731275845533833,0.3731275845533833,1
msmarco-passage-trec-dl-2020,1106979,balanced,64,0.3731275845533833,0.3731275845533833,1
msmarco-passage-trec-dl-2020,1106979,dibud,1,0.39857404112483746,0.40864077441034036,0
msmarco-passage-trec-dl-2020,1106979,dibud,64,0.3969836375891216,0.40705037087462453,0
msmarco-passage-trec-dl-2020,1108651,balanced,1,0.14651493658916642,0.14651493658916642,1
msmarco-passage-trec-dl-2020,1108651,balanced,64,0.14651493658916642,0.14651493658916642,1
msmarco-passage-trec-dl-2020,1108651,dibud,1,0.15128614719631406,0.15128614719631406,1
msmarco-passage-trec-dl-2020,1108651,dibud,64,0.14969574366059815,0.14969574366059815,1
msmarco-passage-trec-dl-2020,1109707,balanced,1,0.3236185299818394,0.3236185299818394,1
msmarco-passage-trec-dl-2020,1109707,balanced,64,0.3236185299818394,0.3236185299818394,1
msmarco-passage-trec-dl-2020,1109707,dibud,1,0.33259453882112916,0.3789474193029461,0
msmarco-passage-trec-dl-2020,1109707,dibud,64,0.32941373174969735,0.37576661223151436,0
msmarco-passage-trec-dl-2020,1110678,balanced,1,0.15263663912492714,0.15263663912492714,1
msmarco-passage-trec-dl-2020,1110678,balanced,64,0.15263663912492714,0.15263663912492714,1
msmarco-passage-trec-dl-2020,1110678,dibud,1,0.1568414373570692,0.2533055399813911,0
msmarco-passage-trec-dl-2020,1110678,dibud,64,0.1536606302856374,0.25012473290995935,0
msmarco-passage-trec-dl-2020,1113256,balanced,1,0.4780187509640823,0.4780187509640823,1
msmarco-passage-trec-dl-2020,1113256,balanced,64,0.4780187509640823,0.4780187509640823,1
msmarco-passage-trec-dl-2020,1113256,dibud,1,0.49869399692838884,0.5387829746423928,0
msmarco-passage-trec-dl-2020,1113256,dibud,64,0.49233238278552527,0.5324213604995293,0
msmarco-passage-trec-dl-2020,1115210,balanced,1,0.19038211183915518,0.19038211183915518,1
msmarco-passage-trec-dl-2020,1115210,balanced,64,0.19038211183915518,0.19038211183915518,1
msmarco-passage-trec-dl-2020,1115210,dibud,1,0.1999245330534505,0.28511361069570884,0
msmarco-passage-trec-dl-2020,1115210,dibud,64,0.19833412951773463,0.283523207159993,0
msmarco-passage-trec-dl-2020,1116380,balanced,1,0.09888941967848977,0.09888941967848977,1
msmarco-passage-trec-dl-2020,1116380,balanced,64,0.09888941967848977,0.09888941967848977,1
msmarco-passage-trec-dl-2020,1116380,dibud,1,0.09888941967848977,0.20161742507062483,0
msmarco-passage-trec-dl-2020,1116380,dibud,64,0.09888941967848977,0.20161742507062483,0
msmarco-passage-trec-dl-2020,1121353,balanced,1,0.11934699846419446,0.11934699846419446,1
msmarco-passage-trec-dl-2020,1121353,balanced,64,0.11934699846419446,0.11934699846419446,1
msmarco-passage-trec-dl-2020,1121353,dibud,1,0.12559977901775704,0.1432165622673872,0
msmarco-passage-trec-dl-2020,1121353,dibud,64,0.12559977901775704,0.1432165622673872,0
msmarco-passage-trec-dl-2020,1122767,balanced,1,0.37298538432133094,0.37298538432133094,1
msmarco-passage-trec-dl-2020,1122767,balanced,64,0.37298538432133094,0.37298538432133094,1
msmarco-passage-trec-dl-2020,1122767,dibud,1,0.3798045772498991,0.4449491660351555,0
msmarco-passage-trec-dl-2020,1122767,dibud,64,0.3766237701784674,0.44176835896372374,0
msmarco-passage-trec-dl-2020,1127540,balanced,1,0.20091515757140935,0.20091515757140935,1
msmarco-passage-trec-dl-2020,1127540,balanced,64,0.20091515757140935,0.20091515757140935,1
msmarco-passage-trec-dl-2020,1127540,dibud,1,0.20091515757140935,0.2986320407492939,0
msmarco-passage-trec-dl-2020,1127540,dibud,64,0.20091515757140935,0.2986320407492939,0
msmarco-passage-trec-dl-2020,1131069,balanced,1,0.4338028305176898,0.4338028305176898,1
msmarco-passage-trec-dl-2020,1131069,balanced,64,0.4338028305176898,0.4338028305176898,1
msmarco-passage-trec-dl-2020,1131069,dibud,1,0.44255004996412717,0.4926612721066321,0
msmarco-passage-trec-dl-2020,1131069,dibud,64,0.4385740411248375,0.48868526326734246,0
msmarco-passage-trec-dl-2020,1132532,balanced,1,0.2751644446605534,0.2751644446605534,1
msmarco-passage-trec-dl-2020,1132532,balanced,64,0.2751644446605534,0.2751644446605534,1
msmarco-passage-trec-dl-2020,1132532,dibud,1,0.299249287089144,0.36940499808865085,0
msmarco-passage-trec-dl-2020,1132532,dibud,64,0.2936828747141384,0.36383858571364525,0
msmarco-passage-trec-dl-2020,1133579,balanced,1,0.5715816698746693,0.5715816698746693,1
msmarco-passage-trec-dl-2020,1133579,balanced,64,0.5715816698746693,0.5715816698746693,1
msmarco-passage-trec-dl-2020,1133579,dibud,1,0.6288361971604413,0.6413640026960674,0
msmarco-passage-trec-dl-2020,1133579,dibud,64,0.6240649865532936,0.6365927920889197,0
msmarco-passage-trec-dl-2020,1136043,balanced,1,0.17231013835702436,0.17231013835702436,1
msmarco-passage-trec-dl-2020,1136043,balanced,64,0.17231013835702436,0.17231013835702436,1
msmarco-passage-trec-dl-2020,1136043,dibud,1,0.17549094542845617,0.17549094542845617,1
msmarco-passage-trec-dl-2020,1136043,dibud,64,0.17390054189274026,0.17390054189274026,1
msmarco-passage-trec-dl-2020,1136047,balanced,1,0.5418215814817722,0.5418215814817722,1
msmarco-passage-trec-dl-2020,1136047,balanced,64,0.5418215814817722,0.5418215814817722,1
msmarco-passage-trec-dl-2020,1136047,dibud,1,0.5815816698746694,0.592856694856733,0
msmarco-passage-trec-dl-2020,1136047,dibud,64,0.5799912663389535,0.5912662913210169,0
msmarco-passage-trec-dl-2020,1136962,balanced,1,0.5704043562676562,0.5704043562676562,1
msmarco-passage-trec-dl-2020,1136962,balanced,64,0.5704043562676562,0.5704043562676562,1
msmarco-passage-trec-dl-2020,1136962,dibud,1,0.5950556110712524,0.6238695638031927,0
msmarco-passage-trec-dl-2020,1136962,dibud,64,0.5831275845533832,0.6119415372853236,0
msmarco-passage-trec-dl-2020,118440,balanced,1,0.17763663912492714,0.17763663912492714,1
msmarco-passage-trec-dl-2020,118440,balanced,64,0.17763663912492714,0.17763663912492714,1
msmarco-passage-trec-dl-2020,118440,dibud,1,0.17763663912492714,0.2715951806421238,0
msmarco-passage-trec-dl-2020,118440,dibud,64,0.17763663912492714,0.2715951806421238,0
msmarco-passage-trec-dl-2020,121171,balanced,1,0.48756117217837763,0.48756117217837763,1
msmarco-passage-trec-dl-2020,121171,balanced,64,0.48756117217837763,0.48756117217837763,1
msmarco-passage-trec-dl-2020,121171,dibud,1,0.5023323827855254,0.5411685799459667,0
msmarco-passage-trec-dl-2020,121171,dibud,64,0.5007419792498095,0.5395781764102507,0
msmarco-passage-trec-dl-2020,135802,balanced,1,0.11251668332137571,0.11251668332137571,1
msmarco-passage-trec-dl-2020,135802,balanced,64,0.11251668332137571,0.11251668332137571,1
msmarco-passage-trec-dl-2020,135802,dibud,1,0.11262551691067665,0.21911186396349958,0
msmarco-passage-trec-dl-2020,135802,dibud,64,0.11262551691067665,0.21911186396349958,0
msmarco-passage-trec-dl-2020,141630,balanced,1,0.45780108378548046,0.45780108378548046,1
msmarco-passage-trec-dl-2020,141630,balanced,64,0.45780108378548046,0.45780108378548046,1
msmarco-passage-trec-dl-2020,141630,dibud,1,0.4848379438926506,0.523674141053092,0
msmarco-passage-trec-dl-2020,141630,dibud,64,0.480066733285503,0.5189029304459443,0
msmarco-passage-trec-dl-2020,156498,balanced,1,0.2951533224463028,0.2951533224463028,1
msmarco-passage-trec-dl-2020,156498,balanced,64,0.2951533224463028,0.2951533224463028,1
msmarco-passage-trec-dl-2020,156498,dibud,1,0.30946695426774584,0.382128226374378,0
msmarco-passage-trec-dl-2020,156498,dibud,64,0.3062861471963141,0.3789474193029462,0
msmarco-passage-trec-dl-2020,169208,balanced,1,0.3664061029998655,0.3664061029998655,1
msmarco-passage-trec-dl-2020,169208,balanced,64,0.3664061029998655,0.3664061029998655,1
msmarco-passage-trec-dl-2020,169208,dibud,1,0.37481569946414955,0.38602637971391424,0
msmarco-passage-trec-dl-2020,169208,dibud,64,0.3732252959284337,0.38443597617819836,0
msmarco-passage-trec-dl-2020,174463,balanced,1,0.10558865680350658,0.10558865680350658,1
msmarco-passage-trec-dl-2020,174463,balanced,64,0.10558865680350658,0.10558865680350658,1
msmarco-passage-trec-dl-2020,174463,dibud,1,0.10558865680350658,0.10558865680350658,1
msmarco-passage-trec-dl-2020,174463,dibud,64,0.10558865680350658,0.10558865680350658,1
msmarco-passage-trec-dl-2020,23849,balanced,1,0.06399825326779068,0.06399825326779068,1
msmarco-passage-trec-dl-2020,23849,balanced,64,0.06399825326779068,0.06399825326779068,1
msmarco-passage-trec-dl-2020,23849,dibud,1,0.06399825326779068,0.06399825326779068,1
msmarco-passage-trec-dl-2020,23849,dibud,64,0.06399825326779068,0.06399825326779068,1
msmarco-passage-trec-dl-2020,258062,balanced,1,0.2444780764819963,0.2444780764819963,1
msmarco-passage-trec-dl-2020,258062,balanced,64,0.2444780764819963,0.2444780764819963,1
msmarco-passage-trec-dl-2020,258062,dibud,1,0.26197251537487104,0.338392129142191,0
msmarco-passage-trec-dl-2020,258062,dibud,64,0.25879170830343934,0.33521132207075927,0
msmarco-passage-trec-dl-2020,324585,balanced,1,0.09819192928568227,0.09819192928568227,1
msmarco-passage-trec-dl-2020,324585,balanced,64,0.09819192928568227,0.09819192928568227,1
msmarco-passage-trec-dl-2020,324585,dibud,1,0.09819192928568227,0.20718383744563043,0
msmarco-passage-trec-dl-2020,324585,dibud,64,0.09819192928568227,0.20718383744563043,0
msmarco-passage-trec-dl-2020,330975,balanced,1,0.4215149365891664,0.4215149365891664,1
msmarco-passage-trec-dl-2020,330975,balanced,64,0.4215149365891664,0.4215149365891664,1
msmarco-passage-trec-dl-2020,330975,dibud,1,0.4421901825534729,0.4998180880173535,0
msmarco-passage-trec-dl-2020,330975,dibud,64,0.4358285684106094,0.49345647387449004,0
msmarco-passage-trec-dl-2020,332593,balanced,1,0.3495559319817497,0.3495559319817497,1
msmarco-passage-trec-dl-2020,332593,balanced,64,0.3495559319817497,0.3495559319817497,1
msmarco-passage-trec-dl-2020,332593,dibud,1,0.402039248660374,0.4346115430530022,0
msmarco-passage-trec-dl-2020,332593,dibud,64,0.39726803805322636,0.42984033244585457,0
msmarco-passage-trec-dl-2020,336901,balanced,1,0.3306974903928075,0.3306974903928075,1
msmarco-passage-trec-dl-2020,336901,balanced,64,0.3306974903928075,0.3306974903928075,1
msmarco-passage-trec-dl-2020,336901,dibud,1,0.33785430630352903,0.33785430630352903,1
msmarco-passage-trec-dl-2020,336901,dibud,64,0.33387829746423925,0.33387829746423925,1
msmarco-passage-trec-dl-2020,390360,balanced,1,0.14288767294628044,0.14288767294628044,1
msmarco-passage-trec-dl-2020,390360,balanced,64,0.14288767294628044,0.14288767294628044,1
msmarco-passage-trec-dl-2020,390360,dibud,1,0.14606848001771225,0.23501589932065842,0
msmarco-passage-trec-dl-2020,390360,dibud,64,0.14606848001771225,0.23501589932065842,0
msmarco-passage-trec-dl-2020,405163,balanced,1,0.0800111222142505,0.0800111222142505,1
msmarco-passage-trec-dl-2020,405163,balanced,64,0.0800111222142505,0.0800111222142505,1
msmarco-passage-trec-dl-2020,405163,dibud,1,0.08103511337496078,0.19127980208847156,0
msmarco-passage-trec-dl-2020,405163,dibud,64,0.08103511337496078,0.19127980208847156,0
msmarco-passage-trec-dl-2020,42255,balanced,1,0.4847092544280526,0.4847092544280526,1
msmarco-passage-trec-dl-2020,42255,balanced,64,0.4847092544280526,0.4847092544280526,1
msmarco-passage-trec-dl-2020,42255,dibud,1,0.5753622559638581,0.5753622559638581,1
msmarco-passage-trec-dl-2020,42255,dibud,64,0.5721814488924264,0.5721814488924264,1
msmarco-passage-trec-dl-2020,47210,balanced,1,0.3866682590354693,0.3866682590354693,1
msmarco-passage-trec-dl-2020,47210,balanced,64,0.3866682590354693,0.3866682590354693,1
msmarco-passage-trec-dl-2020,47210,dibud,1,0.413367496160486,0.45846759608874044,0
msmarco-passage-trec-dl-2020,47210,dibud,64,0.4062106802497646,0.45131078017801896,0
msmarco-passage-trec-dl-2020,555530,balanced,1,0.33901176403524513,0.33901176403524513,1
msmarco-passage-trec-dl-2020,555530,balanced,64,0.33901176403524513,0.33901176403524513,1
msmarco-passage-trec-dl-2020,555530,dibud,1,0.35275898348168255,0.37656181399937233,0
msmarco-passage-trec-dl-2020,555530,dibud,64,0.34957817641025074,0.3733810069279406,0
msmarco-passage-trec-dl-2020,583468,balanced,1,0.7622346714104749,0.7622346714104749,1
msmarco-passage-trec-dl-2020,583468,balanced,64,0.7622346714104749,0.7622346714104749,1
msmarco-passage-trec-dl-2020,583468,dibud,1,0.8139227863212412,0.8139227863212412,1
msmarco-passage-trec-dl-2020,583468,dibud,64,0.8083563739462356,0.8083563739462356,1
msmarco-passage-trec-dl-2020,640502,balanced,1,0.22051318985695711,0.22051318985695711,1
msmarco-passage-trec-dl-2020,640502,balanced,64,0.22051318985695711,0.22051318985695711,1
msmarco-passage-trec-dl-2020,640502,dibud,1,0.23267000576767857,0.30658405842787334,0
msmarco-passage-trec-dl-2020,640502,dibud,64,0.22948919869624684,0.3034032513564416,0
msmarco-passage-trec-dl-2020,67316,balanced,1,0.22283445042823197,0.22283445042823197,1
msmarco-passage-trec-dl-2020,67316,balanced,64,0.22283445042823197,0.22283445042823197,1
msmarco-passage-trec-dl-2020,67316,dibud,1,0.2669526594995741,0.27404513067799663,0
msmarco-passage-trec-dl-2020,67316,dibud,64,0.26536225596385815,0.27245472714228075,0
msmarco-passage-trec-dl-2020,673670,balanced,1,0.3196091544997982,0.3196091544997982,1
msmarco-passage-trec-dl-2020,673670,balanced,64,0.3196091544997982,0.3196091544997982,1
msmarco-passage-trec-dl-2020,673670,dibud,1,0.34823641814268425,0.4083698847136901,0
msmarco-passage-trec-dl-2020,673670,dibud,64,0.34505561107125243,0.4051890776422583,0
msmarco-passage-trec-dl-2020,701453,balanced,1,0.3064061029998654,0.3064061029998654,1
msmarco-passage-trec-dl-2020,701453,balanced,64,0.3064061029998654,0.3064061029998654,1
msmarco-passage-trec-dl-2020,701453,dibud,1,0.3245980322855478,0.3884898405172415,0
msmarco-passage-trec-dl-2020,701453,dibud,64,0.3245980322855478,0.3884898405172415,0
msmarco-passage-trec-dl-2020,730539,balanced,1,0.18991341083920005,0.18991341083920005,1
msmarco-passage-trec-dl-2020,730539,balanced,64,0.18991341083920005,0.18991341083920005,1
msmarco-passage-trec-dl-2020,730539,dibud,1,0.19867175249988792,0.214229431213847,0
msmarco-passage-trec-dl-2020,730539,dibud,64,0.197081348964172,0.21263902767813112,0
msmarco-passage-trec-dl-2020,768208,balanced,1,0.13807197348213085,0.13807197348213085,1
msmarco-passage-trec-dl-2020,768208,balanced,64,0.13807197348213085,0.13807197348213085,1
msmarco-passage-trec-dl-2020,768208,dibud,1,0.13807197348213085,0.24455832053495374,0
msmarco-passage-trec-dl-2020,768208,dibud,64,0.13807197348213085,0.24455832053495374,0
msmarco-passage-trec-dl-2020,877809,balanced,1,0.4132586625711851,0.4132586625711851,1
msmarco-passage-trec-dl-2020,877809,balanced,64,0.4132586625711851,0.4132586625711851,1
msmarco-passage-trec-dl-2020,877809,dibud,1,0.4450667332855029,0.45284557264248243,0
msmarco-passage-trec-dl-2020,877809,dibud,64,0.43711471560692344,0.444893554963903,0
msmarco-passage-trec-dl-2020,911232,balanced,1,0.22546870099995517,0.22546870099995517,1
msmarco-passage-trec-dl-2020,911232,balanced,64,0.22546870099995517,0.22546870099995517,1
msmarco-passage-trec-dl-2020,911232,dibud,1,0.22864950807138693,0.3201024884814584,0
msmarco-passage-trec-dl-2020,911232,dibud,64,0.22864950807138693,0.3201024884814584,0
msmarco-passage-trec-dl-2020,914916,balanced,1,0.26403161991054214,0.26403161991054214,1
msmarco-passage-trec-dl-2020,914916,balanced,64,0.26403161991054214,0.26403161991054214,1
msmarco-passage-trec-dl-2020,914916,dibud,1,0.2719836375891216,0.28479584358885257,0
msmarco-passage-trec-dl-2020,914916,dibud,64,0.26880283051768983,0.2816150365174208,0
msmarco-passage-trec-dl-2020,938400,balanced,1,0.32007785549975337,0.32007785549975337,1
msmarco-passage-trec-dl-2020,938400,balanced,64,0.32007785549975337,0.32007785549975337,1
msmarco-passage-trec-dl-2020,938400,dibud,1,0.3431498289818842,0.3932610511243891,0
msmarco-passage-trec-dl-2020,938400,dibud,64,0.3431498289818842,0.3932610511243891,0
msmarco-passage-trec-dl-2020,940547,balanced,1,0.21445583205349536,0.21445583205349536,1
msmarco-passage-trec-dl-2020,940547,balanced,64,0.21445583205349536,0.21445583205349536,1
msmarco-passage-trec-dl-2020,940547,dibud,1,0.2224078497320748,0.311355269035021,0
msmarco-passage-trec-dl-2020,940547,dibud,64,0.21922704266064305,0.3081744619635892,0
msmarco-passage-trec-dl-2020,997622,balanced,1,0.19808309569638136,0.19808309569638136,1
msmarco-passage-trec-dl-2020,997622,balanced,64,0.19808309569638136,0.19808309569638136,1
msmarco-passage-trec-dl-2020,997622,dibud,1,0.2022878939285234,0.2962464354457201,0
msmarco-passage-trec-dl-2020,997622,dibud,64,0.19910708685709164,0.29306562837428835,0
nfcorpus,PLAIN-1008,balanced,1,1.0,1.0,1
nfcorpus,PLAIN-1008,balanced,64,1.0,1.0,1
nfcorpus,PLAIN-1008,dibud,1,1.0,1.0,1
nfcorpus,PLAIN-1008,dibud,64,1.0,1.0,1
nfcorpus,PLAIN-1018,balanced,1,0.5642294312138468,0.5642294312138468,1
nfcorpus,PLAIN-1018,balanced,64,0.5642294312138468,0.5642294312138468,1
nfcorpus,PLAIN-1018,dibud,1,0.5642294312138468,0.5642294312138468,1
nfcorpus,PLAIN-1018,dibud,64,0.5642294312138468,0.5642294312138468,1
nfcorpus,PLAIN-102,balanced,1,0.42665952537442275,0.42665952537442275,1
nfcorpus,PLAIN-102,balanced,64,0.42665952537442275,0.42665952537442275,1
nfcorpus,PLAIN-102,dibud,1,0.42984033244585457,0.42984033244585457,1
nfcorpus,PLAIN-102,dibud,64,0.42984033244585457,0.42984033244585457,1
nfcorpus,PLAIN-1028,balanced,1,0.4385875518922919,0.4385875518922919,1
nfcorpus,PLAIN-1028,balanced,64,0.4385875518922919,0.4385875518922919,1
nfcorpus,PLAIN-1028,dibud,1,0.44176835896372363,0.44176835896372363,1
nfcorpus,PLAIN-1028,dibud,64,0.4401779554280078,0.4401779554280078,1
nfcorpus,PLAIN-1039,balanced,1,0.5523014046959778,0.5523014046959778,1
nfcorpus,PLAIN-1039,balanced,64,0.5523014046959778,0.5523014046959778,1
nfcorpus,PLAIN-1039,dibud,1,0.5523014046959778,0.5523014046959778,1
nfcorpus,PLAIN-1039,dibud,64,0.5523014046959778,0.5523014046959778,1
nfcorpus,PLAIN-1050,balanced,1,0.3288497079278957,0.3288497079278957,1
nfcorpus,PLAIN-1050,balanced,64,0.3288497079278957,0.3288497079278957,1
nfcorpus,PLAIN-1050,dibud,1,0.3288497079278957,0.3288497079278957,1
nfcorpus,PLAIN-1050,dibud,64,0.3288497079278957,0.3288497079278957,1
nfcorpus,PLAIN-1066,balanced,1,0.3097648654993051,0.3097648654993051,1
nfcorpus,PLAIN-1066,balanced,64,0.3097648654993051,0.3097648654993051,1
nfcorpus,PLAIN-1066,dibud,1,0.3097648654993051,0.3097648654993051,1
nfcorpus,PLAIN-1066,dibud,64,0.3097648654993051,0.3097648654993051,1
nfcorpus,PLAIN-1088,balanced,1,1.0,1.0,1
nfcorpus,PLAIN-1088,balanced,64,1.0,1.0,1
nfcorpus,PLAIN-1088,dibud,1,1.0,1.0,1
nfcorpus,PLAIN-1088,dibud,64,1.0,1.0,1
nfcorpus,PLAIN-1098,balanced,1,1.0,1.0,1
nfcorpus,PLAIN-1098,balanced,64,1.0,1.0,1
nfcorpus,PLAIN-1098,dibud,1,1.0,1.0,1
nfcorpus,PLAIN-1098,dibud,64,1.0,1.0,1
nfcorpus,PLAIN-1109,balanced,1,0.5491205976245461,0.5491205976245461,1
nfcorpus,PLAIN-1109,balanced,64,0.5491205976245461,0.5491205976245461,1
nfcorpus,PLAIN-1109,dibud,1,0.5491205976245461,0.5491205976245461,1
nfcorpus,PLAIN-1109,dibud,64,0.5491205976245461,0.5491205976245461,1
nfcorpus,PLAIN-1119,balanced,1,0.5173125269102283,0.5173125269102283,1
nfcorpus,PLAIN-1119,balanced,64,0.5173125269102283,0.5173125269102283,1
nfcorpus,PLAIN-1119,dibud,1,0.5173125269102283,0.5173125269102283,1
nfcorpus,PLAIN-1119,dibud,64,0.5173125269102283,0.5173125269102283,1
nfcorpus,PLAIN-112,balanced,1,0.4147314988565536,0.4147314988565536,1
nfcorpus,PLAIN-112,balanced,64,0.4147314988565536,0.4147314988565536,1
nfcorpus,PLAIN-112,dibud,1,0.42109311299941715,0.42109311299941715,1
nfcorpus,PLAIN-112,dibud,64,0.42109311299941715,0.42109311299941715,1
nfcorpus,PLAIN-1130,balanced,1,1.0,1.0,1
nfcorpus,PLAIN-1130,balanced,64,1.0,1.0,1
nfcorpus,PLAIN-1130,dibud,1,1.0,1.0,1
nfcorpus,PLAIN-1130,dibud,64,1.0,1.0,1
nfcorpus,PLAIN-1141,balanced,1,0.38371862991009376,0.38371862991009376,1
nfcorpus,PLAIN-1141,balanced,64,0.38371862991009376,0.38371862991009376,1
nfcorpus,PLAIN-1141,dibud,1,0.3892850422850994,0.3892850422850994,1
nfcorpus,PLAIN-1141,dibud,64,0.3884898405172415,0.3884898405172415,1
nfcorpus,PLAIN-1151,balanced,1,0.507770105695933,0.507770105695933,1
nfcorpus,PLAIN-1151,balanced,64,0.507770105695933,0.507770105695933,1
nfcorpus,PLAIN-1151,dibud,1,0.507770105695933,0.507770105695933,1
nfcorpus,PLAIN-1151,dibud,64,0.507770105695933,0.507770105695933,1
nfcorpus,PLAIN-1161,balanced,1,0.5403733781781087,0.5403733781781087,1
nfcorpus,PLAIN-1161,balanced,64,0.5403733781781087,0.5403733781781087,1
nfcorpus,PLAIN-1161,dibud,1,0.5403733781781087,0.5403733781781087,1
nfcorpus,PLAIN-1161,dibud,64,0.5403733781781087,0.5403733781781087,1
nfcorpus,PLAIN-1172,balanced,1,1.0,1.0,1
nfcorpus,PLAIN-1172,balanced,64,1.0,1.0,1
nfcorpus,PLAIN-1172,dibud,1,1.0,1.0,1
nfcorpus,PLAIN-1172,dibud,64,1.0,1.0,1
nfcorpus,PLAIN-1183,balanced,1,0.5228789392852339,0.5228789392852339,1
nfcorpus,PLAIN-1183,balanced,64,0.5228789392852339,0.5228789392852339,1
nfcorpus,PLAIN-1183,dibud,1,0.5228789392852339,0.5228789392852339,1
nfcorpus,PLAIN-1183,dibud,64,0.5228789392852339,0.5228789392852339,1
nfcorpus,PLAIN-1193,balanced,1,0.6548824327496524,0.6548824327496524,1
nfcorpus,PLAIN-1193,balanced,64,0.6548824327496524,0.6548824327496524,1
nfcorpus,PLAIN-1193,dibud,1,0.6564728362853685,0.6564728362853685,1
nfcorpus,PLAIN-1193,dibud,64,0.6548824327496524,0.6548824327496524,1
nfcorpus,PLAIN-12,balanced,1,0.3845138316779517,0.3845138316779517,1
nfcorpus,PLAIN-12,balanced,64,0.3845138316779517,0.3845138316779517,1
nfcorpus,PLAIN-12,dibud,1,0.3845138316779517,0.3845138316779517,1
nfcorpus,PLAIN-12,dibud,64,0.3845138316779517,0.3845138316779517,1
nfcorpus,PLAIN-1203,balanced,1,0.4314307359815704,0.4314307359815704,1
nfcorpus,PLAIN-1203,balanced,64,0.4314307359815704,0.4314307359815704,1
nfcorpus,PLAIN-1203,dibud,1,0.436997148356576,0.436997148356576,1
nfcorpus,PLAIN-1203,dibud,64,0.4346115430530022,0.4346115430530022,1
nfcorpus,PLAIN-1214,balanced,1,1.0,1.0,1
nfcorpus,PLAIN-1214,balanced,64,1.0,1.0,1
nfcorpus,PLAIN-1214,dibud,1,1.0,1.0,1
nfcorpus,PLAIN-1214,dibud,64,1.0,1.0,1
nfcorpus,PLAIN-1225,balanced,1,0.5467349923209721,0.5467349923209721,1
nfcorpus,PLAIN-1225,balanced,64,0.5467349923209721,0.5467349923209721,1
nfcorpus,PLAIN-1225,dibud,1,0.5467349923209721,0.5467349923209721,1
nfcorpus,PLAIN-1225,dibud,64,0.5467349923209721,0.5467349923209721,1
nfcorpus,PLAIN-123,balanced,1,0.34793455035648635,0.34793455035648635,1
nfcorpus,PLAIN-123,balanced,64,0.34793455035648635,0.34793455035648635,1
nfcorpus,PLAIN-123,dibud,1,0.3511153574279181,0.3511153574279181,1
nfcorpus,PLAIN-123,dibud,64,0.34952495389220223,0.34952495389220223,1
nfcorpus,PLAIN-1236,balanced,1,1.0,1.0,1
nfcorpus,PLAIN-1236,balanced,64,1.0,1.0,1
nfcorpus,PLAIN-1236,dibud,1,1.0,1.0,1
nfcorpus,PLAIN-1236,dibud,64,1.0,1.0,1
nfcorpus,PLAIN-1249,balanced,1,0.409165086481548,0.409165086481548,1
nfcorpus,PLAIN-1249,balanced,64,0.409165086481548,0.409165086481548,1
nfcorpus,PLAIN-1249,dibud,1,0.409165086481548,0.409165086481548,1
nfcorpus,PLAIN-1249,dibud,64,0.409165086481548,0.409165086481548,1
nfcorpus,PLAIN-1262,balanced,1,0.41473149885655364,0.41473149885655364,1
nfcorpus,PLAIN-1262,balanced,64,0.41473149885655364,0.41473149885655364,1
nfcorpus,PLAIN-1262,dibud,1,0.4338163412851443,0.4338163412851443,1
nfcorpus,PLAIN-1262,dibud,64,0.43063553421371253,0.43063553421371253,1
nfcorpus,PLAIN-1275,balanced,1,0.5992183089995965,0.5992183089995965,1
nfcorpus,PLAIN-1275,balanced,64,0.5992183089995965,0.5992183089995965,1
nfcorpus,PLAIN-1275,dibud,1,0.5992183089995965,0.5992183089995965,1
nfcorpus,PLAIN-1275,dibud,64,0.5992183089995965,0.5992183089995965,1
nfcorpus,PLAIN-1288,balanced,1,0.5785430630352899,0.5785430630352899,1
nfcorpus,PLAIN-1288,balanced,64,0.5785430630352899,0.5785430630352899,1
nfcorpus,PLAIN-1288,dibud,1,0.5785430630352899,0.5785430630352899,1
nfcorpus,PLAIN-1288,dibud,64,0.5785430630352899,0.5785430630352899,1
nfcorpus,PLAIN-1299,balanced,1,0.5252645445888077,0.5252645445888077,1
nfcorpus,PLAIN-1299,balanced,64,0.5252645445888077,0.5252645445888077,1
nfcorpus,PLAIN-1299,dibud,1,0.5340117640352451,0.5340117640352451,1
nfcorpus,PLAIN-1299,dibud,64,0.5316261587316713,0.5316261587316713,1
nfcorpus,PLAIN-1309,balanced,1,1.0,1.0,1
nfcorpus,PLAIN-1309,balanced,64,1.0,1.0,1
nfcorpus,PLAIN-1309,dibud,1,1.0,1.0,1
nfcorpus,PLAIN-1309,dibud,64,1.0,1.0,1
nfcorpus,PLAIN-1320,balanced,1,0.3463441468207705,0.3463441468207705,1
nfcorpus,PLAIN-1320,balanced,64,0.3463441468207705,0.3463441468207705,1
nfcorpus,PLAIN-1320,dibud,1,0.3924658493565312,0.3924658493565312,1
nfcorpus,PLAIN-1320,dibud,64,0.3924658493565312,0.3924658493565312,1
nfcorpus,PLAIN-133,balanced,1,0.36542898924936107,0.36542898924936107,1
nfcorpus,PLAIN-133,balanced,64,0.36542898924936107,0.36542898924936107,1
nfcorpus,PLAIN-133,dibud,1,0.36542898924936107,0.36542898924936107,1
nfcorpus,PLAIN-133,dibud,64,0.36542898924936107,0.36542898924936107,1
nfcorpus,PLAIN-1331,balanced,1,0.44653956957087126,0.44653956957087126,1
nfcorpus,PLAIN-1331,balanced,64,0.44653956957087126,0.44653956957087126,1
nfcorpus,PLAIN-1331,dibud,1,0.44653956957087126,0.44653956957087126,1
nfcorpus,PLAIN-1331,dibud,64,0.44653956957087126,0.44653956957087126,1
nfcorpus,PLAIN-1342,balanced,1,0.5682054400531367,0.5682054400531367,1
nfcorpus,PLAIN-1342,balanced,64,0.5682054400531367,0.5682054400531367,1
nfcorpus,PLAIN-1342,dibud,1,0.5682054400531367,0.5682054400531367,1
nfcorpus,PLAIN-1342,dibud,64,0.5682054400531367,0.5682054400531367,1
nfcorpus,PLAIN-1353,balanced,1,0.606375124910318,0.606375124910318,1
nfcorpus,PLAIN-1353,balanced,64,0.606375124910318,0.606375124910318,1
nfcorpus,PLAIN-1353,dibud,1,0.606375124910318,0.606375124910318,1
nfcorpus,PLAIN-1353,dibud,64,0.606375124910318,0.606375124910318,1
nfcorpus,PLAIN-1363,balanced,1,1.0,1.0,1
nfcorpus,PLAIN-1363,balanced,64,1.0,1.0,1
nfcorpus,PLAIN-1363,dibud,1,1.0,1.0,1
nfcorpus,PLAIN-1363,dibud,64,1.0,1.0,1
nfcorpus,PLAIN-1374,balanced,1,0.5061797021602171,0.5061797021602171,1
nfcorpus,PLAIN-1374,balanced,64,0.5061797021602171,0.5061797021602171,1
nfcorpus,PLAIN-1374,dibud,1,0.5125413163030806,0.5125413163030806,1
nfcorpus,PLAIN-1374,dibud,64,0.5061797021602171,0.5061797021602171,1
nfcorpus,PLAIN-1387,balanced,1,0.5181077286780862,0.5181077286780862,1
nfcorpus,PLAIN-1387,balanced,64,0.5181077286780862,0.5181077286780862,1
nfcorpus,PLAIN-1387,dibud,1,0.5181077286780862,0.5181077286780862,1
nfcorpus,PLAIN-1387,dibud,64,0.5181077286780862,0.5181077286780862,1
nfcorpus,PLAIN-1398,balanced,1,0.6461352133032151,0.6461352133032151,1
nfcorpus,PLAIN-1398,balanced,64,0.6461352133032151,0.6461352133032151,1
nfcorpus,PLAIN-1398,dibud,1,0.6517016256782208,0.6517016256782208,1
nfcorpus,PLAIN-1398,dibud,64,0.6461352133032151,0.6461352133032151,1
nfcorpus,PLAIN-1409,balanced,1,0.40280347233868447,0.40280347233868447,1
nfcorpus,PLAIN-1409,balanced,64,0.40280347233868447,0.40280347233868447,1
nfcorpus,PLAIN-1409,dibud,1,0.40280347233868447,0.40280347233868447,1
nfcorpus,PLAIN-1409,dibud,64,0.40280347233868447,0.40280347233868447,1
nfcorpus,PLAIN-1419,balanced,1,0.47198602614232543,0.47198602614232543,1
nfcorpus,PLAIN-1419,balanced,64,0.47198602614232543,0.47198602614232543,1
nfcorpus,PLAIN-1419,dibud,1,0.47198602614232543,0.47198602614232543,1
nfcorpus,PLAIN-1419,dibud,64,0.47198602614232543,0.47198602614232543,1
nfcorpus,PLAIN-1429,balanced,1,0.36622419101721904,0.36622419101721904,1
nfcorpus,PLAIN-1429,balanced,64,0.36622419101721904,0.36622419101721904,1
nfcorpus,PLAIN-1429,dibud,1,0.38530903344580975,0.38530903344580975,1
nfcorpus,PLAIN-1429,dibud,64,0.3757666122315144,0.3757666122315144,1
nfcorpus,PLAIN-143,balanced,1,0.4250691218387069,0.4250691218387069,1
nfcorpus,PLAIN-143,balanced,64,0.4250691218387069,0.4250691218387069,1
nfcorpus,PLAIN-143,dibud,1,0.4250691218387069,0.4250691218387069,1
nfcorpus,PLAIN-143,dibud,64,0.4250691218387069,0.4250691218387069,1
nfcorpus,PLAIN-1441,balanced,1,0.5387829746423928,0.5387829746423928,1
nfcorpus,PLAIN-1441,balanced,64,0.5387829746423928,0.5387829746423928,1
nfcorpus,PLAIN-1441,dibud,1,0.5427589834816825,0.5427589834816825,1
nfcorpus,PLAIN-1441,dibud,64,0.5387829746423928,0.5387829746423928,1
nfcorpus,PLAIN-1453,balanced,1,0.409165086481548,0.409165086481548,1
nfcorpus,PLAIN-1453,balanced,64,0.409165086481548,0.409165086481548,1
nfcorpus,PLAIN-1453,dibud,1,0.409165086481548,0.409165086481548,1
nfcorpus,PLAIN-1453,dibud,64,0.409165086481548,0.409165086481548,1
nfcorpus,PLAIN-1463,balanced,1,0.5658198347495629,0.5658198347495629,1
nfcorpus,PLAIN-1463,balanced,64,0.5658198347495629,0.5658198347495629,1
nfcorpus,PLAIN-1463,dibud,1,0.5658198347495629,0.5658198347495629,1
nfcorpus,PLAIN-1463,dibud,64,0.5658198347495629,0.5658198347495629,1
nfcorpus,PLAIN-1473,balanced,1,1.0,1.0,1
nfcorpus,PLAIN-1473,balanced,64,1.0,1.0,1
nfcorpus,PLAIN-1473,dibud,1,1.0,1.0,1
nfcorpus,PLAIN-1473,dibud,64,1.0,1.0,1
nfcorpus,PLAIN-1485,balanced,1,1.0,1.0,1
nfcorpus,PLAIN-1485,balanced,64,1.0,1.0,1
nfcorpus,PLAIN-1485,dibud,1,1.0,1.0,1
nfcorpus,PLAIN-1485,dibud,64,1.0,1.0,1
nfcorpus,PLAIN-1496,balanced,1,0.7638250749461908,0.7638250749461908,1
nfcorpus,PLAIN-1496,balanced,64,0.7638250749461908,0.7638250749461908,1
nfcorpus,PLAIN-1496,dibud,1,0.7638250749461908,0.7638250749461908,1
nfcorpus,PLAIN-1496,dibud,64,0.7638250749461908,0.7638250749461908,1
nfcorpus,PLAIN-1506,balanced,1,0.4727812279101834,0.4727812279101834,1
nfcorpus,PLAIN-1506,balanced,64,0.4727812279101834,0.4727812279101834,1
nfcorpus,PLAIN-1506,dibud,1,0.4727812279101834,0.4727812279101834,1
nfcorpus,PLAIN-1506,dibud,64,0.4727812279101834,0.4727812279101834,1
nfcorpus,PLAIN-1516,balanced,1,1.0,1.0,1
nfcorpus,PLAIN-1516,balanced,64,1.0,1.0,1
nfcorpus,PLAIN-1516,dibud,1,1.0,1.0,1
nfcorpus,PLAIN-1516,dibud,64,1.0,1.0,1
nfcorpus,PLAIN-1527,balanced,1,0.5268549481245236,0.5268549481245236,1
nfcorpus,PLAIN-1527,balanced,64,0.5268549481245236,0.5268549481245236,1
nfcorpus,PLAIN-1527,dibud,1,0.5992183089995965,0.5992183089995965,1
nfcorpus,PLAIN-1527,dibud,64,0.5936518966245908,0.5936518966245908,1
nfcorpus,PLAIN-153,balanced,1,0.40518907764225837,0.40518907764225837,1
nfcorpus,PLAIN-153,balanced,64,0.40518907764225837,0.40518907764225837,1
nfcorpus,PLAIN-153,dibud,1,0.40996028824940595,0.40996028824940595,1
nfcorpus,PLAIN-153,dibud,64,0.4067794811779742,0.4067794811779742,1
nfcorpus,PLAIN-1537,balanced,1,0.6031943178388862,0.6031943178388862,1
nfcorpus,PLAIN-1537,balanced,64,0.6031943178388862,0.6031943178388862,1
nfcorpus,PLAIN-1537,dibud,1,0.6532920292139366,0.6532920292139366,1
nfcorpus,PLAIN-1537,dibud,64,0.6461352133032151,0.6461352133032151,1
nfcorpus,PLAIN-1547,balanced,1,0.311355269035021,0.311355269035021,1
nfcorpus,PLAIN-1547,balanced,64,0.311355269035021,0.311355269035021,1
nfcorpus,PLAIN-1547,dibud,1,0.3145360761064528,0.3145360761064528,1
nfcorpus,PLAIN-1547,dibud,64,0.311355269035021,0.311355269035021,1
nfcorpus,PLAIN-1557,balanced,1,0.5554822117674095,0.5554822117674095,1
nfcorpus,PLAIN-1557,balanced,64,0.5554822117674095,0.5554822117674095,1
nfcorpus,PLAIN-1557,dibud,1,0.5554822117674095,0.5554822117674095,1
nfcorpus,PLAIN-1557,dibud,64,0.5554822117674095,0.5554822117674095,1
nfcorpus,PLAIN-1568,balanced,1,0.5022036933209273,0.5022036933209273,1
nfcorpus,PLAIN-1568,balanced,64,0.5022036933209273,0.5022036933209273,1
nfcorpus,PLAIN-1568,dibud,1,0.5022036933209273,0.5022036933209273,1
nfcorpus,PLAIN-1568,dibud,64,0.5022036933209273,0.5022036933209273,1
nfcorpus,PLAIN-1579,balanced,1,1.0,1.0,1
nfcorpus,PLAIN-1579,balanced,64,1.0,1.0,1
nfcorpus,PLAIN-1579,dibud,1,1.0,1.0,1
nfcorpus,PLAIN-1579,dibud,64,1.0,1.0,1
nfcorpus,PLAIN-1590,balanced,1,0.49584207917806383,0.49584207917806383,1
nfcorpus,PLAIN-1590,balanced,64,0.49584207917806383,0.49584207917806383,1
nfcorpus,PLAIN-1590,dibud,1,0.5014084915530694,0.5014084915530694,1
nfcorpus,PLAIN-1590,dibud,64,0.49584207917806383,0.49584207917806383,1
nfcorpus,PLAIN-1601,balanced,1,0.4767572367494732,0.4767572367494732,1
nfcorpus,PLAIN-1601,balanced,64,0.4767572367494732,0.4767572367494732,1
nfcorpus,PLAIN-1601,dibud,1,0.4767572367494732,0.4767572367494732,1
nfcorpus,PLAIN-1601,dibud,64,0.4767572367494732,0.4767572367494732,1
nfcorpus,PLAIN-1611,balanced,1,1.0,1.0,1
nfcorpus,PLAIN-1611,balanced,64,1.0,1.0,1
nfcorpus,PLAIN-1611,dibud,1,1.0,1.0,1
nfcorpus,PLAIN-1611,dibud,64,1.0,1.0,1
nfcorpus,PLAIN-1621,balanced,1,1.0,1.0,1
nfcorpus,PLAIN-1621,balanced,64,1.0,1.0,1
nfcorpus,PLAIN-1621,dibud,1,1.0,1.0,1
nfcorpus,PLAIN-1621,dibud,64,1.0,1.0,1
nfcorpus,PLAIN-1635,balanced,1,0.8417548481962692,0.8417548481962692,1
nfcorpus,PLAIN-1635,balanced,64,0.8417548481962692,0.8417548481962692,1
nfcorpus,PLAIN-1635,dibud,1,0.844935655267701,0.844935655267701,1
nfcorpus,PLAIN-1635,dibud,64,0.8417548481962692,0.8417548481962692,1
nfcorpus,PLAIN-1645,balanced,1,1.0,1.0,1
nfcorpus,PLAIN-1645,balanced,64,1.0,1.0,1
nfcorpus,PLAIN-1645,dibud,1,1.0,1.0,1
nfcorpus,PLAIN-1645,dibud,64,1.0,1.0,1
nfcorpus,PLAIN-165,balanced,1,0.5022036933209273,0.5022036933209273,1
nfcorpus,PLAIN-165,balanced,64,0.5022036933209273,0.5022036933209273,1
nfcorpus,PLAIN-165,dibud,1,0.549915799392404,0.549915799392404,1
nfcorpus,PLAIN-165,dibud,64,0.535602167570961,0.535602167570961,1
nfcorpus,PLAIN-1656,balanced,1,0.38133302460652,0.38133302460652,1
nfcorpus,PLAIN-1656,balanced,64,0.38133302460652,0.38133302460652,1
nfcorpus,PLAIN-1656,dibud,1,0.40359867410654243,0.40359867410654243,1
nfcorpus,PLAIN-1656,dibud,64,0.40359867410654243,0.40359867410654243,1
nfcorpus,PLAIN-1667,balanced,1,0.4703956226066096,0.4703956226066096,1
nfcorpus,PLAIN-1667,balanced,64,0.4703956226066096,0.4703956226066096,1
nfcorpus,PLAIN-1667,dibud,1,0.4783476402851891,0.4783476402851891,1
nfcorpus,PLAIN-1667,dibud,64,0.47357642967804137,0.47357642967804137,1
nfcorpus,PLAIN-1679,balanced,1,1.0,1.0,1
nfcorpus,PLAIN-1679,balanced,64,1.0,1.0,1
nfcorpus,PLAIN-1679,dibud,1,1.0,1.0,1
nfcorpus,PLAIN-1679,dibud,64,1.0,1.0,1
nfcorpus,PLAIN-1690,balanced,1,0.38133302460651997,0.38133302460651997,1
nfcorpus,PLAIN-1690,balanced,64,0.38133302460651997,0.38133302460651997,1
nfcorpus,PLAIN-1690,dibud,1,0.38133302460651997,0.38133302460651997,1
nfcorpus,PLAIN-1690,dibud,64,0.38133302460651997,0.38133302460651997,1
nfcorpus,PLAIN-1700,balanced,1,0.39405625289224705,0.39405625289224705,1
nfcorpus,PLAIN-1700,balanced,64,0.39405625289224705,0.39405625289224705,1
nfcorpus,PLAIN-1700,dibud,1,0.39405625289224705,0.39405625289224705,1
nfcorpus,PLAIN-1700,dibud,64,0.39405625289224705,0.39405625289224705,1
nfcorpus,PLAIN-1710,balanced,1,1.0,1.0,1
nfcorpus,PLAIN-1710,balanced,64,1.0,1.0,1
nfcorpus,PLAIN-1710,dibud,1,1.0,1.0,1
nfcorpus,PLAIN-1710,dibud,64,1.0,1.0,1
nfcorpus,PLAIN-1721,balanced,1,0.25091993467781726,0.25091993467781726,1
nfcorpus,PLAIN-1721,balanced,64,0.25091993467781726,0.25091993467781726,1
nfcorpus,PLAIN-1721,dibud,1,0.2588719523563967,0.2588719523563967,1
nfcorpus,PLAIN-1721,dibud,64,0.2588719523563967,0.2588719523563967,1
nfcorpus,PLAIN-1731,balanced,1,1.0,1.0,1
nfcorpus,PLAIN-1731,balanced,64,1.0,1.0,1
nfcorpus,PLAIN-1731,dibud,1,1.0,1.0,1
nfcorpus,PLAIN-1731,dibud,64,1.0,1.0,1
nfcorpus,PLAIN-1741,balanced,1,0.7431498289818842,0.7431498289818842,1
nfcorpus,PLAIN-1741,balanced,64,0.7431498289818842,0.7431498289818842,1
nfcorpus,PLAIN-1741,dibud,1,0.7447402325176001,0.7447402325176001,1
nfcorpus,PLAIN-1741,dibud,64,0.7431498289818842,0.7431498289818842,1
nfcorpus,PLAIN-175,balanced,1,0.3900802440529574,0.3900802440529574,1
nfcorpus,PLAIN-175,balanced,64,0.3900802440529574,0.3900802440529574,1
nfcorpus,PLAIN-175,dibud,1,0.39962266526725265,0.39962266526725265,1
nfcorpus,PLAIN-175,dibud,64,0.3980322617315368,0.3980322617315368,1
nfcorpus,PLAIN-1752,balanced,1,1.0,1.0,1
nfcorpus,PLAIN-1752,balanced,64,1.0,1.0,1
nfcorpus,PLAIN-1752,dibud,1,1.0,1.0,1
nfcorpus,PLAIN-1752,dibud,64,1.0,1.0,1
nfcorpus,PLAIN-1762,balanced,1,0.5165173251423704,0.5165173251423704,1
nfcorpus,PLAIN-1762,balanced,64,0.5165173251423704,0.5165173251423704,1
nfcorpus,PLAIN-1762,dibud,1,0.5165173251423704,0.5165173251423704,1
nfcorpus,PLAIN-1762,dibud,64,0.5165173251423704,0.5165173251423704,1
nfcorpus,PLAIN-1772,balanced,1,1.0,1.0,1
nfcorpus,PLAIN-1772,balanced,64,1.0,1.0,1
nfcorpus,PLAIN-1772,dibud,1,1.0,1.0,1
nfcorpus,PLAIN-1772,dibud,64,1.0,1.0,1
nfcorpus,PLAIN-1784,balanced,1,0.6843048981603964,0.6843048981603964,1
nfcorpus,PLAIN-1784,balanced,64,0.6843048981603964,0.6843048981603964,1
nfcorpus,PLAIN-1784,dibud,1,0.6922569158389759,0.6922569158389759,1
nfcorpus,PLAIN-1784,dibud,64,0.6922569158389759,0.6922569158389759,1
nfcorpus,PLAIN-1794,balanced,1,1.0,1.0,1
nfcorpus,PLAIN-1794,balanced,64,1.0,1.0,1
nfcorpus,PLAIN-1794,dibud,1,1.0,1.0,1
nfcorpus,PLAIN-1794,dibud,64,1.0,1.0,1
nfcorpus,PLAIN-1805,balanced,1,0.5411685799459666,0.5411685799459666,1
nfcorpus,PLAIN-1805,balanced,64,0.5411685799459666,0.5411685799459666,1
nfcorpus,PLAIN-1805,dibud,1,0.5578678170709834,0.5578678170709834,1
nfcorpus,PLAIN-1805,dibud,64,0.5570726153031255,0.5570726153031255,1
nfcorpus,PLAIN-1817,balanced,1,0.3900802440529574,0.3900802440529574,1
nfcorpus,PLAIN-1817,balanced,64,0.3900802440529574,0.3900802440529574,1
nfcorpus,PLAIN-1817,dibud,1,0.3900802440529574,0.3900802440529574,1
nfcorpus,PLAIN-1817,dibud,64,0.3900802440529574,0.3900802440529574,1
nfcorpus,PLAIN-1827,balanced,1,1.0,1.0,1
nfcorpus,PLAIN-1827,balanced,64,1.0,1.0,1
nfcorpus,PLAIN-1827,dibud,1,1.0,1.0,1
nfcorpus,PLAIN-1827,dibud,64,1.0,1.0,1
nfcorpus,PLAIN-1837,balanced,1,0.8512972694105645,0.8512972694105645,1
nfcorpus,PLAIN-1837,balanced,64,0.8512972694105645,0.8512972694105645,1
nfcorpus,PLAIN-1837,dibud,1,0.8512972694105645,0.8512972694105645,1
nfcorpus,PLAIN-1837,dibud,64,0.8512972694105645,0.8512972694105645,1
nfcorpus,PLAIN-1847,balanced,1,0.6095559319817496,0.6095559319817496,1
nfcorpus,PLAIN-1847,balanced,64,0.6095559319817496,0.6095559319817496,1
nfcorpus,PLAIN-1847,dibud,1,0.6095559319817496,0.6095559319817496,1
nfcorpus,PLAIN-1847,dibud,64,0.6095559319817496,0.6095559319817496,1
nfcorpus,PLAIN-1857,balanced,1,0.5244693428209498,0.5244693428209498,1
nfcorpus,PLAIN-1857,balanced,64,0.5244693428209498,0.5244693428209498,1
nfcorpus,PLAIN-1857,dibud,1,0.5244693428209498,0.5244693428209498,1
nfcorpus,PLAIN-1857,dibud,64,0.5244693428209498,0.5244693428209498,1
nfcorpus,PLAIN-186,balanced,1,0.5976279054638806,0.5976279054638806,1
nfcorpus,PLAIN-186,balanced,64,0.5976279054638806,0.5976279054638806,1
nfcorpus,PLAIN-186,dibud,1,0.6095559319817496,0.6095559319817496,1
nfcorpus,PLAIN-186,dibud,64,0.6039895196067442,0.6039895196067442,1
nfcorpus,PLAIN-1867,balanced,1,1.0,1.0,1
nfcorpus,PLAIN-1867,balanced,64,1.0,1.0,1
nfcorpus,PLAIN-1867,dibud,1,1.0,1.0,1
nfcorpus,PLAIN-1867,dibud,64,1.0,1.0,1
nfcorpus,PLAIN-1877,balanced,1,0.5856998789460115,0.5856998789460115,1
nfcorpus,PLAIN-1877,balanced,64,0.5856998789460115,0.5856998789460115,1
nfcorpus,PLAIN-1877,dibud,1,0.6039895196067441,0.6039895196067441,1
nfcorpus,PLAIN-1877,dibud,64,0.6031943178388862,0.6031943178388862,1
nfcorpus,PLAIN-1887,balanced,1,0.5443493870173983,0.5443493870173983,1
nfcorpus,PLAIN-1887,balanced,64,0.5443493870173983,0.5443493870173983,1
nfcorpus,PLAIN-1887,dibud,1,0.5515062029281198,0.5515062029281198,1
nfcorpus,PLAIN-1887,dibud,64,0.5475301940888301,0.5475301940888301,1
nfcorpus,PLAIN-1897,balanced,1,0.32407849732074806,0.32407849732074806,1
nfcorpus,PLAIN-1897,balanced,64,0.32407849732074806,0.32407849732074806,1
nfcorpus,PLAIN-1897,dibud,1,0.32407849732074806,0.32407849732074806,1
nfcorpus,PLAIN-1897,dibud,64,0.32407849732074806,0.32407849732074806,1
nfcorpus,PLAIN-1909,balanced,1,0.7033897405889871,0.7033897405889871,1
nfcorpus,PLAIN-1909,balanced,64,0.7033897405889871,0.7033897405889871,1
nfcorpus,PLAIN-1909,dibud,1,0.7033897405889871,0.7033897405889871,1
nfcorpus,PLAIN-1909,dibud,64,0.7033897405889871,0.7033897405889871,1
nfcorpus,PLAIN-1919,balanced,1,0.7725722943926282,0.7725722943926282,1
nfcorpus,PLAIN-1919,balanced,64,0.7725722943926282,0.7725722943926282,1
nfcorpus,PLAIN-1919,dibud,1,0.7733674961604861,0.7733674961604861,1
nfcorpus,PLAIN-1919,dibud,64,0.7725722943926282,0.7725722943926282,1
nfcorpus,PLAIN-1929,balanced,1,0.618303151428187,0.618303151428187,1
nfcorpus,PLAIN-1929,balanced,64,0.618303151428187,0.618303151428187,1
nfcorpus,PLAIN-1929,dibud,1,0.6230743620353347,0.6230743620353347,1
nfcorpus,PLAIN-1929,dibud,64,0.618303151428187,0.618303151428187,1
nfcorpus,PLAIN-1940,balanced,1,0.774957899696202,0.774957899696202,1
nfcorpus,PLAIN-1940,balanced,64,0.774957899696202,0.774957899696202,1
nfcorpus,PLAIN-1940,dibud,1,0.774957899696202,0.774957899696202,1
nfcorpus,PLAIN-1940,dibud,64,0.774957899696202,0.774957899696202,1
nfcorpus,PLAIN-1950,balanced,1,0.9236606302856375,0.9236606302856375,1
nfcorpus,PLAIN-1950,balanced,64,0.9236606302856375,0.9236606302856375,1
nfcorpus,PLAIN-1950,dibud,1,0.9236606302856375,0.9236606302856375,1
nfcorpus,PLAIN-1950,dibud,64,0.9236606302856375,0.9236606302856375,1
nfcorpus,PLAIN-196,balanced,1,0.24455832053495374,0.24455832053495374,1
nfcorpus,PLAIN-196,balanced,64,0.24455832053495374,0.24455832053495374,1
nfcorpus,PLAIN-196,dibud,1,0.24932953114210143,0.24932953114210143,1
nfcorpus,PLAIN-196,dibud,64,0.24773912760638553,0.24773912760638553,1
nfcorpus,PLAIN-1962,balanced,1,1.0,1.0,1
nfcorpus,PLAIN-1962,balanced,64,1.0,1.0,1
nfcorpus,PLAIN-1962,dibud,1,1.0,1.0,1
nfcorpus,PLAIN-1962,dibud,64,1.0,1.0,1
nfcorpus,PLAIN-1972,balanced,1,0.606375124910318,0.606375124910318,1
nfcorpus,PLAIN-1972,balanced,64,0.606375124910318,0.606375124910318,1
nfcorpus,PLAIN-1972,dibud,1,0.606375124910318,0.606375124910318,1
nfcorpus,PLAIN-1972,dibud,64,0.606375124910318,0.606375124910318,1
nfcorpus,PLAIN-1983,balanced,1,1.0,1.0,1
nfcorpus,PLAIN-1983,balanced,64,1.0,1.0,1
nfcorpus,PLAIN-1983,dibud,1,1.0,1.0,1
nfcorpus,PLAIN-1983,dibud,64,1.0,1.0,1
nfcorpus,PLAIN-1995,balanced,1,0.6699912663389535,0.6699912663389535,1
nfcorpus,PLAIN-1995,balanced,64,0.6699912663389535,0.6699912663389535,1
nfcorpus,PLAIN-1995,dibud,1,0.6946425211425497,0.6946425211425497,1
nfcorpus,PLAIN-1995,dibud,64,0.6795336875532487,0.6795336875532487,1
nfcorpus,PLAIN-2,balanced,1,0.5252645445888077,0.5252645445888077,1
nfcorpus,PLAIN-2,balanced,64,0.5252645445888077,0.5252645445888077,1
nfcorpus,PLAIN-2,dibud,1,0.5825190718745796,0.5825190718745796,1
nfcorpus,PLAIN-2,dibud,64,0.5666150365174208,0.5666150365174208,1
nfcorpus,PLAIN-2009,balanced,1,0.465624411999462,0.465624411999462,1
nfcorpus,PLAIN-2009,balanced,64,0.465624411999462,0.465624411999462,1
nfcorpus,PLAIN-2009,dibud,1,0.465624411999462,0.465624411999462,1
nfcorpus,PLAIN-2009,dibud,64,0.465624411999462,0.465624411999462,1
nfcorpus,PLAIN-2019,balanced,1,0.4433587624994395,0.4433587624994395,1
nfcorpus,PLAIN-2019,balanced,64,0.4433587624994395,0.4433587624994395,1
nfcorpus,PLAIN-2019,dibud,1,0.4433587624994395,0.4433587624994395,1
nfcorpus,PLAIN-2019,dibud,64,0.4433587624994395,0.4433587624994395,1
nfcorpus,PLAIN-2030,balanced,1,1.0,1.0,1
nfcorpus,PLAIN-2030,balanced,64,1.0,1.0,1
nfcorpus,PLAIN-2030,dibud,1,1.0,1.0,1
nfcorpus,PLAIN-2030,dibud,64,1.0,1.0,1
nfcorpus,PLAIN-2040,balanced,1,0.6373879938567777,0.6373879938567777,1
nfcorpus,PLAIN-2040,balanced,64,0.6373879938567777,0.6373879938567777,1
nfcorpus,PLAIN-2040,dibud,1,0.6373879938567777,0.6373879938567777,1
nfcorpus,PLAIN-2040,dibud,64,0.6373879938567777,0.6373879938567777,1
nfcorpus,PLAIN-2051,balanced,1,0.6699912663389535,0.6699912663389535,1
nfcorpus,PLAIN-2051,balanced,64,0.6699912663389535,0.6699912663389535,1
nfcorpus,PLAIN-2051,dibud,1,0.689871310535402,0.689871310535402,1
nfcorpus,PLAIN-2051,dibud,64,0.6843048981603964,0.6843048981603964,1
nfcorpus,PLAIN-2061,balanced,1,0.5650246329817048,0.5650246329817048,1
nfcorpus,PLAIN-2061,balanced,64,0.5650246329817048,0.5650246329817048,1
nfcorpus,PLAIN-2061,dibud,1,0.5650246329817048,0.5650246329817048,1
nfcorpus,PLAIN-2061,dibud,64,0.5650246329817048,0.5650246329817048,1
nfcorpus,PLAIN-207,balanced,1,0.6699912663389535,0.6699912663389535,1
nfcorpus,PLAIN-207,balanced,64,0.6699912663389535,0.6699912663389535,1
nfcorpus,PLAIN-207,dibud,1,0.6779432840175328,0.6779432840175328,1
nfcorpus,PLAIN-207,dibud,64,0.6699912663389535,0.6699912663389535,1
nfcorpus,PLAIN-2071,balanced,1,0.5538918082316936,0.5538918082316936,1
nfcorpus,PLAIN-2071,balanced,64,0.5538918082316936,0.5538918082316936,1
nfcorpus,PLAIN-2071,dibud,1,0.5538918082316936,0.5538918082316936,1
nfcorpus,PLAIN-2071,dibud,64,0.5538918082316936,0.5538918082316936,1
nfcorpus,PLAIN-2081,balanced,1,0.3630433839457873,0.3630433839457873,1
nfcorpus,PLAIN-2081,balanced,64,0.3630433839457873,0.3630433839457873,1
nfcorpus,PLAIN-2081,dibud,1,0.3630433839457873,0.3630433839457873,1
nfcorpus,PLAIN-2081,dibud,64,0.3630433839457873,0.3630433839457873,1
nfcorpus,PLAIN-2092,balanced,1,1.0,1.0,1
nfcorpus,PLAIN-2092,balanced,64,1.0,1.0,1
nfcorpus,PLAIN-2092,dibud,1,1.0,1.0,1
nfcorpus,PLAIN-2092,dibud,64,1.0,1.0,1
nfcorpus,PLAIN-2102,balanced,1,0.7057753458925609,0.7057753458925609,1
nfcorpus,PLAIN-2102,balanced,64,0.7057753458925609,0.7057753458925609,1
nfcorpus,PLAIN-2102,dibud,1,0.7065705476604188,0.7065705476604188,1
nfcorpus,PLAIN-2102,dibud,64,0.7057753458925609,0.7057753458925609,1
nfcorpus,PLAIN-2113,balanced,1,0.34077773444576487,0.34077773444576487,1
nfcorpus,PLAIN-2113,balanced,64,0.34077773444576487,0.34077773444576487,1
nfcorpus,PLAIN-2113,dibud,1,0.3439585415171966,0.3439585415171966,1
nfcorpus,PLAIN-2113,dibud,64,0.3439585415171966,0.3439585415171966,1
nfcorpus,PLAIN-2124,balanced,1,1.0,1.0,1
nfcorpus,PLAIN-2124,balanced,64,1.0,1.0,1
nfcorpus,PLAIN-2124,dibud,1,1.0,1.0,1
nfcorpus,PLAIN-2124,dibud,64,1.0,1.0,1
nfcorpus,PLAIN-2134,balanced,1,1.0,1.0,1
nfcorpus,PLAIN-2134,balanced,64,1.0,1.0,1
nfcorpus,PLAIN-2134,dibud,1,1.0,1.0,1
nfcorpus,PLAIN-2134,dibud,64,1.0,1.0,1
nfcorpus,PLAIN-2145,balanced,1,0.3741762086957985,0.3741762086957985,1
nfcorpus,PLAIN-2145,balanced,64,0.3741762086957985,0.3741762086957985,1
nfcorpus,PLAIN-2145,dibud,1,0.3741762086957985,0.3741762086957985,1
nfcorpus,PLAIN-2145,dibud,64,0.3741762086957985,0.3741762086957985,1
nfcorpus,PLAIN-2156,balanced,1,1.0,1.0,1
nfcorpus,PLAIN-2156,balanced,64,1.0,1.0,1
nfcorpus,PLAIN-2156,dibud,1,1.0,1.0,1
nfcorpus,PLAIN-2156,dibud,64,1.0,1.0,1
nfcorpus,PLAIN-2167,balanced,1,1.0,1.0,1
nfcorpus,PLAIN-2167,balanced,64,1.0,1.0,1
nfcorpus,PLAIN-2167,dibud,1,1.0,1.0,1
nfcorpus,PLAIN-2167,dibud,64,1.0,1.0,1
nfcorpus,PLAIN-217,balanced,1,0.41075549001726386,0.41075549001726386,1
nfcorpus,PLAIN-217,balanced,64,0.41075549001726386,0.41075549001726386,1
nfcorpus,PLAIN-217,dibud,1,0.4187075076958433,0.4187075076958433,1
nfcorpus,PLAIN-217,dibud,64,0.4187075076958433,0.4187075076958433,1
nfcorpus,PLAIN-2177,balanced,1,0.6302311779460562,0.6302311779460562,1
nfcorpus,PLAIN-2177,balanced,64,0.6302311779460562,0.6302311779460562,1
nfcorpus,PLAIN-2177,dibud,1,0.6302311779460562,0.6302311779460562,1
nfcorpus,PLAIN-2177,dibud,64,0.6302311779460562,0.6302311779460562,1
nfcorpus,PLAIN-2187,balanced,1,1.0,1.0,1
nfcorpus,PLAIN-2187,balanced,64,1.0,1.0,1
nfcorpus,PLAIN-2187,dibud,1,1.0,1.0,1
nfcorpus,PLAIN-2187,dibud,64,1.0,1.0,1
nfcorpus,PLAIN-2197,balanced,1,0.5117461145352227,0.5117461145352227,1
nfcorpus,PLAIN-2197,balanced,64,0.5117461145352227,0.5117461145352227,1
nfcorpus,PLAIN-2197,dibud,1,0.5117461145352227,0.5117461145352227,1
nfcorpus,PLAIN-2197,dibud,64,0.5117461145352227,0.5117461145352227,1
nfcorpus,PLAIN-2209,balanced,1,1.0,1.0,1
nfcorpus,PLAIN-2209,balanced,64,1.0,1.0,1
nfcorpus,PLAIN-2209,dibud,1,1.0,1.0,1
nfcorpus,PLAIN-2209,dibud,64,1.0,1.0,1
nfcorpus,PLAIN-2220,balanced,1,1.0,1.0,1
nfcorpus,PLAIN-2220,balanced,64,1.0,1.0,1
nfcorpus,PLAIN-2220,dibud,1,1.0,1.0,1
nfcorpus,PLAIN-2220,dibud,64,1.0,1.0,1
nfcorpus,PLAIN-2230,balanced,1,0.2946560319100041,0.2946560319100041,1
nfcorpus,PLAIN-2230,balanced,64,0.2946560319100041,0.2946560319100041,1
nfcorpus,PLAIN-2230,dibud,1,0.2946560319100041,0.2946560319100041,1
nfcorpus,PLAIN-2230,dibud,64,0.2946560319100041,0.2946560319100041,1
nfcorpus,PLAIN-2240,balanced,1,0.3272593043921799,0.3272593043921799,1
nfcorpus,PLAIN-2240,balanced,64,0.3272593043921799,0.3272593043921799,1
nfcorpus,PLAIN-2240,dibud,1,0.3272593043921799,0.3272593043921799,1
nfcorpus,PLAIN-2240,dibud,64,0.3272593043921799,0.3272593043921799,1
nfcorpus,PLAIN-2250,balanced,1,0.47357642967804137,0.47357642967804137,1
nfcorpus,PLAIN-2250,balanced,64,0.47357642967804137,0.47357642967804137,1
nfcorpus,PLAIN-2250,dibud,1,0.47357642967804137,0.47357642967804137,1
nfcorpus,PLAIN-2250,dibud,64,0.47357642967804137,0.47357642967804137,1
nfcorpus,PLAIN-2261,balanced,1,0.5419637817138245,0.5419637817138245,1
nfcorpus,PLAIN-2261,balanced,64,0.5419637817138245,0.5419637817138245,1
nfcorpus,PLAIN-2261,dibud,1,0.549915799392404,0.549915799392404,1
nfcorpus,PLAIN-2261,dibud,64,0.5451445887852563,0.5451445887852563,1
nfcorpus,PLAIN-227,balanced,1,0.3733810069279406,0.3733810069279406,1
nfcorpus,PLAIN-227,balanced,64,0.3733810069279406,0.3733810069279406,1
nfcorpus,PLAIN-227,dibud,1,0.38769463874938354,0.38769463874938354,1
nfcorpus,PLAIN-227,dibud,64,0.3829234281422359,0.3829234281422359,1
nfcorpus,PLAIN-2271,balanced,1,1.0,1.0,1
nfcorpus,PLAIN-2271,balanced,64,1.0,1.0,1
nfcorpus,PLAIN-2271,dibud,1,1.0,1.0,1
nfcorpus,PLAIN-2271,dibud,64,1.0,1.0,1
nfcorpus,PLAIN-2281,balanced,1,0.7654154784819067,0.7654154784819067,1
nfcorpus,PLAIN-2281,balanced,64,0.7654154784819067,0.7654154784819067,1
nfcorpus,PLAIN-2281,dibud,1,0.7654154784819067,0.7654154784819067,1
nfcorpus,PLAIN-2281,dibud,64,0.7654154784819067,0.7654154784819067,1
nfcorpus,PLAIN-2291,balanced,1,0.4489251748744452,0.4489251748744452,1
nfcorpus,PLAIN-2291,balanced,64,0.4489251748744452,0.4489251748744452,1
nfcorpus,PLAIN-2291,dibud,1,0.4536963854815928,0.4536963854815928,1
nfcorpus,PLAIN-2291,dibud,64,0.4536963854815928,0.4536963854815928,1
nfcorpus,PLAIN-23,balanced,1,0.3503201556600602,0.3503201556600602,1
nfcorpus,PLAIN-23,balanced,64,0.3503201556600602,0.3503201556600602,1
nfcorpus,PLAIN-23,dibud,1,0.3709954016243667,0.3709954016243667,1
nfcorpus,PLAIN-23,dibud,64,0.367814594552935,0.367814594552935,1
nfcorpus,PLAIN-2301,balanced,1,0.3010176460528677,0.3010176460528677,1
nfcorpus,PLAIN-2301,balanced,64,0.3010176460528677,0.3010176460528677,1
nfcorpus,PLAIN-2301,dibud,1,0.3010176460528677,0.3010176460528677,1
nfcorpus,PLAIN-2301,dibud,64,0.3010176460528677,0.3010176460528677,1
nfcorpus,PLAIN-2311,balanced,1,0.2890896195349985,0.2890896195349985,1
nfcorpus,PLAIN-2311,balanced,64,0.2890896195349985,0.2890896195349985,1
nfcorpus,PLAIN-2311,dibud,1,0.2890896195349985,0.2890896195349985,1
nfcorpus,PLAIN-2311,dibud,64,0.2890896195349985,0.2890896195349985,1
nfcorpus,PLAIN-2321,balanced,1,0.479142842053047,0.479142842053047,1
nfcorpus,PLAIN-2321,balanced,64,0.479142842053047,0.479142842053047,1
nfcorpus,PLAIN-2321,dibud,1,0.479142842053047,0.479142842053047,1
nfcorpus,PLAIN-2321,dibud,64,0.479142842053047,0.479142842053047,1
nfcorpus,PLAIN-2332,balanced,1,0.6532920292139366,0.6532920292139366,1
nfcorpus,PLAIN-2332,balanced,64,0.6532920292139366,0.6532920292139366,1
nfcorpus,PLAIN-2332,dibud,1,0.6564728362853685,0.6564728362853685,1
nfcorpus,PLAIN-2332,dibud,64,0.6532920292139366,0.6532920292139366,1
nfcorpus,PLAIN-2343,balanced,1,0.45608199078516665,0.45608199078516665,1
nfcorpus,PLAIN-2343,balanced,64,0.45608199078516665,0.45608199078516665,1
nfcorpus,PLAIN-2343,dibud,1,0.45608199078516665,0.45608199078516665,1
nfcorpus,PLAIN-2343,dibud,64,0.45608199078516665,0.45608199078516665,1
nfcorpus,PLAIN-2354,balanced,1,0.8226700057676786,0.8226700057676786,1
nfcorpus,PLAIN-2354,balanced,64,0.8226700057676786,0.8226700057676786,1
nfcorpus,PLAIN-2354,dibud,1,0.8226700057676786,0.8226700057676786,1
nfcorpus,PLAIN-2354,dibud,64,0.8226700057676786,0.8226700057676786,1
nfcorpus,PLAIN-2364,balanced,1,0.6023991160710283,0.6023991160710283,1
nfcorpus,PLAIN-2364,balanced,64,0.6023991160710283,0.6023991160710283,1
nfcorpus,PLAIN-2364,dibud,1,0.60557992314246,0.60557992314246,1
nfcorpus,PLAIN-2364,dibud,64,0.6039895196067441,0.6039895196067441,1
nfcorpus,PLAIN-2375,balanced,1,0.33680172560647514,0.33680172560647514,1
nfcorpus,PLAIN-2375,balanced,64,0.33680172560647514,0.33680172560647514,1
nfcorpus,PLAIN-2375,dibud,1,0.33680172560647514,0.33680172560647514,1
nfcorpus,PLAIN-2375,dibud,64,0.33680172560647514,0.33680172560647514,1
nfcorpus,PLAIN-238,balanced,1,0.367019392785077,0.367019392785077,1
nfcorpus,PLAIN-238,balanced,64,0.367019392785077,0.367019392785077,1
nfcorpus,PLAIN-238,dibud,1,0.3789474193029461,0.3789474193029461,1
nfcorpus,PLAIN-238,dibud,64,0.37656181399937233,0.37656181399937233,1
nfcorpus,PLAIN-2386,balanced,1,0.4544915872494507,0.4544915872494507,1
nfcorpus,PLAIN-2386,balanced,64,0.4544915872494507,0.4544915872494507,1
nfcorpus,PLAIN-2386,dibud,1,0.4544915872494507,0.4544915872494507,1
nfcorpus,PLAIN-2386,dibud,64,0.4544915872494507,0.4544915872494507,1
nfcorpus,PLAIN-2396,balanced,1,1.0,1.0,1
nfcorpus,PLAIN-2396,balanced,64,1.0,1.0,1
nfcorpus,PLAIN-2396,dibud,1,1.0,1.0,1
nfcorpus,PLAIN-2396,dibud,64,1.0,1.0,1
nfcorpus,PLAIN-2408,balanced,1,1.0,1.0,1
nfcorpus,PLAIN-2408,balanced,64,1.0,1.0,1
nfcorpus,PLAIN-2408,dibud,1,1.0,1.0,1
nfcorpus,PLAIN-2408,dibud,64,1.0,1.0,1
nfcorpus,PLAIN-2430,balanced,1,0.4314307359815704,0.4314307359815704,1
nfcorpus,PLAIN-2430,balanced,64,0.4314307359815704,0.4314307359815704,1
nfcorpus,PLAIN-2430,dibud,1,0.45369638548159286,0.45369638548159286,1
nfcorpus,PLAIN-2430,dibud,64,0.4489251748744452,0.4489251748744452,1
nfcorpus,PLAIN-2440,balanced,1,0.23103989048136875,0.23103989048136875,1
nfcorpus,PLAIN-2440,balanced,64,0.23103989048136875,0.23103989048136875,1
nfcorpus,PLAIN-2440,dibud,1,0.23103989048136875,0.23103989048136875,1
nfcorpus,PLAIN-2440,dibud,64,0.23103989048136875,0.23103989048136875,1
nfcorpus,PLAIN-2450,balanced,1,0.37497141046365645,0.37497141046365645,1
nfcorpus,PLAIN-2450,balanced,64,0.37497141046365645,0.37497141046365645,1
nfcorpus,PLAIN-2450,dibud,1,0.394851454660105,0.394851454660105,1
nfcorpus,PLAIN-2450,dibud,64,0.39087544582081535,0.39087544582081535,1
nfcorpus,PLAIN-2460,balanced,1,0.40359867410654243,0.40359867410654243,1
nfcorpus,PLAIN-2460,balanced,64,0.40359867410654243,0.40359867410654243,1
nfcorpus,PLAIN-2460,dibud,1,0.4847092544280526,0.4847092544280526,1
nfcorpus,PLAIN-2460,dibud,64,0.4815284473566208,0.4815284473566208,1
nfcorpus,PLAIN-2470,balanced,1,0.4910708685709161,0.4910708685709161,1
nfcorpus,PLAIN-2470,balanced,64,0.4910708685709161,0.4910708685709161,1
nfcorpus,PLAIN-2470,dibud,1,0.5276501498923816,0.5276501498923816,1
nfcorpus,PLAIN-2470,dibud,64,0.5212885357495181,0.5212885357495181,1
nfcorpus,PLAIN-248,balanced,1,0.606375124910318,0.606375124910318,1
nfcorpus,PLAIN-248,balanced,64,0.606375124910318,0.606375124910318,1
nfcorpus,PLAIN-248,dibud,1,0.6445448097674992,0.6445448097674992,1
nfcorpus,PLAIN-248,dibud,64,0.6254599673389086,0.6254599673389086,1
nfcorpus,PLAIN-2480,balanced,1,0.38848984051724145,0.38848984051724145,1
nfcorpus,PLAIN-2480,balanced,64,0.38848984051724145,0.38848984051724145,1
nfcorpus,PLAIN-2480,dibud,1,0.40280347233868447,0.40280347233868447,1
nfcorpus,PLAIN-2480,dibud,64,0.3980322617315368,0.3980322617315368,1
nfcorpus,PLAIN-2490,balanced,1,0.3344161203029013,0.3344161203029013,1
nfcorpus,PLAIN-2490,balanced,64,0.3344161203029013,0.3344161203029013,1
nfcorpus,PLAIN-2490,dibud,1,0.33600652383861723,0.33600652383861723,1
nfcorpus,PLAIN-2490,dibud,64,0.33600652383861723,0.33600652383861723,1
nfcorpus,PLAIN-2500,balanced,1,0.479142842053047,0.479142842053047,1
nfcorpus,PLAIN-2500,balanced,64,0.479142842053047,0.479142842053047,1
nfcorpus,PLAIN-2500,dibud,1,0.5554822117674095,0.5554822117674095,1
nfcorpus,PLAIN-2500,dibud,64,0.5252645445888077,0.5252645445888077,1
nfcorpus,PLAIN-2510,balanced,1,0.7280409953925833,0.7280409953925833,1
nfcorpus,PLAIN-2510,balanced,64,0.7280409953925833,0.7280409953925833,1
nfcorpus,PLAIN-2510,dibud,1,0.7391738201425945,0.7391738201425945,1
nfcorpus,PLAIN-2510,dibud,64,0.7312218024640151,0.7312218024640151,1
nfcorpus,PLAIN-2520,balanced,1,0.5308309569638134,0.5308309569638134,1
nfcorpus,PLAIN-2520,balanced,64,0.5308309569638134,0.5308309569638134,1
nfcorpus,PLAIN-2520,dibud,1,0.5467349923209722,0.5467349923209722,1
nfcorpus,PLAIN-2520,dibud,64,0.5403733781781087,0.5403733781781087,1
nfcorpus,PLAIN-2530,balanced,1,0.5825190718745795,0.5825190718745795,1
nfcorpus,PLAIN-2530,balanced,64,0.5825190718745795,0.5825190718745795,1
nfcorpus,PLAIN-2530,dibud,1,0.5872902824817274,0.5872902824817274,1
nfcorpus,PLAIN-2530,dibud,64,0.5841094754102956,0.5841094754102956,1
nfcorpus,PLAIN-2540,balanced,1,0.44653956957087126,0.44653956957087126,1
nfcorpus,PLAIN-2540,balanced,64,0.44653956957087126,0.44653956957087126,1
nfcorpus,PLAIN-2540,dibud,1,0.46244360492803016,0.46244360492803016,1
nfcorpus,PLAIN-2540,dibud,64,0.45926279785659835,0.45926279785659835,1
nfcorpus,PLAIN-2550,balanced,1,0.39326105112438914,0.39326105112438914,1
nfcorpus,PLAIN-2550,balanced,64,0.39326105112438914,0.39326105112438914,1
nfcorpus,PLAIN-2550,dibud,1,0.4043938758744004,0.4043938758744004,1
nfcorpus,PLAIN-2550,dibud,64,0.40280347233868447,0.40280347233868447,1
nfcorpus,PLAIN-2560,balanced,1,0.7208841794818618,0.7208841794818618,1
nfcorpus,PLAIN-2560,balanced,64,0.7208841794818618,0.7208841794818618,1
nfcorpus,PLAIN-2560,dibud,1,0.7336074077675889,0.7336074077675889,1
nfcorpus,PLAIN-2560,dibud,64,0.7272457936247254,0.7272457936247254,1
nfcorpus,PLAIN-2570,balanced,1,0.254895943517107,0.254895943517107,1
nfcorpus,PLAIN-2570,balanced,64,0.254895943517107,0.254895943517107,1
nfcorpus,PLAIN-2570,dibud,1,0.2660287682671182,0.2660287682671182,1
nfcorpus,PLAIN-2570,dibud,64,0.2628479611956865,0.2628479611956865,1
nfcorpus,PLAIN-2580,balanced,1,0.394851454660105,0.394851454660105,1
nfcorpus,PLAIN-2580,balanced,64,0.394851454660105,0.394851454660105,1
nfcorpus,PLAIN-2580,dibud,1,0.3980322617315368,0.3980322617315368,1
nfcorpus,PLAIN-2580,dibud,64,0.3964418581958209,0.3964418581958209,1
nfcorpus,PLAIN-259,balanced,1,0.35906737510649755,0.35906737510649755,1
nfcorpus,PLAIN-259,balanced,64,0.35906737510649755,0.35906737510649755,1
nfcorpus,PLAIN-259,dibud,1,0.36463378748150316,0.36463378748150316,1
nfcorpus,PLAIN-259,dibud,64,0.36065777864221343,0.36065777864221343,1
nfcorpus,PLAIN-2590,balanced,1,0.452105981945877,0.452105981945877,1
nfcorpus,PLAIN-2590,balanced,64,0.452105981945877,0.452105981945877,1
nfcorpus,PLAIN-2590,dibud,1,0.47755243851733115,0.47755243851733115,1
nfcorpus,PLAIN-2590,dibud,64,0.4727812279101834,0.4727812279101834,1
nfcorpus,PLAIN-2600,balanced,1,0.661244046892516,0.661244046892516,1
nfcorpus,PLAIN-2600,balanced,64,0.661244046892516,0.661244046892516,1
nfcorpus,PLAIN-2600,dibud,1,0.6874857052318282,0.6874857052318282,1
nfcorpus,PLAIN-2600,dibud,64,0.6835096963925386,0.6835096963925386,1
nfcorpus,PLAIN-2610,balanced,1,0.5037940968566433,0.5037940968566433,1
nfcorpus,PLAIN-2610,balanced,64,0.5037940968566433,0.5037940968566433,1
nfcorpus,PLAIN-2610,dibud,1,0.5165173251423704,0.5165173251423704,1
nfcorpus,PLAIN-2610,dibud,64,0.506974903928075,0.506974903928075,1
nfcorpus,PLAIN-2620,balanced,1,0.45926279785659835,0.45926279785659835,1
nfcorpus,PLAIN-2620,balanced,64,0.45926279785659835,0.45926279785659835,1
nfcorpus,PLAIN-2620,dibud,1,0.46641961376731994,0.46641961376731994,1
nfcorpus,PLAIN-2620,dibud,64,0.46085320139231434,0.46085320139231434,1
nfcorpus,PLAIN-2630,balanced,1,0.633411985017488,0.633411985017488,1
nfcorpus,PLAIN-2630,balanced,64,0.633411985017488,0.633411985017488,1
nfcorpus,PLAIN-2630,dibud,1,0.633411985017488,0.633411985017488,1
nfcorpus,PLAIN-2630,dibud,64,0.633411985017488,0.633411985017488,1
nfcorpus,PLAIN-2640,balanced,1,0.7065705476604188,0.7065705476604188,1
nfcorpus,PLAIN-2640,balanced,64,0.7065705476604188,0.7065705476604188,1
nfcorpus,PLAIN-2640,dibud,1,0.7304266006961572,0.7304266006961572,1
nfcorpus,PLAIN-2640,dibud,64,0.7129321618032824,0.7129321618032824,1
nfcorpus,PLAIN-2650,balanced,1,0.8592492870891439,0.8592492870891439,1
nfcorpus,PLAIN-2650,balanced,64,0.8592492870891439,0.8592492870891439,1
nfcorpus,PLAIN-2650,dibud,1,0.8592492870891439,0.8592492870891439,1
nfcorpus,PLAIN-2650,dibud,64,0.8592492870891439,0.8592492870891439,1
nfcorpus,PLAIN-2660,balanced,1,0.37258580516008266,0.37258580516008266,1
nfcorpus,PLAIN-2660,balanced,64,0.37258580516008266,0.37258580516008266,1
nfcorpus,PLAIN-2660,dibud,1,0.4250691218387069,0.4250691218387069,1
nfcorpus,PLAIN-2660,dibud,64,0.4202979112315592,0.4202979112315592,1
nfcorpus,PLAIN-2670,balanced,1,0.5530966064638357,0.5530966064638357,1
nfcorpus,PLAIN-2670,balanced,64,0.5530966064638357,0.5530966064638357,1
nfcorpus,PLAIN-2670,dibud,1,0.5530966064638357,0.5530966064638357,1
nfcorpus,PLAIN-2670,dibud,64,0.5530966064638357,0.5530966064638357,1
nfcorpus,PLAIN-2680,balanced,1,0.36304338394578733,0.36304338394578733,1
nfcorpus,PLAIN-2680,balanced,64,0.36304338394578733,0.36304338394578733,1
nfcorpus,PLAIN-2680,dibud,1,0.4385875518922919,0.4385875518922919,1
nfcorpus,PLAIN-2680,dibud,64,0.43143073598157045,0.43143073598157045,1
nfcorpus,PLAIN-2690,balanced,1,0.506974903928075,0.506974903928075,1
nfcorpus,PLAIN-2690,balanced,64,0.506974903928075,0.506974903928075,1
nfcorpus,PLAIN-2690,dibud,1,0.5085653074637909,0.5085653074637909,1
nfcorpus,PLAIN-2690,dibud,64,0.506974903928075,0.506974903928075,1
nfcorpus,PLAIN-270,balanced,1,0.7256553900890095,0.7256553900890095,1
nfcorpus,PLAIN-270,balanced,64,0.7256553900890095,0.7256553900890095,1
nfcorpus,PLAIN-270,dibud,1,0.7431498289818842,0.7431498289818842,1
nfcorpus,PLAIN-270,dibud,64,0.7256553900890095,0.7256553900890095,1
nfcorpus,PLAIN-2700,balanced,1,0.39326105112438914,0.39326105112438914,1
nfcorpus,PLAIN-2700,balanced,64,0.39326105112438914,0.39326105112438914,1
nfcorpus,PLAIN-2700,dibud,1,0.4727812279101835,0.4727812279101835,1
nfcorpus,PLAIN-2700,dibud,64,0.4711908243744676,0.4711908243744676,1
nfcorpus,PLAIN-2710,balanced,1,0.465624411999462,0.465624411999462,1
nfcorpus,PLAIN-2710,balanced,64,0.465624411999462,0.465624411999462,1
nfcorpus,PLAIN-2710,dibud,1,0.5053845003923592,0.5053845003923592,1
nfcorpus,PLAIN-2710,dibud,64,0.5037940968566433,0.5037940968566433,1
nfcorpus,PLAIN-2720,balanced,1,0.394851454660105,0.394851454660105,1
nfcorpus,PLAIN-2720,balanced,64,0.394851454660105,0.394851454660105,1
nfcorpus,PLAIN-2720,dibud,1,0.394851454660105,0.394851454660105,1
nfcorpus,PLAIN-2720,dibud,64,0.394851454660105,0.394851454660105,1
nfcorpus,PLAIN-2730,balanced,1,0.44972037664230313,0.44972037664230313,1
nfcorpus,PLAIN-2730,balanced,64,0.44972037664230313,0.44972037664230313,1
nfcorpus,PLAIN-2730,dibud,1,0.4576723943208826,0.4576723943208826,1
nfcorpus,PLAIN-2730,dibud,64,0.45449158724945077,0.45449158724945077,1
nfcorpus,PLAIN-2740,balanced,1,0.4004178670351106,0.4004178670351106,1
nfcorpus,PLAIN-2740,balanced,64,0.4004178670351106,0.4004178670351106,1
nfcorpus,PLAIN-2740,dibud,1,0.42586432360656484,0.42586432360656484,1
nfcorpus,PLAIN-2740,dibud,64,0.42109311299941715,0.42109311299941715,1
nfcorpus,PLAIN-2750,balanced,1,0.45608199078516665,0.45608199078516665,1
nfcorpus,PLAIN-2750,balanced,64,0.45608199078516665,0.45608199078516665,1
nfcorpus,PLAIN-2750,dibud,1,0.45608199078516665,0.45608199078516665,1
nfcorpus,PLAIN-2750,dibud,64,0.45608199078516665,0.45608199078516665,1
nfcorpus,PLAIN-2760,balanced,1,0.3980322617315368,0.3980322617315368,1
nfcorpus,PLAIN-2760,balanced,64,0.3980322617315368,0.3980322617315368,1
nfcorpus,PLAIN-2760,dibud,1,0.40280347233868447,0.40280347233868447,1
nfcorpus,PLAIN-2760,dibud,64,0.40121306880296853,0.40121306880296853,1
nfcorpus,PLAIN-2770,balanced,1,0.604784721374602,0.604784721374602,1
nfcorpus,PLAIN-2770,balanced,64,0.604784721374602,0.604784721374602,1
nfcorpus,PLAIN-2770,dibud,1,0.6747624769461011,0.6747624769461011,1
nfcorpus,PLAIN-2770,dibud,64,0.6699912663389535,0.6699912663389535,1
nfcorpus,PLAIN-2780,balanced,1,0.5324213604995292,0.5324213604995292,1
nfcorpus,PLAIN-2780,balanced,64,0.5324213604995292,0.5324213604995292,1
nfcorpus,PLAIN-2780,dibud,1,0.5594582206066993,0.5594582206066993,1
nfcorpus,PLAIN-2780,dibud,64,0.5451445887852563,0.5451445887852563,1
nfcorpus,PLAIN-2790,balanced,1,0.44574436780301335,0.44574436780301335,1
nfcorpus,PLAIN-2790,balanced,64,0.44574436780301335,0.44574436780301335,1
nfcorpus,PLAIN-2790,dibud,1,0.46801001730303576,0.46801001730303576,1
nfcorpus,PLAIN-2790,dibud,64,0.46482921023160406,0.46482921023160406,1
nfcorpus,PLAIN-280,balanced,1,0.6111463355174657,0.6111463355174657,1
nfcorpus,PLAIN-280,balanced,64,0.6111463355174657,0.6111463355174657,1
nfcorpus,PLAIN-280,dibud,1,0.6461352133032152,0.6461352133032152,1
nfcorpus,PLAIN-280,dibud,64,0.6381831956246358,0.6381831956246358,1
nfcorpus,PLAIN-2800,balanced,1,0.35191055919577613,0.35191055919577613,1
nfcorpus,PLAIN-2800,balanced,64,0.35191055919577613,0.35191055919577613,1
nfcorpus,PLAIN-2800,dibud,1,0.36860979632079294,0.36860979632079294,1
nfcorpus,PLAIN-2800,dibud,64,0.3646337874815032,0.3646337874815032,1
nfcorpus,PLAIN-2810,balanced,1,0.5841094754102956,0.5841094754102956,1
nfcorpus,PLAIN-2810,balanced,64,0.5841094754102956,0.5841094754102956,1
nfcorpus,PLAIN-2810,dibud,1,0.60557992314246,0.60557992314246,1
nfcorpus,PLAIN-2810,dibud,64,0.5952423001603068,0.5952423001603068,1
nfcorpus,PLAIN-2820,balanced,1,0.4417683589637237,0.4417683589637237,1
nfcorpus,PLAIN-2820,balanced,64,0.4417683589637237,0.4417683589637237,1
nfcorpus,PLAIN-2820,dibud,1,0.4529011837137349,0.4529011837137349,1
nfcorpus,PLAIN-2820,dibud,64,0.4529011837137349,0.4529011837137349,1
nfcorpus,PLAIN-2830,balanced,1,0.5530966064638357,0.5530966064638357,1
nfcorpus,PLAIN-2830,balanced,64,0.5530966064638357,0.5530966064638357,1
nfcorpus,PLAIN-2830,dibud,1,0.5530966064638357,0.5530966064638357,1
nfcorpus,PLAIN-2830,dibud,64,0.5530966064638357,0.5530966064638357,1
nfcorpus,PLAIN-2840,balanced,1,0.4242739200708489,0.4242739200708489,1
nfcorpus,PLAIN-2840,balanced,64,0.4242739200708489,0.4242739200708489,1
nfcorpus,PLAIN-2840,dibud,1,0.4250691218387069,0.4250691218387069,1
nfcorpus,PLAIN-2840,dibud,64,0.4242739200708489,0.4242739200708489,1
nfcorpus,PLAIN-2850,balanced,1,0.40996028824940595,0.40996028824940595,1
nfcorpus,PLAIN-2850,balanced,64,0.40996028824940595,0.40996028824940595,1
nfcorpus,PLAIN-2850,dibud,1,0.4242739200708489,0.4242739200708489,1
nfcorpus,PLAIN-2850,dibud,64,0.4131410953208377,0.4131410953208377,1
nfcorpus,PLAIN-2860,balanced,1,0.6135319408210395,0.6135319408210395,1
nfcorpus,PLAIN-2860,balanced,64,0.6135319408210395,0.6135319408210395,1
nfcorpus,PLAIN-2860,dibud,1,0.6318215814817721,0.6318215814817721,1
nfcorpus,PLAIN-2860,dibud,64,0.6262551691067665,0.6262551691067665,1
nfcorpus,PLAIN-2870,balanced,1,0.3996226652672527,0.3996226652672527,1
nfcorpus,PLAIN-2870,balanced,64,0.3996226652672527,0.3996226652672527,1
nfcorpus,PLAIN-2870,dibud,1,0.4059842794101162,0.4059842794101162,1
nfcorpus,PLAIN-2870,dibud,64,0.40121306880296853,0.40121306880296853,1
nfcorpus,PLAIN-2880,balanced,1,0.3169216814100265,0.3169216814100265,1
nfcorpus,PLAIN-2880,balanced,64,0.3169216814100265,0.3169216814100265,1
nfcorpus,PLAIN-2880,dibud,1,0.3169216814100265,0.3169216814100265,1
nfcorpus,PLAIN-2880,dibud,64,0.3169216814100265,0.3169216814100265,1
nfcorpus,PLAIN-2890,balanced,1,0.45369638548159286,0.45369638548159286,1
nfcorpus,PLAIN-2890,balanced,64,0.45369638548159286,0.45369638548159286,1
nfcorpus,PLAIN-2890,dibud,1,0.45369638548159286,0.45369638548159286,1
nfcorpus,PLAIN-2890,dibud,64,0.45369638548159286,0.45369638548159286,1
nfcorpus,PLAIN-2900,balanced,1,0.5125413163030806,0.5125413163030806,1
nfcorpus,PLAIN-2900,balanced,64,0.5125413163030806,0.5125413163030806,1
nfcorpus,PLAIN-2900,dibud,1,0.5292405534280974,0.5292405534280974,1
nfcorpus,PLAIN-2900,dibud,64,0.5236741410530918,0.5236741410530918,1
nfcorpus,PLAIN-291,balanced,1,0.6843048981603964,0.6843048981603964,1
nfcorpus,PLAIN-291,balanced,64,0.6843048981603964,0.6843048981603964,1
nfcorpus,PLAIN-291,dibud,1,0.6954377229104076,0.6954377229104076,1
nfcorpus,PLAIN-291,dibud,64,0.6843048981603964,0.6843048981603964,1
nfcorpus,PLAIN-2910,balanced,1,0.38371862991009376,0.38371862991009376,1
nfcorpus,PLAIN-2910,balanced,64,0.38371862991009376,0.38371862991009376,1
nfcorpus,PLAIN-2910,dibud,1,0.38371862991009376,0.38371862991009376,1
nfcorpus,PLAIN-2910,dibud,64,0.38371862991009376,0.38371862991009376,1
nfcorpus,PLAIN-2920,balanced,1,0.4131410953208377,0.4131410953208377,1
nfcorpus,PLAIN-2920,balanced,64,0.4131410953208377,0.4131410953208377,1
nfcorpus,PLAIN-2920,dibud,1,0.45131078017801896,0.45131078017801896,1
nfcorpus,PLAIN-2920,dibud,64,0.4497203766423031,0.4497203766423031,1
nfcorpus,PLAIN-2930,balanced,1,0.5674102382852788,0.5674102382852788,1
nfcorpus,PLAIN-2930,balanced,64,0.5674102382852788,0.5674102382852788,1
nfcorpus,PLAIN-2930,dibud,1,0.5674102382852788,0.5674102382852788,1
nfcorpus,PLAIN-2930,dibud,64,0.5674102382852788,0.5674102382852788,1
nfcorpus,PLAIN-2940,balanced,1,0.4425635607315816,0.4425635607315816,1
nfcorpus,PLAIN-2940,balanced,64,0.4425635607315816,0.4425635607315816,1
nfcorpus,PLAIN-2940,dibud,1,0.44574436780301335,0.44574436780301335,1
nfcorpus,PLAIN-2940,dibud,64,0.4425635607315816,0.4425635607315816,1
nfcorpus,PLAIN-2950,balanced,1,0.394851454660105,0.394851454660105,1
nfcorpus,PLAIN-2950,balanced,64,0.394851454660105,0.394851454660105,1
nfcorpus,PLAIN-2950,dibud,1,0.394851454660105,0.394851454660105,1
nfcorpus,PLAIN-2950,dibud,64,0.394851454660105,0.394851454660105,1
nfcorpus,PLAIN-2960,balanced,1,0.40836988471369007,0.40836988471369007,1
nfcorpus,PLAIN-2960,balanced,64,0.40836988471369007,0.40836988471369007,1
nfcorpus,PLAIN-2960,dibud,1,0.41473149885655364,0.41473149885655364,1
nfcorpus,PLAIN-2960,dibud,64,0.4099602882494059,0.4099602882494059,1
nfcorpus,PLAIN-2970,balanced,1,0.38133302460651997,0.38133302460651997,1
nfcorpus,PLAIN-2970,balanced,64,0.38133302460651997,0.38133302460651997,1
nfcorpus,PLAIN-2970,dibud,1,0.38292342814223584,0.38292342814223584,1
nfcorpus,PLAIN-2970,dibud,64,0.38292342814223584,0.38292342814223584,1
nfcorpus,PLAIN-2981,balanced,1,0.42268351653513303,0.42268351653513303,1
nfcorpus,PLAIN-2981,balanced,64,0.42268351653513303,0.42268351653513303,1
nfcorpus,PLAIN-2981,dibud,1,0.42268351653513303,0.42268351653513303,1
nfcorpus,PLAIN-2981,dibud,64,0.42268351653513303,0.42268351653513303,1
nfcorpus,PLAIN-2991,balanced,1,0.5252645445888078,0.5252645445888078,1
nfcorpus,PLAIN-2991,balanced,64,0.5252645445888078,0.5252645445888078,1
nfcorpus,PLAIN-2991,dibud,1,0.5284453516602394,0.5284453516602394,1
nfcorpus,PLAIN-2991,dibud,64,0.5284453516602394,0.5284453516602394,1
nfcorpus,PLAIN-3001,balanced,1,0.506974903928075,0.506974903928075,1
nfcorpus,PLAIN-3001,balanced,64,0.506974903928075,0.506974903928075,1
nfcorpus,PLAIN-3001,dibud,1,0.507770105695933,0.507770105695933,1
nfcorpus,PLAIN-3001,dibud,64,0.506974903928075,0.506974903928075,1
nfcorpus,PLAIN-3014,balanced,1,0.34634414682077047,0.34634414682077047,1
nfcorpus,PLAIN-3014,balanced,64,0.34634414682077047,0.34634414682077047,1
nfcorpus,PLAIN-3014,dibud,1,0.34634414682077047,0.34634414682077047,1
nfcorpus,PLAIN-3014,dibud,64,0.34634414682077047,0.34634414682077047,1
nfcorpus,PLAIN-3026,balanced,1,0.49186607033877405,0.49186607033877405,1
nfcorpus,PLAIN-3026,balanced,64,0.49186607033877405,0.49186607033877405,1
nfcorpus,PLAIN-3026,dibud,1,0.49663728094592174,0.49663728094592174,1
nfcorpus,PLAIN-3026,dibud,64,0.49663728094592174,0.49663728094592174,1
nfcorpus,PLAIN-3037,balanced,1,0.3177168831778845,0.3177168831778845,1
nfcorpus,PLAIN-3037,balanced,64,0.3177168831778845,0.3177168831778845,1
nfcorpus,PLAIN-3037,dibud,1,0.3177168831778845,0.3177168831778845,1
nfcorpus,PLAIN-3037,dibud,64,0.3177168831778845,0.3177168831778845,1
nfcorpus,PLAIN-3053,balanced,1,0.4171171041601274,0.4171171041601274,1
nfcorpus,PLAIN-3053,balanced,64,0.4171171041601274,0.4171171041601274,1
nfcorpus,PLAIN-3053,dibud,1,0.42347871830299094,0.42347871830299094,1
nfcorpus,PLAIN-3053,dibud,64,0.4171171041601274,0.4171171041601274,1
nfcorpus,PLAIN-3063,balanced,1,0.40439387587440034,0.40439387587440034,1
nfcorpus,PLAIN-3063,balanced,64,0.40439387587440034,0.40439387587440034,1
nfcorpus,PLAIN-3063,dibud,1,0.43063553421371253,0.43063553421371253,1
nfcorpus,PLAIN-3063,dibud,64,0.42984033244585457,0.42984033244585457,1
nfcorpus,PLAIN-307,balanced,1,0.44972037664230313,0.44972037664230313,1
nfcorpus,PLAIN-307,balanced,64,0.44972037664230313,0.44972037664230313,1
nfcorpus,PLAIN-307,dibud,1,0.4640340084637461,0.4640340084637461,1
nfcorpus,PLAIN-307,dibud,64,0.45608199078516665,0.45608199078516665,1
nfcorpus,PLAIN-3074,balanced,1,0.2930656283742883,0.2930656283742883,1
nfcorpus,PLAIN-3074,balanced,64,0.2930656283742883,0.2930656283742883,1
nfcorpus,PLAIN-3074,dibud,1,0.2962464354457201,0.2962464354457201,1
nfcorpus,PLAIN-3074,dibud,64,0.2946560319100041,0.2946560319100041,1
nfcorpus,PLAIN-3085,balanced,1,0.5181077286780862,0.5181077286780862,1
nfcorpus,PLAIN-3085,balanced,64,0.5181077286780862,0.5181077286780862,1
nfcorpus,PLAIN-3085,dibud,1,0.5276501498923816,0.5276501498923816,1
nfcorpus,PLAIN-3085,dibud,64,0.5196981322138021,0.5196981322138021,1
nfcorpus,PLAIN-3097,balanced,1,0.6119415372853236,0.6119415372853236,1
nfcorpus,PLAIN-3097,balanced,64,0.6119415372853236,0.6119415372853236,1
nfcorpus,PLAIN-3097,dibud,1,0.6127367390531816,0.6127367390531816,1
nfcorpus,PLAIN-3097,dibud,64,0.6119415372853236,0.6119415372853236,1
nfcorpus,PLAIN-3116,balanced,1,0.3407777344457649,0.3407777344457649,1
nfcorpus,PLAIN-3116,balanced,64,0.3407777344457649,0.3407777344457649,1
nfcorpus,PLAIN-3116,dibud,1,0.39167064758867326,0.39167064758867326,1
nfcorpus,PLAIN-3116,dibud,64,0.3837186299100938,0.3837186299100938,1
nfcorpus,PLAIN-3131,balanced,1,0.3980322617315368,0.3980322617315368,1
nfcorpus,PLAIN-3131,balanced,64,0.3980322617315368,0.3980322617315368,1
nfcorpus,PLAIN-3131,dibud,1,0.3980322617315368,0.3980322617315368,1
nfcorpus,PLAIN-3131,dibud,64,0.3980322617315368,0.3980322617315368,1
nfcorpus,PLAIN-3141,balanced,1,0.4640340084637461,0.4640340084637461,1
nfcorpus,PLAIN-3141,balanced,64,0.4640340084637461,0.4640340084637461,1
nfcorpus,PLAIN-3141,dibud,1,0.4640340084637461,0.4640340084637461,1
nfcorpus,PLAIN-3141,dibud,64,0.4640340084637461,0.4640340084637461,1
nfcorpus,PLAIN-3151,balanced,1,0.283523207159993,0.283523207159993,1
nfcorpus,PLAIN-3151,balanced,64,0.283523207159993,0.283523207159993,1
nfcorpus,PLAIN-3151,dibud,1,0.2867040142314247,0.2867040142314247,1
nfcorpus,PLAIN-3151,dibud,64,0.28511361069570884,0.28511361069570884,1
nfcorpus,PLAIN-3161,balanced,1,0.5825190718745796,0.5825190718745796,1
nfcorpus,PLAIN-3161,balanced,64,0.5825190718745796,0.5825190718745796,1
nfcorpus,PLAIN-3161,dibud,1,0.5864950807138695,0.5864950807138695,1
nfcorpus,PLAIN-3161,dibud,64,0.5825190718745796,0.5825190718745796,1
nfcorpus,PLAIN-3171,balanced,1,0.36940499808865085,0.36940499808865085,1
nfcorpus,PLAIN-3171,balanced,64,0.36940499808865085,0.36940499808865085,1
nfcorpus,PLAIN-3171,dibud,1,0.36940499808865085,0.36940499808865085,1
nfcorpus,PLAIN-3171,dibud,64,0.36940499808865085,0.36940499808865085,1
nfcorpus,PLAIN-3181,balanced,1,0.4385875518922919,0.4385875518922919,1
nfcorpus,PLAIN-3181,balanced,64,0.4385875518922919,0.4385875518922919,1
nfcorpus,PLAIN-3181,dibud,1,0.4385875518922919,0.4385875518922919,1
nfcorpus,PLAIN-3181,dibud,64,0.4385875518922919,0.4385875518922919,1
nfcorpus,PLAIN-3191,balanced,1,0.5729766506602842,0.5729766506602842,1
nfcorpus,PLAIN-3191,balanced,64,0.5729766506602842,0.5729766506602842,1
nfcorpus,PLAIN-3191,dibud,1,0.5801334665710057,0.5801334665710057,1
nfcorpus,PLAIN-3191,dibud,64,0.5777478612674319,0.5777478612674319,1
nfcorpus,PLAIN-320,balanced,1,0.7813195138390656,0.7813195138390656,1
nfcorpus,PLAIN-320,balanced,64,0.7813195138390656,0.7813195138390656,1
nfcorpus,PLAIN-320,dibud,1,0.7956331456605085,0.7956331456605085,1
nfcorpus,PLAIN-320,dibud,64,0.787681127981929,0.787681127981929,1
nfcorpus,PLAIN-3201,balanced,1,0.5538918082316937,0.5538918082316937,1
nfcorpus,PLAIN-3201,balanced,64,0.5538918082316937,0.5538918082316937,1
nfcorpus,PLAIN-3201,dibud,1,0.5570726153031255,0.5570726153031255,1
nfcorpus,PLAIN-3201,dibud,64,0.5538918082316937,0.5538918082316937,1
nfcorpus,PLAIN-3211,balanced,1,0.37656181399937233,0.37656181399937233,1
nfcorpus,PLAIN-3211,balanced,64,0.37656181399937233,0.37656181399937233,1
nfcorpus,PLAIN-3211,dibud,1,0.37656181399937233,0.37656181399937233,1
nfcorpus,PLAIN-3211,dibud,64,0.37656181399937233,0.37656181399937233,1
nfcorpus,PLAIN-3221,balanced,1,0.2604623558921127,0.2604623558921127,1
nfcorpus,PLAIN-3221,balanced,64,0.2604623558921127,0.2604623558921127,1
nfcorpus,PLAIN-3221,dibud,1,0.2620527594278285,0.2620527594278285,1
nfcorpus,PLAIN-3221,dibud,64,0.2620527594278285,0.2620527594278285,1
nfcorpus,PLAIN-3231,balanced,1,0.6016039143031703,0.6016039143031703,1
nfcorpus,PLAIN-3231,balanced,64,0.6016039143031703,0.6016039143031703,1
nfcorpus,PLAIN-3231,dibud,1,0.6397735991603516,0.6397735991603516,1
nfcorpus,PLAIN-3231,dibud,64,0.6302311779460563,0.6302311779460563,1
nfcorpus,PLAIN-3241,balanced,1,0.40280347233868447,0.40280347233868447,1
nfcorpus,PLAIN-3241,balanced,64,0.40280347233868447,0.40280347233868447,1
nfcorpus,PLAIN-3241,dibud,1,0.40280347233868447,0.40280347233868447,1
nfcorpus,PLAIN-3241,dibud,64,0.40280347233868447,0.40280347233868447,1
nfcorpus,PLAIN-3251,balanced,1,0.32169289201717427,0.32169289201717427,1
nfcorpus,PLAIN-3251,balanced,64,0.32169289201717427,0.32169289201717427,1
nfcorpus,PLAIN-3251,dibud,1,0.39962266526725265,0.39962266526725265,1
nfcorpus,PLAIN-3251,dibud,64,0.39644185819582095,0.39644185819582095,1
nfcorpus,PLAIN-3261,balanced,1,0.338392129142191,0.338392129142191,1
nfcorpus,PLAIN-3261,balanced,64,0.338392129142191,0.338392129142191,1
nfcorpus,PLAIN-3261,dibud,1,0.338392129142191,0.338392129142191,1
nfcorpus,PLAIN-3261,dibud,64,0.338392129142191,0.338392129142191,1
nfcorpus,PLAIN-3271,balanced,1,0.5077701056959331,0.5077701056959331,1
nfcorpus,PLAIN-3271,balanced,64,0.5077701056959331,0.5077701056959331,1
nfcorpus,PLAIN-3271,dibud,1,0.5363973693388189,0.5363973693388189,1
nfcorpus,PLAIN-3271,dibud,64,0.5300357551959554,0.5300357551959554,1
nfcorpus,PLAIN-3281,balanced,1,0.30896966373144713,0.30896966373144713,1
nfcorpus,PLAIN-3281,balanced,64,0.30896966373144713,0.30896966373144713,1
nfcorpus,PLAIN-3281,dibud,1,0.3153312778743107,0.3153312778743107,1
nfcorpus,PLAIN-3281,dibud,64,0.3137408743385948,0.3137408743385948,1
nfcorpus,PLAIN-3292,balanced,1,0.42665952537442275,0.42665952537442275,1
nfcorpus,PLAIN-3292,balanced,64,0.42665952537442275,0.42665952537442275,1
nfcorpus,PLAIN-3292,dibud,1,0.42665952537442275,0.42665952537442275,1
nfcorpus,PLAIN-3292,dibud,64,0.42665952537442275,0.42665952537442275,1
nfcorpus,PLAIN-33,balanced,1,0.4131410953208377,0.4131410953208377,1
nfcorpus,PLAIN-33,balanced,64,0.4131410953208377,0.4131410953208377,1
nfcorpus,PLAIN-33,dibud,1,0.4242739200708489,0.4242739200708489,1
nfcorpus,PLAIN-33,dibud,64,0.4195027094637013,0.4195027094637013,1
nfcorpus,PLAIN-3302,balanced,1,0.6787384857853908,0.6787384857853908,1
nfcorpus,PLAIN-3302,balanced,64,0.6787384857853908,0.6787384857853908,1
nfcorpus,PLAIN-3302,dibud,1,0.6914617140711179,0.6914617140711179,1
nfcorpus,PLAIN-3302,dibud,64,0.6787384857853908,0.6787384857853908,1
nfcorpus,PLAIN-3312,balanced,1,0.6429544062317833,0.6429544062317833,1
nfcorpus,PLAIN-3312,balanced,64,0.6429544062317833,0.6429544062317833,1
nfcorpus,PLAIN-3312,dibud,1,0.6461352133032151,0.6461352133032151,1
nfcorpus,PLAIN-3312,dibud,64,0.6429544062317833,0.6429544062317833,1
nfcorpus,PLAIN-332,balanced,1,0.4274547271422807,0.4274547271422807,1
nfcorpus,PLAIN-332,balanced,64,0.4274547271422807,0.4274547271422807,1
nfcorpus,PLAIN-332,dibud,1,0.5196981322138021,0.5196981322138021,1
nfcorpus,PLAIN-332,dibud,64,0.5165173251423704,0.5165173251423704,1
nfcorpus,PLAIN-3322,balanced,1,0.37656181399937233,0.37656181399937233,1
nfcorpus,PLAIN-3322,balanced,64,0.37656181399937233,0.37656181399937233,1
nfcorpus,PLAIN-3322,dibud,1,0.3908754458208153,0.3908754458208153,1
nfcorpus,PLAIN-3322,dibud,64,0.38292342814223584,0.38292342814223584,1
nfcorpus,PLAIN-3332,balanced,1,0.550711001160262,0.550711001160262,1
nfcorpus,PLAIN-3332,balanced,64,0.550711001160262,0.550711001160262,1
nfcorpus,PLAIN-3332,dibud,1,0.6214839584996189,0.6214839584996189,1
nfcorpus,PLAIN-3332,dibud,64,0.5872902824817273,0.5872902824817273,1
nfcorpus,PLAIN-3342,balanced,1,0.5300357551959554,0.5300357551959554,1
nfcorpus,PLAIN-3342,balanced,64,0.5300357551959554,0.5300357551959554,1
nfcorpus,PLAIN-3342,dibud,1,0.5316261587316713,0.5316261587316713,1
nfcorpus,PLAIN-3342,dibud,64,0.5300357551959554,0.5300357551959554,1
nfcorpus,PLAIN-3352,balanced,1,0.3193072867136004,0.3193072867136004,1
nfcorpus,PLAIN-3352,balanced,64,0.3193072867136004,0.3193072867136004,1
nfcorpus,PLAIN-3352,dibud,1,0.32089769024931625,0.32089769024931625,1
nfcorpus,PLAIN-3352,dibud,64,0.32089769024931625,0.32089769024931625,1
nfcorpus,PLAIN-3362,balanced,1,0.4672148155351779,0.4672148155351779,1
nfcorpus,PLAIN-3362,balanced,64,0.4672148155351779,0.4672148155351779,1
nfcorpus,PLAIN-3362,dibud,1,0.4672148155351779,0.4672148155351779,1
nfcorpus,PLAIN-3362,dibud,64,0.4672148155351779,0.4672148155351779,1
nfcorpus,PLAIN-3372,balanced,1,0.4886852632673423,0.4886852632673423,1
nfcorpus,PLAIN-3372,balanced,64,0.4886852632673423,0.4886852632673423,1
nfcorpus,PLAIN-3372,dibud,1,0.4886852632673423,0.4886852632673423,1
nfcorpus,PLAIN-3372,dibud,64,0.4886852632673423,0.4886852632673423,1
nfcorpus,PLAIN-3382,balanced,1,0.4067794811779742,0.4067794811779742,1
nfcorpus,PLAIN-3382,balanced,64,0.4067794811779742,0.4067794811779742,1
nfcorpus,PLAIN-3382,dibud,1,0.4067794811779742,0.4067794811779742,1
nfcorpus,PLAIN-3382,dibud,64,0.4067794811779742,0.4067794811779742,1
nfcorpus,PLAIN-3392,balanced,1,0.522083737517376,0.522083737517376,1
nfcorpus,PLAIN-3392,balanced,64,0.522083737517376,0.522083737517376,1
nfcorpus,PLAIN-3392,dibud,1,0.522083737517376,0.522083737517376,1
nfcorpus,PLAIN-3392,dibud,64,0.522083737517376,0.522083737517376,1
nfcorpus,PLAIN-3402,balanced,1,0.5268549481245236,0.5268549481245236,1
nfcorpus,PLAIN-3402,balanced,64,0.5268549481245236,0.5268549481245236,1
nfcorpus,PLAIN-3402,dibud,1,0.5443493870173984,0.5443493870173984,1
nfcorpus,PLAIN-3402,dibud,64,0.5395781764102507,0.5395781764102507,1
nfcorpus,PLAIN-3412,balanced,1,0.5371925711066768,0.5371925711066768,1
nfcorpus,PLAIN-3412,balanced,64,0.5371925711066768,0.5371925711066768,1
nfcorpus,PLAIN-3412,dibud,1,0.5403733781781087,0.5403733781781087,1
nfcorpus,PLAIN-3412,dibud,64,0.5403733781781087,0.5403733781781087,1
nfcorpus,PLAIN-3422,balanced,1,0.5761574577317162,0.5761574577317162,1
nfcorpus,PLAIN-3422,balanced,64,0.5761574577317162,0.5761574577317162,1
nfcorpus,PLAIN-3422,dibud,1,0.5793382648031479,0.5793382648031479,1
nfcorpus,PLAIN-3422,dibud,64,0.577747861267432,0.577747861267432,1
nfcorpus,PLAIN-3432,balanced,1,0.4640340084637461,0.4640340084637461,1
nfcorpus,PLAIN-3432,balanced,64,0.4640340084637461,0.4640340084637461,1
nfcorpus,PLAIN-3432,dibud,1,0.4703956226066096,0.4703956226066096,1
nfcorpus,PLAIN-3432,dibud,64,0.4703956226066096,0.4703956226066096,1
nfcorpus,PLAIN-344,balanced,1,0.4855044561959106,0.4855044561959106,1
nfcorpus,PLAIN-344,balanced,64,0.4855044561959106,0.4855044561959106,1
nfcorpus,PLAIN-344,dibud,1,0.5117461145352227,0.5117461145352227,1
nfcorpus,PLAIN-344,dibud,64,0.49027566680305823,0.49027566680305823,1
nfcorpus,PLAIN-3442,balanced,1,0.5880854842495853,0.5880854842495853,1
nfcorpus,PLAIN-3442,balanced,64,0.5880854842495853,0.5880854842495853,1
nfcorpus,PLAIN-3442,dibud,1,0.5912662913210169,0.5912662913210169,1
nfcorpus,PLAIN-3442,dibud,64,0.5880854842495853,0.5880854842495853,1
nfcorpus,PLAIN-3452,balanced,1,0.6350023885532039,0.6350023885532039,1
nfcorpus,PLAIN-3452,balanced,64,0.6350023885532039,0.6350023885532039,1
nfcorpus,PLAIN-3452,dibud,1,0.6381831956246358,0.6381831956246358,1
nfcorpus,PLAIN-3452,dibud,64,0.6381831956246358,0.6381831956246358,1
nfcorpus,PLAIN-3462,balanced,1,0.6604488451246582,0.6604488451246582,1
nfcorpus,PLAIN-3462,balanced,64,0.6604488451246582,0.6604488451246582,1
nfcorpus,PLAIN-3462,dibud,1,0.6843048981603964,0.6843048981603964,1
nfcorpus,PLAIN-3462,dibud,64,0.6699912663389535,0.6699912663389535,1
nfcorpus,PLAIN-3472,balanced,1,0.38053782283866205,0.38053782283866205,1
nfcorpus,PLAIN-3472,balanced,64,0.38053782283866205,0.38053782283866205,1
nfcorpus,PLAIN-3472,dibud,1,0.38053782283866205,0.38053782283866205,1
nfcorpus,PLAIN-3472,dibud,64,0.38053782283866205,0.38053782283866205,1
nfcorpus,PLAIN-358,balanced,1,0.19684621446347716,0.19684621446347716,1
nfcorpus,PLAIN-358,balanced,64,0.19684621446347716,0.19684621446347716,1
nfcorpus,PLAIN-358,dibud,1,0.20002702153490892,0.20002702153490892,1
nfcorpus,PLAIN-358,dibud,64,0.19684621446347716,0.19684621446347716,1
nfcorpus,PLAIN-371,balanced,1,0.26205275942782846,0.26205275942782846,1
nfcorpus,PLAIN-371,balanced,64,0.26205275942782846,0.26205275942782846,1
nfcorpus,PLAIN-371,dibud,1,0.26682397003497615,0.26682397003497615,1
nfcorpus,PLAIN-371,dibud,64,0.2652335664992603,0.2652335664992603,1
nfcorpus,PLAIN-383,balanced,1,0.30340325135644153,0.30340325135644153,1
nfcorpus,PLAIN-383,balanced,64,0.30340325135644153,0.30340325135644153,1
nfcorpus,PLAIN-383,dibud,1,0.30499365489215746,0.30499365489215746,1
nfcorpus,PLAIN-383,dibud,64,0.30499365489215746,0.30499365489215746,1
nfcorpus,PLAIN-395,balanced,1,0.4974324827137797,0.4974324827137797,1
nfcorpus,PLAIN-395,balanced,64,0.4974324827137797,0.4974324827137797,1
nfcorpus,PLAIN-395,dibud,1,0.5006132897852115,0.5006132897852115,1
nfcorpus,PLAIN-395,dibud,64,0.49902288624949565,0.49902288624949565,1
nfcorpus,PLAIN-407,balanced,1,0.3590673751064976,0.3590673751064976,1
nfcorpus,PLAIN-407,balanced,64,0.3590673751064976,0.3590673751064976,1
nfcorpus,PLAIN-407,dibud,1,0.37258580516008266,0.37258580516008266,1
nfcorpus,PLAIN-407,dibud,64,0.37020019985650876,0.37020019985650876,1
nfcorpus,PLAIN-418,balanced,1,0.4171171041601275,0.4171171041601275,1
nfcorpus,PLAIN-418,balanced,64,0.4171171041601275,0.4171171041601275,1
nfcorpus,PLAIN-418,dibud,1,0.42347871830299094,0.42347871830299094,1
nfcorpus,PLAIN-418,dibud,64,0.4218883147672751,0.4218883147672751,1
nfcorpus,PLAIN-430,balanced,1,0.5888806860174431,0.5888806860174431,1
nfcorpus,PLAIN-430,balanced,64,0.5888806860174431,0.5888806860174431,1
nfcorpus,PLAIN-430,dibud,1,0.6023991160710283,0.6023991160710283,1
nfcorpus,PLAIN-430,dibud,64,0.5984231072317384,0.5984231072317384,1
nfcorpus,PLAIN-44,balanced,1,0.4910708685709162,0.4910708685709162,1
nfcorpus,PLAIN-44,balanced,64,0.4910708685709162,0.4910708685709162,1
nfcorpus,PLAIN-44,dibud,1,0.5435541852495404,0.5435541852495404,1
nfcorpus,PLAIN-44,dibud,64,0.5419637817138246,0.5419637817138246,1
nfcorpus,PLAIN-441,balanced,1,0.44574436780301335,0.44574436780301335,1
nfcorpus,PLAIN-441,balanced,64,0.44574436780301335,0.44574436780301335,1
nfcorpus,PLAIN-441,dibud,1,0.44653956957087126,0.44653956957087126,1
nfcorpus,PLAIN-441,dibud,64,0.44574436780301335,0.44574436780301335,1
nfcorpus,PLAIN-457,balanced,1,0.22308787280278927,0.22308787280278927,1
nfcorpus,PLAIN-457,balanced,64,0.22308787280278927,0.22308787280278927,1
nfcorpus,PLAIN-457,dibud,1,0.25012473290995935,0.25012473290995935,1
nfcorpus,PLAIN-457,dibud,64,0.24853432937424347,0.24853432937424347,1
nfcorpus,PLAIN-468,balanced,1,0.5053845003923592,0.5053845003923592,1
nfcorpus,PLAIN-468,balanced,64,0.5053845003923592,0.5053845003923592,1
nfcorpus,PLAIN-468,dibud,1,0.5133365180709386,0.5133365180709386,1
nfcorpus,PLAIN-468,dibud,64,0.5085653074637909,0.5085653074637909,1
nfcorpus,PLAIN-478,balanced,1,0.506179702160217,0.506179702160217,1
nfcorpus,PLAIN-478,balanced,64,0.506179702160217,0.506179702160217,1
nfcorpus,PLAIN-478,dibud,1,0.506179702160217,0.506179702160217,1
nfcorpus,PLAIN-478,dibud,64,0.506179702160217,0.506179702160217,1
nfcorpus,PLAIN-488,balanced,1,0.4067794811779742,0.4067794811779742,1
nfcorpus,PLAIN-488,balanced,64,0.4067794811779742,0.4067794811779742,1
nfcorpus,PLAIN-488,dibud,1,0.4067794811779742,0.4067794811779742,1
nfcorpus,PLAIN-488,dibud,64,0.4067794811779742,0.4067794811779742,1
nfcorpus,PLAIN-499,balanced,1,0.5284453516602395,0.5284453516602395,1
nfcorpus,PLAIN-499,balanced,64,0.5284453516602395,0.5284453516602395,1
nfcorpus,PLAIN-499,dibud,1,0.5300357551959554,0.5300357551959554,1
nfcorpus,PLAIN-499,dibud,64,0.5284453516602395,0.5284453516602395,1
nfcorpus,PLAIN-510,balanced,1,1.0,1.0,1
nfcorpus,PLAIN-510,balanced,64,1.0,1.0,1
nfcorpus,PLAIN-510,dibud,1,1.0,1.0,1
nfcorpus,PLAIN-510,dibud,64,1.0,1.0,1
nfcorpus,PLAIN-520,balanced,1,0.2890896195349985,0.2890896195349985,1
nfcorpus,PLAIN-520,balanced,64,0.2890896195349985,0.2890896195349985,1
nfcorpus,PLAIN-520,dibud,1,0.2890896195349985,0.2890896195349985,1
nfcorpus,PLAIN-520,dibud,64,0.2890896195349985,0.2890896195349985,1
nfcorpus,PLAIN-531,balanced,1,0.4338163412851442,0.4338163412851442,1
nfcorpus,PLAIN-531,balanced,64,0.4338163412851442,0.4338163412851442,1
nfcorpus,PLAIN-531,dibud,1,0.43540674482086017,0.43540674482086017,1
nfcorpus,PLAIN-531,dibud,64,0.4338163412851442,0.4338163412851442,1
nfcorpus,PLAIN-541,balanced,1,0.47755243851733103,0.47755243851733103,1
nfcorpus,PLAIN-541,balanced,64,0.47755243851733103,0.47755243851733103,1
nfcorpus,PLAIN-541,dibud,1,0.507770105695933,0.507770105695933,1
nfcorpus,PLAIN-541,dibud,64,0.4998180880173535,0.4998180880173535,1
nfcorpus,PLAIN-551,balanced,1,1.0,1.0,1
nfcorpus,PLAIN-551,balanced,64,1.0,1.0,1
nfcorpus,PLAIN-551,dibud,1,1.0,1.0,1
nfcorpus,PLAIN-551,dibud,64,1.0,1.0,1
nfcorpus,PLAIN-56,balanced,1,0.40280347233868447,0.40280347233868447,1
nfcorpus,PLAIN-56,balanced,64,0.40280347233868447,0.40280347233868447,1
nfcorpus,PLAIN-56,dibud,1,0.40280347233868447,0.40280347233868447,1
nfcorpus,PLAIN-56,dibud,64,0.40280347233868447,0.40280347233868447,1
nfcorpus,PLAIN-561,balanced,1,1.0,1.0,1
nfcorpus,PLAIN-561,balanced,64,1.0,1.0,1
nfcorpus,PLAIN-561,dibud,1,1.0,1.0,1
nfcorpus,PLAIN-561,dibud,64,1.0,1.0,1
nfcorpus,PLAIN-571,balanced,1,1.0,1.0,1
nfcorpus,PLAIN-571,balanced,64,1.0,1.0,1
nfcorpus,PLAIN-571,dibud,1,1.0,1.0,1
nfcorpus,PLAIN-571,dibud,64,1.0,1.0,1
nfcorpus,PLAIN-583,balanced,1,1.0,1.0,1
nfcorpus,PLAIN-583,balanced,64,1.0,1.0,1
nfcorpus,PLAIN-583,dibud,1,1.0,1.0,1
nfcorpus,PLAIN-583,dibud,64,1.0,1.0,1
nfcorpus,PLAIN-593,balanced,1,1.0,1.0,1
nfcorpus,PLAIN-593,balanced,64,1.0,1.0,1
nfcorpus,PLAIN-593,dibud,1,1.0,1.0,1
nfcorpus,PLAIN-593,dibud,64,1.0,1.0,1
nfcorpus,PLAIN-603,balanced,1,1.0,1.0,1
nfcorpus,PLAIN-603,balanced,64,1.0,1.0,1
nfcorpus,PLAIN-603,dibud,1,1.0,1.0,1
nfcorpus,PLAIN-603,dibud,64,1.0,1.0,1
nfcorpus,PLAIN-613,balanced,1,0.5157221233745124,0.5157221233745124,1
nfcorpus,PLAIN-613,balanced,64,0.5157221233745124,0.5157221233745124,1
nfcorpus,PLAIN-613,dibud,1,0.52049333398166,0.52049333398166,1
nfcorpus,PLAIN-613,dibud,64,0.52049333398166,0.52049333398166,1
nfcorpus,PLAIN-623,balanced,1,0.4576723943208826,0.4576723943208826,1
nfcorpus,PLAIN-623,balanced,64,0.4576723943208826,0.4576723943208826,1
nfcorpus,PLAIN-623,dibud,1,0.5228789392852339,0.5228789392852339,1
nfcorpus,PLAIN-623,dibud,64,0.5165173251423704,0.5165173251423704,1
nfcorpus,PLAIN-634,balanced,1,0.6381831956246358,0.6381831956246358,1
nfcorpus,PLAIN-634,balanced,64,0.6381831956246358,0.6381831956246358,1
nfcorpus,PLAIN-634,dibud,1,0.6381831956246358,0.6381831956246358,1
nfcorpus,PLAIN-634,dibud,64,0.6381831956246358,0.6381831956246358,1
nfcorpus,PLAIN-645,balanced,1,1.0,1.0,1
nfcorpus,PLAIN-645,balanced,64,1.0,1.0,1
nfcorpus,PLAIN-645,dibud,1,1.0,1.0,1
nfcorpus,PLAIN-645,dibud,64,1.0,1.0,1
nfcorpus,PLAIN-660,balanced,1,0.619098353196045,0.619098353196045,1
nfcorpus,PLAIN-660,balanced,64,0.619098353196045,0.619098353196045,1
nfcorpus,PLAIN-660,dibud,1,0.619098353196045,0.619098353196045,1
nfcorpus,PLAIN-660,dibud,64,0.619098353196045,0.619098353196045,1
nfcorpus,PLAIN-671,balanced,1,0.45767239432088247,0.45767239432088247,1
nfcorpus,PLAIN-671,balanced,64,0.45767239432088247,0.45767239432088247,1
nfcorpus,PLAIN-671,dibud,1,0.45767239432088247,0.45767239432088247,1
nfcorpus,PLAIN-671,dibud,64,0.45767239432088247,0.45767239432088247,1
nfcorpus,PLAIN-68,balanced,1,0.42984033244585457,0.42984033244585457,1
nfcorpus,PLAIN-68,balanced,64,0.42984033244585457,0.42984033244585457,1
nfcorpus,PLAIN-68,dibud,1,0.42984033244585457,0.42984033244585457,1
nfcorpus,PLAIN-68,dibud,64,0.42984033244585457,0.42984033244585457,1
nfcorpus,PLAIN-681,balanced,1,0.5968327036960226,0.5968327036960226,1
nfcorpus,PLAIN-681,balanced,64,0.5968327036960226,0.5968327036960226,1
nfcorpus,PLAIN-681,dibud,1,0.6008087125353123,0.6008087125353123,1
nfcorpus,PLAIN-681,dibud,64,0.593651896624591,0.593651896624591,1
nfcorpus,PLAIN-691,balanced,1,0.5705910453567105,0.5705910453567105,1
nfcorpus,PLAIN-691,balanced,64,0.5705910453567105,0.5705910453567105,1
nfcorpus,PLAIN-691,dibud,1,0.5705910453567105,0.5705910453567105,1
nfcorpus,PLAIN-691,dibud,64,0.5705910453567105,0.5705910453567105,1
nfcorpus,PLAIN-701,balanced,1,0.549915799392404,0.549915799392404,1
nfcorpus,PLAIN-701,balanced,64,0.549915799392404,0.549915799392404,1
nfcorpus,PLAIN-701,dibud,1,0.5515062029281199,0.5515062029281199,1
nfcorpus,PLAIN-701,dibud,64,0.549915799392404,0.549915799392404,1
nfcorpus,PLAIN-711,balanced,1,0.3972370599636788,0.3972370599636788,1
nfcorpus,PLAIN-711,balanced,64,0.3972370599636788,0.3972370599636788,1
nfcorpus,PLAIN-711,dibud,1,0.40518907764225826,0.40518907764225826,1
nfcorpus,PLAIN-711,dibud,64,0.4004178670351106,0.4004178670351106,1
nfcorpus,PLAIN-721,balanced,1,0.5371925711066767,0.5371925711066767,1
nfcorpus,PLAIN-721,balanced,64,0.5371925711066767,0.5371925711066767,1
nfcorpus,PLAIN-721,dibud,1,0.5371925711066767,0.5371925711066767,1
nfcorpus,PLAIN-721,dibud,64,0.5371925711066767,0.5371925711066767,1
nfcorpus,PLAIN-731,balanced,1,0.5642294312138469,0.5642294312138469,1
nfcorpus,PLAIN-731,balanced,64,0.5642294312138469,0.5642294312138469,1
nfcorpus,PLAIN-731,dibud,1,0.5666150365174208,0.5666150365174208,1
nfcorpus,PLAIN-731,dibud,64,0.5642294312138469,0.5642294312138469,1
nfcorpus,PLAIN-741,balanced,1,0.36781459455293497,0.36781459455293497,1
nfcorpus,PLAIN-741,balanced,64,0.36781459455293497,0.36781459455293497,1
nfcorpus,PLAIN-741,dibud,1,0.36781459455293497,0.36781459455293497,1
nfcorpus,PLAIN-741,dibud,64,0.36781459455293497,0.36781459455293497,1
nfcorpus,PLAIN-751,balanced,1,0.4672148155351779,0.4672148155351779,1
nfcorpus,PLAIN-751,balanced,64,0.4672148155351779,0.4672148155351779,1
nfcorpus,PLAIN-751,dibud,1,0.46801001730303576,0.46801001730303576,1
nfcorpus,PLAIN-751,dibud,64,0.4672148155351779,0.4672148155351779,1
nfcorpus,PLAIN-761,balanced,1,0.6564728362853685,0.6564728362853685,1
nfcorpus,PLAIN-761,balanced,64,0.6564728362853685,0.6564728362853685,1
nfcorpus,PLAIN-761,dibud,1,0.6930521176068338,0.6930521176068338,1
nfcorpus,PLAIN-761,dibud,64,0.689871310535402,0.689871310535402,1
nfcorpus,PLAIN-771,balanced,1,1.0,1.0,1
nfcorpus,PLAIN-771,balanced,64,1.0,1.0,1
nfcorpus,PLAIN-771,dibud,1,1.0,1.0,1
nfcorpus,PLAIN-771,dibud,64,1.0,1.0,1
nfcorpus,PLAIN-78,balanced,1,0.2763663912492715,0.2763663912492715,1
nfcorpus,PLAIN-78,balanced,64,0.2763663912492715,0.2763663912492715,1
nfcorpus,PLAIN-78,dibud,1,0.2795471983207033,0.2795471983207033,1
nfcorpus,PLAIN-78,dibud,64,0.2795471983207033,0.2795471983207033,1
nfcorpus,PLAIN-782,balanced,1,0.3232832955528901,0.3232832955528901,1
nfcorpus,PLAIN-782,balanced,64,0.3232832955528901,0.3232832955528901,1
nfcorpus,PLAIN-782,dibud,1,0.3232832955528901,0.3232832955528901,1
nfcorpus,PLAIN-782,dibud,64,0.3232832955528901,0.3232832955528901,1
nfcorpus,PLAIN-792,balanced,1,0.9220702267499216,0.9220702267499216,1
nfcorpus,PLAIN-792,balanced,64,0.9220702267499216,0.9220702267499216,1
nfcorpus,PLAIN-792,dibud,1,0.9220702267499216,0.9220702267499216,1
nfcorpus,PLAIN-792,dibud,64,0.9220702267499216,0.9220702267499216,1
nfcorpus,PLAIN-806,balanced,1,0.6262551691067665,0.6262551691067665,1
nfcorpus,PLAIN-806,balanced,64,0.6262551691067665,0.6262551691067665,1
nfcorpus,PLAIN-806,dibud,1,0.6278455726424823,0.6278455726424823,1
nfcorpus,PLAIN-806,dibud,64,0.6262551691067665,0.6262551691067665,1
nfcorpus,PLAIN-817,balanced,1,0.34236813798148075,0.34236813798148075,1
nfcorpus,PLAIN-817,balanced,64,0.34236813798148075,0.34236813798148075,1
nfcorpus,PLAIN-817,dibud,1,0.34236813798148075,0.34236813798148075,1
nfcorpus,PLAIN-817,dibud,64,0.34236813798148075,0.34236813798148075,1
nfcorpus,PLAIN-827,balanced,1,0.6970281264461234,0.6970281264461234,1
nfcorpus,PLAIN-827,balanced,64,0.6970281264461234,0.6970281264461234,1
nfcorpus,PLAIN-827,dibud,1,0.6978233282139814,0.6978233282139814,1
nfcorpus,PLAIN-827,dibud,64,0.6970281264461234,0.6970281264461234,1
nfcorpus,PLAIN-838,balanced,1,0.4767572367494732,0.4767572367494732,1
nfcorpus,PLAIN-838,balanced,64,0.4767572367494732,0.4767572367494732,1
nfcorpus,PLAIN-838,dibud,1,0.4767572367494732,0.4767572367494732,1
nfcorpus,PLAIN-838,dibud,64,0.4767572367494732,0.4767572367494732,1
nfcorpus,PLAIN-850,balanced,1,0.4743716314458994,0.4743716314458994,1
nfcorpus,PLAIN-850,balanced,64,0.4743716314458994,0.4743716314458994,1
nfcorpus,PLAIN-850,dibud,1,0.4743716314458994,0.4743716314458994,1
nfcorpus,PLAIN-850,dibud,64,0.4743716314458994,0.4743716314458994,1
nfcorpus,PLAIN-872,balanced,1,0.519698132213802,0.519698132213802,1
nfcorpus,PLAIN-872,balanced,64,0.519698132213802,0.519698132213802,1
nfcorpus,PLAIN-872,dibud,1,0.519698132213802,0.519698132213802,1
nfcorpus,PLAIN-872,dibud,64,0.519698132213802,0.519698132213802,1
nfcorpus,PLAIN-882,balanced,1,1.0,1.0,1
nfcorpus,PLAIN-882,balanced,64,1.0,1.0,1
nfcorpus,PLAIN-882,dibud,1,1.0,1.0,1
nfcorpus,PLAIN-882,dibud,64,1.0,1.0,1
nfcorpus,PLAIN-892,balanced,1,0.7781387067676337,0.7781387067676337,1
nfcorpus,PLAIN-892,balanced,64,0.7781387067676337,0.7781387067676337,1
nfcorpus,PLAIN-892,dibud,1,0.7781387067676337,0.7781387067676337,1
nfcorpus,PLAIN-892,dibud,64,0.7781387067676337,0.7781387067676337,1
nfcorpus,PLAIN-902,balanced,1,0.6143271425888973,0.6143271425888973,1
nfcorpus,PLAIN-902,balanced,64,0.6143271425888973,0.6143271425888973,1
nfcorpus,PLAIN-902,dibud,1,0.6143271425888973,0.6143271425888973,1
nfcorpus,PLAIN-902,dibud,64,0.6143271425888973,0.6143271425888973,1
nfcorpus,PLAIN-91,balanced,1,0.5864950807138694,0.5864950807138694,1
nfcorpus,PLAIN-91,balanced,64,0.5864950807138694,0.5864950807138694,1
nfcorpus,PLAIN-91,dibud,1,0.5912662913210169,0.5912662913210169,1
nfcorpus,PLAIN-91,dibud,64,0.5864950807138694,0.5864950807138694,1
nfcorpus,PLAIN-913,balanced,1,1.0,1.0,1
nfcorpus,PLAIN-913,balanced,64,1.0,1.0,1
nfcorpus,PLAIN-913,dibud,1,1.0,1.0,1
nfcorpus,PLAIN-913,dibud,64,1.0,1.0,1
nfcorpus,PLAIN-924,balanced,1,1.0,1.0,1
nfcorpus,PLAIN-924,balanced,64,1.0,1.0,1
nfcorpus,PLAIN-924,dibud,1,1.0,1.0,1
nfcorpus,PLAIN-924,dibud,64,1.0,1.0,1
nfcorpus,PLAIN-934,balanced,1,0.7789339085354917,0.7789339085354917,1
nfcorpus,PLAIN-934,balanced,64,0.7789339085354917,0.7789339085354917,1
nfcorpus,PLAIN-934,dibud,1,0.7797291103033496,0.7797291103033496,1
nfcorpus,PLAIN-934,dibud,64,0.7789339085354917,0.7789339085354917,1
nfcorpus,PLAIN-946,balanced,1,0.6087607302138918,0.6087607302138918,1
nfcorpus,PLAIN-946,balanced,64,0.6087607302138918,0.6087607302138918,1
nfcorpus,PLAIN-946,dibud,1,0.6087607302138918,0.6087607302138918,1
nfcorpus,PLAIN-946,dibud,64,0.6087607302138918,0.6087607302138918,1
nfcorpus,PLAIN-956,balanced,1,0.5618438259102732,0.5618438259102732,1
nfcorpus,PLAIN-956,balanced,64,0.5618438259102732,0.5618438259102732,1
nfcorpus,PLAIN-956,dibud,1,0.604784721374602,0.604784721374602,1
nfcorpus,PLAIN-956,dibud,64,0.5984231072317384,0.5984231072317384,1
nfcorpus,PLAIN-966,balanced,1,0.6342071867853459,0.6342071867853459,1
nfcorpus,PLAIN-966,balanced,64,0.6342071867853459,0.6342071867853459,1
nfcorpus,PLAIN-966,dibud,1,0.6342071867853459,0.6342071867853459,1
nfcorpus,PLAIN-966,dibud,64,0.6342071867853459,0.6342071867853459,1
nfcorpus,PLAIN-977,balanced,1,0.4441539642672975,0.4441539642672975,1
nfcorpus,PLAIN-977,balanced,64,0.4441539642672975,0.4441539642672975,1
nfcorpus,PLAIN-977,dibud,1,0.45051557841016104,0.45051557841016104,1
nfcorpus,PLAIN-977,dibud,64,0.45051557841016104,0.45051557841016104,1
nfcorpus,PLAIN-987,balanced,1,0.2922704266064303,0.2922704266064303,1
nfcorpus,PLAIN-987,balanced,64,0.2922704266064303,0.2922704266064303,1
nfcorpus,PLAIN-987,dibud,1,0.2922704266064303,0.2922704266064303,1
nfcorpus,PLAIN-987,dibud,64,0.2922704266064303,0.2922704266064303,1
nfcorpus,PLAIN-997,balanced,1,1.0,1.0,1
nfcorpus,PLAIN-997,balanced,64,1.0,1.0,1
nfcorpus,PLAIN-997,dibud,1,1.0,1.0,1
nfcorpus,PLAIN-997,dibud,64,1.0,1.0,1
scifact,1,balanced,1,0.20241262683848274,0.20241262683848274,1
scifact,1,balanced,64,0.20241262683848274,0.20241262683848274,1
scifact,1,dibud,1,0.20400303037419865,0.20400303037419865,1
scifact,1,dibud,64,0.20400303037419865,0.20400303037419865,1
scifact,100,balanced,1,0.550711001160262,0.550711001160262,1
scifact,100,balanced,64,0.550711001160262,0.550711001160262,1
scifact,100,dibud,1,0.60557992314246,0.60557992314246,1
scifact,100,dibud,64,0.6031943178388861,0.6031943178388861,1
scifact,1012,balanced,1,0.32884970792789575,0.32884970792789575,1
scifact,1012,balanced,64,0.32884970792789575,0.32884970792789575,1
scifact,1012,dibud,1,0.33203051499932756,0.33203051499932756,1
scifact,1012,dibud,64,0.33203051499932756,0.33203051499932756,1
scifact,1014,balanced,1,0.2867040142314247,0.2867040142314247,1
scifact,1014,balanced,64,0.2867040142314247,0.2867040142314247,1
scifact,1014,dibud,1,0.2867040142314247,0.2867040142314247,1
scifact,1014,dibud,64,0.2867040142314247,0.2867040142314247,1
scifact,1019,balanced,1,0.23501589932065842,0.23501589932065842,1
scifact,1019,balanced,64,0.23501589932065842,0.23501589932065842,1
scifact,1019,dibud,1,0.23501589932065842,0.23501589932065842,1
scifact,1019,dibud,64,0.23501589932065842,0.23501589932065842,1
scifact,1020,balanced,1,0.49902288624949565,0.49902288624949565,1
scifact,1020,balanced,64,0.49902288624949565,0.49902288624949565,1
scifact,1020,dibud,1,0.5085653074637909,0.5085653074637909,1
scifact,1020,dibud,64,0.5037940968566433,0.5037940968566433,1
scifact,1021,balanced,1,0.43222593774942836,0.43222593774942836,1
scifact,1021,balanced,64,0.43222593774942836,0.43222593774942836,1
scifact,1021,dibud,1,0.46323880669588813,0.46323880669588813,1
scifact,1021,dibud,64,0.46244360492803016,0.46244360492803016,1
scifact,1024,balanced,1,0.31612647964216867,0.31612647964216867,1
scifact,1024,balanced,64,0.31612647964216867,0.31612647964216867,1
scifact,1024,dibud,1,0.39246584935653117,0.39246584935653117,1
scifact,1024,dibud,64,0.39246584935653117,0.39246584935653117,1
scifact,1029,balanced,1,0.6524968274460786,0.6524968274460786,1
scifact,1029,balanced,64,0.6524968274460786,0.6524968274460786,1
scifact,1029,dibud,1,0.6699912663389535,0.6699912663389535,1
scifact,1029,dibud,64,0.6636296521960898,0.6636296521960898,1
scifact,1041,balanced,1,0.7550778554997535,0.7550778554997535,1
scifact,1041,balanced,64,0.7550778554997535,0.7550778554997535,1
scifact,1041,dibud,1,0.774162697928344,0.774162697928344,1
scifact,1041,dibud,64,0.7662106802497646,0.7662106802497646,1
scifact,1049,balanced,1,0.24167064758867327,0.24167064758867327,1
scifact,1049,balanced,64,0.24167064758867327,0.24167064758867327,1
scifact,1049,dibud,1,0.2672481821779294,0.2672481821779294,1
scifact,1049,dibud,64,0.2672481821779294,0.2672481821779294,1
scifact,1062,balanced,1,0.6310263797139142,0.6310263797139142,1
scifact,1062,balanced,64,0.6310263797139142,0.6310263797139142,1
scifact,1062,dibud,1,0.6564728362853685,0.6564728362853685,1
scifact,1062,dibud,64,0.6469304150710731,0.6469304150710731,1
scifact,1086,balanced,1,0.3066817698029238,0.3066817698029238,1
scifact,1086,balanced,64,0.3066817698029238,0.3066817698029238,1
scifact,1086,dibud,1,0.3282721733386397,0.3282721733386397,1
scifact,1086,dibud,64,0.323500962731492,0.323500962731492,1
scifact,1088,balanced,1,0.3542961644993499,0.3542961644993499,1
scifact,1088,balanced,64,0.3542961644993499,0.3542961644993499,1
scifact,1088,dibud,1,0.3598625768743555,0.3598625768743555,1
scifact,1088,dibud,64,0.3558865680350658,0.3558865680350658,1
scifact,1089,balanced,1,0.2612575576599706,0.2612575576599706,1
scifact,1089,balanced,64,0.2612575576599706,0.2612575576599706,1
scifact,1089,dibud,1,0.30101764605286774,0.30101764605286774,1
scifact,1089,dibud,64,0.30101764605286774,0.30101764605286774,1
scifact,1099,balanced,1,0.6779432840175329,0.6779432840175329,1
scifact,1099,balanced,64,0.6779432840175329,0.6779432840175329,1
scifact,1099,dibud,1,0.7097513547318506,0.7097513547318506,1
scifact,1099,dibud,64,0.7002089335175553,0.7002089335175553,1
scifact,1100,balanced,1,0.633411985017488,0.633411985017488,1
scifact,1100,balanced,64,0.633411985017488,0.633411985017488,1
scifact,1100,dibud,1,0.6588584415889422,0.6588584415889422,1
scifact,1100,dibud,64,0.6413640026960675,0.6413640026960675,1
scifact,1104,balanced,1,0.6604488451246581,0.6604488451246581,1
scifact,1104,balanced,64,0.6604488451246581,0.6604488451246581,1
scifact,1104,dibud,1,0.7113417582675665,0.7113417582675665,1
scifact,1104,dibud,64,0.7065705476604188,0.7065705476604188,1
scifact,1107,balanced,1,0.5729766506602844,0.5729766506602844,1
scifact,1107,balanced,64,0.5729766506602844,0.5729766506602844,1
scifact,1107,dibud,1,0.5864950807138695,0.5864950807138695,1
scifact,1107,dibud,64,0.5825190718745796,0.5825190718745796,1
scifact,1110,balanced,1,0.2620527594278285,0.2620527594278285,1
scifact,1110,balanced,64,0.2620527594278285,0.2620527594278285,1
scifact,1110,dibud,1,0.2620527594278285,0.2620527594278285,1
scifact,1110,dibud,64,0.2620527594278285,0.2620527594278285,1
scifact,1121,balanced,1,0.4855044561959106,0.4855044561959106,1
scifact,1121,balanced,64,0.4855044561959106,0.4855044561959106,1
scifact,1121,dibud,1,0.5586630188388414,0.5586630188388414,1
scifact,1121,dibud,64,0.5554822117674095,0.5554822117674095,1
scifact,113,balanced,1,0.479142842053047,0.479142842053047,1
scifact,113,balanced,64,0.479142842053047,0.479142842053047,1
scifact,113,dibud,1,0.5149269216066545,0.5149269216066545,1
scifact,113,dibud,64,0.5093605092316489,0.5093605092316489,1
scifact,1130,balanced,1,0.5626390276781311,0.5626390276781311,1
scifact,1130,balanced,64,0.5626390276781311,0.5626390276781311,1
scifact,1130,dibud,1,0.6596536433568001,0.6596536433568001,1
scifact,1130,dibud,64,0.6501112221425048,0.6501112221425048,1
scifact,1132,balanced,1,0.6986185299818393,0.6986185299818393,1
scifact,1132,balanced,64,0.6986185299818393,0.6986185299818393,1
scifact,1132,dibud,1,0.732812205999731,0.732812205999731,1
scifact,1132,dibud,64,0.71770337241043,0.71770337241043,1
scifact,1137,balanced,1,0.6175079496603291,0.6175079496603291,1
scifact,1137,balanced,64,0.6175079496603291,0.6175079496603291,1
scifact,1137,dibud,1,0.6262551691067665,0.6262551691067665,1
scifact,1137,dibud,64,0.6254599673389085,0.6254599673389085,1
scifact,1140,balanced,1,0.4616484031601723,0.4616484031601723,1
scifact,1140,balanced,64,0.4616484031601723,0.4616484031601723,1
scifact,1140,dibud,1,0.4616484031601723,0.4616484031601723,1
scifact,1140,dibud,64,0.4616484031601723,0.4616484031601723,1
scifact,1144,balanced,1,0.43381634128514424,0.43381634128514424,1
scifact,1144,balanced,64,0.43381634128514424,0.43381634128514424,1
scifact,1144,dibud,1,0.4616484031601723,0.4616484031601723,1
scifact,1144,dibud,64,0.45608199078516665,0.45608199078516665,1
scifact,1146,balanced,1,0.647725616838931,0.647725616838931,1
scifact,1146,balanced,64,0.647725616838931,0.647725616838931,1
scifact,1146,dibud,1,0.6620392486603739,0.6620392486603739,1
scifact,1146,dibud,64,0.6604488451246581,0.6604488451246581,1
scifact,115,balanced,1,0.20002702153490892,0.20002702153490892,1
scifact,115,balanced,64,0.20002702153490892,0.20002702153490892,1
scifact,115,dibud,1,0.20002702153490892,0.20002702153490892,1
scifact,115,dibud,64,0.20002702153490892,0.20002702153490892,1
scifact,1150,balanced,1,0.3606577786422135,0.3606577786422135,1
scifact,1150,balanced,64,0.3606577786422135,0.3606577786422135,1
scifact,1150,dibud,1,0.3702001998565088,0.3702001998565088,1
scifact,1150,dibud,64,0.3702001998565088,0.3702001998565088,1
scifact,1163,balanced,1,0.22070226749921543,0.22070226749921543,1
scifact,1163,balanced,64,0.22070226749921543,0.22070226749921543,1
scifact,1163,dibud,1,0.22229267103493133,0.22229267103493133,1
scifact,1163,dibud,64,0.22229267103493133,0.22229267103493133,1
scifact,1175,balanced,1,0.2890896195349986,0.2890896195349986,1
scifact,1175,balanced,64,0.2890896195349986,0.2890896195349986,1
scifact,1175,dibud,1,0.29545123367786214,0.29545123367786214,1
scifact,1175,dibud,64,0.29386083014214626,0.29386083014214626,1
scifact,1179,balanced,1,0.38928504228509947,0.38928504228509947,1
scifact,1179,balanced,64,0.38928504228509947,0.38928504228509947,1
scifact,1179,dibud,1,0.3988274634993948,0.3988274634993948,1
scifact,1179,dibud,64,0.3940562528922471,0.3940562528922471,1
scifact,118,balanced,1,0.465624411999462,0.465624411999462,1
scifact,118,balanced,64,0.465624411999462,0.465624411999462,1
scifact,118,dibud,1,0.4847092544280526,0.4847092544280526,1
scifact,118,dibud,64,0.48311885089233675,0.48311885089233675,1
scifact,1180,balanced,1,0.5690006418209946,0.5690006418209946,1
scifact,1180,balanced,64,0.5690006418209946,0.5690006418209946,1
scifact,1180,dibud,1,0.5769526594995741,0.5769526594995741,1
scifact,1180,dibud,64,0.5705910453567105,0.5705910453567105,1
scifact,1185,balanced,1,0.42586432360656484,0.42586432360656484,1
scifact,1185,balanced,64,0.42586432360656484,0.42586432360656484,1
scifact,1185,dibud,1,0.5125413163030806,0.5125413163030806,1
scifact,1185,dibud,64,0.5085653074637909,0.5085653074637909,1
scifact,1187,balanced,1,0.4910708685709161,0.4910708685709161,1
scifact,1187,balanced,64,0.4910708685709161,0.4910708685709161,1
scifact,1187,dibud,1,0.5181077286780862,0.5181077286780862,1
scifact,1187,dibud,64,0.5165173251423704,0.5165173251423704,1
scifact,1191,balanced,1,0.212750249820636,0.212750249820636,1
scifact,1191,balanced,64,0.212750249820636,0.212750249820636,1
scifact,1191,dibud,1,0.23660630285637432,0.23660630285637432,1
scifact,1191,dibud,64,0.23660630285637432,0.23660630285637432,1
scifact,1194,balanced,1,0.3574769715707817,0.3574769715707817,1
scifact,1194,balanced,64,0.3574769715707817,0.3574769715707817,1
scifact,1194,dibud,1,0.3702001998565088,0.3702001998565088,1
scifact,1194,dibud,64,0.3702001998565088,0.3702001998565088,1
scifact,1196,balanced,1,0.2564863470528229,0.2564863470528229,1
scifact,1196,balanced,64,0.2564863470528229,0.2564863470528229,1
scifact,1196,dibud,1,0.26284796119568643,0.26284796119568643,1
scifact,1196,dibud,64,0.2580767505885388,0.2580767505885388,1
scifact,1197,balanced,1,0.2564863470528229,0.2564863470528229,1
scifact,1197,balanced,64,0.2564863470528229,0.2564863470528229,1
scifact,1197,dibud,1,0.26841437357069203,0.26841437357069203,1
scifact,1197,dibud,64,0.26602876826711824,0.26602876826711824,1
scifact,1199,balanced,1,0.4163219023922695,0.4163219023922695,1
scifact,1199,balanced,64,0.4163219023922695,0.4163219023922695,1
scifact,1199,dibud,1,0.42904513067799654,0.42904513067799654,1
scifact,1199,dibud,64,0.4242739200708489,0.4242739200708489,1
scifact,1200,balanced,1,0.13834525173198514,0.1543605092316489,0
scifact,1200,balanced,64,0.13834525173198514,0.1543605092316489,0
scifact,1200,dibud,1,0.1447068658748487,0.16072212337451247,0
scifact,1200,dibud,64,0.1447068658748487,0.16072212337451247,0
scifact,1202,balanced,1,0.3646337874815032,0.3646337874815032,1
scifact,1202,balanced,64,0.3646337874815032,0.3646337874815032,1
scifact,1202,dibud,1,0.36940499808865085,0.36940499808865085,1
scifact,1202,dibud,64,0.3646337874815032,0.3646337874815032,1
scifact,1204,balanced,1,0.4409731571958658,0.4409731571958658,1
scifact,1204,balanced,64,0.4409731571958658,0.4409731571958658,1
scifact,1204,dibud,1,0.44733477133872923,0.44733477133872923,1
scifact,1204,dibud,64,0.4425635607315816,0.4425635607315816,1
scifact,1207,balanced,1,0.32089769024931636,0.32089769024931636,1
scifact,1207,balanced,64,0.32089769024931636,0.32089769024931636,1
scifact,1207,dibud,1,0.33044011146361163,0.33044011146361163,1
scifact,1207,dibud,64,0.3288497079278958,0.3288497079278958,1
scifact,1213,balanced,1,0.5173125269102283,0.5173125269102283,1
scifact,1213,balanced,64,0.5173125269102283,0.5173125269102283,1
scifact,1213,dibud,1,0.534806965803103,0.534806965803103,1
scifact,1213,dibud,64,0.5332165622673872,0.5332165622673872,1
scifact,1216,balanced,1,0.325668900856464,0.325668900856464,1
scifact,1216,balanced,64,0.325668900856464,0.325668900856464,1
scifact,1216,dibud,1,0.3431633397493387,0.3431633397493387,1
scifact,1216,dibud,64,0.3399825326779069,0.3399825326779069,1
scifact,1221,balanced,1,0.37099540162436667,0.37099540162436667,1
scifact,1221,balanced,64,0.37099540162436667,0.37099540162436667,1
scifact,1221,dibud,1,0.40518907764225826,0.40518907764225826,1
scifact,1221,dibud,64,0.39962266526725265,0.39962266526725265,1
scifact,1225,balanced,1,0.4823236491244788,0.4823236491244788,1
scifact,1225,balanced,64,0.4823236491244788,0.4823236491244788,1
scifact,1225,dibud,1,0.506974903928075,0.506974903928075,1
scifact,1225,dibud,64,0.49504687741020587,0.49504687741020587,1
scifact,1226,balanced,1,0.2628479611956865,0.2628479611956865,1
scifact,1226,balanced,64,0.2628479611956865,0.2628479611956865,1
scifact,1226,dibud,1,0.2930656283742883,0.2930656283742883,1
scifact,1226,dibud,64,0.2914752248385724,0.2914752248385724,1
scifact,1232,balanced,1,0.3431633397493387,0.3431633397493387,1
scifact,1232,balanced,64,0.3431633397493387,0.3431633397493387,1
scifact,1232,dibud,1,0.3487297521243443,0.3487297521243443,1
scifact,1232,dibud,64,0.3447537432850546,0.3447537432850546,1
scifact,124,balanced,1,0.615797590321062,0.6183031514281871,0
scifact,124,balanced,64,0.615797590321062,0.6183031514281871,0
scifact,124,dibud,1,0.6436296521960899,0.6461352133032151,0
scifact,124,dibud,64,0.6269304150710732,0.6294359761781984,0
scifact,1241,balanced,1,0.7137273635711403,0.7137273635711403,1
scifact,1241,balanced,64,0.7137273635711403,0.7137273635711403,1
scifact,1241,dibud,1,0.7487162413568899,0.7487162413568899,1
scifact,1241,dibud,64,0.7407642236783104,0.7407642236783104,1
scifact,1245,balanced,1,0.30658405842787334,0.30658405842787334,1
scifact,1245,balanced,64,0.30658405842787334,0.30658405842787334,1
scifact,1245,dibud,1,0.3654289892493612,0.3654289892493612,1
scifact,1245,dibud,64,0.3654289892493612,0.3654289892493612,1
scifact,1259,balanced,1,0.4910708685709162,0.4910708685709162,1
scifact,1259,balanced,64,0.4910708685709162,0.4910708685709162,1
scifact,1259,dibud,1,0.5196981322138021,0.5196981322138021,1
scifact,1259,dibud,64,0.5085653074637909,0.5085653074637909,1
scifact,1262,balanced,1,0.662834450428232,0.662834450428232,1
scifact,1262,balanced,64,0.662834450428232,0.662834450428232,1
scifact,1262,dibud,1,0.6994137317496973,0.6994137317496973,1
scifact,1262,dibud,64,0.6898713105354021,0.6898713105354021,1
scifact,1266,balanced,1,0.8290316199105422,0.8290316199105422,1
scifact,1266,balanced,64,0.8290316199105422,0.8290316199105422,1
scifact,1266,dibud,1,0.8345980322855477,0.8345980322855477,1
scifact,1266,dibud,64,0.8290316199105422,0.8290316199105422,1
scifact,127,balanced,1,0.28272800539213505,0.28272800539213505,1
scifact,127,balanced,64,0.28272800539213505,0.28272800539213505,1
scifact,127,dibud,1,0.2859088124635668,0.2859088124635668,1
scifact,127,dibud,64,0.28431840892785093,0.28431840892785093,1
scifact,1270,balanced,1,0.4274547271422807,0.4274547271422807,1
scifact,1270,balanced,64,0.4274547271422807,0.4274547271422807,1
scifact,1270,dibud,1,0.4457443678030134,0.4457443678030134,1
scifact,1270,dibud,64,0.4338163412851442,0.4338163412851442,1
scifact,1271,balanced,1,0.324873699088606,0.324873699088606,1
scifact,1271,balanced,64,0.324873699088606,0.324873699088606,1
scifact,1271,dibud,1,0.37815221753508826,0.37815221753508826,1
scifact,1271,dibud,64,0.37576661223151436,0.37576661223151436,1
scifact,1272,balanced,1,0.29465603191000417,0.29465603191000417,1
scifact,1272,balanced,64,0.29465603191000417,0.29465603191000417,1
scifact,1272,dibud,1,0.2962464354457201,0.2962464354457201,1
scifact,1272,dibud,64,0.29465603191000417,0.29465603191000417,1
scifact,1273,balanced,1,0.43779235012443396,0.43779235012443396,1
scifact,1273,balanced,64,0.43779235012443396,0.43779235012443396,1
scifact,1273,dibud,1,0.4552867890173088,0.4552867890173088,1
scifact,1273,dibud,64,0.45051557841016115,0.45051557841016115,1
scifact,1274,balanced,1,0.4290451306779966,0.4290451306779966,1
scifact,1274,balanced,64,0.4290451306779966,0.4290451306779966,1
scifact,1274,dibud,1,0.451310780178019,0.451310780178019,1
scifact,1274,dibud,64,0.4481299731065873,0.4481299731065873,1
scifact,1278,balanced,1,0.33123531323146954,0.33123531323146954,1
scifact,1278,balanced,64,0.33123531323146954,0.33123531323146954,1
scifact,1278,dibud,1,0.35668176980292376,0.35668176980292376,1
scifact,1278,dibud,64,0.3550913662672079,0.3550913662672079,1
scifact,1279,balanced,1,0.3495249538922023,0.3495249538922023,1
scifact,1279,balanced,64,0.3495249538922023,0.3495249538922023,1
scifact,1279,dibud,1,0.3757666122315144,0.3757666122315144,1
scifact,1279,dibud,64,0.3717906033922247,0.3717906033922247,1
scifact,128,balanced,1,0.24773912760638553,0.24773912760638553,1
scifact,128,balanced,64,0.24773912760638553,0.24773912760638553,1
scifact,128,dibud,1,0.2564863470528229,0.2564863470528229,1
scifact,128,dibud,64,0.2525103382135332,0.2525103382135332,1
scifact,1280,balanced,1,0.2620527594278285,0.2620527594278285,1
scifact,1280,balanced,64,0.2620527594278285,0.2620527594278285,1
scifact,1280,dibud,1,0.26841437357069203,0.26841437357069203,1
scifact,1280,dibud,64,0.26841437357069203,0.26841437357069203,1
scifact,1281,balanced,1,0.23103989048136875,0.23103989048136875,1
scifact,1281,balanced,64,0.23103989048136875,0.23103989048136875,1
scifact,1281,dibud,1,0.23740150462423223,0.23740150462423223,1
scifact,1281,dibud,64,0.23422069755280048,0.23422069755280048,1
scifact,1282,balanced,1,0.3153312778743107,0.3153312778743107,1
scifact,1282,balanced,64,0.3153312778743107,0.3153312778743107,1
scifact,1282,dibud,1,0.3201024884814584,0.3201024884814584,1
scifact,1282,dibud,64,0.3201024884814584,0.3201024884814584,1
scifact,129,balanced,1,0.23581110108851638,0.23581110108851638,1
scifact,129,balanced,64,0.23581110108851638,0.23581110108851638,1
scifact,129,dibud,1,0.23899190815994817,0.23899190815994817,1
scifact,129,dibud,64,0.23740150462423223,0.23740150462423223,1
scifact,1290,balanced,1,0.40916508648154803,0.40916508648154803,1
scifact,1290,balanced,64,0.40916508648154803,0.40916508648154803,1
scifact,1290,dibud,1,0.437792350124434,0.437792350124434,1
scifact,1290,dibud,64,0.43620194658871814,0.43620194658871814,1
scifact,1292,balanced,1,0.30976486549930515,0.30976486549930515,1
scifact,1292,balanced,64,0.30976486549930515,0.30976486549930515,1
scifact,1292,dibud,1,0.3519105591957761,0.3519105591957761,1
scifact,1292,dibud,64,0.35111535742791816,0.35111535742791816,1
scifact,1298,balanced,1,0.42665952537442275,0.42665952537442275,1
scifact,1298,balanced,64,0.42665952537442275,0.42665952537442275,1
scifact,1298,dibud,1,0.49663728094592174,0.49663728094592174,1
scifact,1298,dibud,64,0.49027566680305823,0.49027566680305823,1
scifact,13,balanced,1,0.5403733781781087,0.5403733781781087,1
scifact,13,balanced,64,0.5403733781781087,0.5403733781781087,1
scifact,13,dibud,1,0.5610486241424152,0.5610486241424152,1
scifact,13,dibud,64,0.5435541852495404,0.5435541852495404,1
scifact,130,balanced,1,0.24217271523137993,0.24217271523137993,1
scifact,130,balanced,64,0.24217271523137993,0.24217271523137993,1
scifact,130,dibud,1,0.24535352230281168,0.24535352230281168,1
scifact,130,dibud,64,0.24535352230281168,0.24535352230281168,1
scifact,1303,balanced,1,0.27079997887426593,0.27079997887426593,1
scifact,1303,balanced,64,0.27079997887426593,0.27079997887426593,1
scifact,1303,dibud,1,0.3169216814100266,0.3169216814100266,1
scifact,1303,dibud,64,0.3169216814100266,0.3169216814100266,1
scifact,1316,balanced,1,0.5435541852495404,0.5435541852495404,1
scifact,1316,balanced,64,0.5435541852495404,0.5435541852495404,1
scifact,1316,dibud,1,0.6071703266781758,0.6071703266781758,1
scifact,1316,dibud,64,0.6008087125353123,0.6008087125353123,1
scifact,1319,balanced,1,0.4640340084637461,0.4640340084637461,1
scifact,1319,balanced,64,0.4640340084637461,0.4640340084637461,1
scifact,1319,dibud,1,0.47198602614232554,0.47198602614232554,1
scifact,1319,dibud,64,0.46880521907089373,0.46880521907089373,1
scifact,132,balanced,1,0.39644185819582095,0.39644185819582095,1
scifact,132,balanced,64,0.39644185819582095,0.39644185819582095,1
scifact,132,dibud,1,0.4489251748744452,0.4489251748744452,1
scifact,132,dibud,64,0.4489251748744452,0.4489251748744452,1
scifact,1320,balanced,1,0.633411985017488,0.633411985017488,1
scifact,1320,balanced,64,0.633411985017488,0.633411985017488,1
scifact,1320,dibud,1,0.6381831956246358,0.6381831956246358,1
scifact,1320,dibud,64,0.6381831956246358,0.6381831956246358,1
scifact,133,balanced,1,0.35668176980292376,0.35668176980292376,1
scifact,133,balanced,64,0.35668176980292376,0.35668176980292376,1
scifact,133,dibud,1,0.4544915872494508,0.4544915872494508,1
scifact,133,dibud,64,0.45051557841016104,0.45051557841016104,1
scifact,1332,balanced,1,0.619098353196045,0.619098353196045,1
scifact,1332,balanced,64,0.619098353196045,0.619098353196045,1
scifact,1332,dibud,1,0.7097513547318506,0.7097513547318506,1
scifact,1332,dibud,64,0.7049801441247029,0.7049801441247029,1
scifact,1335,balanced,1,0.6326167832496301,0.6326167832496301,1
scifact,1335,balanced,64,0.6326167832496301,0.6326167832496301,1
scifact,1335,dibud,1,0.6739672751782432,0.6739672751782432,1
scifact,1335,dibud,64,0.6644248539639478,0.6644248539639478,1
scifact,1336,balanced,1,0.7081609511961346,0.7081609511961346,1
scifact,1336,balanced,64,0.7081609511961346,0.7081609511961346,1
scifact,1336,dibud,1,0.7153177671068562,0.7153177671068562,1
scifact,1336,dibud,64,0.7081609511961346,0.7081609511961346,1
scifact,1337,balanced,1,0.4131410953208378,0.4131410953208378,1
scifact,1337,balanced,64,0.4131410953208378,0.4131410953208378,1
scifact,1337,dibud,1,0.41473149885655364,0.41473149885655364,1
scifact,1337,dibud,64,0.4131410953208378,0.4131410953208378,1
scifact,1339,balanced,1,0.23133302460652,0.25012473290995935,0
scifact,1339,balanced,64,0.23133302460652,0.25012473290995935,0
scifact,1339,dibud,1,0.23451383167795178,0.2533055399813911,0
scifact,1339,dibud,64,0.2329234281422359,0.2517151364456753,0
scifact,1344,balanced,1,0.5912662913210169,0.5912662913210169,1
scifact,1344,balanced,64,0.5912662913210169,0.5912662913210169,1
scifact,1344,dibud,1,0.6206887567317609,0.6206887567317609,1
scifact,1344,dibud,64,0.6135319408210395,0.6135319408210395,1
scifact,1352,balanced,1,0.310560067267163,0.310560067267163,1
scifact,1352,balanced,64,0.310560067267163,0.310560067267163,1
scifact,1352,dibud,1,0.3487297521243443,0.3487297521243443,1
scifact,1352,dibud,64,0.34554894505291256,0.34554894505291256,1
scifact,1359,balanced,1,0.42029791123155924,0.42029791123155924,1
scifact,1359,balanced,64,0.42029791123155924,0.42029791123155924,1
scifact,1359,dibud,1,0.43779235012443396,0.43779235012443396,1
scifact,1359,dibud,64,0.42665952537442275,0.42665952537442275,1
scifact,1362,balanced,1,0.23501589932065842,0.23501589932065842,1
scifact,1362,balanced,64,0.23501589932065842,0.23501589932065842,1
scifact,1362,dibud,1,0.2453535223028117,0.2453535223028117,1
scifact,1362,dibud,64,0.24455832053495374,0.24455832053495374,1
scifact,1363,balanced,1,0.20718383744563043,0.20718383744563043,1
scifact,1363,balanced,64,0.20718383744563043,0.20718383744563043,1
scifact,1363,dibud,1,0.21513585512420985,0.21513585512420985,1
scifact,1363,dibud,64,0.21195504805277807,0.21195504805277807,1
scifact,1368,balanced,1,0.5181077286780863,0.5181077286780863,1
scifact,1368,balanced,64,0.5181077286780863,0.5181077286780863,1
scifact,1368,dibud,1,0.5252645445888078,0.5252645445888078,1
scifact,1368,dibud,64,0.5212885357495181,0.5212885357495181,1
scifact,137,balanced,1,0.3264641026243219,0.3264641026243219,1
scifact,137,balanced,64,0.3264641026243219,0.3264641026243219,1
scifact,137,dibud,1,0.38689943698152557,0.38689943698152557,1
scifact,137,dibud,64,0.38530903344580975,0.38530903344580975,1
scifact,1370,balanced,1,0.5888806860174431,0.5888806860174431,1
scifact,1370,balanced,64,0.5888806860174431,0.5888806860174431,1
scifact,1370,dibud,1,0.5968327036960227,0.5968327036960227,1
scifact,1370,dibud,64,0.5888806860174431,0.5888806860174431,1
scifact,1379,balanced,1,0.7057753458925609,0.7057753458925609,1
scifact,1379,balanced,64,0.7057753458925609,0.7057753458925609,1
scifact,1379,dibud,1,0.7375834166068787,0.7375834166068787,1
scifact,1379,dibud,64,0.718498574178288,0.718498574178288,1
scifact,1382,balanced,1,0.4640340084637461,0.4640340084637461,1
scifact,1382,balanced,64,0.4640340084637461,0.4640340084637461,1
scifact,1382,dibud,1,0.46880521907089373,0.46880521907089373,1
scifact,1382,dibud,64,0.46880521907089373,0.46880521907089373,1
scifact,1385,balanced,1,0.34157293621362284,0.34157293621362284,1
scifact,1385,balanced,64,0.34157293621362284,0.34157293621362284,1
scifact,1385,dibud,1,0.3447537432850546,0.3447537432850546,1
scifact,1385,dibud,64,0.3431633397493387,0.3431633397493387,1
scifact,1389,balanced,1,0.23024468871351078,0.23024468871351078,1
scifact,1389,balanced,64,0.23024468871351078,0.23024468871351078,1
scifact,1389,dibud,1,0.23183509224922666,0.23183509224922666,1
scifact,1389,dibud,64,0.23183509224922666,0.23183509224922666,1
scifact,1395,balanced,1,0.2381967063920902,0.2381967063920902,1
scifact,1395,balanced,64,0.2381967063920902,0.2381967063920902,1
scifact,1395,dibud,1,0.2572815488206809,0.2572815488206809,1
scifact,1395,dibud,64,0.2572815488206809,0.2572815488206809,1
scifact,141,balanced,1,0.33078646810681145,0.3733810069279406,0
scifact,141,balanced,64,0.33078646810681145,0.3733810069279406,0
scifact,141,dibud,1,0.34987131053540205,0.39246584935653117,0
scifact,141,dibud,64,0.34987131053540205,0.39246584935653117,0
scifact,142,balanced,1,0.48948046503520026,0.48948046503520026,1
scifact,142,balanced,64,0.48948046503520026,0.48948046503520026,1
scifact,142,dibud,1,0.5037940968566433,0.5037940968566433,1
scifact,142,dibud,64,0.5022036933209273,0.5022036933209273,1
scifact,143,balanced,1,0.501179702160217,0.501179702160217,1
scifact,143,balanced,64,0.501179702160217,0.501179702160217,1
scifact,143,dibud,1,0.5212885357495181,0.5212885357495181,1
scifact,143,dibud,64,0.5133365180709386,0.5133365180709386,1
scifact,146,balanced,1,0.43415396426729747,0.43415396426729747,1
scifact,146,balanced,64,0.43415396426729747,0.43415396426729747,1
scifact,146,dibud,1,0.45449158724945077,0.45449158724945077,1
scifact,146,dibud,64,0.44892517487444517,0.44892517487444517,1
scifact,148,balanced,1,0.5363973693388189,0.5363973693388189,1
scifact,148,balanced,64,0.5363973693388189,0.5363973693388189,1
scifact,148,dibud,1,0.5904710895531591,0.5904710895531591,1
scifact,148,dibud,64,0.5825190718745797,0.5825190718745797,1
scifact,163,balanced,1,0.3940562528922471,0.3940562528922471,1
scifact,163,balanced,64,0.3940562528922471,0.3940562528922471,1
scifact,163,dibud,1,0.5053845003923592,0.5053845003923592,1
scifact,163,dibud,64,0.5022036933209273,0.5022036933209273,1
scifact,171,balanced,1,0.21299889508878536,0.24932953114210143,0
scifact,171,balanced,64,0.21299889508878536,0.24932953114210143,0
scifact,171,dibud,1,0.21458929862450124,0.25091993467781726,0
scifact,171,dibud,64,0.21458929862450124,0.25091993467781726,0
scifact,179,balanced,1,0.6771480822496749,0.6771480822496749,1
scifact,179,balanced,64,0.6771480822496749,0.6771480822496749,1
scifact,179,dibud,1,0.689076108767544,0.689076108767544,1
scifact,179,dibud,64,0.6866905034639702,0.6866905034639702,1
scifact,180,balanced,1,0.3169216814100266,0.3169216814100266,1
scifact,180,balanced,64,0.3169216814100266,0.3169216814100266,1
scifact,180,dibud,1,0.3519105591957761,0.3519105591957761,1
scifact,180,dibud,64,0.3471393485886284,0.3471393485886284,1
scifact,183,balanced,1,0.5570726153031255,0.5570726153031255,1
scifact,183,balanced,64,0.5570726153031255,0.5570726153031255,1
scifact,183,dibud,1,0.6198935549639031,0.6198935549639031,1
scifact,183,dibud,64,0.6143271425888974,0.6143271425888974,1
scifact,185,balanced,1,0.592856694856733,0.592856694856733,1
scifact,185,balanced,64,0.592856694856733,0.592856694856733,1
scifact,185,dibud,1,0.6588584415889422,0.6588584415889422,1
scifact,185,dibud,64,0.6548824327496524,0.6548824327496524,1
scifact,198,balanced,1,0.19127980208847153,0.19127980208847153,1
scifact,198,balanced,64,0.19127980208847153,0.19127980208847153,1
scifact,198,dibud,1,0.19127980208847153,0.19127980208847153,1
scifact,198,dibud,64,0.19127980208847153,0.19127980208847153,1
scifact,208,balanced,1,0.5809286683388637,0.5809286683388637,1
scifact,208,balanced,64,0.5809286683388637,0.5809286683388637,1
scifact,208,dibud,1,0.6206887567317609,0.6206887567317609,1
scifact,208,dibud,64,0.6175079496603292,0.6175079496603292,1
scifact,212,balanced,1,0.4425635607315816,0.4425635607315816,1
scifact,212,balanced,64,0.4425635607315816,0.4425635607315816,1
scifact,212,dibud,1,0.4870948597316264,0.4870948597316264,1
scifact,212,dibud,64,0.48391405266019466,0.48391405266019466,1
scifact,213,balanced,1,0.5833142736424376,0.5833142736424376,1
scifact,213,balanced,64,0.5833142736424376,0.5833142736424376,1
scifact,213,dibud,1,0.5888806860174433,0.5888806860174433,1
scifact,213,dibud,64,0.5849046771781535,0.5849046771781535,1
scifact,216,balanced,1,0.507770105695933,0.507770105695933,1
scifact,216,balanced,64,0.507770105695933,0.507770105695933,1
scifact,216,dibud,1,0.5395781764102507,0.5395781764102507,1
scifact,216,dibud,64,0.534806965803103,0.534806965803103,1
scifact,217,balanced,1,0.3845138316779518,0.3845138316779518,1
scifact,217,balanced,64,0.3845138316779518,0.3845138316779518,1
scifact,217,dibud,1,0.4020082705708265,0.4020082705708265,1
scifact,217,dibud,64,0.3892850422850994,0.3892850422850994,1
scifact,218,balanced,1,0.4616484031601723,0.4616484031601723,1
scifact,218,balanced,64,0.4616484031601723,0.4616484031601723,1
scifact,218,dibud,1,0.4886852632673424,0.4886852632673424,1
scifact,218,dibud,64,0.4855044561959106,0.4855044561959106,1
scifact,219,balanced,1,0.4576723943208826,0.4576723943208826,1
scifact,219,balanced,64,0.4576723943208826,0.4576723943208826,1
scifact,219,dibud,1,0.49584207917806383,0.49584207917806383,1
scifact,219,dibud,64,0.4910708685709161,0.4910708685709161,1
scifact,230,balanced,1,0.44812997310658725,0.44812997310658725,1
scifact,230,balanced,64,0.44812997310658725,0.44812997310658725,1
scifact,230,dibud,1,0.465624411999462,0.465624411999462,1
scifact,230,dibud,64,0.4640340084637461,0.4640340084637461,1
scifact,232,balanced,1,0.26602876826711824,0.26602876826711824,1
scifact,232,balanced,64,0.26602876826711824,0.26602876826711824,1
scifact,232,dibud,1,0.27557118948141357,0.27557118948141357,1
scifact,232,dibud,64,0.27557118948141357,0.27557118948141357,1
scifact,233,balanced,1,0.28829441776714065,0.28829441776714065,1
scifact,233,balanced,64,0.28829441776714065,0.28829441776714065,1
scifact,233,dibud,1,0.2930656283742883,0.2930656283742883,1
scifact,233,dibud,64,0.2914752248385724,0.2914752248385724,1
scifact,236,balanced,1,0.3264641026243219,0.3264641026243219,1
scifact,236,balanced,64,0.3264641026243219,0.3264641026243219,1
scifact,236,dibud,1,0.3423681379814808,0.3423681379814808,1
scifact,236,dibud,64,0.33600652383861723,0.33600652383861723,1
scifact,237,balanced,1,0.3169216814100266,0.3169216814100266,1
scifact,237,balanced,64,0.3169216814100266,0.3169216814100266,1
scifact,237,dibud,1,0.32089769024931636,0.32089769024931636,1
scifact,237,dibud,64,0.3185120849457425,0.3185120849457425,1
scifact,238,balanced,1,0.494251675642348,0.494251675642348,1
scifact,238,balanced,64,0.494251675642348,0.494251675642348,1
scifact,238,dibud,1,0.5022036933209274,0.5022036933209274,1
scifact,238,dibud,64,0.49902288624949565,0.49902288624949565,1
scifact,239,balanced,1,0.3169216814100266,0.3169216814100266,1
scifact,239,balanced,64,0.3169216814100266,0.3169216814100266,1
scifact,239,dibud,1,0.3566817698029237,0.3566817698029237,1
scifact,239,dibud,64,0.35509136626720783,0.35509136626720783,1
scifact,248,balanced,1,0.4306355342137125,0.4306355342137125,1
scifact,248,balanced,64,0.4306355342137125,0.4306355342137125,1
scifact,248,dibud,1,0.451310780178019,0.451310780178019,1
scifact,248,dibud,64,0.44494916603515544,0.44494916603515544,1
scifact,249,balanced,1,0.44733477133872923,0.44733477133872923,1
scifact,249,balanced,64,0.44733477133872923,0.44733477133872923,1
scifact,249,dibud,1,0.45051557841016104,0.45051557841016104,1
scifact,249,dibud,64,0.4489251748744452,0.4489251748744452,1
scifact,261,balanced,1,0.6381831956246358,0.6381831956246358,1
scifact,261,balanced,64,0.6381831956246358,0.6381831956246358,1
scifact,261,dibud,1,0.6540872309817946,0.6540872309817946,1
scifact,261,dibud,64,0.649316020374647,0.649316020374647,1
scifact,268,balanced,1,0.3932610511243892,0.3932610511243892,1
scifact,268,balanced,64,0.3932610511243892,0.3932610511243892,1
scifact,268,dibud,1,0.39803226173153683,0.39803226173153683,1
scifact,268,dibud,64,0.39644185819582095,0.39644185819582095,1
scifact,269,balanced,1,0.4187075076958434,0.4187075076958434,1
scifact,269,balanced,64,0.4187075076958434,0.4187075076958434,1
scifact,269,dibud,1,0.42665952537442287,0.42665952537442287,1
scifact,269,dibud,64,0.42665952537442287,0.42665952537442287,1
scifact,274,balanced,1,0.4171171041601275,0.4171171041601275,1
scifact,274,balanced,64,0.4171171041601275,0.4171171041601275,1
scifact,274,dibud,1,0.45369638548159286,0.45369638548159286,1
scifact,274,dibud,64,0.45051557841016104,0.45051557841016104,1
scifact,275,balanced,1,0.5515062029281199,0.5515062029281199,1
scifact,275,balanced,64,0.5515062029281199,0.5515062029281199,1
scifact,275,dibud,1,0.5976279054638806,0.5976279054638806,1
scifact,275,dibud,64,0.5864950807138694,0.5864950807138694,1
scifact,279,balanced,1,0.4640340084637461,0.4640340084637461,1
scifact,279,balanced,64,0.4640340084637461,0.4640340084637461,1
scifact,279,dibud,1,0.4942516756423479,0.4942516756423479,1
scifact,279,dibud,64,0.48789006149948444,0.48789006149948444,1
scifact,294,balanced,1,0.4362019465887181,0.4362019465887181,1
scifact,294,balanced,64,0.4362019465887181,0.4362019465887181,1
scifact,294,dibud,1,0.534806965803103,0.534806965803103,1
scifact,294,dibud,64,0.5236741410530918,0.5236741410530918,1
scifact,295,balanced,1,0.7025945388211291,0.7025945388211291,1
scifact,295,balanced,64,0.7025945388211291,0.7025945388211291,1
scifact,295,dibud,1,0.7073657494282767,0.7073657494282767,1
scifact,295,dibud,64,0.704184942356845,0.704184942356845,1
scifact,298,balanced,1,0.3868994369815256,0.3868994369815256,1
scifact,298,balanced,64,0.3868994369815256,0.3868994369815256,1
scifact,298,dibud,1,0.3980322617315368,0.3980322617315368,1
scifact,298,dibud,64,0.39326105112438914,0.39326105112438914,1
scifact,3,balanced,1,0.6238695638031927,0.6238695638031927,1
scifact,3,balanced,64,0.6238695638031927,0.6238695638031927,1
scifact,3,dibud,1,0.6660152574996637,0.6660152574996637,1
scifact,3,dibud,64,0.6604488451246581,0.6604488451246581,1
scifact,300,balanced,1,0.4067794811779742,0.4067794811779742,1
scifact,300,balanced,64,0.4067794811779742,0.4067794811779742,1
scifact,300,dibud,1,0.4131410953208377,0.4131410953208377,1
scifact,300,dibud,64,0.40996028824940595,0.40996028824940595,1
scifact,303,balanced,1,0.44812997310658725,0.44812997310658725,1
scifact,303,balanced,64,0.44812997310658725,0.44812997310658725,1
scifact,303,dibud,1,0.4497203766423031,0.4497203766423031,1
scifact,303,dibud,64,0.44812997310658725,0.44812997310658725,1
scifact,312,balanced,1,0.36224818217792937,0.36224818217792937,1
scifact,312,balanced,64,0.36224818217792937,0.36224818217792937,1
scifact,312,dibud,1,0.3892850422850994,0.3892850422850994,1
scifact,312,dibud,64,0.3845138316779517,0.3845138316779517,1
scifact,314,balanced,1,0.39087544582081535,0.39087544582081535,1
scifact,314,balanced,64,0.39087544582081535,0.39087544582081535,1
scifact,314,dibud,1,0.43222593774942836,0.43222593774942836,1
scifact,314,dibud,64,0.43222593774942836,0.43222593774942836,1
scifact,324,balanced,1,0.25330553998139116,0.25330553998139116,1
scifact,324,balanced,64,0.25330553998139116,0.25330553998139116,1
scifact,324,dibud,1,0.254895943517107,0.254895943517107,1
scifact,324,dibud,64,0.25330553998139116,0.25330553998139116,1
scifact,327,balanced,1,0.29068002307071444,0.29068002307071444,1
scifact,327,balanced,64,0.29068002307071444,0.29068002307071444,1
scifact,327,dibud,1,0.3208976902493163,0.3208976902493163,1
scifact,327,dibud,64,0.3193072867136004,0.3193072867136004,1
scifact,338,balanced,1,0.4640340084637461,0.4640340084637461,1
scifact,338,balanced,64,0.4640340084637461,0.4640340084637461,1
scifact,338,dibud,1,0.4910708685709161,0.4910708685709161,1
scifact,338,dibud,64,0.4910708685709161,0.4910708685709161,1
scifact,343,balanced,1,0.6524968274460786,0.6524968274460786,1
scifact,343,balanced,64,0.6524968274460786,0.6524968274460786,1
scifact,343,dibud,1,0.6580632398210843,0.6580632398210843,1
scifact,343,dibud,64,0.6524968274460786,0.6524968274460786,1
scifact,350,balanced,1,0.3598625768743555,0.3598625768743555,1
scifact,350,balanced,64,0.3598625768743555,0.3598625768743555,1
scifact,350,dibud,1,0.40280347233868447,0.40280347233868447,1
scifact,350,dibud,64,0.39962266526725276,0.39962266526725276,1
scifact,354,balanced,1,0.33441612030290135,0.33441612030290135,1
scifact,354,balanced,64,0.33441612030290135,0.33441612030290135,1
scifact,354,dibud,1,0.33600652383861723,0.33600652383861723,1
scifact,354,dibud,64,0.33600652383861723,0.33600652383861723,1
scifact,36,balanced,1,0.6071703266781759,0.6071703266781759,1
scifact,36,balanced,64,0.6071703266781759,0.6071703266781759,1
scifact,36,dibud,1,0.6572680380532263,0.6572680380532263,1
scifact,36,dibud,64,0.6517016256782207,0.6517016256782207,1
scifact,362,balanced,1,0.29215920446392546,0.3001668332137573,0
scifact,362,balanced,64,0.29215920446392546,0.3001668332137573,0
scifact,362,dibud,1,0.29374960799964134,0.3017572367494732,0
scifact,362,dibud,64,0.29215920446392546,0.3001668332137573,0
scifact,380,balanced,1,0.5602534223745572,0.5602534223745572,1
scifact,380,balanced,64,0.5602534223745572,0.5602534223745572,1
scifact,380,dibud,1,0.5650246329817049,0.5650246329817049,1
scifact,380,dibud,64,0.563434229445989,0.563434229445989,1
scifact,384,balanced,1,0.43063553421371253,0.43063553421371253,1
scifact,384,balanced,64,0.43063553421371253,0.43063553421371253,1
scifact,384,dibud,1,0.5053845003923592,0.5053845003923592,1
scifact,384,dibud,64,0.5022036933209273,0.5022036933209273,1
scifact,385,balanced,1,0.3972370599636789,0.3972370599636789,1
scifact,385,balanced,64,0.3972370599636789,0.3972370599636789,1
scifact,385,dibud,1,0.40518907764225826,0.40518907764225826,1
scifact,385,dibud,64,0.40200827057082655,0.40200827057082655,1
scifact,386,balanced,1,0.3057888566600154,0.3057888566600154,1
scifact,386,balanced,64,0.3057888566600154,0.3057888566600154,1
scifact,386,dibud,1,0.3574769715707817,0.3574769715707817,1
scifact,386,dibud,64,0.3519105591957761,0.3519105591957761,1
scifact,388,balanced,1,0.34634414682077047,0.34634414682077047,1
scifact,388,balanced,64,0.34634414682077047,0.34634414682077047,1
scifact,388,dibud,1,0.36065777864221343,0.36065777864221343,1
scifact,388,dibud,64,0.35270576096363404,0.35270576096363404,1
scifact,399,balanced,1,0.3781522175350882,0.3781522175350882,1
scifact,399,balanced,64,0.3781522175350882,0.3781522175350882,1
scifact,399,dibud,1,0.38769463874938354,0.38769463874938354,1
scifact,399,dibud,64,0.38610423521366766,0.38610423521366766,1
scifact,410,balanced,1,0.3312353132314696,0.3312353132314696,1
scifact,410,balanced,64,0.3312353132314696,0.3312353132314696,1
scifact,410,dibud,1,0.37417620869579854,0.37417620869579854,1
scifact,410,dibud,64,0.3709954016243667,0.3709954016243667,1
scifact,411,balanced,1,0.4242739200708489,0.4242739200708489,1
scifact,411,balanced,64,0.4242739200708489,0.4242739200708489,1
scifact,411,dibud,1,0.42586432360656484,0.42586432360656484,1
scifact,411,dibud,64,0.42586432360656484,0.42586432360656484,1
scifact,415,balanced,1,0.5435541852495405,0.5435541852495405,1
scifact,415,balanced,64,0.5435541852495405,0.5435541852495405,1
scifact,415,dibud,1,0.5801334665710058,0.5801334665710058,1
scifact,415,dibud,64,0.5721814488924264,0.5721814488924264,1
scifact,42,balanced,1,0.2489474193029462,0.26523356649926033,0
scifact,42,balanced,64,0.2489474193029462,0.26523356649926033,0
scifact,42,dibud,1,0.264851454660105,0.2811376018564192,0
scifact,42,dibud,64,0.264851454660105,0.2811376018564192,0
scifact,421,balanced,1,0.23899190815994817,0.23899190815994817,1
scifact,421,balanced,64,0.23899190815994817,0.23899190815994817,1
scifact,421,dibud,1,0.2564863470528229,0.2564863470528229,1
scifact,421,dibud,64,0.2564863470528229,0.2564863470528229,1
scifact,431,balanced,1,0.518902930445944,0.518902930445944,1
scifact,431,balanced,64,0.518902930445944,0.518902930445944,1
scifact,431,dibud,1,0.5618438259102732,0.5618438259102732,1
scifact,431,dibud,64,0.5618438259102732,0.5618438259102732,1
scifact,436,balanced,1,0.4966372809459218,0.4966372809459218,1
scifact,436,balanced,64,0.4966372809459218,0.4966372809459218,1
scifact,436,dibud,1,0.5157221233745124,0.5157221233745124,1
scifact,436,dibud,64,0.5141317198387966,0.5141317198387966,1
scifact,437,balanced,1,0.3216928920171742,0.3216928920171742,1
scifact,437,balanced,64,0.3216928920171742,0.3216928920171742,1
scifact,437,dibud,1,0.32805450616003784,0.32805450616003784,1
scifact,437,dibud,64,0.32805450616003784,0.32805450616003784,1
scifact,439,balanced,1,0.4544915872494508,0.4544915872494508,1
scifact,439,balanced,64,0.4544915872494508,0.4544915872494508,1
scifact,439,dibud,1,0.4672148155351779,0.4672148155351779,1
scifact,439,dibud,64,0.46085320139231434,0.46085320139231434,1
scifact,440,balanced,1,0.4743716314458994,0.4743716314458994,1
scifact,440,balanced,64,0.4743716314458994,0.4743716314458994,1
scifact,440,dibud,1,0.4855044561959106,0.4855044561959106,1
scifact,440,dibud,64,0.4823236491244788,0.4823236491244788,1
scifact,443,balanced,1,0.5817238701067217,0.5817238701067217,1
scifact,443,balanced,64,0.5817238701067217,0.5817238701067217,1
scifact,443,dibud,1,0.6206887567317609,0.6206887567317609,1
scifact,443,dibud,64,0.6087607302138918,0.6087607302138918,1
scifact,452,balanced,1,0.2898848213028565,0.2898848213028565,1
scifact,452,balanced,64,0.2898848213028565,0.2898848213028565,1
scifact,452,dibud,1,0.3201024884814584,0.3201024884814584,1
scifact,452,dibud,64,0.3169216814100266,0.3169216814100266,1
scifact,475,balanced,1,0.27159518064212385,0.27159518064212385,1
scifact,475,balanced,64,0.27159518064212385,0.27159518064212385,1
scifact,475,dibud,1,0.28272800539213505,0.28272800539213505,1
scifact,475,dibud,64,0.28272800539213505,0.28272800539213505,1
scifact,478,balanced,1,0.3796870099995517,0.3796870099995517,1
scifact,478,balanced,64,0.3796870099995517,0.3796870099995517,1
scifact,478,dibud,1,0.44256356073158165,0.44256356073158165,1
scifact,478,dibud,64,0.43779235012443396,0.43779235012443396,1
scifact,48,balanced,1,0.34554894505291256,0.34554894505291256,1
scifact,48,balanced,64,0.34554894505291256,0.34554894505291256,1
scifact,48,dibud,1,0.35350096273149195,0.35350096273149195,1
scifact,48,dibud,64,0.3503201556600602,0.3503201556600602,1
scifact,49,balanced,1,0.577747861267432,0.577747861267432,1
scifact,49,balanced,64,0.577747861267432,0.577747861267432,1
scifact,49,dibud,1,0.5825190718745796,0.5825190718745796,1
scifact,49,dibud,64,0.5825190718745796,0.5825190718745796,1
scifact,491,balanced,1,0.36463378748150316,0.36463378748150316,1
scifact,491,balanced,64,0.36463378748150316,0.36463378748150316,1
scifact,491,dibud,1,0.3741762086957985,0.3741762086957985,1
scifact,491,dibud,64,0.3725858051600826,0.3725858051600826,1
scifact,5,balanced,1,0.22229267103493133,0.22229267103493133,1
scifact,5,balanced,64,0.22229267103493133,0.22229267103493133,1
scifact,5,dibud,1,0.23342549578494257,0.23342549578494257,1
scifact,5,dibud,64,0.23183509224922666,0.23183509224922666,1
scifact,50,balanced,1,0.4123458935529798,0.4123458935529798,1
scifact,50,balanced,64,0.4123458935529798,0.4123458935529798,1
scifact,50,dibud,1,0.42824992891013863,0.42824992891013863,1
scifact,50,dibud,64,0.42665952537442275,0.42665952537442275,1
scifact,501,balanced,1,0.5530966064638357,0.5530966064638357,1
scifact,501,balanced,64,0.5530966064638357,0.5530966064638357,1
scifact,501,dibud,1,0.5650246329817049,0.5650246329817049,1
scifact,501,dibud,64,0.5562774135352675,0.5562774135352675,1
scifact,502,balanced,1,0.2588719523563967,0.2588719523563967,1
scifact,502,balanced,64,0.2588719523563967,0.2588719523563967,1
scifact,502,dibud,1,0.2636431629635444,0.2636431629635444,1
scifact,502,dibud,64,0.2620527594278285,0.2620527594278285,1
scifact,507,balanced,1,0.6270503708746245,0.6270503708746245,1
scifact,507,balanced,64,0.6270503708746245,0.6270503708746245,1
scifact,507,dibud,1,0.6342071867853459,0.6342071867853459,1
scifact,507,dibud,64,0.6270503708746245,0.6270503708746245,1
scifact,508,balanced,1,0.4354067448208601,0.4354067448208601,1
scifact,508,balanced,64,0.4354067448208601,0.4354067448208601,1
scifact,508,dibud,1,0.45369638548159286,0.45369638548159286,1
scifact,508,dibud,64,0.4529011837137349,0.4529011837137349,1
scifact,51,balanced,1,0.3574769715707817,0.3574769715707817,1
scifact,51,balanced,64,0.3574769715707817,0.3574769715707817,1
scifact,51,dibud,1,0.3606577786422135,0.3606577786422135,1
scifact,51,dibud,64,0.3574769715707817,0.3574769715707817,1
scifact,513,balanced,1,0.38053782283866205,0.38053782283866205,1
scifact,513,balanced,64,0.38053782283866205,0.38053782283866205,1
scifact,513,dibud,1,0.47755243851733115,0.47755243851733115,1
scifact,513,dibud,64,0.4759620349816153,0.4759620349816153,1
scifact,514,balanced,1,0.6811240910889647,0.6811240910889647,1
scifact,514,balanced,64,0.6811240910889647,0.6811240910889647,1
scifact,514,dibud,1,0.692256915838976,0.692256915838976,1
scifact,514,dibud,64,0.6906665123032599,0.6906665123032599,1
scifact,516,balanced,1,0.6524968274460786,0.6524968274460786,1
scifact,516,balanced,64,0.6524968274460786,0.6524968274460786,1
scifact,516,dibud,1,0.6954377229104076,0.6954377229104076,1
scifact,516,dibud,64,0.6858953016961123,0.6858953016961123,1
scifact,517,balanced,1,0.6111463355174657,0.6111463355174657,1
scifact,517,balanced,64,0.6111463355174657,0.6111463355174657,1
scifact,517,dibud,1,0.6206887567317609,0.6206887567317609,1
scifact,517,dibud,64,0.6175079496603292,0.6175079496603292,1
scifact,521,balanced,1,0.367814594552935,0.367814594552935,1
scifact,521,balanced,64,0.367814594552935,0.367814594552935,1
scifact,521,dibud,1,0.3829234281422359,0.3829234281422359,1
scifact,521,dibud,64,0.3789474193029462,0.3789474193029462,1
scifact,525,balanced,1,0.49027566680305823,0.49027566680305823,1
scifact,525,balanced,64,0.49027566680305823,0.49027566680305823,1
scifact,525,dibud,1,0.5554822117674095,0.5554822117674095,1
scifact,525,dibud,64,0.5395781764102507,0.5395781764102507,1
scifact,527,balanced,1,0.4600579996244564,0.4600579996244564,1
scifact,527,balanced,64,0.4600579996244564,0.4600579996244564,1
scifact,527,dibud,1,0.4855044561959106,0.4855044561959106,1
scifact,527,dibud,64,0.48073324558876296,0.48073324558876296,1
scifact,528,balanced,1,0.5785430630352899,0.5785430630352899,1
scifact,528,balanced,64,0.5785430630352899,0.5785430630352899,1
scifact,528,dibud,1,0.5833142736424375,0.5833142736424375,1
scifact,528,dibud,64,0.5817238701067217,0.5817238701067217,1
scifact,53,balanced,1,0.3264641026243219,0.3264641026243219,1
scifact,53,balanced,64,0.3264641026243219,0.3264641026243219,1
scifact,53,dibud,1,0.3296449096957537,0.3296449096957537,1
scifact,53,dibud,64,0.3280545061600378,0.3280545061600378,1
scifact,532,balanced,1,0.3574769715707817,0.3574769715707817,1
scifact,532,balanced,64,0.3574769715707817,0.3574769715707817,1
scifact,532,dibud,1,0.3876946387493835,0.3876946387493835,1
scifact,532,dibud,64,0.3861042352136676,0.3861042352136676,1
scifact,533,balanced,1,0.33203051499932756,0.33203051499932756,1
scifact,533,balanced,64,0.33203051499932756,0.33203051499932756,1
scifact,533,dibud,1,0.3368017256064752,0.3368017256064752,1
scifact,533,dibud,64,0.3368017256064752,0.3368017256064752,1
scifact,535,balanced,1,0.6206887567317609,0.6206887567317609,1
scifact,535,balanced,64,0.6206887567317609,0.6206887567317609,1
scifact,535,dibud,1,0.6548824327496524,0.6548824327496524,1
scifact,535,dibud,64,0.6461352133032151,0.6461352133032151,1
scifact,536,balanced,1,0.39246584935653117,0.39246584935653117,1
scifact,536,balanced,64,0.39246584935653117,0.39246584935653117,1
scifact,536,dibud,1,0.3988274634993948,0.3988274634993948,1
scifact,536,dibud,64,0.395646656427963,0.395646656427963,1
scifact,539,balanced,1,0.45926279785659846,0.45926279785659846,1
scifact,539,balanced,64,0.45926279785659846,0.45926279785659846,1
scifact,539,dibud,1,0.4711908243744676,0.4711908243744676,1
scifact,539,dibud,64,0.4672148155351779,0.4672148155351779,1
scifact,54,balanced,1,0.619098353196045,0.619098353196045,1
scifact,54,balanced,64,0.619098353196045,0.619098353196045,1
scifact,54,dibud,1,0.6540872309817946,0.6540872309817946,1
scifact,54,dibud,64,0.6445448097674993,0.6445448097674993,1
scifact,540,balanced,1,0.6119415372853235,0.6119415372853235,1
scifact,540,balanced,64,0.6119415372853235,0.6119415372853235,1
scifact,540,dibud,1,0.6143271425888973,0.6143271425888973,1
scifact,540,dibud,64,0.6119415372853235,0.6119415372853235,1
scifact,544,balanced,1,0.5029988950887853,0.5029988950887853,1
scifact,544,balanced,64,0.5029988950887853,0.5029988950887853,1
scifact,544,dibud,1,0.5189029304459442,0.5189029304459442,1
scifact,544,dibud,64,0.5125413163030806,0.5125413163030806,1
scifact,549,balanced,1,0.3407777344457649,0.3407777344457649,1
scifact,549,balanced,64,0.3407777344457649,0.3407777344457649,1
scifact,549,dibud,1,0.3598625768743556,0.3598625768743556,1
scifact,549,dibud,64,0.35827217333863964,0.35827217333863964,1
scifact,551,balanced,1,0.5125413163030806,0.5125413163030806,1
scifact,551,balanced,64,0.5125413163030806,0.5125413163030806,1
scifact,551,dibud,1,0.5745670541960002,0.5745670541960002,1
scifact,551,dibud,64,0.5729766506602842,0.5729766506602842,1
scifact,552,balanced,1,0.40677948117797424,0.40677948117797424,1
scifact,552,balanced,64,0.40677948117797424,0.40677948117797424,1
scifact,552,dibud,1,0.42029791123155924,0.42029791123155924,1
scifact,552,dibud,64,0.41950270946370133,0.41950270946370133,1
scifact,554,balanced,1,0.4330211395172863,0.4330211395172863,1
scifact,554,balanced,64,0.4330211395172863,0.4330211395172863,1
scifact,554,dibud,1,0.5324213604995293,0.5324213604995293,1
scifact,554,dibud,64,0.5284453516602395,0.5284453516602395,1
scifact,56,balanced,1,0.4226835165351331,0.4226835165351331,1
scifact,56,balanced,64,0.4226835165351331,0.4226835165351331,1
scifact,56,dibud,1,0.43063553421371253,0.43063553421371253,1
scifact,56,dibud,64,0.43063553421371253,0.43063553421371253,1
scifact,560,balanced,1,0.5658198347495629,0.5658198347495629,1
scifact,560,balanced,64,0.5658198347495629,0.5658198347495629,1
scifact,560,dibud,1,0.5801334665710057,0.5801334665710057,1
scifact,560,dibud,64,0.5785430630352899,0.5785430630352899,1
scifact,569,balanced,1,0.675557678713959,0.675557678713959,1
scifact,569,balanced,64,0.675557678713959,0.675557678713959,1
scifact,569,dibud,1,0.6851000999282544,0.6851000999282544,1
scifact,569,dibud,64,0.6819192928568225,0.6819192928568225,1
scifact,57,balanced,1,0.4282499289101387,0.4282499289101387,1
scifact,57,balanced,64,0.4282499289101387,0.4282499289101387,1
scifact,57,dibud,1,0.44812997310658725,0.44812997310658725,1
scifact,57,dibud,64,0.4409731571958658,0.4409731571958658,1
scifact,575,balanced,1,0.42427392007084896,0.42427392007084896,1
scifact,575,balanced,64,0.42427392007084896,0.42427392007084896,1
scifact,575,dibud,1,0.4449491660351555,0.4449491660351555,1
scifact,575,dibud,64,0.4433587624994396,0.4433587624994396,1
scifact,577,balanced,1,0.3328257167671855,0.3328257167671855,1
scifact,577,balanced,64,0.3328257167671855,0.3328257167671855,1
scifact,577,dibud,1,0.353500962731492,0.353500962731492,1
scifact,577,dibud,64,0.35191055919577613,0.35191055919577613,1
scifact,578,balanced,1,0.22149746926707342,0.22149746926707342,1
scifact,578,balanced,64,0.22149746926707342,0.22149746926707342,1
scifact,578,dibud,1,0.23978710992780605,0.23978710992780605,1
scifact,578,dibud,64,0.23740150462423223,0.23740150462423223,1
scifact,587,balanced,1,0.13958929862450126,0.13958929862450126,1
scifact,587,balanced,64,0.13958929862450126,0.13958929862450126,1
scifact,587,dibud,1,0.21296791699923787,0.21296791699923787,1
scifact,587,dibud,64,0.21296791699923787,0.21296791699923787,1
scifact,589,balanced,1,0.48391405266019466,0.48391405266019466,1
scifact,589,balanced,64,0.48391405266019466,0.48391405266019466,1
scifact,589,dibud,1,0.4998180880173535,0.4998180880173535,1
scifact,589,dibud,64,0.49345647387449004,0.49345647387449004,1
scifact,593,balanced,1,0.535602167570961,0.535602167570961,1
scifact,593,balanced,64,0.535602167570961,0.535602167570961,1
scifact,593,dibud,1,0.5491205976245461,0.5491205976245461,1
scifact,593,dibud,64,0.5403733781781087,0.5403733781781087,1
scifact,597,balanced,1,0.5690006418209946,0.5690006418209946,1
scifact,597,balanced,64,0.5690006418209946,0.5690006418209946,1
scifact,597,dibud,1,0.60557992314246,0.60557992314246,1
scifact,597,dibud,64,0.6023991160710283,0.6023991160710283,1
scifact,598,balanced,1,0.5992183089995965,0.5992183089995965,1
scifact,598,balanced,64,0.5992183089995965,0.5992183089995965,1
scifact,598,dibud,1,0.6151223443567553,0.6151223443567553,1
scifact,598,dibud,64,0.6119415372853236,0.6119415372853236,1
scifact,613,balanced,1,0.3034032513564416,0.3034032513564416,1
scifact,613,balanced,64,0.3034032513564416,0.3034032513564416,1
scifact,613,dibud,1,0.31612647964216867,0.31612647964216867,1
scifact,613,dibud,64,0.31612647964216867,0.31612647964216867,1
scifact,619,balanced,1,0.351910559195776,0.351910559195776,1
scifact,619,balanced,64,0.351910559195776,0.351910559195776,1
scifact,619,dibud,1,0.37258580516008266,0.37258580516008266,1
scifact,619,dibud,64,0.37099540162436667,0.37099540162436667,1
scifact,623,balanced,1,0.6517016256782208,0.6517016256782208,1
scifact,623,balanced,64,0.6517016256782208,0.6517016256782208,1
scifact,623,dibud,1,0.6978233282139814,0.6978233282139814,1
scifact,623,dibud,64,0.6866905034639702,0.6866905034639702,1
scifact,628,balanced,1,0.5674102382852788,0.5674102382852788,1
scifact,628,balanced,64,0.5674102382852788,0.5674102382852788,1
scifact,628,dibud,1,0.5944470983924488,0.5944470983924488,1
scifact,628,dibud,64,0.589675887785301,0.589675887785301,1
scifact,636,balanced,1,0.3495249538922023,0.3495249538922023,1
scifact,636,balanced,64,0.3495249538922023,0.3495249538922023,1
scifact,636,dibud,1,0.35191055919577613,0.35191055919577613,1
scifact,636,dibud,64,0.3495249538922023,0.3495249538922023,1
scifact,637,balanced,1,0.6493160203746469,0.6493160203746469,1
scifact,637,balanced,64,0.6493160203746469,0.6493160203746469,1
scifact,637,dibud,1,0.6866905034639702,0.6866905034639702,1
scifact,637,dibud,64,0.6811240910889647,0.6811240910889647,1
scifact,641,balanced,1,0.37735701576723035,0.37735701576723035,1
scifact,641,balanced,64,0.37735701576723035,0.37735701576723035,1
scifact,641,dibud,1,0.42029791123155924,0.42029791123155924,1
scifact,641,dibud,64,0.4171171041601275,0.4171171041601275,1
scifact,644,balanced,1,0.4163219023922695,0.4163219023922695,1
scifact,644,balanced,64,0.4163219023922695,0.4163219023922695,1
scifact,644,dibud,1,0.5101557109995067,0.5101557109995067,1
scifact,644,dibud,64,0.5101557109995067,0.5101557109995067,1
scifact,649,balanced,1,0.23740150462423223,0.23740150462423223,1
scifact,649,balanced,64,0.23740150462423223,0.23740150462423223,1
scifact,649,dibud,1,0.23899190815994817,0.23899190815994817,1
scifact,649,dibud,64,0.23899190815994817,0.23899190815994817,1
scifact,659,balanced,1,0.1976414162313351,0.1976414162313351,1
scifact,659,balanced,64,0.1976414162313351,0.1976414162313351,1
scifact,659,dibud,1,0.199231819767051,0.199231819767051,1
scifact,659,dibud,64,0.1976414162313351,0.1976414162313351,1
scifact,660,balanced,1,0.22626867987422106,0.22626867987422106,1
scifact,660,balanced,64,0.22626867987422106,0.22626867987422106,1
scifact,660,dibud,1,0.22785908340993694,0.22785908340993694,1
scifact,660,dibud,64,0.22785908340993694,0.22785908340993694,1
scifact,674,balanced,1,0.5443493870173984,0.5443493870173984,1
scifact,674,balanced,64,0.5443493870173984,0.5443493870173984,1
scifact,674,dibud,1,0.5841094754102956,0.5841094754102956,1
scifact,674,dibud,64,0.5745670541960002,0.5745670541960002,1
scifact,684,balanced,1,0.2922704266064304,0.2922704266064304,1
scifact,684,balanced,64,0.2922704266064304,0.2922704266064304,1
scifact,684,dibud,1,0.2922704266064304,0.2922704266064304,1
scifact,684,dibud,64,0.2922704266064304,0.2922704266064304,1
scifact,690,balanced,1,0.3463441468207705,0.3463441468207705,1
scifact,690,balanced,64,0.3463441468207705,0.3463441468207705,1
scifact,690,dibud,1,0.3487297521243443,0.3487297521243443,1
scifact,690,dibud,64,0.3463441468207705,0.3463441468207705,1
scifact,691,balanced,1,0.3224880937850322,0.3224880937850322,1
scifact,691,balanced,64,0.3224880937850322,0.3224880937850322,1
scifact,691,dibud,1,0.3272593043921799,0.3272593043921799,1
scifact,691,dibud,64,0.3272593043921799,0.3272593043921799,1
scifact,692,balanced,1,0.3296449096957537,0.3296449096957537,1
scifact,692,balanced,64,0.3296449096957537,0.3296449096957537,1
scifact,692,dibud,1,0.3415729362136229,0.3415729362136229,1
scifact,692,dibud,64,0.33918733091004905,0.33918733091004905,1
scifact,693,balanced,1,0.3169216814100266,0.3169216814100266,1
scifact,693,balanced,64,0.3169216814100266,0.3169216814100266,1
scifact,693,dibud,1,0.3598625768743555,0.3598625768743555,1
scifact,693,dibud,64,0.35827217333863964,0.35827217333863964,1
scifact,70,balanced,1,0.5658198347495629,0.5658198347495629,1
scifact,70,balanced,64,0.5658198347495629,0.5658198347495629,1
scifact,70,dibud,1,0.5713862471245684,0.5713862471245684,1
scifact,70,dibud,64,0.5690006418209946,0.5690006418209946,1
scifact,700,balanced,1,0.4855044561959106,0.4855044561959106,1
scifact,700,balanced,64,0.4855044561959106,0.4855044561959106,1
scifact,700,dibud,1,0.48789006149948444,0.48789006149948444,1
scifact,700,dibud,64,0.4870948597316264,0.4870948597316264,1
scifact,702,balanced,1,0.4020082705708265,0.4020082705708265,1
scifact,702,balanced,64,0.4020082705708265,0.4020082705708265,1
scifact,702,dibud,1,0.4051890776422583,0.4051890776422583,1
scifact,702,dibud,64,0.4020082705708265,0.4020082705708265,1
scifact,715,balanced,1,0.28193280362427703,0.28193280362427703,1
scifact,715,balanced,64,0.28193280362427703,0.28193280362427703,1
scifact,715,dibud,1,0.30101764605286774,0.30101764605286774,1
scifact,715,dibud,64,0.30101764605286774,0.30101764605286774,1
scifact,716,balanced,1,0.22388307457064724,0.22388307457064724,1
scifact,716,balanced,64,0.22388307457064724,0.22388307457064724,1
scifact,716,dibud,1,0.22944948694565284,0.22944948694565284,1
scifact,716,dibud,64,0.22547347810636312,0.22547347810636312,1
scifact,718,balanced,1,0.4743716314458994,0.4743716314458994,1
scifact,718,balanced,64,0.4743716314458994,0.4743716314458994,1
scifact,718,dibud,1,0.5340117640352451,0.5340117640352451,1
scifact,718,dibud,64,0.5252645445888077,0.5252645445888077,1
scifact,72,balanced,1,0.2596671541242547,0.2596671541242547,1
scifact,72,balanced,64,0.2596671541242547,0.2596671541242547,1
scifact,72,dibud,1,0.26602876826711824,0.26602876826711824,1
scifact,72,dibud,64,0.2644383647314023,0.2644383647314023,1
scifact,721,balanced,1,0.38133302460652,0.38133302460652,1
scifact,721,balanced,64,0.38133302460652,0.38133302460652,1
scifact,721,dibud,1,0.41791230592798545,0.41791230592798545,1
scifact,721,dibud,64,0.4163219023922695,0.4163219023922695,1
scifact,723,balanced,1,0.42586432360656484,0.42586432360656484,1
scifact,723,balanced,64,0.42586432360656484,0.42586432360656484,1
scifact,723,dibud,1,0.45369638548159286,0.45369638548159286,1
scifact,723,dibud,64,0.44812997310658725,0.44812997310658725,1
scifact,727,balanced,1,0.3940562528922471,0.3940562528922471,1
scifact,727,balanced,64,0.3940562528922471,0.3940562528922471,1
scifact,727,dibud,1,0.4067794811779742,0.4067794811779742,1
scifact,727,dibud,64,0.4004178670351106,0.4004178670351106,1
scifact,728,balanced,1,0.3861042352136677,0.3861042352136677,1
scifact,728,balanced,64,0.3861042352136677,0.3861042352136677,1
scifact,728,dibud,1,0.4004178670351107,0.4004178670351107,1
scifact,728,dibud,64,0.3940562528922471,0.3940562528922471,1
scifact,729,balanced,1,0.26046235589211264,0.26046235589211264,1
scifact,729,balanced,64,0.26046235589211264,0.26046235589211264,1
scifact,729,dibud,1,0.26523356649926033,0.26523356649926033,1
scifact,729,dibud,64,0.26364316296354434,0.26364316296354434,1
scifact,742,balanced,1,0.3193072867136004,0.3193072867136004,1
scifact,742,balanced,64,0.3193072867136004,0.3193072867136004,1
scifact,742,dibud,1,0.3717906033922247,0.3717906033922247,1
scifact,742,dibud,64,0.3717906033922247,0.3717906033922247,1
scifact,743,balanced,1,0.48391405266019466,0.48391405266019466,1
scifact,743,balanced,64,0.48391405266019466,0.48391405266019466,1
scifact,743,dibud,1,0.48789006149948444,0.48789006149948444,1
scifact,743,dibud,64,0.48391405266019466,0.48391405266019466,1
scifact,744,balanced,1,0.30022244428500977,0.30022244428500977,1
scifact,744,balanced,64,0.30022244428500977,0.30022244428500977,1
scifact,744,dibud,1,0.3185120849457425,0.3185120849457425,1
scifact,744,dibud,64,0.31612647964216867,0.31612647964216867,1
scifact,75,balanced,1,0.45936050923164884,0.46050445619591057,0
scifact,75,balanced,64,0.45936050923164884,0.46050445619591057,0
scifact,75,dibud,1,0.5094582206066993,0.5157221233745124,0
scifact,75,dibud,64,0.5070726153031254,0.5133365180709386,0
scifact,756,balanced,1,0.3717906033922247,0.3717906033922247,1
scifact,756,balanced,64,0.3717906033922247,0.3717906033922247,1
scifact,756,dibud,1,0.40200827057082655,0.40200827057082655,1
scifact,756,dibud,64,0.3988274634993948,0.3988274634993948,1
scifact,759,balanced,1,0.6445448097674993,0.6445448097674993,1
scifact,759,balanced,64,0.6445448097674993,0.6445448097674993,1
scifact,759,dibud,1,0.6890761087675441,0.6890761087675441,1
scifact,759,dibud,64,0.6858953016961123,0.6858953016961123,1
scifact,768,balanced,1,0.20797903921348837,0.20797903921348837,1
scifact,768,balanced,64,0.20797903921348837,0.20797903921348837,1
scifact,768,dibud,1,0.20797903921348837,0.20797903921348837,1
scifact,768,dibud,64,0.20797903921348837,0.20797903921348837,1
scifact,770,balanced,1,0.5403733781781087,0.5403733781781087,1
scifact,770,balanced,64,0.5403733781781087,0.5403733781781087,1
scifact,770,dibud,1,0.550711001160262,0.550711001160262,1
scifact,770,dibud,64,0.5435541852495404,0.5435541852495404,1
scifact,775,balanced,1,0.3884898405172415,0.3884898405172415,1
scifact,775,balanced,64,0.3884898405172415,0.3884898405172415,1
scifact,775,dibud,1,0.3980322617315368,0.3980322617315368,1
scifact,775,dibud,64,0.39485145466010513,0.39485145466010513,1
scifact,781,balanced,1,0.4815284473566209,0.4815284473566209,1
scifact,781,balanced,64,0.4815284473566209,0.4815284473566209,1
scifact,781,dibud,1,0.52049333398166,0.52049333398166,1
scifact,781,dibud,64,0.5149269216066545,0.5149269216066545,1
scifact,783,balanced,1,0.39723705996367886,0.39723705996367886,1
scifact,783,balanced,64,0.39723705996367886,0.39723705996367886,1
scifact,783,dibud,1,0.4195027094637013,0.4195027094637013,1
scifact,783,dibud,64,0.4195027094637013,0.4195027094637013,1
scifact,784,balanced,1,0.4306355342137125,0.4306355342137125,1
scifact,784,balanced,64,0.4306355342137125,0.4306355342137125,1
scifact,784,dibud,1,0.522083737517376,0.522083737517376,1
scifact,784,dibud,64,0.5149269216066544,0.5149269216066544,1
scifact,785,balanced,1,0.21787893928523394,0.21787893928523394,1
scifact,785,balanced,64,0.21787893928523394,0.21787893928523394,1
scifact,785,dibud,1,0.2282165622673872,0.2282165622673872,1
scifact,785,dibud,64,0.22742136049952924,0.22742136049952924,1
scifact,793,balanced,1,0.5133365180709386,0.5133365180709386,1
scifact,793,balanced,64,0.5133365180709386,0.5133365180709386,1
scifact,793,dibud,1,0.5196981322138021,0.5196981322138021,1
scifact,793,dibud,64,0.5133365180709386,0.5133365180709386,1
scifact,800,balanced,1,0.5435541852495405,0.5435541852495405,1
scifact,800,balanced,64,0.5435541852495405,0.5435541852495405,1
scifact,800,dibud,1,0.5626390276781311,0.5626390276781311,1
scifact,800,dibud,64,0.5546870099995516,0.5546870099995516,1
scifact,805,balanced,1,0.4171171041601275,0.4171171041601275,1
scifact,805,balanced,64,0.4171171041601275,0.4171171041601275,1
scifact,805,dibud,1,0.4489251748744452,0.4489251748744452,1
scifact,805,dibud,64,0.4441539642672976,0.4441539642672976,1
scifact,808,balanced,1,0.3407777344457649,0.3407777344457649,1
scifact,808,balanced,64,0.3407777344457649,0.3407777344457649,1
scifact,808,dibud,1,0.36940499808865085,0.36940499808865085,1
scifact,808,dibud,64,0.36304338394578733,0.36304338394578733,1
scifact,811,balanced,1,0.31698602614232557,0.31698602614232557,1
scifact,811,balanced,64,0.31698602614232557,0.31698602614232557,1
scifact,811,dibud,1,0.35827217333863964,0.35827217333863964,1
scifact,811,dibud,64,0.3519105591957761,0.3519105591957761,1
scifact,814,balanced,1,0.3185120849457425,0.3185120849457425,1
scifact,814,balanced,64,0.3185120849457425,0.3185120849457425,1
scifact,814,dibud,1,0.37576661223151436,0.37576661223151436,1
scifact,814,dibud,64,0.37258580516008266,0.37258580516008266,1
scifact,820,balanced,1,0.2986320407492939,0.2986320407492939,1
scifact,820,balanced,64,0.2986320407492939,0.2986320407492939,1
scifact,820,dibud,1,0.324873699088606,0.324873699088606,1
scifact,820,dibud,64,0.3224880937850322,0.3224880937850322,1
scifact,821,balanced,1,0.29545123367786214,0.29545123367786214,1
scifact,821,balanced,64,0.29545123367786214,0.29545123367786214,1
scifact,821,dibud,1,0.32646410262432185,0.32646410262432185,1
scifact,821,dibud,64,0.32407849732074806,0.32407849732074806,1
scifact,823,balanced,1,0.394851454660105,0.394851454660105,1
scifact,823,balanced,64,0.394851454660105,0.394851454660105,1
scifact,823,dibud,1,0.41075549001726386,0.41075549001726386,1
scifact,823,dibud,64,0.4043938758744004,0.4043938758744004,1
scifact,830,balanced,1,0.324873699088606,0.324873699088606,1
scifact,830,balanced,64,0.324873699088606,0.324873699088606,1
scifact,830,dibud,1,0.3439585415171966,0.3439585415171966,1
scifact,830,dibud,64,0.3439585415171966,0.3439585415171966,1
scifact,831,balanced,1,0.41393629708869567,0.41393629708869567,1
scifact,831,balanced,64,0.41393629708869567,0.41393629708869567,1
scifact,831,dibud,1,0.42984033244585457,0.42984033244585457,1
scifact,831,dibud,64,0.42984033244585457,0.42984033244585457,1
scifact,832,balanced,1,0.2962464354457201,0.2962464354457201,1
scifact,832,balanced,64,0.2962464354457201,0.2962464354457201,1
scifact,832,dibud,1,0.30101764605286774,0.30101764605286774,1
scifact,832,dibud,64,0.30101764605286774,0.30101764605286774,1
scifact,834,balanced,1,0.22388307457064724,0.22388307457064724,1
scifact,834,balanced,64,0.22388307457064724,0.22388307457064724,1
scifact,834,dibud,1,0.24455832053495374,0.24455832053495374,1
scifact,834,dibud,64,0.24296791699923784,0.24296791699923784,1
scifact,837,balanced,1,0.34713934858862844,0.34713934858862844,1
scifact,837,balanced,64,0.34713934858862844,0.34713934858862844,1
scifact,837,dibud,1,0.37894741930294623,0.37894741930294623,1
scifact,837,dibud,64,0.3757666122315144,0.3757666122315144,1
scifact,839,balanced,1,0.3208976902493163,0.3208976902493163,1
scifact,839,balanced,64,0.3208976902493163,0.3208976902493163,1
scifact,839,dibud,1,0.32884970792789575,0.32884970792789575,1
scifact,839,dibud,64,0.32884970792789575,0.32884970792789575,1
scifact,845,balanced,1,0.5793382648031479,0.5793382648031479,1
scifact,845,balanced,64,0.5793382648031479,0.5793382648031479,1
scifact,845,dibud,1,0.5880854842495853,0.5880854842495853,1
scifact,845,dibud,64,0.5841094754102956,0.5841094754102956,1
scifact,847,balanced,1,0.45131078017801896,0.45131078017801896,1
scifact,847,balanced,64,0.45131078017801896,0.45131078017801896,1
scifact,847,dibud,1,0.4672148155351779,0.4672148155351779,1
scifact,847,dibud,64,0.465624411999462,0.465624411999462,1
scifact,852,balanced,1,0.26284796119568643,0.26284796119568643,1
scifact,852,balanced,64,0.26284796119568643,0.26284796119568643,1
scifact,852,dibud,1,0.26602876826711824,0.26602876826711824,1
scifact,852,dibud,64,0.26602876826711824,0.26602876826711824,1
scifact,859,balanced,1,0.36622419101721904,0.36622419101721904,1
scifact,859,balanced,64,0.36622419101721904,0.36622419101721904,1
scifact,859,dibud,1,0.38689943698152557,0.38689943698152557,1
scifact,859,dibud,64,0.37894741930294623,0.37894741930294623,1
scifact,870,balanced,1,0.4489251748744452,0.4489251748744452,1
scifact,870,balanced,64,0.4489251748744452,0.4489251748744452,1
scifact,870,dibud,1,0.4982276844816377,0.4982276844816377,1
scifact,870,dibud,64,0.49345647387449004,0.49345647387449004,1
scifact,873,balanced,1,0.4115506917851218,0.4115506917851218,1
scifact,873,balanced,64,0.4115506917851218,0.4115506917851218,1
scifact,873,dibud,1,0.41791230592798534,0.41791230592798534,1
scifact,873,dibud,64,0.4163219023922695,0.4163219023922695,1
scifact,879,balanced,1,0.32960042083875174,0.34713934858862844,0
scifact,879,balanced,64,0.32960042083875174,0.34713934858862844,0
scifact,879,dibud,1,0.32960042083875174,0.34713934858862844,0
scifact,879,dibud,64,0.32960042083875174,0.34713934858862844,0
scifact,880,balanced,1,0.2857888566600154,0.28829441776714065,0
scifact,880,balanced,64,0.2857888566600154,0.28829441776714065,0
scifact,880,dibud,1,0.28817446196358926,0.29068002307071444,0
scifact,880,dibud,64,0.2873792601957313,0.2898848213028565,0
scifact,882,balanced,1,0.5029988950887854,0.5029988950887854,1
scifact,882,balanced,64,0.5029988950887854,0.5029988950887854,1
scifact,882,dibud,1,0.5236741410530918,0.5236741410530918,1
scifact,882,dibud,64,0.5157221233745125,0.5157221233745125,1
scifact,887,balanced,1,0.16596203498161527,0.16596203498161527,1
scifact,887,balanced,64,0.16596203498161527,0.16596203498161527,1
scifact,887,dibud,1,0.2517151364456753,0.2517151364456753,1
scifact,887,dibud,64,0.24853432937424347,0.24853432937424347,1
scifact,903,balanced,1,0.5515062029281199,0.5515062029281199,1
scifact,903,balanced,64,0.5515062029281199,0.5515062029281199,1
scifact,903,dibud,1,0.6079655284460338,0.6079655284460338,1
scifact,903,dibud,64,0.5960375019281647,0.5960375019281647,1
scifact,904,balanced,1,0.4401779554280078,0.4401779554280078,1
scifact,904,balanced,64,0.4401779554280078,0.4401779554280078,1
scifact,904,dibud,1,0.465624411999462,0.465624411999462,1
scifact,904,dibud,64,0.4640340084637461,0.4640340084637461,1
scifact,907,balanced,1,0.40836988471369007,0.40836988471369007,1
scifact,907,balanced,64,0.40836988471369007,0.40836988471369007,1
scifact,907,dibud,1,0.4226835165351331,0.4226835165351331,1
scifact,907,dibud,64,0.41791230592798545,0.41791230592798545,1
scifact,911,balanced,1,0.32884970792789575,0.32884970792789575,1
scifact,911,balanced,64,0.32884970792789575,0.32884970792789575,1
scifact,911,dibud,1,0.34634414682077047,0.34634414682077047,1
scifact,911,dibud,64,0.34634414682077047,0.34634414682077047,1
scifact,913,balanced,1,0.3940562528922471,0.3940562528922471,1
scifact,913,balanced,64,0.3940562528922471,0.3940562528922471,1
scifact,913,dibud,1,0.40359867410654243,0.40359867410654243,1
scifact,913,dibud,64,0.40200827057082655,0.40200827057082655,1
scifact,914,balanced,1,0.3169216814100266,0.3169216814100266,1
scifact,914,balanced,64,0.3169216814100266,0.3169216814100266,1
scifact,914,dibud,1,0.40280347233868447,0.40280347233868447,1
scifact,914,dibud,64,0.4012130688029686,0.4012130688029686,1
scifact,921,balanced,1,0.451310780178019,0.451310780178019,1
scifact,921,balanced,64,0.451310780178019,0.451310780178019,1
scifact,921,dibud,1,0.46323880669588813,0.46323880669588813,1
scifact,921,dibud,64,0.46085320139231434,0.46085320139231434,1
scifact,922,balanced,1,0.6501112221425048,0.6501112221425048,1
scifact,922,balanced,64,0.6501112221425048,0.6501112221425048,1
scifact,922,dibud,1,0.6596536433568001,0.6596536433568001,1
scifact,922,dibud,64,0.6532920292139366,0.6532920292139366,1
scifact,936,balanced,1,0.47852081860678897,0.4998180880173535,0
scifact,936,balanced,64,0.47852081860678897,0.4998180880173535,0
scifact,936,dibud,1,0.49044884512465814,0.5117461145352227,0
scifact,936,dibud,64,0.48488243274965254,0.5061797021602171,0
scifact,94,balanced,1,0.18809899501703978,0.18809899501703978,1
scifact,94,balanced,64,0.18809899501703978,0.18809899501703978,1
scifact,94,dibud,1,0.18809899501703978,0.18809899501703978,1
scifact,94,dibud,64,0.18809899501703978,0.18809899501703978,1
scifact,956,balanced,1,0.29386083014214626,0.29386083014214626,1
scifact,956,balanced,64,0.29386083014214626,0.29386083014214626,1
scifact,956,dibud,1,0.29386083014214626,0.29386083014214626,1
scifact,956,dibud,64,0.29386083014214626,0.29386083014214626,1
scifact,957,balanced,1,0.36065777864221343,0.36065777864221343,1
scifact,957,balanced,64,0.36065777864221343,0.36065777864221343,1
scifact,957,dibud,1,0.36383858571364525,0.36383858571364525,1
scifact,957,dibud,64,0.36383858571364525,0.36383858571364525,1
scifact,960,balanced,1,0.5022036933209273,0.5022036933209273,1
scifact,960,balanced,64,0.5022036933209273,0.5022036933209273,1
scifact,960,dibud,1,0.5562774135352675,0.5562774135352675,1
scifact,960,dibud,64,0.5546870099995516,0.5546870099995516,1
scifact,967,balanced,1,0.3018128478207257,0.3018128478207257,1
scifact,967,balanced,64,0.3018128478207257,0.3018128478207257,1
scifact,967,dibud,1,0.30658405842787334,0.30658405842787334,1
scifact,967,dibud,64,0.3018128478207257,0.3018128478207257,1
scifact,971,balanced,1,0.5939895196067442,0.5939895196067442,1
scifact,971,balanced,64,0.5939895196067442,0.5939895196067442,1
scifact,971,dibud,1,0.6039895196067442,0.6039895196067442,1
scifact,971,dibud,64,0.5992183089995964,0.5992183089995964,1
scifact,975,balanced,1,0.42665952537442275,0.42665952537442275,1
scifact,975,balanced,64,0.42665952537442275,0.42665952537442275,1
scifact,975,dibud,1,0.45528678901730874,0.45528678901730874,1
scifact,975,dibud,64,0.4536963854815928,0.4536963854815928,1
scifact,982,balanced,1,0.22812997310658728,0.22812997310658728,1
scifact,982,balanced,64,0.22812997310658728,0.22812997310658728,1
scifact,982,dibud,1,0.2289251748744452,0.2289251748744452,1
scifact,982,dibud,64,0.22812997310658728,0.22812997310658728,1
scifact,985,balanced,1,0.44733477133872923,0.44733477133872923,1
scifact,985,balanced,64,0.44733477133872923,0.44733477133872923,1
scifact,985,dibud,1,0.465624411999462,0.465624411999462,1
scifact,985,dibud,64,0.4552867890173087,0.4552867890173087,1
scifact,99,balanced,1,0.3654289892493611,0.3654289892493611,1
scifact,99,balanced,64,0.3654289892493611,0.3654289892493611,1
scifact,99,dibud,1,0.36860979632079294,0.36860979632079294,1
scifact,99,dibud,64,0.36860979632079294,0.36860979632079294,1
scifact,993,balanced,1,0.4894804650352004,0.4894804650352004,1
scifact,993,balanced,64,0.4894804650352004,0.4894804650352004,1
scifact,993,dibud,1,0.4998180880173536,0.4998180880173536,1
scifact,993,dibud,64,0.4910708685709162,0.4910708685709162,1
trec-covid,1,balanced,1,0.07876946387493836,0.07876946387493836,1
trec-covid,1,balanced,64,0.07876946387493836,0.07876946387493836,1
trec-covid,1,dibud,1,0.08195027094637013,0.18968939855275566,0
trec-covid,1,dibud,64,0.08195027094637013,0.18968939855275566,0
trec-covid,10,balanced,1,0.239249287089144,0.239249287089144,1
trec-covid,10,balanced,64,0.239249287089144,0.239249287089144,1
trec-covid,10,dibud,1,0.24879170830343933,0.3264641026243219,0
trec-covid,10,dibud,64,0.24720130476772348,0.324873699088606,0
trec-covid,11,balanced,1,0.21274547271422808,0.21274547271422808,1
trec-covid,11,balanced,64,0.21274547271422808,0.21274547271422808,1
trec-covid,11,dibud,1,0.214335876249944,0.30578885666001543,0
trec-covid,11,dibud,64,0.214335876249944,0.30578885666001543,0
trec-covid,12,balanced,1,0.08615506917851218,0.08615506917851218,1
trec-covid,12,balanced,64,0.08615506917851218,0.08615506917851218,1
trec-covid,12,dibud,1,0.08615506917851218,0.10560216757096104,0
trec-covid,12,dibud,64,0.08615506917851218,0.10560216757096104,0
trec-covid,13,balanced,1,0.23752780553562622,0.23752780553562622,1
trec-covid,13,balanced,64,0.23752780553562622,0.23752780553562622,1
trec-covid,13,dibud,1,0.2469613931606206,0.32964490969575366,0
trec-covid,13,dibud,64,0.24219018255347297,0.324873699088606,0
trec-covid,14,balanced,1,0.23014220023205242,0.23014220023205242,1
trec-covid,14,balanced,64,0.23014220023205242,0.23014220023205242,1
trec-covid,14,dibud,1,0.24763663912492717,0.33282571676718553,0
trec-covid,14,dibud,64,0.2412750249820636,0.32646410262432196,0
trec-covid,15,balanced,1,0.020686368178557023,0.020686368178557023,1
trec-covid,15,balanced,64,0.020686368178557023,0.020686368178557023,1
trec-covid,15,dibud,1,0.023758341660687868,0.045493333981660125,0
trec-covid,15,dibud,64,0.022734350499977584,0.04446934282094984,0
trec-covid,16,balanced,1,0.08069749039280752,0.08069749039280752,1
trec-covid,16,balanced,64,0.08069749039280752,0.08069749039280752,1
trec-covid,16,dibud,1,0.0868414373570692,0.19207500385632953,0
trec-covid,16,dibud,64,0.0868414373570692,0.19207500385632953,0
trec-covid,17,balanced,1,0.11004448885700195,0.11004448885700195,1
trec-covid,17,balanced,64,0.11004448885700195,0.11004448885700195,1
trec-covid,17,dibud,1,0.1136828747141384,0.20638863567777246,0
trec-covid,17,dibud,64,0.11209247117842253,0.20479823214205656,0
trec-covid,18,balanced,1,0.08604623558921125,0.08604623558921125,1
trec-covid,18,balanced,64,0.08604623558921125,0.08604623558921125,1
trec-covid,18,dibud,1,0.08604623558921125,0.19127980208847156,0
trec-covid,18,dibud,64,0.08604623558921125,0.19127980208847156,0
trec-covid,19,balanced,1,0.26259453882112915,0.26259453882112915,1
trec-covid,19,balanced,64,0.26259453882112915,0.26259453882112915,1
trec-covid,19,dibud,1,0.3139450307497422,0.367814594552935,0
trec-covid,19,dibud,64,0.30758341660687866,0.3614529804100714,0
trec-covid,2,balanced,1,0.12149269216066544,0.12149269216066544,1
trec-covid,2,balanced,64,0.12149269216066544,0.12149269216066544,1
trec-covid,2,dibud,1,0.1262639027678131,0.14525342237455727,0
trec-covid,2,dibud,64,0.12308309569638136,0.14207261530312554,0
trec-covid,20,balanced,1,0.5363973693388189,0.5363973693388189,1
trec-covid,20,balanced,64,0.5363973693388189,0.5363973693388189,1
trec-covid,20,dibud,1,0.6127367390531815,0.6127367390531815,1
trec-covid,20,dibud,64,0.6127367390531815,0.6127367390531815,1
trec-covid,21,balanced,1,0.20468462144634772,0.20468462144634772,1
trec-covid,21,balanced,64,0.20468462144634772,0.20468462144634772,1
trec-covid,21,dibud,1,0.2152510338213533,0.3041984531242995,0
trec-covid,21,dibud,64,0.21207022674992154,0.30101764605286774,0
trec-covid,22,balanced,1,0.22370511914263938,0.22370511914263938,1
trec-covid,22,balanced,64,0.22370511914263938,0.22370511914263938,1
trec-covid,22,dibud,1,0.22370511914263938,0.2365173251423704,0
trec-covid,22,dibud,64,0.22370511914263938,0.2365173251423704,0
trec-covid,23,balanced,1,0.15038211183915523,0.15038211183915523,1
trec-covid,23,balanced,64,0.15038211183915523,0.15038211183915523,1
trec-covid,23,dibud,1,0.16310534012488234,0.25330553998139116,0
trec-covid,23,dibud,64,0.15992453305345053,0.25012473290995935,0
trec-covid,24,balanced,1,0.17487131053540206,0.17487131053540206,1
trec-covid,24,balanced,64,0.17487131053540206,0.17487131053540206,1
trec-covid,24,dibud,1,0.2217349923209723,0.22859867410654244,0
trec-covid,24,dibud,64,0.2201445887852564,0.22700827057082654,0
trec-covid,25,balanced,1,0.20995789969620202,0.20995789969620202,1
trec-covid,25,balanced,64,0.20995789969620202,0.20995789969620202,1
trec-covid,25,dibud,1,0.24908723098179458,0.25823880669588817,0
trec-covid,25,dibud,64,0.24806323982108433,0.2572148155351779,0
trec-covid,26,balanced,1,0.06489116641069907,0.06489116641069907,1
trec-covid,26,balanced,64,0.06489116641069907,0.06489116641069907,1
trec-covid,26,dibud,1,0.06648156994641495,0.18173738087417624,0
trec-covid,26,dibud,64,0.06489116641069907,0.18014697733846036,0
trec-covid,27,balanced,1,0.05205910453567106,0.05205910453567106,1
trec-covid,27,balanced,64,0.05205910453567106,0.05205910453567106,1
trec-covid,27,dibud,1,0.05308309569638134,0.16583334551701737,0
trec-covid,27,dibud,64,0.05308309569638134,0.16583334551701737,0
trec-covid,28,balanced,1,0.37303226173153675,0.37303226173153675,1
trec-covid,28,balanced,64,0.37303226173153675,0.37303226173153675,1
trec-covid,28,dibud,1,0.38836988471369005,0.3908754458208153,0
trec-covid,28,dibud,64,0.3867794811779741,0.3892850422850994,0
trec-covid,29,balanced,1,0.5029988950887853,0.5029988950887853,1
trec-covid,29,balanced,64,0.5029988950887853,0.5029988950887853,1
trec-covid,29,dibud,1,0.5189029304459442,0.5189029304459442,1
trec-covid,29,dibud,64,0.5173125269102283,0.5173125269102283,1
trec-covid,3,balanced,1,0.10467349923209722,0.10467349923209722,1
trec-covid,3,balanced,64,0.10467349923209722,0.10467349923209722,1
trec-covid,3,dibud,1,0.107854306303529,0.2143406533563519,0
trec-covid,3,dibud,64,0.107854306303529,0.2143406533563519,0
trec-covid,30,balanced,1,0.6310263797139143,0.6310263797139143,1
trec-covid,30,balanced,64,0.6310263797139143,0.6310263797139143,1
trec-covid,30,dibud,1,0.6532920292139365,0.6532920292139365,1
trec-covid,30,dibud,64,0.6453400115353571,0.6453400115353571,1
trec-covid,31,balanced,1,0.09831188508923366,0.09831188508923366,1
trec-covid,31,balanced,64,0.09831188508923366,0.09831188508923366,1
trec-covid,31,dibud,1,0.10308309569638133,0.20956944274920425,0
trec-covid,31,dibud,64,0.10308309569638133,0.20956944274920425,0
trec-covid,32,balanced,1,0.04330076287498318,0.04330076287498318,1
trec-covid,32,balanced,64,0.04330076287498318,0.04330076287498318,1
trec-covid,32,dibud,1,0.04330076287498318,0.16106213490986973,0
trec-covid,32,dibud,64,0.04330076287498318,0.16106213490986973,0
trec-covid,33,balanced,1,0.1153709896249047,0.1153709896249047,1
trec-covid,33,balanced,64,0.1153709896249047,0.1153709896249047,1
trec-covid,33,dibud,1,0.11696139316062061,0.11696139316062061,1
trec-covid,33,dibud,64,0.11696139316062061,0.11696139316062061,1
trec-covid,34,balanced,1,0.0751310780178019,0.0751310780178019,1
trec-covid,34,balanced,64,0.0751310780178019,0.0751310780178019,1
trec-covid,34,dibud,1,0.0751310780178019,0.0751310780178019,1
trec-covid,34,dibud,64,0.0751310780178019,0.0751310780178019,1
trec-covid,35,balanced,1,0.11378058608918885,0.11378058608918885,1
trec-covid,35,balanced,64,0.11378058608918885,0.11378058608918885,1
trec-covid,35,dibud,1,0.1168525595713197,0.13446934282094983,0
trec-covid,35,dibud,64,0.1168525595713197,0.13446934282094983,0
trec-covid,36,balanced,1,0.6031943178388861,0.6031943178388861,1
trec-covid,36,balanced,64,0.6031943178388861,0.6031943178388861,1
trec-covid,36,dibud,1,0.6509064239103628,0.6509064239103628,1
trec-covid,36,dibud,64,0.6381831956246357,0.6381831956246357,1
trec-covid,37,balanced,1,0.5268549481245236,0.5268549481245236,1
trec-covid,37,balanced,64,0.5268549481245236,0.5268549481245236,1
trec-covid,37,dibud,1,0.6302311779460562,0.6302311779460562,1
trec-covid,37,dibud,64,0.6270503708746245,0.6270503708746245,1
trec-covid,38,balanced,1,0.20154830323191789,0.20154830323191789,1
trec-covid,38,balanced,64,0.20154830323191789,0.20154830323191789,1
trec-covid,38,dibud,1,0.22960915449979824,0.30101764605286774,0
trec-covid,38,dibud,64,0.22801875096408236,0.2994272425171518,0
trec-covid,39,balanced,1,0.5666150365174208,0.5666150365174208,1
trec-covid,39,balanced,64,0.5666150365174208,0.5666150365174208,1
trec-covid,39,dibud,1,0.6023991160710283,0.6023991160710283,1
trec-covid,39,dibud,64,0.5904710895531591,0.5904710895531591,1
trec-covid,4,balanced,1,0.06322529592843373,0.06322529592843373,1
trec-covid,4,balanced,64,0.06322529592843373,0.06322529592843373,1
trec-covid,4,dibud,1,0.0759485242141608,0.1761709684991706,0
trec-covid,4,dibud,64,0.0759485242141608,0.1761709684991706,0
trec-covid,40,balanced,1,0.6127367390531815,0.6127367390531815,1
trec-covid,40,balanced,64,0.6127367390531815,0.6127367390531815,1
trec-covid,40,dibud,1,0.6652200557318058,0.6652200557318058,1
trec-covid,40,dibud,64,0.6556776345175105,0.6556776345175105,1
trec-covid,41,balanced,1,0.26570861260705797,0.26570861260705797,1
trec-covid,41,balanced,64,0.26570861260705797,0.26570861260705797,1
trec-covid,41,dibud,1,0.2672990161427738,0.3487297521243443,0
trec-covid,41,dibud,64,0.26570861260705797,0.34713934858862844,0
trec-covid,42,balanced,1,0.6556776345175105,0.6556776345175105,1
trec-covid,42,balanced,64,0.6556776345175105,0.6556776345175105,1
trec-covid,42,dibud,1,0.6811240910889647,0.6811240910889647,1
trec-covid,42,dibud,64,0.6747624769461011,0.6747624769461011,1
trec-covid,43,balanced,1,0.15331188508923366,0.15331188508923366,1
trec-covid,43,balanced,64,0.15331188508923366,0.15331188508923366,1
trec-covid,43,dibud,1,0.15490228862494956,0.1729766506602844,0
trec-covid,43,dibud,64,0.15331188508923366,0.17138624712456849,0
trec-covid,44,balanced,1,0.14558865680350658,0.14558865680350658,1
trec-covid,44,balanced,64,0.14558865680350658,0.14558865680350658,1
trec-covid,44,dibud,1,0.15513107801780188,0.25410074174924907,0
trec-covid,44,dibud,64,0.15354067448208603,0.2525103382135332,0
trec-covid,45,balanced,1,0.2721393485886284,0.2721393485886284,1
trec-covid,45,balanced,64,0.2721393485886284,0.2721393485886284,1
trec-covid,45,dibud,1,0.2987297521243443,0.3049936548921574,0
trec-covid,45,dibud,64,0.2963441468207705,0.30260804958858356,0
trec-covid,46,balanced,1,0.24664601460696828,0.24664601460696828,1
trec-covid,46,balanced,64,0.24664601460696828,0.24664601460696828,1
trec-covid,46,dibud,1,0.250622023446258,0.2638918082316937,0
trec-covid,46,dibud,64,0.24823641814268418,0.2615062029281199,0
trec-covid,47,balanced,1,0.07127502498206359,0.07127502498206359,1
trec-covid,47,balanced,64,0.07127502498206359,0.07127502498206359,1
trec-covid,47,dibud,1,0.07445583205349536,0.07445583205349536,1
trec-covid,47,dibud,64,0.07445583205349536,0.07445583205349536,1
trec-covid,48,balanced,1,0.12733238278552536,0.12733238278552536,1
trec-covid,48,balanced,64,0.12733238278552536,0.12733238278552536,1
trec-covid,48,dibud,1,0.12733238278552536,0.14151732514237042,0
trec-covid,48,dibud,64,0.12733238278552536,0.14151732514237042,0
trec-covid,49,balanced,1,0.09525103382135332,0.09525103382135332,1
trec-covid,49,balanced,64,0.09525103382135332,0.09525103382135332,1
trec-covid,49,dibud,1,0.09684143735706921,0.20082222330276686,0
trec-covid,49,dibud,64,0.09684143735706921,0.20082222330276686,0
trec-covid,5,balanced,1,0.25360740776758894,0.25360740776758894,1
trec-covid,5,balanced,64,0.25360740776758894,0.25360740776758894,1
trec-covid,5,dibud,1,0.25996902191045246,0.3201024884814584,0
trec-covid,5,dibud,64,0.25996902191045246,0.3201024884814584,0
trec-covid,50,balanced,1,0.11546870099995517,0.11546870099995517,1
trec-covid,50,balanced,64,0.11546870099995517,0.11546870099995517,1
trec-covid,50,dibud,1,0.11705910453567106,0.22229267103493133,0
trec-covid,50,dibud,64,0.11705910453567106,0.22229267103493133,0
trec-covid,6,balanced,1,0.1373967275178243,0.1373967275178243,1
trec-covid,6,balanced,64,0.1373967275178243,0.1373967275178243,1
trec-covid,6,dibud,1,0.1373967275178243,0.24137751346352201,0
trec-covid,6,dibud,64,0.1373967275178243,0.24137751346352201,0
trec-covid,7,balanced,1,0.2324412163748263,0.2324412163748263,1
trec-covid,7,balanced,64,0.2324412163748263,0.2324412163748263,1
trec-covid,7,dibud,1,0.255730857035559,0.32964490969575366,0
trec-covid,7,dibud,64,0.25255004996412717,0.3264641026243219,0
trec-covid,8,balanced,1,0.0896846214463477,0.0896846214463477,1
trec-covid,8,balanced,64,0.0896846214463477,0.0896846214463477,1
trec-covid,8,dibud,1,0.09604623558921126,0.20002702153490892,0
trec-covid,8,dibud,64,0.09604623558921126,0.20002702153490892,0
trec-covid,9,balanced,1,0.14161264796421685,0.14161264796421685,1
trec-covid,9,balanced,64,0.14161264796421685,0.14161264796421685,1
trec-covid,9,dibud,1,0.1479742621070804,0.24694392583852762,0
trec-covid,9,dibud,64,0.14638385857136452,0.2453535223028117,0
trec-covid-chrono-r1,1,balanced,1,0.23024468871351078,0.23024468871351078,1
trec-covid-chrono-r1,1,balanced,64,0.23024468871351078,0.23024468871351078,1
trec-covid-chrono-r1,1,dibud,1,0.2381967063920902,0.2381967063920902,1
trec-covid-chrono-r1,1,dibud,64,0.23501589932065842,0.23501589932065842,1
trec-covid-chrono-r1,10,balanced,1,0.6445448097674992,0.6445448097674992,1
trec-covid-chrono-r1,10,balanced,64,0.6445448097674992,0.6445448097674992,1
trec-covid-chrono-r1,10,dibud,1,0.6914617140711179,0.6914617140711179,1
trec-covid-chrono-r1,10,dibud,64,0.6874857052318282,0.6874857052318282,1
trec-covid-chrono-r1,11,balanced,1,0.13787655073202998,0.13787655073202998,1
trec-covid-chrono-r1,11,balanced,64,0.13787655073202998,0.13787655073202998,1
trec-covid-chrono-r1,11,dibud,1,0.1562861471963141,0.24773912760638553,0
trec-covid-chrono-r1,11,dibud,64,0.1546957436605982,0.24614872407066965,0
trec-covid-chrono-r1,12,balanced,1,0.1352621560356038,0.1352621560356038,1
trec-covid-chrono-r1,12,balanced,64,0.1352621560356038,0.1352621560356038,1
trec-covid-chrono-r1,12,dibud,1,0.1446957436605982,0.16162615873167133,0
trec-covid-chrono-r1,12,dibud,64,0.14151493658916642,0.15844535166023954,0
trec-covid-chrono-r1,13,balanced,1,0.12274547271422807,0.12274547271422807,1
trec-covid-chrono-r1,13,balanced,64,0.12274547271422807,0.12274547271422807,1
trec-covid-chrono-r1,13,dibud,1,0.12910708685709163,0.23183509224922666,0
trec-covid-chrono-r1,13,dibud,64,0.12433587624994397,0.227063881642079,0
trec-covid-chrono-r1,14,balanced,1,0.15717906033922247,0.15717906033922247,1
trec-covid-chrono-r1,14,balanced,64,0.15717906033922247,0.15717906033922247,1
trec-covid-chrono-r1,14,dibud,1,0.16207022674992153,0.1794582206066993,0
trec-covid-chrono-r1,14,dibud,64,0.16127502498206361,0.1786630188388414,0
trec-covid-chrono-r1,15,balanced,1,0.03592627978565984,0.03592627978565984,1
trec-covid-chrono-r1,15,balanced,64,0.03592627978565984,0.03592627978565984,1
trec-covid-chrono-r1,15,dibud,1,0.03592627978565984,0.03592627978565984,1
trec-covid-chrono-r1,15,dibud,64,0.03592627978565984,0.03592627978565984,1
trec-covid-chrono-r1,16,balanced,1,0.07864950807138693,0.07864950807138693,1
trec-covid-chrono-r1,16,balanced,64,0.07864950807138693,0.07864950807138693,1
trec-covid-chrono-r1,16,dibud,1,0.0818303151428187,0.1920750038563295,0
trec-covid-chrono-r1,16,dibud,64,0.07864950807138693,0.18889419678489774,0
trec-covid-chrono-r1,17,balanced,1,0.20490228862494952,0.20490228862494952,1
trec-covid-chrono-r1,17,balanced,64,0.20490228862494952,0.20490228862494952,1
trec-covid-chrono-r1,17,dibud,1,0.20910708685709162,0.3018128478207257,0
trec-covid-chrono-r1,17,dibud,64,0.20592627978565983,0.2986320407492939,0
trec-covid-chrono-r1,18,balanced,1,0.2451890776422583,0.2451890776422583,1
trec-covid-chrono-r1,18,balanced,64,0.2451890776422583,0.2451890776422583,1
trec-covid-chrono-r1,18,dibud,1,0.259960288249406,0.2787519965528454,0
trec-covid-chrono-r1,18,dibud,64,0.259960288249406,0.2787519965528454,0
trec-covid-chrono-r1,19,balanced,1,0.1352510338213533,0.1352510338213533,1
trec-covid-chrono-r1,19,balanced,64,0.1352510338213533,0.1352510338213533,1
trec-covid-chrono-r1,19,dibud,1,0.1352510338213533,0.23422069755280048,0
trec-covid-chrono-r1,19,dibud,64,0.1352510338213533,0.23422069755280048,0
trec-covid-chrono-r1,2,balanced,1,0.06660152574996639,0.06660152574996639,1
trec-covid-chrono-r1,2,balanced,64,0.06660152574996639,0.06660152574996639,1
trec-covid-chrono-r1,2,dibud,1,0.06660152574996639,0.17935177557060242,0
trec-covid-chrono-r1,2,dibud,64,0.06660152574996639,0.17935177557060242,0
trec-covid-chrono-r1,20,balanced,1,0.3186518966245909,0.3186518966245909,1
trec-covid-chrono-r1,20,balanced,64,0.3186518966245909,0.3186518966245909,1
trec-covid-chrono-r1,20,dibud,1,0.36720369332092745,0.3701779554280078,0
trec-covid-chrono-r1,20,dibud,64,0.3616372809459218,0.3646115430530022,0
trec-covid-chrono-r1,21,balanced,1,0.2545980322855478,0.2545980322855478,1
trec-covid-chrono-r1,21,balanced,64,0.2545980322855478,0.2545980322855478,1
trec-covid-chrono-r1,21,dibud,1,0.278454085321286,0.35111535742791816,0
trec-covid-chrono-r1,21,dibud,64,0.2736828747141384,0.3463441468207705,0
trec-covid-chrono-r1,22,balanced,1,0.3660931129994172,0.3660931129994172,1
trec-covid-chrono-r1,22,balanced,64,0.3660931129994172,0.3660931129994172,1
trec-covid-chrono-r1,22,dibud,1,0.43868526326734236,0.44494916603515544,0
trec-covid-chrono-r1,22,dibud,64,0.43868526326734236,0.44494916603515544,0
trec-covid-chrono-r1,23,balanced,1,0.3445225653389983,0.3445225653389983,1
trec-covid-chrono-r1,23,balanced,64,0.3445225653389983,0.3445225653389983,1
trec-covid-chrono-r1,23,dibud,1,0.38587305726761134,0.43222593774942836,0
trec-covid-chrono-r1,23,dibud,64,0.3826922501961796,0.42904513067799666,0
trec-covid-chrono-r1,24,balanced,1,0.3408953016961123,0.3408953016961123,1
trec-covid-chrono-r1,24,balanced,64,0.3408953016961123,0.3408953016961123,1
trec-covid-chrono-r1,24,dibud,1,0.3888361971604413,0.4314307359815705,0
trec-covid-chrono-r1,24,dibud,64,0.3816793812497198,0.4242739200708489,0
trec-covid-chrono-r1,25,balanced,1,0.3300468774102059,0.3300468774102059,1
trec-covid-chrono-r1,25,balanced,64,0.3300468774102059,0.3300468774102059,1
trec-covid-chrono-r1,25,dibud,1,0.3733810069279406,0.3733810069279406,1
trec-covid-chrono-r1,25,dibud,64,0.3733810069279406,0.3733810069279406,1
trec-covid-chrono-r1,26,balanced,1,0.2715951806421238,0.2715951806421238,1
trec-covid-chrono-r1,26,balanced,64,0.2715951806421238,0.2715951806421238,1
trec-covid-chrono-r1,26,dibud,1,0.29068002307071444,0.29068002307071444,1
trec-covid-chrono-r1,26,dibud,64,0.28908961953499857,0.28908961953499857,1
trec-covid-chrono-r1,27,balanced,1,0.33362091853504344,0.33362091853504344,1
trec-covid-chrono-r1,27,balanced,64,0.33362091853504344,0.33362091853504344,1
trec-covid-chrono-r1,27,dibud,1,0.3447537432850546,0.3447537432850546,1
trec-covid-chrono-r1,27,dibud,64,0.3431633397493387,0.3431633397493387,1
trec-covid-chrono-r1,28,balanced,1,0.3455576787139591,0.3455576787139591,1
trec-covid-chrono-r1,28,balanced,64,0.3455576787139591,0.3455576787139591,1
trec-covid-chrono-r1,28,dibud,1,0.37100413528541326,0.3785541852495405,0
trec-covid-chrono-r1,28,dibud,64,0.3646425211425498,0.3721925711066769,0
trec-covid-chrono-r1,29,balanced,1,0.4347402325176001,0.4347402325176001,1
trec-covid-chrono-r1,29,balanced,64,0.4347402325176001,0.4347402325176001,1
trec-covid-chrono-r1,29,dibud,1,0.4434874519640375,0.4823236491244788,0
trec-covid-chrono-r1,29,dibud,64,0.4411018466604637,0.479938043820905,0
trec-covid-chrono-r1,3,balanced,1,0.19845408532128606,0.19845408532128606,1
trec-covid-chrono-r1,3,balanced,64,0.19845408532128606,0.19845408532128606,1
trec-covid-chrono-r1,3,dibud,1,0.21117731360701317,0.29386083014214626,0
trec-covid-chrono-r1,3,dibud,64,0.21117731360701317,0.29386083014214626,0
trec-covid-chrono-r1,30,balanced,1,0.33872975212434436,0.33872975212434436,1
trec-covid-chrono-r1,30,balanced,64,0.33872975212434436,0.33872975212434436,1
trec-covid-chrono-r1,30,dibud,1,0.3633810069279405,0.3636097963207929,0
trec-covid-chrono-r1,30,dibud,64,0.3609954016243667,0.36122419101721903,0
trec-covid-chrono-r1,4,balanced,1,0.2427144946246806,0.2427144946246806,1
trec-covid-chrono-r1,4,balanced,64,0.2427144946246806,0.2427144946246806,1
trec-covid-chrono-r1,4,dibud,1,0.24589530169611232,0.30101764605286774,0
trec-covid-chrono-r1,4,dibud,64,0.24589530169611232,0.30101764605286774,0
trec-covid-chrono-r1,5,balanced,1,0.32440260953544686,0.32440260953544686,1
trec-covid-chrono-r1,5,balanced,64,0.32440260953544686,0.32440260953544686,1
trec-covid-chrono-r1,5,dibud,1,0.3339450307497422,0.3433253958566881,0
trec-covid-chrono-r1,5,dibud,64,0.33076422367831043,0.34014458878525633,0
trec-covid-chrono-r1,6,balanced,1,0.19317207341038525,0.19317207341038525,1
trec-covid-chrono-r1,6,balanced,64,0.19317207341038525,0.19317207341038525,1
trec-covid-chrono-r1,6,dibud,1,0.19317207341038525,0.25330553998139116,0
trec-covid-chrono-r1,6,dibud,64,0.19317207341038525,0.25330553998139116,0
trec-covid-chrono-r1,7,balanced,1,0.437792350124434,0.437792350124434,1
trec-covid-chrono-r1,7,balanced,64,0.437792350124434,0.437792350124434,1
trec-covid-chrono-r1,7,dibud,1,0.4457443678030134,0.4457443678030134,1
trec-covid-chrono-r1,7,dibud,64,0.44256356073158165,0.44256356073158165,1
trec-covid-chrono-r1,8,balanced,1,0.23486257687435555,0.23486257687435555,1
trec-covid-chrono-r1,8,balanced,64,0.23486257687435555,0.23486257687435555,1
trec-covid-chrono-r1,8,dibud,1,0.23588656803506583,0.23863204074929392,0
trec-covid-chrono-r1,8,dibud,64,0.23588656803506583,0.23863204074929392,0
trec-covid-chrono-r1,9,balanced,1,0.15322529592843376,0.15322529592843376,1
trec-covid-chrono-r1,9,balanced,64,0.15322529592843376,0.15322529592843376,1
trec-covid-chrono-r1,9,dibud,1,0.16276771714272903,0.17901176403524513,0
trec-covid-chrono-r1,9,dibud,64,0.16117731360701318,0.17742136049952928,0
trec-covid-chrono-r2,1,balanced,1,0.05696139316062062,0.05696139316062062,1
trec-covid-chrono-r2,1,balanced,64,0.05696139316062062,0.05696139316062062,1
trec-covid-chrono-r2,1,dibud,1,0.06162377017846736,0.08061328978521154,0
trec-covid-chrono-r2,1,dibud,64,0.06162377017846736,0.08061328978521154,0
trec-covid-chrono-r2,10,balanced,1,0.6023991160710283,0.6023991160710283,1
trec-covid-chrono-r2,10,balanced,64,0.6023991160710283,0.6023991160710283,1
trec-covid-chrono-r2,10,dibud,1,0.6119415372853235,0.6119415372853235,1
trec-covid-chrono-r2,10,dibud,64,0.6087607302138918,0.6087607302138918,1
trec-covid-chrono-r2,11,balanced,1,0.11696139316062061,0.11696139316062061,1
trec-covid-chrono-r2,11,balanced,64,0.11696139316062061,0.11696139316062061,1
trec-covid-chrono-r2,11,dibud,1,0.12570861260705798,0.22467827633850515,0
trec-covid-chrono-r2,11,dibud,64,0.12173260376776827,0.22070226749921545,0
trec-covid-chrono-r2,12,balanced,1,0.10878058608918884,0.10878058608918884,1
trec-covid-chrono-r2,12,balanced,64,0.10878058608918884,0.10878058608918884,1
trec-covid-chrono-r2,12,dibud,1,0.11287655073202997,0.13049333398166013,0
trec-covid-chrono-r2,12,dibud,64,0.11287655073202997,0.13049333398166013,0
trec-covid-chrono-r2,13,balanced,1,0.15426040930339452,0.15426040930339452,1
trec-covid-chrono-r2,13,balanced,64,0.15426040930339452,0.15426040930339452,1
trec-covid-chrono-r2,13,dibud,1,0.174935655267701,0.2588719523563967,0
trec-covid-chrono-r2,13,dibud,64,0.17175484819626924,0.25569114528496495,0
trec-covid-chrono-r2,14,balanced,1,0.17888941967848979,0.17888941967848979,1
trec-covid-chrono-r2,14,balanced,64,0.17888941967848979,0.17888941967848979,1
trec-covid-chrono-r2,14,dibud,1,0.18047982321420566,0.2731855841778397,0
trec-covid-chrono-r2,14,dibud,64,0.17888941967848979,0.27159518064212385,0
trec-covid-chrono-r2,15,balanced,1,0.025119955803551412,0.025119955803551412,1
trec-covid-chrono-r2,15,balanced,64,0.025119955803551412,0.025119955803551412,1
trec-covid-chrono-r2,15,dibud,1,0.026143946964261696,0.14515809955271086,0
trec-covid-chrono-r2,15,dibud,64,0.026143946964261696,0.14515809955271086,0
trec-covid-chrono-r2,16,balanced,1,0.07161264796421687,0.07161264796421687,1
trec-covid-chrono-r2,16,balanced,64,0.07161264796421687,0.07161264796421687,1
trec-covid-chrono-r2,16,dibud,1,0.07479345503564865,0.09446934282094983,0
trec-covid-chrono-r2,16,dibud,64,0.07479345503564865,0.09446934282094983,0
trec-covid-chrono-r2,17,balanced,1,0.22481569946414964,0.22481569946414964,1
trec-covid-chrono-r2,17,balanced,64,0.22481569946414964,0.22481569946414964,1
trec-covid-chrono-r2,17,dibud,1,0.2391293312855926,0.3193072867136005,0
trec-covid-chrono-r2,17,dibud,64,0.2375389277498767,0.31771688317788455,0
trec-covid-chrono-r2,18,balanced,1,0.16447807648199636,0.16447807648199636,1
trec-covid-chrono-r2,18,balanced,64,0.16447807648199636,0.16447807648199636,1
trec-covid-chrono-r2,18,dibud,1,0.1758508128391104,0.2572815488206809,0
trec-covid-chrono-r2,18,dibud,64,0.1742604093033945,0.255691145284965,0
trec-covid-chrono-r2,19,balanced,1,0.13480457724989914,0.13480457724989914,1
trec-covid-chrono-r2,19,balanced,64,0.13480457724989914,0.13480457724989914,1
trec-covid-chrono-r2,19,dibud,1,0.14537098962490472,0.24058231169566402,0
trec-covid-chrono-r2,19,dibud,64,0.14537098962490472,0.24058231169566402,0
trec-covid-chrono-r2,2,balanced,1,0.07023991160710283,0.07023991160710283,1
trec-covid-chrono-r2,2,balanced,64,0.07023991160710283,0.07023991160710283,1
trec-covid-chrono-r2,2,dibud,1,0.07501112221425048,0.1865085914813239,0
trec-covid-chrono-r2,2,dibud,64,0.0734207186785346,0.184918187945608,0
trec-covid-chrono-r2,20,balanced,1,0.4131720734103852,0.4131720734103852,1
trec-covid-chrono-r2,20,balanced,64,0.4131720734103852,0.4131720734103852,1
trec-covid-chrono-r2,20,dibud,1,0.4438695638031927,0.46641961376731994,0
trec-covid-chrono-r2,20,dibud,64,0.4438695638031927,0.46641961376731994,0
trec-covid-chrono-r2,21,balanced,1,0.2367437259820188,0.2367437259820188,1
trec-covid-chrono-r2,21,balanced,64,0.2367437259820188,0.2367437259820188,1
trec-covid-chrono-r2,21,dibud,1,0.24151493658916642,0.32169289201717427,0
trec-covid-chrono-r2,21,dibud,64,0.23833412951773464,0.3185120849457425,0
trec-covid-chrono-r2,22,balanced,1,0.3062440468925161,0.3062440468925161,1
trec-covid-chrono-r2,22,balanced,64,0.3062440468925161,0.3062440468925161,1
trec-covid-chrono-r2,22,dibud,1,0.34861852998183945,0.3924658493565312,0
trec-covid-chrono-r2,22,dibud,64,0.34066651230325995,0.3845138316779517,0
trec-covid-chrono-r2,23,balanced,1,0.2946091544997982,0.2946091544997982,1
trec-covid-chrono-r2,23,balanced,64,0.2946091544997982,0.2946091544997982,1
trec-covid-chrono-r2,23,dibud,1,0.2988139527319403,0.3102534223745573,0
trec-covid-chrono-r2,23,dibud,64,0.2988139527319403,0.3102534223745573,0
trec-covid-chrono-r2,24,balanced,1,0.30091754612461336,0.30091754612461336,1
trec-covid-chrono-r2,24,balanced,64,0.30091754612461336,0.30091754612461336,1
trec-covid-chrono-r2,24,dibud,1,0.29277883935697957,0.3051334665710059,0
trec-covid-chrono-r2,24,dibud,64,0.2903932340534058,0.30274786126743203,0
trec-covid-chrono-r2,25,balanced,1,0.2818438259102731,0.2818438259102731,1
trec-covid-chrono-r2,25,balanced,64,0.2818438259102731,0.2818438259102731,1
trec-covid-chrono-r2,25,dibud,1,0.3506887567317609,0.3845138316779517,0
trec-covid-chrono-r2,25,dibud,64,0.34432714258889735,0.37815221753508815,0
trec-covid-chrono-r2,26,balanced,1,0.1491293312855926,0.1491293312855926,1
trec-covid-chrono-r2,26,balanced,64,0.1491293312855926,0.1491293312855926,1
trec-covid-chrono-r2,26,dibud,1,0.1564061029998655,0.24535352230281168,0
trec-covid-chrono-r2,26,dibud,64,0.1564061029998655,0.24535352230281168,0
trec-covid-chrono-r2,27,balanced,1,0.2320170042318731,0.2320170042318731,1
trec-covid-chrono-r2,27,balanced,64,0.2320170042318731,0.2320170042318731,1
trec-covid-chrono-r2,27,dibud,1,0.25770337241043006,0.2668549481245237,0
trec-covid-chrono-r2,27,dibud,64,0.25452256533899836,0.2636741410530919,0
trec-covid-chrono-r2,28,balanced,1,0.45720130476772347,0.45720130476772347,1
trec-covid-chrono-r2,28,balanced,64,0.45720130476772347,0.45720130476772347,1
trec-covid-chrono-r2,28,dibud,1,0.4810573578034617,0.5324213604995293,0
trec-covid-chrono-r2,28,dibud,64,0.4715149365891663,0.522878939285234,0
trec-covid-chrono-r2,29,balanced,1,0.5046758877853011,0.5046758877853011,1
trec-covid-chrono-r2,29,balanced,64,0.5046758877853011,0.5046758877853011,1
trec-covid-chrono-r2,29,dibud,1,0.5486407744103403,0.5586630188388414,0
trec-covid-chrono-r2,29,dibud,64,0.5470503708746246,0.5570726153031255,0
trec-covid-chrono-r2,3,balanced,1,0.16197251537487112,0.16197251537487112,1
trec-covid-chrono-r2,3,balanced,64,0.16197251537487112,0.16197251537487112,1
trec-covid-chrono-r2,3,dibud,1,0.17787655073202993,0.26682397003497615,0
trec-covid-chrono-r2,3,dibud,64,0.17787655073202993,0.26682397003497615,0
trec-covid-chrono-r2,30,balanced,1,0.32700588201762265,0.32700588201762265,1
trec-covid-chrono-r2,30,balanced,64,0.32700588201762265,0.32700588201762265,1
trec-covid-chrono-r2,30,dibud,1,0.3646202767140487,0.37377185242814226,0
trec-covid-chrono-r2,30,dibud,64,0.3574634608033272,0.3666150365174208,0
trec-covid-chrono-r2,4,balanced,1,0.1493469984641944,0.1493469984641944,1
trec-covid-chrono-r2,4,balanced,64,0.1493469984641944,0.1493469984641944,1
trec-covid-chrono-r2,4,dibud,1,0.1509374019999103,0.24614872407066965,0
trec-covid-chrono-r2,4,dibud,64,0.1509374019999103,0.24614872407066965,0
trec-covid-chrono-r2,5,balanced,1,0.34202812644612357,0.34202812644612357,1
trec-covid-chrono-r2,5,balanced,64,0.34202812644612357,0.34202812644612357,1
trec-covid-chrono-r2,5,dibud,1,0.3850246329817049,0.3889140526601947,0
trec-covid-chrono-r2,5,dibud,64,0.3810486241424152,0.38493804382090496,0
trec-covid-chrono-r2,6,balanced,1,0.15789879516053096,0.15789879516053096,1
trec-covid-chrono-r2,6,balanced,64,0.15789879516053096,0.15789879516053096,1
trec-covid-chrono-r2,6,dibud,1,0.15789879516053096,0.24058231169566402,0
trec-covid-chrono-r2,6,dibud,64,0.15789879516053096,0.24058231169566402,0
trec-covid-chrono-r2,7,balanced,1,0.38769463874938354,0.38769463874938354,1
trec-covid-chrono-r2,7,balanced,64,0.38769463874938354,0.38769463874938354,1
trec-covid-chrono-r2,7,dibud,1,0.4338163412851443,0.4338163412851443,1
trec-covid-chrono-r2,7,dibud,64,0.4274547271422807,0.4274547271422807,1
trec-covid-chrono-r2,8,balanced,1,0.1286939969283889,0.1286939969283889,1
trec-covid-chrono-r2,8,balanced,64,0.1286939969283889,0.1286939969283889,1
trec-covid-chrono-r2,8,dibud,1,0.13028440046410475,0.21672625865992573,0
trec-covid-chrono-r2,8,dibud,64,0.13028440046410475,0.21672625865992573,0
trec-covid-chrono-r2,9,balanced,1,0.16888941967848978,0.16888941967848978,1
trec-covid-chrono-r2,9,balanced,64,0.16888941967848978,0.16888941967848978,1
trec-covid-chrono-r2,9,dibud,1,0.17286542851777947,0.26682397003497615,0
trec-covid-chrono-r2,9,dibud,64,0.17207022674992153,0.26602876826711824,0
trec-covid-chrono-r3,1,balanced,1,0.09876946387493835,0.09876946387493835,1
trec-covid-chrono-r3,1,balanced,64,0.09876946387493835,0.09876946387493835,1
trec-covid-chrono-r3,1,dibud,1,0.09876946387493835,0.20400303037419865,0
trec-covid-chrono-r3,1,dibud,64,0.09876946387493835,0.20400303037419865,0
trec-covid-chrono-r3,10,balanced,1,0.3948514546601051,0.3948514546601051,1
trec-covid-chrono-r3,10,balanced,64,0.3948514546601051,0.3948514546601051,1
trec-covid-chrono-r3,10,dibud,1,0.4926612721066321,0.4926612721066321,1
trec-covid-chrono-r3,10,dibud,64,0.49027566680305823,0.49027566680305823,1
trec-covid-chrono-r3,11,balanced,1,0.15956466564279626,0.15956466564279626,1
trec-covid-chrono-r3,11,balanced,64,0.15956466564279626,0.15956466564279626,1
trec-covid-chrono-r3,11,dibud,1,0.16535986741065423,0.18297665066028437,0
trec-covid-chrono-r3,11,dibud,64,0.1621790603392225,0.17979584358885264,0
trec-covid-chrono-r3,12,balanced,1,0.09286542851777949,0.09286542851777949,1
trec-covid-chrono-r3,12,balanced,64,0.09286542851777949,0.09286542851777949,1
trec-covid-chrono-r3,12,dibud,1,0.09752780553562622,0.11605974635666573,0
trec-covid-chrono-r3,12,dibud,64,0.09752780553562622,0.11605974635666573,0
trec-covid-chrono-r3,13,balanced,1,0.18592627978565987,0.18592627978565987,1
trec-covid-chrono-r3,13,balanced,64,0.18592627978565987,0.18592627978565987,1
trec-covid-chrono-r3,13,dibud,1,0.1906974903928075,0.2859088124635668,0
trec-covid-chrono-r3,13,dibud,64,0.1906974903928075,0.2859088124635668,0
trec-covid-chrono-r3,14,balanced,1,0.15388941967848976,0.15388941967848976,1
trec-covid-chrono-r3,14,balanced,64,0.15388941967848976,0.15388941967848976,1
trec-covid-chrono-r3,14,dibud,1,0.15809421791063183,0.17548221176740963,0
trec-covid-chrono-r3,14,dibud,64,0.15707022674992155,0.17445822060669935,0
trec-covid-chrono-r3,15,balanced,1,0.01660152574996638,0.01660152574996638,1
trec-covid-chrono-r3,15,balanced,64,0.01660152574996638,0.01660152574996638,1
trec-covid-chrono-r3,15,dibud,1,0.01660152574996638,0.03833651807093863,0
trec-covid-chrono-r3,15,dibud,64,0.01660152574996638,0.03833651807093863,0
trec-covid-chrono-r3,16,balanced,1,0.08831188508923368,0.08831188508923368,1
trec-covid-chrono-r3,16,balanced,64,0.08831188508923368,0.08831188508923368,1
trec-covid-chrono-r3,16,dibud,1,0.08990228862494958,0.1976414162313351,0
trec-covid-chrono-r3,16,dibud,64,0.08990228862494958,0.1976414162313351,0
trec-covid-chrono-r3,17,balanced,1,0.11797426210708041,0.11797426210708041,1
trec-covid-chrono-r3,17,balanced,64,0.11797426210708041,0.11797426210708041,1
trec-covid-chrono-r3,17,dibud,1,0.1195646656427963,0.22229267103493133,0
trec-covid-chrono-r3,17,dibud,64,0.11797426210708041,0.22070226749921543,0
trec-covid-chrono-r3,18,balanced,1,0.16460915449979827,0.16460915449979827,1
trec-covid-chrono-r3,18,balanced,64,0.16460915449979827,0.16460915449979827,1
trec-covid-chrono-r3,18,dibud,1,0.17199475980337206,0.25091993467781726,0
trec-covid-chrono-r3,18,dibud,64,0.17199475980337206,0.25091993467781726,0
trec-covid-chrono-r3,19,balanced,1,0.22278996157123004,0.22278996157123004,1
trec-covid-chrono-r3,19,balanced,64,0.22278996157123004,0.22278996157123004,1
trec-covid-chrono-r3,19,dibud,1,0.25300762874983185,0.32566890085646394,0
trec-covid-chrono-r3,19,dibud,64,0.25300762874983185,0.32566890085646394,0
trec-covid-chrono-r3,2,balanced,1,0.09912933128559258,0.09912933128559258,1
trec-covid-chrono-r3,2,balanced,64,0.09912933128559258,0.09912933128559258,1
trec-covid-chrono-r3,2,dibud,1,0.10231013835702436,0.12015571099950684,0
trec-covid-chrono-r3,2,dibud,64,0.10231013835702436,0.12015571099950684,0
trec-covid-chrono-r3,20,balanced,1,0.49893390853549174,0.49893390853549174,1
trec-covid-chrono-r3,20,balanced,64,0.49893390853549174,0.49893390853549174,1
trec-covid-chrono-r3,20,dibud,1,0.5148379438926506,0.549915799392404,0
trec-covid-chrono-r3,20,dibud,64,0.508476329749787,0.5435541852495405,0
trec-covid-chrono-r3,21,balanced,1,0.16934699846419443,0.16934699846419443,1
trec-covid-chrono-r3,21,balanced,64,0.16934699846419443,0.16934699846419443,1
trec-covid-chrono-r3,21,dibud,1,0.17491341083920006,0.17491341083920006,1
trec-covid-chrono-r3,21,dibud,64,0.17252780553562622,0.17252780553562622,1
trec-covid-chrono-r3,22,balanced,1,0.3331498289818842,0.3331498289818842,1
trec-covid-chrono-r3,22,balanced,64,0.3331498289818842,0.3331498289818842,1
trec-covid-chrono-r3,22,dibud,1,0.3450778554997534,0.39644185819582095,0
trec-covid-chrono-r3,22,dibud,64,0.33792103958903186,0.3892850422850994,0
trec-covid-chrono-r3,23,balanced,1,0.19131951383906556,0.19131951383906556,1
trec-covid-chrono-r3,23,balanced,64,0.19131951383906556,0.19131951383906556,1
trec-covid-chrono-r3,23,dibud,1,0.21517556687480383,0.28908961953499857,0
trec-covid-chrono-r3,23,dibud,64,0.21517556687480383,0.28908961953499857,0
trec-covid-chrono-r3,24,balanced,1,0.31043772291040767,0.31043772291040767,1
trec-covid-chrono-r3,24,balanced,64,0.31043772291040767,0.31043772291040767,1
trec-covid-chrono-r3,24,dibud,1,0.31305211760683377,0.36065777864221343,0
trec-covid-chrono-r3,24,dibud,64,0.3114617140711179,0.3590673751064976,0
trec-covid-chrono-r3,25,balanced,1,0.24628853574951803,0.24628853574951803,1
trec-covid-chrono-r3,25,balanced,64,0.24628853574951803,0.24628853574951803,1
trec-covid-chrono-r3,25,dibud,1,0.29925167564234795,0.3008532013923143,0
trec-covid-chrono-r3,25,dibud,64,0.29925167564234795,0.3008532013923143,0
trec-covid-chrono-r3,26,balanced,1,0.04842071867853459,0.04842071867853459,1
trec-covid-chrono-r3,26,balanced,64,0.04842071867853459,0.04842071867853459,1
trec-covid-chrono-r3,26,dibud,1,0.04842071867853459,0.06924055342809748,0
trec-covid-chrono-r3,26,dibud,64,0.04842071867853459,0.06924055342809748,0
trec-covid-chrono-r3,27,balanced,1,0.12894503074974223,0.12894503074974223,1
trec-covid-chrono-r3,27,balanced,64,0.12894503074974223,0.12894503074974223,1
trec-covid-chrono-r3,27,dibud,1,0.1490538643390431,0.22547347810636312,0
trec-covid-chrono-r3,27,dibud,64,0.1490538643390431,0.22547347810636312,0
trec-covid-chrono-r3,28,balanced,1,0.46482921023160406,0.46482921023160406,1
trec-covid-chrono-r3,28,balanced,64,0.46482921023160406,0.46482921023160406,1
trec-covid-chrono-r3,28,dibud,1,0.479142842053047,0.479142842053047,1
trec-covid-chrono-r3,28,dibud,64,0.4759620349816152,0.4759620349816152,1
trec-covid-chrono-r3,29,balanced,1,0.44972037664230313,0.44972037664230313,1
trec-covid-chrono-r3,29,balanced,64,0.44972037664230313,0.44972037664230313,1
trec-covid-chrono-r3,29,dibud,1,0.5260597463566657,0.5260597463566657,1
trec-covid-chrono-r3,29,dibud,64,0.5228789392852339,0.5228789392852339,1
trec-covid-chrono-r3,3,balanced,1,0.12387829746423926,0.12387829746423926,1
trec-covid-chrono-r3,3,balanced,64,0.12387829746423926,0.12387829746423926,1
trec-covid-chrono-r3,3,dibud,1,0.12546870099995516,0.22944948694565284,0
trec-covid-chrono-r3,3,dibud,64,0.12546870099995516,0.22944948694565284,0
trec-covid-chrono-r3,30,balanced,1,0.5503622559638581,0.5503622559638581,1
trec-covid-chrono-r3,30,balanced,64,0.5503622559638581,0.5503622559638581,1
trec-covid-chrono-r3,30,dibud,1,0.5855799231424601,0.5880854842495853,0
trec-covid-chrono-r3,30,dibud,64,0.5672902824817273,0.5697958435888525,0
trec-covid-chrono-r3,4,balanced,1,0.07479345503564865,0.07479345503564865,1
trec-covid-chrono-r3,4,balanced,64,0.07479345503564865,0.07479345503564865,1
trec-covid-chrono-r3,4,dibud,1,0.08115506917851219,0.18889419678489774,0
trec-covid-chrono-r3,4,dibud,64,0.0779742621070804,0.18571338971346596,0
trec-covid-chrono-r3,5,balanced,1,0.2864283474283665,0.2864283474283665,1
trec-covid-chrono-r3,5,balanced,64,0.2864283474283665,0.2864283474283665,1
trec-covid-chrono-r3,5,dibud,1,0.2904043562676562,0.35429616449935,0
trec-covid-chrono-r3,5,dibud,64,0.28960915449979824,0.35350096273149195,0
trec-covid-chrono-r3,6,balanced,1,0.1055886568035066,0.1055886568035066,1
trec-covid-chrono-r3,6,balanced,64,0.1055886568035066,0.1055886568035066,1
trec-covid-chrono-r3,6,dibud,1,0.10797426210708042,0.12696378171382458,0
trec-covid-chrono-r3,6,dibud,64,0.10717906033922246,0.12616857994596664,0
trec-covid-chrono-r3,7,balanced,1,0.27557118948141357,0.27557118948141357,1
trec-covid-chrono-r3,7,balanced,64,0.27557118948141357,0.27557118948141357,1
trec-covid-chrono-r3,7,dibud,1,0.29465603191000417,0.29465603191000417,1
trec-covid-chrono-r3,7,dibud,64,0.29465603191000417,0.29465603191000417,1
trec-covid-chrono-r3,8,balanced,1,0.07592627978565984,0.07592627978565984,1
trec-covid-chrono-r3,8,balanced,64,0.07592627978565984,0.07592627978565984,1
trec-covid-chrono-r3,8,dibud,1,0.07751668332137572,0.18650859148132387,0
trec-covid-chrono-r3,8,dibud,64,0.07751668332137572,0.18650859148132387,0
trec-covid-chrono-r3,9,balanced,1,0.17708134896417202,0.17708134896417202,1
trec-covid-chrono-r3,9,balanced,64,0.17708134896417202,0.17708134896417202,1
trec-covid-chrono-r3,9,dibud,1,0.1802621560356038,0.26920957533855,0
trec-covid-chrono-r3,9,dibud,64,0.1786717524998879,0.26761917180283407,0
trec-covid-chrono-r4,1,balanced,1,0.0762750249820636,0.0762750249820636,1
trec-covid-chrono-r4,1,balanced,64,0.0762750249820636,0.0762750249820636,1
trec-covid-chrono-r4,1,dibud,1,0.07945583205349536,0.09867414105309188,0
trec-covid-chrono-r4,1,dibud,64,0.07786542851777949,0.097083737517376,0
trec-covid-chrono-r4,10,balanced,1,0.2583341295177346,0.2583341295177346,1
trec-covid-chrono-r4,10,balanced,64,0.2583341295177346,0.2583341295177346,1
trec-covid-chrono-r4,10,dibud,1,0.26787655073203,0.34554894505291256,0
trec-covid-chrono-r4,10,dibud,64,0.26787655073203,0.34554894505291256,0
trec-covid-chrono-r4,11,balanced,1,0.2426588835534281,0.2426588835534281,1
trec-covid-chrono-r4,11,balanced,64,0.2426588835534281,0.2426588835534281,1
trec-covid-chrono-r4,11,dibud,1,0.26833412951773467,0.3447537432850546,0
trec-covid-chrono-r4,11,dibud,64,0.26276771714272906,0.339187330910049,0
trec-covid-chrono-r4,12,balanced,1,0.08832300730348416,0.08832300730348416,1
trec-covid-chrono-r4,12,balanced,64,0.08832300730348416,0.08832300730348416,1
trec-covid-chrono-r4,12,dibud,1,0.09309421791063183,0.09309421791063183,1
trec-covid-chrono-r4,12,dibud,64,0.09150381437491593,0.09150381437491593,1
trec-covid-chrono-r4,13,balanced,1,0.2517437259820188,0.2517437259820188,1
trec-covid-chrono-r4,13,balanced,64,0.2517437259820188,0.2517437259820188,1
trec-covid-chrono-r4,13,dibud,1,0.2648156994641496,0.33998253267790696,0
trec-covid-chrono-r4,13,dibud,64,0.2616348923927179,0.33680172560647526,0
trec-covid-chrono-r4,14,balanced,1,0.29686368178557015,0.29686368178557015,1
trec-covid-chrono-r4,14,balanced,64,0.29686368178557015,0.29686368178557015,1
trec-covid-chrono-r4,14,dibud,1,0.30720130476772345,0.3773570157672303,0
trec-covid-chrono-r4,14,dibud,64,0.3048156994641496,0.37497141046365645,0
trec-covid-chrono-r4,15,balanced,1,0.022843184089278507,0.022843184089278507,1
trec-covid-chrono-r4,15,balanced,64,0.022843184089278507,0.022843184089278507,1
trec-covid-chrono-r4,15,dibud,1,0.022843184089278507,0.04503575519595544,0
trec-covid-chrono-r4,15,dibud,64,0.022843184089278507,0.04503575519595544,0
trec-covid-chrono-r4,16,balanced,1,0.0777343504999776,0.0777343504999776,1
trec-covid-chrono-r4,16,balanced,64,0.0777343504999776,0.0777343504999776,1
trec-covid-chrono-r4,16,dibud,1,0.07932475403569347,0.19207500385632953,0
trec-covid-chrono-r4,16,dibud,64,0.07932475403569347,0.19207500385632953,0
trec-covid-chrono-r4,17,balanced,1,0.10162377017846735,0.10162377017846735,1
trec-covid-chrono-r4,17,balanced,64,0.10162377017846735,0.10162377017846735,1
trec-covid-chrono-r4,17,dibud,1,0.10423816487489353,0.20320782860634073,0
trec-covid-chrono-r4,17,dibud,64,0.10423816487489353,0.20320782860634073,0
trec-covid-chrono-r4,18,balanced,1,0.10196139316062061,0.10196139316062061,1
trec-covid-chrono-r4,18,balanced,64,0.10196139316062061,0.10196139316062061,1
trec-covid-chrono-r4,18,dibud,1,0.11093740199991033,0.21115984628492013,0
trec-covid-chrono-r4,18,dibud,64,0.10934699846419445,0.20956944274920425,0
trec-covid-chrono-r4,19,balanced,1,0.2618748039998206,0.2618748039998206,1
trec-covid-chrono-r4,19,balanced,64,0.2618748039998206,0.2618748039998206,1
trec-covid-chrono-r4,19,dibud,1,0.2682364181426842,0.3383921291421911,0
trec-covid-chrono-r4,19,dibud,64,0.26664601460696824,0.33680172560647514,0
trec-covid-chrono-r4,2,balanced,1,0.1134207186785346,0.1134207186785346,1
trec-covid-chrono-r4,2,balanced,64,0.1134207186785346,0.1134207186785346,1
trec-covid-chrono-r4,2,dibud,1,0.11660152574996636,0.1360486241424152,0
trec-covid-chrono-r4,2,dibud,64,0.11501112221425049,0.13445822060669935,0
trec-covid-chrono-r4,20,balanced,1,0.549915799392404,0.549915799392404,1
trec-covid-chrono-r4,20,balanced,64,0.549915799392404,0.549915799392404,1
trec-covid-chrono-r4,20,dibud,1,0.60557992314246,0.60557992314246,1
trec-covid-chrono-r4,20,dibud,64,0.6039895196067442,0.6039895196067442,1
trec-covid-chrono-r4,21,balanced,1,0.1886717524998879,0.1886717524998879,1
trec-covid-chrono-r4,21,balanced,64,0.1886717524998879,0.1886717524998879,1
trec-covid-chrono-r4,21,dibud,1,0.19821417371418323,0.2859088124635668,0
trec-covid-chrono-r4,21,dibud,64,0.1918525595713197,0.2795471983207033,0
trec-covid-chrono-r4,22,balanced,1,0.2805243120712076,0.2805243120712076,1
trec-covid-chrono-r4,22,balanced,64,0.2805243120712076,0.2805243120712076,1
trec-covid-chrono-r4,22,dibud,1,0.2975611721783777,0.309229431213847,0
trec-covid-chrono-r4,22,dibud,64,0.2916571368212188,0.3030966064638358,0
trec-covid-chrono-r4,23,balanced,1,0.12368287471413841,0.12368287471413841,1
trec-covid-chrono-r4,23,balanced,64,0.12368287471413841,0.12368287471413841,1
trec-covid-chrono-r4,23,dibud,1,0.14255004996412718,0.23024468871351078,0
trec-covid-chrono-r4,23,dibud,64,0.13936924289269542,0.227063881642079,0
trec-covid-chrono-r4,24,balanced,1,0.23057992314246004,0.23057992314246004,1
trec-covid-chrono-r4,24,balanced,64,0.23057992314246004,0.23057992314246004,1
trec-covid-chrono-r4,24,dibud,1,0.25545996733890863,0.26392517487444517,0
trec-covid-chrono-r4,24,dibud,64,0.2538695638031927,0.2623347713387293,0
trec-covid-chrono-r4,25,balanced,1,0.22098189085691228,0.22098189085691228,1
trec-covid-chrono-r4,25,balanced,64,0.22098189085691228,0.22098189085691228,1
trec-covid-chrono-r4,25,dibud,1,0.26374960799964137,0.2724436049280303,0
trec-covid-chrono-r4,25,dibud,64,0.26374960799964137,0.2724436049280303,0
trec-covid-chrono-r4,26,balanced,1,0.046601525749966365,0.046601525749966365,1
trec-covid-chrono-r4,26,balanced,64,0.046601525749966365,0.046601525749966365,1
trec-covid-chrono-r4,26,dibud,1,0.04978233282139814,0.16503814374915943,0
trec-covid-chrono-r4,26,dibud,64,0.04978233282139814,0.16503814374915943,0
trec-covid-chrono-r4,27,balanced,1,0.07379170830343933,0.07379170830343933,1
trec-covid-chrono-r4,27,balanced,64,0.07379170830343933,0.07379170830343933,1
trec-covid-chrono-r4,27,dibud,1,0.09562202344625804,0.11232364912447883,0
trec-covid-chrono-r4,27,dibud,64,0.09403161991054215,0.11073324558876294,0
trec-covid-chrono-r4,28,balanced,1,0.36938275366014983,0.36938275366014983,1
trec-covid-chrono-r4,28,balanced,64,0.36938275366014983,0.36938275366014983,1
trec-covid-chrono-r4,28,dibud,1,0.3773347713387293,0.38610423521366766,0
trec-covid-chrono-r4,28,dibud,64,0.3757443678030134,0.3845138316779517,0
trec-covid-chrono-r4,29,balanced,1,0.4871814488924264,0.4871814488924264,1
trec-covid-chrono-r4,29,balanced,64,0.4871814488924264,0.4871814488924264,1
trec-covid-chrono-r4,29,dibud,1,0.5046758877853011,0.5065062029281199,0
trec-covid-chrono-r4,29,dibud,64,0.49672387010672175,0.4985541852495405,0
trec-covid-chrono-r4,3,balanced,1,0.11626390276781312,0.11626390276781312,1
trec-covid-chrono-r4,3,balanced,64,0.11626390276781312,0.11626390276781312,1
trec-covid-chrono-r4,3,dibud,1,0.11626390276781312,0.22149746926707342,0
trec-covid-chrono-r4,3,dibud,64,0.11626390276781312,0.22149746926707342,0
trec-covid-chrono-r4,30,balanced,1,0.6453400115353571,0.6453400115353571,1
trec-covid-chrono-r4,30,balanced,64,0.6453400115353571,0.6453400115353571,1
trec-covid-chrono-r4,30,dibud,1,0.7121369600354245,0.7121369600354245,1
trec-covid-chrono-r4,30,dibud,64,0.704184942356845,0.704184942356845,1
trec-covid-chrono-r4,4,balanced,1,0.07049094542845614,0.07049094542845614,1
trec-covid-chrono-r4,4,balanced,64,0.07049094542845614,0.07049094542845614,1
trec-covid-chrono-r4,4,dibud,1,0.07628614719631409,0.1777613720348865,0
trec-covid-chrono-r4,4,dibud,64,0.07628614719631409,0.1777613720348865,0
trec-covid-chrono-r4,5,balanced,1,0.2378987951605309,0.2378987951605309,1
trec-covid-chrono-r4,5,balanced,64,0.2378987951605309,0.2378987951605309,1
trec-covid-chrono-r4,5,dibud,1,0.24426040930339446,0.3169216814100266,0
trec-covid-chrono-r4,5,dibud,64,0.24107960223196268,0.3137408743385948,0
trec-covid-chrono-r4,6,balanced,1,0.1254687009999552,0.1254687009999552,1
trec-covid-chrono-r4,6,balanced,64,0.1254687009999552,0.1254687009999552,1
trec-covid-chrono-r4,6,dibud,1,0.13023991160710283,0.23422069755280048,0
trec-covid-chrono-r4,6,dibud,64,0.13023991160710283,0.23422069755280048,0
trec-covid-chrono-r4,7,balanced,1,0.22880283051768982,0.22880283051768982,1
trec-covid-chrono-r4,7,balanced,64,0.22880283051768982,0.22880283051768982,1
trec-covid-chrono-r4,7,dibud,1,0.24891166410699073,0.32407849732074806,0
trec-covid-chrono-r4,7,dibud,64,0.24891166410699073,0.32407849732074806,0
trec-covid-chrono-r4,8,balanced,1,0.0735517966963365,0.0735517966963365,1
trec-covid-chrono-r4,8,balanced,64,0.0735517966963365,0.0735517966963365,1
trec-covid-chrono-r4,8,dibud,1,0.08150381437491594,0.10049333398166012,0
trec-covid-chrono-r4,8,dibud,64,0.08150381437491594,0.10049333398166012,0
trec-covid-chrono-r4,9,balanced,1,0.13345408532128605,0.13345408532128605,1
trec-covid-chrono-r4,9,balanced,64,0.13345408532128605,0.13345408532128605,1
trec-covid-chrono-r4,9,dibud,1,0.13765888355342812,0.1532165622673872,0
trec-covid-chrono-r4,9,dibud,64,0.13765888355342812,0.1532165622673872,0
trec-covid-chrono-r5,1,balanced,1,0.07616619139276268,0.07616619139276268,1
trec-covid-chrono-r5,1,balanced,64,0.07616619139276268,0.07616619139276268,1
trec-covid-chrono-r5,1,dibud,1,0.08093740199991034,0.184918187945608,0
trec-covid-chrono-r5,1,dibud,64,0.08093740199991034,0.184918187945608,0
trec-covid-chrono-r5,10,balanced,1,0.2372013047677234,0.2372013047677234,1
trec-covid-chrono-r5,10,balanced,64,0.2372013047677234,0.2372013047677234,1
trec-covid-chrono-r5,10,dibud,1,0.24833412951773462,0.3272593043921799,0
trec-covid-chrono-r5,10,dibud,64,0.24356291891058698,0.3224880937850322,0
trec-covid-chrono-r5,11,balanced,1,0.2118414373570692,0.2118414373570692,1
trec-covid-chrono-r5,11,balanced,64,0.2118414373570692,0.2118414373570692,1
trec-covid-chrono-r5,11,dibud,1,0.2208174461963589,0.30976486549930515,0
trec-covid-chrono-r5,11,dibud,64,0.21445583205349536,0.3034032513564416,0
trec-covid-chrono-r5,12,balanced,1,0.07821417371418324,0.07821417371418324,1
trec-covid-chrono-r5,12,balanced,64,0.07821417371418324,0.07821417371418324,1
trec-covid-chrono-r5,12,dibud,1,0.07821417371418324,0.09697490392807508,0
trec-covid-chrono-r5,12,dibud,64,0.07821417371418324,0.09697490392807508,0
trec-covid-chrono-r5,13,balanced,1,0.2579742621070804,0.2579742621070804,1
trec-covid-chrono-r5,13,balanced,64,0.2579742621070804,0.2579742621070804,1
trec-covid-chrono-r5,13,dibud,1,0.2579742621070804,0.3431633397493387,0
trec-covid-chrono-r5,13,dibud,64,0.2579742621070804,0.3431633397493387,0
trec-covid-chrono-r5,14,balanced,1,0.24035986741065424,0.24035986741065424,1
trec-covid-chrono-r5,14,balanced,64,0.24035986741065424,0.24035986741065424,1
trec-covid-chrono-r5,14,dibud,1,0.2475166833213757,0.33521132207075927,0
trec-covid-chrono-r5,14,dibud,64,0.24354067448208597,0.33123531323146954,0
trec-covid-chrono-r5,15,balanced,1,0.02,0.02,1
trec-covid-chrono-r5,15,balanced,64,0.02,0.02,1
trec-covid-chrono-r5,15,dibud,1,0.02,0.14277249424913702,0
trec-covid-chrono-r5,15,dibud,64,0.02,0.14277249424913702,0
trec-covid-chrono-r5,16,balanced,1,0.08673260376776828,0.08673260376776828,1
trec-covid-chrono-r5,16,balanced,64,0.08673260376776828,0.08673260376776828,1
trec-covid-chrono-r5,16,dibud,1,0.0918525595713197,0.19207500385632953,0
trec-covid-chrono-r5,16,dibud,64,0.0918525595713197,0.19207500385632953,0
trec-covid-chrono-r5,17,balanced,1,0.08515332244630287,0.08515332244630287,1
trec-covid-chrono-r5,17,balanced,64,0.08515332244630287,0.08515332244630287,1
trec-covid-chrono-r5,17,dibud,1,0.08833412951773464,0.18730379324918184,0
trec-covid-chrono-r5,17,dibud,64,0.08833412951773464,0.18730379324918184,0
trec-covid-chrono-r5,18,balanced,1,0.09356291891058699,0.09356291891058699,1
trec-covid-chrono-r5,18,balanced,64,0.09356291891058699,0.09356291891058699,1
trec-covid-chrono-r5,18,dibud,1,0.0942381648748935,0.19446060915990332,0
trec-covid-chrono-r5,18,dibud,64,0.0942381648748935,0.19446060915990332,0
trec-covid-chrono-r5,19,balanced,1,0.2817993370532712,0.2817993370532712,1
trec-covid-chrono-r5,19,balanced,64,0.2817993370532712,0.2817993370532712,1
trec-covid-chrono-r5,19,dibud,1,0.33110184666046366,0.38371862991009387,0
trec-covid-chrono-r5,19,dibud,64,0.32951144312474784,0.38212822637437804,0
trec-covid-chrono-r5,2,balanced,1,0.12774547271422806,0.12774547271422806,1
trec-covid-chrono-r5,2,balanced,64,0.12774547271422806,0.12774547271422806,1
trec-covid-chrono-r5,2,dibud,1,0.12933587624994394,0.14786781707098345,0
trec-covid-chrono-r5,2,dibud,64,0.12774547271422806,0.14627741353526758,0
trec-covid-chrono-r5,20,balanced,1,0.506974903928075,0.506974903928075,1
trec-covid-chrono-r5,20,balanced,64,0.506974903928075,0.506974903928075,1
trec-covid-chrono-r5,20,dibud,1,0.5165173251423704,0.5165173251423704,1
trec-covid-chrono-r5,20,dibud,64,0.5117461145352227,0.5117461145352227,1
trec-covid-chrono-r5,21,balanced,1,0.19445583205349537,0.19445583205349537,1
trec-covid-chrono-r5,21,balanced,64,0.19445583205349537,0.19445583205349537,1
trec-covid-chrono-r5,21,dibud,1,0.20445583205349535,0.29465603191000417,0
trec-covid-chrono-r5,21,dibud,64,0.2028654285177795,0.2930656283742883,0
trec-covid-chrono-r5,22,balanced,1,0.20277883935697955,0.20277883935697955,1
trec-covid-chrono-r5,22,balanced,64,0.20277883935697955,0.20277883935697955,1
trec-covid-chrono-r5,22,dibud,1,0.2068748039998207,0.21991579939240402,0
trec-covid-chrono-r5,22,dibud,64,0.2068748039998207,0.21991579939240402,0
trec-covid-chrono-r5,23,balanced,1,0.10753892774987671,0.10753892774987671,1
trec-covid-chrono-r5,23,balanced,64,0.10753892774987671,0.10753892774987671,1
trec-covid-chrono-r5,23,dibud,1,0.11708134896417202,0.13469813221380217,0
trec-covid-chrono-r5,23,dibud,64,0.11549094542845614,0.1331077286780863,0
trec-covid-chrono-r5,24,balanced,1,0.1303821118391552,0.1303821118391552,1
trec-covid-chrono-r5,24,balanced,64,0.1303821118391552,0.1303821118391552,1
trec-covid-chrono-r5,24,dibud,1,0.14334525173198512,0.23103989048136875,0
trec-covid-chrono-r5,24,dibud,64,0.14175484819626927,0.22944948694565284,0
trec-covid-chrono-r5,25,balanced,1,0.23505561107125245,0.23505561107125245,1
trec-covid-chrono-r5,25,balanced,64,0.23505561107125245,0.23505561107125245,1
trec-covid-chrono-r5,25,dibud,1,0.24777883935697947,0.3216928920171742,0
trec-covid-chrono-r5,25,dibud,64,0.241417225214116,0.31533127787431076,0
trec-covid-chrono-r5,26,balanced,1,0.05785430630352899,0.05785430630352899,1
trec-covid-chrono-r5,26,balanced,64,0.05785430630352899,0.05785430630352899,1
trec-covid-chrono-r5,26,dibud,1,0.05944470983924489,0.08003575519595543,0
trec-covid-chrono-r5,26,dibud,64,0.05944470983924489,0.08003575519595543,0
trec-covid-chrono-r5,27,balanced,1,0.054553543428545806,0.054553543428545806,1
trec-covid-chrono-r5,27,balanced,64,0.054553543428545806,0.054553543428545806,1
trec-covid-chrono-r5,27,dibud,1,0.056143946964261685,0.17139975789202297,0
trec-covid-chrono-r5,27,dibud,64,0.056143946964261685,0.17139975789202297,0
trec-covid-chrono-r5,28,balanced,1,0.26682397003497615,0.26682397003497615,1
trec-covid-chrono-r5,28,balanced,64,0.26682397003497615,0.26682397003497615,1
trec-covid-chrono-r5,28,dibud,1,0.3272593043921799,0.3272593043921799,1
trec-covid-chrono-r5,28,dibud,64,0.29386083014214626,0.29386083014214626,1
trec-covid-chrono-r5,29,balanced,1,0.4672148155351779,0.4672148155351779,1
trec-covid-chrono-r5,29,balanced,64,0.4672148155351779,0.4672148155351779,1
trec-covid-chrono-r5,29,dibud,1,0.5014084915530693,0.5014084915530693,1
trec-covid-chrono-r5,29,dibud,64,0.48948046503520026,0.48948046503520026,1
trec-covid-chrono-r5,3,balanced,1,0.10228789392852339,0.10228789392852339,1
trec-covid-chrono-r5,3,balanced,64,0.10228789392852339,0.10228789392852339,1
trec-covid-chrono-r5,3,dibud,1,0.10387829746423925,0.2103646445170622,0
trec-covid-chrono-r5,3,dibud,64,0.10387829746423925,0.2103646445170622,0
trec-covid-chrono-r5,30,balanced,1,0.6270503708746245,0.6270503708746245,1
trec-covid-chrono-r5,30,balanced,64,0.6270503708746245,0.6270503708746245,1
trec-covid-chrono-r5,30,dibud,1,0.6445448097674992,0.6445448097674992,1
trec-covid-chrono-r5,30,dibud,64,0.6429544062317833,0.6429544062317833,1
trec-covid-chrono-r5,4,balanced,1,0.04105735780346175,0.04105735780346175,1
trec-covid-chrono-r5,4,balanced,64,0.04105735780346175,0.04105735780346175,1
trec-covid-chrono-r5,4,dibud,1,0.05744121637482628,0.15390531899914822,0
trec-covid-chrono-r5,4,dibud,64,0.05744121637482628,0.07505799962445642,0
trec-covid-chrono-r5,5,balanced,1,0.2048490661069011,0.2048490661069011,1
trec-covid-chrono-r5,5,balanced,64,0.2048490661069011,0.2048490661069011,1
trec-covid-chrono-r5,5,dibud,1,0.24245233858907675,0.311355269035021,0
trec-covid-chrono-r5,5,dibud,64,0.23768112798192906,0.30658405842787334,0
trec-covid-chrono-r5,6,balanced,1,0.1345646656427963,0.1345646656427963,1
trec-covid-chrono-r5,6,balanced,64,0.1345646656427963,0.1345646656427963,1
trec-covid-chrono-r5,6,dibud,1,0.13774547271422807,0.13774547271422807,1
trec-covid-chrono-r5,6,dibud,64,0.1361550691785122,0.1361550691785122,1
trec-covid-chrono-r5,7,balanced,1,0.24395615296399273,0.24395615296399273,1
trec-covid-chrono-r5,7,balanced,64,0.24395615296399273,0.24395615296399273,1
trec-covid-chrono-r5,7,dibud,1,0.2861352133032152,0.3312353132314696,0
trec-covid-chrono-r5,7,dibud,64,0.28454480976749924,0.32964490969575366,0
trec-covid-chrono-r5,8,balanced,1,0.07956466564279631,0.07956466564279631,1
trec-covid-chrono-r5,8,balanced,64,0.07956466564279631,0.07956466564279631,1
trec-covid-chrono-r5,8,dibud,1,0.07956466564279631,0.18730379324918184,0
trec-covid-chrono-r5,8,dibud,64,0.07956466564279631,0.18730379324918184,0
trec-covid-chrono-r5,9,balanced,1,0.12081744619635891,0.12081744619635891,1
trec-covid-chrono-r5,9,balanced,64,0.12081744619635891,0.12081744619635891,1
trec-covid-chrono-r5,9,dibud,1,0.1255886568035066,0.227063881642079,0
trec-covid-chrono-r5,9,dibud,64,0.1224078497320748,0.22388307457064724,0
